export CUDA_VISIBLE_DEVICES=0,1
Disabled distributed training.
2025-06-22 13:38:58,348 - INFO - Set [pretrain_model_G] to /workspace/EditGuard-V1/experiments/train_ibsn_bit_64/models/75000_G.pth
25-06-22 13:38:58.349 - INFO:   name: train_ibsn_bit_64
  use_tb_logger: True
  model: MIMO-VRN-h
  distortion: sr
  scale: 4
  gpu_ids: [0, 1]
  gop: 1
  num_image: 1
  addnoise: False
  noisesigma: 0.05
  addjpeg: False
  jpegfactor: 90
  addpossion: False
  addblur: False
  addcolorjitter: False
  sdinpaint: False
  controlnetinpaint: False
  sdxl: False
  repaint: False
  sdprompt: False
  sdxlprompt: False
  faceswap: False
  hide: True
  bithide: True
  degrade_shuffle: True
  prompt: True
  prompt_len: 3
  message_length: 64
  losstype: mse
  mode: bit
  datasets:[
    train:[
      name: Vimeo90K
      mode: train
      interval_list: [1]
      random_reverse: False
      border_mode: False
      data_path: ../dataset/COCO-30000-images
      txt_path: ../dataset/COCO-30000-images.txt
      dataroot_LQ: /root/vimeo90k/vimeo90k_train_LR7frames.lmdb
      cache_keys: Vimeo90K_train_keys.pkl
      num_image: 1
      N_frames: 7
      use_shuffle: True
      n_workers: 24
      batch_size: 4
      GT_size: 400
      LQ_size: 36
      use_flip: True
      use_rot: True
      color: RGB
      phase: train
      scale: 4
      data_type: lmdb
    ]
    val:[
      num_image: 1
      name: Vid4
      mode: test
      data_path: ../dataset/valAGE-Set
      txt_path: ../dataset/sep_vallist.txt
      N_frames: 1
      padding: new_info
      pred_interval: -1
      phase: val
      scale: 4
      data_type: img
    ]
  ]
  network_G:[
    which_model_G:[
      subnet_type: DBNet
    ]
    in_nc: 12
    out_nc: 12
    block_num: [6, 6]
    scale: 4
    init: xavier_group
    block_num_rbm: 8
    block_num_trans: 4
  ]
  path:[
    pretrain_model_G: /workspace/EditGuard-V1/experiments/train_ibsn_bit_64/models/75000_G.pth
    models: /workspace/EditGuard-V1/experiments/train_ibsn_bit_64/models
    strict_load: True
    resume_state: /workspace/EditGuard-V1/experiments/train_ibsn_bit_64/training_state/75000.state
    root: /workspace/EditGuard-V1
    experiments_root: /workspace/EditGuard-V1/experiments/train_ibsn_bit_64
    training_state: /workspace/EditGuard-V1/experiments/train_ibsn_bit_64/training_state
    log: /workspace/EditGuard-V1/experiments/train_ibsn_bit_64
    val_images: /workspace/EditGuard-V1/experiments/train_ibsn_bit_64/val_images
  ]
  train:[
    lr_G: 0.0001
    beta1: 0.9
    beta2: 0.5
    niter: 90000
    warmup_iter: -1
    lr_scheme: MultiStepLR
    lr_steps: [30000, 100000, 250000]
    lr_gamma: 0.5
    pixel_criterion_forw: l2
    pixel_criterion_back: l1
    manual_seed: 10
    val_freq: 500.0
    lambda_fit_forw: 1.0
    lambda_rec_back: 1
    lambda_center: 0
    lambda_msg: 100.0
    progressive: False
    weight_decay_G: 1e-12
    gradient_clipping: 10
  ]
  logger:[
    print_freq: 100
    save_checkpoint_freq: 1000.0
  ]
  is_train: True
  dist: False

2025-06-22 13:38:58,349 - INFO -   name: train_ibsn_bit_64
  use_tb_logger: True
  model: MIMO-VRN-h
  distortion: sr
  scale: 4
  gpu_ids: [0, 1]
  gop: 1
  num_image: 1
  addnoise: False
  noisesigma: 0.05
  addjpeg: False
  jpegfactor: 90
  addpossion: False
  addblur: False
  addcolorjitter: False
  sdinpaint: False
  controlnetinpaint: False
  sdxl: False
  repaint: False
  sdprompt: False
  sdxlprompt: False
  faceswap: False
  hide: True
  bithide: True
  degrade_shuffle: True
  prompt: True
  prompt_len: 3
  message_length: 64
  losstype: mse
  mode: bit
  datasets:[
    train:[
      name: Vimeo90K
      mode: train
      interval_list: [1]
      random_reverse: False
      border_mode: False
      data_path: ../dataset/COCO-30000-images
      txt_path: ../dataset/COCO-30000-images.txt
      dataroot_LQ: /root/vimeo90k/vimeo90k_train_LR7frames.lmdb
      cache_keys: Vimeo90K_train_keys.pkl
      num_image: 1
      N_frames: 7
      use_shuffle: True
      n_workers: 24
      batch_size: 4
      GT_size: 400
      LQ_size: 36
      use_flip: True
      use_rot: True
      color: RGB
      phase: train
      scale: 4
      data_type: lmdb
    ]
    val:[
      num_image: 1
      name: Vid4
      mode: test
      data_path: ../dataset/valAGE-Set
      txt_path: ../dataset/sep_vallist.txt
      N_frames: 1
      padding: new_info
      pred_interval: -1
      phase: val
      scale: 4
      data_type: img
    ]
  ]
  network_G:[
    which_model_G:[
      subnet_type: DBNet
    ]
    in_nc: 12
    out_nc: 12
    block_num: [6, 6]
    scale: 4
    init: xavier_group
    block_num_rbm: 8
    block_num_trans: 4
  ]
  path:[
    pretrain_model_G: /workspace/EditGuard-V1/experiments/train_ibsn_bit_64/models/75000_G.pth
    models: /workspace/EditGuard-V1/experiments/train_ibsn_bit_64/models
    strict_load: True
    resume_state: /workspace/EditGuard-V1/experiments/train_ibsn_bit_64/training_state/75000.state
    root: /workspace/EditGuard-V1
    experiments_root: /workspace/EditGuard-V1/experiments/train_ibsn_bit_64
    training_state: /workspace/EditGuard-V1/experiments/train_ibsn_bit_64/training_state
    log: /workspace/EditGuard-V1/experiments/train_ibsn_bit_64
    val_images: /workspace/EditGuard-V1/experiments/train_ibsn_bit_64/val_images
  ]
  train:[
    lr_G: 0.0001
    beta1: 0.9
    beta2: 0.5
    niter: 90000
    warmup_iter: -1
    lr_scheme: MultiStepLR
    lr_steps: [30000, 100000, 250000]
    lr_gamma: 0.5
    pixel_criterion_forw: l2
    pixel_criterion_back: l1
    manual_seed: 10
    val_freq: 500.0
    lambda_fit_forw: 1.0
    lambda_rec_back: 1
    lambda_center: 0
    lambda_msg: 100.0
    progressive: False
    weight_decay_G: 1e-12
    gradient_clipping: 10
  ]
  logger:[
    print_freq: 100
    save_checkpoint_freq: 1000.0
  ]
  is_train: True
  dist: False

25-06-22 13:38:58.413 - INFO: Random seed: 10
2025-06-22 13:38:58,413 - INFO - Random seed: 10
train
25-06-22 13:38:58.421 - INFO: Temporal augmentation interval list: [1], with random reverse is False.
2025-06-22 13:38:58,421 - INFO - Temporal augmentation interval list: [1], with random reverse is False.
25-06-22 13:38:58.432 - INFO: Dataset [CoCoDataset - Vimeo90K] is created.
2025-06-22 13:38:58,432 - INFO - Dataset [CoCoDataset - Vimeo90K] is created.
25-06-22 13:38:58.432 - INFO: Number of train images: 30,000, iters: 7,500
2025-06-22 13:38:58,432 - INFO - Number of train images: 30,000, iters: 7,500
25-06-22 13:38:58.432 - INFO: Total epochs needed: 12 for iters 90,000
2025-06-22 13:38:58,432 - INFO - Total epochs needed: 12 for iters 90,000
test
25-06-22 13:38:58.433 - INFO: Dataset [imageTestDataset - Vid4] is created.
2025-06-22 13:38:58,433 - INFO - Dataset [imageTestDataset - Vid4] is created.
25-06-22 13:38:58.433 - INFO: Number of val images in [Vid4]: 100
2025-06-22 13:38:58,433 - INFO - Number of val images in [Vid4]: 100
SEAttention
SEAttention
SEAttention
SEAttention
SEAttention
SEAttention
SEAttention
SEAttention
SEAttention
SEAttention
SEAttention
SEAttention
25-06-22 13:38:59.637 - INFO: Network G structure: DataParallel - VSN, with parameters: 5,515,243
2025-06-22 13:38:59,637 - INFO - Network G structure: DataParallel - VSN, with parameters: 5,515,243
25-06-22 13:38:59.637 - INFO: VSN(
  (bitencoder): DW_Encoder(
    (conv1): ConvBlock(
      (layers): Sequential(
        (0): ConvINRelu(
          (layers): Sequential(
            (0): Conv2d(3, 16, kernel_size=(3, 3), stride=(1, 1), padding=(1, 1))
            (1): InstanceNorm2d(16, eps=1e-05, momentum=0.1, affine=False, track_running_stats=False)
            (2): ReLU(inplace=True)
          )
        )
        (1): ConvINRelu(
          (layers): Sequential(
            (0): Conv2d(16, 16, kernel_size=(3, 3), stride=(1, 1), padding=(1, 1))
            (1): InstanceNorm2d(16, eps=1e-05, momentum=0.1, affine=False, track_running_stats=False)
            (2): ReLU(inplace=True)
          )
        )
      )
    )
    (down1): Down(
      (layer): Sequential(
        (0): ConvBlock(
          (layers): Sequential(
            (0): ConvINRelu(
              (layers): Sequential(
                (0): Conv2d(16, 16, kernel_size=(3, 3), stride=(2, 2), padding=(1, 1))
                (1): InstanceNorm2d(16, eps=1e-05, momentum=0.1, affine=False, track_running_stats=False)
                (2): ReLU(inplace=True)
              )
            )
          )
        )
        (1): ConvBlock(
          (layers): Sequential(
            (0): ConvINRelu(
              (layers): Sequential(
                (0): Conv2d(16, 32, kernel_size=(3, 3), stride=(1, 1), padding=(1, 1))
                (1): InstanceNorm2d(32, eps=1e-05, momentum=0.1, affine=False, track_running_stats=False)
                (2): ReLU(inplace=True)
              )
            )
            (1): ConvINRelu(
              (layers): Sequential(
                (0): Conv2d(32, 32, kernel_size=(3, 3), stride=(1, 1), padding=(1, 1))
                (1): InstanceNorm2d(32, eps=1e-05, momentum=0.1, affine=False, track_running_stats=False)
                (2): ReLU(inplace=True)
              )
            )
          )
        )
      )
    )
    (down2): Down(
      (layer): Sequential(
        (0): ConvBlock(
          (layers): Sequential(
            (0): ConvINRelu(
              (layers): Sequential(
                (0): Conv2d(32, 32, kernel_size=(3, 3), stride=(2, 2), padding=(1, 1))
                (1): InstanceNorm2d(32, eps=1e-05, momentum=0.1, affine=False, track_running_stats=False)
                (2): ReLU(inplace=True)
              )
            )
          )
        )
        (1): ConvBlock(
          (layers): Sequential(
            (0): ConvINRelu(
              (layers): Sequential(
                (0): Conv2d(32, 64, kernel_size=(3, 3), stride=(1, 1), padding=(1, 1))
                (1): InstanceNorm2d(64, eps=1e-05, momentum=0.1, affine=False, track_running_stats=False)
                (2): ReLU(inplace=True)
              )
            )
            (1): ConvINRelu(
              (layers): Sequential(
                (0): Conv2d(64, 64, kernel_size=(3, 3), stride=(1, 1), padding=(1, 1))
                (1): InstanceNorm2d(64, eps=1e-05, momentum=0.1, affine=False, track_running_stats=False)
                (2): ReLU(inplace=True)
              )
            )
          )
        )
      )
    )
    (down3): Down(
      (layer): Sequential(
        (0): ConvBlock(
          (layers): Sequential(
            (0): ConvINRelu(
              (layers): Sequential(
                (0): Conv2d(64, 64, kernel_size=(3, 3), stride=(2, 2), padding=(1, 1))
                (1): InstanceNorm2d(64, eps=1e-05, momentum=0.1, affine=False, track_running_stats=False)
                (2): ReLU(inplace=True)
              )
            )
          )
        )
        (1): ConvBlock(
          (layers): Sequential(
            (0): ConvINRelu(
              (layers): Sequential(
                (0): Conv2d(64, 128, kernel_size=(3, 3), stride=(1, 1), padding=(1, 1))
                (1): InstanceNorm2d(128, eps=1e-05, momentum=0.1, affine=False, track_running_stats=False)
                (2): ReLU(inplace=True)
              )
            )
            (1): ConvINRelu(
              (layers): Sequential(
                (0): Conv2d(128, 128, kernel_size=(3, 3), stride=(1, 1), padding=(1, 1))
                (1): InstanceNorm2d(128, eps=1e-05, momentum=0.1, affine=False, track_running_stats=False)
                (2): ReLU(inplace=True)
              )
            )
          )
        )
      )
    )
    (up2): UP(
      (conv): ConvBlock(
        (layers): Sequential(
          (0): ConvINRelu(
            (layers): Sequential(
              (0): Conv2d(128, 64, kernel_size=(3, 3), stride=(1, 1), padding=(1, 1))
              (1): InstanceNorm2d(64, eps=1e-05, momentum=0.1, affine=False, track_running_stats=False)
              (2): ReLU(inplace=True)
            )
          )
        )
      )
    )
    (linear2): Linear(in_features=64, out_features=4096, bias=True)
    (Conv_message2): ConvBlock(
      (layers): Sequential(
        (0): ConvINRelu(
          (layers): Sequential(
            (0): Conv2d(1, 64, kernel_size=(3, 3), stride=(1, 1), padding=(1, 1))
            (1): InstanceNorm2d(64, eps=1e-05, momentum=0.1, affine=False, track_running_stats=False)
            (2): ReLU(inplace=True)
          )
        )
        (1): ConvINRelu(
          (layers): Sequential(
            (0): Conv2d(64, 64, kernel_size=(3, 3), stride=(1, 1), padding=(1, 1))
            (1): InstanceNorm2d(64, eps=1e-05, momentum=0.1, affine=False, track_running_stats=False)
            (2): ReLU(inplace=True)
          )
        )
      )
    )
    (att2): ResBlock(
      (layers): Sequential(
        (0): BottleneckBlock(
          (change): Sequential(
            (0): Conv2d(192, 64, kernel_size=(1, 1), stride=(1, 1), bias=False)
            (1): InstanceNorm2d(64, eps=1e-05, momentum=0.1, affine=False, track_running_stats=False)
          )
          (left): Sequential(
            (0): Conv2d(192, 64, kernel_size=(1, 1), stride=(1, 1), bias=False)
            (1): InstanceNorm2d(64, eps=1e-05, momentum=0.1, affine=False, track_running_stats=False)
            (2): ReLU(inplace=True)
            (3): Conv2d(64, 64, kernel_size=(3, 3), stride=(1, 1), padding=(1, 1), bias=False)
            (4): InstanceNorm2d(64, eps=1e-05, momentum=0.1, affine=False, track_running_stats=False)
            (5): ReLU(inplace=True)
            (6): Conv2d(64, 64, kernel_size=(1, 1), stride=(1, 1), bias=False)
            (7): InstanceNorm2d(64, eps=1e-05, momentum=0.1, affine=False, track_running_stats=False)
          )
          (attention): SEAttention(
            (se): Sequential(
              (0): AdaptiveAvgPool2d(output_size=(1, 1))
              (1): Conv2d(64, 8, kernel_size=(1, 1), stride=(1, 1), bias=False)
              (2): ReLU(inplace=True)
              (3): Conv2d(8, 64, kernel_size=(1, 1), stride=(1, 1), bias=False)
              (4): Sigmoid()
            )
          )
        )
        (1): BottleneckBlock(
          (left): Sequential(
            (0): Conv2d(64, 64, kernel_size=(1, 1), stride=(1, 1), bias=False)
            (1): InstanceNorm2d(64, eps=1e-05, momentum=0.1, affine=False, track_running_stats=False)
            (2): ReLU(inplace=True)
            (3): Conv2d(64, 64, kernel_size=(3, 3), stride=(1, 1), padding=(1, 1), bias=False)
            (4): InstanceNorm2d(64, eps=1e-05, momentum=0.1, affine=False, track_running_stats=False)
            (5): ReLU(inplace=True)
            (6): Conv2d(64, 64, kernel_size=(1, 1), stride=(1, 1), bias=False)
            (7): InstanceNorm2d(64, eps=1e-05, momentum=0.1, affine=False, track_running_stats=False)
          )
          (attention): SEAttention(
            (se): Sequential(
              (0): AdaptiveAvgPool2d(output_size=(1, 1))
              (1): Conv2d(64, 8, kernel_size=(1, 1), stride=(1, 1), bias=False)
              (2): ReLU(inplace=True)
              (3): Conv2d(8, 64, kernel_size=(1, 1), stride=(1, 1), bias=False)
              (4): Sigmoid()
            )
          )
        )
      )
    )
    (up1): UP(
      (conv): ConvBlock(
        (layers): Sequential(
          (0): ConvINRelu(
            (layers): Sequential(
              (0): Conv2d(64, 32, kernel_size=(3, 3), stride=(1, 1), padding=(1, 1))
              (1): InstanceNorm2d(32, eps=1e-05, momentum=0.1, affine=False, track_running_stats=False)
              (2): ReLU(inplace=True)
            )
          )
        )
      )
    )
    (linear1): Linear(in_features=64, out_features=4096, bias=True)
    (Conv_message1): ConvBlock(
      (layers): Sequential(
        (0): ConvINRelu(
          (layers): Sequential(
            (0): Conv2d(1, 64, kernel_size=(3, 3), stride=(1, 1), padding=(1, 1))
            (1): InstanceNorm2d(64, eps=1e-05, momentum=0.1, affine=False, track_running_stats=False)
            (2): ReLU(inplace=True)
          )
        )
        (1): ConvINRelu(
          (layers): Sequential(
            (0): Conv2d(64, 64, kernel_size=(3, 3), stride=(1, 1), padding=(1, 1))
            (1): InstanceNorm2d(64, eps=1e-05, momentum=0.1, affine=False, track_running_stats=False)
            (2): ReLU(inplace=True)
          )
        )
      )
    )
    (att1): ResBlock(
      (layers): Sequential(
        (0): BottleneckBlock(
          (change): Sequential(
            (0): Conv2d(128, 32, kernel_size=(1, 1), stride=(1, 1), bias=False)
            (1): InstanceNorm2d(32, eps=1e-05, momentum=0.1, affine=False, track_running_stats=False)
          )
          (left): Sequential(
            (0): Conv2d(128, 32, kernel_size=(1, 1), stride=(1, 1), bias=False)
            (1): InstanceNorm2d(32, eps=1e-05, momentum=0.1, affine=False, track_running_stats=False)
            (2): ReLU(inplace=True)
            (3): Conv2d(32, 32, kernel_size=(3, 3), stride=(1, 1), padding=(1, 1), bias=False)
            (4): InstanceNorm2d(32, eps=1e-05, momentum=0.1, affine=False, track_running_stats=False)
            (5): ReLU(inplace=True)
            (6): Conv2d(32, 32, kernel_size=(1, 1), stride=(1, 1), bias=False)
            (7): InstanceNorm2d(32, eps=1e-05, momentum=0.1, affine=False, track_running_stats=False)
          )
          (attention): SEAttention(
            (se): Sequential(
              (0): AdaptiveAvgPool2d(output_size=(1, 1))
              (1): Conv2d(32, 4, kernel_size=(1, 1), stride=(1, 1), bias=False)
              (2): ReLU(inplace=True)
              (3): Conv2d(4, 32, kernel_size=(1, 1), stride=(1, 1), bias=False)
              (4): Sigmoid()
            )
          )
        )
        (1): BottleneckBlock(
          (left): Sequential(
            (0): Conv2d(32, 32, kernel_size=(1, 1), stride=(1, 1), bias=False)
            (1): InstanceNorm2d(32, eps=1e-05, momentum=0.1, affine=False, track_running_stats=False)
            (2): ReLU(inplace=True)
            (3): Conv2d(32, 32, kernel_size=(3, 3), stride=(1, 1), padding=(1, 1), bias=False)
            (4): InstanceNorm2d(32, eps=1e-05, momentum=0.1, affine=False, track_running_stats=False)
            (5): ReLU(inplace=True)
            (6): Conv2d(32, 32, kernel_size=(1, 1), stride=(1, 1), bias=False)
            (7): InstanceNorm2d(32, eps=1e-05, momentum=0.1, affine=False, track_running_stats=False)
          )
          (attention): SEAttention(
            (se): Sequential(
              (0): AdaptiveAvgPool2d(output_size=(1, 1))
              (1): Conv2d(32, 4, kernel_size=(1, 1), stride=(1, 1), bias=False)
              (2): ReLU(inplace=True)
              (3): Conv2d(4, 32, kernel_size=(1, 1), stride=(1, 1), bias=False)
              (4): Sigmoid()
            )
          )
        )
      )
    )
    (up0): UP(
      (conv): ConvBlock(
        (layers): Sequential(
          (0): ConvINRelu(
            (layers): Sequential(
              (0): Conv2d(32, 16, kernel_size=(3, 3), stride=(1, 1), padding=(1, 1))
              (1): InstanceNorm2d(16, eps=1e-05, momentum=0.1, affine=False, track_running_stats=False)
              (2): ReLU(inplace=True)
            )
          )
        )
      )
    )
    (linear0): Linear(in_features=64, out_features=4096, bias=True)
    (Conv_message0): ConvBlock(
      (layers): Sequential(
        (0): ConvINRelu(
          (layers): Sequential(
            (0): Conv2d(1, 64, kernel_size=(3, 3), stride=(1, 1), padding=(1, 1))
            (1): InstanceNorm2d(64, eps=1e-05, momentum=0.1, affine=False, track_running_stats=False)
            (2): ReLU(inplace=True)
          )
        )
        (1): ConvINRelu(
          (layers): Sequential(
            (0): Conv2d(64, 64, kernel_size=(3, 3), stride=(1, 1), padding=(1, 1))
            (1): InstanceNorm2d(64, eps=1e-05, momentum=0.1, affine=False, track_running_stats=False)
            (2): ReLU(inplace=True)
          )
        )
      )
    )
    (att0): ResBlock(
      (layers): Sequential(
        (0): BottleneckBlock(
          (change): Sequential(
            (0): Conv2d(96, 16, kernel_size=(1, 1), stride=(1, 1), bias=False)
            (1): InstanceNorm2d(16, eps=1e-05, momentum=0.1, affine=False, track_running_stats=False)
          )
          (left): Sequential(
            (0): Conv2d(96, 16, kernel_size=(1, 1), stride=(1, 1), bias=False)
            (1): InstanceNorm2d(16, eps=1e-05, momentum=0.1, affine=False, track_running_stats=False)
            (2): ReLU(inplace=True)
            (3): Conv2d(16, 16, kernel_size=(3, 3), stride=(1, 1), padding=(1, 1), bias=False)
            (4): InstanceNorm2d(16, eps=1e-05, momentum=0.1, affine=False, track_running_stats=False)
            (5): ReLU(inplace=True)
            (6): Conv2d(16, 16, kernel_size=(1, 1), stride=(1, 1), bias=False)
            (7): InstanceNorm2d(16, eps=1e-05, momentum=0.1, affine=False, track_running_stats=False)
          )
          (attention): SEAttention(
            (se): Sequential(
              (0): AdaptiveAvgPool2d(output_size=(1, 1))
              (1): Conv2d(16, 2, kernel_size=(1, 1), stride=(1, 1), bias=False)
              (2): ReLU(inplace=True)
              (3): Conv2d(2, 16, kernel_size=(1, 1), stride=(1, 1), bias=False)
              (4): Sigmoid()
            )
          )
        )
        (1): BottleneckBlock(
          (left): Sequential(
            (0): Conv2d(16, 16, kernel_size=(1, 1), stride=(1, 1), bias=False)
            (1): InstanceNorm2d(16, eps=1e-05, momentum=0.1, affine=False, track_running_stats=False)
            (2): ReLU(inplace=True)
            (3): Conv2d(16, 16, kernel_size=(3, 3), stride=(1, 1), padding=(1, 1), bias=False)
            (4): InstanceNorm2d(16, eps=1e-05, momentum=0.1, affine=False, track_running_stats=False)
            (5): ReLU(inplace=True)
            (6): Conv2d(16, 16, kernel_size=(1, 1), stride=(1, 1), bias=False)
            (7): InstanceNorm2d(16, eps=1e-05, momentum=0.1, affine=False, track_running_stats=False)
          )
          (attention): SEAttention(
            (se): Sequential(
              (0): AdaptiveAvgPool2d(output_size=(1, 1))
              (1): Conv2d(16, 2, kernel_size=(1, 1), stride=(1, 1), bias=False)
              (2): ReLU(inplace=True)
              (3): Conv2d(2, 16, kernel_size=(1, 1), stride=(1, 1), bias=False)
              (4): Sigmoid()
            )
          )
        )
      )
    )
    (Conv_1x1): Conv2d(19, 3, kernel_size=(1, 1), stride=(1, 1))
  )
  (bitdecoder): DW_Decoder(
    (conv1): ConvBlock(
      (layers): Sequential(
        (0): ConvINRelu(
          (layers): Sequential(
            (0): Conv2d(3, 16, kernel_size=(3, 3), stride=(1, 1), padding=(1, 1))
            (1): InstanceNorm2d(16, eps=1e-05, momentum=0.1, affine=False, track_running_stats=False)
            (2): ReLU(inplace=True)
          )
        )
        (1): ConvINRelu(
          (layers): Sequential(
            (0): Conv2d(16, 16, kernel_size=(3, 3), stride=(1, 1), padding=(1, 1))
            (1): InstanceNorm2d(16, eps=1e-05, momentum=0.1, affine=False, track_running_stats=False)
            (2): ReLU(inplace=True)
          )
        )
      )
    )
    (down1): Down(
      (layer): Sequential(
        (0): ConvBlock(
          (layers): Sequential(
            (0): ConvINRelu(
              (layers): Sequential(
                (0): Conv2d(16, 16, kernel_size=(3, 3), stride=(2, 2), padding=(1, 1))
                (1): InstanceNorm2d(16, eps=1e-05, momentum=0.1, affine=False, track_running_stats=False)
                (2): ReLU(inplace=True)
              )
            )
          )
        )
        (1): ConvBlock(
          (layers): Sequential(
            (0): ConvINRelu(
              (layers): Sequential(
                (0): Conv2d(16, 32, kernel_size=(3, 3), stride=(1, 1), padding=(1, 1))
                (1): InstanceNorm2d(32, eps=1e-05, momentum=0.1, affine=False, track_running_stats=False)
                (2): ReLU(inplace=True)
              )
            )
            (1): ConvINRelu(
              (layers): Sequential(
                (0): Conv2d(32, 32, kernel_size=(3, 3), stride=(1, 1), padding=(1, 1))
                (1): InstanceNorm2d(32, eps=1e-05, momentum=0.1, affine=False, track_running_stats=False)
                (2): ReLU(inplace=True)
              )
            )
          )
        )
      )
    )
    (down2): Down(
      (layer): Sequential(
        (0): ConvBlock(
          (layers): Sequential(
            (0): ConvINRelu(
              (layers): Sequential(
                (0): Conv2d(32, 32, kernel_size=(3, 3), stride=(2, 2), padding=(1, 1))
                (1): InstanceNorm2d(32, eps=1e-05, momentum=0.1, affine=False, track_running_stats=False)
                (2): ReLU(inplace=True)
              )
            )
          )
        )
        (1): ConvBlock(
          (layers): Sequential(
            (0): ConvINRelu(
              (layers): Sequential(
                (0): Conv2d(32, 64, kernel_size=(3, 3), stride=(1, 1), padding=(1, 1))
                (1): InstanceNorm2d(64, eps=1e-05, momentum=0.1, affine=False, track_running_stats=False)
                (2): ReLU(inplace=True)
              )
            )
            (1): ConvINRelu(
              (layers): Sequential(
                (0): Conv2d(64, 64, kernel_size=(3, 3), stride=(1, 1), padding=(1, 1))
                (1): InstanceNorm2d(64, eps=1e-05, momentum=0.1, affine=False, track_running_stats=False)
                (2): ReLU(inplace=True)
              )
            )
          )
        )
      )
    )
    (down3): Down(
      (layer): Sequential(
        (0): ConvBlock(
          (layers): Sequential(
            (0): ConvINRelu(
              (layers): Sequential(
                (0): Conv2d(64, 64, kernel_size=(3, 3), stride=(2, 2), padding=(1, 1))
                (1): InstanceNorm2d(64, eps=1e-05, momentum=0.1, affine=False, track_running_stats=False)
                (2): ReLU(inplace=True)
              )
            )
          )
        )
        (1): ConvBlock(
          (layers): Sequential(
            (0): ConvINRelu(
              (layers): Sequential(
                (0): Conv2d(64, 128, kernel_size=(3, 3), stride=(1, 1), padding=(1, 1))
                (1): InstanceNorm2d(128, eps=1e-05, momentum=0.1, affine=False, track_running_stats=False)
                (2): ReLU(inplace=True)
              )
            )
            (1): ConvINRelu(
              (layers): Sequential(
                (0): Conv2d(128, 128, kernel_size=(3, 3), stride=(1, 1), padding=(1, 1))
                (1): InstanceNorm2d(128, eps=1e-05, momentum=0.1, affine=False, track_running_stats=False)
                (2): ReLU(inplace=True)
              )
            )
          )
        )
      )
    )
    (up2): UP(
      (conv): ConvBlock(
        (layers): Sequential(
          (0): ConvINRelu(
            (layers): Sequential(
              (0): Conv2d(128, 64, kernel_size=(3, 3), stride=(1, 1), padding=(1, 1))
              (1): InstanceNorm2d(64, eps=1e-05, momentum=0.1, affine=False, track_running_stats=False)
              (2): ReLU(inplace=True)
            )
          )
        )
      )
    )
    (att2): ResBlock(
      (layers): Sequential(
        (0): BottleneckBlock(
          (change): Sequential(
            (0): Conv2d(128, 64, kernel_size=(1, 1), stride=(1, 1), bias=False)
            (1): InstanceNorm2d(64, eps=1e-05, momentum=0.1, affine=False, track_running_stats=False)
          )
          (left): Sequential(
            (0): Conv2d(128, 64, kernel_size=(1, 1), stride=(1, 1), bias=False)
            (1): InstanceNorm2d(64, eps=1e-05, momentum=0.1, affine=False, track_running_stats=False)
            (2): ReLU(inplace=True)
            (3): Conv2d(64, 64, kernel_size=(3, 3), stride=(1, 1), padding=(1, 1), bias=False)
            (4): InstanceNorm2d(64, eps=1e-05, momentum=0.1, affine=False, track_running_stats=False)
            (5): ReLU(inplace=True)
            (6): Conv2d(64, 64, kernel_size=(1, 1), stride=(1, 1), bias=False)
            (7): InstanceNorm2d(64, eps=1e-05, momentum=0.1, affine=False, track_running_stats=False)
          )
          (attention): SEAttention(
            (se): Sequential(
              (0): AdaptiveAvgPool2d(output_size=(1, 1))
              (1): Conv2d(64, 8, kernel_size=(1, 1), stride=(1, 1), bias=False)
              (2): ReLU(inplace=True)
              (3): Conv2d(8, 64, kernel_size=(1, 1), stride=(1, 1), bias=False)
              (4): Sigmoid()
            )
          )
        )
        (1): BottleneckBlock(
          (left): Sequential(
            (0): Conv2d(64, 64, kernel_size=(1, 1), stride=(1, 1), bias=False)
            (1): InstanceNorm2d(64, eps=1e-05, momentum=0.1, affine=False, track_running_stats=False)
            (2): ReLU(inplace=True)
            (3): Conv2d(64, 64, kernel_size=(3, 3), stride=(1, 1), padding=(1, 1), bias=False)
            (4): InstanceNorm2d(64, eps=1e-05, momentum=0.1, affine=False, track_running_stats=False)
            (5): ReLU(inplace=True)
            (6): Conv2d(64, 64, kernel_size=(1, 1), stride=(1, 1), bias=False)
            (7): InstanceNorm2d(64, eps=1e-05, momentum=0.1, affine=False, track_running_stats=False)
          )
          (attention): SEAttention(
            (se): Sequential(
              (0): AdaptiveAvgPool2d(output_size=(1, 1))
              (1): Conv2d(64, 8, kernel_size=(1, 1), stride=(1, 1), bias=False)
              (2): ReLU(inplace=True)
              (3): Conv2d(8, 64, kernel_size=(1, 1), stride=(1, 1), bias=False)
              (4): Sigmoid()
            )
          )
        )
      )
    )
    (up1): UP(
      (conv): ConvBlock(
        (layers): Sequential(
          (0): ConvINRelu(
            (layers): Sequential(
              (0): Conv2d(64, 32, kernel_size=(3, 3), stride=(1, 1), padding=(1, 1))
              (1): InstanceNorm2d(32, eps=1e-05, momentum=0.1, affine=False, track_running_stats=False)
              (2): ReLU(inplace=True)
            )
          )
        )
      )
    )
    (att1): ResBlock(
      (layers): Sequential(
        (0): BottleneckBlock(
          (change): Sequential(
            (0): Conv2d(64, 32, kernel_size=(1, 1), stride=(1, 1), bias=False)
            (1): InstanceNorm2d(32, eps=1e-05, momentum=0.1, affine=False, track_running_stats=False)
          )
          (left): Sequential(
            (0): Conv2d(64, 32, kernel_size=(1, 1), stride=(1, 1), bias=False)
            (1): InstanceNorm2d(32, eps=1e-05, momentum=0.1, affine=False, track_running_stats=False)
            (2): ReLU(inplace=True)
            (3): Conv2d(32, 32, kernel_size=(3, 3), stride=(1, 1), padding=(1, 1), bias=False)
            (4): InstanceNorm2d(32, eps=1e-05, momentum=0.1, affine=False, track_running_stats=False)
            (5): ReLU(inplace=True)
            (6): Conv2d(32, 32, kernel_size=(1, 1), stride=(1, 1), bias=False)
            (7): InstanceNorm2d(32, eps=1e-05, momentum=0.1, affine=False, track_running_stats=False)
          )
          (attention): SEAttention(
            (se): Sequential(
              (0): AdaptiveAvgPool2d(output_size=(1, 1))
              (1): Conv2d(32, 4, kernel_size=(1, 1), stride=(1, 1), bias=False)
              (2): ReLU(inplace=True)
              (3): Conv2d(4, 32, kernel_size=(1, 1), stride=(1, 1), bias=False)
              (4): Sigmoid()
            )
          )
        )
        (1): BottleneckBlock(
          (left): Sequential(
            (0): Conv2d(32, 32, kernel_size=(1, 1), stride=(1, 1), bias=False)
            (1): InstanceNorm2d(32, eps=1e-05, momentum=0.1, affine=False, track_running_stats=False)
            (2): ReLU(inplace=True)
            (3): Conv2d(32, 32, kernel_size=(3, 3), stride=(1, 1), padding=(1, 1), bias=False)
            (4): InstanceNorm2d(32, eps=1e-05, momentum=0.1, affine=False, track_running_stats=False)
            (5): ReLU(inplace=True)
            (6): Conv2d(32, 32, kernel_size=(1, 1), stride=(1, 1), bias=False)
            (7): InstanceNorm2d(32, eps=1e-05, momentum=0.1, affine=False, track_running_stats=False)
          )
          (attention): SEAttention(
            (se): Sequential(
              (0): AdaptiveAvgPool2d(output_size=(1, 1))
              (1): Conv2d(32, 4, kernel_size=(1, 1), stride=(1, 1), bias=False)
              (2): ReLU(inplace=True)
              (3): Conv2d(4, 32, kernel_size=(1, 1), stride=(1, 1), bias=False)
              (4): Sigmoid()
            )
          )
        )
      )
    )
    (up0): UP(
      (conv): ConvBlock(
        (layers): Sequential(
          (0): ConvINRelu(
            (layers): Sequential(
              (0): Conv2d(32, 16, kernel_size=(3, 3), stride=(1, 1), padding=(1, 1))
              (1): InstanceNorm2d(16, eps=1e-05, momentum=0.1, affine=False, track_running_stats=False)
              (2): ReLU(inplace=True)
            )
          )
        )
      )
    )
    (att0): ResBlock(
      (layers): Sequential(
        (0): BottleneckBlock(
          (change): Sequential(
            (0): Conv2d(32, 16, kernel_size=(1, 1), stride=(1, 1), bias=False)
            (1): InstanceNorm2d(16, eps=1e-05, momentum=0.1, affine=False, track_running_stats=False)
          )
          (left): Sequential(
            (0): Conv2d(32, 16, kernel_size=(1, 1), stride=(1, 1), bias=False)
            (1): InstanceNorm2d(16, eps=1e-05, momentum=0.1, affine=False, track_running_stats=False)
            (2): ReLU(inplace=True)
            (3): Conv2d(16, 16, kernel_size=(3, 3), stride=(1, 1), padding=(1, 1), bias=False)
            (4): InstanceNorm2d(16, eps=1e-05, momentum=0.1, affine=False, track_running_stats=False)
            (5): ReLU(inplace=True)
            (6): Conv2d(16, 16, kernel_size=(1, 1), stride=(1, 1), bias=False)
            (7): InstanceNorm2d(16, eps=1e-05, momentum=0.1, affine=False, track_running_stats=False)
          )
          (attention): SEAttention(
            (se): Sequential(
              (0): AdaptiveAvgPool2d(output_size=(1, 1))
              (1): Conv2d(16, 2, kernel_size=(1, 1), stride=(1, 1), bias=False)
              (2): ReLU(inplace=True)
              (3): Conv2d(2, 16, kernel_size=(1, 1), stride=(1, 1), bias=False)
              (4): Sigmoid()
            )
          )
        )
        (1): BottleneckBlock(
          (left): Sequential(
            (0): Conv2d(16, 16, kernel_size=(1, 1), stride=(1, 1), bias=False)
            (1): InstanceNorm2d(16, eps=1e-05, momentum=0.1, affine=False, track_running_stats=False)
            (2): ReLU(inplace=True)
            (3): Conv2d(16, 16, kernel_size=(3, 3), stride=(1, 1), padding=(1, 1), bias=False)
            (4): InstanceNorm2d(16, eps=1e-05, momentum=0.1, affine=False, track_running_stats=False)
            (5): ReLU(inplace=True)
            (6): Conv2d(16, 16, kernel_size=(1, 1), stride=(1, 1), bias=False)
            (7): InstanceNorm2d(16, eps=1e-05, momentum=0.1, affine=False, track_running_stats=False)
          )
          (attention): SEAttention(
            (se): Sequential(
              (0): AdaptiveAvgPool2d(output_size=(1, 1))
              (1): Conv2d(16, 2, kernel_size=(1, 1), stride=(1, 1), bias=False)
              (2): ReLU(inplace=True)
              (3): Conv2d(2, 16, kernel_size=(1, 1), stride=(1, 1), bias=False)
              (4): Sigmoid()
            )
          )
        )
      )
    )
    (Conv_1x1): Conv2d(16, 1, kernel_size=(1, 1), stride=(1, 1), bias=False)
    (message_layer): Linear(in_features=4096, out_features=64, bias=True)
  )
  (irn): InvNN(
    (operations): ModuleList(
      (0-11): 12 x InvBlock(
        (F): DenseBlock(
          (conv1): Conv2d(12, 32, kernel_size=(3, 3), stride=(1, 1), padding=(1, 1))
          (conv2): Conv2d(44, 32, kernel_size=(3, 3), stride=(1, 1), padding=(1, 1))
          (conv3): Conv2d(76, 32, kernel_size=(3, 3), stride=(1, 1), padding=(1, 1))
          (conv4): Conv2d(108, 32, kernel_size=(3, 3), stride=(1, 1), padding=(1, 1))
          (conv5): Conv2d(140, 12, kernel_size=(3, 3), stride=(1, 1), padding=(1, 1))
          (lrelu): LeakyReLU(negative_slope=0.2, inplace=True)
        )
        (NF): NAFBlock(
          (conv1): Conv2d(12, 24, kernel_size=(1, 1), stride=(1, 1))
          (conv2): Conv2d(24, 24, kernel_size=(3, 3), stride=(1, 1), padding=(1, 1), groups=24)
          (conv3): Conv2d(12, 12, kernel_size=(1, 1), stride=(1, 1))
          (sca): Sequential(
            (0): AdaptiveAvgPool2d(output_size=1)
            (1): Conv2d(12, 12, kernel_size=(1, 1), stride=(1, 1))
          )
          (sg): SimpleGate()
          (conv4): Conv2d(12, 24, kernel_size=(1, 1), stride=(1, 1))
          (conv5): Conv2d(12, 12, kernel_size=(1, 1), stride=(1, 1))
          (norm1): LayerNorm2d()
          (norm2): LayerNorm2d()
          (dropout1): Identity()
          (dropout2): Identity()
        )
        (G): DenseBlock(
          (conv1): Conv2d(12, 32, kernel_size=(3, 3), stride=(1, 1), padding=(1, 1))
          (conv2): Conv2d(44, 32, kernel_size=(3, 3), stride=(1, 1), padding=(1, 1))
          (conv3): Conv2d(76, 32, kernel_size=(3, 3), stride=(1, 1), padding=(1, 1))
          (conv4): Conv2d(108, 32, kernel_size=(3, 3), stride=(1, 1), padding=(1, 1))
          (conv5): Conv2d(140, 12, kernel_size=(3, 3), stride=(1, 1), padding=(1, 1))
          (lrelu): LeakyReLU(negative_slope=0.2, inplace=True)
        )
        (NG): NAFBlock(
          (conv1): Conv2d(12, 24, kernel_size=(1, 1), stride=(1, 1))
          (conv2): Conv2d(24, 24, kernel_size=(3, 3), stride=(1, 1), padding=(1, 1), groups=24)
          (conv3): Conv2d(12, 12, kernel_size=(1, 1), stride=(1, 1))
          (sca): Sequential(
            (0): AdaptiveAvgPool2d(output_size=1)
            (1): Conv2d(12, 12, kernel_size=(1, 1), stride=(1, 1))
          )
          (sg): SimpleGate()
          (conv4): Conv2d(12, 24, kernel_size=(1, 1), stride=(1, 1))
          (conv5): Conv2d(12, 12, kernel_size=(1, 1), stride=(1, 1))
          (norm1): LayerNorm2d()
          (norm2): LayerNorm2d()
          (dropout1): Identity()
          (dropout2): Identity()
        )
        (H): DenseBlock(
          (conv1): Conv2d(12, 32, kernel_size=(3, 3), stride=(1, 1), padding=(1, 1))
          (conv2): Conv2d(44, 32, kernel_size=(3, 3), stride=(1, 1), padding=(1, 1))
          (conv3): Conv2d(76, 32, kernel_size=(3, 3), stride=(1, 1), padding=(1, 1))
          (conv4): Conv2d(108, 32, kernel_size=(3, 3), stride=(1, 1), padding=(1, 1))
          (conv5): Conv2d(140, 12, kernel_size=(3, 3), stride=(1, 1), padding=(1, 1))
          (lrelu): LeakyReLU(negative_slope=0.2, inplace=True)
        )
        (NH): NAFBlock(
          (conv1): Conv2d(12, 24, kernel_size=(1, 1), stride=(1, 1))
          (conv2): Conv2d(24, 24, kernel_size=(3, 3), stride=(1, 1), padding=(1, 1), groups=24)
          (conv3): Conv2d(12, 12, kernel_size=(1, 1), stride=(1, 1))
          (sca): Sequential(
            (0): AdaptiveAvgPool2d(output_size=1)
            (1): Conv2d(12, 12, kernel_size=(1, 1), stride=(1, 1))
          )
          (sg): SimpleGate()
          (conv4): Conv2d(12, 24, kernel_size=(1, 1), stride=(1, 1))
          (conv5): Conv2d(12, 12, kernel_size=(1, 1), stride=(1, 1))
          (norm1): LayerNorm2d()
          (norm2): LayerNorm2d()
          (dropout1): Identity()
          (dropout2): Identity()
        )
      )
    )
  )
  (pm): PredictiveModuleMIMO_prompt(
    (conv_in): Conv2d(12, 12, kernel_size=(3, 3), stride=(1, 1), padding=(1, 1))
    (res_block): Sequential(
      (0): ResidualBlockNoBN(
        (conv1): Conv2d(12, 12, kernel_size=(3, 3), stride=(1, 1), padding=(1, 1))
        (conv2): Conv2d(12, 12, kernel_size=(3, 3), stride=(1, 1), padding=(1, 1))
        (relu): LeakyReLU(negative_slope=0.2, inplace=True)
      )
      (1): ResidualBlockNoBN(
        (conv1): Conv2d(12, 12, kernel_size=(3, 3), stride=(1, 1), padding=(1, 1))
        (conv2): Conv2d(12, 12, kernel_size=(3, 3), stride=(1, 1), padding=(1, 1))
        (relu): LeakyReLU(negative_slope=0.2, inplace=True)
      )
      (2): ResidualBlockNoBN(
        (conv1): Conv2d(12, 12, kernel_size=(3, 3), stride=(1, 1), padding=(1, 1))
        (conv2): Conv2d(12, 12, kernel_size=(3, 3), stride=(1, 1), padding=(1, 1))
        (relu): LeakyReLU(negative_slope=0.2, inplace=True)
      )
      (3): ResidualBlockNoBN(
        (conv1): Conv2d(12, 12, kernel_size=(3, 3), stride=(1, 1), padding=(1, 1))
        (conv2): Conv2d(12, 12, kernel_size=(3, 3), stride=(1, 1), padding=(1, 1))
        (relu): LeakyReLU(negative_slope=0.2, inplace=True)
      )
      (4): ResidualBlockNoBN(
        (conv1): Conv2d(12, 12, kernel_size=(3, 3), stride=(1, 1), padding=(1, 1))
        (conv2): Conv2d(12, 12, kernel_size=(3, 3), stride=(1, 1), padding=(1, 1))
        (relu): LeakyReLU(negative_slope=0.2, inplace=True)
      )
      (5): ResidualBlockNoBN(
        (conv1): Conv2d(12, 12, kernel_size=(3, 3), stride=(1, 1), padding=(1, 1))
        (conv2): Conv2d(12, 12, kernel_size=(3, 3), stride=(1, 1), padding=(1, 1))
        (relu): LeakyReLU(negative_slope=0.2, inplace=True)
      )
      (6): ResidualBlockNoBN(
        (conv1): Conv2d(12, 12, kernel_size=(3, 3), stride=(1, 1), padding=(1, 1))
        (conv2): Conv2d(12, 12, kernel_size=(3, 3), stride=(1, 1), padding=(1, 1))
        (relu): LeakyReLU(negative_slope=0.2, inplace=True)
      )
      (7): ResidualBlockNoBN(
        (conv1): Conv2d(12, 12, kernel_size=(3, 3), stride=(1, 1), padding=(1, 1))
        (conv2): Conv2d(12, 12, kernel_size=(3, 3), stride=(1, 1), padding=(1, 1))
        (relu): LeakyReLU(negative_slope=0.2, inplace=True)
      )
    )
    (transformer_block): Sequential(
      (0): TransformerBlock(
        (norm1): LayerNorm(
          (body): WithBias_LayerNorm()
        )
        (attn): Attention(
          (qkv): Conv2d(12, 36, kernel_size=(1, 1), stride=(1, 1), bias=False)
          (qkv_dwconv): Conv2d(36, 36, kernel_size=(3, 3), stride=(1, 1), padding=(1, 1), groups=36, bias=False)
          (project_out): Conv2d(12, 12, kernel_size=(1, 1), stride=(1, 1), bias=False)
        )
        (norm2): LayerNorm(
          (body): WithBias_LayerNorm()
        )
        (ffn): FeedForward(
          (project_in): Conv2d(12, 96, kernel_size=(1, 1), stride=(1, 1), bias=False)
          (dwconv): Conv2d(96, 96, kernel_size=(3, 3), stride=(1, 1), padding=(1, 1), groups=96, bias=False)
          (project_out): Conv2d(48, 12, kernel_size=(1, 1), stride=(1, 1), bias=False)
        )
      )
      (1): TransformerBlock(
        (norm1): LayerNorm(
          (body): WithBias_LayerNorm()
        )
        (attn): Attention(
          (qkv): Conv2d(12, 36, kernel_size=(1, 1), stride=(1, 1), bias=False)
          (qkv_dwconv): Conv2d(36, 36, kernel_size=(3, 3), stride=(1, 1), padding=(1, 1), groups=36, bias=False)
          (project_out): Conv2d(12, 12, kernel_size=(1, 1), stride=(1, 1), bias=False)
        )
        (norm2): LayerNorm(
          (body): WithBias_LayerNorm()
        )
        (ffn): FeedForward(
          (project_in): Conv2d(12, 96, kernel_size=(1, 1), stride=(1, 1), bias=False)
          (dwconv): Conv2d(96, 96, kernel_size=(3, 3), stride=(1, 1), padding=(1, 1), groups=96, bias=False)
          (project_out): Conv2d(48, 12, kernel_size=(1, 1), stride=(1, 1), bias=False)
        )
      )
      (2): TransformerBlock(
        (norm1): LayerNorm(
          (body): WithBias_LayerNorm()
        )
        (attn): Attention(
          (qkv): Conv2d(12, 36, kernel_size=(1, 1), stride=(1, 1), bias=False)
          (qkv_dwconv): Conv2d(36, 36, kernel_size=(3, 3), stride=(1, 1), padding=(1, 1), groups=36, bias=False)
          (project_out): Conv2d(12, 12, kernel_size=(1, 1), stride=(1, 1), bias=False)
        )
        (norm2): LayerNorm(
          (body): WithBias_LayerNorm()
        )
        (ffn): FeedForward(
          (project_in): Conv2d(12, 96, kernel_size=(1, 1), stride=(1, 1), bias=False)
          (dwconv): Conv2d(96, 96, kernel_size=(3, 3), stride=(1, 1), padding=(1, 1), groups=96, bias=False)
          (project_out): Conv2d(48, 12, kernel_size=(1, 1), stride=(1, 1), bias=False)
        )
      )
      (3): TransformerBlock(
        (norm1): LayerNorm(
          (body): WithBias_LayerNorm()
        )
        (attn): Attention(
          (qkv): Conv2d(12, 36, kernel_size=(1, 1), stride=(1, 1), bias=False)
          (qkv_dwconv): Conv2d(36, 36, kernel_size=(3, 3), stride=(1, 1), padding=(1, 1), groups=36, bias=False)
          (project_out): Conv2d(12, 12, kernel_size=(1, 1), stride=(1, 1), bias=False)
        )
        (norm2): LayerNorm(
          (body): WithBias_LayerNorm()
        )
        (ffn): FeedForward(
          (project_in): Conv2d(12, 96, kernel_size=(1, 1), stride=(1, 1), bias=False)
          (dwconv): Conv2d(96, 96, kernel_size=(3, 3), stride=(1, 1), padding=(1, 1), groups=96, bias=False)
          (project_out): Conv2d(48, 12, kernel_size=(1, 1), stride=(1, 1), bias=False)
        )
      )
    )
    (prompt): PromptGenBlock(
      (linear_layer): Linear(in_features=12, out_features=3, bias=True)
      (conv3x3): Conv2d(12, 12, kernel_size=(3, 3), stride=(1, 1), padding=(1, 1), bias=False)
    )
    (fuse): Conv2d(24, 12, kernel_size=(3, 3), stride=(1, 1), padding=(1, 1))
  )
)
2025-06-22 13:38:59,637 - INFO - VSN(
  (bitencoder): DW_Encoder(
    (conv1): ConvBlock(
      (layers): Sequential(
        (0): ConvINRelu(
          (layers): Sequential(
            (0): Conv2d(3, 16, kernel_size=(3, 3), stride=(1, 1), padding=(1, 1))
            (1): InstanceNorm2d(16, eps=1e-05, momentum=0.1, affine=False, track_running_stats=False)
            (2): ReLU(inplace=True)
          )
        )
        (1): ConvINRelu(
          (layers): Sequential(
            (0): Conv2d(16, 16, kernel_size=(3, 3), stride=(1, 1), padding=(1, 1))
            (1): InstanceNorm2d(16, eps=1e-05, momentum=0.1, affine=False, track_running_stats=False)
            (2): ReLU(inplace=True)
          )
        )
      )
    )
    (down1): Down(
      (layer): Sequential(
        (0): ConvBlock(
          (layers): Sequential(
            (0): ConvINRelu(
              (layers): Sequential(
                (0): Conv2d(16, 16, kernel_size=(3, 3), stride=(2, 2), padding=(1, 1))
                (1): InstanceNorm2d(16, eps=1e-05, momentum=0.1, affine=False, track_running_stats=False)
                (2): ReLU(inplace=True)
              )
            )
          )
        )
        (1): ConvBlock(
          (layers): Sequential(
            (0): ConvINRelu(
              (layers): Sequential(
                (0): Conv2d(16, 32, kernel_size=(3, 3), stride=(1, 1), padding=(1, 1))
                (1): InstanceNorm2d(32, eps=1e-05, momentum=0.1, affine=False, track_running_stats=False)
                (2): ReLU(inplace=True)
              )
            )
            (1): ConvINRelu(
              (layers): Sequential(
                (0): Conv2d(32, 32, kernel_size=(3, 3), stride=(1, 1), padding=(1, 1))
                (1): InstanceNorm2d(32, eps=1e-05, momentum=0.1, affine=False, track_running_stats=False)
                (2): ReLU(inplace=True)
              )
            )
          )
        )
      )
    )
    (down2): Down(
      (layer): Sequential(
        (0): ConvBlock(
          (layers): Sequential(
            (0): ConvINRelu(
              (layers): Sequential(
                (0): Conv2d(32, 32, kernel_size=(3, 3), stride=(2, 2), padding=(1, 1))
                (1): InstanceNorm2d(32, eps=1e-05, momentum=0.1, affine=False, track_running_stats=False)
                (2): ReLU(inplace=True)
              )
            )
          )
        )
        (1): ConvBlock(
          (layers): Sequential(
            (0): ConvINRelu(
              (layers): Sequential(
                (0): Conv2d(32, 64, kernel_size=(3, 3), stride=(1, 1), padding=(1, 1))
                (1): InstanceNorm2d(64, eps=1e-05, momentum=0.1, affine=False, track_running_stats=False)
                (2): ReLU(inplace=True)
              )
            )
            (1): ConvINRelu(
              (layers): Sequential(
                (0): Conv2d(64, 64, kernel_size=(3, 3), stride=(1, 1), padding=(1, 1))
                (1): InstanceNorm2d(64, eps=1e-05, momentum=0.1, affine=False, track_running_stats=False)
                (2): ReLU(inplace=True)
              )
            )
          )
        )
      )
    )
    (down3): Down(
      (layer): Sequential(
        (0): ConvBlock(
          (layers): Sequential(
            (0): ConvINRelu(
              (layers): Sequential(
                (0): Conv2d(64, 64, kernel_size=(3, 3), stride=(2, 2), padding=(1, 1))
                (1): InstanceNorm2d(64, eps=1e-05, momentum=0.1, affine=False, track_running_stats=False)
                (2): ReLU(inplace=True)
              )
            )
          )
        )
        (1): ConvBlock(
          (layers): Sequential(
            (0): ConvINRelu(
              (layers): Sequential(
                (0): Conv2d(64, 128, kernel_size=(3, 3), stride=(1, 1), padding=(1, 1))
                (1): InstanceNorm2d(128, eps=1e-05, momentum=0.1, affine=False, track_running_stats=False)
                (2): ReLU(inplace=True)
              )
            )
            (1): ConvINRelu(
              (layers): Sequential(
                (0): Conv2d(128, 128, kernel_size=(3, 3), stride=(1, 1), padding=(1, 1))
                (1): InstanceNorm2d(128, eps=1e-05, momentum=0.1, affine=False, track_running_stats=False)
                (2): ReLU(inplace=True)
              )
            )
          )
        )
      )
    )
    (up2): UP(
      (conv): ConvBlock(
        (layers): Sequential(
          (0): ConvINRelu(
            (layers): Sequential(
              (0): Conv2d(128, 64, kernel_size=(3, 3), stride=(1, 1), padding=(1, 1))
              (1): InstanceNorm2d(64, eps=1e-05, momentum=0.1, affine=False, track_running_stats=False)
              (2): ReLU(inplace=True)
            )
          )
        )
      )
    )
    (linear2): Linear(in_features=64, out_features=4096, bias=True)
    (Conv_message2): ConvBlock(
      (layers): Sequential(
        (0): ConvINRelu(
          (layers): Sequential(
            (0): Conv2d(1, 64, kernel_size=(3, 3), stride=(1, 1), padding=(1, 1))
            (1): InstanceNorm2d(64, eps=1e-05, momentum=0.1, affine=False, track_running_stats=False)
            (2): ReLU(inplace=True)
          )
        )
        (1): ConvINRelu(
          (layers): Sequential(
            (0): Conv2d(64, 64, kernel_size=(3, 3), stride=(1, 1), padding=(1, 1))
            (1): InstanceNorm2d(64, eps=1e-05, momentum=0.1, affine=False, track_running_stats=False)
            (2): ReLU(inplace=True)
          )
        )
      )
    )
    (att2): ResBlock(
      (layers): Sequential(
        (0): BottleneckBlock(
          (change): Sequential(
            (0): Conv2d(192, 64, kernel_size=(1, 1), stride=(1, 1), bias=False)
            (1): InstanceNorm2d(64, eps=1e-05, momentum=0.1, affine=False, track_running_stats=False)
          )
          (left): Sequential(
            (0): Conv2d(192, 64, kernel_size=(1, 1), stride=(1, 1), bias=False)
            (1): InstanceNorm2d(64, eps=1e-05, momentum=0.1, affine=False, track_running_stats=False)
            (2): ReLU(inplace=True)
            (3): Conv2d(64, 64, kernel_size=(3, 3), stride=(1, 1), padding=(1, 1), bias=False)
            (4): InstanceNorm2d(64, eps=1e-05, momentum=0.1, affine=False, track_running_stats=False)
            (5): ReLU(inplace=True)
            (6): Conv2d(64, 64, kernel_size=(1, 1), stride=(1, 1), bias=False)
            (7): InstanceNorm2d(64, eps=1e-05, momentum=0.1, affine=False, track_running_stats=False)
          )
          (attention): SEAttention(
            (se): Sequential(
              (0): AdaptiveAvgPool2d(output_size=(1, 1))
              (1): Conv2d(64, 8, kernel_size=(1, 1), stride=(1, 1), bias=False)
              (2): ReLU(inplace=True)
              (3): Conv2d(8, 64, kernel_size=(1, 1), stride=(1, 1), bias=False)
              (4): Sigmoid()
            )
          )
        )
        (1): BottleneckBlock(
          (left): Sequential(
            (0): Conv2d(64, 64, kernel_size=(1, 1), stride=(1, 1), bias=False)
            (1): InstanceNorm2d(64, eps=1e-05, momentum=0.1, affine=False, track_running_stats=False)
            (2): ReLU(inplace=True)
            (3): Conv2d(64, 64, kernel_size=(3, 3), stride=(1, 1), padding=(1, 1), bias=False)
            (4): InstanceNorm2d(64, eps=1e-05, momentum=0.1, affine=False, track_running_stats=False)
            (5): ReLU(inplace=True)
            (6): Conv2d(64, 64, kernel_size=(1, 1), stride=(1, 1), bias=False)
            (7): InstanceNorm2d(64, eps=1e-05, momentum=0.1, affine=False, track_running_stats=False)
          )
          (attention): SEAttention(
            (se): Sequential(
              (0): AdaptiveAvgPool2d(output_size=(1, 1))
              (1): Conv2d(64, 8, kernel_size=(1, 1), stride=(1, 1), bias=False)
              (2): ReLU(inplace=True)
              (3): Conv2d(8, 64, kernel_size=(1, 1), stride=(1, 1), bias=False)
              (4): Sigmoid()
            )
          )
        )
      )
    )
    (up1): UP(
      (conv): ConvBlock(
        (layers): Sequential(
          (0): ConvINRelu(
            (layers): Sequential(
              (0): Conv2d(64, 32, kernel_size=(3, 3), stride=(1, 1), padding=(1, 1))
              (1): InstanceNorm2d(32, eps=1e-05, momentum=0.1, affine=False, track_running_stats=False)
              (2): ReLU(inplace=True)
            )
          )
        )
      )
    )
    (linear1): Linear(in_features=64, out_features=4096, bias=True)
    (Conv_message1): ConvBlock(
      (layers): Sequential(
        (0): ConvINRelu(
          (layers): Sequential(
            (0): Conv2d(1, 64, kernel_size=(3, 3), stride=(1, 1), padding=(1, 1))
            (1): InstanceNorm2d(64, eps=1e-05, momentum=0.1, affine=False, track_running_stats=False)
            (2): ReLU(inplace=True)
          )
        )
        (1): ConvINRelu(
          (layers): Sequential(
            (0): Conv2d(64, 64, kernel_size=(3, 3), stride=(1, 1), padding=(1, 1))
            (1): InstanceNorm2d(64, eps=1e-05, momentum=0.1, affine=False, track_running_stats=False)
            (2): ReLU(inplace=True)
          )
        )
      )
    )
    (att1): ResBlock(
      (layers): Sequential(
        (0): BottleneckBlock(
          (change): Sequential(
            (0): Conv2d(128, 32, kernel_size=(1, 1), stride=(1, 1), bias=False)
            (1): InstanceNorm2d(32, eps=1e-05, momentum=0.1, affine=False, track_running_stats=False)
          )
          (left): Sequential(
            (0): Conv2d(128, 32, kernel_size=(1, 1), stride=(1, 1), bias=False)
            (1): InstanceNorm2d(32, eps=1e-05, momentum=0.1, affine=False, track_running_stats=False)
            (2): ReLU(inplace=True)
            (3): Conv2d(32, 32, kernel_size=(3, 3), stride=(1, 1), padding=(1, 1), bias=False)
            (4): InstanceNorm2d(32, eps=1e-05, momentum=0.1, affine=False, track_running_stats=False)
            (5): ReLU(inplace=True)
            (6): Conv2d(32, 32, kernel_size=(1, 1), stride=(1, 1), bias=False)
            (7): InstanceNorm2d(32, eps=1e-05, momentum=0.1, affine=False, track_running_stats=False)
          )
          (attention): SEAttention(
            (se): Sequential(
              (0): AdaptiveAvgPool2d(output_size=(1, 1))
              (1): Conv2d(32, 4, kernel_size=(1, 1), stride=(1, 1), bias=False)
              (2): ReLU(inplace=True)
              (3): Conv2d(4, 32, kernel_size=(1, 1), stride=(1, 1), bias=False)
              (4): Sigmoid()
            )
          )
        )
        (1): BottleneckBlock(
          (left): Sequential(
            (0): Conv2d(32, 32, kernel_size=(1, 1), stride=(1, 1), bias=False)
            (1): InstanceNorm2d(32, eps=1e-05, momentum=0.1, affine=False, track_running_stats=False)
            (2): ReLU(inplace=True)
            (3): Conv2d(32, 32, kernel_size=(3, 3), stride=(1, 1), padding=(1, 1), bias=False)
            (4): InstanceNorm2d(32, eps=1e-05, momentum=0.1, affine=False, track_running_stats=False)
            (5): ReLU(inplace=True)
            (6): Conv2d(32, 32, kernel_size=(1, 1), stride=(1, 1), bias=False)
            (7): InstanceNorm2d(32, eps=1e-05, momentum=0.1, affine=False, track_running_stats=False)
          )
          (attention): SEAttention(
            (se): Sequential(
              (0): AdaptiveAvgPool2d(output_size=(1, 1))
              (1): Conv2d(32, 4, kernel_size=(1, 1), stride=(1, 1), bias=False)
              (2): ReLU(inplace=True)
              (3): Conv2d(4, 32, kernel_size=(1, 1), stride=(1, 1), bias=False)
              (4): Sigmoid()
            )
          )
        )
      )
    )
    (up0): UP(
      (conv): ConvBlock(
        (layers): Sequential(
          (0): ConvINRelu(
            (layers): Sequential(
              (0): Conv2d(32, 16, kernel_size=(3, 3), stride=(1, 1), padding=(1, 1))
              (1): InstanceNorm2d(16, eps=1e-05, momentum=0.1, affine=False, track_running_stats=False)
              (2): ReLU(inplace=True)
            )
          )
        )
      )
    )
    (linear0): Linear(in_features=64, out_features=4096, bias=True)
    (Conv_message0): ConvBlock(
      (layers): Sequential(
        (0): ConvINRelu(
          (layers): Sequential(
            (0): Conv2d(1, 64, kernel_size=(3, 3), stride=(1, 1), padding=(1, 1))
            (1): InstanceNorm2d(64, eps=1e-05, momentum=0.1, affine=False, track_running_stats=False)
            (2): ReLU(inplace=True)
          )
        )
        (1): ConvINRelu(
          (layers): Sequential(
            (0): Conv2d(64, 64, kernel_size=(3, 3), stride=(1, 1), padding=(1, 1))
            (1): InstanceNorm2d(64, eps=1e-05, momentum=0.1, affine=False, track_running_stats=False)
            (2): ReLU(inplace=True)
          )
        )
      )
    )
    (att0): ResBlock(
      (layers): Sequential(
        (0): BottleneckBlock(
          (change): Sequential(
            (0): Conv2d(96, 16, kernel_size=(1, 1), stride=(1, 1), bias=False)
            (1): InstanceNorm2d(16, eps=1e-05, momentum=0.1, affine=False, track_running_stats=False)
          )
          (left): Sequential(
            (0): Conv2d(96, 16, kernel_size=(1, 1), stride=(1, 1), bias=False)
            (1): InstanceNorm2d(16, eps=1e-05, momentum=0.1, affine=False, track_running_stats=False)
            (2): ReLU(inplace=True)
            (3): Conv2d(16, 16, kernel_size=(3, 3), stride=(1, 1), padding=(1, 1), bias=False)
            (4): InstanceNorm2d(16, eps=1e-05, momentum=0.1, affine=False, track_running_stats=False)
            (5): ReLU(inplace=True)
            (6): Conv2d(16, 16, kernel_size=(1, 1), stride=(1, 1), bias=False)
            (7): InstanceNorm2d(16, eps=1e-05, momentum=0.1, affine=False, track_running_stats=False)
          )
          (attention): SEAttention(
            (se): Sequential(
              (0): AdaptiveAvgPool2d(output_size=(1, 1))
              (1): Conv2d(16, 2, kernel_size=(1, 1), stride=(1, 1), bias=False)
              (2): ReLU(inplace=True)
              (3): Conv2d(2, 16, kernel_size=(1, 1), stride=(1, 1), bias=False)
              (4): Sigmoid()
            )
          )
        )
        (1): BottleneckBlock(
          (left): Sequential(
            (0): Conv2d(16, 16, kernel_size=(1, 1), stride=(1, 1), bias=False)
            (1): InstanceNorm2d(16, eps=1e-05, momentum=0.1, affine=False, track_running_stats=False)
            (2): ReLU(inplace=True)
            (3): Conv2d(16, 16, kernel_size=(3, 3), stride=(1, 1), padding=(1, 1), bias=False)
            (4): InstanceNorm2d(16, eps=1e-05, momentum=0.1, affine=False, track_running_stats=False)
            (5): ReLU(inplace=True)
            (6): Conv2d(16, 16, kernel_size=(1, 1), stride=(1, 1), bias=False)
            (7): InstanceNorm2d(16, eps=1e-05, momentum=0.1, affine=False, track_running_stats=False)
          )
          (attention): SEAttention(
            (se): Sequential(
              (0): AdaptiveAvgPool2d(output_size=(1, 1))
              (1): Conv2d(16, 2, kernel_size=(1, 1), stride=(1, 1), bias=False)
              (2): ReLU(inplace=True)
              (3): Conv2d(2, 16, kernel_size=(1, 1), stride=(1, 1), bias=False)
              (4): Sigmoid()
            )
          )
        )
      )
    )
    (Conv_1x1): Conv2d(19, 3, kernel_size=(1, 1), stride=(1, 1))
  )
  (bitdecoder): DW_Decoder(
    (conv1): ConvBlock(
      (layers): Sequential(
        (0): ConvINRelu(
          (layers): Sequential(
            (0): Conv2d(3, 16, kernel_size=(3, 3), stride=(1, 1), padding=(1, 1))
            (1): InstanceNorm2d(16, eps=1e-05, momentum=0.1, affine=False, track_running_stats=False)
            (2): ReLU(inplace=True)
          )
        )
        (1): ConvINRelu(
          (layers): Sequential(
            (0): Conv2d(16, 16, kernel_size=(3, 3), stride=(1, 1), padding=(1, 1))
            (1): InstanceNorm2d(16, eps=1e-05, momentum=0.1, affine=False, track_running_stats=False)
            (2): ReLU(inplace=True)
          )
        )
      )
    )
    (down1): Down(
      (layer): Sequential(
        (0): ConvBlock(
          (layers): Sequential(
            (0): ConvINRelu(
              (layers): Sequential(
                (0): Conv2d(16, 16, kernel_size=(3, 3), stride=(2, 2), padding=(1, 1))
                (1): InstanceNorm2d(16, eps=1e-05, momentum=0.1, affine=False, track_running_stats=False)
                (2): ReLU(inplace=True)
              )
            )
          )
        )
        (1): ConvBlock(
          (layers): Sequential(
            (0): ConvINRelu(
              (layers): Sequential(
                (0): Conv2d(16, 32, kernel_size=(3, 3), stride=(1, 1), padding=(1, 1))
                (1): InstanceNorm2d(32, eps=1e-05, momentum=0.1, affine=False, track_running_stats=False)
                (2): ReLU(inplace=True)
              )
            )
            (1): ConvINRelu(
              (layers): Sequential(
                (0): Conv2d(32, 32, kernel_size=(3, 3), stride=(1, 1), padding=(1, 1))
                (1): InstanceNorm2d(32, eps=1e-05, momentum=0.1, affine=False, track_running_stats=False)
                (2): ReLU(inplace=True)
              )
            )
          )
        )
      )
    )
    (down2): Down(
      (layer): Sequential(
        (0): ConvBlock(
          (layers): Sequential(
            (0): ConvINRelu(
              (layers): Sequential(
                (0): Conv2d(32, 32, kernel_size=(3, 3), stride=(2, 2), padding=(1, 1))
                (1): InstanceNorm2d(32, eps=1e-05, momentum=0.1, affine=False, track_running_stats=False)
                (2): ReLU(inplace=True)
              )
            )
          )
        )
        (1): ConvBlock(
          (layers): Sequential(
            (0): ConvINRelu(
              (layers): Sequential(
                (0): Conv2d(32, 64, kernel_size=(3, 3), stride=(1, 1), padding=(1, 1))
                (1): InstanceNorm2d(64, eps=1e-05, momentum=0.1, affine=False, track_running_stats=False)
                (2): ReLU(inplace=True)
              )
            )
            (1): ConvINRelu(
              (layers): Sequential(
                (0): Conv2d(64, 64, kernel_size=(3, 3), stride=(1, 1), padding=(1, 1))
                (1): InstanceNorm2d(64, eps=1e-05, momentum=0.1, affine=False, track_running_stats=False)
                (2): ReLU(inplace=True)
              )
            )
          )
        )
      )
    )
    (down3): Down(
      (layer): Sequential(
        (0): ConvBlock(
          (layers): Sequential(
            (0): ConvINRelu(
              (layers): Sequential(
                (0): Conv2d(64, 64, kernel_size=(3, 3), stride=(2, 2), padding=(1, 1))
                (1): InstanceNorm2d(64, eps=1e-05, momentum=0.1, affine=False, track_running_stats=False)
                (2): ReLU(inplace=True)
              )
            )
          )
        )
        (1): ConvBlock(
          (layers): Sequential(
            (0): ConvINRelu(
              (layers): Sequential(
                (0): Conv2d(64, 128, kernel_size=(3, 3), stride=(1, 1), padding=(1, 1))
                (1): InstanceNorm2d(128, eps=1e-05, momentum=0.1, affine=False, track_running_stats=False)
                (2): ReLU(inplace=True)
              )
            )
            (1): ConvINRelu(
              (layers): Sequential(
                (0): Conv2d(128, 128, kernel_size=(3, 3), stride=(1, 1), padding=(1, 1))
                (1): InstanceNorm2d(128, eps=1e-05, momentum=0.1, affine=False, track_running_stats=False)
                (2): ReLU(inplace=True)
              )
            )
          )
        )
      )
    )
    (up2): UP(
      (conv): ConvBlock(
        (layers): Sequential(
          (0): ConvINRelu(
            (layers): Sequential(
              (0): Conv2d(128, 64, kernel_size=(3, 3), stride=(1, 1), padding=(1, 1))
              (1): InstanceNorm2d(64, eps=1e-05, momentum=0.1, affine=False, track_running_stats=False)
              (2): ReLU(inplace=True)
            )
          )
        )
      )
    )
    (att2): ResBlock(
      (layers): Sequential(
        (0): BottleneckBlock(
          (change): Sequential(
            (0): Conv2d(128, 64, kernel_size=(1, 1), stride=(1, 1), bias=False)
            (1): InstanceNorm2d(64, eps=1e-05, momentum=0.1, affine=False, track_running_stats=False)
          )
          (left): Sequential(
            (0): Conv2d(128, 64, kernel_size=(1, 1), stride=(1, 1), bias=False)
            (1): InstanceNorm2d(64, eps=1e-05, momentum=0.1, affine=False, track_running_stats=False)
            (2): ReLU(inplace=True)
            (3): Conv2d(64, 64, kernel_size=(3, 3), stride=(1, 1), padding=(1, 1), bias=False)
            (4): InstanceNorm2d(64, eps=1e-05, momentum=0.1, affine=False, track_running_stats=False)
            (5): ReLU(inplace=True)
            (6): Conv2d(64, 64, kernel_size=(1, 1), stride=(1, 1), bias=False)
            (7): InstanceNorm2d(64, eps=1e-05, momentum=0.1, affine=False, track_running_stats=False)
          )
          (attention): SEAttention(
            (se): Sequential(
              (0): AdaptiveAvgPool2d(output_size=(1, 1))
              (1): Conv2d(64, 8, kernel_size=(1, 1), stride=(1, 1), bias=False)
              (2): ReLU(inplace=True)
              (3): Conv2d(8, 64, kernel_size=(1, 1), stride=(1, 1), bias=False)
              (4): Sigmoid()
            )
          )
        )
        (1): BottleneckBlock(
          (left): Sequential(
            (0): Conv2d(64, 64, kernel_size=(1, 1), stride=(1, 1), bias=False)
            (1): InstanceNorm2d(64, eps=1e-05, momentum=0.1, affine=False, track_running_stats=False)
            (2): ReLU(inplace=True)
            (3): Conv2d(64, 64, kernel_size=(3, 3), stride=(1, 1), padding=(1, 1), bias=False)
            (4): InstanceNorm2d(64, eps=1e-05, momentum=0.1, affine=False, track_running_stats=False)
            (5): ReLU(inplace=True)
            (6): Conv2d(64, 64, kernel_size=(1, 1), stride=(1, 1), bias=False)
            (7): InstanceNorm2d(64, eps=1e-05, momentum=0.1, affine=False, track_running_stats=False)
          )
          (attention): SEAttention(
            (se): Sequential(
              (0): AdaptiveAvgPool2d(output_size=(1, 1))
              (1): Conv2d(64, 8, kernel_size=(1, 1), stride=(1, 1), bias=False)
              (2): ReLU(inplace=True)
              (3): Conv2d(8, 64, kernel_size=(1, 1), stride=(1, 1), bias=False)
              (4): Sigmoid()
            )
          )
        )
      )
    )
    (up1): UP(
      (conv): ConvBlock(
        (layers): Sequential(
          (0): ConvINRelu(
            (layers): Sequential(
              (0): Conv2d(64, 32, kernel_size=(3, 3), stride=(1, 1), padding=(1, 1))
              (1): InstanceNorm2d(32, eps=1e-05, momentum=0.1, affine=False, track_running_stats=False)
              (2): ReLU(inplace=True)
            )
          )
        )
      )
    )
    (att1): ResBlock(
      (layers): Sequential(
        (0): BottleneckBlock(
          (change): Sequential(
            (0): Conv2d(64, 32, kernel_size=(1, 1), stride=(1, 1), bias=False)
            (1): InstanceNorm2d(32, eps=1e-05, momentum=0.1, affine=False, track_running_stats=False)
          )
          (left): Sequential(
            (0): Conv2d(64, 32, kernel_size=(1, 1), stride=(1, 1), bias=False)
            (1): InstanceNorm2d(32, eps=1e-05, momentum=0.1, affine=False, track_running_stats=False)
            (2): ReLU(inplace=True)
            (3): Conv2d(32, 32, kernel_size=(3, 3), stride=(1, 1), padding=(1, 1), bias=False)
            (4): InstanceNorm2d(32, eps=1e-05, momentum=0.1, affine=False, track_running_stats=False)
            (5): ReLU(inplace=True)
            (6): Conv2d(32, 32, kernel_size=(1, 1), stride=(1, 1), bias=False)
            (7): InstanceNorm2d(32, eps=1e-05, momentum=0.1, affine=False, track_running_stats=False)
          )
          (attention): SEAttention(
            (se): Sequential(
              (0): AdaptiveAvgPool2d(output_size=(1, 1))
              (1): Conv2d(32, 4, kernel_size=(1, 1), stride=(1, 1), bias=False)
              (2): ReLU(inplace=True)
              (3): Conv2d(4, 32, kernel_size=(1, 1), stride=(1, 1), bias=False)
              (4): Sigmoid()
            )
          )
        )
        (1): BottleneckBlock(
          (left): Sequential(
            (0): Conv2d(32, 32, kernel_size=(1, 1), stride=(1, 1), bias=False)
            (1): InstanceNorm2d(32, eps=1e-05, momentum=0.1, affine=False, track_running_stats=False)
            (2): ReLU(inplace=True)
            (3): Conv2d(32, 32, kernel_size=(3, 3), stride=(1, 1), padding=(1, 1), bias=False)
            (4): InstanceNorm2d(32, eps=1e-05, momentum=0.1, affine=False, track_running_stats=False)
            (5): ReLU(inplace=True)
            (6): Conv2d(32, 32, kernel_size=(1, 1), stride=(1, 1), bias=False)
            (7): InstanceNorm2d(32, eps=1e-05, momentum=0.1, affine=False, track_running_stats=False)
          )
          (attention): SEAttention(
            (se): Sequential(
              (0): AdaptiveAvgPool2d(output_size=(1, 1))
              (1): Conv2d(32, 4, kernel_size=(1, 1), stride=(1, 1), bias=False)
              (2): ReLU(inplace=True)
              (3): Conv2d(4, 32, kernel_size=(1, 1), stride=(1, 1), bias=False)
              (4): Sigmoid()
            )
          )
        )
      )
    )
    (up0): UP(
      (conv): ConvBlock(
        (layers): Sequential(
          (0): ConvINRelu(
            (layers): Sequential(
              (0): Conv2d(32, 16, kernel_size=(3, 3), stride=(1, 1), padding=(1, 1))
              (1): InstanceNorm2d(16, eps=1e-05, momentum=0.1, affine=False, track_running_stats=False)
              (2): ReLU(inplace=True)
            )
          )
        )
      )
    )
    (att0): ResBlock(
      (layers): Sequential(
        (0): BottleneckBlock(
          (change): Sequential(
            (0): Conv2d(32, 16, kernel_size=(1, 1), stride=(1, 1), bias=False)
            (1): InstanceNorm2d(16, eps=1e-05, momentum=0.1, affine=False, track_running_stats=False)
          )
          (left): Sequential(
            (0): Conv2d(32, 16, kernel_size=(1, 1), stride=(1, 1), bias=False)
            (1): InstanceNorm2d(16, eps=1e-05, momentum=0.1, affine=False, track_running_stats=False)
            (2): ReLU(inplace=True)
            (3): Conv2d(16, 16, kernel_size=(3, 3), stride=(1, 1), padding=(1, 1), bias=False)
            (4): InstanceNorm2d(16, eps=1e-05, momentum=0.1, affine=False, track_running_stats=False)
            (5): ReLU(inplace=True)
            (6): Conv2d(16, 16, kernel_size=(1, 1), stride=(1, 1), bias=False)
            (7): InstanceNorm2d(16, eps=1e-05, momentum=0.1, affine=False, track_running_stats=False)
          )
          (attention): SEAttention(
            (se): Sequential(
              (0): AdaptiveAvgPool2d(output_size=(1, 1))
              (1): Conv2d(16, 2, kernel_size=(1, 1), stride=(1, 1), bias=False)
              (2): ReLU(inplace=True)
              (3): Conv2d(2, 16, kernel_size=(1, 1), stride=(1, 1), bias=False)
              (4): Sigmoid()
            )
          )
        )
        (1): BottleneckBlock(
          (left): Sequential(
            (0): Conv2d(16, 16, kernel_size=(1, 1), stride=(1, 1), bias=False)
            (1): InstanceNorm2d(16, eps=1e-05, momentum=0.1, affine=False, track_running_stats=False)
            (2): ReLU(inplace=True)
            (3): Conv2d(16, 16, kernel_size=(3, 3), stride=(1, 1), padding=(1, 1), bias=False)
            (4): InstanceNorm2d(16, eps=1e-05, momentum=0.1, affine=False, track_running_stats=False)
            (5): ReLU(inplace=True)
            (6): Conv2d(16, 16, kernel_size=(1, 1), stride=(1, 1), bias=False)
            (7): InstanceNorm2d(16, eps=1e-05, momentum=0.1, affine=False, track_running_stats=False)
          )
          (attention): SEAttention(
            (se): Sequential(
              (0): AdaptiveAvgPool2d(output_size=(1, 1))
              (1): Conv2d(16, 2, kernel_size=(1, 1), stride=(1, 1), bias=False)
              (2): ReLU(inplace=True)
              (3): Conv2d(2, 16, kernel_size=(1, 1), stride=(1, 1), bias=False)
              (4): Sigmoid()
            )
          )
        )
      )
    )
    (Conv_1x1): Conv2d(16, 1, kernel_size=(1, 1), stride=(1, 1), bias=False)
    (message_layer): Linear(in_features=4096, out_features=64, bias=True)
  )
  (irn): InvNN(
    (operations): ModuleList(
      (0-11): 12 x InvBlock(
        (F): DenseBlock(
          (conv1): Conv2d(12, 32, kernel_size=(3, 3), stride=(1, 1), padding=(1, 1))
          (conv2): Conv2d(44, 32, kernel_size=(3, 3), stride=(1, 1), padding=(1, 1))
          (conv3): Conv2d(76, 32, kernel_size=(3, 3), stride=(1, 1), padding=(1, 1))
          (conv4): Conv2d(108, 32, kernel_size=(3, 3), stride=(1, 1), padding=(1, 1))
          (conv5): Conv2d(140, 12, kernel_size=(3, 3), stride=(1, 1), padding=(1, 1))
          (lrelu): LeakyReLU(negative_slope=0.2, inplace=True)
        )
        (NF): NAFBlock(
          (conv1): Conv2d(12, 24, kernel_size=(1, 1), stride=(1, 1))
          (conv2): Conv2d(24, 24, kernel_size=(3, 3), stride=(1, 1), padding=(1, 1), groups=24)
          (conv3): Conv2d(12, 12, kernel_size=(1, 1), stride=(1, 1))
          (sca): Sequential(
            (0): AdaptiveAvgPool2d(output_size=1)
            (1): Conv2d(12, 12, kernel_size=(1, 1), stride=(1, 1))
          )
          (sg): SimpleGate()
          (conv4): Conv2d(12, 24, kernel_size=(1, 1), stride=(1, 1))
          (conv5): Conv2d(12, 12, kernel_size=(1, 1), stride=(1, 1))
          (norm1): LayerNorm2d()
          (norm2): LayerNorm2d()
          (dropout1): Identity()
          (dropout2): Identity()
        )
        (G): DenseBlock(
          (conv1): Conv2d(12, 32, kernel_size=(3, 3), stride=(1, 1), padding=(1, 1))
          (conv2): Conv2d(44, 32, kernel_size=(3, 3), stride=(1, 1), padding=(1, 1))
          (conv3): Conv2d(76, 32, kernel_size=(3, 3), stride=(1, 1), padding=(1, 1))
          (conv4): Conv2d(108, 32, kernel_size=(3, 3), stride=(1, 1), padding=(1, 1))
          (conv5): Conv2d(140, 12, kernel_size=(3, 3), stride=(1, 1), padding=(1, 1))
          (lrelu): LeakyReLU(negative_slope=0.2, inplace=True)
        )
        (NG): NAFBlock(
          (conv1): Conv2d(12, 24, kernel_size=(1, 1), stride=(1, 1))
          (conv2): Conv2d(24, 24, kernel_size=(3, 3), stride=(1, 1), padding=(1, 1), groups=24)
          (conv3): Conv2d(12, 12, kernel_size=(1, 1), stride=(1, 1))
          (sca): Sequential(
            (0): AdaptiveAvgPool2d(output_size=1)
            (1): Conv2d(12, 12, kernel_size=(1, 1), stride=(1, 1))
          )
          (sg): SimpleGate()
          (conv4): Conv2d(12, 24, kernel_size=(1, 1), stride=(1, 1))
          (conv5): Conv2d(12, 12, kernel_size=(1, 1), stride=(1, 1))
          (norm1): LayerNorm2d()
          (norm2): LayerNorm2d()
          (dropout1): Identity()
          (dropout2): Identity()
        )
        (H): DenseBlock(
          (conv1): Conv2d(12, 32, kernel_size=(3, 3), stride=(1, 1), padding=(1, 1))
          (conv2): Conv2d(44, 32, kernel_size=(3, 3), stride=(1, 1), padding=(1, 1))
          (conv3): Conv2d(76, 32, kernel_size=(3, 3), stride=(1, 1), padding=(1, 1))
          (conv4): Conv2d(108, 32, kernel_size=(3, 3), stride=(1, 1), padding=(1, 1))
          (conv5): Conv2d(140, 12, kernel_size=(3, 3), stride=(1, 1), padding=(1, 1))
          (lrelu): LeakyReLU(negative_slope=0.2, inplace=True)
        )
        (NH): NAFBlock(
          (conv1): Conv2d(12, 24, kernel_size=(1, 1), stride=(1, 1))
          (conv2): Conv2d(24, 24, kernel_size=(3, 3), stride=(1, 1), padding=(1, 1), groups=24)
          (conv3): Conv2d(12, 12, kernel_size=(1, 1), stride=(1, 1))
          (sca): Sequential(
            (0): AdaptiveAvgPool2d(output_size=1)
            (1): Conv2d(12, 12, kernel_size=(1, 1), stride=(1, 1))
          )
          (sg): SimpleGate()
          (conv4): Conv2d(12, 24, kernel_size=(1, 1), stride=(1, 1))
          (conv5): Conv2d(12, 12, kernel_size=(1, 1), stride=(1, 1))
          (norm1): LayerNorm2d()
          (norm2): LayerNorm2d()
          (dropout1): Identity()
          (dropout2): Identity()
        )
      )
    )
  )
  (pm): PredictiveModuleMIMO_prompt(
    (conv_in): Conv2d(12, 12, kernel_size=(3, 3), stride=(1, 1), padding=(1, 1))
    (res_block): Sequential(
      (0): ResidualBlockNoBN(
        (conv1): Conv2d(12, 12, kernel_size=(3, 3), stride=(1, 1), padding=(1, 1))
        (conv2): Conv2d(12, 12, kernel_size=(3, 3), stride=(1, 1), padding=(1, 1))
        (relu): LeakyReLU(negative_slope=0.2, inplace=True)
      )
      (1): ResidualBlockNoBN(
        (conv1): Conv2d(12, 12, kernel_size=(3, 3), stride=(1, 1), padding=(1, 1))
        (conv2): Conv2d(12, 12, kernel_size=(3, 3), stride=(1, 1), padding=(1, 1))
        (relu): LeakyReLU(negative_slope=0.2, inplace=True)
      )
      (2): ResidualBlockNoBN(
        (conv1): Conv2d(12, 12, kernel_size=(3, 3), stride=(1, 1), padding=(1, 1))
        (conv2): Conv2d(12, 12, kernel_size=(3, 3), stride=(1, 1), padding=(1, 1))
        (relu): LeakyReLU(negative_slope=0.2, inplace=True)
      )
      (3): ResidualBlockNoBN(
        (conv1): Conv2d(12, 12, kernel_size=(3, 3), stride=(1, 1), padding=(1, 1))
        (conv2): Conv2d(12, 12, kernel_size=(3, 3), stride=(1, 1), padding=(1, 1))
        (relu): LeakyReLU(negative_slope=0.2, inplace=True)
      )
      (4): ResidualBlockNoBN(
        (conv1): Conv2d(12, 12, kernel_size=(3, 3), stride=(1, 1), padding=(1, 1))
        (conv2): Conv2d(12, 12, kernel_size=(3, 3), stride=(1, 1), padding=(1, 1))
        (relu): LeakyReLU(negative_slope=0.2, inplace=True)
      )
      (5): ResidualBlockNoBN(
        (conv1): Conv2d(12, 12, kernel_size=(3, 3), stride=(1, 1), padding=(1, 1))
        (conv2): Conv2d(12, 12, kernel_size=(3, 3), stride=(1, 1), padding=(1, 1))
        (relu): LeakyReLU(negative_slope=0.2, inplace=True)
      )
      (6): ResidualBlockNoBN(
        (conv1): Conv2d(12, 12, kernel_size=(3, 3), stride=(1, 1), padding=(1, 1))
        (conv2): Conv2d(12, 12, kernel_size=(3, 3), stride=(1, 1), padding=(1, 1))
        (relu): LeakyReLU(negative_slope=0.2, inplace=True)
      )
      (7): ResidualBlockNoBN(
        (conv1): Conv2d(12, 12, kernel_size=(3, 3), stride=(1, 1), padding=(1, 1))
        (conv2): Conv2d(12, 12, kernel_size=(3, 3), stride=(1, 1), padding=(1, 1))
        (relu): LeakyReLU(negative_slope=0.2, inplace=True)
      )
    )
    (transformer_block): Sequential(
      (0): TransformerBlock(
        (norm1): LayerNorm(
          (body): WithBias_LayerNorm()
        )
        (attn): Attention(
          (qkv): Conv2d(12, 36, kernel_size=(1, 1), stride=(1, 1), bias=False)
          (qkv_dwconv): Conv2d(36, 36, kernel_size=(3, 3), stride=(1, 1), padding=(1, 1), groups=36, bias=False)
          (project_out): Conv2d(12, 12, kernel_size=(1, 1), stride=(1, 1), bias=False)
        )
        (norm2): LayerNorm(
          (body): WithBias_LayerNorm()
        )
        (ffn): FeedForward(
          (project_in): Conv2d(12, 96, kernel_size=(1, 1), stride=(1, 1), bias=False)
          (dwconv): Conv2d(96, 96, kernel_size=(3, 3), stride=(1, 1), padding=(1, 1), groups=96, bias=False)
          (project_out): Conv2d(48, 12, kernel_size=(1, 1), stride=(1, 1), bias=False)
        )
      )
      (1): TransformerBlock(
        (norm1): LayerNorm(
          (body): WithBias_LayerNorm()
        )
        (attn): Attention(
          (qkv): Conv2d(12, 36, kernel_size=(1, 1), stride=(1, 1), bias=False)
          (qkv_dwconv): Conv2d(36, 36, kernel_size=(3, 3), stride=(1, 1), padding=(1, 1), groups=36, bias=False)
          (project_out): Conv2d(12, 12, kernel_size=(1, 1), stride=(1, 1), bias=False)
        )
        (norm2): LayerNorm(
          (body): WithBias_LayerNorm()
        )
        (ffn): FeedForward(
          (project_in): Conv2d(12, 96, kernel_size=(1, 1), stride=(1, 1), bias=False)
          (dwconv): Conv2d(96, 96, kernel_size=(3, 3), stride=(1, 1), padding=(1, 1), groups=96, bias=False)
          (project_out): Conv2d(48, 12, kernel_size=(1, 1), stride=(1, 1), bias=False)
        )
      )
      (2): TransformerBlock(
        (norm1): LayerNorm(
          (body): WithBias_LayerNorm()
        )
        (attn): Attention(
          (qkv): Conv2d(12, 36, kernel_size=(1, 1), stride=(1, 1), bias=False)
          (qkv_dwconv): Conv2d(36, 36, kernel_size=(3, 3), stride=(1, 1), padding=(1, 1), groups=36, bias=False)
          (project_out): Conv2d(12, 12, kernel_size=(1, 1), stride=(1, 1), bias=False)
        )
        (norm2): LayerNorm(
          (body): WithBias_LayerNorm()
        )
        (ffn): FeedForward(
          (project_in): Conv2d(12, 96, kernel_size=(1, 1), stride=(1, 1), bias=False)
          (dwconv): Conv2d(96, 96, kernel_size=(3, 3), stride=(1, 1), padding=(1, 1), groups=96, bias=False)
          (project_out): Conv2d(48, 12, kernel_size=(1, 1), stride=(1, 1), bias=False)
        )
      )
      (3): TransformerBlock(
        (norm1): LayerNorm(
          (body): WithBias_LayerNorm()
        )
        (attn): Attention(
          (qkv): Conv2d(12, 36, kernel_size=(1, 1), stride=(1, 1), bias=False)
          (qkv_dwconv): Conv2d(36, 36, kernel_size=(3, 3), stride=(1, 1), padding=(1, 1), groups=36, bias=False)
          (project_out): Conv2d(12, 12, kernel_size=(1, 1), stride=(1, 1), bias=False)
        )
        (norm2): LayerNorm(
          (body): WithBias_LayerNorm()
        )
        (ffn): FeedForward(
          (project_in): Conv2d(12, 96, kernel_size=(1, 1), stride=(1, 1), bias=False)
          (dwconv): Conv2d(96, 96, kernel_size=(3, 3), stride=(1, 1), padding=(1, 1), groups=96, bias=False)
          (project_out): Conv2d(48, 12, kernel_size=(1, 1), stride=(1, 1), bias=False)
        )
      )
    )
    (prompt): PromptGenBlock(
      (linear_layer): Linear(in_features=12, out_features=3, bias=True)
      (conv3x3): Conv2d(12, 12, kernel_size=(3, 3), stride=(1, 1), padding=(1, 1), bias=False)
    )
    (fuse): Conv2d(24, 12, kernel_size=(3, 3), stride=(1, 1), padding=(1, 1))
  )
)
25-06-22 13:38:59.638 - INFO: Loading model for G [/workspace/EditGuard-V1/experiments/train_ibsn_bit_64/models/75000_G.pth] ...
2025-06-22 13:38:59,638 - INFO - Loading model for G [/workspace/EditGuard-V1/experiments/train_ibsn_bit_64/models/75000_G.pth] ...
25-06-22 13:38:59.838 - WARNING: Params [module.irn.operations.0.F.conv1.weight] will not optimize.
2025-06-22 13:38:59,838 - WARNING - Params [module.irn.operations.0.F.conv1.weight] will not optimize.
25-06-22 13:38:59.838 - WARNING: Params [module.irn.operations.0.F.conv1.bias] will not optimize.
2025-06-22 13:38:59,838 - WARNING - Params [module.irn.operations.0.F.conv1.bias] will not optimize.
25-06-22 13:38:59.838 - WARNING: Params [module.irn.operations.0.F.conv2.weight] will not optimize.
2025-06-22 13:38:59,838 - WARNING - Params [module.irn.operations.0.F.conv2.weight] will not optimize.
25-06-22 13:38:59.838 - WARNING: Params [module.irn.operations.0.F.conv2.bias] will not optimize.
2025-06-22 13:38:59,838 - WARNING - Params [module.irn.operations.0.F.conv2.bias] will not optimize.
25-06-22 13:38:59.838 - WARNING: Params [module.irn.operations.0.F.conv3.weight] will not optimize.
2025-06-22 13:38:59,838 - WARNING - Params [module.irn.operations.0.F.conv3.weight] will not optimize.
25-06-22 13:38:59.839 - WARNING: Params [module.irn.operations.0.F.conv3.bias] will not optimize.
2025-06-22 13:38:59,839 - WARNING - Params [module.irn.operations.0.F.conv3.bias] will not optimize.
25-06-22 13:38:59.839 - WARNING: Params [module.irn.operations.0.F.conv4.weight] will not optimize.
2025-06-22 13:38:59,839 - WARNING - Params [module.irn.operations.0.F.conv4.weight] will not optimize.
25-06-22 13:38:59.839 - WARNING: Params [module.irn.operations.0.F.conv4.bias] will not optimize.
2025-06-22 13:38:59,839 - WARNING - Params [module.irn.operations.0.F.conv4.bias] will not optimize.
25-06-22 13:38:59.839 - WARNING: Params [module.irn.operations.0.F.conv5.weight] will not optimize.
2025-06-22 13:38:59,839 - WARNING - Params [module.irn.operations.0.F.conv5.weight] will not optimize.
25-06-22 13:38:59.839 - WARNING: Params [module.irn.operations.0.F.conv5.bias] will not optimize.
2025-06-22 13:38:59,839 - WARNING - Params [module.irn.operations.0.F.conv5.bias] will not optimize.
25-06-22 13:38:59.839 - WARNING: Params [module.irn.operations.0.NF.beta] will not optimize.
2025-06-22 13:38:59,839 - WARNING - Params [module.irn.operations.0.NF.beta] will not optimize.
25-06-22 13:38:59.839 - WARNING: Params [module.irn.operations.0.NF.gamma] will not optimize.
2025-06-22 13:38:59,839 - WARNING - Params [module.irn.operations.0.NF.gamma] will not optimize.
25-06-22 13:38:59.839 - WARNING: Params [module.irn.operations.0.NF.conv1.weight] will not optimize.
2025-06-22 13:38:59,839 - WARNING - Params [module.irn.operations.0.NF.conv1.weight] will not optimize.
25-06-22 13:38:59.839 - WARNING: Params [module.irn.operations.0.NF.conv1.bias] will not optimize.
2025-06-22 13:38:59,839 - WARNING - Params [module.irn.operations.0.NF.conv1.bias] will not optimize.
25-06-22 13:38:59.839 - WARNING: Params [module.irn.operations.0.NF.conv2.weight] will not optimize.
2025-06-22 13:38:59,839 - WARNING - Params [module.irn.operations.0.NF.conv2.weight] will not optimize.
25-06-22 13:38:59.839 - WARNING: Params [module.irn.operations.0.NF.conv2.bias] will not optimize.
2025-06-22 13:38:59,839 - WARNING - Params [module.irn.operations.0.NF.conv2.bias] will not optimize.
25-06-22 13:38:59.839 - WARNING: Params [module.irn.operations.0.NF.conv3.weight] will not optimize.
2025-06-22 13:38:59,839 - WARNING - Params [module.irn.operations.0.NF.conv3.weight] will not optimize.
25-06-22 13:38:59.839 - WARNING: Params [module.irn.operations.0.NF.conv3.bias] will not optimize.
2025-06-22 13:38:59,839 - WARNING - Params [module.irn.operations.0.NF.conv3.bias] will not optimize.
25-06-22 13:38:59.839 - WARNING: Params [module.irn.operations.0.NF.sca.1.weight] will not optimize.
2025-06-22 13:38:59,839 - WARNING - Params [module.irn.operations.0.NF.sca.1.weight] will not optimize.
25-06-22 13:38:59.839 - WARNING: Params [module.irn.operations.0.NF.sca.1.bias] will not optimize.
2025-06-22 13:38:59,839 - WARNING - Params [module.irn.operations.0.NF.sca.1.bias] will not optimize.
25-06-22 13:38:59.839 - WARNING: Params [module.irn.operations.0.NF.conv4.weight] will not optimize.
2025-06-22 13:38:59,839 - WARNING - Params [module.irn.operations.0.NF.conv4.weight] will not optimize.
25-06-22 13:38:59.839 - WARNING: Params [module.irn.operations.0.NF.conv4.bias] will not optimize.
2025-06-22 13:38:59,839 - WARNING - Params [module.irn.operations.0.NF.conv4.bias] will not optimize.
25-06-22 13:38:59.839 - WARNING: Params [module.irn.operations.0.NF.conv5.weight] will not optimize.
2025-06-22 13:38:59,839 - WARNING - Params [module.irn.operations.0.NF.conv5.weight] will not optimize.
25-06-22 13:38:59.840 - WARNING: Params [module.irn.operations.0.NF.conv5.bias] will not optimize.
2025-06-22 13:38:59,840 - WARNING - Params [module.irn.operations.0.NF.conv5.bias] will not optimize.
25-06-22 13:38:59.840 - WARNING: Params [module.irn.operations.0.NF.norm1.weight] will not optimize.
2025-06-22 13:38:59,840 - WARNING - Params [module.irn.operations.0.NF.norm1.weight] will not optimize.
25-06-22 13:38:59.840 - WARNING: Params [module.irn.operations.0.NF.norm1.bias] will not optimize.
2025-06-22 13:38:59,840 - WARNING - Params [module.irn.operations.0.NF.norm1.bias] will not optimize.
25-06-22 13:38:59.840 - WARNING: Params [module.irn.operations.0.NF.norm2.weight] will not optimize.
2025-06-22 13:38:59,840 - WARNING - Params [module.irn.operations.0.NF.norm2.weight] will not optimize.
25-06-22 13:38:59.840 - WARNING: Params [module.irn.operations.0.NF.norm2.bias] will not optimize.
2025-06-22 13:38:59,840 - WARNING - Params [module.irn.operations.0.NF.norm2.bias] will not optimize.
25-06-22 13:38:59.840 - WARNING: Params [module.irn.operations.0.G.conv1.weight] will not optimize.
2025-06-22 13:38:59,840 - WARNING - Params [module.irn.operations.0.G.conv1.weight] will not optimize.
25-06-22 13:38:59.840 - WARNING: Params [module.irn.operations.0.G.conv1.bias] will not optimize.
2025-06-22 13:38:59,840 - WARNING - Params [module.irn.operations.0.G.conv1.bias] will not optimize.
25-06-22 13:38:59.840 - WARNING: Params [module.irn.operations.0.G.conv2.weight] will not optimize.
2025-06-22 13:38:59,840 - WARNING - Params [module.irn.operations.0.G.conv2.weight] will not optimize.
25-06-22 13:38:59.840 - WARNING: Params [module.irn.operations.0.G.conv2.bias] will not optimize.
2025-06-22 13:38:59,840 - WARNING - Params [module.irn.operations.0.G.conv2.bias] will not optimize.
25-06-22 13:38:59.840 - WARNING: Params [module.irn.operations.0.G.conv3.weight] will not optimize.
2025-06-22 13:38:59,840 - WARNING - Params [module.irn.operations.0.G.conv3.weight] will not optimize.
25-06-22 13:38:59.840 - WARNING: Params [module.irn.operations.0.G.conv3.bias] will not optimize.
2025-06-22 13:38:59,840 - WARNING - Params [module.irn.operations.0.G.conv3.bias] will not optimize.
25-06-22 13:38:59.840 - WARNING: Params [module.irn.operations.0.G.conv4.weight] will not optimize.
2025-06-22 13:38:59,840 - WARNING - Params [module.irn.operations.0.G.conv4.weight] will not optimize.
25-06-22 13:38:59.840 - WARNING: Params [module.irn.operations.0.G.conv4.bias] will not optimize.
2025-06-22 13:38:59,840 - WARNING - Params [module.irn.operations.0.G.conv4.bias] will not optimize.
25-06-22 13:38:59.840 - WARNING: Params [module.irn.operations.0.G.conv5.weight] will not optimize.
2025-06-22 13:38:59,840 - WARNING - Params [module.irn.operations.0.G.conv5.weight] will not optimize.
25-06-22 13:38:59.840 - WARNING: Params [module.irn.operations.0.G.conv5.bias] will not optimize.
2025-06-22 13:38:59,840 - WARNING - Params [module.irn.operations.0.G.conv5.bias] will not optimize.
25-06-22 13:38:59.840 - WARNING: Params [module.irn.operations.0.NG.beta] will not optimize.
2025-06-22 13:38:59,840 - WARNING - Params [module.irn.operations.0.NG.beta] will not optimize.
25-06-22 13:38:59.840 - WARNING: Params [module.irn.operations.0.NG.gamma] will not optimize.
2025-06-22 13:38:59,840 - WARNING - Params [module.irn.operations.0.NG.gamma] will not optimize.
25-06-22 13:38:59.840 - WARNING: Params [module.irn.operations.0.NG.conv1.weight] will not optimize.
2025-06-22 13:38:59,840 - WARNING - Params [module.irn.operations.0.NG.conv1.weight] will not optimize.
25-06-22 13:38:59.841 - WARNING: Params [module.irn.operations.0.NG.conv1.bias] will not optimize.
2025-06-22 13:38:59,841 - WARNING - Params [module.irn.operations.0.NG.conv1.bias] will not optimize.
25-06-22 13:38:59.841 - WARNING: Params [module.irn.operations.0.NG.conv2.weight] will not optimize.
2025-06-22 13:38:59,841 - WARNING - Params [module.irn.operations.0.NG.conv2.weight] will not optimize.
25-06-22 13:38:59.841 - WARNING: Params [module.irn.operations.0.NG.conv2.bias] will not optimize.
2025-06-22 13:38:59,841 - WARNING - Params [module.irn.operations.0.NG.conv2.bias] will not optimize.
25-06-22 13:38:59.841 - WARNING: Params [module.irn.operations.0.NG.conv3.weight] will not optimize.
2025-06-22 13:38:59,841 - WARNING - Params [module.irn.operations.0.NG.conv3.weight] will not optimize.
25-06-22 13:38:59.841 - WARNING: Params [module.irn.operations.0.NG.conv3.bias] will not optimize.
2025-06-22 13:38:59,841 - WARNING - Params [module.irn.operations.0.NG.conv3.bias] will not optimize.
25-06-22 13:38:59.841 - WARNING: Params [module.irn.operations.0.NG.sca.1.weight] will not optimize.
2025-06-22 13:38:59,841 - WARNING - Params [module.irn.operations.0.NG.sca.1.weight] will not optimize.
25-06-22 13:38:59.841 - WARNING: Params [module.irn.operations.0.NG.sca.1.bias] will not optimize.
2025-06-22 13:38:59,841 - WARNING - Params [module.irn.operations.0.NG.sca.1.bias] will not optimize.
25-06-22 13:38:59.841 - WARNING: Params [module.irn.operations.0.NG.conv4.weight] will not optimize.
2025-06-22 13:38:59,841 - WARNING - Params [module.irn.operations.0.NG.conv4.weight] will not optimize.
25-06-22 13:38:59.841 - WARNING: Params [module.irn.operations.0.NG.conv4.bias] will not optimize.
2025-06-22 13:38:59,841 - WARNING - Params [module.irn.operations.0.NG.conv4.bias] will not optimize.
25-06-22 13:38:59.841 - WARNING: Params [module.irn.operations.0.NG.conv5.weight] will not optimize.
2025-06-22 13:38:59,841 - WARNING - Params [module.irn.operations.0.NG.conv5.weight] will not optimize.
25-06-22 13:38:59.841 - WARNING: Params [module.irn.operations.0.NG.conv5.bias] will not optimize.
2025-06-22 13:38:59,841 - WARNING - Params [module.irn.operations.0.NG.conv5.bias] will not optimize.
25-06-22 13:38:59.841 - WARNING: Params [module.irn.operations.0.NG.norm1.weight] will not optimize.
2025-06-22 13:38:59,841 - WARNING - Params [module.irn.operations.0.NG.norm1.weight] will not optimize.
25-06-22 13:38:59.841 - WARNING: Params [module.irn.operations.0.NG.norm1.bias] will not optimize.
2025-06-22 13:38:59,841 - WARNING - Params [module.irn.operations.0.NG.norm1.bias] will not optimize.
25-06-22 13:38:59.841 - WARNING: Params [module.irn.operations.0.NG.norm2.weight] will not optimize.
2025-06-22 13:38:59,841 - WARNING - Params [module.irn.operations.0.NG.norm2.weight] will not optimize.
25-06-22 13:38:59.841 - WARNING: Params [module.irn.operations.0.NG.norm2.bias] will not optimize.
2025-06-22 13:38:59,841 - WARNING - Params [module.irn.operations.0.NG.norm2.bias] will not optimize.
25-06-22 13:38:59.841 - WARNING: Params [module.irn.operations.0.H.conv1.weight] will not optimize.
2025-06-22 13:38:59,841 - WARNING - Params [module.irn.operations.0.H.conv1.weight] will not optimize.
25-06-22 13:38:59.841 - WARNING: Params [module.irn.operations.0.H.conv1.bias] will not optimize.
2025-06-22 13:38:59,841 - WARNING - Params [module.irn.operations.0.H.conv1.bias] will not optimize.
25-06-22 13:38:59.841 - WARNING: Params [module.irn.operations.0.H.conv2.weight] will not optimize.
2025-06-22 13:38:59,841 - WARNING - Params [module.irn.operations.0.H.conv2.weight] will not optimize.
25-06-22 13:38:59.842 - WARNING: Params [module.irn.operations.0.H.conv2.bias] will not optimize.
2025-06-22 13:38:59,842 - WARNING - Params [module.irn.operations.0.H.conv2.bias] will not optimize.
25-06-22 13:38:59.842 - WARNING: Params [module.irn.operations.0.H.conv3.weight] will not optimize.
2025-06-22 13:38:59,842 - WARNING - Params [module.irn.operations.0.H.conv3.weight] will not optimize.
25-06-22 13:38:59.842 - WARNING: Params [module.irn.operations.0.H.conv3.bias] will not optimize.
2025-06-22 13:38:59,842 - WARNING - Params [module.irn.operations.0.H.conv3.bias] will not optimize.
25-06-22 13:38:59.842 - WARNING: Params [module.irn.operations.0.H.conv4.weight] will not optimize.
2025-06-22 13:38:59,842 - WARNING - Params [module.irn.operations.0.H.conv4.weight] will not optimize.
25-06-22 13:38:59.842 - WARNING: Params [module.irn.operations.0.H.conv4.bias] will not optimize.
2025-06-22 13:38:59,842 - WARNING - Params [module.irn.operations.0.H.conv4.bias] will not optimize.
25-06-22 13:38:59.842 - WARNING: Params [module.irn.operations.0.H.conv5.weight] will not optimize.
2025-06-22 13:38:59,842 - WARNING - Params [module.irn.operations.0.H.conv5.weight] will not optimize.
25-06-22 13:38:59.842 - WARNING: Params [module.irn.operations.0.H.conv5.bias] will not optimize.
2025-06-22 13:38:59,842 - WARNING - Params [module.irn.operations.0.H.conv5.bias] will not optimize.
25-06-22 13:38:59.842 - WARNING: Params [module.irn.operations.0.NH.beta] will not optimize.
2025-06-22 13:38:59,842 - WARNING - Params [module.irn.operations.0.NH.beta] will not optimize.
25-06-22 13:38:59.842 - WARNING: Params [module.irn.operations.0.NH.gamma] will not optimize.
2025-06-22 13:38:59,842 - WARNING - Params [module.irn.operations.0.NH.gamma] will not optimize.
25-06-22 13:38:59.842 - WARNING: Params [module.irn.operations.0.NH.conv1.weight] will not optimize.
2025-06-22 13:38:59,842 - WARNING - Params [module.irn.operations.0.NH.conv1.weight] will not optimize.
25-06-22 13:38:59.842 - WARNING: Params [module.irn.operations.0.NH.conv1.bias] will not optimize.
2025-06-22 13:38:59,842 - WARNING - Params [module.irn.operations.0.NH.conv1.bias] will not optimize.
25-06-22 13:38:59.842 - WARNING: Params [module.irn.operations.0.NH.conv2.weight] will not optimize.
2025-06-22 13:38:59,842 - WARNING - Params [module.irn.operations.0.NH.conv2.weight] will not optimize.
25-06-22 13:38:59.842 - WARNING: Params [module.irn.operations.0.NH.conv2.bias] will not optimize.
2025-06-22 13:38:59,842 - WARNING - Params [module.irn.operations.0.NH.conv2.bias] will not optimize.
25-06-22 13:38:59.842 - WARNING: Params [module.irn.operations.0.NH.conv3.weight] will not optimize.
2025-06-22 13:38:59,842 - WARNING - Params [module.irn.operations.0.NH.conv3.weight] will not optimize.
25-06-22 13:38:59.842 - WARNING: Params [module.irn.operations.0.NH.conv3.bias] will not optimize.
2025-06-22 13:38:59,842 - WARNING - Params [module.irn.operations.0.NH.conv3.bias] will not optimize.
25-06-22 13:38:59.842 - WARNING: Params [module.irn.operations.0.NH.sca.1.weight] will not optimize.
2025-06-22 13:38:59,842 - WARNING - Params [module.irn.operations.0.NH.sca.1.weight] will not optimize.
25-06-22 13:38:59.842 - WARNING: Params [module.irn.operations.0.NH.sca.1.bias] will not optimize.
2025-06-22 13:38:59,842 - WARNING - Params [module.irn.operations.0.NH.sca.1.bias] will not optimize.
25-06-22 13:38:59.842 - WARNING: Params [module.irn.operations.0.NH.conv4.weight] will not optimize.
2025-06-22 13:38:59,842 - WARNING - Params [module.irn.operations.0.NH.conv4.weight] will not optimize.
25-06-22 13:38:59.843 - WARNING: Params [module.irn.operations.0.NH.conv4.bias] will not optimize.
2025-06-22 13:38:59,843 - WARNING - Params [module.irn.operations.0.NH.conv4.bias] will not optimize.
25-06-22 13:38:59.843 - WARNING: Params [module.irn.operations.0.NH.conv5.weight] will not optimize.
2025-06-22 13:38:59,843 - WARNING - Params [module.irn.operations.0.NH.conv5.weight] will not optimize.
25-06-22 13:38:59.843 - WARNING: Params [module.irn.operations.0.NH.conv5.bias] will not optimize.
2025-06-22 13:38:59,843 - WARNING - Params [module.irn.operations.0.NH.conv5.bias] will not optimize.
25-06-22 13:38:59.843 - WARNING: Params [module.irn.operations.0.NH.norm1.weight] will not optimize.
2025-06-22 13:38:59,843 - WARNING - Params [module.irn.operations.0.NH.norm1.weight] will not optimize.
25-06-22 13:38:59.843 - WARNING: Params [module.irn.operations.0.NH.norm1.bias] will not optimize.
2025-06-22 13:38:59,843 - WARNING - Params [module.irn.operations.0.NH.norm1.bias] will not optimize.
25-06-22 13:38:59.843 - WARNING: Params [module.irn.operations.0.NH.norm2.weight] will not optimize.
2025-06-22 13:38:59,843 - WARNING - Params [module.irn.operations.0.NH.norm2.weight] will not optimize.
25-06-22 13:38:59.843 - WARNING: Params [module.irn.operations.0.NH.norm2.bias] will not optimize.
2025-06-22 13:38:59,843 - WARNING - Params [module.irn.operations.0.NH.norm2.bias] will not optimize.
25-06-22 13:38:59.843 - WARNING: Params [module.irn.operations.1.F.conv1.weight] will not optimize.
2025-06-22 13:38:59,843 - WARNING - Params [module.irn.operations.1.F.conv1.weight] will not optimize.
25-06-22 13:38:59.843 - WARNING: Params [module.irn.operations.1.F.conv1.bias] will not optimize.
2025-06-22 13:38:59,843 - WARNING - Params [module.irn.operations.1.F.conv1.bias] will not optimize.
25-06-22 13:38:59.843 - WARNING: Params [module.irn.operations.1.F.conv2.weight] will not optimize.
2025-06-22 13:38:59,843 - WARNING - Params [module.irn.operations.1.F.conv2.weight] will not optimize.
25-06-22 13:38:59.843 - WARNING: Params [module.irn.operations.1.F.conv2.bias] will not optimize.
2025-06-22 13:38:59,843 - WARNING - Params [module.irn.operations.1.F.conv2.bias] will not optimize.
25-06-22 13:38:59.843 - WARNING: Params [module.irn.operations.1.F.conv3.weight] will not optimize.
2025-06-22 13:38:59,843 - WARNING - Params [module.irn.operations.1.F.conv3.weight] will not optimize.
25-06-22 13:38:59.843 - WARNING: Params [module.irn.operations.1.F.conv3.bias] will not optimize.
2025-06-22 13:38:59,843 - WARNING - Params [module.irn.operations.1.F.conv3.bias] will not optimize.
25-06-22 13:38:59.843 - WARNING: Params [module.irn.operations.1.F.conv4.weight] will not optimize.
2025-06-22 13:38:59,843 - WARNING - Params [module.irn.operations.1.F.conv4.weight] will not optimize.
25-06-22 13:38:59.843 - WARNING: Params [module.irn.operations.1.F.conv4.bias] will not optimize.
2025-06-22 13:38:59,843 - WARNING - Params [module.irn.operations.1.F.conv4.bias] will not optimize.
25-06-22 13:38:59.843 - WARNING: Params [module.irn.operations.1.F.conv5.weight] will not optimize.
2025-06-22 13:38:59,843 - WARNING - Params [module.irn.operations.1.F.conv5.weight] will not optimize.
25-06-22 13:38:59.843 - WARNING: Params [module.irn.operations.1.F.conv5.bias] will not optimize.
2025-06-22 13:38:59,843 - WARNING - Params [module.irn.operations.1.F.conv5.bias] will not optimize.
25-06-22 13:38:59.843 - WARNING: Params [module.irn.operations.1.NF.beta] will not optimize.
2025-06-22 13:38:59,843 - WARNING - Params [module.irn.operations.1.NF.beta] will not optimize.
25-06-22 13:38:59.844 - WARNING: Params [module.irn.operations.1.NF.gamma] will not optimize.
2025-06-22 13:38:59,844 - WARNING - Params [module.irn.operations.1.NF.gamma] will not optimize.
25-06-22 13:38:59.844 - WARNING: Params [module.irn.operations.1.NF.conv1.weight] will not optimize.
2025-06-22 13:38:59,844 - WARNING - Params [module.irn.operations.1.NF.conv1.weight] will not optimize.
25-06-22 13:38:59.844 - WARNING: Params [module.irn.operations.1.NF.conv1.bias] will not optimize.
2025-06-22 13:38:59,844 - WARNING - Params [module.irn.operations.1.NF.conv1.bias] will not optimize.
25-06-22 13:38:59.844 - WARNING: Params [module.irn.operations.1.NF.conv2.weight] will not optimize.
2025-06-22 13:38:59,844 - WARNING - Params [module.irn.operations.1.NF.conv2.weight] will not optimize.
25-06-22 13:38:59.844 - WARNING: Params [module.irn.operations.1.NF.conv2.bias] will not optimize.
2025-06-22 13:38:59,844 - WARNING - Params [module.irn.operations.1.NF.conv2.bias] will not optimize.
25-06-22 13:38:59.844 - WARNING: Params [module.irn.operations.1.NF.conv3.weight] will not optimize.
2025-06-22 13:38:59,844 - WARNING - Params [module.irn.operations.1.NF.conv3.weight] will not optimize.
25-06-22 13:38:59.844 - WARNING: Params [module.irn.operations.1.NF.conv3.bias] will not optimize.
2025-06-22 13:38:59,844 - WARNING - Params [module.irn.operations.1.NF.conv3.bias] will not optimize.
25-06-22 13:38:59.844 - WARNING: Params [module.irn.operations.1.NF.sca.1.weight] will not optimize.
2025-06-22 13:38:59,844 - WARNING - Params [module.irn.operations.1.NF.sca.1.weight] will not optimize.
25-06-22 13:38:59.844 - WARNING: Params [module.irn.operations.1.NF.sca.1.bias] will not optimize.
2025-06-22 13:38:59,844 - WARNING - Params [module.irn.operations.1.NF.sca.1.bias] will not optimize.
25-06-22 13:38:59.844 - WARNING: Params [module.irn.operations.1.NF.conv4.weight] will not optimize.
2025-06-22 13:38:59,844 - WARNING - Params [module.irn.operations.1.NF.conv4.weight] will not optimize.
25-06-22 13:38:59.844 - WARNING: Params [module.irn.operations.1.NF.conv4.bias] will not optimize.
2025-06-22 13:38:59,844 - WARNING - Params [module.irn.operations.1.NF.conv4.bias] will not optimize.
25-06-22 13:38:59.844 - WARNING: Params [module.irn.operations.1.NF.conv5.weight] will not optimize.
2025-06-22 13:38:59,844 - WARNING - Params [module.irn.operations.1.NF.conv5.weight] will not optimize.
25-06-22 13:38:59.844 - WARNING: Params [module.irn.operations.1.NF.conv5.bias] will not optimize.
2025-06-22 13:38:59,844 - WARNING - Params [module.irn.operations.1.NF.conv5.bias] will not optimize.
25-06-22 13:38:59.844 - WARNING: Params [module.irn.operations.1.NF.norm1.weight] will not optimize.
2025-06-22 13:38:59,844 - WARNING - Params [module.irn.operations.1.NF.norm1.weight] will not optimize.
25-06-22 13:38:59.844 - WARNING: Params [module.irn.operations.1.NF.norm1.bias] will not optimize.
2025-06-22 13:38:59,844 - WARNING - Params [module.irn.operations.1.NF.norm1.bias] will not optimize.
25-06-22 13:38:59.844 - WARNING: Params [module.irn.operations.1.NF.norm2.weight] will not optimize.
2025-06-22 13:38:59,844 - WARNING - Params [module.irn.operations.1.NF.norm2.weight] will not optimize.
25-06-22 13:38:59.844 - WARNING: Params [module.irn.operations.1.NF.norm2.bias] will not optimize.
2025-06-22 13:38:59,844 - WARNING - Params [module.irn.operations.1.NF.norm2.bias] will not optimize.
25-06-22 13:38:59.844 - WARNING: Params [module.irn.operations.1.G.conv1.weight] will not optimize.
2025-06-22 13:38:59,844 - WARNING - Params [module.irn.operations.1.G.conv1.weight] will not optimize.
25-06-22 13:38:59.844 - WARNING: Params [module.irn.operations.1.G.conv1.bias] will not optimize.
2025-06-22 13:38:59,844 - WARNING - Params [module.irn.operations.1.G.conv1.bias] will not optimize.
25-06-22 13:38:59.845 - WARNING: Params [module.irn.operations.1.G.conv2.weight] will not optimize.
2025-06-22 13:38:59,845 - WARNING - Params [module.irn.operations.1.G.conv2.weight] will not optimize.
25-06-22 13:38:59.845 - WARNING: Params [module.irn.operations.1.G.conv2.bias] will not optimize.
2025-06-22 13:38:59,845 - WARNING - Params [module.irn.operations.1.G.conv2.bias] will not optimize.
25-06-22 13:38:59.845 - WARNING: Params [module.irn.operations.1.G.conv3.weight] will not optimize.
2025-06-22 13:38:59,845 - WARNING - Params [module.irn.operations.1.G.conv3.weight] will not optimize.
25-06-22 13:38:59.845 - WARNING: Params [module.irn.operations.1.G.conv3.bias] will not optimize.
2025-06-22 13:38:59,845 - WARNING - Params [module.irn.operations.1.G.conv3.bias] will not optimize.
25-06-22 13:38:59.845 - WARNING: Params [module.irn.operations.1.G.conv4.weight] will not optimize.
2025-06-22 13:38:59,845 - WARNING - Params [module.irn.operations.1.G.conv4.weight] will not optimize.
25-06-22 13:38:59.845 - WARNING: Params [module.irn.operations.1.G.conv4.bias] will not optimize.
2025-06-22 13:38:59,845 - WARNING - Params [module.irn.operations.1.G.conv4.bias] will not optimize.
25-06-22 13:38:59.845 - WARNING: Params [module.irn.operations.1.G.conv5.weight] will not optimize.
2025-06-22 13:38:59,845 - WARNING - Params [module.irn.operations.1.G.conv5.weight] will not optimize.
25-06-22 13:38:59.845 - WARNING: Params [module.irn.operations.1.G.conv5.bias] will not optimize.
2025-06-22 13:38:59,845 - WARNING - Params [module.irn.operations.1.G.conv5.bias] will not optimize.
25-06-22 13:38:59.845 - WARNING: Params [module.irn.operations.1.NG.beta] will not optimize.
2025-06-22 13:38:59,845 - WARNING - Params [module.irn.operations.1.NG.beta] will not optimize.
25-06-22 13:38:59.845 - WARNING: Params [module.irn.operations.1.NG.gamma] will not optimize.
2025-06-22 13:38:59,845 - WARNING - Params [module.irn.operations.1.NG.gamma] will not optimize.
25-06-22 13:38:59.845 - WARNING: Params [module.irn.operations.1.NG.conv1.weight] will not optimize.
2025-06-22 13:38:59,845 - WARNING - Params [module.irn.operations.1.NG.conv1.weight] will not optimize.
25-06-22 13:38:59.845 - WARNING: Params [module.irn.operations.1.NG.conv1.bias] will not optimize.
2025-06-22 13:38:59,845 - WARNING - Params [module.irn.operations.1.NG.conv1.bias] will not optimize.
25-06-22 13:38:59.845 - WARNING: Params [module.irn.operations.1.NG.conv2.weight] will not optimize.
2025-06-22 13:38:59,845 - WARNING - Params [module.irn.operations.1.NG.conv2.weight] will not optimize.
25-06-22 13:38:59.845 - WARNING: Params [module.irn.operations.1.NG.conv2.bias] will not optimize.
2025-06-22 13:38:59,845 - WARNING - Params [module.irn.operations.1.NG.conv2.bias] will not optimize.
25-06-22 13:38:59.845 - WARNING: Params [module.irn.operations.1.NG.conv3.weight] will not optimize.
2025-06-22 13:38:59,845 - WARNING - Params [module.irn.operations.1.NG.conv3.weight] will not optimize.
25-06-22 13:38:59.845 - WARNING: Params [module.irn.operations.1.NG.conv3.bias] will not optimize.
2025-06-22 13:38:59,845 - WARNING - Params [module.irn.operations.1.NG.conv3.bias] will not optimize.
25-06-22 13:38:59.845 - WARNING: Params [module.irn.operations.1.NG.sca.1.weight] will not optimize.
2025-06-22 13:38:59,845 - WARNING - Params [module.irn.operations.1.NG.sca.1.weight] will not optimize.
25-06-22 13:38:59.845 - WARNING: Params [module.irn.operations.1.NG.sca.1.bias] will not optimize.
2025-06-22 13:38:59,845 - WARNING - Params [module.irn.operations.1.NG.sca.1.bias] will not optimize.
25-06-22 13:38:59.846 - WARNING: Params [module.irn.operations.1.NG.conv4.weight] will not optimize.
2025-06-22 13:38:59,846 - WARNING - Params [module.irn.operations.1.NG.conv4.weight] will not optimize.
25-06-22 13:38:59.846 - WARNING: Params [module.irn.operations.1.NG.conv4.bias] will not optimize.
2025-06-22 13:38:59,846 - WARNING - Params [module.irn.operations.1.NG.conv4.bias] will not optimize.
25-06-22 13:38:59.846 - WARNING: Params [module.irn.operations.1.NG.conv5.weight] will not optimize.
2025-06-22 13:38:59,846 - WARNING - Params [module.irn.operations.1.NG.conv5.weight] will not optimize.
25-06-22 13:38:59.846 - WARNING: Params [module.irn.operations.1.NG.conv5.bias] will not optimize.
2025-06-22 13:38:59,846 - WARNING - Params [module.irn.operations.1.NG.conv5.bias] will not optimize.
25-06-22 13:38:59.846 - WARNING: Params [module.irn.operations.1.NG.norm1.weight] will not optimize.
2025-06-22 13:38:59,846 - WARNING - Params [module.irn.operations.1.NG.norm1.weight] will not optimize.
25-06-22 13:38:59.846 - WARNING: Params [module.irn.operations.1.NG.norm1.bias] will not optimize.
2025-06-22 13:38:59,846 - WARNING - Params [module.irn.operations.1.NG.norm1.bias] will not optimize.
25-06-22 13:38:59.846 - WARNING: Params [module.irn.operations.1.NG.norm2.weight] will not optimize.
2025-06-22 13:38:59,846 - WARNING - Params [module.irn.operations.1.NG.norm2.weight] will not optimize.
25-06-22 13:38:59.846 - WARNING: Params [module.irn.operations.1.NG.norm2.bias] will not optimize.
2025-06-22 13:38:59,846 - WARNING - Params [module.irn.operations.1.NG.norm2.bias] will not optimize.
25-06-22 13:38:59.846 - WARNING: Params [module.irn.operations.1.H.conv1.weight] will not optimize.
2025-06-22 13:38:59,846 - WARNING - Params [module.irn.operations.1.H.conv1.weight] will not optimize.
25-06-22 13:38:59.846 - WARNING: Params [module.irn.operations.1.H.conv1.bias] will not optimize.
2025-06-22 13:38:59,846 - WARNING - Params [module.irn.operations.1.H.conv1.bias] will not optimize.
25-06-22 13:38:59.846 - WARNING: Params [module.irn.operations.1.H.conv2.weight] will not optimize.
2025-06-22 13:38:59,846 - WARNING - Params [module.irn.operations.1.H.conv2.weight] will not optimize.
25-06-22 13:38:59.846 - WARNING: Params [module.irn.operations.1.H.conv2.bias] will not optimize.
2025-06-22 13:38:59,846 - WARNING - Params [module.irn.operations.1.H.conv2.bias] will not optimize.
25-06-22 13:38:59.846 - WARNING: Params [module.irn.operations.1.H.conv3.weight] will not optimize.
2025-06-22 13:38:59,846 - WARNING - Params [module.irn.operations.1.H.conv3.weight] will not optimize.
25-06-22 13:38:59.846 - WARNING: Params [module.irn.operations.1.H.conv3.bias] will not optimize.
2025-06-22 13:38:59,846 - WARNING - Params [module.irn.operations.1.H.conv3.bias] will not optimize.
25-06-22 13:38:59.846 - WARNING: Params [module.irn.operations.1.H.conv4.weight] will not optimize.
2025-06-22 13:38:59,846 - WARNING - Params [module.irn.operations.1.H.conv4.weight] will not optimize.
25-06-22 13:38:59.846 - WARNING: Params [module.irn.operations.1.H.conv4.bias] will not optimize.
2025-06-22 13:38:59,846 - WARNING - Params [module.irn.operations.1.H.conv4.bias] will not optimize.
25-06-22 13:38:59.846 - WARNING: Params [module.irn.operations.1.H.conv5.weight] will not optimize.
2025-06-22 13:38:59,846 - WARNING - Params [module.irn.operations.1.H.conv5.weight] will not optimize.
25-06-22 13:38:59.846 - WARNING: Params [module.irn.operations.1.H.conv5.bias] will not optimize.
2025-06-22 13:38:59,846 - WARNING - Params [module.irn.operations.1.H.conv5.bias] will not optimize.
25-06-22 13:38:59.847 - WARNING: Params [module.irn.operations.1.NH.beta] will not optimize.
2025-06-22 13:38:59,847 - WARNING - Params [module.irn.operations.1.NH.beta] will not optimize.
25-06-22 13:38:59.847 - WARNING: Params [module.irn.operations.1.NH.gamma] will not optimize.
2025-06-22 13:38:59,847 - WARNING - Params [module.irn.operations.1.NH.gamma] will not optimize.
25-06-22 13:38:59.847 - WARNING: Params [module.irn.operations.1.NH.conv1.weight] will not optimize.
2025-06-22 13:38:59,847 - WARNING - Params [module.irn.operations.1.NH.conv1.weight] will not optimize.
25-06-22 13:38:59.847 - WARNING: Params [module.irn.operations.1.NH.conv1.bias] will not optimize.
2025-06-22 13:38:59,847 - WARNING - Params [module.irn.operations.1.NH.conv1.bias] will not optimize.
25-06-22 13:38:59.847 - WARNING: Params [module.irn.operations.1.NH.conv2.weight] will not optimize.
2025-06-22 13:38:59,847 - WARNING - Params [module.irn.operations.1.NH.conv2.weight] will not optimize.
25-06-22 13:38:59.847 - WARNING: Params [module.irn.operations.1.NH.conv2.bias] will not optimize.
2025-06-22 13:38:59,847 - WARNING - Params [module.irn.operations.1.NH.conv2.bias] will not optimize.
25-06-22 13:38:59.847 - WARNING: Params [module.irn.operations.1.NH.conv3.weight] will not optimize.
2025-06-22 13:38:59,847 - WARNING - Params [module.irn.operations.1.NH.conv3.weight] will not optimize.
25-06-22 13:38:59.847 - WARNING: Params [module.irn.operations.1.NH.conv3.bias] will not optimize.
2025-06-22 13:38:59,847 - WARNING - Params [module.irn.operations.1.NH.conv3.bias] will not optimize.
25-06-22 13:38:59.847 - WARNING: Params [module.irn.operations.1.NH.sca.1.weight] will not optimize.
2025-06-22 13:38:59,847 - WARNING - Params [module.irn.operations.1.NH.sca.1.weight] will not optimize.
25-06-22 13:38:59.847 - WARNING: Params [module.irn.operations.1.NH.sca.1.bias] will not optimize.
2025-06-22 13:38:59,847 - WARNING - Params [module.irn.operations.1.NH.sca.1.bias] will not optimize.
25-06-22 13:38:59.847 - WARNING: Params [module.irn.operations.1.NH.conv4.weight] will not optimize.
2025-06-22 13:38:59,847 - WARNING - Params [module.irn.operations.1.NH.conv4.weight] will not optimize.
25-06-22 13:38:59.847 - WARNING: Params [module.irn.operations.1.NH.conv4.bias] will not optimize.
2025-06-22 13:38:59,847 - WARNING - Params [module.irn.operations.1.NH.conv4.bias] will not optimize.
25-06-22 13:38:59.847 - WARNING: Params [module.irn.operations.1.NH.conv5.weight] will not optimize.
2025-06-22 13:38:59,847 - WARNING - Params [module.irn.operations.1.NH.conv5.weight] will not optimize.
25-06-22 13:38:59.847 - WARNING: Params [module.irn.operations.1.NH.conv5.bias] will not optimize.
2025-06-22 13:38:59,847 - WARNING - Params [module.irn.operations.1.NH.conv5.bias] will not optimize.
25-06-22 13:38:59.847 - WARNING: Params [module.irn.operations.1.NH.norm1.weight] will not optimize.
2025-06-22 13:38:59,847 - WARNING - Params [module.irn.operations.1.NH.norm1.weight] will not optimize.
25-06-22 13:38:59.847 - WARNING: Params [module.irn.operations.1.NH.norm1.bias] will not optimize.
2025-06-22 13:38:59,847 - WARNING - Params [module.irn.operations.1.NH.norm1.bias] will not optimize.
25-06-22 13:38:59.847 - WARNING: Params [module.irn.operations.1.NH.norm2.weight] will not optimize.
2025-06-22 13:38:59,847 - WARNING - Params [module.irn.operations.1.NH.norm2.weight] will not optimize.
25-06-22 13:38:59.847 - WARNING: Params [module.irn.operations.1.NH.norm2.bias] will not optimize.
2025-06-22 13:38:59,847 - WARNING - Params [module.irn.operations.1.NH.norm2.bias] will not optimize.
25-06-22 13:38:59.848 - WARNING: Params [module.irn.operations.2.F.conv1.weight] will not optimize.
2025-06-22 13:38:59,848 - WARNING - Params [module.irn.operations.2.F.conv1.weight] will not optimize.
25-06-22 13:38:59.848 - WARNING: Params [module.irn.operations.2.F.conv1.bias] will not optimize.
2025-06-22 13:38:59,848 - WARNING - Params [module.irn.operations.2.F.conv1.bias] will not optimize.
25-06-22 13:38:59.848 - WARNING: Params [module.irn.operations.2.F.conv2.weight] will not optimize.
2025-06-22 13:38:59,848 - WARNING - Params [module.irn.operations.2.F.conv2.weight] will not optimize.
25-06-22 13:38:59.848 - WARNING: Params [module.irn.operations.2.F.conv2.bias] will not optimize.
2025-06-22 13:38:59,848 - WARNING - Params [module.irn.operations.2.F.conv2.bias] will not optimize.
25-06-22 13:38:59.848 - WARNING: Params [module.irn.operations.2.F.conv3.weight] will not optimize.
2025-06-22 13:38:59,848 - WARNING - Params [module.irn.operations.2.F.conv3.weight] will not optimize.
25-06-22 13:38:59.848 - WARNING: Params [module.irn.operations.2.F.conv3.bias] will not optimize.
2025-06-22 13:38:59,848 - WARNING - Params [module.irn.operations.2.F.conv3.bias] will not optimize.
25-06-22 13:38:59.848 - WARNING: Params [module.irn.operations.2.F.conv4.weight] will not optimize.
2025-06-22 13:38:59,848 - WARNING - Params [module.irn.operations.2.F.conv4.weight] will not optimize.
25-06-22 13:38:59.848 - WARNING: Params [module.irn.operations.2.F.conv4.bias] will not optimize.
2025-06-22 13:38:59,848 - WARNING - Params [module.irn.operations.2.F.conv4.bias] will not optimize.
25-06-22 13:38:59.848 - WARNING: Params [module.irn.operations.2.F.conv5.weight] will not optimize.
2025-06-22 13:38:59,848 - WARNING - Params [module.irn.operations.2.F.conv5.weight] will not optimize.
25-06-22 13:38:59.848 - WARNING: Params [module.irn.operations.2.F.conv5.bias] will not optimize.
2025-06-22 13:38:59,848 - WARNING - Params [module.irn.operations.2.F.conv5.bias] will not optimize.
25-06-22 13:38:59.848 - WARNING: Params [module.irn.operations.2.NF.beta] will not optimize.
2025-06-22 13:38:59,848 - WARNING - Params [module.irn.operations.2.NF.beta] will not optimize.
25-06-22 13:38:59.848 - WARNING: Params [module.irn.operations.2.NF.gamma] will not optimize.
2025-06-22 13:38:59,848 - WARNING - Params [module.irn.operations.2.NF.gamma] will not optimize.
25-06-22 13:38:59.848 - WARNING: Params [module.irn.operations.2.NF.conv1.weight] will not optimize.
2025-06-22 13:38:59,848 - WARNING - Params [module.irn.operations.2.NF.conv1.weight] will not optimize.
25-06-22 13:38:59.848 - WARNING: Params [module.irn.operations.2.NF.conv1.bias] will not optimize.
2025-06-22 13:38:59,848 - WARNING - Params [module.irn.operations.2.NF.conv1.bias] will not optimize.
25-06-22 13:38:59.848 - WARNING: Params [module.irn.operations.2.NF.conv2.weight] will not optimize.
2025-06-22 13:38:59,848 - WARNING - Params [module.irn.operations.2.NF.conv2.weight] will not optimize.
25-06-22 13:38:59.848 - WARNING: Params [module.irn.operations.2.NF.conv2.bias] will not optimize.
2025-06-22 13:38:59,848 - WARNING - Params [module.irn.operations.2.NF.conv2.bias] will not optimize.
25-06-22 13:38:59.848 - WARNING: Params [module.irn.operations.2.NF.conv3.weight] will not optimize.
2025-06-22 13:38:59,848 - WARNING - Params [module.irn.operations.2.NF.conv3.weight] will not optimize.
25-06-22 13:38:59.848 - WARNING: Params [module.irn.operations.2.NF.conv3.bias] will not optimize.
2025-06-22 13:38:59,848 - WARNING - Params [module.irn.operations.2.NF.conv3.bias] will not optimize.
25-06-22 13:38:59.849 - WARNING: Params [module.irn.operations.2.NF.sca.1.weight] will not optimize.
2025-06-22 13:38:59,849 - WARNING - Params [module.irn.operations.2.NF.sca.1.weight] will not optimize.
25-06-22 13:38:59.849 - WARNING: Params [module.irn.operations.2.NF.sca.1.bias] will not optimize.
2025-06-22 13:38:59,849 - WARNING - Params [module.irn.operations.2.NF.sca.1.bias] will not optimize.
25-06-22 13:38:59.849 - WARNING: Params [module.irn.operations.2.NF.conv4.weight] will not optimize.
2025-06-22 13:38:59,849 - WARNING - Params [module.irn.operations.2.NF.conv4.weight] will not optimize.
25-06-22 13:38:59.849 - WARNING: Params [module.irn.operations.2.NF.conv4.bias] will not optimize.
2025-06-22 13:38:59,849 - WARNING - Params [module.irn.operations.2.NF.conv4.bias] will not optimize.
25-06-22 13:38:59.849 - WARNING: Params [module.irn.operations.2.NF.conv5.weight] will not optimize.
2025-06-22 13:38:59,849 - WARNING - Params [module.irn.operations.2.NF.conv5.weight] will not optimize.
25-06-22 13:38:59.849 - WARNING: Params [module.irn.operations.2.NF.conv5.bias] will not optimize.
2025-06-22 13:38:59,849 - WARNING - Params [module.irn.operations.2.NF.conv5.bias] will not optimize.
25-06-22 13:38:59.849 - WARNING: Params [module.irn.operations.2.NF.norm1.weight] will not optimize.
2025-06-22 13:38:59,849 - WARNING - Params [module.irn.operations.2.NF.norm1.weight] will not optimize.
25-06-22 13:38:59.849 - WARNING: Params [module.irn.operations.2.NF.norm1.bias] will not optimize.
2025-06-22 13:38:59,849 - WARNING - Params [module.irn.operations.2.NF.norm1.bias] will not optimize.
25-06-22 13:38:59.849 - WARNING: Params [module.irn.operations.2.NF.norm2.weight] will not optimize.
2025-06-22 13:38:59,849 - WARNING - Params [module.irn.operations.2.NF.norm2.weight] will not optimize.
25-06-22 13:38:59.849 - WARNING: Params [module.irn.operations.2.NF.norm2.bias] will not optimize.
2025-06-22 13:38:59,849 - WARNING - Params [module.irn.operations.2.NF.norm2.bias] will not optimize.
25-06-22 13:38:59.849 - WARNING: Params [module.irn.operations.2.G.conv1.weight] will not optimize.
2025-06-22 13:38:59,849 - WARNING - Params [module.irn.operations.2.G.conv1.weight] will not optimize.
25-06-22 13:38:59.849 - WARNING: Params [module.irn.operations.2.G.conv1.bias] will not optimize.
2025-06-22 13:38:59,849 - WARNING - Params [module.irn.operations.2.G.conv1.bias] will not optimize.
25-06-22 13:38:59.849 - WARNING: Params [module.irn.operations.2.G.conv2.weight] will not optimize.
2025-06-22 13:38:59,849 - WARNING - Params [module.irn.operations.2.G.conv2.weight] will not optimize.
25-06-22 13:38:59.849 - WARNING: Params [module.irn.operations.2.G.conv2.bias] will not optimize.
2025-06-22 13:38:59,849 - WARNING - Params [module.irn.operations.2.G.conv2.bias] will not optimize.
25-06-22 13:38:59.849 - WARNING: Params [module.irn.operations.2.G.conv3.weight] will not optimize.
2025-06-22 13:38:59,849 - WARNING - Params [module.irn.operations.2.G.conv3.weight] will not optimize.
25-06-22 13:38:59.849 - WARNING: Params [module.irn.operations.2.G.conv3.bias] will not optimize.
2025-06-22 13:38:59,849 - WARNING - Params [module.irn.operations.2.G.conv3.bias] will not optimize.
25-06-22 13:38:59.849 - WARNING: Params [module.irn.operations.2.G.conv4.weight] will not optimize.
2025-06-22 13:38:59,849 - WARNING - Params [module.irn.operations.2.G.conv4.weight] will not optimize.
25-06-22 13:38:59.849 - WARNING: Params [module.irn.operations.2.G.conv4.bias] will not optimize.
2025-06-22 13:38:59,849 - WARNING - Params [module.irn.operations.2.G.conv4.bias] will not optimize.
25-06-22 13:38:59.849 - WARNING: Params [module.irn.operations.2.G.conv5.weight] will not optimize.
2025-06-22 13:38:59,849 - WARNING - Params [module.irn.operations.2.G.conv5.weight] will not optimize.
25-06-22 13:38:59.850 - WARNING: Params [module.irn.operations.2.G.conv5.bias] will not optimize.
2025-06-22 13:38:59,850 - WARNING - Params [module.irn.operations.2.G.conv5.bias] will not optimize.
25-06-22 13:38:59.850 - WARNING: Params [module.irn.operations.2.NG.beta] will not optimize.
2025-06-22 13:38:59,850 - WARNING - Params [module.irn.operations.2.NG.beta] will not optimize.
25-06-22 13:38:59.850 - WARNING: Params [module.irn.operations.2.NG.gamma] will not optimize.
2025-06-22 13:38:59,850 - WARNING - Params [module.irn.operations.2.NG.gamma] will not optimize.
25-06-22 13:38:59.850 - WARNING: Params [module.irn.operations.2.NG.conv1.weight] will not optimize.
2025-06-22 13:38:59,850 - WARNING - Params [module.irn.operations.2.NG.conv1.weight] will not optimize.
25-06-22 13:38:59.850 - WARNING: Params [module.irn.operations.2.NG.conv1.bias] will not optimize.
2025-06-22 13:38:59,850 - WARNING - Params [module.irn.operations.2.NG.conv1.bias] will not optimize.
25-06-22 13:38:59.850 - WARNING: Params [module.irn.operations.2.NG.conv2.weight] will not optimize.
2025-06-22 13:38:59,850 - WARNING - Params [module.irn.operations.2.NG.conv2.weight] will not optimize.
25-06-22 13:38:59.850 - WARNING: Params [module.irn.operations.2.NG.conv2.bias] will not optimize.
2025-06-22 13:38:59,850 - WARNING - Params [module.irn.operations.2.NG.conv2.bias] will not optimize.
25-06-22 13:38:59.850 - WARNING: Params [module.irn.operations.2.NG.conv3.weight] will not optimize.
2025-06-22 13:38:59,850 - WARNING - Params [module.irn.operations.2.NG.conv3.weight] will not optimize.
25-06-22 13:38:59.850 - WARNING: Params [module.irn.operations.2.NG.conv3.bias] will not optimize.
2025-06-22 13:38:59,850 - WARNING - Params [module.irn.operations.2.NG.conv3.bias] will not optimize.
25-06-22 13:38:59.850 - WARNING: Params [module.irn.operations.2.NG.sca.1.weight] will not optimize.
2025-06-22 13:38:59,850 - WARNING - Params [module.irn.operations.2.NG.sca.1.weight] will not optimize.
25-06-22 13:38:59.850 - WARNING: Params [module.irn.operations.2.NG.sca.1.bias] will not optimize.
2025-06-22 13:38:59,850 - WARNING - Params [module.irn.operations.2.NG.sca.1.bias] will not optimize.
25-06-22 13:38:59.850 - WARNING: Params [module.irn.operations.2.NG.conv4.weight] will not optimize.
2025-06-22 13:38:59,850 - WARNING - Params [module.irn.operations.2.NG.conv4.weight] will not optimize.
25-06-22 13:38:59.850 - WARNING: Params [module.irn.operations.2.NG.conv4.bias] will not optimize.
2025-06-22 13:38:59,850 - WARNING - Params [module.irn.operations.2.NG.conv4.bias] will not optimize.
25-06-22 13:38:59.850 - WARNING: Params [module.irn.operations.2.NG.conv5.weight] will not optimize.
2025-06-22 13:38:59,850 - WARNING - Params [module.irn.operations.2.NG.conv5.weight] will not optimize.
25-06-22 13:38:59.850 - WARNING: Params [module.irn.operations.2.NG.conv5.bias] will not optimize.
2025-06-22 13:38:59,850 - WARNING - Params [module.irn.operations.2.NG.conv5.bias] will not optimize.
25-06-22 13:38:59.850 - WARNING: Params [module.irn.operations.2.NG.norm1.weight] will not optimize.
2025-06-22 13:38:59,850 - WARNING - Params [module.irn.operations.2.NG.norm1.weight] will not optimize.
25-06-22 13:38:59.850 - WARNING: Params [module.irn.operations.2.NG.norm1.bias] will not optimize.
2025-06-22 13:38:59,850 - WARNING - Params [module.irn.operations.2.NG.norm1.bias] will not optimize.
25-06-22 13:38:59.850 - WARNING: Params [module.irn.operations.2.NG.norm2.weight] will not optimize.
2025-06-22 13:38:59,850 - WARNING - Params [module.irn.operations.2.NG.norm2.weight] will not optimize.
25-06-22 13:38:59.851 - WARNING: Params [module.irn.operations.2.NG.norm2.bias] will not optimize.
2025-06-22 13:38:59,851 - WARNING - Params [module.irn.operations.2.NG.norm2.bias] will not optimize.
25-06-22 13:38:59.851 - WARNING: Params [module.irn.operations.2.H.conv1.weight] will not optimize.
2025-06-22 13:38:59,851 - WARNING - Params [module.irn.operations.2.H.conv1.weight] will not optimize.
25-06-22 13:38:59.851 - WARNING: Params [module.irn.operations.2.H.conv1.bias] will not optimize.
2025-06-22 13:38:59,851 - WARNING - Params [module.irn.operations.2.H.conv1.bias] will not optimize.
25-06-22 13:38:59.851 - WARNING: Params [module.irn.operations.2.H.conv2.weight] will not optimize.
2025-06-22 13:38:59,851 - WARNING - Params [module.irn.operations.2.H.conv2.weight] will not optimize.
25-06-22 13:38:59.851 - WARNING: Params [module.irn.operations.2.H.conv2.bias] will not optimize.
2025-06-22 13:38:59,851 - WARNING - Params [module.irn.operations.2.H.conv2.bias] will not optimize.
25-06-22 13:38:59.851 - WARNING: Params [module.irn.operations.2.H.conv3.weight] will not optimize.
2025-06-22 13:38:59,851 - WARNING - Params [module.irn.operations.2.H.conv3.weight] will not optimize.
25-06-22 13:38:59.851 - WARNING: Params [module.irn.operations.2.H.conv3.bias] will not optimize.
2025-06-22 13:38:59,851 - WARNING - Params [module.irn.operations.2.H.conv3.bias] will not optimize.
25-06-22 13:38:59.851 - WARNING: Params [module.irn.operations.2.H.conv4.weight] will not optimize.
2025-06-22 13:38:59,851 - WARNING - Params [module.irn.operations.2.H.conv4.weight] will not optimize.
25-06-22 13:38:59.851 - WARNING: Params [module.irn.operations.2.H.conv4.bias] will not optimize.
2025-06-22 13:38:59,851 - WARNING - Params [module.irn.operations.2.H.conv4.bias] will not optimize.
25-06-22 13:38:59.851 - WARNING: Params [module.irn.operations.2.H.conv5.weight] will not optimize.
2025-06-22 13:38:59,851 - WARNING - Params [module.irn.operations.2.H.conv5.weight] will not optimize.
25-06-22 13:38:59.851 - WARNING: Params [module.irn.operations.2.H.conv5.bias] will not optimize.
2025-06-22 13:38:59,851 - WARNING - Params [module.irn.operations.2.H.conv5.bias] will not optimize.
25-06-22 13:38:59.851 - WARNING: Params [module.irn.operations.2.NH.beta] will not optimize.
2025-06-22 13:38:59,851 - WARNING - Params [module.irn.operations.2.NH.beta] will not optimize.
25-06-22 13:38:59.851 - WARNING: Params [module.irn.operations.2.NH.gamma] will not optimize.
2025-06-22 13:38:59,851 - WARNING - Params [module.irn.operations.2.NH.gamma] will not optimize.
25-06-22 13:38:59.851 - WARNING: Params [module.irn.operations.2.NH.conv1.weight] will not optimize.
2025-06-22 13:38:59,851 - WARNING - Params [module.irn.operations.2.NH.conv1.weight] will not optimize.
25-06-22 13:38:59.851 - WARNING: Params [module.irn.operations.2.NH.conv1.bias] will not optimize.
2025-06-22 13:38:59,851 - WARNING - Params [module.irn.operations.2.NH.conv1.bias] will not optimize.
25-06-22 13:38:59.851 - WARNING: Params [module.irn.operations.2.NH.conv2.weight] will not optimize.
2025-06-22 13:38:59,851 - WARNING - Params [module.irn.operations.2.NH.conv2.weight] will not optimize.
25-06-22 13:38:59.851 - WARNING: Params [module.irn.operations.2.NH.conv2.bias] will not optimize.
2025-06-22 13:38:59,851 - WARNING - Params [module.irn.operations.2.NH.conv2.bias] will not optimize.
25-06-22 13:38:59.851 - WARNING: Params [module.irn.operations.2.NH.conv3.weight] will not optimize.
2025-06-22 13:38:59,851 - WARNING - Params [module.irn.operations.2.NH.conv3.weight] will not optimize.
25-06-22 13:38:59.852 - WARNING: Params [module.irn.operations.2.NH.conv3.bias] will not optimize.
2025-06-22 13:38:59,852 - WARNING - Params [module.irn.operations.2.NH.conv3.bias] will not optimize.
25-06-22 13:38:59.852 - WARNING: Params [module.irn.operations.2.NH.sca.1.weight] will not optimize.
2025-06-22 13:38:59,852 - WARNING - Params [module.irn.operations.2.NH.sca.1.weight] will not optimize.
25-06-22 13:38:59.852 - WARNING: Params [module.irn.operations.2.NH.sca.1.bias] will not optimize.
2025-06-22 13:38:59,852 - WARNING - Params [module.irn.operations.2.NH.sca.1.bias] will not optimize.
25-06-22 13:38:59.852 - WARNING: Params [module.irn.operations.2.NH.conv4.weight] will not optimize.
2025-06-22 13:38:59,852 - WARNING - Params [module.irn.operations.2.NH.conv4.weight] will not optimize.
25-06-22 13:38:59.852 - WARNING: Params [module.irn.operations.2.NH.conv4.bias] will not optimize.
2025-06-22 13:38:59,852 - WARNING - Params [module.irn.operations.2.NH.conv4.bias] will not optimize.
25-06-22 13:38:59.852 - WARNING: Params [module.irn.operations.2.NH.conv5.weight] will not optimize.
2025-06-22 13:38:59,852 - WARNING - Params [module.irn.operations.2.NH.conv5.weight] will not optimize.
25-06-22 13:38:59.852 - WARNING: Params [module.irn.operations.2.NH.conv5.bias] will not optimize.
2025-06-22 13:38:59,852 - WARNING - Params [module.irn.operations.2.NH.conv5.bias] will not optimize.
25-06-22 13:38:59.852 - WARNING: Params [module.irn.operations.2.NH.norm1.weight] will not optimize.
2025-06-22 13:38:59,852 - WARNING - Params [module.irn.operations.2.NH.norm1.weight] will not optimize.
25-06-22 13:38:59.852 - WARNING: Params [module.irn.operations.2.NH.norm1.bias] will not optimize.
2025-06-22 13:38:59,852 - WARNING - Params [module.irn.operations.2.NH.norm1.bias] will not optimize.
25-06-22 13:38:59.852 - WARNING: Params [module.irn.operations.2.NH.norm2.weight] will not optimize.
2025-06-22 13:38:59,852 - WARNING - Params [module.irn.operations.2.NH.norm2.weight] will not optimize.
25-06-22 13:38:59.852 - WARNING: Params [module.irn.operations.2.NH.norm2.bias] will not optimize.
2025-06-22 13:38:59,852 - WARNING - Params [module.irn.operations.2.NH.norm2.bias] will not optimize.
25-06-22 13:38:59.852 - WARNING: Params [module.irn.operations.3.F.conv1.weight] will not optimize.
2025-06-22 13:38:59,852 - WARNING - Params [module.irn.operations.3.F.conv1.weight] will not optimize.
25-06-22 13:38:59.852 - WARNING: Params [module.irn.operations.3.F.conv1.bias] will not optimize.
2025-06-22 13:38:59,852 - WARNING - Params [module.irn.operations.3.F.conv1.bias] will not optimize.
25-06-22 13:38:59.852 - WARNING: Params [module.irn.operations.3.F.conv2.weight] will not optimize.
2025-06-22 13:38:59,852 - WARNING - Params [module.irn.operations.3.F.conv2.weight] will not optimize.
25-06-22 13:38:59.852 - WARNING: Params [module.irn.operations.3.F.conv2.bias] will not optimize.
2025-06-22 13:38:59,852 - WARNING - Params [module.irn.operations.3.F.conv2.bias] will not optimize.
25-06-22 13:38:59.852 - WARNING: Params [module.irn.operations.3.F.conv3.weight] will not optimize.
2025-06-22 13:38:59,852 - WARNING - Params [module.irn.operations.3.F.conv3.weight] will not optimize.
25-06-22 13:38:59.852 - WARNING: Params [module.irn.operations.3.F.conv3.bias] will not optimize.
2025-06-22 13:38:59,852 - WARNING - Params [module.irn.operations.3.F.conv3.bias] will not optimize.
25-06-22 13:38:59.852 - WARNING: Params [module.irn.operations.3.F.conv4.weight] will not optimize.
2025-06-22 13:38:59,852 - WARNING - Params [module.irn.operations.3.F.conv4.weight] will not optimize.
25-06-22 13:38:59.853 - WARNING: Params [module.irn.operations.3.F.conv4.bias] will not optimize.
2025-06-22 13:38:59,853 - WARNING - Params [module.irn.operations.3.F.conv4.bias] will not optimize.
25-06-22 13:38:59.853 - WARNING: Params [module.irn.operations.3.F.conv5.weight] will not optimize.
2025-06-22 13:38:59,853 - WARNING - Params [module.irn.operations.3.F.conv5.weight] will not optimize.
25-06-22 13:38:59.853 - WARNING: Params [module.irn.operations.3.F.conv5.bias] will not optimize.
2025-06-22 13:38:59,853 - WARNING - Params [module.irn.operations.3.F.conv5.bias] will not optimize.
25-06-22 13:38:59.853 - WARNING: Params [module.irn.operations.3.NF.beta] will not optimize.
2025-06-22 13:38:59,853 - WARNING - Params [module.irn.operations.3.NF.beta] will not optimize.
25-06-22 13:38:59.853 - WARNING: Params [module.irn.operations.3.NF.gamma] will not optimize.
2025-06-22 13:38:59,853 - WARNING - Params [module.irn.operations.3.NF.gamma] will not optimize.
25-06-22 13:38:59.853 - WARNING: Params [module.irn.operations.3.NF.conv1.weight] will not optimize.
2025-06-22 13:38:59,853 - WARNING - Params [module.irn.operations.3.NF.conv1.weight] will not optimize.
25-06-22 13:38:59.853 - WARNING: Params [module.irn.operations.3.NF.conv1.bias] will not optimize.
2025-06-22 13:38:59,853 - WARNING - Params [module.irn.operations.3.NF.conv1.bias] will not optimize.
25-06-22 13:38:59.853 - WARNING: Params [module.irn.operations.3.NF.conv2.weight] will not optimize.
2025-06-22 13:38:59,853 - WARNING - Params [module.irn.operations.3.NF.conv2.weight] will not optimize.
25-06-22 13:38:59.853 - WARNING: Params [module.irn.operations.3.NF.conv2.bias] will not optimize.
2025-06-22 13:38:59,853 - WARNING - Params [module.irn.operations.3.NF.conv2.bias] will not optimize.
25-06-22 13:38:59.853 - WARNING: Params [module.irn.operations.3.NF.conv3.weight] will not optimize.
2025-06-22 13:38:59,853 - WARNING - Params [module.irn.operations.3.NF.conv3.weight] will not optimize.
25-06-22 13:38:59.853 - WARNING: Params [module.irn.operations.3.NF.conv3.bias] will not optimize.
2025-06-22 13:38:59,853 - WARNING - Params [module.irn.operations.3.NF.conv3.bias] will not optimize.
25-06-22 13:38:59.853 - WARNING: Params [module.irn.operations.3.NF.sca.1.weight] will not optimize.
2025-06-22 13:38:59,853 - WARNING - Params [module.irn.operations.3.NF.sca.1.weight] will not optimize.
25-06-22 13:38:59.853 - WARNING: Params [module.irn.operations.3.NF.sca.1.bias] will not optimize.
2025-06-22 13:38:59,853 - WARNING - Params [module.irn.operations.3.NF.sca.1.bias] will not optimize.
25-06-22 13:38:59.853 - WARNING: Params [module.irn.operations.3.NF.conv4.weight] will not optimize.
2025-06-22 13:38:59,853 - WARNING - Params [module.irn.operations.3.NF.conv4.weight] will not optimize.
25-06-22 13:38:59.853 - WARNING: Params [module.irn.operations.3.NF.conv4.bias] will not optimize.
2025-06-22 13:38:59,853 - WARNING - Params [module.irn.operations.3.NF.conv4.bias] will not optimize.
25-06-22 13:38:59.853 - WARNING: Params [module.irn.operations.3.NF.conv5.weight] will not optimize.
2025-06-22 13:38:59,853 - WARNING - Params [module.irn.operations.3.NF.conv5.weight] will not optimize.
25-06-22 13:38:59.853 - WARNING: Params [module.irn.operations.3.NF.conv5.bias] will not optimize.
2025-06-22 13:38:59,853 - WARNING - Params [module.irn.operations.3.NF.conv5.bias] will not optimize.
25-06-22 13:38:59.853 - WARNING: Params [module.irn.operations.3.NF.norm1.weight] will not optimize.
2025-06-22 13:38:59,853 - WARNING - Params [module.irn.operations.3.NF.norm1.weight] will not optimize.
25-06-22 13:38:59.853 - WARNING: Params [module.irn.operations.3.NF.norm1.bias] will not optimize.
2025-06-22 13:38:59,853 - WARNING - Params [module.irn.operations.3.NF.norm1.bias] will not optimize.
25-06-22 13:38:59.854 - WARNING: Params [module.irn.operations.3.NF.norm2.weight] will not optimize.
2025-06-22 13:38:59,854 - WARNING - Params [module.irn.operations.3.NF.norm2.weight] will not optimize.
25-06-22 13:38:59.854 - WARNING: Params [module.irn.operations.3.NF.norm2.bias] will not optimize.
2025-06-22 13:38:59,854 - WARNING - Params [module.irn.operations.3.NF.norm2.bias] will not optimize.
25-06-22 13:38:59.854 - WARNING: Params [module.irn.operations.3.G.conv1.weight] will not optimize.
2025-06-22 13:38:59,854 - WARNING - Params [module.irn.operations.3.G.conv1.weight] will not optimize.
25-06-22 13:38:59.854 - WARNING: Params [module.irn.operations.3.G.conv1.bias] will not optimize.
2025-06-22 13:38:59,854 - WARNING - Params [module.irn.operations.3.G.conv1.bias] will not optimize.
25-06-22 13:38:59.854 - WARNING: Params [module.irn.operations.3.G.conv2.weight] will not optimize.
2025-06-22 13:38:59,854 - WARNING - Params [module.irn.operations.3.G.conv2.weight] will not optimize.
25-06-22 13:38:59.854 - WARNING: Params [module.irn.operations.3.G.conv2.bias] will not optimize.
2025-06-22 13:38:59,854 - WARNING - Params [module.irn.operations.3.G.conv2.bias] will not optimize.
25-06-22 13:38:59.854 - WARNING: Params [module.irn.operations.3.G.conv3.weight] will not optimize.
2025-06-22 13:38:59,854 - WARNING - Params [module.irn.operations.3.G.conv3.weight] will not optimize.
25-06-22 13:38:59.854 - WARNING: Params [module.irn.operations.3.G.conv3.bias] will not optimize.
2025-06-22 13:38:59,854 - WARNING - Params [module.irn.operations.3.G.conv3.bias] will not optimize.
25-06-22 13:38:59.854 - WARNING: Params [module.irn.operations.3.G.conv4.weight] will not optimize.
2025-06-22 13:38:59,854 - WARNING - Params [module.irn.operations.3.G.conv4.weight] will not optimize.
25-06-22 13:38:59.854 - WARNING: Params [module.irn.operations.3.G.conv4.bias] will not optimize.
2025-06-22 13:38:59,854 - WARNING - Params [module.irn.operations.3.G.conv4.bias] will not optimize.
25-06-22 13:38:59.854 - WARNING: Params [module.irn.operations.3.G.conv5.weight] will not optimize.
2025-06-22 13:38:59,854 - WARNING - Params [module.irn.operations.3.G.conv5.weight] will not optimize.
25-06-22 13:38:59.854 - WARNING: Params [module.irn.operations.3.G.conv5.bias] will not optimize.
2025-06-22 13:38:59,854 - WARNING - Params [module.irn.operations.3.G.conv5.bias] will not optimize.
25-06-22 13:38:59.854 - WARNING: Params [module.irn.operations.3.NG.beta] will not optimize.
2025-06-22 13:38:59,854 - WARNING - Params [module.irn.operations.3.NG.beta] will not optimize.
25-06-22 13:38:59.854 - WARNING: Params [module.irn.operations.3.NG.gamma] will not optimize.
2025-06-22 13:38:59,854 - WARNING - Params [module.irn.operations.3.NG.gamma] will not optimize.
25-06-22 13:38:59.854 - WARNING: Params [module.irn.operations.3.NG.conv1.weight] will not optimize.
2025-06-22 13:38:59,854 - WARNING - Params [module.irn.operations.3.NG.conv1.weight] will not optimize.
25-06-22 13:38:59.854 - WARNING: Params [module.irn.operations.3.NG.conv1.bias] will not optimize.
2025-06-22 13:38:59,854 - WARNING - Params [module.irn.operations.3.NG.conv1.bias] will not optimize.
25-06-22 13:38:59.854 - WARNING: Params [module.irn.operations.3.NG.conv2.weight] will not optimize.
2025-06-22 13:38:59,854 - WARNING - Params [module.irn.operations.3.NG.conv2.weight] will not optimize.
25-06-22 13:38:59.854 - WARNING: Params [module.irn.operations.3.NG.conv2.bias] will not optimize.
2025-06-22 13:38:59,854 - WARNING - Params [module.irn.operations.3.NG.conv2.bias] will not optimize.
25-06-22 13:38:59.855 - WARNING: Params [module.irn.operations.3.NG.conv3.weight] will not optimize.
2025-06-22 13:38:59,855 - WARNING - Params [module.irn.operations.3.NG.conv3.weight] will not optimize.
25-06-22 13:38:59.855 - WARNING: Params [module.irn.operations.3.NG.conv3.bias] will not optimize.
2025-06-22 13:38:59,855 - WARNING - Params [module.irn.operations.3.NG.conv3.bias] will not optimize.
25-06-22 13:38:59.855 - WARNING: Params [module.irn.operations.3.NG.sca.1.weight] will not optimize.
2025-06-22 13:38:59,855 - WARNING - Params [module.irn.operations.3.NG.sca.1.weight] will not optimize.
25-06-22 13:38:59.855 - WARNING: Params [module.irn.operations.3.NG.sca.1.bias] will not optimize.
2025-06-22 13:38:59,855 - WARNING - Params [module.irn.operations.3.NG.sca.1.bias] will not optimize.
25-06-22 13:38:59.855 - WARNING: Params [module.irn.operations.3.NG.conv4.weight] will not optimize.
2025-06-22 13:38:59,855 - WARNING - Params [module.irn.operations.3.NG.conv4.weight] will not optimize.
25-06-22 13:38:59.855 - WARNING: Params [module.irn.operations.3.NG.conv4.bias] will not optimize.
2025-06-22 13:38:59,855 - WARNING - Params [module.irn.operations.3.NG.conv4.bias] will not optimize.
25-06-22 13:38:59.855 - WARNING: Params [module.irn.operations.3.NG.conv5.weight] will not optimize.
2025-06-22 13:38:59,855 - WARNING - Params [module.irn.operations.3.NG.conv5.weight] will not optimize.
25-06-22 13:38:59.855 - WARNING: Params [module.irn.operations.3.NG.conv5.bias] will not optimize.
2025-06-22 13:38:59,855 - WARNING - Params [module.irn.operations.3.NG.conv5.bias] will not optimize.
25-06-22 13:38:59.855 - WARNING: Params [module.irn.operations.3.NG.norm1.weight] will not optimize.
2025-06-22 13:38:59,855 - WARNING - Params [module.irn.operations.3.NG.norm1.weight] will not optimize.
25-06-22 13:38:59.855 - WARNING: Params [module.irn.operations.3.NG.norm1.bias] will not optimize.
2025-06-22 13:38:59,855 - WARNING - Params [module.irn.operations.3.NG.norm1.bias] will not optimize.
25-06-22 13:38:59.855 - WARNING: Params [module.irn.operations.3.NG.norm2.weight] will not optimize.
2025-06-22 13:38:59,855 - WARNING - Params [module.irn.operations.3.NG.norm2.weight] will not optimize.
25-06-22 13:38:59.855 - WARNING: Params [module.irn.operations.3.NG.norm2.bias] will not optimize.
2025-06-22 13:38:59,855 - WARNING - Params [module.irn.operations.3.NG.norm2.bias] will not optimize.
25-06-22 13:38:59.855 - WARNING: Params [module.irn.operations.3.H.conv1.weight] will not optimize.
2025-06-22 13:38:59,855 - WARNING - Params [module.irn.operations.3.H.conv1.weight] will not optimize.
25-06-22 13:38:59.855 - WARNING: Params [module.irn.operations.3.H.conv1.bias] will not optimize.
2025-06-22 13:38:59,855 - WARNING - Params [module.irn.operations.3.H.conv1.bias] will not optimize.
25-06-22 13:38:59.855 - WARNING: Params [module.irn.operations.3.H.conv2.weight] will not optimize.
2025-06-22 13:38:59,855 - WARNING - Params [module.irn.operations.3.H.conv2.weight] will not optimize.
25-06-22 13:38:59.855 - WARNING: Params [module.irn.operations.3.H.conv2.bias] will not optimize.
2025-06-22 13:38:59,855 - WARNING - Params [module.irn.operations.3.H.conv2.bias] will not optimize.
25-06-22 13:38:59.855 - WARNING: Params [module.irn.operations.3.H.conv3.weight] will not optimize.
2025-06-22 13:38:59,855 - WARNING - Params [module.irn.operations.3.H.conv3.weight] will not optimize.
25-06-22 13:38:59.855 - WARNING: Params [module.irn.operations.3.H.conv3.bias] will not optimize.
2025-06-22 13:38:59,855 - WARNING - Params [module.irn.operations.3.H.conv3.bias] will not optimize.
25-06-22 13:38:59.856 - WARNING: Params [module.irn.operations.3.H.conv4.weight] will not optimize.
2025-06-22 13:38:59,856 - WARNING - Params [module.irn.operations.3.H.conv4.weight] will not optimize.
25-06-22 13:38:59.856 - WARNING: Params [module.irn.operations.3.H.conv4.bias] will not optimize.
2025-06-22 13:38:59,856 - WARNING - Params [module.irn.operations.3.H.conv4.bias] will not optimize.
25-06-22 13:38:59.856 - WARNING: Params [module.irn.operations.3.H.conv5.weight] will not optimize.
2025-06-22 13:38:59,856 - WARNING - Params [module.irn.operations.3.H.conv5.weight] will not optimize.
25-06-22 13:38:59.856 - WARNING: Params [module.irn.operations.3.H.conv5.bias] will not optimize.
2025-06-22 13:38:59,856 - WARNING - Params [module.irn.operations.3.H.conv5.bias] will not optimize.
25-06-22 13:38:59.856 - WARNING: Params [module.irn.operations.3.NH.beta] will not optimize.
2025-06-22 13:38:59,856 - WARNING - Params [module.irn.operations.3.NH.beta] will not optimize.
25-06-22 13:38:59.856 - WARNING: Params [module.irn.operations.3.NH.gamma] will not optimize.
2025-06-22 13:38:59,856 - WARNING - Params [module.irn.operations.3.NH.gamma] will not optimize.
25-06-22 13:38:59.856 - WARNING: Params [module.irn.operations.3.NH.conv1.weight] will not optimize.
2025-06-22 13:38:59,856 - WARNING - Params [module.irn.operations.3.NH.conv1.weight] will not optimize.
25-06-22 13:38:59.856 - WARNING: Params [module.irn.operations.3.NH.conv1.bias] will not optimize.
2025-06-22 13:38:59,856 - WARNING - Params [module.irn.operations.3.NH.conv1.bias] will not optimize.
25-06-22 13:38:59.856 - WARNING: Params [module.irn.operations.3.NH.conv2.weight] will not optimize.
2025-06-22 13:38:59,856 - WARNING - Params [module.irn.operations.3.NH.conv2.weight] will not optimize.
25-06-22 13:38:59.856 - WARNING: Params [module.irn.operations.3.NH.conv2.bias] will not optimize.
2025-06-22 13:38:59,856 - WARNING - Params [module.irn.operations.3.NH.conv2.bias] will not optimize.
25-06-22 13:38:59.856 - WARNING: Params [module.irn.operations.3.NH.conv3.weight] will not optimize.
2025-06-22 13:38:59,856 - WARNING - Params [module.irn.operations.3.NH.conv3.weight] will not optimize.
25-06-22 13:38:59.856 - WARNING: Params [module.irn.operations.3.NH.conv3.bias] will not optimize.
2025-06-22 13:38:59,856 - WARNING - Params [module.irn.operations.3.NH.conv3.bias] will not optimize.
25-06-22 13:38:59.856 - WARNING: Params [module.irn.operations.3.NH.sca.1.weight] will not optimize.
2025-06-22 13:38:59,856 - WARNING - Params [module.irn.operations.3.NH.sca.1.weight] will not optimize.
25-06-22 13:38:59.856 - WARNING: Params [module.irn.operations.3.NH.sca.1.bias] will not optimize.
2025-06-22 13:38:59,856 - WARNING - Params [module.irn.operations.3.NH.sca.1.bias] will not optimize.
25-06-22 13:38:59.856 - WARNING: Params [module.irn.operations.3.NH.conv4.weight] will not optimize.
2025-06-22 13:38:59,856 - WARNING - Params [module.irn.operations.3.NH.conv4.weight] will not optimize.
25-06-22 13:38:59.856 - WARNING: Params [module.irn.operations.3.NH.conv4.bias] will not optimize.
2025-06-22 13:38:59,856 - WARNING - Params [module.irn.operations.3.NH.conv4.bias] will not optimize.
25-06-22 13:38:59.856 - WARNING: Params [module.irn.operations.3.NH.conv5.weight] will not optimize.
2025-06-22 13:38:59,856 - WARNING - Params [module.irn.operations.3.NH.conv5.weight] will not optimize.
25-06-22 13:38:59.856 - WARNING: Params [module.irn.operations.3.NH.conv5.bias] will not optimize.
2025-06-22 13:38:59,856 - WARNING - Params [module.irn.operations.3.NH.conv5.bias] will not optimize.
25-06-22 13:38:59.857 - WARNING: Params [module.irn.operations.3.NH.norm1.weight] will not optimize.
2025-06-22 13:38:59,857 - WARNING - Params [module.irn.operations.3.NH.norm1.weight] will not optimize.
25-06-22 13:38:59.857 - WARNING: Params [module.irn.operations.3.NH.norm1.bias] will not optimize.
2025-06-22 13:38:59,857 - WARNING - Params [module.irn.operations.3.NH.norm1.bias] will not optimize.
25-06-22 13:38:59.857 - WARNING: Params [module.irn.operations.3.NH.norm2.weight] will not optimize.
2025-06-22 13:38:59,857 - WARNING - Params [module.irn.operations.3.NH.norm2.weight] will not optimize.
25-06-22 13:38:59.857 - WARNING: Params [module.irn.operations.3.NH.norm2.bias] will not optimize.
2025-06-22 13:38:59,857 - WARNING - Params [module.irn.operations.3.NH.norm2.bias] will not optimize.
25-06-22 13:38:59.857 - WARNING: Params [module.irn.operations.4.F.conv1.weight] will not optimize.
2025-06-22 13:38:59,857 - WARNING - Params [module.irn.operations.4.F.conv1.weight] will not optimize.
25-06-22 13:38:59.857 - WARNING: Params [module.irn.operations.4.F.conv1.bias] will not optimize.
2025-06-22 13:38:59,857 - WARNING - Params [module.irn.operations.4.F.conv1.bias] will not optimize.
25-06-22 13:38:59.857 - WARNING: Params [module.irn.operations.4.F.conv2.weight] will not optimize.
2025-06-22 13:38:59,857 - WARNING - Params [module.irn.operations.4.F.conv2.weight] will not optimize.
25-06-22 13:38:59.857 - WARNING: Params [module.irn.operations.4.F.conv2.bias] will not optimize.
2025-06-22 13:38:59,857 - WARNING - Params [module.irn.operations.4.F.conv2.bias] will not optimize.
25-06-22 13:38:59.857 - WARNING: Params [module.irn.operations.4.F.conv3.weight] will not optimize.
2025-06-22 13:38:59,857 - WARNING - Params [module.irn.operations.4.F.conv3.weight] will not optimize.
25-06-22 13:38:59.857 - WARNING: Params [module.irn.operations.4.F.conv3.bias] will not optimize.
2025-06-22 13:38:59,857 - WARNING - Params [module.irn.operations.4.F.conv3.bias] will not optimize.
25-06-22 13:38:59.857 - WARNING: Params [module.irn.operations.4.F.conv4.weight] will not optimize.
2025-06-22 13:38:59,857 - WARNING - Params [module.irn.operations.4.F.conv4.weight] will not optimize.
25-06-22 13:38:59.857 - WARNING: Params [module.irn.operations.4.F.conv4.bias] will not optimize.
2025-06-22 13:38:59,857 - WARNING - Params [module.irn.operations.4.F.conv4.bias] will not optimize.
25-06-22 13:38:59.857 - WARNING: Params [module.irn.operations.4.F.conv5.weight] will not optimize.
2025-06-22 13:38:59,857 - WARNING - Params [module.irn.operations.4.F.conv5.weight] will not optimize.
25-06-22 13:38:59.857 - WARNING: Params [module.irn.operations.4.F.conv5.bias] will not optimize.
2025-06-22 13:38:59,857 - WARNING - Params [module.irn.operations.4.F.conv5.bias] will not optimize.
25-06-22 13:38:59.857 - WARNING: Params [module.irn.operations.4.NF.beta] will not optimize.
2025-06-22 13:38:59,857 - WARNING - Params [module.irn.operations.4.NF.beta] will not optimize.
25-06-22 13:38:59.857 - WARNING: Params [module.irn.operations.4.NF.gamma] will not optimize.
2025-06-22 13:38:59,857 - WARNING - Params [module.irn.operations.4.NF.gamma] will not optimize.
25-06-22 13:38:59.857 - WARNING: Params [module.irn.operations.4.NF.conv1.weight] will not optimize.
2025-06-22 13:38:59,857 - WARNING - Params [module.irn.operations.4.NF.conv1.weight] will not optimize.
25-06-22 13:38:59.857 - WARNING: Params [module.irn.operations.4.NF.conv1.bias] will not optimize.
2025-06-22 13:38:59,857 - WARNING - Params [module.irn.operations.4.NF.conv1.bias] will not optimize.
25-06-22 13:38:59.857 - WARNING: Params [module.irn.operations.4.NF.conv2.weight] will not optimize.
2025-06-22 13:38:59,857 - WARNING - Params [module.irn.operations.4.NF.conv2.weight] will not optimize.
25-06-22 13:38:59.858 - WARNING: Params [module.irn.operations.4.NF.conv2.bias] will not optimize.
2025-06-22 13:38:59,858 - WARNING - Params [module.irn.operations.4.NF.conv2.bias] will not optimize.
25-06-22 13:38:59.858 - WARNING: Params [module.irn.operations.4.NF.conv3.weight] will not optimize.
2025-06-22 13:38:59,858 - WARNING - Params [module.irn.operations.4.NF.conv3.weight] will not optimize.
25-06-22 13:38:59.858 - WARNING: Params [module.irn.operations.4.NF.conv3.bias] will not optimize.
2025-06-22 13:38:59,858 - WARNING - Params [module.irn.operations.4.NF.conv3.bias] will not optimize.
25-06-22 13:38:59.858 - WARNING: Params [module.irn.operations.4.NF.sca.1.weight] will not optimize.
2025-06-22 13:38:59,858 - WARNING - Params [module.irn.operations.4.NF.sca.1.weight] will not optimize.
25-06-22 13:38:59.858 - WARNING: Params [module.irn.operations.4.NF.sca.1.bias] will not optimize.
2025-06-22 13:38:59,858 - WARNING - Params [module.irn.operations.4.NF.sca.1.bias] will not optimize.
25-06-22 13:38:59.858 - WARNING: Params [module.irn.operations.4.NF.conv4.weight] will not optimize.
2025-06-22 13:38:59,858 - WARNING - Params [module.irn.operations.4.NF.conv4.weight] will not optimize.
25-06-22 13:38:59.858 - WARNING: Params [module.irn.operations.4.NF.conv4.bias] will not optimize.
2025-06-22 13:38:59,858 - WARNING - Params [module.irn.operations.4.NF.conv4.bias] will not optimize.
25-06-22 13:38:59.858 - WARNING: Params [module.irn.operations.4.NF.conv5.weight] will not optimize.
2025-06-22 13:38:59,858 - WARNING - Params [module.irn.operations.4.NF.conv5.weight] will not optimize.
25-06-22 13:38:59.858 - WARNING: Params [module.irn.operations.4.NF.conv5.bias] will not optimize.
2025-06-22 13:38:59,858 - WARNING - Params [module.irn.operations.4.NF.conv5.bias] will not optimize.
25-06-22 13:38:59.858 - WARNING: Params [module.irn.operations.4.NF.norm1.weight] will not optimize.
2025-06-22 13:38:59,858 - WARNING - Params [module.irn.operations.4.NF.norm1.weight] will not optimize.
25-06-22 13:38:59.858 - WARNING: Params [module.irn.operations.4.NF.norm1.bias] will not optimize.
2025-06-22 13:38:59,858 - WARNING - Params [module.irn.operations.4.NF.norm1.bias] will not optimize.
25-06-22 13:38:59.858 - WARNING: Params [module.irn.operations.4.NF.norm2.weight] will not optimize.
2025-06-22 13:38:59,858 - WARNING - Params [module.irn.operations.4.NF.norm2.weight] will not optimize.
25-06-22 13:38:59.858 - WARNING: Params [module.irn.operations.4.NF.norm2.bias] will not optimize.
2025-06-22 13:38:59,858 - WARNING - Params [module.irn.operations.4.NF.norm2.bias] will not optimize.
25-06-22 13:38:59.858 - WARNING: Params [module.irn.operations.4.G.conv1.weight] will not optimize.
2025-06-22 13:38:59,858 - WARNING - Params [module.irn.operations.4.G.conv1.weight] will not optimize.
25-06-22 13:38:59.858 - WARNING: Params [module.irn.operations.4.G.conv1.bias] will not optimize.
2025-06-22 13:38:59,858 - WARNING - Params [module.irn.operations.4.G.conv1.bias] will not optimize.
25-06-22 13:38:59.858 - WARNING: Params [module.irn.operations.4.G.conv2.weight] will not optimize.
2025-06-22 13:38:59,858 - WARNING - Params [module.irn.operations.4.G.conv2.weight] will not optimize.
25-06-22 13:38:59.858 - WARNING: Params [module.irn.operations.4.G.conv2.bias] will not optimize.
2025-06-22 13:38:59,858 - WARNING - Params [module.irn.operations.4.G.conv2.bias] will not optimize.
25-06-22 13:38:59.858 - WARNING: Params [module.irn.operations.4.G.conv3.weight] will not optimize.
2025-06-22 13:38:59,858 - WARNING - Params [module.irn.operations.4.G.conv3.weight] will not optimize.
25-06-22 13:38:59.859 - WARNING: Params [module.irn.operations.4.G.conv3.bias] will not optimize.
2025-06-22 13:38:59,859 - WARNING - Params [module.irn.operations.4.G.conv3.bias] will not optimize.
25-06-22 13:38:59.859 - WARNING: Params [module.irn.operations.4.G.conv4.weight] will not optimize.
2025-06-22 13:38:59,859 - WARNING - Params [module.irn.operations.4.G.conv4.weight] will not optimize.
25-06-22 13:38:59.859 - WARNING: Params [module.irn.operations.4.G.conv4.bias] will not optimize.
2025-06-22 13:38:59,859 - WARNING - Params [module.irn.operations.4.G.conv4.bias] will not optimize.
25-06-22 13:38:59.859 - WARNING: Params [module.irn.operations.4.G.conv5.weight] will not optimize.
2025-06-22 13:38:59,859 - WARNING - Params [module.irn.operations.4.G.conv5.weight] will not optimize.
25-06-22 13:38:59.859 - WARNING: Params [module.irn.operations.4.G.conv5.bias] will not optimize.
2025-06-22 13:38:59,859 - WARNING - Params [module.irn.operations.4.G.conv5.bias] will not optimize.
25-06-22 13:38:59.859 - WARNING: Params [module.irn.operations.4.NG.beta] will not optimize.
2025-06-22 13:38:59,859 - WARNING - Params [module.irn.operations.4.NG.beta] will not optimize.
25-06-22 13:38:59.859 - WARNING: Params [module.irn.operations.4.NG.gamma] will not optimize.
2025-06-22 13:38:59,859 - WARNING - Params [module.irn.operations.4.NG.gamma] will not optimize.
25-06-22 13:38:59.859 - WARNING: Params [module.irn.operations.4.NG.conv1.weight] will not optimize.
2025-06-22 13:38:59,859 - WARNING - Params [module.irn.operations.4.NG.conv1.weight] will not optimize.
25-06-22 13:38:59.859 - WARNING: Params [module.irn.operations.4.NG.conv1.bias] will not optimize.
2025-06-22 13:38:59,859 - WARNING - Params [module.irn.operations.4.NG.conv1.bias] will not optimize.
25-06-22 13:38:59.859 - WARNING: Params [module.irn.operations.4.NG.conv2.weight] will not optimize.
2025-06-22 13:38:59,859 - WARNING - Params [module.irn.operations.4.NG.conv2.weight] will not optimize.
25-06-22 13:38:59.859 - WARNING: Params [module.irn.operations.4.NG.conv2.bias] will not optimize.
2025-06-22 13:38:59,859 - WARNING - Params [module.irn.operations.4.NG.conv2.bias] will not optimize.
25-06-22 13:38:59.859 - WARNING: Params [module.irn.operations.4.NG.conv3.weight] will not optimize.
2025-06-22 13:38:59,859 - WARNING - Params [module.irn.operations.4.NG.conv3.weight] will not optimize.
25-06-22 13:38:59.859 - WARNING: Params [module.irn.operations.4.NG.conv3.bias] will not optimize.
2025-06-22 13:38:59,859 - WARNING - Params [module.irn.operations.4.NG.conv3.bias] will not optimize.
25-06-22 13:38:59.859 - WARNING: Params [module.irn.operations.4.NG.sca.1.weight] will not optimize.
2025-06-22 13:38:59,859 - WARNING - Params [module.irn.operations.4.NG.sca.1.weight] will not optimize.
25-06-22 13:38:59.859 - WARNING: Params [module.irn.operations.4.NG.sca.1.bias] will not optimize.
2025-06-22 13:38:59,859 - WARNING - Params [module.irn.operations.4.NG.sca.1.bias] will not optimize.
25-06-22 13:38:59.859 - WARNING: Params [module.irn.operations.4.NG.conv4.weight] will not optimize.
2025-06-22 13:38:59,859 - WARNING - Params [module.irn.operations.4.NG.conv4.weight] will not optimize.
25-06-22 13:38:59.859 - WARNING: Params [module.irn.operations.4.NG.conv4.bias] will not optimize.
2025-06-22 13:38:59,859 - WARNING - Params [module.irn.operations.4.NG.conv4.bias] will not optimize.
25-06-22 13:38:59.859 - WARNING: Params [module.irn.operations.4.NG.conv5.weight] will not optimize.
2025-06-22 13:38:59,859 - WARNING - Params [module.irn.operations.4.NG.conv5.weight] will not optimize.
25-06-22 13:38:59.860 - WARNING: Params [module.irn.operations.4.NG.conv5.bias] will not optimize.
2025-06-22 13:38:59,860 - WARNING - Params [module.irn.operations.4.NG.conv5.bias] will not optimize.
25-06-22 13:38:59.860 - WARNING: Params [module.irn.operations.4.NG.norm1.weight] will not optimize.
2025-06-22 13:38:59,860 - WARNING - Params [module.irn.operations.4.NG.norm1.weight] will not optimize.
25-06-22 13:38:59.860 - WARNING: Params [module.irn.operations.4.NG.norm1.bias] will not optimize.
2025-06-22 13:38:59,860 - WARNING - Params [module.irn.operations.4.NG.norm1.bias] will not optimize.
25-06-22 13:38:59.860 - WARNING: Params [module.irn.operations.4.NG.norm2.weight] will not optimize.
2025-06-22 13:38:59,860 - WARNING - Params [module.irn.operations.4.NG.norm2.weight] will not optimize.
25-06-22 13:38:59.860 - WARNING: Params [module.irn.operations.4.NG.norm2.bias] will not optimize.
2025-06-22 13:38:59,860 - WARNING - Params [module.irn.operations.4.NG.norm2.bias] will not optimize.
25-06-22 13:38:59.860 - WARNING: Params [module.irn.operations.4.H.conv1.weight] will not optimize.
2025-06-22 13:38:59,860 - WARNING - Params [module.irn.operations.4.H.conv1.weight] will not optimize.
25-06-22 13:38:59.860 - WARNING: Params [module.irn.operations.4.H.conv1.bias] will not optimize.
2025-06-22 13:38:59,860 - WARNING - Params [module.irn.operations.4.H.conv1.bias] will not optimize.
25-06-22 13:38:59.860 - WARNING: Params [module.irn.operations.4.H.conv2.weight] will not optimize.
2025-06-22 13:38:59,860 - WARNING - Params [module.irn.operations.4.H.conv2.weight] will not optimize.
25-06-22 13:38:59.860 - WARNING: Params [module.irn.operations.4.H.conv2.bias] will not optimize.
2025-06-22 13:38:59,860 - WARNING - Params [module.irn.operations.4.H.conv2.bias] will not optimize.
25-06-22 13:38:59.860 - WARNING: Params [module.irn.operations.4.H.conv3.weight] will not optimize.
2025-06-22 13:38:59,860 - WARNING - Params [module.irn.operations.4.H.conv3.weight] will not optimize.
25-06-22 13:38:59.860 - WARNING: Params [module.irn.operations.4.H.conv3.bias] will not optimize.
2025-06-22 13:38:59,860 - WARNING - Params [module.irn.operations.4.H.conv3.bias] will not optimize.
25-06-22 13:38:59.860 - WARNING: Params [module.irn.operations.4.H.conv4.weight] will not optimize.
2025-06-22 13:38:59,860 - WARNING - Params [module.irn.operations.4.H.conv4.weight] will not optimize.
25-06-22 13:38:59.860 - WARNING: Params [module.irn.operations.4.H.conv4.bias] will not optimize.
2025-06-22 13:38:59,860 - WARNING - Params [module.irn.operations.4.H.conv4.bias] will not optimize.
25-06-22 13:38:59.860 - WARNING: Params [module.irn.operations.4.H.conv5.weight] will not optimize.
2025-06-22 13:38:59,860 - WARNING - Params [module.irn.operations.4.H.conv5.weight] will not optimize.
25-06-22 13:38:59.860 - WARNING: Params [module.irn.operations.4.H.conv5.bias] will not optimize.
2025-06-22 13:38:59,860 - WARNING - Params [module.irn.operations.4.H.conv5.bias] will not optimize.
25-06-22 13:38:59.860 - WARNING: Params [module.irn.operations.4.NH.beta] will not optimize.
2025-06-22 13:38:59,860 - WARNING - Params [module.irn.operations.4.NH.beta] will not optimize.
25-06-22 13:38:59.860 - WARNING: Params [module.irn.operations.4.NH.gamma] will not optimize.
2025-06-22 13:38:59,860 - WARNING - Params [module.irn.operations.4.NH.gamma] will not optimize.
25-06-22 13:38:59.860 - WARNING: Params [module.irn.operations.4.NH.conv1.weight] will not optimize.
2025-06-22 13:38:59,860 - WARNING - Params [module.irn.operations.4.NH.conv1.weight] will not optimize.
25-06-22 13:38:59.860 - WARNING: Params [module.irn.operations.4.NH.conv1.bias] will not optimize.
2025-06-22 13:38:59,860 - WARNING - Params [module.irn.operations.4.NH.conv1.bias] will not optimize.
25-06-22 13:38:59.861 - WARNING: Params [module.irn.operations.4.NH.conv2.weight] will not optimize.
2025-06-22 13:38:59,861 - WARNING - Params [module.irn.operations.4.NH.conv2.weight] will not optimize.
25-06-22 13:38:59.861 - WARNING: Params [module.irn.operations.4.NH.conv2.bias] will not optimize.
2025-06-22 13:38:59,861 - WARNING - Params [module.irn.operations.4.NH.conv2.bias] will not optimize.
25-06-22 13:38:59.861 - WARNING: Params [module.irn.operations.4.NH.conv3.weight] will not optimize.
2025-06-22 13:38:59,861 - WARNING - Params [module.irn.operations.4.NH.conv3.weight] will not optimize.
25-06-22 13:38:59.861 - WARNING: Params [module.irn.operations.4.NH.conv3.bias] will not optimize.
2025-06-22 13:38:59,861 - WARNING - Params [module.irn.operations.4.NH.conv3.bias] will not optimize.
25-06-22 13:38:59.861 - WARNING: Params [module.irn.operations.4.NH.sca.1.weight] will not optimize.
2025-06-22 13:38:59,861 - WARNING - Params [module.irn.operations.4.NH.sca.1.weight] will not optimize.
25-06-22 13:38:59.861 - WARNING: Params [module.irn.operations.4.NH.sca.1.bias] will not optimize.
2025-06-22 13:38:59,861 - WARNING - Params [module.irn.operations.4.NH.sca.1.bias] will not optimize.
25-06-22 13:38:59.861 - WARNING: Params [module.irn.operations.4.NH.conv4.weight] will not optimize.
2025-06-22 13:38:59,861 - WARNING - Params [module.irn.operations.4.NH.conv4.weight] will not optimize.
25-06-22 13:38:59.861 - WARNING: Params [module.irn.operations.4.NH.conv4.bias] will not optimize.
2025-06-22 13:38:59,861 - WARNING - Params [module.irn.operations.4.NH.conv4.bias] will not optimize.
25-06-22 13:38:59.861 - WARNING: Params [module.irn.operations.4.NH.conv5.weight] will not optimize.
2025-06-22 13:38:59,861 - WARNING - Params [module.irn.operations.4.NH.conv5.weight] will not optimize.
25-06-22 13:38:59.861 - WARNING: Params [module.irn.operations.4.NH.conv5.bias] will not optimize.
2025-06-22 13:38:59,861 - WARNING - Params [module.irn.operations.4.NH.conv5.bias] will not optimize.
25-06-22 13:38:59.861 - WARNING: Params [module.irn.operations.4.NH.norm1.weight] will not optimize.
2025-06-22 13:38:59,861 - WARNING - Params [module.irn.operations.4.NH.norm1.weight] will not optimize.
25-06-22 13:38:59.861 - WARNING: Params [module.irn.operations.4.NH.norm1.bias] will not optimize.
2025-06-22 13:38:59,861 - WARNING - Params [module.irn.operations.4.NH.norm1.bias] will not optimize.
25-06-22 13:38:59.861 - WARNING: Params [module.irn.operations.4.NH.norm2.weight] will not optimize.
2025-06-22 13:38:59,861 - WARNING - Params [module.irn.operations.4.NH.norm2.weight] will not optimize.
25-06-22 13:38:59.861 - WARNING: Params [module.irn.operations.4.NH.norm2.bias] will not optimize.
2025-06-22 13:38:59,861 - WARNING - Params [module.irn.operations.4.NH.norm2.bias] will not optimize.
25-06-22 13:38:59.861 - WARNING: Params [module.irn.operations.5.F.conv1.weight] will not optimize.
2025-06-22 13:38:59,861 - WARNING - Params [module.irn.operations.5.F.conv1.weight] will not optimize.
25-06-22 13:38:59.861 - WARNING: Params [module.irn.operations.5.F.conv1.bias] will not optimize.
2025-06-22 13:38:59,861 - WARNING - Params [module.irn.operations.5.F.conv1.bias] will not optimize.
25-06-22 13:38:59.861 - WARNING: Params [module.irn.operations.5.F.conv2.weight] will not optimize.
2025-06-22 13:38:59,861 - WARNING - Params [module.irn.operations.5.F.conv2.weight] will not optimize.
25-06-22 13:38:59.861 - WARNING: Params [module.irn.operations.5.F.conv2.bias] will not optimize.
2025-06-22 13:38:59,861 - WARNING - Params [module.irn.operations.5.F.conv2.bias] will not optimize.
25-06-22 13:38:59.862 - WARNING: Params [module.irn.operations.5.F.conv3.weight] will not optimize.
2025-06-22 13:38:59,862 - WARNING - Params [module.irn.operations.5.F.conv3.weight] will not optimize.
25-06-22 13:38:59.862 - WARNING: Params [module.irn.operations.5.F.conv3.bias] will not optimize.
2025-06-22 13:38:59,862 - WARNING - Params [module.irn.operations.5.F.conv3.bias] will not optimize.
25-06-22 13:38:59.862 - WARNING: Params [module.irn.operations.5.F.conv4.weight] will not optimize.
2025-06-22 13:38:59,862 - WARNING - Params [module.irn.operations.5.F.conv4.weight] will not optimize.
25-06-22 13:38:59.862 - WARNING: Params [module.irn.operations.5.F.conv4.bias] will not optimize.
2025-06-22 13:38:59,862 - WARNING - Params [module.irn.operations.5.F.conv4.bias] will not optimize.
25-06-22 13:38:59.862 - WARNING: Params [module.irn.operations.5.F.conv5.weight] will not optimize.
2025-06-22 13:38:59,862 - WARNING - Params [module.irn.operations.5.F.conv5.weight] will not optimize.
25-06-22 13:38:59.862 - WARNING: Params [module.irn.operations.5.F.conv5.bias] will not optimize.
2025-06-22 13:38:59,862 - WARNING - Params [module.irn.operations.5.F.conv5.bias] will not optimize.
25-06-22 13:38:59.862 - WARNING: Params [module.irn.operations.5.NF.beta] will not optimize.
2025-06-22 13:38:59,862 - WARNING - Params [module.irn.operations.5.NF.beta] will not optimize.
25-06-22 13:38:59.862 - WARNING: Params [module.irn.operations.5.NF.gamma] will not optimize.
2025-06-22 13:38:59,862 - WARNING - Params [module.irn.operations.5.NF.gamma] will not optimize.
25-06-22 13:38:59.862 - WARNING: Params [module.irn.operations.5.NF.conv1.weight] will not optimize.
2025-06-22 13:38:59,862 - WARNING - Params [module.irn.operations.5.NF.conv1.weight] will not optimize.
25-06-22 13:38:59.862 - WARNING: Params [module.irn.operations.5.NF.conv1.bias] will not optimize.
2025-06-22 13:38:59,862 - WARNING - Params [module.irn.operations.5.NF.conv1.bias] will not optimize.
25-06-22 13:38:59.862 - WARNING: Params [module.irn.operations.5.NF.conv2.weight] will not optimize.
2025-06-22 13:38:59,862 - WARNING - Params [module.irn.operations.5.NF.conv2.weight] will not optimize.
25-06-22 13:38:59.862 - WARNING: Params [module.irn.operations.5.NF.conv2.bias] will not optimize.
2025-06-22 13:38:59,862 - WARNING - Params [module.irn.operations.5.NF.conv2.bias] will not optimize.
25-06-22 13:38:59.862 - WARNING: Params [module.irn.operations.5.NF.conv3.weight] will not optimize.
2025-06-22 13:38:59,862 - WARNING - Params [module.irn.operations.5.NF.conv3.weight] will not optimize.
25-06-22 13:38:59.862 - WARNING: Params [module.irn.operations.5.NF.conv3.bias] will not optimize.
2025-06-22 13:38:59,862 - WARNING - Params [module.irn.operations.5.NF.conv3.bias] will not optimize.
25-06-22 13:38:59.862 - WARNING: Params [module.irn.operations.5.NF.sca.1.weight] will not optimize.
2025-06-22 13:38:59,862 - WARNING - Params [module.irn.operations.5.NF.sca.1.weight] will not optimize.
25-06-22 13:38:59.862 - WARNING: Params [module.irn.operations.5.NF.sca.1.bias] will not optimize.
2025-06-22 13:38:59,862 - WARNING - Params [module.irn.operations.5.NF.sca.1.bias] will not optimize.
25-06-22 13:38:59.862 - WARNING: Params [module.irn.operations.5.NF.conv4.weight] will not optimize.
2025-06-22 13:38:59,862 - WARNING - Params [module.irn.operations.5.NF.conv4.weight] will not optimize.
25-06-22 13:38:59.862 - WARNING: Params [module.irn.operations.5.NF.conv4.bias] will not optimize.
2025-06-22 13:38:59,862 - WARNING - Params [module.irn.operations.5.NF.conv4.bias] will not optimize.
25-06-22 13:38:59.862 - WARNING: Params [module.irn.operations.5.NF.conv5.weight] will not optimize.
2025-06-22 13:38:59,862 - WARNING - Params [module.irn.operations.5.NF.conv5.weight] will not optimize.
25-06-22 13:38:59.863 - WARNING: Params [module.irn.operations.5.NF.conv5.bias] will not optimize.
2025-06-22 13:38:59,863 - WARNING - Params [module.irn.operations.5.NF.conv5.bias] will not optimize.
25-06-22 13:38:59.863 - WARNING: Params [module.irn.operations.5.NF.norm1.weight] will not optimize.
2025-06-22 13:38:59,863 - WARNING - Params [module.irn.operations.5.NF.norm1.weight] will not optimize.
25-06-22 13:38:59.863 - WARNING: Params [module.irn.operations.5.NF.norm1.bias] will not optimize.
2025-06-22 13:38:59,863 - WARNING - Params [module.irn.operations.5.NF.norm1.bias] will not optimize.
25-06-22 13:38:59.863 - WARNING: Params [module.irn.operations.5.NF.norm2.weight] will not optimize.
2025-06-22 13:38:59,863 - WARNING - Params [module.irn.operations.5.NF.norm2.weight] will not optimize.
25-06-22 13:38:59.863 - WARNING: Params [module.irn.operations.5.NF.norm2.bias] will not optimize.
2025-06-22 13:38:59,863 - WARNING - Params [module.irn.operations.5.NF.norm2.bias] will not optimize.
25-06-22 13:38:59.863 - WARNING: Params [module.irn.operations.5.G.conv1.weight] will not optimize.
2025-06-22 13:38:59,863 - WARNING - Params [module.irn.operations.5.G.conv1.weight] will not optimize.
25-06-22 13:38:59.863 - WARNING: Params [module.irn.operations.5.G.conv1.bias] will not optimize.
2025-06-22 13:38:59,863 - WARNING - Params [module.irn.operations.5.G.conv1.bias] will not optimize.
25-06-22 13:38:59.863 - WARNING: Params [module.irn.operations.5.G.conv2.weight] will not optimize.
2025-06-22 13:38:59,863 - WARNING - Params [module.irn.operations.5.G.conv2.weight] will not optimize.
25-06-22 13:38:59.863 - WARNING: Params [module.irn.operations.5.G.conv2.bias] will not optimize.
2025-06-22 13:38:59,863 - WARNING - Params [module.irn.operations.5.G.conv2.bias] will not optimize.
25-06-22 13:38:59.863 - WARNING: Params [module.irn.operations.5.G.conv3.weight] will not optimize.
2025-06-22 13:38:59,863 - WARNING - Params [module.irn.operations.5.G.conv3.weight] will not optimize.
25-06-22 13:38:59.863 - WARNING: Params [module.irn.operations.5.G.conv3.bias] will not optimize.
2025-06-22 13:38:59,863 - WARNING - Params [module.irn.operations.5.G.conv3.bias] will not optimize.
25-06-22 13:38:59.863 - WARNING: Params [module.irn.operations.5.G.conv4.weight] will not optimize.
2025-06-22 13:38:59,863 - WARNING - Params [module.irn.operations.5.G.conv4.weight] will not optimize.
25-06-22 13:38:59.863 - WARNING: Params [module.irn.operations.5.G.conv4.bias] will not optimize.
2025-06-22 13:38:59,863 - WARNING - Params [module.irn.operations.5.G.conv4.bias] will not optimize.
25-06-22 13:38:59.863 - WARNING: Params [module.irn.operations.5.G.conv5.weight] will not optimize.
2025-06-22 13:38:59,863 - WARNING - Params [module.irn.operations.5.G.conv5.weight] will not optimize.
25-06-22 13:38:59.863 - WARNING: Params [module.irn.operations.5.G.conv5.bias] will not optimize.
2025-06-22 13:38:59,863 - WARNING - Params [module.irn.operations.5.G.conv5.bias] will not optimize.
25-06-22 13:38:59.863 - WARNING: Params [module.irn.operations.5.NG.beta] will not optimize.
2025-06-22 13:38:59,863 - WARNING - Params [module.irn.operations.5.NG.beta] will not optimize.
25-06-22 13:38:59.863 - WARNING: Params [module.irn.operations.5.NG.gamma] will not optimize.
2025-06-22 13:38:59,863 - WARNING - Params [module.irn.operations.5.NG.gamma] will not optimize.
25-06-22 13:38:59.863 - WARNING: Params [module.irn.operations.5.NG.conv1.weight] will not optimize.
2025-06-22 13:38:59,863 - WARNING - Params [module.irn.operations.5.NG.conv1.weight] will not optimize.
25-06-22 13:38:59.864 - WARNING: Params [module.irn.operations.5.NG.conv1.bias] will not optimize.
2025-06-22 13:38:59,864 - WARNING - Params [module.irn.operations.5.NG.conv1.bias] will not optimize.
25-06-22 13:38:59.864 - WARNING: Params [module.irn.operations.5.NG.conv2.weight] will not optimize.
2025-06-22 13:38:59,864 - WARNING - Params [module.irn.operations.5.NG.conv2.weight] will not optimize.
25-06-22 13:38:59.864 - WARNING: Params [module.irn.operations.5.NG.conv2.bias] will not optimize.
2025-06-22 13:38:59,864 - WARNING - Params [module.irn.operations.5.NG.conv2.bias] will not optimize.
25-06-22 13:38:59.864 - WARNING: Params [module.irn.operations.5.NG.conv3.weight] will not optimize.
2025-06-22 13:38:59,864 - WARNING - Params [module.irn.operations.5.NG.conv3.weight] will not optimize.
25-06-22 13:38:59.864 - WARNING: Params [module.irn.operations.5.NG.conv3.bias] will not optimize.
2025-06-22 13:38:59,864 - WARNING - Params [module.irn.operations.5.NG.conv3.bias] will not optimize.
25-06-22 13:38:59.864 - WARNING: Params [module.irn.operations.5.NG.sca.1.weight] will not optimize.
2025-06-22 13:38:59,864 - WARNING - Params [module.irn.operations.5.NG.sca.1.weight] will not optimize.
25-06-22 13:38:59.864 - WARNING: Params [module.irn.operations.5.NG.sca.1.bias] will not optimize.
2025-06-22 13:38:59,864 - WARNING - Params [module.irn.operations.5.NG.sca.1.bias] will not optimize.
25-06-22 13:38:59.864 - WARNING: Params [module.irn.operations.5.NG.conv4.weight] will not optimize.
2025-06-22 13:38:59,864 - WARNING - Params [module.irn.operations.5.NG.conv4.weight] will not optimize.
25-06-22 13:38:59.864 - WARNING: Params [module.irn.operations.5.NG.conv4.bias] will not optimize.
2025-06-22 13:38:59,864 - WARNING - Params [module.irn.operations.5.NG.conv4.bias] will not optimize.
25-06-22 13:38:59.864 - WARNING: Params [module.irn.operations.5.NG.conv5.weight] will not optimize.
2025-06-22 13:38:59,864 - WARNING - Params [module.irn.operations.5.NG.conv5.weight] will not optimize.
25-06-22 13:38:59.864 - WARNING: Params [module.irn.operations.5.NG.conv5.bias] will not optimize.
2025-06-22 13:38:59,864 - WARNING - Params [module.irn.operations.5.NG.conv5.bias] will not optimize.
25-06-22 13:38:59.864 - WARNING: Params [module.irn.operations.5.NG.norm1.weight] will not optimize.
2025-06-22 13:38:59,864 - WARNING - Params [module.irn.operations.5.NG.norm1.weight] will not optimize.
25-06-22 13:38:59.864 - WARNING: Params [module.irn.operations.5.NG.norm1.bias] will not optimize.
2025-06-22 13:38:59,864 - WARNING - Params [module.irn.operations.5.NG.norm1.bias] will not optimize.
25-06-22 13:38:59.864 - WARNING: Params [module.irn.operations.5.NG.norm2.weight] will not optimize.
2025-06-22 13:38:59,864 - WARNING - Params [module.irn.operations.5.NG.norm2.weight] will not optimize.
25-06-22 13:38:59.864 - WARNING: Params [module.irn.operations.5.NG.norm2.bias] will not optimize.
2025-06-22 13:38:59,864 - WARNING - Params [module.irn.operations.5.NG.norm2.bias] will not optimize.
25-06-22 13:38:59.864 - WARNING: Params [module.irn.operations.5.H.conv1.weight] will not optimize.
2025-06-22 13:38:59,864 - WARNING - Params [module.irn.operations.5.H.conv1.weight] will not optimize.
25-06-22 13:38:59.864 - WARNING: Params [module.irn.operations.5.H.conv1.bias] will not optimize.
2025-06-22 13:38:59,864 - WARNING - Params [module.irn.operations.5.H.conv1.bias] will not optimize.
25-06-22 13:38:59.864 - WARNING: Params [module.irn.operations.5.H.conv2.weight] will not optimize.
2025-06-22 13:38:59,864 - WARNING - Params [module.irn.operations.5.H.conv2.weight] will not optimize.
25-06-22 13:38:59.864 - WARNING: Params [module.irn.operations.5.H.conv2.bias] will not optimize.
2025-06-22 13:38:59,864 - WARNING - Params [module.irn.operations.5.H.conv2.bias] will not optimize.
25-06-22 13:38:59.865 - WARNING: Params [module.irn.operations.5.H.conv3.weight] will not optimize.
2025-06-22 13:38:59,865 - WARNING - Params [module.irn.operations.5.H.conv3.weight] will not optimize.
25-06-22 13:38:59.865 - WARNING: Params [module.irn.operations.5.H.conv3.bias] will not optimize.
2025-06-22 13:38:59,865 - WARNING - Params [module.irn.operations.5.H.conv3.bias] will not optimize.
25-06-22 13:38:59.865 - WARNING: Params [module.irn.operations.5.H.conv4.weight] will not optimize.
2025-06-22 13:38:59,865 - WARNING - Params [module.irn.operations.5.H.conv4.weight] will not optimize.
25-06-22 13:38:59.865 - WARNING: Params [module.irn.operations.5.H.conv4.bias] will not optimize.
2025-06-22 13:38:59,865 - WARNING - Params [module.irn.operations.5.H.conv4.bias] will not optimize.
25-06-22 13:38:59.865 - WARNING: Params [module.irn.operations.5.H.conv5.weight] will not optimize.
2025-06-22 13:38:59,865 - WARNING - Params [module.irn.operations.5.H.conv5.weight] will not optimize.
25-06-22 13:38:59.865 - WARNING: Params [module.irn.operations.5.H.conv5.bias] will not optimize.
2025-06-22 13:38:59,865 - WARNING - Params [module.irn.operations.5.H.conv5.bias] will not optimize.
25-06-22 13:38:59.865 - WARNING: Params [module.irn.operations.5.NH.beta] will not optimize.
2025-06-22 13:38:59,865 - WARNING - Params [module.irn.operations.5.NH.beta] will not optimize.
25-06-22 13:38:59.865 - WARNING: Params [module.irn.operations.5.NH.gamma] will not optimize.
2025-06-22 13:38:59,865 - WARNING - Params [module.irn.operations.5.NH.gamma] will not optimize.
25-06-22 13:38:59.865 - WARNING: Params [module.irn.operations.5.NH.conv1.weight] will not optimize.
2025-06-22 13:38:59,865 - WARNING - Params [module.irn.operations.5.NH.conv1.weight] will not optimize.
25-06-22 13:38:59.865 - WARNING: Params [module.irn.operations.5.NH.conv1.bias] will not optimize.
2025-06-22 13:38:59,865 - WARNING - Params [module.irn.operations.5.NH.conv1.bias] will not optimize.
25-06-22 13:38:59.865 - WARNING: Params [module.irn.operations.5.NH.conv2.weight] will not optimize.
2025-06-22 13:38:59,865 - WARNING - Params [module.irn.operations.5.NH.conv2.weight] will not optimize.
25-06-22 13:38:59.865 - WARNING: Params [module.irn.operations.5.NH.conv2.bias] will not optimize.
2025-06-22 13:38:59,865 - WARNING - Params [module.irn.operations.5.NH.conv2.bias] will not optimize.
25-06-22 13:38:59.865 - WARNING: Params [module.irn.operations.5.NH.conv3.weight] will not optimize.
2025-06-22 13:38:59,865 - WARNING - Params [module.irn.operations.5.NH.conv3.weight] will not optimize.
25-06-22 13:38:59.865 - WARNING: Params [module.irn.operations.5.NH.conv3.bias] will not optimize.
2025-06-22 13:38:59,865 - WARNING - Params [module.irn.operations.5.NH.conv3.bias] will not optimize.
25-06-22 13:38:59.865 - WARNING: Params [module.irn.operations.5.NH.sca.1.weight] will not optimize.
2025-06-22 13:38:59,865 - WARNING - Params [module.irn.operations.5.NH.sca.1.weight] will not optimize.
25-06-22 13:38:59.865 - WARNING: Params [module.irn.operations.5.NH.sca.1.bias] will not optimize.
2025-06-22 13:38:59,865 - WARNING - Params [module.irn.operations.5.NH.sca.1.bias] will not optimize.
25-06-22 13:38:59.865 - WARNING: Params [module.irn.operations.5.NH.conv4.weight] will not optimize.
2025-06-22 13:38:59,865 - WARNING - Params [module.irn.operations.5.NH.conv4.weight] will not optimize.
25-06-22 13:38:59.865 - WARNING: Params [module.irn.operations.5.NH.conv4.bias] will not optimize.
2025-06-22 13:38:59,865 - WARNING - Params [module.irn.operations.5.NH.conv4.bias] will not optimize.
25-06-22 13:38:59.866 - WARNING: Params [module.irn.operations.5.NH.conv5.weight] will not optimize.
2025-06-22 13:38:59,866 - WARNING - Params [module.irn.operations.5.NH.conv5.weight] will not optimize.
25-06-22 13:38:59.866 - WARNING: Params [module.irn.operations.5.NH.conv5.bias] will not optimize.
2025-06-22 13:38:59,866 - WARNING - Params [module.irn.operations.5.NH.conv5.bias] will not optimize.
25-06-22 13:38:59.866 - WARNING: Params [module.irn.operations.5.NH.norm1.weight] will not optimize.
2025-06-22 13:38:59,866 - WARNING - Params [module.irn.operations.5.NH.norm1.weight] will not optimize.
25-06-22 13:38:59.866 - WARNING: Params [module.irn.operations.5.NH.norm1.bias] will not optimize.
2025-06-22 13:38:59,866 - WARNING - Params [module.irn.operations.5.NH.norm1.bias] will not optimize.
25-06-22 13:38:59.866 - WARNING: Params [module.irn.operations.5.NH.norm2.weight] will not optimize.
2025-06-22 13:38:59,866 - WARNING - Params [module.irn.operations.5.NH.norm2.weight] will not optimize.
25-06-22 13:38:59.866 - WARNING: Params [module.irn.operations.5.NH.norm2.bias] will not optimize.
2025-06-22 13:38:59,866 - WARNING - Params [module.irn.operations.5.NH.norm2.bias] will not optimize.
25-06-22 13:38:59.866 - WARNING: Params [module.irn.operations.6.F.conv1.weight] will not optimize.
2025-06-22 13:38:59,866 - WARNING - Params [module.irn.operations.6.F.conv1.weight] will not optimize.
25-06-22 13:38:59.866 - WARNING: Params [module.irn.operations.6.F.conv1.bias] will not optimize.
2025-06-22 13:38:59,866 - WARNING - Params [module.irn.operations.6.F.conv1.bias] will not optimize.
25-06-22 13:38:59.866 - WARNING: Params [module.irn.operations.6.F.conv2.weight] will not optimize.
2025-06-22 13:38:59,866 - WARNING - Params [module.irn.operations.6.F.conv2.weight] will not optimize.
25-06-22 13:38:59.866 - WARNING: Params [module.irn.operations.6.F.conv2.bias] will not optimize.
2025-06-22 13:38:59,866 - WARNING - Params [module.irn.operations.6.F.conv2.bias] will not optimize.
25-06-22 13:38:59.866 - WARNING: Params [module.irn.operations.6.F.conv3.weight] will not optimize.
2025-06-22 13:38:59,866 - WARNING - Params [module.irn.operations.6.F.conv3.weight] will not optimize.
25-06-22 13:38:59.866 - WARNING: Params [module.irn.operations.6.F.conv3.bias] will not optimize.
2025-06-22 13:38:59,866 - WARNING - Params [module.irn.operations.6.F.conv3.bias] will not optimize.
25-06-22 13:38:59.866 - WARNING: Params [module.irn.operations.6.F.conv4.weight] will not optimize.
2025-06-22 13:38:59,866 - WARNING - Params [module.irn.operations.6.F.conv4.weight] will not optimize.
25-06-22 13:38:59.866 - WARNING: Params [module.irn.operations.6.F.conv4.bias] will not optimize.
2025-06-22 13:38:59,866 - WARNING - Params [module.irn.operations.6.F.conv4.bias] will not optimize.
25-06-22 13:38:59.866 - WARNING: Params [module.irn.operations.6.F.conv5.weight] will not optimize.
2025-06-22 13:38:59,866 - WARNING - Params [module.irn.operations.6.F.conv5.weight] will not optimize.
25-06-22 13:38:59.866 - WARNING: Params [module.irn.operations.6.F.conv5.bias] will not optimize.
2025-06-22 13:38:59,866 - WARNING - Params [module.irn.operations.6.F.conv5.bias] will not optimize.
25-06-22 13:38:59.866 - WARNING: Params [module.irn.operations.6.NF.beta] will not optimize.
2025-06-22 13:38:59,866 - WARNING - Params [module.irn.operations.6.NF.beta] will not optimize.
25-06-22 13:38:59.866 - WARNING: Params [module.irn.operations.6.NF.gamma] will not optimize.
2025-06-22 13:38:59,866 - WARNING - Params [module.irn.operations.6.NF.gamma] will not optimize.
25-06-22 13:38:59.866 - WARNING: Params [module.irn.operations.6.NF.conv1.weight] will not optimize.
2025-06-22 13:38:59,866 - WARNING - Params [module.irn.operations.6.NF.conv1.weight] will not optimize.
25-06-22 13:38:59.867 - WARNING: Params [module.irn.operations.6.NF.conv1.bias] will not optimize.
2025-06-22 13:38:59,867 - WARNING - Params [module.irn.operations.6.NF.conv1.bias] will not optimize.
25-06-22 13:38:59.867 - WARNING: Params [module.irn.operations.6.NF.conv2.weight] will not optimize.
2025-06-22 13:38:59,867 - WARNING - Params [module.irn.operations.6.NF.conv2.weight] will not optimize.
25-06-22 13:38:59.867 - WARNING: Params [module.irn.operations.6.NF.conv2.bias] will not optimize.
2025-06-22 13:38:59,867 - WARNING - Params [module.irn.operations.6.NF.conv2.bias] will not optimize.
25-06-22 13:38:59.867 - WARNING: Params [module.irn.operations.6.NF.conv3.weight] will not optimize.
2025-06-22 13:38:59,867 - WARNING - Params [module.irn.operations.6.NF.conv3.weight] will not optimize.
25-06-22 13:38:59.867 - WARNING: Params [module.irn.operations.6.NF.conv3.bias] will not optimize.
2025-06-22 13:38:59,867 - WARNING - Params [module.irn.operations.6.NF.conv3.bias] will not optimize.
25-06-22 13:38:59.867 - WARNING: Params [module.irn.operations.6.NF.sca.1.weight] will not optimize.
2025-06-22 13:38:59,867 - WARNING - Params [module.irn.operations.6.NF.sca.1.weight] will not optimize.
25-06-22 13:38:59.867 - WARNING: Params [module.irn.operations.6.NF.sca.1.bias] will not optimize.
2025-06-22 13:38:59,867 - WARNING - Params [module.irn.operations.6.NF.sca.1.bias] will not optimize.
25-06-22 13:38:59.867 - WARNING: Params [module.irn.operations.6.NF.conv4.weight] will not optimize.
2025-06-22 13:38:59,867 - WARNING - Params [module.irn.operations.6.NF.conv4.weight] will not optimize.
25-06-22 13:38:59.867 - WARNING: Params [module.irn.operations.6.NF.conv4.bias] will not optimize.
2025-06-22 13:38:59,867 - WARNING - Params [module.irn.operations.6.NF.conv4.bias] will not optimize.
25-06-22 13:38:59.867 - WARNING: Params [module.irn.operations.6.NF.conv5.weight] will not optimize.
2025-06-22 13:38:59,867 - WARNING - Params [module.irn.operations.6.NF.conv5.weight] will not optimize.
25-06-22 13:38:59.867 - WARNING: Params [module.irn.operations.6.NF.conv5.bias] will not optimize.
2025-06-22 13:38:59,867 - WARNING - Params [module.irn.operations.6.NF.conv5.bias] will not optimize.
25-06-22 13:38:59.867 - WARNING: Params [module.irn.operations.6.NF.norm1.weight] will not optimize.
2025-06-22 13:38:59,867 - WARNING - Params [module.irn.operations.6.NF.norm1.weight] will not optimize.
25-06-22 13:38:59.867 - WARNING: Params [module.irn.operations.6.NF.norm1.bias] will not optimize.
2025-06-22 13:38:59,867 - WARNING - Params [module.irn.operations.6.NF.norm1.bias] will not optimize.
25-06-22 13:38:59.867 - WARNING: Params [module.irn.operations.6.NF.norm2.weight] will not optimize.
2025-06-22 13:38:59,867 - WARNING - Params [module.irn.operations.6.NF.norm2.weight] will not optimize.
25-06-22 13:38:59.867 - WARNING: Params [module.irn.operations.6.NF.norm2.bias] will not optimize.
2025-06-22 13:38:59,867 - WARNING - Params [module.irn.operations.6.NF.norm2.bias] will not optimize.
25-06-22 13:38:59.867 - WARNING: Params [module.irn.operations.6.G.conv1.weight] will not optimize.
2025-06-22 13:38:59,867 - WARNING - Params [module.irn.operations.6.G.conv1.weight] will not optimize.
25-06-22 13:38:59.867 - WARNING: Params [module.irn.operations.6.G.conv1.bias] will not optimize.
2025-06-22 13:38:59,867 - WARNING - Params [module.irn.operations.6.G.conv1.bias] will not optimize.
25-06-22 13:38:59.867 - WARNING: Params [module.irn.operations.6.G.conv2.weight] will not optimize.
2025-06-22 13:38:59,867 - WARNING - Params [module.irn.operations.6.G.conv2.weight] will not optimize.
25-06-22 13:38:59.868 - WARNING: Params [module.irn.operations.6.G.conv2.bias] will not optimize.
2025-06-22 13:38:59,868 - WARNING - Params [module.irn.operations.6.G.conv2.bias] will not optimize.
25-06-22 13:38:59.868 - WARNING: Params [module.irn.operations.6.G.conv3.weight] will not optimize.
2025-06-22 13:38:59,868 - WARNING - Params [module.irn.operations.6.G.conv3.weight] will not optimize.
25-06-22 13:38:59.868 - WARNING: Params [module.irn.operations.6.G.conv3.bias] will not optimize.
2025-06-22 13:38:59,868 - WARNING - Params [module.irn.operations.6.G.conv3.bias] will not optimize.
25-06-22 13:38:59.868 - WARNING: Params [module.irn.operations.6.G.conv4.weight] will not optimize.
2025-06-22 13:38:59,868 - WARNING - Params [module.irn.operations.6.G.conv4.weight] will not optimize.
25-06-22 13:38:59.868 - WARNING: Params [module.irn.operations.6.G.conv4.bias] will not optimize.
2025-06-22 13:38:59,868 - WARNING - Params [module.irn.operations.6.G.conv4.bias] will not optimize.
25-06-22 13:38:59.868 - WARNING: Params [module.irn.operations.6.G.conv5.weight] will not optimize.
2025-06-22 13:38:59,868 - WARNING - Params [module.irn.operations.6.G.conv5.weight] will not optimize.
25-06-22 13:38:59.868 - WARNING: Params [module.irn.operations.6.G.conv5.bias] will not optimize.
2025-06-22 13:38:59,868 - WARNING - Params [module.irn.operations.6.G.conv5.bias] will not optimize.
25-06-22 13:38:59.868 - WARNING: Params [module.irn.operations.6.NG.beta] will not optimize.
2025-06-22 13:38:59,868 - WARNING - Params [module.irn.operations.6.NG.beta] will not optimize.
25-06-22 13:38:59.868 - WARNING: Params [module.irn.operations.6.NG.gamma] will not optimize.
2025-06-22 13:38:59,868 - WARNING - Params [module.irn.operations.6.NG.gamma] will not optimize.
25-06-22 13:38:59.868 - WARNING: Params [module.irn.operations.6.NG.conv1.weight] will not optimize.
2025-06-22 13:38:59,868 - WARNING - Params [module.irn.operations.6.NG.conv1.weight] will not optimize.
25-06-22 13:38:59.868 - WARNING: Params [module.irn.operations.6.NG.conv1.bias] will not optimize.
2025-06-22 13:38:59,868 - WARNING - Params [module.irn.operations.6.NG.conv1.bias] will not optimize.
25-06-22 13:38:59.868 - WARNING: Params [module.irn.operations.6.NG.conv2.weight] will not optimize.
2025-06-22 13:38:59,868 - WARNING - Params [module.irn.operations.6.NG.conv2.weight] will not optimize.
25-06-22 13:38:59.868 - WARNING: Params [module.irn.operations.6.NG.conv2.bias] will not optimize.
2025-06-22 13:38:59,868 - WARNING - Params [module.irn.operations.6.NG.conv2.bias] will not optimize.
25-06-22 13:38:59.868 - WARNING: Params [module.irn.operations.6.NG.conv3.weight] will not optimize.
2025-06-22 13:38:59,868 - WARNING - Params [module.irn.operations.6.NG.conv3.weight] will not optimize.
25-06-22 13:38:59.868 - WARNING: Params [module.irn.operations.6.NG.conv3.bias] will not optimize.
2025-06-22 13:38:59,868 - WARNING - Params [module.irn.operations.6.NG.conv3.bias] will not optimize.
25-06-22 13:38:59.868 - WARNING: Params [module.irn.operations.6.NG.sca.1.weight] will not optimize.
2025-06-22 13:38:59,868 - WARNING - Params [module.irn.operations.6.NG.sca.1.weight] will not optimize.
25-06-22 13:38:59.868 - WARNING: Params [module.irn.operations.6.NG.sca.1.bias] will not optimize.
2025-06-22 13:38:59,868 - WARNING - Params [module.irn.operations.6.NG.sca.1.bias] will not optimize.
25-06-22 13:38:59.868 - WARNING: Params [module.irn.operations.6.NG.conv4.weight] will not optimize.
2025-06-22 13:38:59,868 - WARNING - Params [module.irn.operations.6.NG.conv4.weight] will not optimize.
25-06-22 13:38:59.869 - WARNING: Params [module.irn.operations.6.NG.conv4.bias] will not optimize.
2025-06-22 13:38:59,869 - WARNING - Params [module.irn.operations.6.NG.conv4.bias] will not optimize.
25-06-22 13:38:59.869 - WARNING: Params [module.irn.operations.6.NG.conv5.weight] will not optimize.
2025-06-22 13:38:59,869 - WARNING - Params [module.irn.operations.6.NG.conv5.weight] will not optimize.
25-06-22 13:38:59.869 - WARNING: Params [module.irn.operations.6.NG.conv5.bias] will not optimize.
2025-06-22 13:38:59,869 - WARNING - Params [module.irn.operations.6.NG.conv5.bias] will not optimize.
25-06-22 13:38:59.869 - WARNING: Params [module.irn.operations.6.NG.norm1.weight] will not optimize.
2025-06-22 13:38:59,869 - WARNING - Params [module.irn.operations.6.NG.norm1.weight] will not optimize.
25-06-22 13:38:59.869 - WARNING: Params [module.irn.operations.6.NG.norm1.bias] will not optimize.
2025-06-22 13:38:59,869 - WARNING - Params [module.irn.operations.6.NG.norm1.bias] will not optimize.
25-06-22 13:38:59.869 - WARNING: Params [module.irn.operations.6.NG.norm2.weight] will not optimize.
2025-06-22 13:38:59,869 - WARNING - Params [module.irn.operations.6.NG.norm2.weight] will not optimize.
25-06-22 13:38:59.869 - WARNING: Params [module.irn.operations.6.NG.norm2.bias] will not optimize.
2025-06-22 13:38:59,869 - WARNING - Params [module.irn.operations.6.NG.norm2.bias] will not optimize.
25-06-22 13:38:59.869 - WARNING: Params [module.irn.operations.6.H.conv1.weight] will not optimize.
2025-06-22 13:38:59,869 - WARNING - Params [module.irn.operations.6.H.conv1.weight] will not optimize.
25-06-22 13:38:59.869 - WARNING: Params [module.irn.operations.6.H.conv1.bias] will not optimize.
2025-06-22 13:38:59,869 - WARNING - Params [module.irn.operations.6.H.conv1.bias] will not optimize.
25-06-22 13:38:59.869 - WARNING: Params [module.irn.operations.6.H.conv2.weight] will not optimize.
2025-06-22 13:38:59,869 - WARNING - Params [module.irn.operations.6.H.conv2.weight] will not optimize.
25-06-22 13:38:59.869 - WARNING: Params [module.irn.operations.6.H.conv2.bias] will not optimize.
2025-06-22 13:38:59,869 - WARNING - Params [module.irn.operations.6.H.conv2.bias] will not optimize.
25-06-22 13:38:59.869 - WARNING: Params [module.irn.operations.6.H.conv3.weight] will not optimize.
2025-06-22 13:38:59,869 - WARNING - Params [module.irn.operations.6.H.conv3.weight] will not optimize.
25-06-22 13:38:59.869 - WARNING: Params [module.irn.operations.6.H.conv3.bias] will not optimize.
2025-06-22 13:38:59,869 - WARNING - Params [module.irn.operations.6.H.conv3.bias] will not optimize.
25-06-22 13:38:59.869 - WARNING: Params [module.irn.operations.6.H.conv4.weight] will not optimize.
2025-06-22 13:38:59,869 - WARNING - Params [module.irn.operations.6.H.conv4.weight] will not optimize.
25-06-22 13:38:59.869 - WARNING: Params [module.irn.operations.6.H.conv4.bias] will not optimize.
2025-06-22 13:38:59,869 - WARNING - Params [module.irn.operations.6.H.conv4.bias] will not optimize.
25-06-22 13:38:59.869 - WARNING: Params [module.irn.operations.6.H.conv5.weight] will not optimize.
2025-06-22 13:38:59,869 - WARNING - Params [module.irn.operations.6.H.conv5.weight] will not optimize.
25-06-22 13:38:59.869 - WARNING: Params [module.irn.operations.6.H.conv5.bias] will not optimize.
2025-06-22 13:38:59,869 - WARNING - Params [module.irn.operations.6.H.conv5.bias] will not optimize.
25-06-22 13:38:59.869 - WARNING: Params [module.irn.operations.6.NH.beta] will not optimize.
2025-06-22 13:38:59,869 - WARNING - Params [module.irn.operations.6.NH.beta] will not optimize.
25-06-22 13:38:59.869 - WARNING: Params [module.irn.operations.6.NH.gamma] will not optimize.
2025-06-22 13:38:59,869 - WARNING - Params [module.irn.operations.6.NH.gamma] will not optimize.
25-06-22 13:38:59.870 - WARNING: Params [module.irn.operations.6.NH.conv1.weight] will not optimize.
2025-06-22 13:38:59,870 - WARNING - Params [module.irn.operations.6.NH.conv1.weight] will not optimize.
25-06-22 13:38:59.870 - WARNING: Params [module.irn.operations.6.NH.conv1.bias] will not optimize.
2025-06-22 13:38:59,870 - WARNING - Params [module.irn.operations.6.NH.conv1.bias] will not optimize.
25-06-22 13:38:59.870 - WARNING: Params [module.irn.operations.6.NH.conv2.weight] will not optimize.
2025-06-22 13:38:59,870 - WARNING - Params [module.irn.operations.6.NH.conv2.weight] will not optimize.
25-06-22 13:38:59.870 - WARNING: Params [module.irn.operations.6.NH.conv2.bias] will not optimize.
2025-06-22 13:38:59,870 - WARNING - Params [module.irn.operations.6.NH.conv2.bias] will not optimize.
25-06-22 13:38:59.870 - WARNING: Params [module.irn.operations.6.NH.conv3.weight] will not optimize.
2025-06-22 13:38:59,870 - WARNING - Params [module.irn.operations.6.NH.conv3.weight] will not optimize.
25-06-22 13:38:59.870 - WARNING: Params [module.irn.operations.6.NH.conv3.bias] will not optimize.
2025-06-22 13:38:59,870 - WARNING - Params [module.irn.operations.6.NH.conv3.bias] will not optimize.
25-06-22 13:38:59.870 - WARNING: Params [module.irn.operations.6.NH.sca.1.weight] will not optimize.
2025-06-22 13:38:59,870 - WARNING - Params [module.irn.operations.6.NH.sca.1.weight] will not optimize.
25-06-22 13:38:59.870 - WARNING: Params [module.irn.operations.6.NH.sca.1.bias] will not optimize.
2025-06-22 13:38:59,870 - WARNING - Params [module.irn.operations.6.NH.sca.1.bias] will not optimize.
25-06-22 13:38:59.870 - WARNING: Params [module.irn.operations.6.NH.conv4.weight] will not optimize.
2025-06-22 13:38:59,870 - WARNING - Params [module.irn.operations.6.NH.conv4.weight] will not optimize.
25-06-22 13:38:59.870 - WARNING: Params [module.irn.operations.6.NH.conv4.bias] will not optimize.
2025-06-22 13:38:59,870 - WARNING - Params [module.irn.operations.6.NH.conv4.bias] will not optimize.
25-06-22 13:38:59.870 - WARNING: Params [module.irn.operations.6.NH.conv5.weight] will not optimize.
2025-06-22 13:38:59,870 - WARNING - Params [module.irn.operations.6.NH.conv5.weight] will not optimize.
25-06-22 13:38:59.870 - WARNING: Params [module.irn.operations.6.NH.conv5.bias] will not optimize.
2025-06-22 13:38:59,870 - WARNING - Params [module.irn.operations.6.NH.conv5.bias] will not optimize.
25-06-22 13:38:59.870 - WARNING: Params [module.irn.operations.6.NH.norm1.weight] will not optimize.
2025-06-22 13:38:59,870 - WARNING - Params [module.irn.operations.6.NH.norm1.weight] will not optimize.
25-06-22 13:38:59.870 - WARNING: Params [module.irn.operations.6.NH.norm1.bias] will not optimize.
2025-06-22 13:38:59,870 - WARNING - Params [module.irn.operations.6.NH.norm1.bias] will not optimize.
25-06-22 13:38:59.870 - WARNING: Params [module.irn.operations.6.NH.norm2.weight] will not optimize.
2025-06-22 13:38:59,870 - WARNING - Params [module.irn.operations.6.NH.norm2.weight] will not optimize.
25-06-22 13:38:59.870 - WARNING: Params [module.irn.operations.6.NH.norm2.bias] will not optimize.
2025-06-22 13:38:59,870 - WARNING - Params [module.irn.operations.6.NH.norm2.bias] will not optimize.
25-06-22 13:38:59.870 - WARNING: Params [module.irn.operations.7.F.conv1.weight] will not optimize.
2025-06-22 13:38:59,870 - WARNING - Params [module.irn.operations.7.F.conv1.weight] will not optimize.
25-06-22 13:38:59.870 - WARNING: Params [module.irn.operations.7.F.conv1.bias] will not optimize.
2025-06-22 13:38:59,870 - WARNING - Params [module.irn.operations.7.F.conv1.bias] will not optimize.
25-06-22 13:38:59.871 - WARNING: Params [module.irn.operations.7.F.conv2.weight] will not optimize.
2025-06-22 13:38:59,871 - WARNING - Params [module.irn.operations.7.F.conv2.weight] will not optimize.
25-06-22 13:38:59.871 - WARNING: Params [module.irn.operations.7.F.conv2.bias] will not optimize.
2025-06-22 13:38:59,871 - WARNING - Params [module.irn.operations.7.F.conv2.bias] will not optimize.
25-06-22 13:38:59.871 - WARNING: Params [module.irn.operations.7.F.conv3.weight] will not optimize.
2025-06-22 13:38:59,871 - WARNING - Params [module.irn.operations.7.F.conv3.weight] will not optimize.
25-06-22 13:38:59.871 - WARNING: Params [module.irn.operations.7.F.conv3.bias] will not optimize.
2025-06-22 13:38:59,871 - WARNING - Params [module.irn.operations.7.F.conv3.bias] will not optimize.
25-06-22 13:38:59.871 - WARNING: Params [module.irn.operations.7.F.conv4.weight] will not optimize.
2025-06-22 13:38:59,871 - WARNING - Params [module.irn.operations.7.F.conv4.weight] will not optimize.
25-06-22 13:38:59.871 - WARNING: Params [module.irn.operations.7.F.conv4.bias] will not optimize.
2025-06-22 13:38:59,871 - WARNING - Params [module.irn.operations.7.F.conv4.bias] will not optimize.
25-06-22 13:38:59.871 - WARNING: Params [module.irn.operations.7.F.conv5.weight] will not optimize.
2025-06-22 13:38:59,871 - WARNING - Params [module.irn.operations.7.F.conv5.weight] will not optimize.
25-06-22 13:38:59.871 - WARNING: Params [module.irn.operations.7.F.conv5.bias] will not optimize.
2025-06-22 13:38:59,871 - WARNING - Params [module.irn.operations.7.F.conv5.bias] will not optimize.
25-06-22 13:38:59.871 - WARNING: Params [module.irn.operations.7.NF.beta] will not optimize.
2025-06-22 13:38:59,871 - WARNING - Params [module.irn.operations.7.NF.beta] will not optimize.
25-06-22 13:38:59.871 - WARNING: Params [module.irn.operations.7.NF.gamma] will not optimize.
2025-06-22 13:38:59,871 - WARNING - Params [module.irn.operations.7.NF.gamma] will not optimize.
25-06-22 13:38:59.871 - WARNING: Params [module.irn.operations.7.NF.conv1.weight] will not optimize.
2025-06-22 13:38:59,871 - WARNING - Params [module.irn.operations.7.NF.conv1.weight] will not optimize.
25-06-22 13:38:59.871 - WARNING: Params [module.irn.operations.7.NF.conv1.bias] will not optimize.
2025-06-22 13:38:59,871 - WARNING - Params [module.irn.operations.7.NF.conv1.bias] will not optimize.
25-06-22 13:38:59.871 - WARNING: Params [module.irn.operations.7.NF.conv2.weight] will not optimize.
2025-06-22 13:38:59,871 - WARNING - Params [module.irn.operations.7.NF.conv2.weight] will not optimize.
25-06-22 13:38:59.871 - WARNING: Params [module.irn.operations.7.NF.conv2.bias] will not optimize.
2025-06-22 13:38:59,871 - WARNING - Params [module.irn.operations.7.NF.conv2.bias] will not optimize.
25-06-22 13:38:59.871 - WARNING: Params [module.irn.operations.7.NF.conv3.weight] will not optimize.
2025-06-22 13:38:59,871 - WARNING - Params [module.irn.operations.7.NF.conv3.weight] will not optimize.
25-06-22 13:38:59.871 - WARNING: Params [module.irn.operations.7.NF.conv3.bias] will not optimize.
2025-06-22 13:38:59,871 - WARNING - Params [module.irn.operations.7.NF.conv3.bias] will not optimize.
25-06-22 13:38:59.871 - WARNING: Params [module.irn.operations.7.NF.sca.1.weight] will not optimize.
2025-06-22 13:38:59,871 - WARNING - Params [module.irn.operations.7.NF.sca.1.weight] will not optimize.
25-06-22 13:38:59.871 - WARNING: Params [module.irn.operations.7.NF.sca.1.bias] will not optimize.
2025-06-22 13:38:59,871 - WARNING - Params [module.irn.operations.7.NF.sca.1.bias] will not optimize.
25-06-22 13:38:59.872 - WARNING: Params [module.irn.operations.7.NF.conv4.weight] will not optimize.
2025-06-22 13:38:59,872 - WARNING - Params [module.irn.operations.7.NF.conv4.weight] will not optimize.
25-06-22 13:38:59.872 - WARNING: Params [module.irn.operations.7.NF.conv4.bias] will not optimize.
2025-06-22 13:38:59,872 - WARNING - Params [module.irn.operations.7.NF.conv4.bias] will not optimize.
25-06-22 13:38:59.872 - WARNING: Params [module.irn.operations.7.NF.conv5.weight] will not optimize.
2025-06-22 13:38:59,872 - WARNING - Params [module.irn.operations.7.NF.conv5.weight] will not optimize.
25-06-22 13:38:59.872 - WARNING: Params [module.irn.operations.7.NF.conv5.bias] will not optimize.
2025-06-22 13:38:59,872 - WARNING - Params [module.irn.operations.7.NF.conv5.bias] will not optimize.
25-06-22 13:38:59.872 - WARNING: Params [module.irn.operations.7.NF.norm1.weight] will not optimize.
2025-06-22 13:38:59,872 - WARNING - Params [module.irn.operations.7.NF.norm1.weight] will not optimize.
25-06-22 13:38:59.872 - WARNING: Params [module.irn.operations.7.NF.norm1.bias] will not optimize.
2025-06-22 13:38:59,872 - WARNING - Params [module.irn.operations.7.NF.norm1.bias] will not optimize.
25-06-22 13:38:59.872 - WARNING: Params [module.irn.operations.7.NF.norm2.weight] will not optimize.
2025-06-22 13:38:59,872 - WARNING - Params [module.irn.operations.7.NF.norm2.weight] will not optimize.
25-06-22 13:38:59.872 - WARNING: Params [module.irn.operations.7.NF.norm2.bias] will not optimize.
2025-06-22 13:38:59,872 - WARNING - Params [module.irn.operations.7.NF.norm2.bias] will not optimize.
25-06-22 13:38:59.872 - WARNING: Params [module.irn.operations.7.G.conv1.weight] will not optimize.
2025-06-22 13:38:59,872 - WARNING - Params [module.irn.operations.7.G.conv1.weight] will not optimize.
25-06-22 13:38:59.872 - WARNING: Params [module.irn.operations.7.G.conv1.bias] will not optimize.
2025-06-22 13:38:59,872 - WARNING - Params [module.irn.operations.7.G.conv1.bias] will not optimize.
25-06-22 13:38:59.872 - WARNING: Params [module.irn.operations.7.G.conv2.weight] will not optimize.
2025-06-22 13:38:59,872 - WARNING - Params [module.irn.operations.7.G.conv2.weight] will not optimize.
25-06-22 13:38:59.872 - WARNING: Params [module.irn.operations.7.G.conv2.bias] will not optimize.
2025-06-22 13:38:59,872 - WARNING - Params [module.irn.operations.7.G.conv2.bias] will not optimize.
25-06-22 13:38:59.872 - WARNING: Params [module.irn.operations.7.G.conv3.weight] will not optimize.
2025-06-22 13:38:59,872 - WARNING - Params [module.irn.operations.7.G.conv3.weight] will not optimize.
25-06-22 13:38:59.872 - WARNING: Params [module.irn.operations.7.G.conv3.bias] will not optimize.
2025-06-22 13:38:59,872 - WARNING - Params [module.irn.operations.7.G.conv3.bias] will not optimize.
25-06-22 13:38:59.872 - WARNING: Params [module.irn.operations.7.G.conv4.weight] will not optimize.
2025-06-22 13:38:59,872 - WARNING - Params [module.irn.operations.7.G.conv4.weight] will not optimize.
25-06-22 13:38:59.872 - WARNING: Params [module.irn.operations.7.G.conv4.bias] will not optimize.
2025-06-22 13:38:59,872 - WARNING - Params [module.irn.operations.7.G.conv4.bias] will not optimize.
25-06-22 13:38:59.872 - WARNING: Params [module.irn.operations.7.G.conv5.weight] will not optimize.
2025-06-22 13:38:59,872 - WARNING - Params [module.irn.operations.7.G.conv5.weight] will not optimize.
25-06-22 13:38:59.872 - WARNING: Params [module.irn.operations.7.G.conv5.bias] will not optimize.
2025-06-22 13:38:59,872 - WARNING - Params [module.irn.operations.7.G.conv5.bias] will not optimize.
25-06-22 13:38:59.872 - WARNING: Params [module.irn.operations.7.NG.beta] will not optimize.
2025-06-22 13:38:59,872 - WARNING - Params [module.irn.operations.7.NG.beta] will not optimize.
25-06-22 13:38:59.873 - WARNING: Params [module.irn.operations.7.NG.gamma] will not optimize.
2025-06-22 13:38:59,873 - WARNING - Params [module.irn.operations.7.NG.gamma] will not optimize.
25-06-22 13:38:59.873 - WARNING: Params [module.irn.operations.7.NG.conv1.weight] will not optimize.
2025-06-22 13:38:59,873 - WARNING - Params [module.irn.operations.7.NG.conv1.weight] will not optimize.
25-06-22 13:38:59.873 - WARNING: Params [module.irn.operations.7.NG.conv1.bias] will not optimize.
2025-06-22 13:38:59,873 - WARNING - Params [module.irn.operations.7.NG.conv1.bias] will not optimize.
25-06-22 13:38:59.873 - WARNING: Params [module.irn.operations.7.NG.conv2.weight] will not optimize.
2025-06-22 13:38:59,873 - WARNING - Params [module.irn.operations.7.NG.conv2.weight] will not optimize.
25-06-22 13:38:59.873 - WARNING: Params [module.irn.operations.7.NG.conv2.bias] will not optimize.
2025-06-22 13:38:59,873 - WARNING - Params [module.irn.operations.7.NG.conv2.bias] will not optimize.
25-06-22 13:38:59.873 - WARNING: Params [module.irn.operations.7.NG.conv3.weight] will not optimize.
2025-06-22 13:38:59,873 - WARNING - Params [module.irn.operations.7.NG.conv3.weight] will not optimize.
25-06-22 13:38:59.873 - WARNING: Params [module.irn.operations.7.NG.conv3.bias] will not optimize.
2025-06-22 13:38:59,873 - WARNING - Params [module.irn.operations.7.NG.conv3.bias] will not optimize.
25-06-22 13:38:59.873 - WARNING: Params [module.irn.operations.7.NG.sca.1.weight] will not optimize.
2025-06-22 13:38:59,873 - WARNING - Params [module.irn.operations.7.NG.sca.1.weight] will not optimize.
25-06-22 13:38:59.873 - WARNING: Params [module.irn.operations.7.NG.sca.1.bias] will not optimize.
2025-06-22 13:38:59,873 - WARNING - Params [module.irn.operations.7.NG.sca.1.bias] will not optimize.
25-06-22 13:38:59.873 - WARNING: Params [module.irn.operations.7.NG.conv4.weight] will not optimize.
2025-06-22 13:38:59,873 - WARNING - Params [module.irn.operations.7.NG.conv4.weight] will not optimize.
25-06-22 13:38:59.873 - WARNING: Params [module.irn.operations.7.NG.conv4.bias] will not optimize.
2025-06-22 13:38:59,873 - WARNING - Params [module.irn.operations.7.NG.conv4.bias] will not optimize.
25-06-22 13:38:59.873 - WARNING: Params [module.irn.operations.7.NG.conv5.weight] will not optimize.
2025-06-22 13:38:59,873 - WARNING - Params [module.irn.operations.7.NG.conv5.weight] will not optimize.
25-06-22 13:38:59.873 - WARNING: Params [module.irn.operations.7.NG.conv5.bias] will not optimize.
2025-06-22 13:38:59,873 - WARNING - Params [module.irn.operations.7.NG.conv5.bias] will not optimize.
25-06-22 13:38:59.873 - WARNING: Params [module.irn.operations.7.NG.norm1.weight] will not optimize.
2025-06-22 13:38:59,873 - WARNING - Params [module.irn.operations.7.NG.norm1.weight] will not optimize.
25-06-22 13:38:59.873 - WARNING: Params [module.irn.operations.7.NG.norm1.bias] will not optimize.
2025-06-22 13:38:59,873 - WARNING - Params [module.irn.operations.7.NG.norm1.bias] will not optimize.
25-06-22 13:38:59.873 - WARNING: Params [module.irn.operations.7.NG.norm2.weight] will not optimize.
2025-06-22 13:38:59,873 - WARNING - Params [module.irn.operations.7.NG.norm2.weight] will not optimize.
25-06-22 13:38:59.873 - WARNING: Params [module.irn.operations.7.NG.norm2.bias] will not optimize.
2025-06-22 13:38:59,873 - WARNING - Params [module.irn.operations.7.NG.norm2.bias] will not optimize.
25-06-22 13:38:59.873 - WARNING: Params [module.irn.operations.7.H.conv1.weight] will not optimize.
2025-06-22 13:38:59,873 - WARNING - Params [module.irn.operations.7.H.conv1.weight] will not optimize.
25-06-22 13:38:59.874 - WARNING: Params [module.irn.operations.7.H.conv1.bias] will not optimize.
2025-06-22 13:38:59,874 - WARNING - Params [module.irn.operations.7.H.conv1.bias] will not optimize.
25-06-22 13:38:59.874 - WARNING: Params [module.irn.operations.7.H.conv2.weight] will not optimize.
2025-06-22 13:38:59,874 - WARNING - Params [module.irn.operations.7.H.conv2.weight] will not optimize.
25-06-22 13:38:59.874 - WARNING: Params [module.irn.operations.7.H.conv2.bias] will not optimize.
2025-06-22 13:38:59,874 - WARNING - Params [module.irn.operations.7.H.conv2.bias] will not optimize.
25-06-22 13:38:59.874 - WARNING: Params [module.irn.operations.7.H.conv3.weight] will not optimize.
2025-06-22 13:38:59,874 - WARNING - Params [module.irn.operations.7.H.conv3.weight] will not optimize.
25-06-22 13:38:59.874 - WARNING: Params [module.irn.operations.7.H.conv3.bias] will not optimize.
2025-06-22 13:38:59,874 - WARNING - Params [module.irn.operations.7.H.conv3.bias] will not optimize.
25-06-22 13:38:59.874 - WARNING: Params [module.irn.operations.7.H.conv4.weight] will not optimize.
2025-06-22 13:38:59,874 - WARNING - Params [module.irn.operations.7.H.conv4.weight] will not optimize.
25-06-22 13:38:59.874 - WARNING: Params [module.irn.operations.7.H.conv4.bias] will not optimize.
2025-06-22 13:38:59,874 - WARNING - Params [module.irn.operations.7.H.conv4.bias] will not optimize.
25-06-22 13:38:59.874 - WARNING: Params [module.irn.operations.7.H.conv5.weight] will not optimize.
2025-06-22 13:38:59,874 - WARNING - Params [module.irn.operations.7.H.conv5.weight] will not optimize.
25-06-22 13:38:59.874 - WARNING: Params [module.irn.operations.7.H.conv5.bias] will not optimize.
2025-06-22 13:38:59,874 - WARNING - Params [module.irn.operations.7.H.conv5.bias] will not optimize.
25-06-22 13:38:59.874 - WARNING: Params [module.irn.operations.7.NH.beta] will not optimize.
2025-06-22 13:38:59,874 - WARNING - Params [module.irn.operations.7.NH.beta] will not optimize.
25-06-22 13:38:59.874 - WARNING: Params [module.irn.operations.7.NH.gamma] will not optimize.
2025-06-22 13:38:59,874 - WARNING - Params [module.irn.operations.7.NH.gamma] will not optimize.
25-06-22 13:38:59.874 - WARNING: Params [module.irn.operations.7.NH.conv1.weight] will not optimize.
2025-06-22 13:38:59,874 - WARNING - Params [module.irn.operations.7.NH.conv1.weight] will not optimize.
25-06-22 13:38:59.874 - WARNING: Params [module.irn.operations.7.NH.conv1.bias] will not optimize.
2025-06-22 13:38:59,874 - WARNING - Params [module.irn.operations.7.NH.conv1.bias] will not optimize.
25-06-22 13:38:59.874 - WARNING: Params [module.irn.operations.7.NH.conv2.weight] will not optimize.
2025-06-22 13:38:59,874 - WARNING - Params [module.irn.operations.7.NH.conv2.weight] will not optimize.
25-06-22 13:38:59.874 - WARNING: Params [module.irn.operations.7.NH.conv2.bias] will not optimize.
2025-06-22 13:38:59,874 - WARNING - Params [module.irn.operations.7.NH.conv2.bias] will not optimize.
25-06-22 13:38:59.874 - WARNING: Params [module.irn.operations.7.NH.conv3.weight] will not optimize.
2025-06-22 13:38:59,874 - WARNING - Params [module.irn.operations.7.NH.conv3.weight] will not optimize.
25-06-22 13:38:59.874 - WARNING: Params [module.irn.operations.7.NH.conv3.bias] will not optimize.
2025-06-22 13:38:59,874 - WARNING - Params [module.irn.operations.7.NH.conv3.bias] will not optimize.
25-06-22 13:38:59.874 - WARNING: Params [module.irn.operations.7.NH.sca.1.weight] will not optimize.
2025-06-22 13:38:59,874 - WARNING - Params [module.irn.operations.7.NH.sca.1.weight] will not optimize.
25-06-22 13:38:59.874 - WARNING: Params [module.irn.operations.7.NH.sca.1.bias] will not optimize.
2025-06-22 13:38:59,874 - WARNING - Params [module.irn.operations.7.NH.sca.1.bias] will not optimize.
25-06-22 13:38:59.875 - WARNING: Params [module.irn.operations.7.NH.conv4.weight] will not optimize.
2025-06-22 13:38:59,875 - WARNING - Params [module.irn.operations.7.NH.conv4.weight] will not optimize.
25-06-22 13:38:59.875 - WARNING: Params [module.irn.operations.7.NH.conv4.bias] will not optimize.
2025-06-22 13:38:59,875 - WARNING - Params [module.irn.operations.7.NH.conv4.bias] will not optimize.
25-06-22 13:38:59.875 - WARNING: Params [module.irn.operations.7.NH.conv5.weight] will not optimize.
2025-06-22 13:38:59,875 - WARNING - Params [module.irn.operations.7.NH.conv5.weight] will not optimize.
25-06-22 13:38:59.875 - WARNING: Params [module.irn.operations.7.NH.conv5.bias] will not optimize.
2025-06-22 13:38:59,875 - WARNING - Params [module.irn.operations.7.NH.conv5.bias] will not optimize.
25-06-22 13:38:59.875 - WARNING: Params [module.irn.operations.7.NH.norm1.weight] will not optimize.
2025-06-22 13:38:59,875 - WARNING - Params [module.irn.operations.7.NH.norm1.weight] will not optimize.
25-06-22 13:38:59.875 - WARNING: Params [module.irn.operations.7.NH.norm1.bias] will not optimize.
2025-06-22 13:38:59,875 - WARNING - Params [module.irn.operations.7.NH.norm1.bias] will not optimize.
25-06-22 13:38:59.875 - WARNING: Params [module.irn.operations.7.NH.norm2.weight] will not optimize.
2025-06-22 13:38:59,875 - WARNING - Params [module.irn.operations.7.NH.norm2.weight] will not optimize.
25-06-22 13:38:59.875 - WARNING: Params [module.irn.operations.7.NH.norm2.bias] will not optimize.
2025-06-22 13:38:59,875 - WARNING - Params [module.irn.operations.7.NH.norm2.bias] will not optimize.
25-06-22 13:38:59.875 - WARNING: Params [module.irn.operations.8.F.conv1.weight] will not optimize.
2025-06-22 13:38:59,875 - WARNING - Params [module.irn.operations.8.F.conv1.weight] will not optimize.
25-06-22 13:38:59.875 - WARNING: Params [module.irn.operations.8.F.conv1.bias] will not optimize.
2025-06-22 13:38:59,875 - WARNING - Params [module.irn.operations.8.F.conv1.bias] will not optimize.
25-06-22 13:38:59.875 - WARNING: Params [module.irn.operations.8.F.conv2.weight] will not optimize.
2025-06-22 13:38:59,875 - WARNING - Params [module.irn.operations.8.F.conv2.weight] will not optimize.
25-06-22 13:38:59.875 - WARNING: Params [module.irn.operations.8.F.conv2.bias] will not optimize.
2025-06-22 13:38:59,875 - WARNING - Params [module.irn.operations.8.F.conv2.bias] will not optimize.
25-06-22 13:38:59.875 - WARNING: Params [module.irn.operations.8.F.conv3.weight] will not optimize.
2025-06-22 13:38:59,875 - WARNING - Params [module.irn.operations.8.F.conv3.weight] will not optimize.
25-06-22 13:38:59.875 - WARNING: Params [module.irn.operations.8.F.conv3.bias] will not optimize.
2025-06-22 13:38:59,875 - WARNING - Params [module.irn.operations.8.F.conv3.bias] will not optimize.
25-06-22 13:38:59.875 - WARNING: Params [module.irn.operations.8.F.conv4.weight] will not optimize.
2025-06-22 13:38:59,875 - WARNING - Params [module.irn.operations.8.F.conv4.weight] will not optimize.
25-06-22 13:38:59.875 - WARNING: Params [module.irn.operations.8.F.conv4.bias] will not optimize.
2025-06-22 13:38:59,875 - WARNING - Params [module.irn.operations.8.F.conv4.bias] will not optimize.
25-06-22 13:38:59.875 - WARNING: Params [module.irn.operations.8.F.conv5.weight] will not optimize.
2025-06-22 13:38:59,875 - WARNING - Params [module.irn.operations.8.F.conv5.weight] will not optimize.
25-06-22 13:38:59.875 - WARNING: Params [module.irn.operations.8.F.conv5.bias] will not optimize.
2025-06-22 13:38:59,875 - WARNING - Params [module.irn.operations.8.F.conv5.bias] will not optimize.
25-06-22 13:38:59.876 - WARNING: Params [module.irn.operations.8.NF.beta] will not optimize.
2025-06-22 13:38:59,876 - WARNING - Params [module.irn.operations.8.NF.beta] will not optimize.
25-06-22 13:38:59.876 - WARNING: Params [module.irn.operations.8.NF.gamma] will not optimize.
2025-06-22 13:38:59,876 - WARNING - Params [module.irn.operations.8.NF.gamma] will not optimize.
25-06-22 13:38:59.876 - WARNING: Params [module.irn.operations.8.NF.conv1.weight] will not optimize.
2025-06-22 13:38:59,876 - WARNING - Params [module.irn.operations.8.NF.conv1.weight] will not optimize.
25-06-22 13:38:59.876 - WARNING: Params [module.irn.operations.8.NF.conv1.bias] will not optimize.
2025-06-22 13:38:59,876 - WARNING - Params [module.irn.operations.8.NF.conv1.bias] will not optimize.
25-06-22 13:38:59.876 - WARNING: Params [module.irn.operations.8.NF.conv2.weight] will not optimize.
2025-06-22 13:38:59,876 - WARNING - Params [module.irn.operations.8.NF.conv2.weight] will not optimize.
25-06-22 13:38:59.876 - WARNING: Params [module.irn.operations.8.NF.conv2.bias] will not optimize.
2025-06-22 13:38:59,876 - WARNING - Params [module.irn.operations.8.NF.conv2.bias] will not optimize.
25-06-22 13:38:59.876 - WARNING: Params [module.irn.operations.8.NF.conv3.weight] will not optimize.
2025-06-22 13:38:59,876 - WARNING - Params [module.irn.operations.8.NF.conv3.weight] will not optimize.
25-06-22 13:38:59.876 - WARNING: Params [module.irn.operations.8.NF.conv3.bias] will not optimize.
2025-06-22 13:38:59,876 - WARNING - Params [module.irn.operations.8.NF.conv3.bias] will not optimize.
25-06-22 13:38:59.876 - WARNING: Params [module.irn.operations.8.NF.sca.1.weight] will not optimize.
2025-06-22 13:38:59,876 - WARNING - Params [module.irn.operations.8.NF.sca.1.weight] will not optimize.
25-06-22 13:38:59.876 - WARNING: Params [module.irn.operations.8.NF.sca.1.bias] will not optimize.
2025-06-22 13:38:59,876 - WARNING - Params [module.irn.operations.8.NF.sca.1.bias] will not optimize.
25-06-22 13:38:59.876 - WARNING: Params [module.irn.operations.8.NF.conv4.weight] will not optimize.
2025-06-22 13:38:59,876 - WARNING - Params [module.irn.operations.8.NF.conv4.weight] will not optimize.
25-06-22 13:38:59.876 - WARNING: Params [module.irn.operations.8.NF.conv4.bias] will not optimize.
2025-06-22 13:38:59,876 - WARNING - Params [module.irn.operations.8.NF.conv4.bias] will not optimize.
25-06-22 13:38:59.876 - WARNING: Params [module.irn.operations.8.NF.conv5.weight] will not optimize.
2025-06-22 13:38:59,876 - WARNING - Params [module.irn.operations.8.NF.conv5.weight] will not optimize.
25-06-22 13:38:59.876 - WARNING: Params [module.irn.operations.8.NF.conv5.bias] will not optimize.
2025-06-22 13:38:59,876 - WARNING - Params [module.irn.operations.8.NF.conv5.bias] will not optimize.
25-06-22 13:38:59.876 - WARNING: Params [module.irn.operations.8.NF.norm1.weight] will not optimize.
2025-06-22 13:38:59,876 - WARNING - Params [module.irn.operations.8.NF.norm1.weight] will not optimize.
25-06-22 13:38:59.876 - WARNING: Params [module.irn.operations.8.NF.norm1.bias] will not optimize.
2025-06-22 13:38:59,876 - WARNING - Params [module.irn.operations.8.NF.norm1.bias] will not optimize.
25-06-22 13:38:59.876 - WARNING: Params [module.irn.operations.8.NF.norm2.weight] will not optimize.
2025-06-22 13:38:59,876 - WARNING - Params [module.irn.operations.8.NF.norm2.weight] will not optimize.
25-06-22 13:38:59.876 - WARNING: Params [module.irn.operations.8.NF.norm2.bias] will not optimize.
2025-06-22 13:38:59,876 - WARNING - Params [module.irn.operations.8.NF.norm2.bias] will not optimize.
25-06-22 13:38:59.877 - WARNING: Params [module.irn.operations.8.G.conv1.weight] will not optimize.
2025-06-22 13:38:59,877 - WARNING - Params [module.irn.operations.8.G.conv1.weight] will not optimize.
25-06-22 13:38:59.877 - WARNING: Params [module.irn.operations.8.G.conv1.bias] will not optimize.
2025-06-22 13:38:59,877 - WARNING - Params [module.irn.operations.8.G.conv1.bias] will not optimize.
25-06-22 13:38:59.877 - WARNING: Params [module.irn.operations.8.G.conv2.weight] will not optimize.
2025-06-22 13:38:59,877 - WARNING - Params [module.irn.operations.8.G.conv2.weight] will not optimize.
25-06-22 13:38:59.877 - WARNING: Params [module.irn.operations.8.G.conv2.bias] will not optimize.
2025-06-22 13:38:59,877 - WARNING - Params [module.irn.operations.8.G.conv2.bias] will not optimize.
25-06-22 13:38:59.877 - WARNING: Params [module.irn.operations.8.G.conv3.weight] will not optimize.
2025-06-22 13:38:59,877 - WARNING - Params [module.irn.operations.8.G.conv3.weight] will not optimize.
25-06-22 13:38:59.877 - WARNING: Params [module.irn.operations.8.G.conv3.bias] will not optimize.
2025-06-22 13:38:59,877 - WARNING - Params [module.irn.operations.8.G.conv3.bias] will not optimize.
25-06-22 13:38:59.877 - WARNING: Params [module.irn.operations.8.G.conv4.weight] will not optimize.
2025-06-22 13:38:59,877 - WARNING - Params [module.irn.operations.8.G.conv4.weight] will not optimize.
25-06-22 13:38:59.877 - WARNING: Params [module.irn.operations.8.G.conv4.bias] will not optimize.
2025-06-22 13:38:59,877 - WARNING - Params [module.irn.operations.8.G.conv4.bias] will not optimize.
25-06-22 13:38:59.877 - WARNING: Params [module.irn.operations.8.G.conv5.weight] will not optimize.
2025-06-22 13:38:59,877 - WARNING - Params [module.irn.operations.8.G.conv5.weight] will not optimize.
25-06-22 13:38:59.877 - WARNING: Params [module.irn.operations.8.G.conv5.bias] will not optimize.
2025-06-22 13:38:59,877 - WARNING - Params [module.irn.operations.8.G.conv5.bias] will not optimize.
25-06-22 13:38:59.877 - WARNING: Params [module.irn.operations.8.NG.beta] will not optimize.
2025-06-22 13:38:59,877 - WARNING - Params [module.irn.operations.8.NG.beta] will not optimize.
25-06-22 13:38:59.877 - WARNING: Params [module.irn.operations.8.NG.gamma] will not optimize.
2025-06-22 13:38:59,877 - WARNING - Params [module.irn.operations.8.NG.gamma] will not optimize.
25-06-22 13:38:59.877 - WARNING: Params [module.irn.operations.8.NG.conv1.weight] will not optimize.
2025-06-22 13:38:59,877 - WARNING - Params [module.irn.operations.8.NG.conv1.weight] will not optimize.
25-06-22 13:38:59.877 - WARNING: Params [module.irn.operations.8.NG.conv1.bias] will not optimize.
2025-06-22 13:38:59,877 - WARNING - Params [module.irn.operations.8.NG.conv1.bias] will not optimize.
25-06-22 13:38:59.877 - WARNING: Params [module.irn.operations.8.NG.conv2.weight] will not optimize.
2025-06-22 13:38:59,877 - WARNING - Params [module.irn.operations.8.NG.conv2.weight] will not optimize.
25-06-22 13:38:59.877 - WARNING: Params [module.irn.operations.8.NG.conv2.bias] will not optimize.
2025-06-22 13:38:59,877 - WARNING - Params [module.irn.operations.8.NG.conv2.bias] will not optimize.
25-06-22 13:38:59.877 - WARNING: Params [module.irn.operations.8.NG.conv3.weight] will not optimize.
2025-06-22 13:38:59,877 - WARNING - Params [module.irn.operations.8.NG.conv3.weight] will not optimize.
25-06-22 13:38:59.877 - WARNING: Params [module.irn.operations.8.NG.conv3.bias] will not optimize.
2025-06-22 13:38:59,877 - WARNING - Params [module.irn.operations.8.NG.conv3.bias] will not optimize.
25-06-22 13:38:59.877 - WARNING: Params [module.irn.operations.8.NG.sca.1.weight] will not optimize.
2025-06-22 13:38:59,877 - WARNING - Params [module.irn.operations.8.NG.sca.1.weight] will not optimize.
25-06-22 13:38:59.878 - WARNING: Params [module.irn.operations.8.NG.sca.1.bias] will not optimize.
2025-06-22 13:38:59,878 - WARNING - Params [module.irn.operations.8.NG.sca.1.bias] will not optimize.
25-06-22 13:38:59.878 - WARNING: Params [module.irn.operations.8.NG.conv4.weight] will not optimize.
2025-06-22 13:38:59,878 - WARNING - Params [module.irn.operations.8.NG.conv4.weight] will not optimize.
25-06-22 13:38:59.878 - WARNING: Params [module.irn.operations.8.NG.conv4.bias] will not optimize.
2025-06-22 13:38:59,878 - WARNING - Params [module.irn.operations.8.NG.conv4.bias] will not optimize.
25-06-22 13:38:59.878 - WARNING: Params [module.irn.operations.8.NG.conv5.weight] will not optimize.
2025-06-22 13:38:59,878 - WARNING - Params [module.irn.operations.8.NG.conv5.weight] will not optimize.
25-06-22 13:38:59.878 - WARNING: Params [module.irn.operations.8.NG.conv5.bias] will not optimize.
2025-06-22 13:38:59,878 - WARNING - Params [module.irn.operations.8.NG.conv5.bias] will not optimize.
25-06-22 13:38:59.878 - WARNING: Params [module.irn.operations.8.NG.norm1.weight] will not optimize.
2025-06-22 13:38:59,878 - WARNING - Params [module.irn.operations.8.NG.norm1.weight] will not optimize.
25-06-22 13:38:59.878 - WARNING: Params [module.irn.operations.8.NG.norm1.bias] will not optimize.
2025-06-22 13:38:59,878 - WARNING - Params [module.irn.operations.8.NG.norm1.bias] will not optimize.
25-06-22 13:38:59.878 - WARNING: Params [module.irn.operations.8.NG.norm2.weight] will not optimize.
2025-06-22 13:38:59,878 - WARNING - Params [module.irn.operations.8.NG.norm2.weight] will not optimize.
25-06-22 13:38:59.878 - WARNING: Params [module.irn.operations.8.NG.norm2.bias] will not optimize.
2025-06-22 13:38:59,878 - WARNING - Params [module.irn.operations.8.NG.norm2.bias] will not optimize.
25-06-22 13:38:59.878 - WARNING: Params [module.irn.operations.8.H.conv1.weight] will not optimize.
2025-06-22 13:38:59,878 - WARNING - Params [module.irn.operations.8.H.conv1.weight] will not optimize.
25-06-22 13:38:59.878 - WARNING: Params [module.irn.operations.8.H.conv1.bias] will not optimize.
2025-06-22 13:38:59,878 - WARNING - Params [module.irn.operations.8.H.conv1.bias] will not optimize.
25-06-22 13:38:59.878 - WARNING: Params [module.irn.operations.8.H.conv2.weight] will not optimize.
2025-06-22 13:38:59,878 - WARNING - Params [module.irn.operations.8.H.conv2.weight] will not optimize.
25-06-22 13:38:59.878 - WARNING: Params [module.irn.operations.8.H.conv2.bias] will not optimize.
2025-06-22 13:38:59,878 - WARNING - Params [module.irn.operations.8.H.conv2.bias] will not optimize.
25-06-22 13:38:59.878 - WARNING: Params [module.irn.operations.8.H.conv3.weight] will not optimize.
2025-06-22 13:38:59,878 - WARNING - Params [module.irn.operations.8.H.conv3.weight] will not optimize.
25-06-22 13:38:59.878 - WARNING: Params [module.irn.operations.8.H.conv3.bias] will not optimize.
2025-06-22 13:38:59,878 - WARNING - Params [module.irn.operations.8.H.conv3.bias] will not optimize.
25-06-22 13:38:59.878 - WARNING: Params [module.irn.operations.8.H.conv4.weight] will not optimize.
2025-06-22 13:38:59,878 - WARNING - Params [module.irn.operations.8.H.conv4.weight] will not optimize.
25-06-22 13:38:59.878 - WARNING: Params [module.irn.operations.8.H.conv4.bias] will not optimize.
2025-06-22 13:38:59,878 - WARNING - Params [module.irn.operations.8.H.conv4.bias] will not optimize.
25-06-22 13:38:59.878 - WARNING: Params [module.irn.operations.8.H.conv5.weight] will not optimize.
2025-06-22 13:38:59,878 - WARNING - Params [module.irn.operations.8.H.conv5.weight] will not optimize.
25-06-22 13:38:59.879 - WARNING: Params [module.irn.operations.8.H.conv5.bias] will not optimize.
2025-06-22 13:38:59,879 - WARNING - Params [module.irn.operations.8.H.conv5.bias] will not optimize.
25-06-22 13:38:59.879 - WARNING: Params [module.irn.operations.8.NH.beta] will not optimize.
2025-06-22 13:38:59,879 - WARNING - Params [module.irn.operations.8.NH.beta] will not optimize.
25-06-22 13:38:59.879 - WARNING: Params [module.irn.operations.8.NH.gamma] will not optimize.
2025-06-22 13:38:59,879 - WARNING - Params [module.irn.operations.8.NH.gamma] will not optimize.
25-06-22 13:38:59.879 - WARNING: Params [module.irn.operations.8.NH.conv1.weight] will not optimize.
2025-06-22 13:38:59,879 - WARNING - Params [module.irn.operations.8.NH.conv1.weight] will not optimize.
25-06-22 13:38:59.879 - WARNING: Params [module.irn.operations.8.NH.conv1.bias] will not optimize.
2025-06-22 13:38:59,879 - WARNING - Params [module.irn.operations.8.NH.conv1.bias] will not optimize.
25-06-22 13:38:59.879 - WARNING: Params [module.irn.operations.8.NH.conv2.weight] will not optimize.
2025-06-22 13:38:59,879 - WARNING - Params [module.irn.operations.8.NH.conv2.weight] will not optimize.
25-06-22 13:38:59.879 - WARNING: Params [module.irn.operations.8.NH.conv2.bias] will not optimize.
2025-06-22 13:38:59,879 - WARNING - Params [module.irn.operations.8.NH.conv2.bias] will not optimize.
25-06-22 13:38:59.879 - WARNING: Params [module.irn.operations.8.NH.conv3.weight] will not optimize.
2025-06-22 13:38:59,879 - WARNING - Params [module.irn.operations.8.NH.conv3.weight] will not optimize.
25-06-22 13:38:59.879 - WARNING: Params [module.irn.operations.8.NH.conv3.bias] will not optimize.
2025-06-22 13:38:59,879 - WARNING - Params [module.irn.operations.8.NH.conv3.bias] will not optimize.
25-06-22 13:38:59.879 - WARNING: Params [module.irn.operations.8.NH.sca.1.weight] will not optimize.
2025-06-22 13:38:59,879 - WARNING - Params [module.irn.operations.8.NH.sca.1.weight] will not optimize.
25-06-22 13:38:59.879 - WARNING: Params [module.irn.operations.8.NH.sca.1.bias] will not optimize.
2025-06-22 13:38:59,879 - WARNING - Params [module.irn.operations.8.NH.sca.1.bias] will not optimize.
25-06-22 13:38:59.879 - WARNING: Params [module.irn.operations.8.NH.conv4.weight] will not optimize.
2025-06-22 13:38:59,879 - WARNING - Params [module.irn.operations.8.NH.conv4.weight] will not optimize.
25-06-22 13:38:59.879 - WARNING: Params [module.irn.operations.8.NH.conv4.bias] will not optimize.
2025-06-22 13:38:59,879 - WARNING - Params [module.irn.operations.8.NH.conv4.bias] will not optimize.
25-06-22 13:38:59.879 - WARNING: Params [module.irn.operations.8.NH.conv5.weight] will not optimize.
2025-06-22 13:38:59,879 - WARNING - Params [module.irn.operations.8.NH.conv5.weight] will not optimize.
25-06-22 13:38:59.879 - WARNING: Params [module.irn.operations.8.NH.conv5.bias] will not optimize.
2025-06-22 13:38:59,879 - WARNING - Params [module.irn.operations.8.NH.conv5.bias] will not optimize.
25-06-22 13:38:59.879 - WARNING: Params [module.irn.operations.8.NH.norm1.weight] will not optimize.
2025-06-22 13:38:59,879 - WARNING - Params [module.irn.operations.8.NH.norm1.weight] will not optimize.
25-06-22 13:38:59.879 - WARNING: Params [module.irn.operations.8.NH.norm1.bias] will not optimize.
2025-06-22 13:38:59,879 - WARNING - Params [module.irn.operations.8.NH.norm1.bias] will not optimize.
25-06-22 13:38:59.879 - WARNING: Params [module.irn.operations.8.NH.norm2.weight] will not optimize.
2025-06-22 13:38:59,879 - WARNING - Params [module.irn.operations.8.NH.norm2.weight] will not optimize.
25-06-22 13:38:59.880 - WARNING: Params [module.irn.operations.8.NH.norm2.bias] will not optimize.
2025-06-22 13:38:59,880 - WARNING - Params [module.irn.operations.8.NH.norm2.bias] will not optimize.
25-06-22 13:38:59.880 - WARNING: Params [module.irn.operations.9.F.conv1.weight] will not optimize.
2025-06-22 13:38:59,880 - WARNING - Params [module.irn.operations.9.F.conv1.weight] will not optimize.
25-06-22 13:38:59.880 - WARNING: Params [module.irn.operations.9.F.conv1.bias] will not optimize.
2025-06-22 13:38:59,880 - WARNING - Params [module.irn.operations.9.F.conv1.bias] will not optimize.
25-06-22 13:38:59.880 - WARNING: Params [module.irn.operations.9.F.conv2.weight] will not optimize.
2025-06-22 13:38:59,880 - WARNING - Params [module.irn.operations.9.F.conv2.weight] will not optimize.
25-06-22 13:38:59.880 - WARNING: Params [module.irn.operations.9.F.conv2.bias] will not optimize.
2025-06-22 13:38:59,880 - WARNING - Params [module.irn.operations.9.F.conv2.bias] will not optimize.
25-06-22 13:38:59.880 - WARNING: Params [module.irn.operations.9.F.conv3.weight] will not optimize.
2025-06-22 13:38:59,880 - WARNING - Params [module.irn.operations.9.F.conv3.weight] will not optimize.
25-06-22 13:38:59.880 - WARNING: Params [module.irn.operations.9.F.conv3.bias] will not optimize.
2025-06-22 13:38:59,880 - WARNING - Params [module.irn.operations.9.F.conv3.bias] will not optimize.
25-06-22 13:38:59.880 - WARNING: Params [module.irn.operations.9.F.conv4.weight] will not optimize.
2025-06-22 13:38:59,880 - WARNING - Params [module.irn.operations.9.F.conv4.weight] will not optimize.
25-06-22 13:38:59.880 - WARNING: Params [module.irn.operations.9.F.conv4.bias] will not optimize.
2025-06-22 13:38:59,880 - WARNING - Params [module.irn.operations.9.F.conv4.bias] will not optimize.
25-06-22 13:38:59.880 - WARNING: Params [module.irn.operations.9.F.conv5.weight] will not optimize.
2025-06-22 13:38:59,880 - WARNING - Params [module.irn.operations.9.F.conv5.weight] will not optimize.
25-06-22 13:38:59.880 - WARNING: Params [module.irn.operations.9.F.conv5.bias] will not optimize.
2025-06-22 13:38:59,880 - WARNING - Params [module.irn.operations.9.F.conv5.bias] will not optimize.
25-06-22 13:38:59.880 - WARNING: Params [module.irn.operations.9.NF.beta] will not optimize.
2025-06-22 13:38:59,880 - WARNING - Params [module.irn.operations.9.NF.beta] will not optimize.
25-06-22 13:38:59.880 - WARNING: Params [module.irn.operations.9.NF.gamma] will not optimize.
2025-06-22 13:38:59,880 - WARNING - Params [module.irn.operations.9.NF.gamma] will not optimize.
25-06-22 13:38:59.880 - WARNING: Params [module.irn.operations.9.NF.conv1.weight] will not optimize.
2025-06-22 13:38:59,880 - WARNING - Params [module.irn.operations.9.NF.conv1.weight] will not optimize.
25-06-22 13:38:59.880 - WARNING: Params [module.irn.operations.9.NF.conv1.bias] will not optimize.
2025-06-22 13:38:59,880 - WARNING - Params [module.irn.operations.9.NF.conv1.bias] will not optimize.
25-06-22 13:38:59.880 - WARNING: Params [module.irn.operations.9.NF.conv2.weight] will not optimize.
2025-06-22 13:38:59,880 - WARNING - Params [module.irn.operations.9.NF.conv2.weight] will not optimize.
25-06-22 13:38:59.880 - WARNING: Params [module.irn.operations.9.NF.conv2.bias] will not optimize.
2025-06-22 13:38:59,880 - WARNING - Params [module.irn.operations.9.NF.conv2.bias] will not optimize.
25-06-22 13:38:59.880 - WARNING: Params [module.irn.operations.9.NF.conv3.weight] will not optimize.
2025-06-22 13:38:59,880 - WARNING - Params [module.irn.operations.9.NF.conv3.weight] will not optimize.
25-06-22 13:38:59.880 - WARNING: Params [module.irn.operations.9.NF.conv3.bias] will not optimize.
2025-06-22 13:38:59,880 - WARNING - Params [module.irn.operations.9.NF.conv3.bias] will not optimize.
25-06-22 13:38:59.881 - WARNING: Params [module.irn.operations.9.NF.sca.1.weight] will not optimize.
2025-06-22 13:38:59,881 - WARNING - Params [module.irn.operations.9.NF.sca.1.weight] will not optimize.
25-06-22 13:38:59.881 - WARNING: Params [module.irn.operations.9.NF.sca.1.bias] will not optimize.
2025-06-22 13:38:59,881 - WARNING - Params [module.irn.operations.9.NF.sca.1.bias] will not optimize.
25-06-22 13:38:59.881 - WARNING: Params [module.irn.operations.9.NF.conv4.weight] will not optimize.
2025-06-22 13:38:59,881 - WARNING - Params [module.irn.operations.9.NF.conv4.weight] will not optimize.
25-06-22 13:38:59.881 - WARNING: Params [module.irn.operations.9.NF.conv4.bias] will not optimize.
2025-06-22 13:38:59,881 - WARNING - Params [module.irn.operations.9.NF.conv4.bias] will not optimize.
25-06-22 13:38:59.881 - WARNING: Params [module.irn.operations.9.NF.conv5.weight] will not optimize.
2025-06-22 13:38:59,881 - WARNING - Params [module.irn.operations.9.NF.conv5.weight] will not optimize.
25-06-22 13:38:59.881 - WARNING: Params [module.irn.operations.9.NF.conv5.bias] will not optimize.
2025-06-22 13:38:59,881 - WARNING - Params [module.irn.operations.9.NF.conv5.bias] will not optimize.
25-06-22 13:38:59.881 - WARNING: Params [module.irn.operations.9.NF.norm1.weight] will not optimize.
2025-06-22 13:38:59,881 - WARNING - Params [module.irn.operations.9.NF.norm1.weight] will not optimize.
25-06-22 13:38:59.881 - WARNING: Params [module.irn.operations.9.NF.norm1.bias] will not optimize.
2025-06-22 13:38:59,881 - WARNING - Params [module.irn.operations.9.NF.norm1.bias] will not optimize.
25-06-22 13:38:59.881 - WARNING: Params [module.irn.operations.9.NF.norm2.weight] will not optimize.
2025-06-22 13:38:59,881 - WARNING - Params [module.irn.operations.9.NF.norm2.weight] will not optimize.
25-06-22 13:38:59.881 - WARNING: Params [module.irn.operations.9.NF.norm2.bias] will not optimize.
2025-06-22 13:38:59,881 - WARNING - Params [module.irn.operations.9.NF.norm2.bias] will not optimize.
25-06-22 13:38:59.881 - WARNING: Params [module.irn.operations.9.G.conv1.weight] will not optimize.
2025-06-22 13:38:59,881 - WARNING - Params [module.irn.operations.9.G.conv1.weight] will not optimize.
25-06-22 13:38:59.881 - WARNING: Params [module.irn.operations.9.G.conv1.bias] will not optimize.
2025-06-22 13:38:59,881 - WARNING - Params [module.irn.operations.9.G.conv1.bias] will not optimize.
25-06-22 13:38:59.881 - WARNING: Params [module.irn.operations.9.G.conv2.weight] will not optimize.
2025-06-22 13:38:59,881 - WARNING - Params [module.irn.operations.9.G.conv2.weight] will not optimize.
25-06-22 13:38:59.881 - WARNING: Params [module.irn.operations.9.G.conv2.bias] will not optimize.
2025-06-22 13:38:59,881 - WARNING - Params [module.irn.operations.9.G.conv2.bias] will not optimize.
25-06-22 13:38:59.881 - WARNING: Params [module.irn.operations.9.G.conv3.weight] will not optimize.
2025-06-22 13:38:59,881 - WARNING - Params [module.irn.operations.9.G.conv3.weight] will not optimize.
25-06-22 13:38:59.881 - WARNING: Params [module.irn.operations.9.G.conv3.bias] will not optimize.
2025-06-22 13:38:59,881 - WARNING - Params [module.irn.operations.9.G.conv3.bias] will not optimize.
25-06-22 13:38:59.881 - WARNING: Params [module.irn.operations.9.G.conv4.weight] will not optimize.
2025-06-22 13:38:59,881 - WARNING - Params [module.irn.operations.9.G.conv4.weight] will not optimize.
25-06-22 13:38:59.881 - WARNING: Params [module.irn.operations.9.G.conv4.bias] will not optimize.
2025-06-22 13:38:59,881 - WARNING - Params [module.irn.operations.9.G.conv4.bias] will not optimize.
25-06-22 13:38:59.882 - WARNING: Params [module.irn.operations.9.G.conv5.weight] will not optimize.
2025-06-22 13:38:59,882 - WARNING - Params [module.irn.operations.9.G.conv5.weight] will not optimize.
25-06-22 13:38:59.882 - WARNING: Params [module.irn.operations.9.G.conv5.bias] will not optimize.
2025-06-22 13:38:59,882 - WARNING - Params [module.irn.operations.9.G.conv5.bias] will not optimize.
25-06-22 13:38:59.882 - WARNING: Params [module.irn.operations.9.NG.beta] will not optimize.
2025-06-22 13:38:59,882 - WARNING - Params [module.irn.operations.9.NG.beta] will not optimize.
25-06-22 13:38:59.882 - WARNING: Params [module.irn.operations.9.NG.gamma] will not optimize.
2025-06-22 13:38:59,882 - WARNING - Params [module.irn.operations.9.NG.gamma] will not optimize.
25-06-22 13:38:59.882 - WARNING: Params [module.irn.operations.9.NG.conv1.weight] will not optimize.
2025-06-22 13:38:59,882 - WARNING - Params [module.irn.operations.9.NG.conv1.weight] will not optimize.
25-06-22 13:38:59.882 - WARNING: Params [module.irn.operations.9.NG.conv1.bias] will not optimize.
2025-06-22 13:38:59,882 - WARNING - Params [module.irn.operations.9.NG.conv1.bias] will not optimize.
25-06-22 13:38:59.882 - WARNING: Params [module.irn.operations.9.NG.conv2.weight] will not optimize.
2025-06-22 13:38:59,882 - WARNING - Params [module.irn.operations.9.NG.conv2.weight] will not optimize.
25-06-22 13:38:59.882 - WARNING: Params [module.irn.operations.9.NG.conv2.bias] will not optimize.
2025-06-22 13:38:59,882 - WARNING - Params [module.irn.operations.9.NG.conv2.bias] will not optimize.
25-06-22 13:38:59.882 - WARNING: Params [module.irn.operations.9.NG.conv3.weight] will not optimize.
2025-06-22 13:38:59,882 - WARNING - Params [module.irn.operations.9.NG.conv3.weight] will not optimize.
25-06-22 13:38:59.882 - WARNING: Params [module.irn.operations.9.NG.conv3.bias] will not optimize.
2025-06-22 13:38:59,882 - WARNING - Params [module.irn.operations.9.NG.conv3.bias] will not optimize.
25-06-22 13:38:59.882 - WARNING: Params [module.irn.operations.9.NG.sca.1.weight] will not optimize.
2025-06-22 13:38:59,882 - WARNING - Params [module.irn.operations.9.NG.sca.1.weight] will not optimize.
25-06-22 13:38:59.882 - WARNING: Params [module.irn.operations.9.NG.sca.1.bias] will not optimize.
2025-06-22 13:38:59,882 - WARNING - Params [module.irn.operations.9.NG.sca.1.bias] will not optimize.
25-06-22 13:38:59.882 - WARNING: Params [module.irn.operations.9.NG.conv4.weight] will not optimize.
2025-06-22 13:38:59,882 - WARNING - Params [module.irn.operations.9.NG.conv4.weight] will not optimize.
25-06-22 13:38:59.882 - WARNING: Params [module.irn.operations.9.NG.conv4.bias] will not optimize.
2025-06-22 13:38:59,882 - WARNING - Params [module.irn.operations.9.NG.conv4.bias] will not optimize.
25-06-22 13:38:59.882 - WARNING: Params [module.irn.operations.9.NG.conv5.weight] will not optimize.
2025-06-22 13:38:59,882 - WARNING - Params [module.irn.operations.9.NG.conv5.weight] will not optimize.
25-06-22 13:38:59.882 - WARNING: Params [module.irn.operations.9.NG.conv5.bias] will not optimize.
2025-06-22 13:38:59,882 - WARNING - Params [module.irn.operations.9.NG.conv5.bias] will not optimize.
25-06-22 13:38:59.882 - WARNING: Params [module.irn.operations.9.NG.norm1.weight] will not optimize.
2025-06-22 13:38:59,882 - WARNING - Params [module.irn.operations.9.NG.norm1.weight] will not optimize.
25-06-22 13:38:59.882 - WARNING: Params [module.irn.operations.9.NG.norm1.bias] will not optimize.
2025-06-22 13:38:59,882 - WARNING - Params [module.irn.operations.9.NG.norm1.bias] will not optimize.
25-06-22 13:38:59.882 - WARNING: Params [module.irn.operations.9.NG.norm2.weight] will not optimize.
2025-06-22 13:38:59,882 - WARNING - Params [module.irn.operations.9.NG.norm2.weight] will not optimize.
25-06-22 13:38:59.883 - WARNING: Params [module.irn.operations.9.NG.norm2.bias] will not optimize.
2025-06-22 13:38:59,883 - WARNING - Params [module.irn.operations.9.NG.norm2.bias] will not optimize.
25-06-22 13:38:59.883 - WARNING: Params [module.irn.operations.9.H.conv1.weight] will not optimize.
2025-06-22 13:38:59,883 - WARNING - Params [module.irn.operations.9.H.conv1.weight] will not optimize.
25-06-22 13:38:59.883 - WARNING: Params [module.irn.operations.9.H.conv1.bias] will not optimize.
2025-06-22 13:38:59,883 - WARNING - Params [module.irn.operations.9.H.conv1.bias] will not optimize.
25-06-22 13:38:59.883 - WARNING: Params [module.irn.operations.9.H.conv2.weight] will not optimize.
2025-06-22 13:38:59,883 - WARNING - Params [module.irn.operations.9.H.conv2.weight] will not optimize.
25-06-22 13:38:59.883 - WARNING: Params [module.irn.operations.9.H.conv2.bias] will not optimize.
2025-06-22 13:38:59,883 - WARNING - Params [module.irn.operations.9.H.conv2.bias] will not optimize.
25-06-22 13:38:59.883 - WARNING: Params [module.irn.operations.9.H.conv3.weight] will not optimize.
2025-06-22 13:38:59,883 - WARNING - Params [module.irn.operations.9.H.conv3.weight] will not optimize.
25-06-22 13:38:59.883 - WARNING: Params [module.irn.operations.9.H.conv3.bias] will not optimize.
2025-06-22 13:38:59,883 - WARNING - Params [module.irn.operations.9.H.conv3.bias] will not optimize.
25-06-22 13:38:59.883 - WARNING: Params [module.irn.operations.9.H.conv4.weight] will not optimize.
2025-06-22 13:38:59,883 - WARNING - Params [module.irn.operations.9.H.conv4.weight] will not optimize.
25-06-22 13:38:59.883 - WARNING: Params [module.irn.operations.9.H.conv4.bias] will not optimize.
2025-06-22 13:38:59,883 - WARNING - Params [module.irn.operations.9.H.conv4.bias] will not optimize.
25-06-22 13:38:59.883 - WARNING: Params [module.irn.operations.9.H.conv5.weight] will not optimize.
2025-06-22 13:38:59,883 - WARNING - Params [module.irn.operations.9.H.conv5.weight] will not optimize.
25-06-22 13:38:59.883 - WARNING: Params [module.irn.operations.9.H.conv5.bias] will not optimize.
2025-06-22 13:38:59,883 - WARNING - Params [module.irn.operations.9.H.conv5.bias] will not optimize.
25-06-22 13:38:59.883 - WARNING: Params [module.irn.operations.9.NH.beta] will not optimize.
2025-06-22 13:38:59,883 - WARNING - Params [module.irn.operations.9.NH.beta] will not optimize.
25-06-22 13:38:59.883 - WARNING: Params [module.irn.operations.9.NH.gamma] will not optimize.
2025-06-22 13:38:59,883 - WARNING - Params [module.irn.operations.9.NH.gamma] will not optimize.
25-06-22 13:38:59.883 - WARNING: Params [module.irn.operations.9.NH.conv1.weight] will not optimize.
2025-06-22 13:38:59,883 - WARNING - Params [module.irn.operations.9.NH.conv1.weight] will not optimize.
25-06-22 13:38:59.883 - WARNING: Params [module.irn.operations.9.NH.conv1.bias] will not optimize.
2025-06-22 13:38:59,883 - WARNING - Params [module.irn.operations.9.NH.conv1.bias] will not optimize.
25-06-22 13:38:59.883 - WARNING: Params [module.irn.operations.9.NH.conv2.weight] will not optimize.
2025-06-22 13:38:59,883 - WARNING - Params [module.irn.operations.9.NH.conv2.weight] will not optimize.
25-06-22 13:38:59.883 - WARNING: Params [module.irn.operations.9.NH.conv2.bias] will not optimize.
2025-06-22 13:38:59,883 - WARNING - Params [module.irn.operations.9.NH.conv2.bias] will not optimize.
25-06-22 13:38:59.883 - WARNING: Params [module.irn.operations.9.NH.conv3.weight] will not optimize.
2025-06-22 13:38:59,883 - WARNING - Params [module.irn.operations.9.NH.conv3.weight] will not optimize.
25-06-22 13:38:59.884 - WARNING: Params [module.irn.operations.9.NH.conv3.bias] will not optimize.
2025-06-22 13:38:59,884 - WARNING - Params [module.irn.operations.9.NH.conv3.bias] will not optimize.
25-06-22 13:38:59.884 - WARNING: Params [module.irn.operations.9.NH.sca.1.weight] will not optimize.
2025-06-22 13:38:59,884 - WARNING - Params [module.irn.operations.9.NH.sca.1.weight] will not optimize.
25-06-22 13:38:59.884 - WARNING: Params [module.irn.operations.9.NH.sca.1.bias] will not optimize.
2025-06-22 13:38:59,884 - WARNING - Params [module.irn.operations.9.NH.sca.1.bias] will not optimize.
25-06-22 13:38:59.884 - WARNING: Params [module.irn.operations.9.NH.conv4.weight] will not optimize.
2025-06-22 13:38:59,884 - WARNING - Params [module.irn.operations.9.NH.conv4.weight] will not optimize.
25-06-22 13:38:59.884 - WARNING: Params [module.irn.operations.9.NH.conv4.bias] will not optimize.
2025-06-22 13:38:59,884 - WARNING - Params [module.irn.operations.9.NH.conv4.bias] will not optimize.
25-06-22 13:38:59.884 - WARNING: Params [module.irn.operations.9.NH.conv5.weight] will not optimize.
2025-06-22 13:38:59,884 - WARNING - Params [module.irn.operations.9.NH.conv5.weight] will not optimize.
25-06-22 13:38:59.884 - WARNING: Params [module.irn.operations.9.NH.conv5.bias] will not optimize.
2025-06-22 13:38:59,884 - WARNING - Params [module.irn.operations.9.NH.conv5.bias] will not optimize.
25-06-22 13:38:59.884 - WARNING: Params [module.irn.operations.9.NH.norm1.weight] will not optimize.
2025-06-22 13:38:59,884 - WARNING - Params [module.irn.operations.9.NH.norm1.weight] will not optimize.
25-06-22 13:38:59.884 - WARNING: Params [module.irn.operations.9.NH.norm1.bias] will not optimize.
2025-06-22 13:38:59,884 - WARNING - Params [module.irn.operations.9.NH.norm1.bias] will not optimize.
25-06-22 13:38:59.884 - WARNING: Params [module.irn.operations.9.NH.norm2.weight] will not optimize.
2025-06-22 13:38:59,884 - WARNING - Params [module.irn.operations.9.NH.norm2.weight] will not optimize.
25-06-22 13:38:59.884 - WARNING: Params [module.irn.operations.9.NH.norm2.bias] will not optimize.
2025-06-22 13:38:59,884 - WARNING - Params [module.irn.operations.9.NH.norm2.bias] will not optimize.
25-06-22 13:38:59.884 - WARNING: Params [module.irn.operations.10.F.conv1.weight] will not optimize.
2025-06-22 13:38:59,884 - WARNING - Params [module.irn.operations.10.F.conv1.weight] will not optimize.
25-06-22 13:38:59.884 - WARNING: Params [module.irn.operations.10.F.conv1.bias] will not optimize.
2025-06-22 13:38:59,884 - WARNING - Params [module.irn.operations.10.F.conv1.bias] will not optimize.
25-06-22 13:38:59.884 - WARNING: Params [module.irn.operations.10.F.conv2.weight] will not optimize.
2025-06-22 13:38:59,884 - WARNING - Params [module.irn.operations.10.F.conv2.weight] will not optimize.
25-06-22 13:38:59.884 - WARNING: Params [module.irn.operations.10.F.conv2.bias] will not optimize.
2025-06-22 13:38:59,884 - WARNING - Params [module.irn.operations.10.F.conv2.bias] will not optimize.
25-06-22 13:38:59.884 - WARNING: Params [module.irn.operations.10.F.conv3.weight] will not optimize.
2025-06-22 13:38:59,884 - WARNING - Params [module.irn.operations.10.F.conv3.weight] will not optimize.
25-06-22 13:38:59.884 - WARNING: Params [module.irn.operations.10.F.conv3.bias] will not optimize.
2025-06-22 13:38:59,884 - WARNING - Params [module.irn.operations.10.F.conv3.bias] will not optimize.
25-06-22 13:38:59.884 - WARNING: Params [module.irn.operations.10.F.conv4.weight] will not optimize.
2025-06-22 13:38:59,884 - WARNING - Params [module.irn.operations.10.F.conv4.weight] will not optimize.
25-06-22 13:38:59.884 - WARNING: Params [module.irn.operations.10.F.conv4.bias] will not optimize.
2025-06-22 13:38:59,884 - WARNING - Params [module.irn.operations.10.F.conv4.bias] will not optimize.
25-06-22 13:38:59.885 - WARNING: Params [module.irn.operations.10.F.conv5.weight] will not optimize.
2025-06-22 13:38:59,885 - WARNING - Params [module.irn.operations.10.F.conv5.weight] will not optimize.
25-06-22 13:38:59.885 - WARNING: Params [module.irn.operations.10.F.conv5.bias] will not optimize.
2025-06-22 13:38:59,885 - WARNING - Params [module.irn.operations.10.F.conv5.bias] will not optimize.
25-06-22 13:38:59.885 - WARNING: Params [module.irn.operations.10.NF.beta] will not optimize.
2025-06-22 13:38:59,885 - WARNING - Params [module.irn.operations.10.NF.beta] will not optimize.
25-06-22 13:38:59.885 - WARNING: Params [module.irn.operations.10.NF.gamma] will not optimize.
2025-06-22 13:38:59,885 - WARNING - Params [module.irn.operations.10.NF.gamma] will not optimize.
25-06-22 13:38:59.885 - WARNING: Params [module.irn.operations.10.NF.conv1.weight] will not optimize.
2025-06-22 13:38:59,885 - WARNING - Params [module.irn.operations.10.NF.conv1.weight] will not optimize.
25-06-22 13:38:59.885 - WARNING: Params [module.irn.operations.10.NF.conv1.bias] will not optimize.
2025-06-22 13:38:59,885 - WARNING - Params [module.irn.operations.10.NF.conv1.bias] will not optimize.
25-06-22 13:38:59.885 - WARNING: Params [module.irn.operations.10.NF.conv2.weight] will not optimize.
2025-06-22 13:38:59,885 - WARNING - Params [module.irn.operations.10.NF.conv2.weight] will not optimize.
25-06-22 13:38:59.885 - WARNING: Params [module.irn.operations.10.NF.conv2.bias] will not optimize.
2025-06-22 13:38:59,885 - WARNING - Params [module.irn.operations.10.NF.conv2.bias] will not optimize.
25-06-22 13:38:59.885 - WARNING: Params [module.irn.operations.10.NF.conv3.weight] will not optimize.
2025-06-22 13:38:59,885 - WARNING - Params [module.irn.operations.10.NF.conv3.weight] will not optimize.
25-06-22 13:38:59.885 - WARNING: Params [module.irn.operations.10.NF.conv3.bias] will not optimize.
2025-06-22 13:38:59,885 - WARNING - Params [module.irn.operations.10.NF.conv3.bias] will not optimize.
25-06-22 13:38:59.885 - WARNING: Params [module.irn.operations.10.NF.sca.1.weight] will not optimize.
2025-06-22 13:38:59,885 - WARNING - Params [module.irn.operations.10.NF.sca.1.weight] will not optimize.
25-06-22 13:38:59.885 - WARNING: Params [module.irn.operations.10.NF.sca.1.bias] will not optimize.
2025-06-22 13:38:59,885 - WARNING - Params [module.irn.operations.10.NF.sca.1.bias] will not optimize.
25-06-22 13:38:59.885 - WARNING: Params [module.irn.operations.10.NF.conv4.weight] will not optimize.
2025-06-22 13:38:59,885 - WARNING - Params [module.irn.operations.10.NF.conv4.weight] will not optimize.
25-06-22 13:38:59.885 - WARNING: Params [module.irn.operations.10.NF.conv4.bias] will not optimize.
2025-06-22 13:38:59,885 - WARNING - Params [module.irn.operations.10.NF.conv4.bias] will not optimize.
25-06-22 13:38:59.885 - WARNING: Params [module.irn.operations.10.NF.conv5.weight] will not optimize.
2025-06-22 13:38:59,885 - WARNING - Params [module.irn.operations.10.NF.conv5.weight] will not optimize.
25-06-22 13:38:59.885 - WARNING: Params [module.irn.operations.10.NF.conv5.bias] will not optimize.
2025-06-22 13:38:59,885 - WARNING - Params [module.irn.operations.10.NF.conv5.bias] will not optimize.
25-06-22 13:38:59.885 - WARNING: Params [module.irn.operations.10.NF.norm1.weight] will not optimize.
2025-06-22 13:38:59,885 - WARNING - Params [module.irn.operations.10.NF.norm1.weight] will not optimize.
25-06-22 13:38:59.885 - WARNING: Params [module.irn.operations.10.NF.norm1.bias] will not optimize.
2025-06-22 13:38:59,885 - WARNING - Params [module.irn.operations.10.NF.norm1.bias] will not optimize.
25-06-22 13:38:59.886 - WARNING: Params [module.irn.operations.10.NF.norm2.weight] will not optimize.
2025-06-22 13:38:59,886 - WARNING - Params [module.irn.operations.10.NF.norm2.weight] will not optimize.
25-06-22 13:38:59.886 - WARNING: Params [module.irn.operations.10.NF.norm2.bias] will not optimize.
2025-06-22 13:38:59,886 - WARNING - Params [module.irn.operations.10.NF.norm2.bias] will not optimize.
25-06-22 13:38:59.886 - WARNING: Params [module.irn.operations.10.G.conv1.weight] will not optimize.
2025-06-22 13:38:59,886 - WARNING - Params [module.irn.operations.10.G.conv1.weight] will not optimize.
25-06-22 13:38:59.886 - WARNING: Params [module.irn.operations.10.G.conv1.bias] will not optimize.
2025-06-22 13:38:59,886 - WARNING - Params [module.irn.operations.10.G.conv1.bias] will not optimize.
25-06-22 13:38:59.886 - WARNING: Params [module.irn.operations.10.G.conv2.weight] will not optimize.
2025-06-22 13:38:59,886 - WARNING - Params [module.irn.operations.10.G.conv2.weight] will not optimize.
25-06-22 13:38:59.886 - WARNING: Params [module.irn.operations.10.G.conv2.bias] will not optimize.
2025-06-22 13:38:59,886 - WARNING - Params [module.irn.operations.10.G.conv2.bias] will not optimize.
25-06-22 13:38:59.886 - WARNING: Params [module.irn.operations.10.G.conv3.weight] will not optimize.
2025-06-22 13:38:59,886 - WARNING - Params [module.irn.operations.10.G.conv3.weight] will not optimize.
25-06-22 13:38:59.886 - WARNING: Params [module.irn.operations.10.G.conv3.bias] will not optimize.
2025-06-22 13:38:59,886 - WARNING - Params [module.irn.operations.10.G.conv3.bias] will not optimize.
25-06-22 13:38:59.886 - WARNING: Params [module.irn.operations.10.G.conv4.weight] will not optimize.
2025-06-22 13:38:59,886 - WARNING - Params [module.irn.operations.10.G.conv4.weight] will not optimize.
25-06-22 13:38:59.886 - WARNING: Params [module.irn.operations.10.G.conv4.bias] will not optimize.
2025-06-22 13:38:59,886 - WARNING - Params [module.irn.operations.10.G.conv4.bias] will not optimize.
25-06-22 13:38:59.886 - WARNING: Params [module.irn.operations.10.G.conv5.weight] will not optimize.
2025-06-22 13:38:59,886 - WARNING - Params [module.irn.operations.10.G.conv5.weight] will not optimize.
25-06-22 13:38:59.886 - WARNING: Params [module.irn.operations.10.G.conv5.bias] will not optimize.
2025-06-22 13:38:59,886 - WARNING - Params [module.irn.operations.10.G.conv5.bias] will not optimize.
25-06-22 13:38:59.886 - WARNING: Params [module.irn.operations.10.NG.beta] will not optimize.
2025-06-22 13:38:59,886 - WARNING - Params [module.irn.operations.10.NG.beta] will not optimize.
25-06-22 13:38:59.886 - WARNING: Params [module.irn.operations.10.NG.gamma] will not optimize.
2025-06-22 13:38:59,886 - WARNING - Params [module.irn.operations.10.NG.gamma] will not optimize.
25-06-22 13:38:59.886 - WARNING: Params [module.irn.operations.10.NG.conv1.weight] will not optimize.
2025-06-22 13:38:59,886 - WARNING - Params [module.irn.operations.10.NG.conv1.weight] will not optimize.
25-06-22 13:38:59.886 - WARNING: Params [module.irn.operations.10.NG.conv1.bias] will not optimize.
2025-06-22 13:38:59,886 - WARNING - Params [module.irn.operations.10.NG.conv1.bias] will not optimize.
25-06-22 13:38:59.886 - WARNING: Params [module.irn.operations.10.NG.conv2.weight] will not optimize.
2025-06-22 13:38:59,886 - WARNING - Params [module.irn.operations.10.NG.conv2.weight] will not optimize.
25-06-22 13:38:59.886 - WARNING: Params [module.irn.operations.10.NG.conv2.bias] will not optimize.
2025-06-22 13:38:59,886 - WARNING - Params [module.irn.operations.10.NG.conv2.bias] will not optimize.
25-06-22 13:38:59.886 - WARNING: Params [module.irn.operations.10.NG.conv3.weight] will not optimize.
2025-06-22 13:38:59,886 - WARNING - Params [module.irn.operations.10.NG.conv3.weight] will not optimize.
25-06-22 13:38:59.887 - WARNING: Params [module.irn.operations.10.NG.conv3.bias] will not optimize.
2025-06-22 13:38:59,887 - WARNING - Params [module.irn.operations.10.NG.conv3.bias] will not optimize.
25-06-22 13:38:59.887 - WARNING: Params [module.irn.operations.10.NG.sca.1.weight] will not optimize.
2025-06-22 13:38:59,887 - WARNING - Params [module.irn.operations.10.NG.sca.1.weight] will not optimize.
25-06-22 13:38:59.887 - WARNING: Params [module.irn.operations.10.NG.sca.1.bias] will not optimize.
2025-06-22 13:38:59,887 - WARNING - Params [module.irn.operations.10.NG.sca.1.bias] will not optimize.
25-06-22 13:38:59.887 - WARNING: Params [module.irn.operations.10.NG.conv4.weight] will not optimize.
2025-06-22 13:38:59,887 - WARNING - Params [module.irn.operations.10.NG.conv4.weight] will not optimize.
25-06-22 13:38:59.887 - WARNING: Params [module.irn.operations.10.NG.conv4.bias] will not optimize.
2025-06-22 13:38:59,887 - WARNING - Params [module.irn.operations.10.NG.conv4.bias] will not optimize.
25-06-22 13:38:59.887 - WARNING: Params [module.irn.operations.10.NG.conv5.weight] will not optimize.
2025-06-22 13:38:59,887 - WARNING - Params [module.irn.operations.10.NG.conv5.weight] will not optimize.
25-06-22 13:38:59.887 - WARNING: Params [module.irn.operations.10.NG.conv5.bias] will not optimize.
2025-06-22 13:38:59,887 - WARNING - Params [module.irn.operations.10.NG.conv5.bias] will not optimize.
25-06-22 13:38:59.887 - WARNING: Params [module.irn.operations.10.NG.norm1.weight] will not optimize.
2025-06-22 13:38:59,887 - WARNING - Params [module.irn.operations.10.NG.norm1.weight] will not optimize.
25-06-22 13:38:59.887 - WARNING: Params [module.irn.operations.10.NG.norm1.bias] will not optimize.
2025-06-22 13:38:59,887 - WARNING - Params [module.irn.operations.10.NG.norm1.bias] will not optimize.
25-06-22 13:38:59.887 - WARNING: Params [module.irn.operations.10.NG.norm2.weight] will not optimize.
2025-06-22 13:38:59,887 - WARNING - Params [module.irn.operations.10.NG.norm2.weight] will not optimize.
25-06-22 13:38:59.887 - WARNING: Params [module.irn.operations.10.NG.norm2.bias] will not optimize.
2025-06-22 13:38:59,887 - WARNING - Params [module.irn.operations.10.NG.norm2.bias] will not optimize.
25-06-22 13:38:59.887 - WARNING: Params [module.irn.operations.10.H.conv1.weight] will not optimize.
2025-06-22 13:38:59,887 - WARNING - Params [module.irn.operations.10.H.conv1.weight] will not optimize.
25-06-22 13:38:59.887 - WARNING: Params [module.irn.operations.10.H.conv1.bias] will not optimize.
2025-06-22 13:38:59,887 - WARNING - Params [module.irn.operations.10.H.conv1.bias] will not optimize.
25-06-22 13:38:59.887 - WARNING: Params [module.irn.operations.10.H.conv2.weight] will not optimize.
2025-06-22 13:38:59,887 - WARNING - Params [module.irn.operations.10.H.conv2.weight] will not optimize.
25-06-22 13:38:59.887 - WARNING: Params [module.irn.operations.10.H.conv2.bias] will not optimize.
2025-06-22 13:38:59,887 - WARNING - Params [module.irn.operations.10.H.conv2.bias] will not optimize.
25-06-22 13:38:59.887 - WARNING: Params [module.irn.operations.10.H.conv3.weight] will not optimize.
2025-06-22 13:38:59,887 - WARNING - Params [module.irn.operations.10.H.conv3.weight] will not optimize.
25-06-22 13:38:59.887 - WARNING: Params [module.irn.operations.10.H.conv3.bias] will not optimize.
2025-06-22 13:38:59,887 - WARNING - Params [module.irn.operations.10.H.conv3.bias] will not optimize.
25-06-22 13:38:59.888 - WARNING: Params [module.irn.operations.10.H.conv4.weight] will not optimize.
2025-06-22 13:38:59,888 - WARNING - Params [module.irn.operations.10.H.conv4.weight] will not optimize.
25-06-22 13:38:59.888 - WARNING: Params [module.irn.operations.10.H.conv4.bias] will not optimize.
2025-06-22 13:38:59,888 - WARNING - Params [module.irn.operations.10.H.conv4.bias] will not optimize.
25-06-22 13:38:59.888 - WARNING: Params [module.irn.operations.10.H.conv5.weight] will not optimize.
2025-06-22 13:38:59,888 - WARNING - Params [module.irn.operations.10.H.conv5.weight] will not optimize.
25-06-22 13:38:59.888 - WARNING: Params [module.irn.operations.10.H.conv5.bias] will not optimize.
2025-06-22 13:38:59,888 - WARNING - Params [module.irn.operations.10.H.conv5.bias] will not optimize.
25-06-22 13:38:59.888 - WARNING: Params [module.irn.operations.10.NH.beta] will not optimize.
2025-06-22 13:38:59,888 - WARNING - Params [module.irn.operations.10.NH.beta] will not optimize.
25-06-22 13:38:59.888 - WARNING: Params [module.irn.operations.10.NH.gamma] will not optimize.
2025-06-22 13:38:59,888 - WARNING - Params [module.irn.operations.10.NH.gamma] will not optimize.
25-06-22 13:38:59.888 - WARNING: Params [module.irn.operations.10.NH.conv1.weight] will not optimize.
2025-06-22 13:38:59,888 - WARNING - Params [module.irn.operations.10.NH.conv1.weight] will not optimize.
25-06-22 13:38:59.888 - WARNING: Params [module.irn.operations.10.NH.conv1.bias] will not optimize.
2025-06-22 13:38:59,888 - WARNING - Params [module.irn.operations.10.NH.conv1.bias] will not optimize.
25-06-22 13:38:59.888 - WARNING: Params [module.irn.operations.10.NH.conv2.weight] will not optimize.
2025-06-22 13:38:59,888 - WARNING - Params [module.irn.operations.10.NH.conv2.weight] will not optimize.
25-06-22 13:38:59.888 - WARNING: Params [module.irn.operations.10.NH.conv2.bias] will not optimize.
2025-06-22 13:38:59,888 - WARNING - Params [module.irn.operations.10.NH.conv2.bias] will not optimize.
25-06-22 13:38:59.888 - WARNING: Params [module.irn.operations.10.NH.conv3.weight] will not optimize.
2025-06-22 13:38:59,888 - WARNING - Params [module.irn.operations.10.NH.conv3.weight] will not optimize.
25-06-22 13:38:59.888 - WARNING: Params [module.irn.operations.10.NH.conv3.bias] will not optimize.
2025-06-22 13:38:59,888 - WARNING - Params [module.irn.operations.10.NH.conv3.bias] will not optimize.
25-06-22 13:38:59.888 - WARNING: Params [module.irn.operations.10.NH.sca.1.weight] will not optimize.
2025-06-22 13:38:59,888 - WARNING - Params [module.irn.operations.10.NH.sca.1.weight] will not optimize.
25-06-22 13:38:59.888 - WARNING: Params [module.irn.operations.10.NH.sca.1.bias] will not optimize.
2025-06-22 13:38:59,888 - WARNING - Params [module.irn.operations.10.NH.sca.1.bias] will not optimize.
25-06-22 13:38:59.888 - WARNING: Params [module.irn.operations.10.NH.conv4.weight] will not optimize.
2025-06-22 13:38:59,888 - WARNING - Params [module.irn.operations.10.NH.conv4.weight] will not optimize.
25-06-22 13:38:59.888 - WARNING: Params [module.irn.operations.10.NH.conv4.bias] will not optimize.
2025-06-22 13:38:59,888 - WARNING - Params [module.irn.operations.10.NH.conv4.bias] will not optimize.
25-06-22 13:38:59.888 - WARNING: Params [module.irn.operations.10.NH.conv5.weight] will not optimize.
2025-06-22 13:38:59,888 - WARNING - Params [module.irn.operations.10.NH.conv5.weight] will not optimize.
25-06-22 13:38:59.888 - WARNING: Params [module.irn.operations.10.NH.conv5.bias] will not optimize.
2025-06-22 13:38:59,888 - WARNING - Params [module.irn.operations.10.NH.conv5.bias] will not optimize.
25-06-22 13:38:59.888 - WARNING: Params [module.irn.operations.10.NH.norm1.weight] will not optimize.
2025-06-22 13:38:59,888 - WARNING - Params [module.irn.operations.10.NH.norm1.weight] will not optimize.
25-06-22 13:38:59.889 - WARNING: Params [module.irn.operations.10.NH.norm1.bias] will not optimize.
2025-06-22 13:38:59,889 - WARNING - Params [module.irn.operations.10.NH.norm1.bias] will not optimize.
25-06-22 13:38:59.889 - WARNING: Params [module.irn.operations.10.NH.norm2.weight] will not optimize.
2025-06-22 13:38:59,889 - WARNING - Params [module.irn.operations.10.NH.norm2.weight] will not optimize.
25-06-22 13:38:59.889 - WARNING: Params [module.irn.operations.10.NH.norm2.bias] will not optimize.
2025-06-22 13:38:59,889 - WARNING - Params [module.irn.operations.10.NH.norm2.bias] will not optimize.
25-06-22 13:38:59.889 - WARNING: Params [module.irn.operations.11.F.conv1.weight] will not optimize.
2025-06-22 13:38:59,889 - WARNING - Params [module.irn.operations.11.F.conv1.weight] will not optimize.
25-06-22 13:38:59.889 - WARNING: Params [module.irn.operations.11.F.conv1.bias] will not optimize.
2025-06-22 13:38:59,889 - WARNING - Params [module.irn.operations.11.F.conv1.bias] will not optimize.
25-06-22 13:38:59.889 - WARNING: Params [module.irn.operations.11.F.conv2.weight] will not optimize.
2025-06-22 13:38:59,889 - WARNING - Params [module.irn.operations.11.F.conv2.weight] will not optimize.
25-06-22 13:38:59.889 - WARNING: Params [module.irn.operations.11.F.conv2.bias] will not optimize.
2025-06-22 13:38:59,889 - WARNING - Params [module.irn.operations.11.F.conv2.bias] will not optimize.
25-06-22 13:38:59.889 - WARNING: Params [module.irn.operations.11.F.conv3.weight] will not optimize.
2025-06-22 13:38:59,889 - WARNING - Params [module.irn.operations.11.F.conv3.weight] will not optimize.
25-06-22 13:38:59.889 - WARNING: Params [module.irn.operations.11.F.conv3.bias] will not optimize.
2025-06-22 13:38:59,889 - WARNING - Params [module.irn.operations.11.F.conv3.bias] will not optimize.
25-06-22 13:38:59.889 - WARNING: Params [module.irn.operations.11.F.conv4.weight] will not optimize.
2025-06-22 13:38:59,889 - WARNING - Params [module.irn.operations.11.F.conv4.weight] will not optimize.
25-06-22 13:38:59.889 - WARNING: Params [module.irn.operations.11.F.conv4.bias] will not optimize.
2025-06-22 13:38:59,889 - WARNING - Params [module.irn.operations.11.F.conv4.bias] will not optimize.
25-06-22 13:38:59.889 - WARNING: Params [module.irn.operations.11.F.conv5.weight] will not optimize.
2025-06-22 13:38:59,889 - WARNING - Params [module.irn.operations.11.F.conv5.weight] will not optimize.
25-06-22 13:38:59.889 - WARNING: Params [module.irn.operations.11.F.conv5.bias] will not optimize.
2025-06-22 13:38:59,889 - WARNING - Params [module.irn.operations.11.F.conv5.bias] will not optimize.
25-06-22 13:38:59.889 - WARNING: Params [module.irn.operations.11.NF.beta] will not optimize.
2025-06-22 13:38:59,889 - WARNING - Params [module.irn.operations.11.NF.beta] will not optimize.
25-06-22 13:38:59.889 - WARNING: Params [module.irn.operations.11.NF.gamma] will not optimize.
2025-06-22 13:38:59,889 - WARNING - Params [module.irn.operations.11.NF.gamma] will not optimize.
25-06-22 13:38:59.889 - WARNING: Params [module.irn.operations.11.NF.conv1.weight] will not optimize.
2025-06-22 13:38:59,889 - WARNING - Params [module.irn.operations.11.NF.conv1.weight] will not optimize.
25-06-22 13:38:59.889 - WARNING: Params [module.irn.operations.11.NF.conv1.bias] will not optimize.
2025-06-22 13:38:59,889 - WARNING - Params [module.irn.operations.11.NF.conv1.bias] will not optimize.
25-06-22 13:38:59.889 - WARNING: Params [module.irn.operations.11.NF.conv2.weight] will not optimize.
2025-06-22 13:38:59,889 - WARNING - Params [module.irn.operations.11.NF.conv2.weight] will not optimize.
25-06-22 13:38:59.890 - WARNING: Params [module.irn.operations.11.NF.conv2.bias] will not optimize.
2025-06-22 13:38:59,890 - WARNING - Params [module.irn.operations.11.NF.conv2.bias] will not optimize.
25-06-22 13:38:59.890 - WARNING: Params [module.irn.operations.11.NF.conv3.weight] will not optimize.
2025-06-22 13:38:59,890 - WARNING - Params [module.irn.operations.11.NF.conv3.weight] will not optimize.
25-06-22 13:38:59.890 - WARNING: Params [module.irn.operations.11.NF.conv3.bias] will not optimize.
2025-06-22 13:38:59,890 - WARNING - Params [module.irn.operations.11.NF.conv3.bias] will not optimize.
25-06-22 13:38:59.890 - WARNING: Params [module.irn.operations.11.NF.sca.1.weight] will not optimize.
2025-06-22 13:38:59,890 - WARNING - Params [module.irn.operations.11.NF.sca.1.weight] will not optimize.
25-06-22 13:38:59.890 - WARNING: Params [module.irn.operations.11.NF.sca.1.bias] will not optimize.
2025-06-22 13:38:59,890 - WARNING - Params [module.irn.operations.11.NF.sca.1.bias] will not optimize.
25-06-22 13:38:59.890 - WARNING: Params [module.irn.operations.11.NF.conv4.weight] will not optimize.
2025-06-22 13:38:59,890 - WARNING - Params [module.irn.operations.11.NF.conv4.weight] will not optimize.
25-06-22 13:38:59.890 - WARNING: Params [module.irn.operations.11.NF.conv4.bias] will not optimize.
2025-06-22 13:38:59,890 - WARNING - Params [module.irn.operations.11.NF.conv4.bias] will not optimize.
25-06-22 13:38:59.890 - WARNING: Params [module.irn.operations.11.NF.conv5.weight] will not optimize.
2025-06-22 13:38:59,890 - WARNING - Params [module.irn.operations.11.NF.conv5.weight] will not optimize.
25-06-22 13:38:59.890 - WARNING: Params [module.irn.operations.11.NF.conv5.bias] will not optimize.
2025-06-22 13:38:59,890 - WARNING - Params [module.irn.operations.11.NF.conv5.bias] will not optimize.
25-06-22 13:38:59.890 - WARNING: Params [module.irn.operations.11.NF.norm1.weight] will not optimize.
2025-06-22 13:38:59,890 - WARNING - Params [module.irn.operations.11.NF.norm1.weight] will not optimize.
25-06-22 13:38:59.890 - WARNING: Params [module.irn.operations.11.NF.norm1.bias] will not optimize.
2025-06-22 13:38:59,890 - WARNING - Params [module.irn.operations.11.NF.norm1.bias] will not optimize.
25-06-22 13:38:59.890 - WARNING: Params [module.irn.operations.11.NF.norm2.weight] will not optimize.
2025-06-22 13:38:59,890 - WARNING - Params [module.irn.operations.11.NF.norm2.weight] will not optimize.
25-06-22 13:38:59.890 - WARNING: Params [module.irn.operations.11.NF.norm2.bias] will not optimize.
2025-06-22 13:38:59,890 - WARNING - Params [module.irn.operations.11.NF.norm2.bias] will not optimize.
25-06-22 13:38:59.890 - WARNING: Params [module.irn.operations.11.G.conv1.weight] will not optimize.
2025-06-22 13:38:59,890 - WARNING - Params [module.irn.operations.11.G.conv1.weight] will not optimize.
25-06-22 13:38:59.890 - WARNING: Params [module.irn.operations.11.G.conv1.bias] will not optimize.
2025-06-22 13:38:59,890 - WARNING - Params [module.irn.operations.11.G.conv1.bias] will not optimize.
25-06-22 13:38:59.890 - WARNING: Params [module.irn.operations.11.G.conv2.weight] will not optimize.
2025-06-22 13:38:59,890 - WARNING - Params [module.irn.operations.11.G.conv2.weight] will not optimize.
25-06-22 13:38:59.890 - WARNING: Params [module.irn.operations.11.G.conv2.bias] will not optimize.
2025-06-22 13:38:59,890 - WARNING - Params [module.irn.operations.11.G.conv2.bias] will not optimize.
25-06-22 13:38:59.890 - WARNING: Params [module.irn.operations.11.G.conv3.weight] will not optimize.
2025-06-22 13:38:59,890 - WARNING - Params [module.irn.operations.11.G.conv3.weight] will not optimize.
25-06-22 13:38:59.890 - WARNING: Params [module.irn.operations.11.G.conv3.bias] will not optimize.
2025-06-22 13:38:59,890 - WARNING - Params [module.irn.operations.11.G.conv3.bias] will not optimize.
25-06-22 13:38:59.891 - WARNING: Params [module.irn.operations.11.G.conv4.weight] will not optimize.
2025-06-22 13:38:59,891 - WARNING - Params [module.irn.operations.11.G.conv4.weight] will not optimize.
25-06-22 13:38:59.891 - WARNING: Params [module.irn.operations.11.G.conv4.bias] will not optimize.
2025-06-22 13:38:59,891 - WARNING - Params [module.irn.operations.11.G.conv4.bias] will not optimize.
25-06-22 13:38:59.891 - WARNING: Params [module.irn.operations.11.G.conv5.weight] will not optimize.
2025-06-22 13:38:59,891 - WARNING - Params [module.irn.operations.11.G.conv5.weight] will not optimize.
25-06-22 13:38:59.891 - WARNING: Params [module.irn.operations.11.G.conv5.bias] will not optimize.
2025-06-22 13:38:59,891 - WARNING - Params [module.irn.operations.11.G.conv5.bias] will not optimize.
25-06-22 13:38:59.891 - WARNING: Params [module.irn.operations.11.NG.beta] will not optimize.
2025-06-22 13:38:59,891 - WARNING - Params [module.irn.operations.11.NG.beta] will not optimize.
25-06-22 13:38:59.891 - WARNING: Params [module.irn.operations.11.NG.gamma] will not optimize.
2025-06-22 13:38:59,891 - WARNING - Params [module.irn.operations.11.NG.gamma] will not optimize.
25-06-22 13:38:59.891 - WARNING: Params [module.irn.operations.11.NG.conv1.weight] will not optimize.
2025-06-22 13:38:59,891 - WARNING - Params [module.irn.operations.11.NG.conv1.weight] will not optimize.
25-06-22 13:38:59.891 - WARNING: Params [module.irn.operations.11.NG.conv1.bias] will not optimize.
2025-06-22 13:38:59,891 - WARNING - Params [module.irn.operations.11.NG.conv1.bias] will not optimize.
25-06-22 13:38:59.891 - WARNING: Params [module.irn.operations.11.NG.conv2.weight] will not optimize.
2025-06-22 13:38:59,891 - WARNING - Params [module.irn.operations.11.NG.conv2.weight] will not optimize.
25-06-22 13:38:59.891 - WARNING: Params [module.irn.operations.11.NG.conv2.bias] will not optimize.
2025-06-22 13:38:59,891 - WARNING - Params [module.irn.operations.11.NG.conv2.bias] will not optimize.
25-06-22 13:38:59.891 - WARNING: Params [module.irn.operations.11.NG.conv3.weight] will not optimize.
2025-06-22 13:38:59,891 - WARNING - Params [module.irn.operations.11.NG.conv3.weight] will not optimize.
25-06-22 13:38:59.891 - WARNING: Params [module.irn.operations.11.NG.conv3.bias] will not optimize.
2025-06-22 13:38:59,891 - WARNING - Params [module.irn.operations.11.NG.conv3.bias] will not optimize.
25-06-22 13:38:59.891 - WARNING: Params [module.irn.operations.11.NG.sca.1.weight] will not optimize.
2025-06-22 13:38:59,891 - WARNING - Params [module.irn.operations.11.NG.sca.1.weight] will not optimize.
25-06-22 13:38:59.891 - WARNING: Params [module.irn.operations.11.NG.sca.1.bias] will not optimize.
2025-06-22 13:38:59,891 - WARNING - Params [module.irn.operations.11.NG.sca.1.bias] will not optimize.
25-06-22 13:38:59.891 - WARNING: Params [module.irn.operations.11.NG.conv4.weight] will not optimize.
2025-06-22 13:38:59,891 - WARNING - Params [module.irn.operations.11.NG.conv4.weight] will not optimize.
25-06-22 13:38:59.891 - WARNING: Params [module.irn.operations.11.NG.conv4.bias] will not optimize.
2025-06-22 13:38:59,891 - WARNING - Params [module.irn.operations.11.NG.conv4.bias] will not optimize.
25-06-22 13:38:59.891 - WARNING: Params [module.irn.operations.11.NG.conv5.weight] will not optimize.
2025-06-22 13:38:59,891 - WARNING - Params [module.irn.operations.11.NG.conv5.weight] will not optimize.
25-06-22 13:38:59.891 - WARNING: Params [module.irn.operations.11.NG.conv5.bias] will not optimize.
2025-06-22 13:38:59,891 - WARNING - Params [module.irn.operations.11.NG.conv5.bias] will not optimize.
25-06-22 13:38:59.892 - WARNING: Params [module.irn.operations.11.NG.norm1.weight] will not optimize.
2025-06-22 13:38:59,892 - WARNING - Params [module.irn.operations.11.NG.norm1.weight] will not optimize.
25-06-22 13:38:59.892 - WARNING: Params [module.irn.operations.11.NG.norm1.bias] will not optimize.
2025-06-22 13:38:59,892 - WARNING - Params [module.irn.operations.11.NG.norm1.bias] will not optimize.
25-06-22 13:38:59.892 - WARNING: Params [module.irn.operations.11.NG.norm2.weight] will not optimize.
2025-06-22 13:38:59,892 - WARNING - Params [module.irn.operations.11.NG.norm2.weight] will not optimize.
25-06-22 13:38:59.892 - WARNING: Params [module.irn.operations.11.NG.norm2.bias] will not optimize.
2025-06-22 13:38:59,892 - WARNING - Params [module.irn.operations.11.NG.norm2.bias] will not optimize.
25-06-22 13:38:59.892 - WARNING: Params [module.irn.operations.11.H.conv1.weight] will not optimize.
2025-06-22 13:38:59,892 - WARNING - Params [module.irn.operations.11.H.conv1.weight] will not optimize.
25-06-22 13:38:59.892 - WARNING: Params [module.irn.operations.11.H.conv1.bias] will not optimize.
2025-06-22 13:38:59,892 - WARNING - Params [module.irn.operations.11.H.conv1.bias] will not optimize.
25-06-22 13:38:59.892 - WARNING: Params [module.irn.operations.11.H.conv2.weight] will not optimize.
2025-06-22 13:38:59,892 - WARNING - Params [module.irn.operations.11.H.conv2.weight] will not optimize.
25-06-22 13:38:59.892 - WARNING: Params [module.irn.operations.11.H.conv2.bias] will not optimize.
2025-06-22 13:38:59,892 - WARNING - Params [module.irn.operations.11.H.conv2.bias] will not optimize.
25-06-22 13:38:59.892 - WARNING: Params [module.irn.operations.11.H.conv3.weight] will not optimize.
2025-06-22 13:38:59,892 - WARNING - Params [module.irn.operations.11.H.conv3.weight] will not optimize.
25-06-22 13:38:59.892 - WARNING: Params [module.irn.operations.11.H.conv3.bias] will not optimize.
2025-06-22 13:38:59,892 - WARNING - Params [module.irn.operations.11.H.conv3.bias] will not optimize.
25-06-22 13:38:59.892 - WARNING: Params [module.irn.operations.11.H.conv4.weight] will not optimize.
2025-06-22 13:38:59,892 - WARNING - Params [module.irn.operations.11.H.conv4.weight] will not optimize.
25-06-22 13:38:59.892 - WARNING: Params [module.irn.operations.11.H.conv4.bias] will not optimize.
2025-06-22 13:38:59,892 - WARNING - Params [module.irn.operations.11.H.conv4.bias] will not optimize.
25-06-22 13:38:59.892 - WARNING: Params [module.irn.operations.11.H.conv5.weight] will not optimize.
2025-06-22 13:38:59,892 - WARNING - Params [module.irn.operations.11.H.conv5.weight] will not optimize.
25-06-22 13:38:59.892 - WARNING: Params [module.irn.operations.11.H.conv5.bias] will not optimize.
2025-06-22 13:38:59,892 - WARNING - Params [module.irn.operations.11.H.conv5.bias] will not optimize.
25-06-22 13:38:59.892 - WARNING: Params [module.irn.operations.11.NH.beta] will not optimize.
2025-06-22 13:38:59,892 - WARNING - Params [module.irn.operations.11.NH.beta] will not optimize.
25-06-22 13:38:59.892 - WARNING: Params [module.irn.operations.11.NH.gamma] will not optimize.
2025-06-22 13:38:59,892 - WARNING - Params [module.irn.operations.11.NH.gamma] will not optimize.
25-06-22 13:38:59.892 - WARNING: Params [module.irn.operations.11.NH.conv1.weight] will not optimize.
2025-06-22 13:38:59,892 - WARNING - Params [module.irn.operations.11.NH.conv1.weight] will not optimize.
25-06-22 13:38:59.892 - WARNING: Params [module.irn.operations.11.NH.conv1.bias] will not optimize.
2025-06-22 13:38:59,892 - WARNING - Params [module.irn.operations.11.NH.conv1.bias] will not optimize.
25-06-22 13:38:59.893 - WARNING: Params [module.irn.operations.11.NH.conv2.weight] will not optimize.
2025-06-22 13:38:59,893 - WARNING - Params [module.irn.operations.11.NH.conv2.weight] will not optimize.
25-06-22 13:38:59.893 - WARNING: Params [module.irn.operations.11.NH.conv2.bias] will not optimize.
2025-06-22 13:38:59,893 - WARNING - Params [module.irn.operations.11.NH.conv2.bias] will not optimize.
25-06-22 13:38:59.893 - WARNING: Params [module.irn.operations.11.NH.conv3.weight] will not optimize.
2025-06-22 13:38:59,893 - WARNING - Params [module.irn.operations.11.NH.conv3.weight] will not optimize.
25-06-22 13:38:59.893 - WARNING: Params [module.irn.operations.11.NH.conv3.bias] will not optimize.
2025-06-22 13:38:59,893 - WARNING - Params [module.irn.operations.11.NH.conv3.bias] will not optimize.
25-06-22 13:38:59.893 - WARNING: Params [module.irn.operations.11.NH.sca.1.weight] will not optimize.
2025-06-22 13:38:59,893 - WARNING - Params [module.irn.operations.11.NH.sca.1.weight] will not optimize.
25-06-22 13:38:59.893 - WARNING: Params [module.irn.operations.11.NH.sca.1.bias] will not optimize.
2025-06-22 13:38:59,893 - WARNING - Params [module.irn.operations.11.NH.sca.1.bias] will not optimize.
25-06-22 13:38:59.893 - WARNING: Params [module.irn.operations.11.NH.conv4.weight] will not optimize.
2025-06-22 13:38:59,893 - WARNING - Params [module.irn.operations.11.NH.conv4.weight] will not optimize.
25-06-22 13:38:59.893 - WARNING: Params [module.irn.operations.11.NH.conv4.bias] will not optimize.
2025-06-22 13:38:59,893 - WARNING - Params [module.irn.operations.11.NH.conv4.bias] will not optimize.
25-06-22 13:38:59.893 - WARNING: Params [module.irn.operations.11.NH.conv5.weight] will not optimize.
2025-06-22 13:38:59,893 - WARNING - Params [module.irn.operations.11.NH.conv5.weight] will not optimize.
25-06-22 13:38:59.893 - WARNING: Params [module.irn.operations.11.NH.conv5.bias] will not optimize.
2025-06-22 13:38:59,893 - WARNING - Params [module.irn.operations.11.NH.conv5.bias] will not optimize.
25-06-22 13:38:59.893 - WARNING: Params [module.irn.operations.11.NH.norm1.weight] will not optimize.
2025-06-22 13:38:59,893 - WARNING - Params [module.irn.operations.11.NH.norm1.weight] will not optimize.
25-06-22 13:38:59.893 - WARNING: Params [module.irn.operations.11.NH.norm1.bias] will not optimize.
2025-06-22 13:38:59,893 - WARNING - Params [module.irn.operations.11.NH.norm1.bias] will not optimize.
25-06-22 13:38:59.893 - WARNING: Params [module.irn.operations.11.NH.norm2.weight] will not optimize.
2025-06-22 13:38:59,893 - WARNING - Params [module.irn.operations.11.NH.norm2.weight] will not optimize.
25-06-22 13:38:59.893 - WARNING: Params [module.irn.operations.11.NH.norm2.bias] will not optimize.
2025-06-22 13:38:59,893 - WARNING - Params [module.irn.operations.11.NH.norm2.bias] will not optimize.
25-06-22 13:38:59.893 - WARNING: Params [module.pm.conv_in.weight] will not optimize.
2025-06-22 13:38:59,893 - WARNING - Params [module.pm.conv_in.weight] will not optimize.
25-06-22 13:38:59.893 - WARNING: Params [module.pm.conv_in.bias] will not optimize.
2025-06-22 13:38:59,893 - WARNING - Params [module.pm.conv_in.bias] will not optimize.
25-06-22 13:38:59.893 - WARNING: Params [module.pm.res_block.0.conv1.weight] will not optimize.
2025-06-22 13:38:59,893 - WARNING - Params [module.pm.res_block.0.conv1.weight] will not optimize.
25-06-22 13:38:59.893 - WARNING: Params [module.pm.res_block.0.conv1.bias] will not optimize.
2025-06-22 13:38:59,893 - WARNING - Params [module.pm.res_block.0.conv1.bias] will not optimize.
25-06-22 13:38:59.894 - WARNING: Params [module.pm.res_block.0.conv2.weight] will not optimize.
2025-06-22 13:38:59,894 - WARNING - Params [module.pm.res_block.0.conv2.weight] will not optimize.
25-06-22 13:38:59.894 - WARNING: Params [module.pm.res_block.0.conv2.bias] will not optimize.
2025-06-22 13:38:59,894 - WARNING - Params [module.pm.res_block.0.conv2.bias] will not optimize.
25-06-22 13:38:59.894 - WARNING: Params [module.pm.res_block.1.conv1.weight] will not optimize.
2025-06-22 13:38:59,894 - WARNING - Params [module.pm.res_block.1.conv1.weight] will not optimize.
25-06-22 13:38:59.894 - WARNING: Params [module.pm.res_block.1.conv1.bias] will not optimize.
2025-06-22 13:38:59,894 - WARNING - Params [module.pm.res_block.1.conv1.bias] will not optimize.
25-06-22 13:38:59.894 - WARNING: Params [module.pm.res_block.1.conv2.weight] will not optimize.
2025-06-22 13:38:59,894 - WARNING - Params [module.pm.res_block.1.conv2.weight] will not optimize.
25-06-22 13:38:59.894 - WARNING: Params [module.pm.res_block.1.conv2.bias] will not optimize.
2025-06-22 13:38:59,894 - WARNING - Params [module.pm.res_block.1.conv2.bias] will not optimize.
25-06-22 13:38:59.894 - WARNING: Params [module.pm.res_block.2.conv1.weight] will not optimize.
2025-06-22 13:38:59,894 - WARNING - Params [module.pm.res_block.2.conv1.weight] will not optimize.
25-06-22 13:38:59.894 - WARNING: Params [module.pm.res_block.2.conv1.bias] will not optimize.
2025-06-22 13:38:59,894 - WARNING - Params [module.pm.res_block.2.conv1.bias] will not optimize.
25-06-22 13:38:59.894 - WARNING: Params [module.pm.res_block.2.conv2.weight] will not optimize.
2025-06-22 13:38:59,894 - WARNING - Params [module.pm.res_block.2.conv2.weight] will not optimize.
25-06-22 13:38:59.894 - WARNING: Params [module.pm.res_block.2.conv2.bias] will not optimize.
2025-06-22 13:38:59,894 - WARNING - Params [module.pm.res_block.2.conv2.bias] will not optimize.
25-06-22 13:38:59.894 - WARNING: Params [module.pm.res_block.3.conv1.weight] will not optimize.
2025-06-22 13:38:59,894 - WARNING - Params [module.pm.res_block.3.conv1.weight] will not optimize.
25-06-22 13:38:59.894 - WARNING: Params [module.pm.res_block.3.conv1.bias] will not optimize.
2025-06-22 13:38:59,894 - WARNING - Params [module.pm.res_block.3.conv1.bias] will not optimize.
25-06-22 13:38:59.894 - WARNING: Params [module.pm.res_block.3.conv2.weight] will not optimize.
2025-06-22 13:38:59,894 - WARNING - Params [module.pm.res_block.3.conv2.weight] will not optimize.
25-06-22 13:38:59.894 - WARNING: Params [module.pm.res_block.3.conv2.bias] will not optimize.
2025-06-22 13:38:59,894 - WARNING - Params [module.pm.res_block.3.conv2.bias] will not optimize.
25-06-22 13:38:59.894 - WARNING: Params [module.pm.res_block.4.conv1.weight] will not optimize.
2025-06-22 13:38:59,894 - WARNING - Params [module.pm.res_block.4.conv1.weight] will not optimize.
25-06-22 13:38:59.894 - WARNING: Params [module.pm.res_block.4.conv1.bias] will not optimize.
2025-06-22 13:38:59,894 - WARNING - Params [module.pm.res_block.4.conv1.bias] will not optimize.
25-06-22 13:38:59.894 - WARNING: Params [module.pm.res_block.4.conv2.weight] will not optimize.
2025-06-22 13:38:59,894 - WARNING - Params [module.pm.res_block.4.conv2.weight] will not optimize.
25-06-22 13:38:59.894 - WARNING: Params [module.pm.res_block.4.conv2.bias] will not optimize.
2025-06-22 13:38:59,894 - WARNING - Params [module.pm.res_block.4.conv2.bias] will not optimize.
25-06-22 13:38:59.895 - WARNING: Params [module.pm.res_block.5.conv1.weight] will not optimize.
2025-06-22 13:38:59,895 - WARNING - Params [module.pm.res_block.5.conv1.weight] will not optimize.
25-06-22 13:38:59.895 - WARNING: Params [module.pm.res_block.5.conv1.bias] will not optimize.
2025-06-22 13:38:59,895 - WARNING - Params [module.pm.res_block.5.conv1.bias] will not optimize.
25-06-22 13:38:59.895 - WARNING: Params [module.pm.res_block.5.conv2.weight] will not optimize.
2025-06-22 13:38:59,895 - WARNING - Params [module.pm.res_block.5.conv2.weight] will not optimize.
25-06-22 13:38:59.895 - WARNING: Params [module.pm.res_block.5.conv2.bias] will not optimize.
2025-06-22 13:38:59,895 - WARNING - Params [module.pm.res_block.5.conv2.bias] will not optimize.
25-06-22 13:38:59.895 - WARNING: Params [module.pm.res_block.6.conv1.weight] will not optimize.
2025-06-22 13:38:59,895 - WARNING - Params [module.pm.res_block.6.conv1.weight] will not optimize.
25-06-22 13:38:59.895 - WARNING: Params [module.pm.res_block.6.conv1.bias] will not optimize.
2025-06-22 13:38:59,895 - WARNING - Params [module.pm.res_block.6.conv1.bias] will not optimize.
25-06-22 13:38:59.895 - WARNING: Params [module.pm.res_block.6.conv2.weight] will not optimize.
2025-06-22 13:38:59,895 - WARNING - Params [module.pm.res_block.6.conv2.weight] will not optimize.
25-06-22 13:38:59.895 - WARNING: Params [module.pm.res_block.6.conv2.bias] will not optimize.
2025-06-22 13:38:59,895 - WARNING - Params [module.pm.res_block.6.conv2.bias] will not optimize.
25-06-22 13:38:59.895 - WARNING: Params [module.pm.res_block.7.conv1.weight] will not optimize.
2025-06-22 13:38:59,895 - WARNING - Params [module.pm.res_block.7.conv1.weight] will not optimize.
25-06-22 13:38:59.895 - WARNING: Params [module.pm.res_block.7.conv1.bias] will not optimize.
2025-06-22 13:38:59,895 - WARNING - Params [module.pm.res_block.7.conv1.bias] will not optimize.
25-06-22 13:38:59.895 - WARNING: Params [module.pm.res_block.7.conv2.weight] will not optimize.
2025-06-22 13:38:59,895 - WARNING - Params [module.pm.res_block.7.conv2.weight] will not optimize.
25-06-22 13:38:59.895 - WARNING: Params [module.pm.res_block.7.conv2.bias] will not optimize.
2025-06-22 13:38:59,895 - WARNING - Params [module.pm.res_block.7.conv2.bias] will not optimize.
25-06-22 13:38:59.895 - WARNING: Params [module.pm.transformer_block.0.norm1.body.weight] will not optimize.
2025-06-22 13:38:59,895 - WARNING - Params [module.pm.transformer_block.0.norm1.body.weight] will not optimize.
25-06-22 13:38:59.895 - WARNING: Params [module.pm.transformer_block.0.norm1.body.bias] will not optimize.
2025-06-22 13:38:59,895 - WARNING - Params [module.pm.transformer_block.0.norm1.body.bias] will not optimize.
25-06-22 13:38:59.895 - WARNING: Params [module.pm.transformer_block.0.attn.temperature] will not optimize.
2025-06-22 13:38:59,895 - WARNING - Params [module.pm.transformer_block.0.attn.temperature] will not optimize.
25-06-22 13:38:59.895 - WARNING: Params [module.pm.transformer_block.0.attn.qkv.weight] will not optimize.
2025-06-22 13:38:59,895 - WARNING - Params [module.pm.transformer_block.0.attn.qkv.weight] will not optimize.
25-06-22 13:38:59.895 - WARNING: Params [module.pm.transformer_block.0.attn.qkv_dwconv.weight] will not optimize.
2025-06-22 13:38:59,895 - WARNING - Params [module.pm.transformer_block.0.attn.qkv_dwconv.weight] will not optimize.
25-06-22 13:38:59.895 - WARNING: Params [module.pm.transformer_block.0.attn.project_out.weight] will not optimize.
2025-06-22 13:38:59,895 - WARNING - Params [module.pm.transformer_block.0.attn.project_out.weight] will not optimize.
25-06-22 13:38:59.895 - WARNING: Params [module.pm.transformer_block.0.norm2.body.weight] will not optimize.
2025-06-22 13:38:59,895 - WARNING - Params [module.pm.transformer_block.0.norm2.body.weight] will not optimize.
25-06-22 13:38:59.896 - WARNING: Params [module.pm.transformer_block.0.norm2.body.bias] will not optimize.
2025-06-22 13:38:59,896 - WARNING - Params [module.pm.transformer_block.0.norm2.body.bias] will not optimize.
25-06-22 13:38:59.896 - WARNING: Params [module.pm.transformer_block.0.ffn.project_in.weight] will not optimize.
2025-06-22 13:38:59,896 - WARNING - Params [module.pm.transformer_block.0.ffn.project_in.weight] will not optimize.
25-06-22 13:38:59.896 - WARNING: Params [module.pm.transformer_block.0.ffn.dwconv.weight] will not optimize.
2025-06-22 13:38:59,896 - WARNING - Params [module.pm.transformer_block.0.ffn.dwconv.weight] will not optimize.
25-06-22 13:38:59.896 - WARNING: Params [module.pm.transformer_block.0.ffn.project_out.weight] will not optimize.
2025-06-22 13:38:59,896 - WARNING - Params [module.pm.transformer_block.0.ffn.project_out.weight] will not optimize.
25-06-22 13:38:59.896 - WARNING: Params [module.pm.transformer_block.1.norm1.body.weight] will not optimize.
2025-06-22 13:38:59,896 - WARNING - Params [module.pm.transformer_block.1.norm1.body.weight] will not optimize.
25-06-22 13:38:59.896 - WARNING: Params [module.pm.transformer_block.1.norm1.body.bias] will not optimize.
2025-06-22 13:38:59,896 - WARNING - Params [module.pm.transformer_block.1.norm1.body.bias] will not optimize.
25-06-22 13:38:59.896 - WARNING: Params [module.pm.transformer_block.1.attn.temperature] will not optimize.
2025-06-22 13:38:59,896 - WARNING - Params [module.pm.transformer_block.1.attn.temperature] will not optimize.
25-06-22 13:38:59.896 - WARNING: Params [module.pm.transformer_block.1.attn.qkv.weight] will not optimize.
2025-06-22 13:38:59,896 - WARNING - Params [module.pm.transformer_block.1.attn.qkv.weight] will not optimize.
25-06-22 13:38:59.896 - WARNING: Params [module.pm.transformer_block.1.attn.qkv_dwconv.weight] will not optimize.
2025-06-22 13:38:59,896 - WARNING - Params [module.pm.transformer_block.1.attn.qkv_dwconv.weight] will not optimize.
25-06-22 13:38:59.896 - WARNING: Params [module.pm.transformer_block.1.attn.project_out.weight] will not optimize.
2025-06-22 13:38:59,896 - WARNING - Params [module.pm.transformer_block.1.attn.project_out.weight] will not optimize.
25-06-22 13:38:59.896 - WARNING: Params [module.pm.transformer_block.1.norm2.body.weight] will not optimize.
2025-06-22 13:38:59,896 - WARNING - Params [module.pm.transformer_block.1.norm2.body.weight] will not optimize.
25-06-22 13:38:59.896 - WARNING: Params [module.pm.transformer_block.1.norm2.body.bias] will not optimize.
2025-06-22 13:38:59,896 - WARNING - Params [module.pm.transformer_block.1.norm2.body.bias] will not optimize.
25-06-22 13:38:59.896 - WARNING: Params [module.pm.transformer_block.1.ffn.project_in.weight] will not optimize.
2025-06-22 13:38:59,896 - WARNING - Params [module.pm.transformer_block.1.ffn.project_in.weight] will not optimize.
25-06-22 13:38:59.896 - WARNING: Params [module.pm.transformer_block.1.ffn.dwconv.weight] will not optimize.
2025-06-22 13:38:59,896 - WARNING - Params [module.pm.transformer_block.1.ffn.dwconv.weight] will not optimize.
25-06-22 13:38:59.896 - WARNING: Params [module.pm.transformer_block.1.ffn.project_out.weight] will not optimize.
2025-06-22 13:38:59,896 - WARNING - Params [module.pm.transformer_block.1.ffn.project_out.weight] will not optimize.
25-06-22 13:38:59.896 - WARNING: Params [module.pm.transformer_block.2.norm1.body.weight] will not optimize.
2025-06-22 13:38:59,896 - WARNING - Params [module.pm.transformer_block.2.norm1.body.weight] will not optimize.
25-06-22 13:38:59.896 - WARNING: Params [module.pm.transformer_block.2.norm1.body.bias] will not optimize.
2025-06-22 13:38:59,896 - WARNING - Params [module.pm.transformer_block.2.norm1.body.bias] will not optimize.
25-06-22 13:38:59.896 - WARNING: Params [module.pm.transformer_block.2.attn.temperature] will not optimize.
2025-06-22 13:38:59,896 - WARNING - Params [module.pm.transformer_block.2.attn.temperature] will not optimize.
25-06-22 13:38:59.897 - WARNING: Params [module.pm.transformer_block.2.attn.qkv.weight] will not optimize.
2025-06-22 13:38:59,897 - WARNING - Params [module.pm.transformer_block.2.attn.qkv.weight] will not optimize.
25-06-22 13:38:59.897 - WARNING: Params [module.pm.transformer_block.2.attn.qkv_dwconv.weight] will not optimize.
2025-06-22 13:38:59,897 - WARNING - Params [module.pm.transformer_block.2.attn.qkv_dwconv.weight] will not optimize.
25-06-22 13:38:59.897 - WARNING: Params [module.pm.transformer_block.2.attn.project_out.weight] will not optimize.
2025-06-22 13:38:59,897 - WARNING - Params [module.pm.transformer_block.2.attn.project_out.weight] will not optimize.
25-06-22 13:38:59.897 - WARNING: Params [module.pm.transformer_block.2.norm2.body.weight] will not optimize.
2025-06-22 13:38:59,897 - WARNING - Params [module.pm.transformer_block.2.norm2.body.weight] will not optimize.
25-06-22 13:38:59.897 - WARNING: Params [module.pm.transformer_block.2.norm2.body.bias] will not optimize.
2025-06-22 13:38:59,897 - WARNING - Params [module.pm.transformer_block.2.norm2.body.bias] will not optimize.
25-06-22 13:38:59.897 - WARNING: Params [module.pm.transformer_block.2.ffn.project_in.weight] will not optimize.
2025-06-22 13:38:59,897 - WARNING - Params [module.pm.transformer_block.2.ffn.project_in.weight] will not optimize.
25-06-22 13:38:59.897 - WARNING: Params [module.pm.transformer_block.2.ffn.dwconv.weight] will not optimize.
2025-06-22 13:38:59,897 - WARNING - Params [module.pm.transformer_block.2.ffn.dwconv.weight] will not optimize.
25-06-22 13:38:59.897 - WARNING: Params [module.pm.transformer_block.2.ffn.project_out.weight] will not optimize.
2025-06-22 13:38:59,897 - WARNING - Params [module.pm.transformer_block.2.ffn.project_out.weight] will not optimize.
25-06-22 13:38:59.897 - WARNING: Params [module.pm.transformer_block.3.norm1.body.weight] will not optimize.
2025-06-22 13:38:59,897 - WARNING - Params [module.pm.transformer_block.3.norm1.body.weight] will not optimize.
25-06-22 13:38:59.897 - WARNING: Params [module.pm.transformer_block.3.norm1.body.bias] will not optimize.
2025-06-22 13:38:59,897 - WARNING - Params [module.pm.transformer_block.3.norm1.body.bias] will not optimize.
25-06-22 13:38:59.897 - WARNING: Params [module.pm.transformer_block.3.attn.temperature] will not optimize.
2025-06-22 13:38:59,897 - WARNING - Params [module.pm.transformer_block.3.attn.temperature] will not optimize.
25-06-22 13:38:59.897 - WARNING: Params [module.pm.transformer_block.3.attn.qkv.weight] will not optimize.
2025-06-22 13:38:59,897 - WARNING - Params [module.pm.transformer_block.3.attn.qkv.weight] will not optimize.
25-06-22 13:38:59.897 - WARNING: Params [module.pm.transformer_block.3.attn.qkv_dwconv.weight] will not optimize.
2025-06-22 13:38:59,897 - WARNING - Params [module.pm.transformer_block.3.attn.qkv_dwconv.weight] will not optimize.
25-06-22 13:38:59.897 - WARNING: Params [module.pm.transformer_block.3.attn.project_out.weight] will not optimize.
2025-06-22 13:38:59,897 - WARNING - Params [module.pm.transformer_block.3.attn.project_out.weight] will not optimize.
25-06-22 13:38:59.897 - WARNING: Params [module.pm.transformer_block.3.norm2.body.weight] will not optimize.
2025-06-22 13:38:59,897 - WARNING - Params [module.pm.transformer_block.3.norm2.body.weight] will not optimize.
25-06-22 13:38:59.897 - WARNING: Params [module.pm.transformer_block.3.norm2.body.bias] will not optimize.
2025-06-22 13:38:59,897 - WARNING - Params [module.pm.transformer_block.3.norm2.body.bias] will not optimize.
25-06-22 13:38:59.897 - WARNING: Params [module.pm.transformer_block.3.ffn.project_in.weight] will not optimize.
2025-06-22 13:38:59,897 - WARNING - Params [module.pm.transformer_block.3.ffn.project_in.weight] will not optimize.
25-06-22 13:38:59.898 - WARNING: Params [module.pm.transformer_block.3.ffn.dwconv.weight] will not optimize.
2025-06-22 13:38:59,898 - WARNING - Params [module.pm.transformer_block.3.ffn.dwconv.weight] will not optimize.
25-06-22 13:38:59.898 - WARNING: Params [module.pm.transformer_block.3.ffn.project_out.weight] will not optimize.
2025-06-22 13:38:59,898 - WARNING - Params [module.pm.transformer_block.3.ffn.project_out.weight] will not optimize.
25-06-22 13:38:59.898 - WARNING: Params [module.pm.prompt.prompt_param] will not optimize.
2025-06-22 13:38:59,898 - WARNING - Params [module.pm.prompt.prompt_param] will not optimize.
25-06-22 13:38:59.898 - WARNING: Params [module.pm.prompt.linear_layer.weight] will not optimize.
2025-06-22 13:38:59,898 - WARNING - Params [module.pm.prompt.linear_layer.weight] will not optimize.
25-06-22 13:38:59.898 - WARNING: Params [module.pm.prompt.linear_layer.bias] will not optimize.
2025-06-22 13:38:59,898 - WARNING - Params [module.pm.prompt.linear_layer.bias] will not optimize.
25-06-22 13:38:59.898 - WARNING: Params [module.pm.prompt.conv3x3.weight] will not optimize.
2025-06-22 13:38:59,898 - WARNING - Params [module.pm.prompt.conv3x3.weight] will not optimize.
25-06-22 13:38:59.898 - WARNING: Params [module.pm.fuse.weight] will not optimize.
2025-06-22 13:38:59,898 - WARNING - Params [module.pm.fuse.weight] will not optimize.
25-06-22 13:38:59.898 - WARNING: Params [module.pm.fuse.bias] will not optimize.
2025-06-22 13:38:59,898 - WARNING - Params [module.pm.fuse.bias] will not optimize.
25-06-22 13:38:59.898 - INFO: Model [Model_VSN] is created.
2025-06-22 13:38:59,898 - INFO - Model [Model_VSN] is created.
25-06-22 13:38:59.898 - INFO: Resuming training from epoch: 5, iter: 75000.
2025-06-22 13:38:59,898 - INFO - Resuming training from epoch: 5, iter: 75000.
25-06-22 13:38:59.900 - INFO: Start training from epoch: 5, iter: 75000
2025-06-22 13:38:59,900 - INFO - Start training from epoch: 5, iter: 75000
========== Epoch: 5 ==========
25-06-22 13:39:25.309 - INFO: <epoch:  5, iter:  75,100, lr:5.000e-05> l_forw_fit: 2.2216e+01 l_msg: 0.0000e+00 
2025-06-22 13:39:25,309 - INFO - <epoch:  5, iter:  75,100, lr:5.000e-05> l_forw_fit: 2.2216e+01 l_msg: 0.0000e+00 
25-06-22 13:39:44.617 - INFO: <epoch:  5, iter:  75,200, lr:5.000e-05> l_forw_fit: 8.1988e+00 l_msg: 1.7909e-02 
2025-06-22 13:39:44,617 - INFO - <epoch:  5, iter:  75,200, lr:5.000e-05> l_forw_fit: 8.1988e+00 l_msg: 1.7909e-02 
25-06-22 13:40:04.656 - INFO: <epoch:  5, iter:  75,300, lr:5.000e-05> l_forw_fit: 1.3735e+01 l_msg: 8.1325e-03 
2025-06-22 13:40:04,656 - INFO - <epoch:  5, iter:  75,300, lr:5.000e-05> l_forw_fit: 1.3735e+01 l_msg: 8.1325e-03 
25-06-22 13:40:23.725 - INFO: <epoch:  5, iter:  75,400, lr:5.000e-05> l_forw_fit: 4.3048e+01 l_msg: 9.5085e-03 
2025-06-22 13:40:23,725 - INFO - <epoch:  5, iter:  75,400, lr:5.000e-05> l_forw_fit: 4.3048e+01 l_msg: 9.5085e-03 
25-06-22 13:40:43.209 - INFO: <epoch:  5, iter:  75,500, lr:5.000e-05> l_forw_fit: 1.8156e+01 l_msg: 4.5561e-02 
2025-06-22 13:40:43,209 - INFO - <epoch:  5, iter:  75,500, lr:5.000e-05> l_forw_fit: 1.8156e+01 l_msg: 4.5561e-02 
Embed time: 0.39 seconds
Extract time: 0.05 seconds
0.0
Embed time: 0.04 seconds
Extract time: 0.01 seconds
0.0
Embed time: 0.01 seconds
Extract time: 0.01 seconds
0.0
Embed time: 0.01 seconds
Extract time: 0.01 seconds
0.0
Embed time: 0.01 seconds
Extract time: 0.01 seconds
0.0
Embed time: 0.04 seconds
Extract time: 0.01 seconds
0.0
Embed time: 0.01 seconds
Extract time: 0.01 seconds
0.0
Embed time: 0.05 seconds
Extract time: 0.01 seconds
0.0
Embed time: 0.01 seconds
Extract time: 0.01 seconds
0.0
Embed time: 0.02 seconds
Extract time: 0.01 seconds
0.0
Embed time: 0.01 seconds
Extract time: 0.05 seconds
0.0
Embed time: 0.04 seconds
Extract time: 0.01 seconds
0.0
Embed time: 0.01 seconds
Extract time: 0.01 seconds
0.0
Embed time: 0.01 seconds
Extract time: 0.01 seconds
0.0
Embed time: 0.01 seconds
Extract time: 0.01 seconds
0.0
Embed time: 0.02 seconds
Extract time: 0.01 seconds
0.0
Embed time: 0.01 seconds
Extract time: 0.01 seconds
0.0
Embed time: 0.01 seconds
Extract time: 0.01 seconds
0.0
Embed time: 0.01 seconds
Extract time: 0.01 seconds
0.0
Embed time: 0.01 seconds
Extract time: 0.02 seconds
0.0
Embed time: 0.04 seconds
Extract time: 0.01 seconds
0.0
Embed time: 0.01 seconds
Extract time: 0.01 seconds
0.03125
Embed time: 0.01 seconds
Extract time: 0.01 seconds
0.0
Embed time: 0.01 seconds
Extract time: 0.01 seconds
0.0
Embed time: 0.01 seconds
Extract time: 0.01 seconds
0.0
Embed time: 0.01 seconds
Extract time: 0.01 seconds
0.0
Embed time: 0.01 seconds
Extract time: 0.04 seconds
0.0
Embed time: 0.01 seconds
Extract time: 0.01 seconds
0.0
Embed time: 0.05 seconds
Extract time: 0.01 seconds
0.0
Embed time: 0.01 seconds
Extract time: 0.01 seconds
0.0
Embed time: 0.06 seconds
Extract time: 0.01 seconds
0.046875
Embed time: 0.01 seconds
Extract time: 0.01 seconds
0.0
Embed time: 0.05 seconds
Extract time: 0.01 seconds
0.0
Embed time: 0.01 seconds
Extract time: 0.01 seconds
0.0
Embed time: 0.06 seconds
Extract time: 0.01 seconds
0.0
Embed time: 0.01 seconds
Extract time: 0.01 seconds
0.0
Embed time: 0.05 seconds
Extract time: 0.01 seconds
0.0
Embed time: 0.01 seconds
Extract time: 0.01 seconds
0.0
Embed time: 0.01 seconds
Extract time: 0.01 seconds
0.0
Embed time: 0.01 seconds
Extract time: 0.01 seconds
0.0
Embed time: 0.01 seconds
Extract time: 0.01 seconds
0.0
Embed time: 0.01 seconds
Extract time: 0.01 seconds
0.0
Embed time: 0.01 seconds
Extract time: 0.01 seconds
0.0
Embed time: 0.01 seconds
Extract time: 0.04 seconds
0.0
Embed time: 0.04 seconds
Extract time: 0.01 seconds
0.0
Embed time: 0.01 seconds
Extract time: 0.01 seconds
0.0
Embed time: 0.01 seconds
Extract time: 0.01 seconds
0.0
Embed time: 0.01 seconds
Extract time: 0.01 seconds
0.0
Embed time: 0.05 seconds
Extract time: 0.01 seconds
0.0
Embed time: 0.01 seconds
Extract time: 0.01 seconds
0.03125
Embed time: 0.01 seconds
Extract time: 0.01 seconds
0.0
Embed time: 0.01 seconds
Extract time: 0.01 seconds
0.0
Embed time: 0.01 seconds
Extract time: 0.01 seconds
0.0
Embed time: 0.01 seconds
Extract time: 0.01 seconds
0.0
Embed time: 0.01 seconds
Extract time: 0.01 seconds
0.0
Embed time: 0.02 seconds
Extract time: 0.01 seconds
0.0
Embed time: 0.01 seconds
Extract time: 0.01 seconds
0.0
Embed time: 0.05 seconds
Extract time: 0.01 seconds
0.0
Embed time: 0.01 seconds
Extract time: 0.01 seconds
0.0
Embed time: 0.01 seconds
Extract time: 0.01 seconds
0.0
Embed time: 0.02 seconds
Extract time: 0.01 seconds
0.0
Embed time: 0.01 seconds
Extract time: 0.01 seconds
0.0
Embed time: 0.03 seconds
Extract time: 0.01 seconds
0.0
Embed time: 0.01 seconds
Extract time: 0.01 seconds
0.0
Embed time: 0.06 seconds
Extract time: 0.01 seconds
0.0
Embed time: 0.01 seconds
Extract time: 0.01 seconds
0.0
Embed time: 0.01 seconds
Extract time: 0.01 seconds
0.0
Embed time: 0.01 seconds
Extract time: 0.01 seconds
0.0
Embed time: 0.01 seconds
Extract time: 0.01 seconds
0.0
Embed time: 0.02 seconds
Extract time: 0.01 seconds
0.0
Embed time: 0.01 seconds
Extract time: 0.04 seconds
0.0
Embed time: 0.02 seconds
Extract time: 0.01 seconds
0.0
Embed time: 0.01 seconds
Extract time: 0.01 seconds
0.0
Embed time: 0.05 seconds
Extract time: 0.01 seconds
0.0
Embed time: 0.01 seconds
Extract time: 0.01 seconds
0.0
Embed time: 0.01 seconds
Extract time: 0.01 seconds
0.0
Embed time: 0.01 seconds
Extract time: 0.01 seconds
0.0
Embed time: 0.01 seconds
Extract time: 0.01 seconds
0.0
Embed time: 0.01 seconds
Extract time: 0.01 seconds
0.0
Embed time: 0.01 seconds
Extract time: 0.01 seconds
0.015625
Embed time: 0.01 seconds
Extract time: 0.01 seconds
0.015625
Embed time: 0.01 seconds
Extract time: 0.01 seconds
0.0
Embed time: 0.01 seconds
Extract time: 0.01 seconds
0.015625
Embed time: 0.01 seconds
Extract time: 0.01 seconds
0.0
Embed time: 0.01 seconds
Extract time: 0.01 seconds
0.0
Embed time: 0.01 seconds
Extract time: 0.01 seconds
0.0
Embed time: 0.01 seconds
Extract time: 0.01 seconds
0.0
Embed time: 0.01 seconds
Extract time: 0.01 seconds
0.0
Embed time: 0.01 seconds
Extract time: 0.01 seconds
0.0
Embed time: 0.01 seconds
Extract time: 0.01 seconds
0.0
Embed time: 0.01 seconds
Extract time: 0.01 seconds
0.0
Embed time: 0.01 seconds
Extract time: 0.01 seconds
0.015625
Embed time: 0.01 seconds
Extract time: 0.01 seconds
0.0
Embed time: 0.01 seconds
Extract time: 0.01 seconds
0.0
Embed time: 0.01 seconds
Extract time: 0.01 seconds
0.0
Embed time: 0.01 seconds
Extract time: 0.01 seconds
0.0
Embed time: 0.02 seconds
Extract time: 0.01 seconds
0.0
Embed time: 0.01 seconds
Extract time: 0.01 seconds
0.0
Embed time: 0.01 seconds
Extract time: 0.01 seconds
0.0
Embed time: 0.02 seconds
Extract time: 0.01 seconds
0.0
25-06-22 13:40:58.284 - INFO: # Validation # PSNR_Stego: 3.8782e+01, Bit_acc:  1.7188e-03
2025-06-22 13:40:58,284 - INFO - # Validation # PSNR_Stego: 3.8782e+01, Bit_acc:  1.7188e-03
25-06-22 13:40:58.285 - INFO: <epoch:  5, iter:  75,500> PSNR_Stego: 3.8782e+01, Bit_acc:  1.7188e-03
2025-06-22 13:40:58,285 - INFO - <epoch:  5, iter:  75,500> PSNR_Stego: 3.8782e+01, Bit_acc:  1.7188e-03
25-06-22 13:41:17.958 - INFO: <epoch:  5, iter:  75,600, lr:5.000e-05> l_forw_fit: 7.6027e+01 l_msg: 0.0000e+00 
2025-06-22 13:41:17,958 - INFO - <epoch:  5, iter:  75,600, lr:5.000e-05> l_forw_fit: 7.6027e+01 l_msg: 0.0000e+00 
25-06-22 13:41:37.713 - INFO: <epoch:  5, iter:  75,700, lr:5.000e-05> l_forw_fit: 5.7717e+01 l_msg: 9.7251e-04 
2025-06-22 13:41:37,713 - INFO - <epoch:  5, iter:  75,700, lr:5.000e-05> l_forw_fit: 5.7717e+01 l_msg: 9.7251e-04 
25-06-22 13:41:57.350 - INFO: <epoch:  5, iter:  75,800, lr:5.000e-05> l_forw_fit: 1.3058e+01 l_msg: 0.0000e+00 
2025-06-22 13:41:57,350 - INFO - <epoch:  5, iter:  75,800, lr:5.000e-05> l_forw_fit: 1.3058e+01 l_msg: 0.0000e+00 
25-06-22 13:42:16.949 - INFO: <epoch:  5, iter:  75,900, lr:5.000e-05> l_forw_fit: 1.6992e+01 l_msg: 0.0000e+00 
2025-06-22 13:42:16,949 - INFO - <epoch:  5, iter:  75,900, lr:5.000e-05> l_forw_fit: 1.6992e+01 l_msg: 0.0000e+00 
25-06-22 13:42:35.981 - INFO: <epoch:  5, iter:  76,000, lr:5.000e-05> l_forw_fit: 1.2480e+01 l_msg: 0.0000e+00 
2025-06-22 13:42:35,981 - INFO - <epoch:  5, iter:  76,000, lr:5.000e-05> l_forw_fit: 1.2480e+01 l_msg: 0.0000e+00 
Embed time: 0.03 seconds
Extract time: 0.01 seconds
0.0
Embed time: 0.01 seconds
Extract time: 0.01 seconds
0.0
Embed time: 0.05 seconds
Extract time: 0.01 seconds
0.0
Embed time: 0.01 seconds
Extract time: 0.01 seconds
0.0
Embed time: 0.01 seconds
Extract time: 0.01 seconds
0.015625
Embed time: 0.01 seconds
Extract time: 0.01 seconds
0.0
Embed time: 0.01 seconds
Extract time: 0.01 seconds
0.0
Embed time: 0.01 seconds
Extract time: 0.01 seconds
0.0
Embed time: 0.01 seconds
Extract time: 0.01 seconds
0.0
Embed time: 0.01 seconds
Extract time: 0.01 seconds
0.0
Embed time: 0.01 seconds
Extract time: 0.01 seconds
0.03125
Embed time: 0.02 seconds
Extract time: 0.01 seconds
0.0
Embed time: 0.01 seconds
Extract time: 0.01 seconds
0.0
Embed time: 0.04 seconds
Extract time: 0.01 seconds
0.0
Embed time: 0.01 seconds
Extract time: 0.01 seconds
0.015625
Embed time: 0.01 seconds
Extract time: 0.01 seconds
0.0
Embed time: 0.01 seconds
Extract time: 0.01 seconds
0.0
Embed time: 0.05 seconds
Extract time: 0.01 seconds
0.03125
Embed time: 0.01 seconds
Extract time: 0.01 seconds
0.0
Embed time: 0.04 seconds
Extract time: 0.01 seconds
0.0
Embed time: 0.01 seconds
Extract time: 0.01 seconds
0.0
Embed time: 0.01 seconds
Extract time: 0.01 seconds
0.109375
Embed time: 0.01 seconds
Extract time: 0.01 seconds
0.0
Embed time: 0.03 seconds
Extract time: 0.01 seconds
0.0
Embed time: 0.01 seconds
Extract time: 0.01 seconds
0.0
Embed time: 0.02 seconds
Extract time: 0.01 seconds
0.0
Embed time: 0.01 seconds
Extract time: 0.01 seconds
0.0
Embed time: 0.05 seconds
Extract time: 0.01 seconds
0.0
Embed time: 0.01 seconds
Extract time: 0.01 seconds
0.015625
Embed time: 0.01 seconds
Extract time: 0.01 seconds
0.0
Embed time: 0.01 seconds
Extract time: 0.01 seconds
0.0
Embed time: 0.04 seconds
Extract time: 0.01 seconds
0.0
Embed time: 0.01 seconds
Extract time: 0.01 seconds
0.0
Embed time: 0.06 seconds
Extract time: 0.01 seconds
0.0
Embed time: 0.01 seconds
Extract time: 0.01 seconds
0.0
Embed time: 0.01 seconds
Extract time: 0.04 seconds
0.0
Embed time: 0.01 seconds
Extract time: 0.01 seconds
0.0
Embed time: 0.01 seconds
Extract time: 0.01 seconds
0.0
Embed time: 0.01 seconds
Extract time: 0.01 seconds
0.0
Embed time: 0.01 seconds
Extract time: 0.01 seconds
0.0
Embed time: 0.01 seconds
Extract time: 0.01 seconds
0.0
Embed time: 0.01 seconds
Extract time: 0.01 seconds
0.0
Embed time: 0.01 seconds
Extract time: 0.01 seconds
0.0625
Embed time: 0.01 seconds
Extract time: 0.01 seconds
0.09375
Embed time: 0.01 seconds
Extract time: 0.01 seconds
0.0
Embed time: 0.01 seconds
Extract time: 0.01 seconds
0.0
Embed time: 0.01 seconds
Extract time: 0.01 seconds
0.0
Embed time: 0.01 seconds
Extract time: 0.01 seconds
0.0
Embed time: 0.01 seconds
Extract time: 0.01 seconds
0.0
Embed time: 0.01 seconds
Extract time: 0.01 seconds
0.109375
Embed time: 0.01 seconds
Extract time: 0.01 seconds
0.0
Embed time: 0.01 seconds
Extract time: 0.01 seconds
0.0
Embed time: 0.05 seconds
Extract time: 0.01 seconds
0.0
Embed time: 0.01 seconds
Extract time: 0.01 seconds
0.0
Embed time: 0.01 seconds
Extract time: 0.01 seconds
0.0
Embed time: 0.01 seconds
Extract time: 0.01 seconds
0.0
Embed time: 0.04 seconds
Extract time: 0.01 seconds
0.0
Embed time: 0.01 seconds
Extract time: 0.01 seconds
0.0
Embed time: 0.05 seconds
Extract time: 0.01 seconds
0.0
Embed time: 0.01 seconds
Extract time: 0.01 seconds
0.0
Embed time: 0.05 seconds
Extract time: 0.01 seconds
0.0
Embed time: 0.01 seconds
Extract time: 0.01 seconds
0.0
Embed time: 0.01 seconds
Extract time: 0.01 seconds
0.0
Embed time: 0.01 seconds
Extract time: 0.01 seconds
0.0
Embed time: 0.04 seconds
Extract time: 0.01 seconds
0.0
Embed time: 0.01 seconds
Extract time: 0.01 seconds
0.0
Embed time: 0.05 seconds
Extract time: 0.01 seconds
0.0
Embed time: 0.01 seconds
Extract time: 0.01 seconds
0.0
Embed time: 0.05 seconds
Extract time: 0.01 seconds
0.0
Embed time: 0.01 seconds
Extract time: 0.01 seconds
0.0
Embed time: 0.01 seconds
Extract time: 0.01 seconds
0.0
Embed time: 0.01 seconds
Extract time: 0.01 seconds
0.0
Embed time: 0.05 seconds
Extract time: 0.01 seconds
0.0
Embed time: 0.01 seconds
Extract time: 0.01 seconds
0.0
Embed time: 0.05 seconds
Extract time: 0.01 seconds
0.0
Embed time: 0.01 seconds
Extract time: 0.01 seconds
0.0
Embed time: 0.05 seconds
Extract time: 0.01 seconds
0.0
Embed time: 0.01 seconds
Extract time: 0.02 seconds
0.0
Embed time: 0.04 seconds
Extract time: 0.01 seconds
0.0
Embed time: 0.02 seconds
Extract time: 0.01 seconds
0.0
Embed time: 0.01 seconds
Extract time: 0.05 seconds
0.0
Embed time: 0.01 seconds
Extract time: 0.01 seconds
0.0
Embed time: 0.01 seconds
Extract time: 0.01 seconds
0.0
Embed time: 0.01 seconds
Extract time: 0.01 seconds
0.0
Embed time: 0.01 seconds
Extract time: 0.01 seconds
0.0
Embed time: 0.01 seconds
Extract time: 0.01 seconds
0.0
Embed time: 0.01 seconds
Extract time: 0.04 seconds
0.0
Embed time: 0.01 seconds
Extract time: 0.01 seconds
0.0
Embed time: 0.01 seconds
Extract time: 0.01 seconds
0.0
Embed time: 0.01 seconds
Extract time: 0.01 seconds
0.0
Embed time: 0.01 seconds
Extract time: 0.01 seconds
0.015625
Embed time: 0.01 seconds
Extract time: 0.01 seconds
0.03125
Embed time: 0.01 seconds
Extract time: 0.01 seconds
0.0
Embed time: 0.01 seconds
Extract time: 0.01 seconds
0.015625
Embed time: 0.01 seconds
Extract time: 0.01 seconds
0.0
Embed time: 0.04 seconds
Extract time: 0.01 seconds
0.0
Embed time: 0.01 seconds
Extract time: 0.01 seconds
0.0
Embed time: 0.05 seconds
Extract time: 0.01 seconds
0.0
Embed time: 0.01 seconds
Extract time: 0.01 seconds
0.0
Embed time: 0.02 seconds
Extract time: 0.02 seconds
0.0
25-06-22 13:42:51.681 - INFO: # Validation # PSNR_Stego: 3.8534e+01, Bit_acc:  5.4687e-03
2025-06-22 13:42:51,681 - INFO - # Validation # PSNR_Stego: 3.8534e+01, Bit_acc:  5.4687e-03
25-06-22 13:42:51.682 - INFO: <epoch:  5, iter:  76,000> PSNR_Stego: 3.8534e+01, Bit_acc:  5.4687e-03
2025-06-22 13:42:51,682 - INFO - <epoch:  5, iter:  76,000> PSNR_Stego: 3.8534e+01, Bit_acc:  5.4687e-03
25-06-22 13:42:51.682 - INFO: Saving models and training states.
2025-06-22 13:42:51,682 - INFO - Saving models and training states.
Checkpoint save path: /workspace/EditGuard-V1/experiments/train_ibsn_bit_64/models/76000_G.pth

===== Checkpoint State Path: /workspace/EditGuard-V1/experiments/train_ibsn_bit_64/training_state/76000.state =====

25-06-22 13:43:11.482 - INFO: <epoch:  5, iter:  76,100, lr:5.000e-05> l_forw_fit: 1.0641e+01 l_msg: 3.5836e-03 
2025-06-22 13:43:11,482 - INFO - <epoch:  5, iter:  76,100, lr:5.000e-05> l_forw_fit: 1.0641e+01 l_msg: 3.5836e-03 
25-06-22 13:43:31.008 - INFO: <epoch:  5, iter:  76,200, lr:5.000e-05> l_forw_fit: 1.4317e+01 l_msg: 7.8125e-03 
2025-06-22 13:43:31,008 - INFO - <epoch:  5, iter:  76,200, lr:5.000e-05> l_forw_fit: 1.4317e+01 l_msg: 7.8125e-03 
25-06-22 13:43:50.518 - INFO: <epoch:  5, iter:  76,300, lr:5.000e-05> l_forw_fit: 9.9528e+00 l_msg: 4.3204e-03 
2025-06-22 13:43:50,518 - INFO - <epoch:  5, iter:  76,300, lr:5.000e-05> l_forw_fit: 9.9528e+00 l_msg: 4.3204e-03 
25-06-22 13:44:09.876 - INFO: <epoch:  5, iter:  76,400, lr:5.000e-05> l_forw_fit: 1.9401e+01 l_msg: 4.8616e-04 
2025-06-22 13:44:09,876 - INFO - <epoch:  5, iter:  76,400, lr:5.000e-05> l_forw_fit: 1.9401e+01 l_msg: 4.8616e-04 
25-06-22 13:44:29.370 - INFO: <epoch:  5, iter:  76,500, lr:5.000e-05> l_forw_fit: 1.5129e+01 l_msg: 1.2553e-02 
2025-06-22 13:44:29,370 - INFO - <epoch:  5, iter:  76,500, lr:5.000e-05> l_forw_fit: 1.5129e+01 l_msg: 1.2553e-02 
Embed time: 0.04 seconds
Extract time: 0.01 seconds
0.0
Embed time: 0.01 seconds
Extract time: 0.01 seconds
0.015625
Embed time: 0.01 seconds
Extract time: 0.01 seconds
0.0
Embed time: 0.01 seconds
Extract time: 0.05 seconds
0.0
Embed time: 0.01 seconds
Extract time: 0.01 seconds
0.0
Embed time: 0.01 seconds
Extract time: 0.03 seconds
0.0
Embed time: 0.01 seconds
Extract time: 0.01 seconds
0.0
Embed time: 0.05 seconds
Extract time: 0.01 seconds
0.0
Embed time: 0.01 seconds
Extract time: 0.01 seconds
0.0
Embed time: 0.04 seconds
Extract time: 0.01 seconds
0.0
Embed time: 0.01 seconds
Extract time: 0.01 seconds
0.0
Embed time: 0.05 seconds
Extract time: 0.01 seconds
0.0
Embed time: 0.01 seconds
Extract time: 0.01 seconds
0.0
Embed time: 0.05 seconds
Extract time: 0.01 seconds
0.0
Embed time: 0.01 seconds
Extract time: 0.01 seconds
0.0
Embed time: 0.01 seconds
Extract time: 0.01 seconds
0.0
Embed time: 0.04 seconds
Extract time: 0.01 seconds
0.0
Embed time: 0.01 seconds
Extract time: 0.01 seconds
0.0
Embed time: 0.01 seconds
Extract time: 0.01 seconds
0.0
Embed time: 0.01 seconds
Extract time: 0.01 seconds
0.0
Embed time: 0.01 seconds
Extract time: 0.01 seconds
0.0
Embed time: 0.01 seconds
Extract time: 0.01 seconds
0.046875
Embed time: 0.05 seconds
Extract time: 0.01 seconds
0.0
Embed time: 0.01 seconds
Extract time: 0.01 seconds
0.0
Embed time: 0.05 seconds
Extract time: 0.01 seconds
0.0
Embed time: 0.01 seconds
Extract time: 0.01 seconds
0.0
Embed time: 0.01 seconds
Extract time: 0.05 seconds
0.0
Embed time: 0.04 seconds
Extract time: 0.01 seconds
0.0
Embed time: 0.01 seconds
Extract time: 0.01 seconds
0.0
Embed time: 0.03 seconds
Extract time: 0.01 seconds
0.0
Embed time: 0.02 seconds
Extract time: 0.01 seconds
0.046875
Embed time: 0.01 seconds
Extract time: 0.01 seconds
0.0
Embed time: 0.01 seconds
Extract time: 0.01 seconds
0.0
Embed time: 0.01 seconds
Extract time: 0.01 seconds
0.0
Embed time: 0.01 seconds
Extract time: 0.01 seconds
0.0
Embed time: 0.05 seconds
Extract time: 0.01 seconds
0.0
Embed time: 0.01 seconds
Extract time: 0.01 seconds
0.0
Embed time: 0.04 seconds
Extract time: 0.01 seconds
0.0
Embed time: 0.01 seconds
Extract time: 0.01 seconds
0.0
Embed time: 0.06 seconds
Extract time: 0.01 seconds
0.0
Embed time: 0.01 seconds
Extract time: 0.01 seconds
0.0
Embed time: 0.01 seconds
Extract time: 0.01 seconds
0.0
Embed time: 0.01 seconds
Extract time: 0.01 seconds
0.0
Embed time: 0.01 seconds
Extract time: 0.01 seconds
0.015625
Embed time: 0.01 seconds
Extract time: 0.01 seconds
0.0
Embed time: 0.01 seconds
Extract time: 0.05 seconds
0.0
Embed time: 0.01 seconds
Extract time: 0.01 seconds
0.0
Embed time: 0.01 seconds
Extract time: 0.01 seconds
0.0
Embed time: 0.01 seconds
Extract time: 0.01 seconds
0.0
Embed time: 0.01 seconds
Extract time: 0.01 seconds
0.046875
Embed time: 0.02 seconds
Extract time: 0.01 seconds
0.0
Embed time: 0.01 seconds
Extract time: 0.01 seconds
0.0
Embed time: 0.02 seconds
Extract time: 0.01 seconds
0.0
Embed time: 0.01 seconds
Extract time: 0.01 seconds
0.0
Embed time: 0.01 seconds
Extract time: 0.01 seconds
0.078125
Embed time: 0.01 seconds
Extract time: 0.01 seconds
0.0
Embed time: 0.01 seconds
Extract time: 0.01 seconds
0.0
Embed time: 0.01 seconds
Extract time: 0.01 seconds
0.0
Embed time: 0.01 seconds
Extract time: 0.05 seconds
0.0
Embed time: 0.01 seconds
Extract time: 0.01 seconds
0.0
Embed time: 0.01 seconds
Extract time: 0.05 seconds
0.0
Embed time: 0.04 seconds
Extract time: 0.01 seconds
0.0
Embed time: 0.01 seconds
Extract time: 0.01 seconds
0.03125
Embed time: 0.02 seconds
Extract time: 0.01 seconds
0.0
Embed time: 0.01 seconds
Extract time: 0.01 seconds
0.0
Embed time: 0.01 seconds
Extract time: 0.01 seconds
0.0
Embed time: 0.01 seconds
Extract time: 0.01 seconds
0.0
Embed time: 0.01 seconds
Extract time: 0.05 seconds
0.0
Embed time: 0.01 seconds
Extract time: 0.01 seconds
0.0
Embed time: 0.01 seconds
Extract time: 0.03 seconds
0.0
Embed time: 0.05 seconds
Extract time: 0.01 seconds
0.0
Embed time: 0.01 seconds
Extract time: 0.01 seconds
0.0
Embed time: 0.05 seconds
Extract time: 0.01 seconds
0.0
Embed time: 0.01 seconds
Extract time: 0.01 seconds
0.0
Embed time: 0.01 seconds
Extract time: 0.01 seconds
0.0
Embed time: 0.01 seconds
Extract time: 0.01 seconds
0.0
Embed time: 0.01 seconds
Extract time: 0.01 seconds
0.0
Embed time: 0.02 seconds
Extract time: 0.01 seconds
0.0
Embed time: 0.01 seconds
Extract time: 0.01 seconds
0.0
Embed time: 0.02 seconds
Extract time: 0.01 seconds
0.0
Embed time: 0.01 seconds
Extract time: 0.01 seconds
0.0
Embed time: 0.05 seconds
Extract time: 0.01 seconds
0.0
Embed time: 0.01 seconds
Extract time: 0.01 seconds
0.0
Embed time: 0.01 seconds
Extract time: 0.01 seconds
0.0
Embed time: 0.01 seconds
Extract time: 0.01 seconds
0.0
Embed time: 0.01 seconds
Extract time: 0.01 seconds
0.109375
Embed time: 0.01 seconds
Extract time: 0.01 seconds
0.0
Embed time: 0.01 seconds
Extract time: 0.01 seconds
0.0
Embed time: 0.01 seconds
Extract time: 0.01 seconds
0.0
Embed time: 0.01 seconds
Extract time: 0.01 seconds
0.0
Embed time: 0.01 seconds
Extract time: 0.01 seconds
0.0
Embed time: 0.01 seconds
Extract time: 0.01 seconds
0.0
Embed time: 0.05 seconds
Extract time: 0.01 seconds
0.0
Embed time: 0.01 seconds
Extract time: 0.01 seconds
0.015625
Embed time: 0.05 seconds
Extract time: 0.01 seconds
0.0
Embed time: 0.01 seconds
Extract time: 0.01 seconds
0.0
Embed time: 0.03 seconds
Extract time: 0.01 seconds
0.0
Embed time: 0.01 seconds
Extract time: 0.01 seconds
0.015625
Embed time: 0.01 seconds
Extract time: 0.01 seconds
0.0
Embed time: 0.01 seconds
Extract time: 0.02 seconds
0.0
25-06-22 13:44:44.199 - INFO: # Validation # PSNR_Stego: 3.8079e+01, Bit_acc:  4.2188e-03
2025-06-22 13:44:44,199 - INFO - # Validation # PSNR_Stego: 3.8079e+01, Bit_acc:  4.2188e-03
25-06-22 13:44:44.199 - INFO: <epoch:  5, iter:  76,500> PSNR_Stego: 3.8079e+01, Bit_acc:  4.2188e-03
2025-06-22 13:44:44,199 - INFO - <epoch:  5, iter:  76,500> PSNR_Stego: 3.8079e+01, Bit_acc:  4.2188e-03
25-06-22 13:45:03.641 - INFO: <epoch:  5, iter:  76,600, lr:5.000e-05> l_forw_fit: 1.1306e+01 l_msg: 3.9062e-03 
2025-06-22 13:45:03,641 - INFO - <epoch:  5, iter:  76,600, lr:5.000e-05> l_forw_fit: 1.1306e+01 l_msg: 3.9062e-03 
25-06-22 13:45:23.427 - INFO: <epoch:  5, iter:  76,700, lr:5.000e-05> l_forw_fit: 2.7288e+01 l_msg: 0.0000e+00 
2025-06-22 13:45:23,427 - INFO - <epoch:  5, iter:  76,700, lr:5.000e-05> l_forw_fit: 2.7288e+01 l_msg: 0.0000e+00 
25-06-22 13:45:42.657 - INFO: <epoch:  5, iter:  76,800, lr:5.000e-05> l_forw_fit: 4.9386e+01 l_msg: 0.0000e+00 
2025-06-22 13:45:42,657 - INFO - <epoch:  5, iter:  76,800, lr:5.000e-05> l_forw_fit: 4.9386e+01 l_msg: 0.0000e+00 
25-06-22 13:46:01.850 - INFO: <epoch:  5, iter:  76,900, lr:5.000e-05> l_forw_fit: 2.2129e+01 l_msg: 3.7801e-02 
2025-06-22 13:46:01,850 - INFO - <epoch:  5, iter:  76,900, lr:5.000e-05> l_forw_fit: 2.2129e+01 l_msg: 3.7801e-02 
25-06-22 13:46:21.034 - INFO: <epoch:  5, iter:  77,000, lr:5.000e-05> l_forw_fit: 1.3079e+01 l_msg: 0.0000e+00 
2025-06-22 13:46:21,034 - INFO - <epoch:  5, iter:  77,000, lr:5.000e-05> l_forw_fit: 1.3079e+01 l_msg: 0.0000e+00 
Embed time: 0.03 seconds
Extract time: 0.01 seconds
0.0
Embed time: 0.01 seconds
Extract time: 0.01 seconds
0.0
Embed time: 0.01 seconds
Extract time: 0.01 seconds
0.0
Embed time: 0.01 seconds
Extract time: 0.01 seconds
0.0
Embed time: 0.01 seconds
Extract time: 0.01 seconds
0.0
Embed time: 0.05 seconds
Extract time: 0.01 seconds
0.0
Embed time: 0.01 seconds
Extract time: 0.01 seconds
0.0
Embed time: 0.02 seconds
Extract time: 0.01 seconds
0.0
Embed time: 0.01 seconds
Extract time: 0.01 seconds
0.0
Embed time: 0.01 seconds
Extract time: 0.01 seconds
0.0
Embed time: 0.01 seconds
Extract time: 0.01 seconds
0.0
Embed time: 0.02 seconds
Extract time: 0.01 seconds
0.0
Embed time: 0.01 seconds
Extract time: 0.01 seconds
0.0
Embed time: 0.01 seconds
Extract time: 0.01 seconds
0.0
Embed time: 0.01 seconds
Extract time: 0.01 seconds
0.0
Embed time: 0.04 seconds
Extract time: 0.01 seconds
0.0
Embed time: 0.01 seconds
Extract time: 0.01 seconds
0.0
Embed time: 0.05 seconds
Extract time: 0.01 seconds
0.0
Embed time: 0.01 seconds
Extract time: 0.01 seconds
0.0
Embed time: 0.01 seconds
Extract time: 0.01 seconds
0.0
Embed time: 0.01 seconds
Extract time: 0.04 seconds
0.0
Embed time: 0.04 seconds
Extract time: 0.01 seconds
0.0
Embed time: 0.01 seconds
Extract time: 0.03 seconds
0.0
Embed time: 0.04 seconds
Extract time: 0.01 seconds
0.0
Embed time: 0.01 seconds
Extract time: 0.01 seconds
0.0
Embed time: 0.04 seconds
Extract time: 0.01 seconds
0.0
Embed time: 0.01 seconds
Extract time: 0.01 seconds
0.0
Embed time: 0.01 seconds
Extract time: 0.01 seconds
0.0
Embed time: 0.01 seconds
Extract time: 0.01 seconds
0.0
Embed time: 0.05 seconds
Extract time: 0.01 seconds
0.0
Embed time: 0.01 seconds
Extract time: 0.01 seconds
0.0
Embed time: 0.02 seconds
Extract time: 0.01 seconds
0.0
Embed time: 0.01 seconds
Extract time: 0.01 seconds
0.0
Embed time: 0.05 seconds
Extract time: 0.01 seconds
0.0
Embed time: 0.01 seconds
Extract time: 0.01 seconds
0.015625
Embed time: 0.01 seconds
Extract time: 0.01 seconds
0.0
Embed time: 0.01 seconds
Extract time: 0.01 seconds
0.0
Embed time: 0.05 seconds
Extract time: 0.01 seconds
0.0
Embed time: 0.01 seconds
Extract time: 0.01 seconds
0.0
Embed time: 0.04 seconds
Extract time: 0.01 seconds
0.0
Embed time: 0.01 seconds
Extract time: 0.01 seconds
0.0
Embed time: 0.03 seconds
Extract time: 0.01 seconds
0.0
Embed time: 0.01 seconds
Extract time: 0.01 seconds
0.046875
Embed time: 0.04 seconds
Extract time: 0.01 seconds
0.0
Embed time: 0.01 seconds
Extract time: 0.01 seconds
0.0
Embed time: 0.01 seconds
Extract time: 0.01 seconds
0.0
Embed time: 0.01 seconds
Extract time: 0.01 seconds
0.0
Embed time: 0.05 seconds
Extract time: 0.01 seconds
0.0
Embed time: 0.01 seconds
Extract time: 0.01 seconds
0.0
Embed time: 0.01 seconds
Extract time: 0.01 seconds
0.140625
Embed time: 0.01 seconds
Extract time: 0.01 seconds
0.0
Embed time: 0.01 seconds
Extract time: 0.01 seconds
0.0
Embed time: 0.01 seconds
Extract time: 0.01 seconds
0.0
Embed time: 0.03 seconds
Extract time: 0.01 seconds
0.0
Embed time: 0.01 seconds
Extract time: 0.01 seconds
0.015625
Embed time: 0.01 seconds
Extract time: 0.01 seconds
0.015625
Embed time: 0.01 seconds
Extract time: 0.01 seconds
0.0
Embed time: 0.01 seconds
Extract time: 0.02 seconds
0.0
Embed time: 0.02 seconds
Extract time: 0.01 seconds
0.0
Embed time: 0.05 seconds
Extract time: 0.01 seconds
0.0
Embed time: 0.01 seconds
Extract time: 0.01 seconds
0.0
Embed time: 0.03 seconds
Extract time: 0.01 seconds
0.0
Embed time: 0.01 seconds
Extract time: 0.01 seconds
0.0
Embed time: 0.02 seconds
Extract time: 0.01 seconds
0.0
Embed time: 0.01 seconds
Extract time: 0.01 seconds
0.0
Embed time: 0.01 seconds
Extract time: 0.04 seconds
0.0
Embed time: 0.01 seconds
Extract time: 0.01 seconds
0.0
Embed time: 0.01 seconds
Extract time: 0.01 seconds
0.0
Embed time: 0.01 seconds
Extract time: 0.01 seconds
0.0
Embed time: 0.05 seconds
Extract time: 0.01 seconds
0.0
Embed time: 0.01 seconds
Extract time: 0.01 seconds
0.0
Embed time: 0.04 seconds
Extract time: 0.01 seconds
0.0
Embed time: 0.01 seconds
Extract time: 0.01 seconds
0.0
Embed time: 0.04 seconds
Extract time: 0.01 seconds
0.0
Embed time: 0.01 seconds
Extract time: 0.01 seconds
0.0
Embed time: 0.03 seconds
Extract time: 0.01 seconds
0.0
Embed time: 0.01 seconds
Extract time: 0.01 seconds
0.0
Embed time: 0.06 seconds
Extract time: 0.01 seconds
0.0
Embed time: 0.01 seconds
Extract time: 0.01 seconds
0.0
Embed time: 0.01 seconds
Extract time: 0.01 seconds
0.0
Embed time: 0.02 seconds
Extract time: 0.01 seconds
0.0
Embed time: 0.01 seconds
Extract time: 0.01 seconds
0.0
Embed time: 0.03 seconds
Extract time: 0.01 seconds
0.03125
Embed time: 0.01 seconds
Extract time: 0.04 seconds
0.0
Embed time: 0.04 seconds
Extract time: 0.01 seconds
0.0
Embed time: 0.01 seconds
Extract time: 0.01 seconds
0.0
Embed time: 0.01 seconds
Extract time: 0.04 seconds
0.0
Embed time: 0.01 seconds
Extract time: 0.01 seconds
0.015625
Embed time: 0.01 seconds
Extract time: 0.01 seconds
0.0
Embed time: 0.01 seconds
Extract time: 0.01 seconds
0.0
Embed time: 0.01 seconds
Extract time: 0.05 seconds
0.0
Embed time: 0.01 seconds
Extract time: 0.01 seconds
0.0
Embed time: 0.01 seconds
Extract time: 0.01 seconds
0.0
Embed time: 0.01 seconds
Extract time: 0.01 seconds
0.015625
Embed time: 0.03 seconds
Extract time: 0.01 seconds
0.0
Embed time: 0.01 seconds
Extract time: 0.01 seconds
0.0
Embed time: 0.01 seconds
Extract time: 0.01 seconds
0.0
Embed time: 0.01 seconds
Extract time: 0.01 seconds
0.0
Embed time: 0.01 seconds
Extract time: 0.01 seconds
0.0
Embed time: 0.01 seconds
Extract time: 0.02 seconds
0.0
25-06-22 13:46:36.210 - INFO: # Validation # PSNR_Stego: 3.8448e+01, Bit_acc:  2.9688e-03
2025-06-22 13:46:36,210 - INFO - # Validation # PSNR_Stego: 3.8448e+01, Bit_acc:  2.9688e-03
25-06-22 13:46:36.210 - INFO: <epoch:  5, iter:  77,000> PSNR_Stego: 3.8448e+01, Bit_acc:  2.9688e-03
2025-06-22 13:46:36,210 - INFO - <epoch:  5, iter:  77,000> PSNR_Stego: 3.8448e+01, Bit_acc:  2.9688e-03
25-06-22 13:46:36.210 - INFO: Saving models and training states.
2025-06-22 13:46:36,210 - INFO - Saving models and training states.
Checkpoint save path: /workspace/EditGuard-V1/experiments/train_ibsn_bit_64/models/77000_G.pth

===== Checkpoint State Path: /workspace/EditGuard-V1/experiments/train_ibsn_bit_64/training_state/77000.state =====

25-06-22 13:46:55.531 - INFO: <epoch:  5, iter:  77,100, lr:5.000e-05> l_forw_fit: 1.4912e+01 l_msg: 3.9062e-03 
2025-06-22 13:46:55,531 - INFO - <epoch:  5, iter:  77,100, lr:5.000e-05> l_forw_fit: 1.4912e+01 l_msg: 3.9062e-03 
25-06-22 13:47:15.228 - INFO: <epoch:  5, iter:  77,200, lr:5.000e-05> l_forw_fit: 4.0004e+01 l_msg: 0.0000e+00 
2025-06-22 13:47:15,228 - INFO - <epoch:  5, iter:  77,200, lr:5.000e-05> l_forw_fit: 4.0004e+01 l_msg: 0.0000e+00 
25-06-22 13:47:34.778 - INFO: <epoch:  5, iter:  77,300, lr:5.000e-05> l_forw_fit: 1.8326e+01 l_msg: 1.5630e-02 
2025-06-22 13:47:34,778 - INFO - <epoch:  5, iter:  77,300, lr:5.000e-05> l_forw_fit: 1.8326e+01 l_msg: 1.5630e-02 
25-06-22 13:47:54.316 - INFO: <epoch:  5, iter:  77,400, lr:5.000e-05> l_forw_fit: 3.9579e+01 l_msg: 7.8769e-03 
2025-06-22 13:47:54,316 - INFO - <epoch:  5, iter:  77,400, lr:5.000e-05> l_forw_fit: 3.9579e+01 l_msg: 7.8769e-03 
25-06-22 13:48:13.766 - INFO: <epoch:  5, iter:  77,500, lr:5.000e-05> l_forw_fit: 1.8991e+01 l_msg: 1.1719e-02 
2025-06-22 13:48:13,766 - INFO - <epoch:  5, iter:  77,500, lr:5.000e-05> l_forw_fit: 1.8991e+01 l_msg: 1.1719e-02 
Embed time: 0.03 seconds
Extract time: 0.01 seconds
0.0
Embed time: 0.01 seconds
Extract time: 0.01 seconds
0.0
Embed time: 0.01 seconds
Extract time: 0.05 seconds
0.0
Embed time: 0.01 seconds
Extract time: 0.01 seconds
0.0
Embed time: 0.01 seconds
Extract time: 0.01 seconds
0.015625
Embed time: 0.02 seconds
Extract time: 0.01 seconds
0.0
Embed time: 0.01 seconds
Extract time: 0.01 seconds
0.0
Embed time: 0.02 seconds
Extract time: 0.01 seconds
0.0
Embed time: 0.01 seconds
Extract time: 0.01 seconds
0.0
Embed time: 0.01 seconds
Extract time: 0.04 seconds
0.0
Embed time: 0.01 seconds
Extract time: 0.01 seconds
0.0
Embed time: 0.05 seconds
Extract time: 0.01 seconds
0.0
Embed time: 0.01 seconds
Extract time: 0.01 seconds
0.0
Embed time: 0.01 seconds
Extract time: 0.05 seconds
0.0
Embed time: 0.01 seconds
Extract time: 0.01 seconds
0.0
Embed time: 0.01 seconds
Extract time: 0.01 seconds
0.0
Embed time: 0.01 seconds
Extract time: 0.01 seconds
0.0
Embed time: 0.01 seconds
Extract time: 0.01 seconds
0.0
Embed time: 0.01 seconds
Extract time: 0.01 seconds
0.0
Embed time: 0.01 seconds
Extract time: 0.01 seconds
0.0
Embed time: 0.04 seconds
Extract time: 0.01 seconds
0.0
Embed time: 0.01 seconds
Extract time: 0.01 seconds
0.0
Embed time: 0.05 seconds
Extract time: 0.01 seconds
0.0
Embed time: 0.01 seconds
Extract time: 0.01 seconds
0.03125
Embed time: 0.01 seconds
Extract time: 0.01 seconds
0.0
Embed time: 0.01 seconds
Extract time: 0.01 seconds
0.0
Embed time: 0.01 seconds
Extract time: 0.01 seconds
0.0
Embed time: 0.01 seconds
Extract time: 0.01 seconds
0.0
Embed time: 0.01 seconds
Extract time: 0.01 seconds
0.0
Embed time: 0.01 seconds
Extract time: 0.04 seconds
0.0
Embed time: 0.01 seconds
Extract time: 0.01 seconds
0.0
Embed time: 0.01 seconds
Extract time: 0.01 seconds
0.0
Embed time: 0.03 seconds
Extract time: 0.01 seconds
0.0
Embed time: 0.01 seconds
Extract time: 0.01 seconds
0.0
Embed time: 0.06 seconds
Extract time: 0.01 seconds
0.03125
Embed time: 0.01 seconds
Extract time: 0.01 seconds
0.0
Embed time: 0.05 seconds
Extract time: 0.01 seconds
0.0
Embed time: 0.01 seconds
Extract time: 0.01 seconds
0.0
Embed time: 0.01 seconds
Extract time: 0.03 seconds
0.0
Embed time: 0.01 seconds
Extract time: 0.01 seconds
0.0
Embed time: 0.01 seconds
Extract time: 0.01 seconds
0.0
Embed time: 0.01 seconds
Extract time: 0.01 seconds
0.015625
Embed time: 0.02 seconds
Extract time: 0.01 seconds
0.0
Embed time: 0.01 seconds
Extract time: 0.01 seconds
0.0
Embed time: 0.04 seconds
Extract time: 0.01 seconds
0.015625
Embed time: 0.01 seconds
Extract time: 0.01 seconds
0.0
Embed time: 0.04 seconds
Extract time: 0.01 seconds
0.0
Embed time: 0.01 seconds
Extract time: 0.01 seconds
0.0
Embed time: 0.01 seconds
Extract time: 0.01 seconds
0.0
Embed time: 0.01 seconds
Extract time: 0.01 seconds
0.0
Embed time: 0.01 seconds
Extract time: 0.01 seconds
0.03125
Embed time: 0.01 seconds
Extract time: 0.01 seconds
0.0
Embed time: 0.01 seconds
Extract time: 0.01 seconds
0.0
Embed time: 0.01 seconds
Extract time: 0.01 seconds
0.0
Embed time: 0.01 seconds
Extract time: 0.01 seconds
0.046875
Embed time: 0.01 seconds
Extract time: 0.01 seconds
0.015625
Embed time: 0.01 seconds
Extract time: 0.01 seconds
0.015625
Embed time: 0.01 seconds
Extract time: 0.01 seconds
0.0
Embed time: 0.01 seconds
Extract time: 0.01 seconds
0.0
Embed time: 0.05 seconds
Extract time: 0.01 seconds
0.0
Embed time: 0.01 seconds
Extract time: 0.01 seconds
0.0
Embed time: 0.01 seconds
Extract time: 0.01 seconds
0.0
Embed time: 0.05 seconds
Extract time: 0.01 seconds
0.0
Embed time: 0.02 seconds
Extract time: 0.01 seconds
0.0
Embed time: 0.01 seconds
Extract time: 0.01 seconds
0.0
Embed time: 0.01 seconds
Extract time: 0.01 seconds
0.0
Embed time: 0.03 seconds
Extract time: 0.01 seconds
0.015625
Embed time: 0.01 seconds
Extract time: 0.01 seconds
0.015625
Embed time: 0.05 seconds
Extract time: 0.01 seconds
0.0
Embed time: 0.01 seconds
Extract time: 0.01 seconds
0.0
Embed time: 0.01 seconds
Extract time: 0.01 seconds
0.0
Embed time: 0.01 seconds
Extract time: 0.01 seconds
0.0
Embed time: 0.01 seconds
Extract time: 0.05 seconds
0.0
Embed time: 0.01 seconds
Extract time: 0.01 seconds
0.0
Embed time: 0.01 seconds
Extract time: 0.01 seconds
0.0
Embed time: 0.03 seconds
Extract time: 0.01 seconds
0.0
Embed time: 0.01 seconds
Extract time: 0.01 seconds
0.0
Embed time: 0.01 seconds
Extract time: 0.01 seconds
0.0
Embed time: 0.01 seconds
Extract time: 0.01 seconds
0.0
Embed time: 0.01 seconds
Extract time: 0.01 seconds
0.0
Embed time: 0.01 seconds
Extract time: 0.01 seconds
0.0
Embed time: 0.01 seconds
Extract time: 0.05 seconds
0.0
Embed time: 0.01 seconds
Extract time: 0.01 seconds
0.015625
Embed time: 0.01 seconds
Extract time: 0.01 seconds
0.0
Embed time: 0.02 seconds
Extract time: 0.01 seconds
0.0
Embed time: 0.01 seconds
Extract time: 0.01 seconds
0.0
Embed time: 0.02 seconds
Extract time: 0.01 seconds
0.0
Embed time: 0.01 seconds
Extract time: 0.03 seconds
0.0
Embed time: 0.01 seconds
Extract time: 0.01 seconds
0.0
Embed time: 0.01 seconds
Extract time: 0.01 seconds
0.0
Embed time: 0.01 seconds
Extract time: 0.01 seconds
0.015625
Embed time: 0.01 seconds
Extract time: 0.01 seconds
0.015625
Embed time: 0.06 seconds
Extract time: 0.01 seconds
0.0
Embed time: 0.01 seconds
Extract time: 0.01 seconds
0.0
Embed time: 0.01 seconds
Extract time: 0.01 seconds
0.0
Embed time: 0.01 seconds
Extract time: 0.01 seconds
0.0
Embed time: 0.05 seconds
Extract time: 0.01 seconds
0.0
Embed time: 0.01 seconds
Extract time: 0.01 seconds
0.0
Embed time: 0.06 seconds
Extract time: 0.01 seconds
0.0
Embed time: 0.01 seconds
Extract time: 0.01 seconds
0.0
25-06-22 13:48:28.854 - INFO: # Validation # PSNR_Stego: 3.9014e+01, Bit_acc:  2.9688e-03
2025-06-22 13:48:28,854 - INFO - # Validation # PSNR_Stego: 3.9014e+01, Bit_acc:  2.9688e-03
25-06-22 13:48:28.855 - INFO: <epoch:  5, iter:  77,500> PSNR_Stego: 3.9014e+01, Bit_acc:  2.9688e-03
2025-06-22 13:48:28,855 - INFO - <epoch:  5, iter:  77,500> PSNR_Stego: 3.9014e+01, Bit_acc:  2.9688e-03
25-06-22 13:48:48.674 - INFO: <epoch:  5, iter:  77,600, lr:5.000e-05> l_forw_fit: 1.1885e+01 l_msg: 0.0000e+00 
2025-06-22 13:48:48,674 - INFO - <epoch:  5, iter:  77,600, lr:5.000e-05> l_forw_fit: 1.1885e+01 l_msg: 0.0000e+00 
25-06-22 13:49:07.963 - INFO: <epoch:  5, iter:  77,700, lr:5.000e-05> l_forw_fit: 8.5093e+00 l_msg: 5.1330e-02 
2025-06-22 13:49:07,963 - INFO - <epoch:  5, iter:  77,700, lr:5.000e-05> l_forw_fit: 8.5093e+00 l_msg: 5.1330e-02 
25-06-22 13:49:27.675 - INFO: <epoch:  5, iter:  77,800, lr:5.000e-05> l_forw_fit: 4.0456e+01 l_msg: 1.5625e-02 
2025-06-22 13:49:27,675 - INFO - <epoch:  5, iter:  77,800, lr:5.000e-05> l_forw_fit: 4.0456e+01 l_msg: 1.5625e-02 
25-06-22 13:49:47.470 - INFO: <epoch:  5, iter:  77,900, lr:5.000e-05> l_forw_fit: 7.3131e+00 l_msg: 1.9377e-02 
2025-06-22 13:49:47,470 - INFO - <epoch:  5, iter:  77,900, lr:5.000e-05> l_forw_fit: 7.3131e+00 l_msg: 1.9377e-02 
25-06-22 13:50:06.959 - INFO: <epoch:  5, iter:  78,000, lr:5.000e-05> l_forw_fit: 1.0143e+01 l_msg: 1.3137e-01 
2025-06-22 13:50:06,959 - INFO - <epoch:  5, iter:  78,000, lr:5.000e-05> l_forw_fit: 1.0143e+01 l_msg: 1.3137e-01 
Embed time: 0.03 seconds
Extract time: 0.01 seconds
0.0
Embed time: 0.01 seconds
Extract time: 0.01 seconds
0.0
Embed time: 0.05 seconds
Extract time: 0.01 seconds
0.0
Embed time: 0.01 seconds
Extract time: 0.01 seconds
0.0
Embed time: 0.01 seconds
Extract time: 0.04 seconds
0.0
Embed time: 0.01 seconds
Extract time: 0.01 seconds
0.0
Embed time: 0.05 seconds
Extract time: 0.01 seconds
0.03125
Embed time: 0.01 seconds
Extract time: 0.01 seconds
0.0
Embed time: 0.05 seconds
Extract time: 0.01 seconds
0.015625
Embed time: 0.01 seconds
Extract time: 0.01 seconds
0.0
Embed time: 0.01 seconds
Extract time: 0.04 seconds
0.0
Embed time: 0.01 seconds
Extract time: 0.01 seconds
0.0
Embed time: 0.05 seconds
Extract time: 0.01 seconds
0.0
Embed time: 0.01 seconds
Extract time: 0.01 seconds
0.0
Embed time: 0.01 seconds
Extract time: 0.01 seconds
0.0
Embed time: 0.01 seconds
Extract time: 0.01 seconds
0.0
Embed time: 0.01 seconds
Extract time: 0.01 seconds
0.03125
Embed time: 0.01 seconds
Extract time: 0.01 seconds
0.046875
Embed time: 0.01 seconds
Extract time: 0.01 seconds
0.015625
Embed time: 0.02 seconds
Extract time: 0.01 seconds
0.0
Embed time: 0.01 seconds
Extract time: 0.01 seconds
0.0
Embed time: 0.05 seconds
Extract time: 0.01 seconds
0.0
Embed time: 0.01 seconds
Extract time: 0.01 seconds
0.0
Embed time: 0.01 seconds
Extract time: 0.04 seconds
0.015625
Embed time: 0.01 seconds
Extract time: 0.01 seconds
0.0
Embed time: 0.01 seconds
Extract time: 0.01 seconds
0.0
Embed time: 0.07 seconds
Extract time: 0.01 seconds
0.0
Embed time: 0.05 seconds
Extract time: 0.01 seconds
0.0
Embed time: 0.01 seconds
Extract time: 0.01 seconds
0.0
Embed time: 0.01 seconds
Extract time: 0.01 seconds
0.0
Embed time: 0.01 seconds
Extract time: 0.01 seconds
0.015625
Embed time: 0.01 seconds
Extract time: 0.01 seconds
0.0
Embed time: 0.01 seconds
Extract time: 0.01 seconds
0.0
Embed time: 0.01 seconds
Extract time: 0.01 seconds
0.0
Embed time: 0.06 seconds
Extract time: 0.01 seconds
0.0
Embed time: 0.01 seconds
Extract time: 0.01 seconds
0.03125
Embed time: 0.01 seconds
Extract time: 0.04 seconds
0.0
Embed time: 0.01 seconds
Extract time: 0.01 seconds
0.0
Embed time: 0.01 seconds
Extract time: 0.01 seconds
0.015625
Embed time: 0.01 seconds
Extract time: 0.01 seconds
0.0
Embed time: 0.05 seconds
Extract time: 0.01 seconds
0.0
Embed time: 0.01 seconds
Extract time: 0.01 seconds
0.078125
Embed time: 0.04 seconds
Extract time: 0.01 seconds
0.0
Embed time: 0.01 seconds
Extract time: 0.01 seconds
0.0
Embed time: 0.04 seconds
Extract time: 0.01 seconds
0.0
Embed time: 0.01 seconds
Extract time: 0.01 seconds
0.0
Embed time: 0.01 seconds
Extract time: 0.04 seconds
0.0
Embed time: 0.01 seconds
Extract time: 0.01 seconds
0.0
Embed time: 0.01 seconds
Extract time: 0.01 seconds
0.0
Embed time: 0.01 seconds
Extract time: 0.01 seconds
0.0
Embed time: 0.01 seconds
Extract time: 0.01 seconds
0.0
Embed time: 0.01 seconds
Extract time: 0.01 seconds
0.0
Embed time: 0.01 seconds
Extract time: 0.01 seconds
0.0
Embed time: 0.05 seconds
Extract time: 0.01 seconds
0.0
Embed time: 0.01 seconds
Extract time: 0.01 seconds
0.171875
Embed time: 0.04 seconds
Extract time: 0.01 seconds
0.0
Embed time: 0.01 seconds
Extract time: 0.01 seconds
0.0
Embed time: 0.01 seconds
Extract time: 0.01 seconds
0.0
Embed time: 0.05 seconds
Extract time: 0.01 seconds
0.0
Embed time: 0.01 seconds
Extract time: 0.01 seconds
0.0
Embed time: 0.05 seconds
Extract time: 0.01 seconds
0.0
Embed time: 0.01 seconds
Extract time: 0.01 seconds
0.0
Embed time: 0.05 seconds
Extract time: 0.01 seconds
0.0
Embed time: 0.01 seconds
Extract time: 0.01 seconds
0.0
Embed time: 0.04 seconds
Extract time: 0.01 seconds
0.015625
Embed time: 0.01 seconds
Extract time: 0.01 seconds
0.0
Embed time: 0.01 seconds
Extract time: 0.01 seconds
0.0
Embed time: 0.02 seconds
Extract time: 0.01 seconds
0.0
Embed time: 0.01 seconds
Extract time: 0.01 seconds
0.0
Embed time: 0.05 seconds
Extract time: 0.01 seconds
0.0
Embed time: 0.01 seconds
Extract time: 0.01 seconds
0.0
Embed time: 0.01 seconds
Extract time: 0.05 seconds
0.0
Embed time: 0.01 seconds
Extract time: 0.01 seconds
0.0
Embed time: 0.01 seconds
Extract time: 0.01 seconds
0.0
Embed time: 0.05 seconds
Extract time: 0.01 seconds
0.0
Embed time: 0.01 seconds
Extract time: 0.01 seconds
0.0
Embed time: 0.06 seconds
Extract time: 0.01 seconds
0.0
Embed time: 0.01 seconds
Extract time: 0.01 seconds
0.0
Embed time: 0.01 seconds
Extract time: 0.01 seconds
0.0
Embed time: 0.02 seconds
Extract time: 0.01 seconds
0.0
Embed time: 0.01 seconds
Extract time: 0.01 seconds
0.0
Embed time: 0.05 seconds
Extract time: 0.01 seconds
0.0
Embed time: 0.01 seconds
Extract time: 0.01 seconds
0.0
Embed time: 0.02 seconds
Extract time: 0.04 seconds
0.0
Embed time: 0.01 seconds
Extract time: 0.01 seconds
0.015625
Embed time: 0.01 seconds
Extract time: 0.05 seconds
0.0
Embed time: 0.04 seconds
Extract time: 0.01 seconds
0.0
Embed time: 0.01 seconds
Extract time: 0.01 seconds
0.140625
Embed time: 0.04 seconds
Extract time: 0.01 seconds
0.0
Embed time: 0.01 seconds
Extract time: 0.01 seconds
0.0
Embed time: 0.01 seconds
Extract time: 0.01 seconds
0.0
Embed time: 0.01 seconds
Extract time: 0.01 seconds
0.0
Embed time: 0.01 seconds
Extract time: 0.01 seconds
0.0
Embed time: 0.05 seconds
Extract time: 0.01 seconds
0.0
Embed time: 0.01 seconds
Extract time: 0.01 seconds
0.0
Embed time: 0.01 seconds
Extract time: 0.01 seconds
0.0
Embed time: 0.01 seconds
Extract time: 0.01 seconds
0.0
Embed time: 0.01 seconds
Extract time: 0.01 seconds
0.0
Embed time: 0.01 seconds
Extract time: 0.01 seconds
0.0
Embed time: 0.01 seconds
Extract time: 0.03 seconds
0.0
25-06-22 13:50:21.898 - INFO: # Validation # PSNR_Stego: 3.9510e+01, Bit_acc:  6.4062e-03
2025-06-22 13:50:21,898 - INFO - # Validation # PSNR_Stego: 3.9510e+01, Bit_acc:  6.4062e-03
25-06-22 13:50:21.899 - INFO: <epoch:  5, iter:  78,000> PSNR_Stego: 3.9510e+01, Bit_acc:  6.4062e-03
2025-06-22 13:50:21,899 - INFO - <epoch:  5, iter:  78,000> PSNR_Stego: 3.9510e+01, Bit_acc:  6.4062e-03
25-06-22 13:50:21.899 - INFO: Saving models and training states.
2025-06-22 13:50:21,899 - INFO - Saving models and training states.
Checkpoint save path: /workspace/EditGuard-V1/experiments/train_ibsn_bit_64/models/78000_G.pth

===== Checkpoint State Path: /workspace/EditGuard-V1/experiments/train_ibsn_bit_64/training_state/78000.state =====

25-06-22 13:50:41.801 - INFO: <epoch:  5, iter:  78,100, lr:5.000e-05> l_forw_fit: 1.6863e+01 l_msg: 0.0000e+00 
2025-06-22 13:50:41,801 - INFO - <epoch:  5, iter:  78,100, lr:5.000e-05> l_forw_fit: 1.6863e+01 l_msg: 0.0000e+00 
25-06-22 13:51:02.006 - INFO: <epoch:  5, iter:  78,200, lr:5.000e-05> l_forw_fit: 9.0938e+01 l_msg: 0.0000e+00 
2025-06-22 13:51:02,006 - INFO - <epoch:  5, iter:  78,200, lr:5.000e-05> l_forw_fit: 9.0938e+01 l_msg: 0.0000e+00 
25-06-22 13:51:21.928 - INFO: <epoch:  5, iter:  78,300, lr:5.000e-05> l_forw_fit: 1.0318e+01 l_msg: 7.8125e-03 
2025-06-22 13:51:21,928 - INFO - <epoch:  5, iter:  78,300, lr:5.000e-05> l_forw_fit: 1.0318e+01 l_msg: 7.8125e-03 
25-06-22 13:51:41.549 - INFO: <epoch:  5, iter:  78,400, lr:5.000e-05> l_forw_fit: 1.3439e+01 l_msg: 3.5144e-02 
2025-06-22 13:51:41,549 - INFO - <epoch:  5, iter:  78,400, lr:5.000e-05> l_forw_fit: 1.3439e+01 l_msg: 3.5144e-02 
25-06-22 13:52:00.646 - INFO: <epoch:  5, iter:  78,500, lr:5.000e-05> l_forw_fit: 8.9459e+00 l_msg: 0.0000e+00 
2025-06-22 13:52:00,646 - INFO - <epoch:  5, iter:  78,500, lr:5.000e-05> l_forw_fit: 8.9459e+00 l_msg: 0.0000e+00 
Embed time: 0.03 seconds
Extract time: 0.01 seconds
0.0
Embed time: 0.01 seconds
Extract time: 0.01 seconds
0.0
Embed time: 0.03 seconds
Extract time: 0.01 seconds
0.0
Embed time: 0.01 seconds
Extract time: 0.01 seconds
0.0
Embed time: 0.05 seconds
Extract time: 0.01 seconds
0.0
Embed time: 0.01 seconds
Extract time: 0.01 seconds
0.0
Embed time: 0.06 seconds
Extract time: 0.01 seconds
0.0
Embed time: 0.01 seconds
Extract time: 0.01 seconds
0.0
Embed time: 0.06 seconds
Extract time: 0.01 seconds
0.0
Embed time: 0.01 seconds
Extract time: 0.01 seconds
0.0
Embed time: 0.01 seconds
Extract time: 0.01 seconds
0.0
Embed time: 0.01 seconds
Extract time: 0.01 seconds
0.0
Embed time: 0.01 seconds
Extract time: 0.01 seconds
0.0
Embed time: 0.01 seconds
Extract time: 0.01 seconds
0.0
Embed time: 0.05 seconds
Extract time: 0.01 seconds
0.0
Embed time: 0.01 seconds
Extract time: 0.01 seconds
0.0
Embed time: 0.02 seconds
Extract time: 0.01 seconds
0.0
Embed time: 0.01 seconds
Extract time: 0.01 seconds
0.0
Embed time: 0.01 seconds
Extract time: 0.01 seconds
0.0
Embed time: 0.01 seconds
Extract time: 0.01 seconds
0.0
Embed time: 0.04 seconds
Extract time: 0.01 seconds
0.0
Embed time: 0.01 seconds
Extract time: 0.01 seconds
0.0
Embed time: 0.01 seconds
Extract time: 0.01 seconds
0.0
Embed time: 0.01 seconds
Extract time: 0.01 seconds
0.0
Embed time: 0.04 seconds
Extract time: 0.01 seconds
0.0
Embed time: 0.01 seconds
Extract time: 0.01 seconds
0.0
Embed time: 0.01 seconds
Extract time: 0.01 seconds
0.0
Embed time: 0.01 seconds
Extract time: 0.01 seconds
0.0
Embed time: 0.01 seconds
Extract time: 0.01 seconds
0.0
Embed time: 0.01 seconds
Extract time: 0.01 seconds
0.0
Embed time: 0.01 seconds
Extract time: 0.01 seconds
0.0
Embed time: 0.01 seconds
Extract time: 0.01 seconds
0.0
Embed time: 0.05 seconds
Extract time: 0.01 seconds
0.0
Embed time: 0.01 seconds
Extract time: 0.01 seconds
0.0
Embed time: 0.06 seconds
Extract time: 0.01 seconds
0.015625
Embed time: 0.01 seconds
Extract time: 0.01 seconds
0.0
Embed time: 0.05 seconds
Extract time: 0.01 seconds
0.0
Embed time: 0.01 seconds
Extract time: 0.01 seconds
0.0
Embed time: 0.05 seconds
Extract time: 0.01 seconds
0.0
Embed time: 0.01 seconds
Extract time: 0.05 seconds
0.0
Embed time: 0.01 seconds
Extract time: 0.01 seconds
0.0
Embed time: 0.01 seconds
Extract time: 0.01 seconds
0.0
Embed time: 0.02 seconds
Extract time: 0.01 seconds
0.0
Embed time: 0.01 seconds
Extract time: 0.01 seconds
0.0
Embed time: 0.01 seconds
Extract time: 0.01 seconds
0.0
Embed time: 0.01 seconds
Extract time: 0.01 seconds
0.0
Embed time: 0.05 seconds
Extract time: 0.01 seconds
0.0
Embed time: 0.01 seconds
Extract time: 0.01 seconds
0.0
Embed time: 0.05 seconds
Extract time: 0.01 seconds
0.0
Embed time: 0.01 seconds
Extract time: 0.01 seconds
0.03125
Embed time: 0.05 seconds
Extract time: 0.01 seconds
0.0
Embed time: 0.01 seconds
Extract time: 0.01 seconds
0.0
Embed time: 0.05 seconds
Extract time: 0.01 seconds
0.0
Embed time: 0.01 seconds
Extract time: 0.01 seconds
0.0
Embed time: 0.05 seconds
Extract time: 0.01 seconds
0.0
Embed time: 0.01 seconds
Extract time: 0.01 seconds
0.0
Embed time: 0.01 seconds
Extract time: 0.01 seconds
0.0
Embed time: 0.01 seconds
Extract time: 0.01 seconds
0.0
Embed time: 0.05 seconds
Extract time: 0.01 seconds
0.0
Embed time: 0.01 seconds
Extract time: 0.01 seconds
0.0
Embed time: 0.05 seconds
Extract time: 0.01 seconds
0.0
Embed time: 0.01 seconds
Extract time: 0.01 seconds
0.0
Embed time: 0.05 seconds
Extract time: 0.01 seconds
0.0
Embed time: 0.01 seconds
Extract time: 0.01 seconds
0.0
Embed time: 0.01 seconds
Extract time: 0.01 seconds
0.0
Embed time: 0.01 seconds
Extract time: 0.01 seconds
0.0
Embed time: 0.04 seconds
Extract time: 0.01 seconds
0.0
Embed time: 0.01 seconds
Extract time: 0.01 seconds
0.0
Embed time: 0.06 seconds
Extract time: 0.01 seconds
0.0
Embed time: 0.01 seconds
Extract time: 0.01 seconds
0.0
Embed time: 0.06 seconds
Extract time: 0.01 seconds
0.0
Embed time: 0.01 seconds
Extract time: 0.01 seconds
0.0
Embed time: 0.05 seconds
Extract time: 0.01 seconds
0.0
Embed time: 0.01 seconds
Extract time: 0.01 seconds
0.0
Embed time: 0.01 seconds
Extract time: 0.01 seconds
0.0
Embed time: 0.01 seconds
Extract time: 0.01 seconds
0.0
Embed time: 0.02 seconds
Extract time: 0.01 seconds
0.0
Embed time: 0.01 seconds
Extract time: 0.05 seconds
0.0
Embed time: 0.05 seconds
Extract time: 0.01 seconds
0.0
Embed time: 0.01 seconds
Extract time: 0.01 seconds
0.0
Embed time: 0.03 seconds
Extract time: 0.01 seconds
0.0
Embed time: 0.01 seconds
Extract time: 0.01 seconds
0.0
Embed time: 0.02 seconds
Extract time: 0.01 seconds
0.0625
Embed time: 0.01 seconds
Extract time: 0.04 seconds
0.0
Embed time: 0.03 seconds
Extract time: 0.01 seconds
0.0
Embed time: 0.01 seconds
Extract time: 0.01 seconds
0.0
Embed time: 0.04 seconds
Extract time: 0.01 seconds
0.0
Embed time: 0.01 seconds
Extract time: 0.01 seconds
0.0
Embed time: 0.04 seconds
Extract time: 0.01 seconds
0.0
Embed time: 0.01 seconds
Extract time: 0.01 seconds
0.0
Embed time: 0.05 seconds
Extract time: 0.01 seconds
0.0
Embed time: 0.01 seconds
Extract time: 0.03 seconds
0.015625
Embed time: 0.03 seconds
Extract time: 0.01 seconds
0.0
Embed time: 0.01 seconds
Extract time: 0.01 seconds
0.0
Embed time: 0.05 seconds
Extract time: 0.01 seconds
0.0
Embed time: 0.01 seconds
Extract time: 0.01 seconds
0.0
Embed time: 0.05 seconds
Extract time: 0.01 seconds
0.0
Embed time: 0.01 seconds
Extract time: 0.01 seconds
0.0
Embed time: 0.05 seconds
Extract time: 0.01 seconds
0.0
Embed time: 0.01 seconds
Extract time: 0.01 seconds
0.0
25-06-22 13:52:16.015 - INFO: # Validation # PSNR_Stego: 3.9266e+01, Bit_acc:  1.2500e-03
2025-06-22 13:52:16,015 - INFO - # Validation # PSNR_Stego: 3.9266e+01, Bit_acc:  1.2500e-03
25-06-22 13:52:16.015 - INFO: <epoch:  5, iter:  78,500> PSNR_Stego: 3.9266e+01, Bit_acc:  1.2500e-03
2025-06-22 13:52:16,015 - INFO - <epoch:  5, iter:  78,500> PSNR_Stego: 3.9266e+01, Bit_acc:  1.2500e-03
25-06-22 13:52:35.606 - INFO: <epoch:  5, iter:  78,600, lr:5.000e-05> l_forw_fit: 1.5349e+01 l_msg: 1.0985e-02 
2025-06-22 13:52:35,606 - INFO - <epoch:  5, iter:  78,600, lr:5.000e-05> l_forw_fit: 1.5349e+01 l_msg: 1.0985e-02 
25-06-22 13:52:54.936 - INFO: <epoch:  5, iter:  78,700, lr:5.000e-05> l_forw_fit: 2.1571e+01 l_msg: 0.0000e+00 
2025-06-22 13:52:54,936 - INFO - <epoch:  5, iter:  78,700, lr:5.000e-05> l_forw_fit: 2.1571e+01 l_msg: 0.0000e+00 
25-06-22 13:53:14.586 - INFO: <epoch:  5, iter:  78,800, lr:5.000e-05> l_forw_fit: 1.8662e+01 l_msg: 2.7344e-02 
2025-06-22 13:53:14,586 - INFO - <epoch:  5, iter:  78,800, lr:5.000e-05> l_forw_fit: 1.8662e+01 l_msg: 2.7344e-02 
25-06-22 13:53:33.751 - INFO: <epoch:  5, iter:  78,900, lr:5.000e-05> l_forw_fit: 2.1688e+01 l_msg: 2.6636e-02 
2025-06-22 13:53:33,751 - INFO - <epoch:  5, iter:  78,900, lr:5.000e-05> l_forw_fit: 2.1688e+01 l_msg: 2.6636e-02 
25-06-22 13:53:53.222 - INFO: <epoch:  5, iter:  79,000, lr:5.000e-05> l_forw_fit: 1.4350e+01 l_msg: 0.0000e+00 
2025-06-22 13:53:53,222 - INFO - <epoch:  5, iter:  79,000, lr:5.000e-05> l_forw_fit: 1.4350e+01 l_msg: 0.0000e+00 
Embed time: 0.10 seconds
Extract time: 0.01 seconds
0.0
Embed time: 0.03 seconds
Extract time: 0.01 seconds
0.0
Embed time: 0.01 seconds
Extract time: 0.01 seconds
0.0
Embed time: 0.01 seconds
Extract time: 0.01 seconds
0.0
Embed time: 0.01 seconds
Extract time: 0.01 seconds
0.0
Embed time: 0.01 seconds
Extract time: 0.01 seconds
0.0
Embed time: 0.01 seconds
Extract time: 0.01 seconds
0.0
Embed time: 0.01 seconds
Extract time: 0.01 seconds
0.0
Embed time: 0.01 seconds
Extract time: 0.01 seconds
0.0
Embed time: 0.01 seconds
Extract time: 0.01 seconds
0.0
Embed time: 0.01 seconds
Extract time: 0.01 seconds
0.0
Embed time: 0.01 seconds
Extract time: 0.01 seconds
0.0
Embed time: 0.05 seconds
Extract time: 0.01 seconds
0.0
Embed time: 0.01 seconds
Extract time: 0.01 seconds
0.0
Embed time: 0.01 seconds
Extract time: 0.04 seconds
0.0
Embed time: 0.01 seconds
Extract time: 0.01 seconds
0.0
Embed time: 0.05 seconds
Extract time: 0.01 seconds
0.0
Embed time: 0.01 seconds
Extract time: 0.01 seconds
0.0
Embed time: 0.06 seconds
Extract time: 0.01 seconds
0.0
Embed time: 0.01 seconds
Extract time: 0.01 seconds
0.0
Embed time: 0.05 seconds
Extract time: 0.01 seconds
0.0
Embed time: 0.01 seconds
Extract time: 0.01 seconds
0.0
Embed time: 0.01 seconds
Extract time: 0.01 seconds
0.0
Embed time: 0.01 seconds
Extract time: 0.01 seconds
0.015625
Embed time: 0.01 seconds
Extract time: 0.01 seconds
0.0
Embed time: 0.02 seconds
Extract time: 0.01 seconds
0.0
Embed time: 0.01 seconds
Extract time: 0.01 seconds
0.0
Embed time: 0.02 seconds
Extract time: 0.01 seconds
0.0
Embed time: 0.01 seconds
Extract time: 0.01 seconds
0.0
Embed time: 0.01 seconds
Extract time: 0.01 seconds
0.0
Embed time: 0.01 seconds
Extract time: 0.01 seconds
0.0
Embed time: 0.01 seconds
Extract time: 0.01 seconds
0.0
Embed time: 0.01 seconds
Extract time: 0.03 seconds
0.0
Embed time: 0.03 seconds
Extract time: 0.01 seconds
0.0
Embed time: 0.01 seconds
Extract time: 0.01 seconds
0.015625
Embed time: 0.01 seconds
Extract time: 0.01 seconds
0.0
Embed time: 0.01 seconds
Extract time: 0.01 seconds
0.0
Embed time: 0.01 seconds
Extract time: 0.01 seconds
0.0
Embed time: 0.01 seconds
Extract time: 0.01 seconds
0.0
Embed time: 0.01 seconds
Extract time: 0.01 seconds
0.0
Embed time: 0.01 seconds
Extract time: 0.01 seconds
0.0
Embed time: 0.01 seconds
Extract time: 0.01 seconds
0.03125
Embed time: 0.01 seconds
Extract time: 0.01 seconds
0.03125
Embed time: 0.01 seconds
Extract time: 0.01 seconds
0.03125
Embed time: 0.02 seconds
Extract time: 0.01 seconds
0.0
Embed time: 0.01 seconds
Extract time: 0.01 seconds
0.0
Embed time: 0.02 seconds
Extract time: 0.01 seconds
0.0
Embed time: 0.01 seconds
Extract time: 0.01 seconds
0.0
Embed time: 0.05 seconds
Extract time: 0.01 seconds
0.0
Embed time: 0.01 seconds
Extract time: 0.01 seconds
0.0
Embed time: 0.05 seconds
Extract time: 0.01 seconds
0.0
Embed time: 0.01 seconds
Extract time: 0.01 seconds
0.0
Embed time: 0.01 seconds
Extract time: 0.01 seconds
0.0
Embed time: 0.02 seconds
Extract time: 0.01 seconds
0.0
Embed time: 0.01 seconds
Extract time: 0.01 seconds
0.09375
Embed time: 0.01 seconds
Extract time: 0.01 seconds
0.03125
Embed time: 0.01 seconds
Extract time: 0.01 seconds
0.0
Embed time: 0.06 seconds
Extract time: 0.01 seconds
0.0
Embed time: 0.01 seconds
Extract time: 0.01 seconds
0.0
Embed time: 0.05 seconds
Extract time: 0.01 seconds
0.0
Embed time: 0.01 seconds
Extract time: 0.01 seconds
0.0
Embed time: 0.06 seconds
Extract time: 0.01 seconds
0.0
Embed time: 0.02 seconds
Extract time: 0.01 seconds
0.0
Embed time: 0.01 seconds
Extract time: 0.04 seconds
0.0
Embed time: 0.01 seconds
Extract time: 0.01 seconds
0.0
Embed time: 0.01 seconds
Extract time: 0.01 seconds
0.0
Embed time: 0.01 seconds
Extract time: 0.01 seconds
0.0
Embed time: 0.01 seconds
Extract time: 0.01 seconds
0.0
Embed time: 0.01 seconds
Extract time: 0.01 seconds
0.0
Embed time: 0.01 seconds
Extract time: 0.01 seconds
0.0
Embed time: 0.06 seconds
Extract time: 0.01 seconds
0.0
Embed time: 0.01 seconds
Extract time: 0.01 seconds
0.0
Embed time: 0.01 seconds
Extract time: 0.05 seconds
0.0
Embed time: 0.01 seconds
Extract time: 0.01 seconds
0.0
Embed time: 0.06 seconds
Extract time: 0.01 seconds
0.0
Embed time: 0.01 seconds
Extract time: 0.01 seconds
0.0
Embed time: 0.01 seconds
Extract time: 0.01 seconds
0.0
Embed time: 0.01 seconds
Extract time: 0.01 seconds
0.0
Embed time: 0.01 seconds
Extract time: 0.01 seconds
0.0
Embed time: 0.01 seconds
Extract time: 0.01 seconds
0.0
Embed time: 0.05 seconds
Extract time: 0.01 seconds
0.015625
Embed time: 0.01 seconds
Extract time: 0.01 seconds
0.0
Embed time: 0.04 seconds
Extract time: 0.01 seconds
0.09375
Embed time: 0.01 seconds
Extract time: 0.01 seconds
0.0
Embed time: 0.05 seconds
Extract time: 0.01 seconds
0.0
Embed time: 0.01 seconds
Extract time: 0.01 seconds
0.0
Embed time: 0.05 seconds
Extract time: 0.01 seconds
0.0
Embed time: 0.01 seconds
Extract time: 0.01 seconds
0.0
Embed time: 0.01 seconds
Extract time: 0.01 seconds
0.0
Embed time: 0.01 seconds
Extract time: 0.01 seconds
0.0
Embed time: 0.05 seconds
Extract time: 0.01 seconds
0.0
Embed time: 0.01 seconds
Extract time: 0.01 seconds
0.0
Embed time: 0.06 seconds
Extract time: 0.01 seconds
0.0
Embed time: 0.01 seconds
Extract time: 0.01 seconds
0.015625
Embed time: 0.05 seconds
Extract time: 0.01 seconds
0.0
Embed time: 0.01 seconds
Extract time: 0.01 seconds
0.0
Embed time: 0.01 seconds
Extract time: 0.01 seconds
0.0
Embed time: 0.02 seconds
Extract time: 0.01 seconds
0.0
Embed time: 0.01 seconds
Extract time: 0.01 seconds
0.0
Embed time: 0.01 seconds
Extract time: 0.01 seconds
0.0
25-06-22 13:54:08.369 - INFO: # Validation # PSNR_Stego: 3.8367e+01, Bit_acc:  3.7500e-03
2025-06-22 13:54:08,369 - INFO - # Validation # PSNR_Stego: 3.8367e+01, Bit_acc:  3.7500e-03
25-06-22 13:54:08.370 - INFO: <epoch:  5, iter:  79,000> PSNR_Stego: 3.8367e+01, Bit_acc:  3.7500e-03
2025-06-22 13:54:08,370 - INFO - <epoch:  5, iter:  79,000> PSNR_Stego: 3.8367e+01, Bit_acc:  3.7500e-03
25-06-22 13:54:08.370 - INFO: Saving models and training states.
2025-06-22 13:54:08,370 - INFO - Saving models and training states.
Checkpoint save path: /workspace/EditGuard-V1/experiments/train_ibsn_bit_64/models/79000_G.pth

===== Checkpoint State Path: /workspace/EditGuard-V1/experiments/train_ibsn_bit_64/training_state/79000.state =====

25-06-22 13:54:28.009 - INFO: <epoch:  5, iter:  79,100, lr:5.000e-05> l_forw_fit: 2.4211e+01 l_msg: 1.0480e-02 
2025-06-22 13:54:28,009 - INFO - <epoch:  5, iter:  79,100, lr:5.000e-05> l_forw_fit: 2.4211e+01 l_msg: 1.0480e-02 
25-06-22 13:54:47.662 - INFO: <epoch:  5, iter:  79,200, lr:5.000e-05> l_forw_fit: 1.9601e+01 l_msg: 5.0842e-02 
2025-06-22 13:54:47,662 - INFO - <epoch:  5, iter:  79,200, lr:5.000e-05> l_forw_fit: 1.9601e+01 l_msg: 5.0842e-02 
25-06-22 13:55:06.955 - INFO: <epoch:  5, iter:  79,300, lr:5.000e-05> l_forw_fit: 1.3709e+01 l_msg: 3.9062e-03 
2025-06-22 13:55:06,955 - INFO - <epoch:  5, iter:  79,300, lr:5.000e-05> l_forw_fit: 1.3709e+01 l_msg: 3.9062e-03 
25-06-22 13:55:26.791 - INFO: <epoch:  5, iter:  79,400, lr:5.000e-05> l_forw_fit: 1.8729e+01 l_msg: 0.0000e+00 
2025-06-22 13:55:26,791 - INFO - <epoch:  5, iter:  79,400, lr:5.000e-05> l_forw_fit: 1.8729e+01 l_msg: 0.0000e+00 
25-06-22 13:55:46.613 - INFO: <epoch:  5, iter:  79,500, lr:5.000e-05> l_forw_fit: 2.4001e+01 l_msg: 2.7344e-02 
2025-06-22 13:55:46,613 - INFO - <epoch:  5, iter:  79,500, lr:5.000e-05> l_forw_fit: 2.4001e+01 l_msg: 2.7344e-02 
Embed time: 0.03 seconds
Extract time: 0.01 seconds
0.0
Embed time: 0.01 seconds
Extract time: 0.01 seconds
0.0
Embed time: 0.01 seconds
Extract time: 0.01 seconds
0.0
Embed time: 0.02 seconds
Extract time: 0.01 seconds
0.0
Embed time: 0.01 seconds
Extract time: 0.01 seconds
0.0
Embed time: 0.05 seconds
Extract time: 0.01 seconds
0.0
Embed time: 0.02 seconds
Extract time: 0.01 seconds
0.0
Embed time: 0.03 seconds
Extract time: 0.01 seconds
0.0
Embed time: 0.01 seconds
Extract time: 0.01 seconds
0.0
Embed time: 0.02 seconds
Extract time: 0.01 seconds
0.0
Embed time: 0.01 seconds
Extract time: 0.01 seconds
0.0
Embed time: 0.01 seconds
Extract time: 0.04 seconds
0.0
Embed time: 0.04 seconds
Extract time: 0.01 seconds
0.0
Embed time: 0.01 seconds
Extract time: 0.01 seconds
0.0
Embed time: 0.01 seconds
Extract time: 0.01 seconds
0.0
Embed time: 0.01 seconds
Extract time: 0.05 seconds
0.0
Embed time: 0.03 seconds
Extract time: 0.01 seconds
0.0
Embed time: 0.01 seconds
Extract time: 0.01 seconds
0.015625
Embed time: 0.02 seconds
Extract time: 0.01 seconds
0.0
Embed time: 0.01 seconds
Extract time: 0.01 seconds
0.0
Embed time: 0.01 seconds
Extract time: 0.01 seconds
0.0
Embed time: 0.01 seconds
Extract time: 0.01 seconds
0.0
Embed time: 0.01 seconds
Extract time: 0.03 seconds
0.0
Embed time: 0.01 seconds
Extract time: 0.04 seconds
0.0
Embed time: 0.04 seconds
Extract time: 0.01 seconds
0.0
Embed time: 0.01 seconds
Extract time: 0.01 seconds
0.0
Embed time: 0.05 seconds
Extract time: 0.01 seconds
0.0
Embed time: 0.01 seconds
Extract time: 0.01 seconds
0.0
Embed time: 0.01 seconds
Extract time: 0.04 seconds
0.0
Embed time: 0.01 seconds
Extract time: 0.01 seconds
0.0
Embed time: 0.01 seconds
Extract time: 0.01 seconds
0.0
Embed time: 0.01 seconds
Extract time: 0.01 seconds
0.0
Embed time: 0.01 seconds
Extract time: 0.01 seconds
0.0
Embed time: 0.02 seconds
Extract time: 0.01 seconds
0.0
Embed time: 0.01 seconds
Extract time: 0.01 seconds
0.0
Embed time: 0.01 seconds
Extract time: 0.01 seconds
0.0
Embed time: 0.01 seconds
Extract time: 0.01 seconds
0.0
Embed time: 0.03 seconds
Extract time: 0.01 seconds
0.0
Embed time: 0.01 seconds
Extract time: 0.01 seconds
0.0
Embed time: 0.01 seconds
Extract time: 0.01 seconds
0.0
Embed time: 0.01 seconds
Extract time: 0.01 seconds
0.0
Embed time: 0.01 seconds
Extract time: 0.01 seconds
0.0
Embed time: 0.01 seconds
Extract time: 0.01 seconds
0.0
Embed time: 0.01 seconds
Extract time: 0.01 seconds
0.0
Embed time: 0.01 seconds
Extract time: 0.01 seconds
0.0
Embed time: 0.04 seconds
Extract time: 0.01 seconds
0.0
Embed time: 0.01 seconds
Extract time: 0.01 seconds
0.0
Embed time: 0.01 seconds
Extract time: 0.01 seconds
0.0
Embed time: 0.02 seconds
Extract time: 0.01 seconds
0.0
Embed time: 0.05 seconds
Extract time: 0.01 seconds
0.0
Embed time: 0.01 seconds
Extract time: 0.01 seconds
0.0
Embed time: 0.01 seconds
Extract time: 0.04 seconds
0.0
Embed time: 0.01 seconds
Extract time: 0.01 seconds
0.0
Embed time: 0.01 seconds
Extract time: 0.01 seconds
0.0
Embed time: 0.01 seconds
Extract time: 0.01 seconds
0.0
Embed time: 0.04 seconds
Extract time: 0.01 seconds
0.015625
Embed time: 0.01 seconds
Extract time: 0.01 seconds
0.03125
Embed time: 0.04 seconds
Extract time: 0.01 seconds
0.0
Embed time: 0.01 seconds
Extract time: 0.01 seconds
0.0
Embed time: 0.01 seconds
Extract time: 0.01 seconds
0.0
Embed time: 0.01 seconds
Extract time: 0.01 seconds
0.0
Embed time: 0.01 seconds
Extract time: 0.05 seconds
0.0
Embed time: 0.01 seconds
Extract time: 0.01 seconds
0.015625
Embed time: 0.01 seconds
Extract time: 0.01 seconds
0.0
Embed time: 0.01 seconds
Extract time: 0.01 seconds
0.0
Embed time: 0.01 seconds
Extract time: 0.01 seconds
0.0
Embed time: 0.01 seconds
Extract time: 0.01 seconds
0.0
Embed time: 0.01 seconds
Extract time: 0.01 seconds
0.0
Embed time: 0.01 seconds
Extract time: 0.01 seconds
0.0
Embed time: 0.01 seconds
Extract time: 0.01 seconds
0.0
Embed time: 0.01 seconds
Extract time: 0.01 seconds
0.0
Embed time: 0.05 seconds
Extract time: 0.01 seconds
0.0
Embed time: 0.01 seconds
Extract time: 0.01 seconds
0.0
Embed time: 0.01 seconds
Extract time: 0.04 seconds
0.0
Embed time: 0.01 seconds
Extract time: 0.01 seconds
0.0
Embed time: 0.01 seconds
Extract time: 0.01 seconds
0.0
Embed time: 0.01 seconds
Extract time: 0.01 seconds
0.0
Embed time: 0.01 seconds
Extract time: 0.01 seconds
0.0
Embed time: 0.02 seconds
Extract time: 0.01 seconds
0.0
Embed time: 0.01 seconds
Extract time: 0.01 seconds
0.0
Embed time: 0.01 seconds
Extract time: 0.01 seconds
0.0
Embed time: 0.05 seconds
Extract time: 0.01 seconds
0.0
Embed time: 0.01 seconds
Extract time: 0.01 seconds
0.03125
Embed time: 0.04 seconds
Extract time: 0.01 seconds
0.0
Embed time: 0.01 seconds
Extract time: 0.01 seconds
0.0
Embed time: 0.06 seconds
Extract time: 0.01 seconds
0.0
Embed time: 0.01 seconds
Extract time: 0.01 seconds
0.0
Embed time: 0.05 seconds
Extract time: 0.01 seconds
0.078125
Embed time: 0.01 seconds
Extract time: 0.01 seconds
0.0
Embed time: 0.04 seconds
Extract time: 0.01 seconds
0.0
Embed time: 0.01 seconds
Extract time: 0.01 seconds
0.0
Embed time: 0.05 seconds
Extract time: 0.01 seconds
0.0
Embed time: 0.01 seconds
Extract time: 0.01 seconds
0.0
Embed time: 0.01 seconds
Extract time: 0.02 seconds
0.0
Embed time: 0.01 seconds
Extract time: 0.01 seconds
0.0
Embed time: 0.04 seconds
Extract time: 0.01 seconds
0.0
Embed time: 0.01 seconds
Extract time: 0.01 seconds
0.0
Embed time: 0.05 seconds
Extract time: 0.01 seconds
0.0
Embed time: 0.01 seconds
Extract time: 0.01 seconds
0.0
Embed time: 0.01 seconds
Extract time: 0.04 seconds
0.0
25-06-22 13:56:01.817 - INFO: # Validation # PSNR_Stego: 3.9013e+01, Bit_acc:  1.8750e-03
2025-06-22 13:56:01,817 - INFO - # Validation # PSNR_Stego: 3.9013e+01, Bit_acc:  1.8750e-03
25-06-22 13:56:01.818 - INFO: <epoch:  5, iter:  79,500> PSNR_Stego: 3.9013e+01, Bit_acc:  1.8750e-03
2025-06-22 13:56:01,818 - INFO - <epoch:  5, iter:  79,500> PSNR_Stego: 3.9013e+01, Bit_acc:  1.8750e-03
25-06-22 13:56:20.651 - INFO: <epoch:  5, iter:  79,600, lr:5.000e-05> l_forw_fit: 1.2956e+01 l_msg: 0.0000e+00 
2025-06-22 13:56:20,651 - INFO - <epoch:  5, iter:  79,600, lr:5.000e-05> l_forw_fit: 1.2956e+01 l_msg: 0.0000e+00 
25-06-22 13:56:40.361 - INFO: <epoch:  5, iter:  79,700, lr:5.000e-05> l_forw_fit: 1.3982e+01 l_msg: 2.1214e-03 
2025-06-22 13:56:40,361 - INFO - <epoch:  5, iter:  79,700, lr:5.000e-05> l_forw_fit: 1.3982e+01 l_msg: 2.1214e-03 
25-06-22 13:56:59.517 - INFO: <epoch:  5, iter:  79,800, lr:5.000e-05> l_forw_fit: 2.6183e+01 l_msg: 0.0000e+00 
2025-06-22 13:56:59,517 - INFO - <epoch:  5, iter:  79,800, lr:5.000e-05> l_forw_fit: 2.6183e+01 l_msg: 0.0000e+00 
25-06-22 13:57:19.132 - INFO: <epoch:  5, iter:  79,900, lr:5.000e-05> l_forw_fit: 1.9319e+01 l_msg: 0.0000e+00 
2025-06-22 13:57:19,132 - INFO - <epoch:  5, iter:  79,900, lr:5.000e-05> l_forw_fit: 1.9319e+01 l_msg: 0.0000e+00 
25-06-22 13:57:38.631 - INFO: <epoch:  5, iter:  80,000, lr:5.000e-05> l_forw_fit: 1.4804e+01 l_msg: 1.0668e-04 
2025-06-22 13:57:38,631 - INFO - <epoch:  5, iter:  80,000, lr:5.000e-05> l_forw_fit: 1.4804e+01 l_msg: 1.0668e-04 
Embed time: 0.03 seconds
Extract time: 0.01 seconds
0.0
Embed time: 0.02 seconds
Extract time: 0.01 seconds
0.0
Embed time: 0.02 seconds
Extract time: 0.01 seconds
0.0
Embed time: 0.05 seconds
Extract time: 0.01 seconds
0.0
Embed time: 0.02 seconds
Extract time: 0.01 seconds
0.015625
Embed time: 0.04 seconds
Extract time: 0.01 seconds
0.015625
Embed time: 0.02 seconds
Extract time: 0.01 seconds
0.0
Embed time: 0.02 seconds
Extract time: 0.01 seconds
0.0
Embed time: 0.01 seconds
Extract time: 0.01 seconds
0.0
Embed time: 0.05 seconds
Extract time: 0.01 seconds
0.0
Embed time: 0.02 seconds
Extract time: 0.01 seconds
0.0
Embed time: 0.05 seconds
Extract time: 0.01 seconds
0.0
Embed time: 0.01 seconds
Extract time: 0.01 seconds
0.0
Embed time: 0.05 seconds
Extract time: 0.01 seconds
0.015625
Embed time: 0.01 seconds
Extract time: 0.01 seconds
0.0
Embed time: 0.04 seconds
Extract time: 0.01 seconds
0.0
Embed time: 0.01 seconds
Extract time: 0.01 seconds
0.015625
Embed time: 0.01 seconds
Extract time: 0.01 seconds
0.0
Embed time: 0.01 seconds
Extract time: 0.01 seconds
0.0
Embed time: 0.05 seconds
Extract time: 0.01 seconds
0.0
Embed time: 0.01 seconds
Extract time: 0.01 seconds
0.0
Embed time: 0.01 seconds
Extract time: 0.01 seconds
0.0
Embed time: 0.01 seconds
Extract time: 0.01 seconds
0.0
Embed time: 0.01 seconds
Extract time: 0.01 seconds
0.0
Embed time: 0.01 seconds
Extract time: 0.01 seconds
0.0
Embed time: 0.01 seconds
Extract time: 0.01 seconds
0.0
Embed time: 0.01 seconds
Extract time: 0.01 seconds
0.0
Embed time: 0.01 seconds
Extract time: 0.05 seconds
0.0
Embed time: 0.01 seconds
Extract time: 0.01 seconds
0.0
Embed time: 0.01 seconds
Extract time: 0.01 seconds
0.03125
Embed time: 0.01 seconds
Extract time: 0.01 seconds
0.0
Embed time: 0.01 seconds
Extract time: 0.02 seconds
0.0
Embed time: 0.02 seconds
Extract time: 0.01 seconds
0.0
Embed time: 0.01 seconds
Extract time: 0.01 seconds
0.0
Embed time: 0.05 seconds
Extract time: 0.01 seconds
0.03125
Embed time: 0.01 seconds
Extract time: 0.01 seconds
0.0
Embed time: 0.05 seconds
Extract time: 0.01 seconds
0.0
Embed time: 0.01 seconds
Extract time: 0.01 seconds
0.0
Embed time: 0.01 seconds
Extract time: 0.01 seconds
0.0
Embed time: 0.01 seconds
Extract time: 0.01 seconds
0.0
Embed time: 0.01 seconds
Extract time: 0.04 seconds
0.0
Embed time: 0.01 seconds
Extract time: 0.03 seconds
0.015625
Embed time: 0.04 seconds
Extract time: 0.01 seconds
0.0
Embed time: 0.01 seconds
Extract time: 0.01 seconds
0.0
Embed time: 0.01 seconds
Extract time: 0.04 seconds
0.0
Embed time: 0.01 seconds
Extract time: 0.01 seconds
0.0
Embed time: 0.01 seconds
Extract time: 0.01 seconds
0.0
Embed time: 0.01 seconds
Extract time: 0.01 seconds
0.0
Embed time: 0.01 seconds
Extract time: 0.04 seconds
0.0
Embed time: 0.01 seconds
Extract time: 0.01 seconds
0.03125
Embed time: 0.06 seconds
Extract time: 0.01 seconds
0.0
Embed time: 0.01 seconds
Extract time: 0.01 seconds
0.0
Embed time: 0.05 seconds
Extract time: 0.01 seconds
0.0
Embed time: 0.01 seconds
Extract time: 0.01 seconds
0.0
Embed time: 0.05 seconds
Extract time: 0.01 seconds
0.0
Embed time: 0.01 seconds
Extract time: 0.03 seconds
0.015625
Embed time: 0.03 seconds
Extract time: 0.01 seconds
0.0
Embed time: 0.01 seconds
Extract time: 0.01 seconds
0.03125
Embed time: 0.05 seconds
Extract time: 0.01 seconds
0.0
Embed time: 0.01 seconds
Extract time: 0.01 seconds
0.0
Embed time: 0.05 seconds
Extract time: 0.01 seconds
0.0
Embed time: 0.01 seconds
Extract time: 0.01 seconds
0.0
Embed time: 0.01 seconds
Extract time: 0.01 seconds
0.015625
Embed time: 0.01 seconds
Extract time: 0.01 seconds
0.0
Embed time: 0.01 seconds
Extract time: 0.01 seconds
0.0
Embed time: 0.01 seconds
Extract time: 0.01 seconds
0.0
Embed time: 0.01 seconds
Extract time: 0.01 seconds
0.0
Embed time: 0.01 seconds
Extract time: 0.01 seconds
0.0
Embed time: 0.01 seconds
Extract time: 0.01 seconds
0.0
Embed time: 0.02 seconds
Extract time: 0.01 seconds
0.0
Embed time: 0.01 seconds
Extract time: 0.01 seconds
0.0
Embed time: 0.06 seconds
Extract time: 0.01 seconds
0.0
Embed time: 0.01 seconds
Extract time: 0.01 seconds
0.0
Embed time: 0.05 seconds
Extract time: 0.01 seconds
0.0
Embed time: 0.01 seconds
Extract time: 0.05 seconds
0.0
Embed time: 0.04 seconds
Extract time: 0.01 seconds
0.0
Embed time: 0.01 seconds
Extract time: 0.01 seconds
0.0
Embed time: 0.01 seconds
Extract time: 0.05 seconds
0.0
Embed time: 0.01 seconds
Extract time: 0.01 seconds
0.0
Embed time: 0.05 seconds
Extract time: 0.01 seconds
0.0
Embed time: 0.01 seconds
Extract time: 0.03 seconds
0.0
Embed time: 0.02 seconds
Extract time: 0.01 seconds
0.0
Embed time: 0.01 seconds
Extract time: 0.01 seconds
0.0
Embed time: 0.05 seconds
Extract time: 0.01 seconds
0.0
Embed time: 0.01 seconds
Extract time: 0.01 seconds
0.0
Embed time: 0.01 seconds
Extract time: 0.01 seconds
0.046875
Embed time: 0.01 seconds
Extract time: 0.01 seconds
0.0
Embed time: 0.01 seconds
Extract time: 0.01 seconds
0.015625
Embed time: 0.03 seconds
Extract time: 0.01 seconds
0.0
Embed time: 0.01 seconds
Extract time: 0.01 seconds
0.0
Embed time: 0.02 seconds
Extract time: 0.01 seconds
0.0
Embed time: 0.01 seconds
Extract time: 0.01 seconds
0.0
Embed time: 0.01 seconds
Extract time: 0.02 seconds
0.0
Embed time: 0.01 seconds
Extract time: 0.01 seconds
0.0
Embed time: 0.05 seconds
Extract time: 0.01 seconds
0.0
Embed time: 0.01 seconds
Extract time: 0.01 seconds
0.0
Embed time: 0.05 seconds
Extract time: 0.01 seconds
0.0
Embed time: 0.01 seconds
Extract time: 0.01 seconds
0.0
Embed time: 0.06 seconds
Extract time: 0.01 seconds
0.0
Embed time: 0.01 seconds
Extract time: 0.01 seconds
0.0
25-06-22 13:57:53.810 - INFO: # Validation # PSNR_Stego: 3.9109e+01, Bit_acc:  2.9688e-03
2025-06-22 13:57:53,810 - INFO - # Validation # PSNR_Stego: 3.9109e+01, Bit_acc:  2.9688e-03
25-06-22 13:57:53.810 - INFO: <epoch:  5, iter:  80,000> PSNR_Stego: 3.9109e+01, Bit_acc:  2.9688e-03
2025-06-22 13:57:53,810 - INFO - <epoch:  5, iter:  80,000> PSNR_Stego: 3.9109e+01, Bit_acc:  2.9688e-03
25-06-22 13:57:53.811 - INFO: Saving models and training states.
2025-06-22 13:57:53,811 - INFO - Saving models and training states.
Checkpoint save path: /workspace/EditGuard-V1/experiments/train_ibsn_bit_64/models/80000_G.pth

===== Checkpoint State Path: /workspace/EditGuard-V1/experiments/train_ibsn_bit_64/training_state/80000.state =====

25-06-22 13:58:13.257 - INFO: <epoch:  5, iter:  80,100, lr:5.000e-05> l_forw_fit: 1.4252e+01 l_msg: 0.0000e+00 
2025-06-22 13:58:13,257 - INFO - <epoch:  5, iter:  80,100, lr:5.000e-05> l_forw_fit: 1.4252e+01 l_msg: 0.0000e+00 
25-06-22 13:58:32.854 - INFO: <epoch:  5, iter:  80,200, lr:5.000e-05> l_forw_fit: 2.0443e+01 l_msg: 0.0000e+00 
2025-06-22 13:58:32,854 - INFO - <epoch:  5, iter:  80,200, lr:5.000e-05> l_forw_fit: 2.0443e+01 l_msg: 0.0000e+00 
25-06-22 13:58:52.251 - INFO: <epoch:  5, iter:  80,300, lr:5.000e-05> l_forw_fit: 1.1888e+01 l_msg: 0.0000e+00 
2025-06-22 13:58:52,251 - INFO - <epoch:  5, iter:  80,300, lr:5.000e-05> l_forw_fit: 1.1888e+01 l_msg: 0.0000e+00 
25-06-22 13:59:11.692 - INFO: <epoch:  5, iter:  80,400, lr:5.000e-05> l_forw_fit: 2.8473e+01 l_msg: 7.1061e-06 
2025-06-22 13:59:11,692 - INFO - <epoch:  5, iter:  80,400, lr:5.000e-05> l_forw_fit: 2.8473e+01 l_msg: 7.1061e-06 
25-06-22 13:59:31.251 - INFO: <epoch:  5, iter:  80,500, lr:5.000e-05> l_forw_fit: 1.7075e+01 l_msg: 0.0000e+00 
2025-06-22 13:59:31,251 - INFO - <epoch:  5, iter:  80,500, lr:5.000e-05> l_forw_fit: 1.7075e+01 l_msg: 0.0000e+00 
Embed time: 0.03 seconds
Extract time: 0.01 seconds
0.0
Embed time: 0.01 seconds
Extract time: 0.01 seconds
0.0
Embed time: 0.01 seconds
Extract time: 0.01 seconds
0.0
Embed time: 0.01 seconds
Extract time: 0.01 seconds
0.0
Embed time: 0.05 seconds
Extract time: 0.01 seconds
0.015625
Embed time: 0.01 seconds
Extract time: 0.01 seconds
0.0
Embed time: 0.01 seconds
Extract time: 0.04 seconds
0.0
Embed time: 0.01 seconds
Extract time: 0.01 seconds
0.0
Embed time: 0.01 seconds
Extract time: 0.05 seconds
0.0
Embed time: 0.04 seconds
Extract time: 0.01 seconds
0.0
Embed time: 0.01 seconds
Extract time: 0.01 seconds
0.0
Embed time: 0.01 seconds
Extract time: 0.01 seconds
0.0
Embed time: 0.01 seconds
Extract time: 0.01 seconds
0.0
Embed time: 0.02 seconds
Extract time: 0.01 seconds
0.015625
Embed time: 0.01 seconds
Extract time: 0.01 seconds
0.0
Embed time: 0.02 seconds
Extract time: 0.01 seconds
0.0
Embed time: 0.01 seconds
Extract time: 0.01 seconds
0.0
Embed time: 0.05 seconds
Extract time: 0.01 seconds
0.0
Embed time: 0.01 seconds
Extract time: 0.01 seconds
0.0
Embed time: 0.01 seconds
Extract time: 0.05 seconds
0.0
Embed time: 0.01 seconds
Extract time: 0.01 seconds
0.0
Embed time: 0.01 seconds
Extract time: 0.01 seconds
0.0
Embed time: 0.01 seconds
Extract time: 0.01 seconds
0.0
Embed time: 0.01 seconds
Extract time: 0.01 seconds
0.0
Embed time: 0.01 seconds
Extract time: 0.01 seconds
0.0
Embed time: 0.01 seconds
Extract time: 0.01 seconds
0.0
Embed time: 0.03 seconds
Extract time: 0.01 seconds
0.0
Embed time: 0.01 seconds
Extract time: 0.01 seconds
0.0
Embed time: 0.01 seconds
Extract time: 0.04 seconds
0.0
Embed time: 0.01 seconds
Extract time: 0.01 seconds
0.0
Embed time: 0.04 seconds
Extract time: 0.01 seconds
0.0
Embed time: 0.01 seconds
Extract time: 0.01 seconds
0.0
Embed time: 0.05 seconds
Extract time: 0.01 seconds
0.0
Embed time: 0.01 seconds
Extract time: 0.01 seconds
0.0
Embed time: 0.01 seconds
Extract time: 0.01 seconds
0.03125
Embed time: 0.01 seconds
Extract time: 0.01 seconds
0.0
Embed time: 0.05 seconds
Extract time: 0.01 seconds
0.0
Embed time: 0.01 seconds
Extract time: 0.01 seconds
0.0
Embed time: 0.05 seconds
Extract time: 0.01 seconds
0.0
Embed time: 0.01 seconds
Extract time: 0.01 seconds
0.0
Embed time: 0.05 seconds
Extract time: 0.01 seconds
0.0
Embed time: 0.01 seconds
Extract time: 0.01 seconds
0.0
Embed time: 0.05 seconds
Extract time: 0.01 seconds
0.09375
Embed time: 0.01 seconds
Extract time: 0.01 seconds
0.0
Embed time: 0.01 seconds
Extract time: 0.01 seconds
0.0
Embed time: 0.01 seconds
Extract time: 0.01 seconds
0.0
Embed time: 0.01 seconds
Extract time: 0.04 seconds
0.0
Embed time: 0.01 seconds
Extract time: 0.01 seconds
0.0
Embed time: 0.01 seconds
Extract time: 0.01 seconds
0.0
Embed time: 0.03 seconds
Extract time: 0.01 seconds
0.0
Embed time: 0.01 seconds
Extract time: 0.01 seconds
0.0
Embed time: 0.04 seconds
Extract time: 0.01 seconds
0.0
Embed time: 0.01 seconds
Extract time: 0.01 seconds
0.0
Embed time: 0.05 seconds
Extract time: 0.01 seconds
0.0
Embed time: 0.01 seconds
Extract time: 0.01 seconds
0.0
Embed time: 0.01 seconds
Extract time: 0.01 seconds
0.0
Embed time: 0.01 seconds
Extract time: 0.01 seconds
0.015625
Embed time: 0.01 seconds
Extract time: 0.01 seconds
0.0
Embed time: 0.01 seconds
Extract time: 0.01 seconds
0.0
Embed time: 0.01 seconds
Extract time: 0.01 seconds
0.0
Embed time: 0.01 seconds
Extract time: 0.02 seconds
0.0
Embed time: 0.04 seconds
Extract time: 0.01 seconds
0.0
Embed time: 0.01 seconds
Extract time: 0.01 seconds
0.0
Embed time: 0.01 seconds
Extract time: 0.01 seconds
0.015625
Embed time: 0.01 seconds
Extract time: 0.01 seconds
0.0
Embed time: 0.01 seconds
Extract time: 0.04 seconds
0.0
Embed time: 0.01 seconds
Extract time: 0.01 seconds
0.0
Embed time: 0.05 seconds
Extract time: 0.01 seconds
0.0
Embed time: 0.01 seconds
Extract time: 0.01 seconds
0.0
Embed time: 0.01 seconds
Extract time: 0.04 seconds
0.0
Embed time: 0.01 seconds
Extract time: 0.01 seconds
0.0
Embed time: 0.02 seconds
Extract time: 0.01 seconds
0.0
Embed time: 0.01 seconds
Extract time: 0.01 seconds
0.0
Embed time: 0.02 seconds
Extract time: 0.01 seconds
0.0
Embed time: 0.01 seconds
Extract time: 0.01 seconds
0.0
Embed time: 0.02 seconds
Extract time: 0.01 seconds
0.0
Embed time: 0.01 seconds
Extract time: 0.01 seconds
0.0
Embed time: 0.01 seconds
Extract time: 0.01 seconds
0.0
Embed time: 0.01 seconds
Extract time: 0.01 seconds
0.0
Embed time: 0.01 seconds
Extract time: 0.05 seconds
0.0
Embed time: 0.03 seconds
Extract time: 0.01 seconds
0.0
Embed time: 0.01 seconds
Extract time: 0.01 seconds
0.0
Embed time: 0.02 seconds
Extract time: 0.01 seconds
0.0
Embed time: 0.01 seconds
Extract time: 0.01 seconds
0.0
Embed time: 0.06 seconds
Extract time: 0.01 seconds
0.0
Embed time: 0.01 seconds
Extract time: 0.01 seconds
0.015625
Embed time: 0.05 seconds
Extract time: 0.01 seconds
0.0
Embed time: 0.01 seconds
Extract time: 0.01 seconds
0.0625
Embed time: 0.01 seconds
Extract time: 0.01 seconds
0.0
Embed time: 0.02 seconds
Extract time: 0.01 seconds
0.0
Embed time: 0.01 seconds
Extract time: 0.01 seconds
0.0
Embed time: 0.01 seconds
Extract time: 0.01 seconds
0.0
Embed time: 0.01 seconds
Extract time: 0.01 seconds
0.0
Embed time: 0.01 seconds
Extract time: 0.03 seconds
0.0
Embed time: 0.04 seconds
Extract time: 0.01 seconds
0.0
Embed time: 0.02 seconds
Extract time: 0.01 seconds
0.0
Embed time: 0.01 seconds
Extract time: 0.01 seconds
0.0
Embed time: 0.01 seconds
Extract time: 0.01 seconds
0.0
Embed time: 0.01 seconds
Extract time: 0.01 seconds
0.0
Embed time: 0.01 seconds
Extract time: 0.01 seconds
0.0
25-06-22 13:59:46.301 - INFO: # Validation # PSNR_Stego: 3.8549e+01, Bit_acc:  2.6563e-03
2025-06-22 13:59:46,301 - INFO - # Validation # PSNR_Stego: 3.8549e+01, Bit_acc:  2.6563e-03
25-06-22 13:59:46.302 - INFO: <epoch:  5, iter:  80,500> PSNR_Stego: 3.8549e+01, Bit_acc:  2.6563e-03
2025-06-22 13:59:46,302 - INFO - <epoch:  5, iter:  80,500> PSNR_Stego: 3.8549e+01, Bit_acc:  2.6563e-03
25-06-22 14:00:06.136 - INFO: <epoch:  5, iter:  80,600, lr:5.000e-05> l_forw_fit: 1.1290e+01 l_msg: 1.1719e-02 
2025-06-22 14:00:06,136 - INFO - <epoch:  5, iter:  80,600, lr:5.000e-05> l_forw_fit: 1.1290e+01 l_msg: 1.1719e-02 
25-06-22 14:00:26.212 - INFO: <epoch:  5, iter:  80,700, lr:5.000e-05> l_forw_fit: 3.0983e+01 l_msg: 3.8100e-02 
2025-06-22 14:00:26,212 - INFO - <epoch:  5, iter:  80,700, lr:5.000e-05> l_forw_fit: 3.0983e+01 l_msg: 3.8100e-02 
25-06-22 14:00:45.455 - INFO: <epoch:  5, iter:  80,800, lr:5.000e-05> l_forw_fit: 1.9246e+01 l_msg: 0.0000e+00 
2025-06-22 14:00:45,455 - INFO - <epoch:  5, iter:  80,800, lr:5.000e-05> l_forw_fit: 1.9246e+01 l_msg: 0.0000e+00 
25-06-22 14:01:05.078 - INFO: <epoch:  5, iter:  80,900, lr:5.000e-05> l_forw_fit: 4.2813e+01 l_msg: 1.8509e-03 
2025-06-22 14:01:05,078 - INFO - <epoch:  5, iter:  80,900, lr:5.000e-05> l_forw_fit: 4.2813e+01 l_msg: 1.8509e-03 
25-06-22 14:01:24.754 - INFO: <epoch:  5, iter:  81,000, lr:5.000e-05> l_forw_fit: 1.3019e+01 l_msg: 0.0000e+00 
2025-06-22 14:01:24,754 - INFO - <epoch:  5, iter:  81,000, lr:5.000e-05> l_forw_fit: 1.3019e+01 l_msg: 0.0000e+00 
Embed time: 0.03 seconds
Extract time: 0.01 seconds
0.0
Embed time: 0.02 seconds
Extract time: 0.01 seconds
0.0
Embed time: 0.01 seconds
Extract time: 0.05 seconds
0.0
Embed time: 0.03 seconds
Extract time: 0.01 seconds
0.0
Embed time: 0.01 seconds
Extract time: 0.01 seconds
0.0
Embed time: 0.02 seconds
Extract time: 0.01 seconds
0.015625
Embed time: 0.01 seconds
Extract time: 0.01 seconds
0.0
Embed time: 0.04 seconds
Extract time: 0.01 seconds
0.0
Embed time: 0.01 seconds
Extract time: 0.01 seconds
0.0
Embed time: 0.05 seconds
Extract time: 0.01 seconds
0.0
Embed time: 0.01 seconds
Extract time: 0.01 seconds
0.0
Embed time: 0.04 seconds
Extract time: 0.01 seconds
0.0
Embed time: 0.01 seconds
Extract time: 0.01 seconds
0.0
Embed time: 0.05 seconds
Extract time: 0.01 seconds
0.0
Embed time: 0.01 seconds
Extract time: 0.01 seconds
0.0
Embed time: 0.04 seconds
Extract time: 0.01 seconds
0.0
Embed time: 0.01 seconds
Extract time: 0.01 seconds
0.0
Embed time: 0.01 seconds
Extract time: 0.01 seconds
0.015625
Embed time: 0.01 seconds
Extract time: 0.01 seconds
0.0
Embed time: 0.01 seconds
Extract time: 0.01 seconds
0.0
Embed time: 0.01 seconds
Extract time: 0.01 seconds
0.015625
Embed time: 0.01 seconds
Extract time: 0.01 seconds
0.0
Embed time: 0.02 seconds
Extract time: 0.01 seconds
0.0
Embed time: 0.01 seconds
Extract time: 0.01 seconds
0.0
Embed time: 0.03 seconds
Extract time: 0.01 seconds
0.0
Embed time: 0.01 seconds
Extract time: 0.01 seconds
0.0
Embed time: 0.05 seconds
Extract time: 0.01 seconds
0.0
Embed time: 0.01 seconds
Extract time: 0.01 seconds
0.0
Embed time: 0.05 seconds
Extract time: 0.01 seconds
0.0
Embed time: 0.01 seconds
Extract time: 0.01 seconds
0.03125
Embed time: 0.03 seconds
Extract time: 0.01 seconds
0.0625
Embed time: 0.01 seconds
Extract time: 0.01 seconds
0.0
Embed time: 0.01 seconds
Extract time: 0.04 seconds
0.0
Embed time: 0.01 seconds
Extract time: 0.01 seconds
0.0
Embed time: 0.01 seconds
Extract time: 0.01 seconds
0.015625
Embed time: 0.01 seconds
Extract time: 0.01 seconds
0.0
Embed time: 0.01 seconds
Extract time: 0.01 seconds
0.0
Embed time: 0.01 seconds
Extract time: 0.01 seconds
0.0
Embed time: 0.04 seconds
Extract time: 0.01 seconds
0.0
Embed time: 0.01 seconds
Extract time: 0.01 seconds
0.0
Embed time: 0.05 seconds
Extract time: 0.01 seconds
0.0
Embed time: 0.01 seconds
Extract time: 0.01 seconds
0.0
Embed time: 0.02 seconds
Extract time: 0.01 seconds
0.0
Embed time: 0.01 seconds
Extract time: 0.01 seconds
0.0
Embed time: 0.01 seconds
Extract time: 0.01 seconds
0.0
Embed time: 0.01 seconds
Extract time: 0.01 seconds
0.0
Embed time: 0.04 seconds
Extract time: 0.01 seconds
0.0
Embed time: 0.01 seconds
Extract time: 0.01 seconds
0.0
Embed time: 0.01 seconds
Extract time: 0.01 seconds
0.0
Embed time: 0.01 seconds
Extract time: 0.01 seconds
0.09375
Embed time: 0.04 seconds
Extract time: 0.01 seconds
0.0
Embed time: 0.01 seconds
Extract time: 0.01 seconds
0.0
Embed time: 0.04 seconds
Extract time: 0.01 seconds
0.0
Embed time: 0.01 seconds
Extract time: 0.01 seconds
0.0
Embed time: 0.03 seconds
Extract time: 0.01 seconds
0.125
Embed time: 0.01 seconds
Extract time: 0.03 seconds
0.0
Embed time: 0.03 seconds
Extract time: 0.01 seconds
0.03125
Embed time: 0.01 seconds
Extract time: 0.01 seconds
0.0
Embed time: 0.04 seconds
Extract time: 0.01 seconds
0.0
Embed time: 0.01 seconds
Extract time: 0.01 seconds
0.0
Embed time: 0.01 seconds
Extract time: 0.01 seconds
0.0
Embed time: 0.01 seconds
Extract time: 0.01 seconds
0.0
Embed time: 0.01 seconds
Extract time: 0.01 seconds
0.0
Embed time: 0.01 seconds
Extract time: 0.01 seconds
0.0
Embed time: 0.01 seconds
Extract time: 0.01 seconds
0.0
Embed time: 0.01 seconds
Extract time: 0.03 seconds
0.0
Embed time: 0.01 seconds
Extract time: 0.01 seconds
0.0
Embed time: 0.01 seconds
Extract time: 0.01 seconds
0.0
Embed time: 0.01 seconds
Extract time: 0.01 seconds
0.0
Embed time: 0.01 seconds
Extract time: 0.01 seconds
0.0
Embed time: 0.03 seconds
Extract time: 0.01 seconds
0.0
Embed time: 0.01 seconds
Extract time: 0.03 seconds
0.0
Embed time: 0.03 seconds
Extract time: 0.01 seconds
0.0
Embed time: 0.01 seconds
Extract time: 0.01 seconds
0.0
Embed time: 0.06 seconds
Extract time: 0.01 seconds
0.0
Embed time: 0.01 seconds
Extract time: 0.01 seconds
0.0
Embed time: 0.05 seconds
Extract time: 0.01 seconds
0.0
Embed time: 0.01 seconds
Extract time: 0.01 seconds
0.0
Embed time: 0.04 seconds
Extract time: 0.01 seconds
0.0
Embed time: 0.01 seconds
Extract time: 0.01 seconds
0.0
Embed time: 0.01 seconds
Extract time: 0.01 seconds
0.0
Embed time: 0.04 seconds
Extract time: 0.01 seconds
0.0
Embed time: 0.01 seconds
Extract time: 0.01 seconds
0.0
Embed time: 0.02 seconds
Extract time: 0.01 seconds
0.0
Embed time: 0.01 seconds
Extract time: 0.01 seconds
0.0
Embed time: 0.05 seconds
Extract time: 0.01 seconds
0.0
Embed time: 0.01 seconds
Extract time: 0.01 seconds
0.0
Embed time: 0.01 seconds
Extract time: 0.01 seconds
0.0
Embed time: 0.01 seconds
Extract time: 0.01 seconds
0.0
Embed time: 0.05 seconds
Extract time: 0.01 seconds
0.0
Embed time: 0.01 seconds
Extract time: 0.01 seconds
0.015625
Embed time: 0.03 seconds
Extract time: 0.01 seconds
0.03125
Embed time: 0.01 seconds
Extract time: 0.01 seconds
0.0
Embed time: 0.01 seconds
Extract time: 0.01 seconds
0.015625
Embed time: 0.01 seconds
Extract time: 0.01 seconds
0.0
Embed time: 0.04 seconds
Extract time: 0.01 seconds
0.0
Embed time: 0.01 seconds
Extract time: 0.01 seconds
0.0
Embed time: 0.01 seconds
Extract time: 0.01 seconds
0.0
Embed time: 0.01 seconds
Extract time: 0.01 seconds
0.0
Embed time: 0.01 seconds
Extract time: 0.01 seconds
0.0
25-06-22 14:01:39.848 - INFO: # Validation # PSNR_Stego: 3.9038e+01, Bit_acc:  4.6875e-03
2025-06-22 14:01:39,848 - INFO - # Validation # PSNR_Stego: 3.9038e+01, Bit_acc:  4.6875e-03
25-06-22 14:01:39.849 - INFO: <epoch:  5, iter:  81,000> PSNR_Stego: 3.9038e+01, Bit_acc:  4.6875e-03
2025-06-22 14:01:39,849 - INFO - <epoch:  5, iter:  81,000> PSNR_Stego: 3.9038e+01, Bit_acc:  4.6875e-03
25-06-22 14:01:39.849 - INFO: Saving models and training states.
2025-06-22 14:01:39,849 - INFO - Saving models and training states.
Checkpoint save path: /workspace/EditGuard-V1/experiments/train_ibsn_bit_64/models/81000_G.pth

===== Checkpoint State Path: /workspace/EditGuard-V1/experiments/train_ibsn_bit_64/training_state/81000.state =====

25-06-22 14:01:59.747 - INFO: <epoch:  5, iter:  81,100, lr:5.000e-05> l_forw_fit: 1.1191e+01 l_msg: 4.1875e-02 
2025-06-22 14:01:59,747 - INFO - <epoch:  5, iter:  81,100, lr:5.000e-05> l_forw_fit: 1.1191e+01 l_msg: 4.1875e-02 
25-06-22 14:02:19.110 - INFO: <epoch:  5, iter:  81,200, lr:5.000e-05> l_forw_fit: 1.0007e+01 l_msg: 0.0000e+00 
2025-06-22 14:02:19,110 - INFO - <epoch:  5, iter:  81,200, lr:5.000e-05> l_forw_fit: 1.0007e+01 l_msg: 0.0000e+00 
25-06-22 14:02:38.841 - INFO: <epoch:  5, iter:  81,300, lr:5.000e-05> l_forw_fit: 1.1719e+01 l_msg: 8.3825e-03 
2025-06-22 14:02:38,841 - INFO - <epoch:  5, iter:  81,300, lr:5.000e-05> l_forw_fit: 1.1719e+01 l_msg: 8.3825e-03 
25-06-22 14:02:58.037 - INFO: <epoch:  5, iter:  81,400, lr:5.000e-05> l_forw_fit: 1.2041e+01 l_msg: 3.8555e-02 
2025-06-22 14:02:58,037 - INFO - <epoch:  5, iter:  81,400, lr:5.000e-05> l_forw_fit: 1.2041e+01 l_msg: 3.8555e-02 
25-06-22 14:03:17.235 - INFO: <epoch:  5, iter:  81,500, lr:5.000e-05> l_forw_fit: 1.7331e+01 l_msg: 7.0681e-03 
2025-06-22 14:03:17,235 - INFO - <epoch:  5, iter:  81,500, lr:5.000e-05> l_forw_fit: 1.7331e+01 l_msg: 7.0681e-03 
Embed time: 0.03 seconds
Extract time: 0.01 seconds
0.0
Embed time: 0.01 seconds
Extract time: 0.01 seconds
0.0
Embed time: 0.01 seconds
Extract time: 0.01 seconds
0.0
Embed time: 0.06 seconds
Extract time: 0.01 seconds
0.0
Embed time: 0.01 seconds
Extract time: 0.01 seconds
0.0
Embed time: 0.06 seconds
Extract time: 0.01 seconds
0.0
Embed time: 0.01 seconds
Extract time: 0.01 seconds
0.0
Embed time: 0.01 seconds
Extract time: 0.01 seconds
0.0
Embed time: 0.01 seconds
Extract time: 0.01 seconds
0.0
Embed time: 0.05 seconds
Extract time: 0.01 seconds
0.0
Embed time: 0.01 seconds
Extract time: 0.01 seconds
0.0
Embed time: 0.01 seconds
Extract time: 0.01 seconds
0.0
Embed time: 0.01 seconds
Extract time: 0.01 seconds
0.0
Embed time: 0.01 seconds
Extract time: 0.01 seconds
0.0
Embed time: 0.01 seconds
Extract time: 0.01 seconds
0.0
Embed time: 0.01 seconds
Extract time: 0.01 seconds
0.0
Embed time: 0.01 seconds
Extract time: 0.01 seconds
0.0
Embed time: 0.01 seconds
Extract time: 0.04 seconds
0.0
Embed time: 0.04 seconds
Extract time: 0.01 seconds
0.0
Embed time: 0.01 seconds
Extract time: 0.01 seconds
0.0
Embed time: 0.04 seconds
Extract time: 0.01 seconds
0.0
Embed time: 0.01 seconds
Extract time: 0.01 seconds
0.015625
Embed time: 0.05 seconds
Extract time: 0.01 seconds
0.0
Embed time: 0.01 seconds
Extract time: 0.01 seconds
0.0
Embed time: 0.01 seconds
Extract time: 0.01 seconds
0.0
Embed time: 0.01 seconds
Extract time: 0.01 seconds
0.0
Embed time: 0.01 seconds
Extract time: 0.05 seconds
0.0
Embed time: 0.01 seconds
Extract time: 0.01 seconds
0.0
Embed time: 0.01 seconds
Extract time: 0.01 seconds
0.0
Embed time: 0.03 seconds
Extract time: 0.01 seconds
0.0
Embed time: 0.01 seconds
Extract time: 0.01 seconds
0.015625
Embed time: 0.01 seconds
Extract time: 0.01 seconds
0.0
Embed time: 0.01 seconds
Extract time: 0.01 seconds
0.0
Embed time: 0.02 seconds
Extract time: 0.01 seconds
0.0
Embed time: 0.01 seconds
Extract time: 0.01 seconds
0.015625
Embed time: 0.01 seconds
Extract time: 0.01 seconds
0.0
Embed time: 0.01 seconds
Extract time: 0.01 seconds
0.0
Embed time: 0.02 seconds
Extract time: 0.04 seconds
0.0
Embed time: 0.01 seconds
Extract time: 0.01 seconds
0.0
Embed time: 0.01 seconds
Extract time: 0.01 seconds
0.0
Embed time: 0.01 seconds
Extract time: 0.01 seconds
0.0
Embed time: 0.01 seconds
Extract time: 0.01 seconds
0.0
Embed time: 0.03 seconds
Extract time: 0.01 seconds
0.015625
Embed time: 0.01 seconds
Extract time: 0.01 seconds
0.0
Embed time: 0.04 seconds
Extract time: 0.01 seconds
0.0
Embed time: 0.01 seconds
Extract time: 0.03 seconds
0.0
Embed time: 0.03 seconds
Extract time: 0.01 seconds
0.0
Embed time: 0.01 seconds
Extract time: 0.01 seconds
0.0
Embed time: 0.01 seconds
Extract time: 0.04 seconds
0.0
Embed time: 0.01 seconds
Extract time: 0.01 seconds
0.03125
Embed time: 0.01 seconds
Extract time: 0.01 seconds
0.0
Embed time: 0.02 seconds
Extract time: 0.01 seconds
0.0
Embed time: 0.01 seconds
Extract time: 0.01 seconds
0.0
Embed time: 0.01 seconds
Extract time: 0.02 seconds
0.0
Embed time: 0.01 seconds
Extract time: 0.01 seconds
0.09375
Embed time: 0.04 seconds
Extract time: 0.01 seconds
0.046875
Embed time: 0.01 seconds
Extract time: 0.01 seconds
0.0
Embed time: 0.01 seconds
Extract time: 0.01 seconds
0.0
Embed time: 0.01 seconds
Extract time: 0.01 seconds
0.0
Embed time: 0.05 seconds
Extract time: 0.01 seconds
0.0
Embed time: 0.01 seconds
Extract time: 0.01 seconds
0.0
Embed time: 0.04 seconds
Extract time: 0.01 seconds
0.015625
Embed time: 0.01 seconds
Extract time: 0.01 seconds
0.015625
Embed time: 0.01 seconds
Extract time: 0.01 seconds
0.0
Embed time: 0.01 seconds
Extract time: 0.01 seconds
0.0
Embed time: 0.05 seconds
Extract time: 0.01 seconds
0.0
Embed time: 0.01 seconds
Extract time: 0.01 seconds
0.0
Embed time: 0.01 seconds
Extract time: 0.01 seconds
0.0
Embed time: 0.01 seconds
Extract time: 0.01 seconds
0.0
Embed time: 0.06 seconds
Extract time: 0.01 seconds
0.0
Embed time: 0.01 seconds
Extract time: 0.01 seconds
0.0
Embed time: 0.05 seconds
Extract time: 0.01 seconds
0.0
Embed time: 0.01 seconds
Extract time: 0.01 seconds
0.0
Embed time: 0.01 seconds
Extract time: 0.01 seconds
0.0
Embed time: 0.01 seconds
Extract time: 0.01 seconds
0.0
Embed time: 0.01 seconds
Extract time: 0.01 seconds
0.0
Embed time: 0.01 seconds
Extract time: 0.01 seconds
0.0
Embed time: 0.01 seconds
Extract time: 0.02 seconds
0.0
Embed time: 0.01 seconds
Extract time: 0.01 seconds
0.0
Embed time: 0.01 seconds
Extract time: 0.01 seconds
0.0
Embed time: 0.01 seconds
Extract time: 0.01 seconds
0.015625
Embed time: 0.02 seconds
Extract time: 0.03 seconds
0.0
Embed time: 0.02 seconds
Extract time: 0.01 seconds
0.015625
Embed time: 0.01 seconds
Extract time: 0.01 seconds
0.0
Embed time: 0.01 seconds
Extract time: 0.01 seconds
0.0
Embed time: 0.01 seconds
Extract time: 0.01 seconds
0.0
Embed time: 0.04 seconds
Extract time: 0.01 seconds
0.0
Embed time: 0.01 seconds
Extract time: 0.01 seconds
0.015625
Embed time: 0.01 seconds
Extract time: 0.04 seconds
0.0
Embed time: 0.01 seconds
Extract time: 0.01 seconds
0.0
Embed time: 0.05 seconds
Extract time: 0.01 seconds
0.0
Embed time: 0.01 seconds
Extract time: 0.01 seconds
0.0
Embed time: 0.05 seconds
Extract time: 0.01 seconds
0.0
Embed time: 0.01 seconds
Extract time: 0.01 seconds
0.0
Embed time: 0.04 seconds
Extract time: 0.01 seconds
0.0
Embed time: 0.01 seconds
Extract time: 0.01 seconds
0.0
Embed time: 0.05 seconds
Extract time: 0.01 seconds
0.0
Embed time: 0.01 seconds
Extract time: 0.01 seconds
0.0
Embed time: 0.01 seconds
Extract time: 0.01 seconds
0.0
Embed time: 0.01 seconds
Extract time: 0.01 seconds
0.0
25-06-22 14:03:32.298 - INFO: # Validation # PSNR_Stego: 3.8622e+01, Bit_acc:  3.1250e-03
2025-06-22 14:03:32,298 - INFO - # Validation # PSNR_Stego: 3.8622e+01, Bit_acc:  3.1250e-03
25-06-22 14:03:32.298 - INFO: <epoch:  5, iter:  81,500> PSNR_Stego: 3.8622e+01, Bit_acc:  3.1250e-03
2025-06-22 14:03:32,298 - INFO - <epoch:  5, iter:  81,500> PSNR_Stego: 3.8622e+01, Bit_acc:  3.1250e-03
25-06-22 14:03:51.958 - INFO: <epoch:  5, iter:  81,600, lr:5.000e-05> l_forw_fit: 1.3153e+01 l_msg: 0.0000e+00 
2025-06-22 14:03:51,958 - INFO - <epoch:  5, iter:  81,600, lr:5.000e-05> l_forw_fit: 1.3153e+01 l_msg: 0.0000e+00 
25-06-22 14:04:11.845 - INFO: <epoch:  5, iter:  81,700, lr:5.000e-05> l_forw_fit: 8.2230e+01 l_msg: 0.0000e+00 
2025-06-22 14:04:11,845 - INFO - <epoch:  5, iter:  81,700, lr:5.000e-05> l_forw_fit: 8.2230e+01 l_msg: 0.0000e+00 
25-06-22 14:04:30.844 - INFO: <epoch:  5, iter:  81,800, lr:5.000e-05> l_forw_fit: 1.7513e+01 l_msg: 0.0000e+00 
2025-06-22 14:04:30,844 - INFO - <epoch:  5, iter:  81,800, lr:5.000e-05> l_forw_fit: 1.7513e+01 l_msg: 0.0000e+00 
25-06-22 14:04:50.405 - INFO: <epoch:  5, iter:  81,900, lr:5.000e-05> l_forw_fit: 1.0852e+01 l_msg: 0.0000e+00 
2025-06-22 14:04:50,405 - INFO - <epoch:  5, iter:  81,900, lr:5.000e-05> l_forw_fit: 1.0852e+01 l_msg: 0.0000e+00 
25-06-22 14:05:10.341 - INFO: <epoch:  5, iter:  82,000, lr:5.000e-05> l_forw_fit: 1.0879e+01 l_msg: 5.1830e-02 
2025-06-22 14:05:10,341 - INFO - <epoch:  5, iter:  82,000, lr:5.000e-05> l_forw_fit: 1.0879e+01 l_msg: 5.1830e-02 
Embed time: 0.03 seconds
Extract time: 0.01 seconds
0.0
Embed time: 0.04 seconds
Extract time: 0.01 seconds
0.015625
Embed time: 0.02 seconds
Extract time: 0.04 seconds
0.0
Embed time: 0.03 seconds
Extract time: 0.01 seconds
0.0
Embed time: 0.02 seconds
Extract time: 0.01 seconds
0.015625
Embed time: 0.04 seconds
Extract time: 0.01 seconds
0.046875
Embed time: 0.02 seconds
Extract time: 0.01 seconds
0.0
Embed time: 0.02 seconds
Extract time: 0.01 seconds
0.0
Embed time: 0.01 seconds
Extract time: 0.01 seconds
0.0
Embed time: 0.01 seconds
Extract time: 0.01 seconds
0.0
Embed time: 0.01 seconds
Extract time: 0.01 seconds
0.0
Embed time: 0.01 seconds
Extract time: 0.05 seconds
0.0
Embed time: 0.04 seconds
Extract time: 0.01 seconds
0.0
Embed time: 0.01 seconds
Extract time: 0.01 seconds
0.0
Embed time: 0.01 seconds
Extract time: 0.01 seconds
0.0
Embed time: 0.03 seconds
Extract time: 0.01 seconds
0.0
Embed time: 0.01 seconds
Extract time: 0.01 seconds
0.0
Embed time: 0.03 seconds
Extract time: 0.01 seconds
0.0
Embed time: 0.01 seconds
Extract time: 0.01 seconds
0.0
Embed time: 0.01 seconds
Extract time: 0.01 seconds
0.0
Embed time: 0.01 seconds
Extract time: 0.01 seconds
0.0
Embed time: 0.01 seconds
Extract time: 0.01 seconds
0.0625
Embed time: 0.01 seconds
Extract time: 0.01 seconds
0.0
Embed time: 0.01 seconds
Extract time: 0.01 seconds
0.0
Embed time: 0.01 seconds
Extract time: 0.01 seconds
0.0
Embed time: 0.01 seconds
Extract time: 0.01 seconds
0.0
Embed time: 0.01 seconds
Extract time: 0.05 seconds
0.0
Embed time: 0.01 seconds
Extract time: 0.01 seconds
0.0
Embed time: 0.01 seconds
Extract time: 0.01 seconds
0.0
Embed time: 0.02 seconds
Extract time: 0.01 seconds
0.0
Embed time: 0.01 seconds
Extract time: 0.01 seconds
0.015625
Embed time: 0.05 seconds
Extract time: 0.01 seconds
0.0
Embed time: 0.01 seconds
Extract time: 0.01 seconds
0.0
Embed time: 0.04 seconds
Extract time: 0.01 seconds
0.0
Embed time: 0.01 seconds
Extract time: 0.01 seconds
0.0
Embed time: 0.01 seconds
Extract time: 0.01 seconds
0.0
Embed time: 0.01 seconds
Extract time: 0.01 seconds
0.0
Embed time: 0.01 seconds
Extract time: 0.01 seconds
0.0
Embed time: 0.01 seconds
Extract time: 0.01 seconds
0.0
Embed time: 0.01 seconds
Extract time: 0.01 seconds
0.0
Embed time: 0.01 seconds
Extract time: 0.01 seconds
0.0
Embed time: 0.03 seconds
Extract time: 0.01 seconds
0.0
Embed time: 0.01 seconds
Extract time: 0.01 seconds
0.0
Embed time: 0.01 seconds
Extract time: 0.01 seconds
0.03125
Embed time: 0.02 seconds
Extract time: 0.01 seconds
0.0
Embed time: 0.01 seconds
Extract time: 0.01 seconds
0.0
Embed time: 0.01 seconds
Extract time: 0.01 seconds
0.0
Embed time: 0.04 seconds
Extract time: 0.01 seconds
0.0
Embed time: 0.01 seconds
Extract time: 0.01 seconds
0.0
Embed time: 0.05 seconds
Extract time: 0.01 seconds
0.15625
Embed time: 0.01 seconds
Extract time: 0.01 seconds
0.0
Embed time: 0.01 seconds
Extract time: 0.05 seconds
0.0
Embed time: 0.02 seconds
Extract time: 0.01 seconds
0.0
Embed time: 0.01 seconds
Extract time: 0.01 seconds
0.0
Embed time: 0.01 seconds
Extract time: 0.01 seconds
0.0
Embed time: 0.05 seconds
Extract time: 0.01 seconds
0.0
Embed time: 0.01 seconds
Extract time: 0.01 seconds
0.0
Embed time: 0.05 seconds
Extract time: 0.01 seconds
0.0
Embed time: 0.01 seconds
Extract time: 0.01 seconds
0.0
Embed time: 0.01 seconds
Extract time: 0.01 seconds
0.015625
Embed time: 0.01 seconds
Extract time: 0.01 seconds
0.0
Embed time: 0.01 seconds
Extract time: 0.04 seconds
0.0
Embed time: 0.01 seconds
Extract time: 0.01 seconds
0.0
Embed time: 0.01 seconds
Extract time: 0.01 seconds
0.0
Embed time: 0.04 seconds
Extract time: 0.01 seconds
0.0
Embed time: 0.01 seconds
Extract time: 0.01 seconds
0.0
Embed time: 0.01 seconds
Extract time: 0.01 seconds
0.0
Embed time: 0.01 seconds
Extract time: 0.01 seconds
0.0
Embed time: 0.01 seconds
Extract time: 0.01 seconds
0.0
Embed time: 0.01 seconds
Extract time: 0.01 seconds
0.0
Embed time: 0.01 seconds
Extract time: 0.01 seconds
0.0
Embed time: 0.02 seconds
Extract time: 0.01 seconds
0.0
Embed time: 0.01 seconds
Extract time: 0.01 seconds
0.0
Embed time: 0.02 seconds
Extract time: 0.01 seconds
0.0
Embed time: 0.01 seconds
Extract time: 0.01 seconds
0.0
Embed time: 0.01 seconds
Extract time: 0.01 seconds
0.0
Embed time: 0.01 seconds
Extract time: 0.01 seconds
0.0
Embed time: 0.04 seconds
Extract time: 0.01 seconds
0.0
Embed time: 0.01 seconds
Extract time: 0.01 seconds
0.0
Embed time: 0.05 seconds
Extract time: 0.01 seconds
0.015625
Embed time: 0.01 seconds
Extract time: 0.01 seconds
0.015625
Embed time: 0.04 seconds
Extract time: 0.01 seconds
0.0
Embed time: 0.01 seconds
Extract time: 0.01 seconds
0.0625
Embed time: 0.04 seconds
Extract time: 0.01 seconds
0.0
Embed time: 0.01 seconds
Extract time: 0.01 seconds
0.0
Embed time: 0.05 seconds
Extract time: 0.01 seconds
0.0
Embed time: 0.01 seconds
Extract time: 0.01 seconds
0.0
Embed time: 0.05 seconds
Extract time: 0.01 seconds
0.015625
Embed time: 0.01 seconds
Extract time: 0.01 seconds
0.0
Embed time: 0.05 seconds
Extract time: 0.01 seconds
0.0
Embed time: 0.01 seconds
Extract time: 0.01 seconds
0.0
Embed time: 0.01 seconds
Extract time: 0.01 seconds
0.015625
Embed time: 0.01 seconds
Extract time: 0.01 seconds
0.0
Embed time: 0.05 seconds
Extract time: 0.01 seconds
0.0
Embed time: 0.01 seconds
Extract time: 0.01 seconds
0.0
Embed time: 0.05 seconds
Extract time: 0.01 seconds
0.0
Embed time: 0.01 seconds
Extract time: 0.01 seconds
0.0
Embed time: 0.01 seconds
Extract time: 0.01 seconds
0.0
Embed time: 0.01 seconds
Extract time: 0.01 seconds
0.0
Embed time: 0.01 seconds
Extract time: 0.01 seconds
0.0
25-06-22 14:05:25.453 - INFO: # Validation # PSNR_Stego: 3.8927e+01, Bit_acc:  4.8437e-03
2025-06-22 14:05:25,453 - INFO - # Validation # PSNR_Stego: 3.8927e+01, Bit_acc:  4.8437e-03
25-06-22 14:05:25.453 - INFO: <epoch:  5, iter:  82,000> PSNR_Stego: 3.8927e+01, Bit_acc:  4.8437e-03
2025-06-22 14:05:25,453 - INFO - <epoch:  5, iter:  82,000> PSNR_Stego: 3.8927e+01, Bit_acc:  4.8437e-03
25-06-22 14:05:25.453 - INFO: Saving models and training states.
2025-06-22 14:05:25,453 - INFO - Saving models and training states.
Checkpoint save path: /workspace/EditGuard-V1/experiments/train_ibsn_bit_64/models/82000_G.pth

===== Checkpoint State Path: /workspace/EditGuard-V1/experiments/train_ibsn_bit_64/training_state/82000.state =====

25-06-22 14:05:45.309 - INFO: <epoch:  5, iter:  82,100, lr:5.000e-05> l_forw_fit: 1.4948e+01 l_msg: 0.0000e+00 
2025-06-22 14:05:45,309 - INFO - <epoch:  5, iter:  82,100, lr:5.000e-05> l_forw_fit: 1.4948e+01 l_msg: 0.0000e+00 
25-06-22 14:06:04.931 - INFO: <epoch:  5, iter:  82,200, lr:5.000e-05> l_forw_fit: 1.2653e+01 l_msg: 5.8357e-04 
2025-06-22 14:06:04,931 - INFO - <epoch:  5, iter:  82,200, lr:5.000e-05> l_forw_fit: 1.2653e+01 l_msg: 5.8357e-04 
25-06-22 14:06:24.794 - INFO: <epoch:  5, iter:  82,300, lr:5.000e-05> l_forw_fit: 1.2206e+01 l_msg: 0.0000e+00 
2025-06-22 14:06:24,794 - INFO - <epoch:  5, iter:  82,300, lr:5.000e-05> l_forw_fit: 1.2206e+01 l_msg: 0.0000e+00 
25-06-22 14:06:43.932 - INFO: <epoch:  5, iter:  82,400, lr:5.000e-05> l_forw_fit: 1.0104e+01 l_msg: 4.1162e-02 
2025-06-22 14:06:43,932 - INFO - <epoch:  5, iter:  82,400, lr:5.000e-05> l_forw_fit: 1.0104e+01 l_msg: 4.1162e-02 
25-06-22 14:07:03.259 - INFO: <epoch:  5, iter:  82,500, lr:5.000e-05> l_forw_fit: 1.3731e+01 l_msg: 7.8125e-03 
2025-06-22 14:07:03,259 - INFO - <epoch:  5, iter:  82,500, lr:5.000e-05> l_forw_fit: 1.3731e+01 l_msg: 7.8125e-03 
Embed time: 0.06 seconds
Extract time: 0.01 seconds
0.0
Embed time: 0.03 seconds
Extract time: 0.01 seconds
0.0
Embed time: 0.01 seconds
Extract time: 0.06 seconds
0.0
Embed time: 0.01 seconds
Extract time: 0.01 seconds
0.0
Embed time: 0.01 seconds
Extract time: 0.04 seconds
0.0
Embed time: 0.01 seconds
Extract time: 0.01 seconds
0.0
Embed time: 0.01 seconds
Extract time: 0.05 seconds
0.0
Embed time: 0.01 seconds
Extract time: 0.01 seconds
0.0
Embed time: 0.05 seconds
Extract time: 0.01 seconds
0.0
Embed time: 0.01 seconds
Extract time: 0.01 seconds
0.0
Embed time: 0.02 seconds
Extract time: 0.01 seconds
0.0
Embed time: 0.01 seconds
Extract time: 0.01 seconds
0.0
Embed time: 0.02 seconds
Extract time: 0.01 seconds
0.0
Embed time: 0.01 seconds
Extract time: 0.01 seconds
0.0
Embed time: 0.01 seconds
Extract time: 0.01 seconds
0.0
Embed time: 0.01 seconds
Extract time: 0.01 seconds
0.0
Embed time: 0.05 seconds
Extract time: 0.01 seconds
0.0
Embed time: 0.01 seconds
Extract time: 0.03 seconds
0.015625
Embed time: 0.01 seconds
Extract time: 0.01 seconds
0.0
Embed time: 0.01 seconds
Extract time: 0.01 seconds
0.0
Embed time: 0.01 seconds
Extract time: 0.01 seconds
0.0
Embed time: 0.01 seconds
Extract time: 0.01 seconds
0.046875
Embed time: 0.02 seconds
Extract time: 0.01 seconds
0.0
Embed time: 0.01 seconds
Extract time: 0.01 seconds
0.0
Embed time: 0.01 seconds
Extract time: 0.01 seconds
0.0
Embed time: 0.01 seconds
Extract time: 0.01 seconds
0.0
Embed time: 0.03 seconds
Extract time: 0.01 seconds
0.0
Embed time: 0.01 seconds
Extract time: 0.01 seconds
0.0
Embed time: 0.05 seconds
Extract time: 0.01 seconds
0.0
Embed time: 0.01 seconds
Extract time: 0.01 seconds
0.0
Embed time: 0.05 seconds
Extract time: 0.01 seconds
0.046875
Embed time: 0.01 seconds
Extract time: 0.01 seconds
0.0
Embed time: 0.05 seconds
Extract time: 0.01 seconds
0.0
Embed time: 0.01 seconds
Extract time: 0.01 seconds
0.0
Embed time: 0.01 seconds
Extract time: 0.01 seconds
0.0
Embed time: 0.01 seconds
Extract time: 0.01 seconds
0.0
Embed time: 0.01 seconds
Extract time: 0.04 seconds
0.0
Embed time: 0.01 seconds
Extract time: 0.01 seconds
0.0
Embed time: 0.01 seconds
Extract time: 0.01 seconds
0.0
Embed time: 0.01 seconds
Extract time: 0.01 seconds
0.0
Embed time: 0.01 seconds
Extract time: 0.01 seconds
0.0
Embed time: 0.01 seconds
Extract time: 0.01 seconds
0.0
Embed time: 0.05 seconds
Extract time: 0.01 seconds
0.0
Embed time: 0.01 seconds
Extract time: 0.01 seconds
0.046875
Embed time: 0.05 seconds
Extract time: 0.01 seconds
0.0
Embed time: 0.01 seconds
Extract time: 0.01 seconds
0.0
Embed time: 0.05 seconds
Extract time: 0.01 seconds
0.0
Embed time: 0.01 seconds
Extract time: 0.01 seconds
0.0
Embed time: 0.01 seconds
Extract time: 0.01 seconds
0.0
Embed time: 0.01 seconds
Extract time: 0.01 seconds
0.140625
Embed time: 0.04 seconds
Extract time: 0.01 seconds
0.0
Embed time: 0.01 seconds
Extract time: 0.01 seconds
0.0
Embed time: 0.03 seconds
Extract time: 0.01 seconds
0.0
Embed time: 0.01 seconds
Extract time: 0.01 seconds
0.0
Embed time: 0.01 seconds
Extract time: 0.01 seconds
0.046875
Embed time: 0.01 seconds
Extract time: 0.01 seconds
0.0
Embed time: 0.04 seconds
Extract time: 0.01 seconds
0.03125
Embed time: 0.01 seconds
Extract time: 0.01 seconds
0.0
Embed time: 0.01 seconds
Extract time: 0.01 seconds
0.0
Embed time: 0.01 seconds
Extract time: 0.01 seconds
0.0
Embed time: 0.01 seconds
Extract time: 0.05 seconds
0.0
Embed time: 0.01 seconds
Extract time: 0.01 seconds
0.0
Embed time: 0.01 seconds
Extract time: 0.01 seconds
0.015625
Embed time: 0.01 seconds
Extract time: 0.01 seconds
0.0
Embed time: 0.02 seconds
Extract time: 0.01 seconds
0.015625
Embed time: 0.01 seconds
Extract time: 0.01 seconds
0.0
Embed time: 0.03 seconds
Extract time: 0.01 seconds
0.0
Embed time: 0.01 seconds
Extract time: 0.01 seconds
0.0
Embed time: 0.01 seconds
Extract time: 0.01 seconds
0.0
Embed time: 0.01 seconds
Extract time: 0.01 seconds
0.0
Embed time: 0.05 seconds
Extract time: 0.01 seconds
0.0
Embed time: 0.01 seconds
Extract time: 0.01 seconds
0.0
Embed time: 0.04 seconds
Extract time: 0.01 seconds
0.0
Embed time: 0.01 seconds
Extract time: 0.01 seconds
0.0
Embed time: 0.01 seconds
Extract time: 0.01 seconds
0.0
Embed time: 0.01 seconds
Extract time: 0.01 seconds
0.0
Embed time: 0.05 seconds
Extract time: 0.01 seconds
0.0
Embed time: 0.01 seconds
Extract time: 0.01 seconds
0.0
Embed time: 0.01 seconds
Extract time: 0.01 seconds
0.0
Embed time: 0.01 seconds
Extract time: 0.01 seconds
0.0
Embed time: 0.01 seconds
Extract time: 0.01 seconds
0.0
Embed time: 0.01 seconds
Extract time: 0.04 seconds
0.0
Embed time: 0.04 seconds
Extract time: 0.01 seconds
0.09375
Embed time: 0.01 seconds
Extract time: 0.01 seconds
0.0
Embed time: 0.01 seconds
Extract time: 0.01 seconds
0.0
Embed time: 0.01 seconds
Extract time: 0.01 seconds
0.0625
Embed time: 0.01 seconds
Extract time: 0.01 seconds
0.0
Embed time: 0.01 seconds
Extract time: 0.01 seconds
0.0625
Embed time: 0.01 seconds
Extract time: 0.01 seconds
0.0
Embed time: 0.01 seconds
Extract time: 0.01 seconds
0.0
Embed time: 0.01 seconds
Extract time: 0.01 seconds
0.015625
Embed time: 0.01 seconds
Extract time: 0.01 seconds
0.0
Embed time: 0.02 seconds
Extract time: 0.01 seconds
0.0
Embed time: 0.01 seconds
Extract time: 0.01 seconds
0.03125
Embed time: 0.02 seconds
Extract time: 0.01 seconds
0.0
Embed time: 0.01 seconds
Extract time: 0.01 seconds
0.0
Embed time: 0.01 seconds
Extract time: 0.05 seconds
0.0
Embed time: 0.01 seconds
Extract time: 0.01 seconds
0.0
Embed time: 0.01 seconds
Extract time: 0.04 seconds
0.0
Embed time: 0.01 seconds
Extract time: 0.01 seconds
0.0
25-06-22 14:07:18.601 - INFO: # Validation # PSNR_Stego: 3.7950e+01, Bit_acc:  6.7187e-03
2025-06-22 14:07:18,601 - INFO - # Validation # PSNR_Stego: 3.7950e+01, Bit_acc:  6.7187e-03
25-06-22 14:07:18.602 - INFO: <epoch:  5, iter:  82,500> PSNR_Stego: 3.7950e+01, Bit_acc:  6.7187e-03
2025-06-22 14:07:18,602 - INFO - <epoch:  5, iter:  82,500> PSNR_Stego: 3.7950e+01, Bit_acc:  6.7187e-03
========== Epoch: 6 ==========
25-06-22 14:07:45.488 - INFO: <epoch:  6, iter:  82,600, lr:5.000e-05> l_forw_fit: 2.2483e+01 l_msg: 0.0000e+00 
2025-06-22 14:07:45,488 - INFO - <epoch:  6, iter:  82,600, lr:5.000e-05> l_forw_fit: 2.2483e+01 l_msg: 0.0000e+00 
25-06-22 14:08:05.570 - INFO: <epoch:  6, iter:  82,700, lr:5.000e-05> l_forw_fit: 1.6700e+01 l_msg: 0.0000e+00 
2025-06-22 14:08:05,570 - INFO - <epoch:  6, iter:  82,700, lr:5.000e-05> l_forw_fit: 1.6700e+01 l_msg: 0.0000e+00 
25-06-22 14:08:24.984 - INFO: <epoch:  6, iter:  82,800, lr:5.000e-05> l_forw_fit: 4.1606e+01 l_msg: 0.0000e+00 
2025-06-22 14:08:24,984 - INFO - <epoch:  6, iter:  82,800, lr:5.000e-05> l_forw_fit: 4.1606e+01 l_msg: 0.0000e+00 
25-06-22 14:08:44.275 - INFO: <epoch:  6, iter:  82,900, lr:5.000e-05> l_forw_fit: 3.9763e+01 l_msg: 1.9531e-02 
2025-06-22 14:08:44,275 - INFO - <epoch:  6, iter:  82,900, lr:5.000e-05> l_forw_fit: 3.9763e+01 l_msg: 1.9531e-02 
25-06-22 14:09:03.794 - INFO: <epoch:  6, iter:  83,000, lr:5.000e-05> l_forw_fit: 9.0538e+00 l_msg: 3.7739e-02 
2025-06-22 14:09:03,794 - INFO - <epoch:  6, iter:  83,000, lr:5.000e-05> l_forw_fit: 9.0538e+00 l_msg: 3.7739e-02 
Embed time: 0.03 seconds
Extract time: 0.01 seconds
0.0
Embed time: 0.02 seconds
Extract time: 0.01 seconds
0.0
Embed time: 0.02 seconds
Extract time: 0.01 seconds
0.0
Embed time: 0.02 seconds
Extract time: 0.01 seconds
0.0
Embed time: 0.02 seconds
Extract time: 0.04 seconds
0.0
Embed time: 0.03 seconds
Extract time: 0.01 seconds
0.015625
Embed time: 0.01 seconds
Extract time: 0.01 seconds
0.015625
Embed time: 0.02 seconds
Extract time: 0.01 seconds
0.0
Embed time: 0.01 seconds
Extract time: 0.01 seconds
0.0
Embed time: 0.01 seconds
Extract time: 0.01 seconds
0.0
Embed time: 0.01 seconds
Extract time: 0.01 seconds
0.0
Embed time: 0.01 seconds
Extract time: 0.01 seconds
0.0
Embed time: 0.05 seconds
Extract time: 0.01 seconds
0.0
Embed time: 0.01 seconds
Extract time: 0.01 seconds
0.0
Embed time: 0.04 seconds
Extract time: 0.01 seconds
0.0
Embed time: 0.01 seconds
Extract time: 0.01 seconds
0.0
Embed time: 0.06 seconds
Extract time: 0.01 seconds
0.0
Embed time: 0.01 seconds
Extract time: 0.01 seconds
0.0
Embed time: 0.01 seconds
Extract time: 0.01 seconds
0.0
Embed time: 0.02 seconds
Extract time: 0.01 seconds
0.0
Embed time: 0.01 seconds
Extract time: 0.01 seconds
0.0
Embed time: 0.02 seconds
Extract time: 0.01 seconds
0.0
Embed time: 0.01 seconds
Extract time: 0.01 seconds
0.0
Embed time: 0.01 seconds
Extract time: 0.04 seconds
0.0
Embed time: 0.01 seconds
Extract time: 0.01 seconds
0.0
Embed time: 0.05 seconds
Extract time: 0.01 seconds
0.0
Embed time: 0.01 seconds
Extract time: 0.01 seconds
0.0
Embed time: 0.01 seconds
Extract time: 0.01 seconds
0.0
Embed time: 0.01 seconds
Extract time: 0.01 seconds
0.0
Embed time: 0.02 seconds
Extract time: 0.01 seconds
0.0
Embed time: 0.01 seconds
Extract time: 0.01 seconds
0.0
Embed time: 0.01 seconds
Extract time: 0.01 seconds
0.0
Embed time: 0.01 seconds
Extract time: 0.04 seconds
0.0
Embed time: 0.04 seconds
Extract time: 0.01 seconds
0.0
Embed time: 0.01 seconds
Extract time: 0.01 seconds
0.0
Embed time: 0.05 seconds
Extract time: 0.01 seconds
0.0
Embed time: 0.01 seconds
Extract time: 0.01 seconds
0.0
Embed time: 0.01 seconds
Extract time: 0.01 seconds
0.0
Embed time: 0.01 seconds
Extract time: 0.01 seconds
0.0
Embed time: 0.01 seconds
Extract time: 0.01 seconds
0.0
Embed time: 0.01 seconds
Extract time: 0.01 seconds
0.0
Embed time: 0.01 seconds
Extract time: 0.01 seconds
0.03125
Embed time: 0.01 seconds
Extract time: 0.01 seconds
0.0
Embed time: 0.05 seconds
Extract time: 0.01 seconds
0.0
Embed time: 0.01 seconds
Extract time: 0.01 seconds
0.0
Embed time: 0.01 seconds
Extract time: 0.01 seconds
0.0
Embed time: 0.01 seconds
Extract time: 0.01 seconds
0.0
Embed time: 0.01 seconds
Extract time: 0.05 seconds
0.0
Embed time: 0.01 seconds
Extract time: 0.01 seconds
0.0
Embed time: 0.05 seconds
Extract time: 0.01 seconds
0.0
Embed time: 0.01 seconds
Extract time: 0.01 seconds
0.015625
Embed time: 0.01 seconds
Extract time: 0.04 seconds
0.0
Embed time: 0.01 seconds
Extract time: 0.01 seconds
0.0
Embed time: 0.04 seconds
Extract time: 0.01 seconds
0.0
Embed time: 0.01 seconds
Extract time: 0.01 seconds
0.0625
Embed time: 0.04 seconds
Extract time: 0.01 seconds
0.015625
Embed time: 0.01 seconds
Extract time: 0.01 seconds
0.0
Embed time: 0.01 seconds
Extract time: 0.04 seconds
0.0
Embed time: 0.01 seconds
Extract time: 0.01 seconds
0.0
Embed time: 0.05 seconds
Extract time: 0.01 seconds
0.0
Embed time: 0.01 seconds
Extract time: 0.01 seconds
0.0
Embed time: 0.01 seconds
Extract time: 0.01 seconds
0.0
Embed time: 0.04 seconds
Extract time: 0.01 seconds
0.0
Embed time: 0.01 seconds
Extract time: 0.01 seconds
0.0
Embed time: 0.02 seconds
Extract time: 0.01 seconds
0.0
Embed time: 0.01 seconds
Extract time: 0.01 seconds
0.0
Embed time: 0.01 seconds
Extract time: 0.01 seconds
0.0
Embed time: 0.01 seconds
Extract time: 0.01 seconds
0.0
Embed time: 0.01 seconds
Extract time: 0.01 seconds
0.0
Embed time: 0.01 seconds
Extract time: 0.01 seconds
0.0
Embed time: 0.06 seconds
Extract time: 0.01 seconds
0.0
Embed time: 0.01 seconds
Extract time: 0.01 seconds
0.0
Embed time: 0.01 seconds
Extract time: 0.01 seconds
0.0
Embed time: 0.02 seconds
Extract time: 0.01 seconds
0.0
Embed time: 0.01 seconds
Extract time: 0.01 seconds
0.0
Embed time: 0.01 seconds
Extract time: 0.01 seconds
0.0
Embed time: 0.01 seconds
Extract time: 0.04 seconds
0.0
Embed time: 0.04 seconds
Extract time: 0.01 seconds
0.0
Embed time: 0.01 seconds
Extract time: 0.01 seconds
0.0
Embed time: 0.05 seconds
Extract time: 0.01 seconds
0.0
Embed time: 0.01 seconds
Extract time: 0.01 seconds
0.0
Embed time: 0.01 seconds
Extract time: 0.01 seconds
0.0
Embed time: 0.01 seconds
Extract time: 0.01 seconds
0.0
Embed time: 0.05 seconds
Extract time: 0.01 seconds
0.0
Embed time: 0.01 seconds
Extract time: 0.01 seconds
0.0
Embed time: 0.05 seconds
Extract time: 0.01 seconds
0.0
Embed time: 0.01 seconds
Extract time: 0.01 seconds
0.0
Embed time: 0.05 seconds
Extract time: 0.01 seconds
0.0
Embed time: 0.01 seconds
Extract time: 0.01 seconds
0.0
Embed time: 0.01 seconds
Extract time: 0.01 seconds
0.0
Embed time: 0.01 seconds
Extract time: 0.01 seconds
0.0
Embed time: 0.01 seconds
Extract time: 0.01 seconds
0.0
Embed time: 0.01 seconds
Extract time: 0.01 seconds
0.0
Embed time: 0.02 seconds
Extract time: 0.01 seconds
0.0
Embed time: 0.01 seconds
Extract time: 0.01 seconds
0.0
Embed time: 0.02 seconds
Extract time: 0.01 seconds
0.0
Embed time: 0.01 seconds
Extract time: 0.01 seconds
0.0
Embed time: 0.01 seconds
Extract time: 0.05 seconds
0.0
Embed time: 0.01 seconds
Extract time: 0.01 seconds
0.0
Embed time: 0.01 seconds
Extract time: 0.04 seconds
0.0
25-06-22 14:09:18.958 - INFO: # Validation # PSNR_Stego: 3.9445e+01, Bit_acc:  1.5625e-03
2025-06-22 14:09:18,958 - INFO - # Validation # PSNR_Stego: 3.9445e+01, Bit_acc:  1.5625e-03
25-06-22 14:09:18.959 - INFO: <epoch:  6, iter:  83,000> PSNR_Stego: 3.9445e+01, Bit_acc:  1.5625e-03
2025-06-22 14:09:18,959 - INFO - <epoch:  6, iter:  83,000> PSNR_Stego: 3.9445e+01, Bit_acc:  1.5625e-03
25-06-22 14:09:18.959 - INFO: Saving models and training states.
2025-06-22 14:09:18,959 - INFO - Saving models and training states.
Checkpoint save path: /workspace/EditGuard-V1/experiments/train_ibsn_bit_64/models/83000_G.pth

===== Checkpoint State Path: /workspace/EditGuard-V1/experiments/train_ibsn_bit_64/training_state/83000.state =====

25-06-22 14:09:38.722 - INFO: <epoch:  6, iter:  83,100, lr:5.000e-05> l_forw_fit: 3.3829e+01 l_msg: 2.3438e-02 
2025-06-22 14:09:38,722 - INFO - <epoch:  6, iter:  83,100, lr:5.000e-05> l_forw_fit: 3.3829e+01 l_msg: 2.3438e-02 
25-06-22 14:09:58.553 - INFO: <epoch:  6, iter:  83,200, lr:5.000e-05> l_forw_fit: 1.1191e+01 l_msg: 2.6444e-06 
2025-06-22 14:09:58,553 - INFO - <epoch:  6, iter:  83,200, lr:5.000e-05> l_forw_fit: 1.1191e+01 l_msg: 2.6444e-06 
25-06-22 14:10:17.900 - INFO: <epoch:  6, iter:  83,300, lr:5.000e-05> l_forw_fit: 7.8551e+00 l_msg: 0.0000e+00 
2025-06-22 14:10:17,900 - INFO - <epoch:  6, iter:  83,300, lr:5.000e-05> l_forw_fit: 7.8551e+00 l_msg: 0.0000e+00 
25-06-22 14:10:37.112 - INFO: <epoch:  6, iter:  83,400, lr:5.000e-05> l_forw_fit: 3.0116e+01 l_msg: 7.8125e-03 
2025-06-22 14:10:37,112 - INFO - <epoch:  6, iter:  83,400, lr:5.000e-05> l_forw_fit: 3.0116e+01 l_msg: 7.8125e-03 
25-06-22 14:10:57.045 - INFO: <epoch:  6, iter:  83,500, lr:5.000e-05> l_forw_fit: 1.4535e+01 l_msg: 5.8441e-04 
2025-06-22 14:10:57,045 - INFO - <epoch:  6, iter:  83,500, lr:5.000e-05> l_forw_fit: 1.4535e+01 l_msg: 5.8441e-04 
Embed time: 0.03 seconds
Extract time: 0.01 seconds
0.0
Embed time: 0.01 seconds
Extract time: 0.01 seconds
0.0
Embed time: 0.02 seconds
Extract time: 0.01 seconds
0.0
Embed time: 0.01 seconds
Extract time: 0.01 seconds
0.0
Embed time: 0.05 seconds
Extract time: 0.01 seconds
0.0
Embed time: 0.01 seconds
Extract time: 0.01 seconds
0.0
Embed time: 0.05 seconds
Extract time: 0.01 seconds
0.0
Embed time: 0.01 seconds
Extract time: 0.01 seconds
0.0
Embed time: 0.05 seconds
Extract time: 0.01 seconds
0.0
Embed time: 0.01 seconds
Extract time: 0.01 seconds
0.0
Embed time: 0.06 seconds
Extract time: 0.01 seconds
0.0
Embed time: 0.01 seconds
Extract time: 0.01 seconds
0.0
Embed time: 0.05 seconds
Extract time: 0.01 seconds
0.0
Embed time: 0.01 seconds
Extract time: 0.01 seconds
0.015625
Embed time: 0.04 seconds
Extract time: 0.01 seconds
0.0
Embed time: 0.01 seconds
Extract time: 0.01 seconds
0.0
Embed time: 0.05 seconds
Extract time: 0.01 seconds
0.0
Embed time: 0.01 seconds
Extract time: 0.01 seconds
0.0
Embed time: 0.05 seconds
Extract time: 0.01 seconds
0.0
Embed time: 0.01 seconds
Extract time: 0.01 seconds
0.0
Embed time: 0.05 seconds
Extract time: 0.01 seconds
0.0
Embed time: 0.01 seconds
Extract time: 0.04 seconds
0.0
Embed time: 0.03 seconds
Extract time: 0.01 seconds
0.0
Embed time: 0.01 seconds
Extract time: 0.01 seconds
0.0
Embed time: 0.05 seconds
Extract time: 0.01 seconds
0.0
Embed time: 0.01 seconds
Extract time: 0.01 seconds
0.0
Embed time: 0.01 seconds
Extract time: 0.01 seconds
0.0
Embed time: 0.01 seconds
Extract time: 0.01 seconds
0.0
Embed time: 0.06 seconds
Extract time: 0.01 seconds
0.0
Embed time: 0.01 seconds
Extract time: 0.01 seconds
0.0
Embed time: 0.05 seconds
Extract time: 0.01 seconds
0.0625
Embed time: 0.01 seconds
Extract time: 0.01 seconds
0.0
Embed time: 0.06 seconds
Extract time: 0.01 seconds
0.0
Embed time: 0.01 seconds
Extract time: 0.01 seconds
0.0
Embed time: 0.06 seconds
Extract time: 0.01 seconds
0.0
Embed time: 0.01 seconds
Extract time: 0.01 seconds
0.0
Embed time: 0.06 seconds
Extract time: 0.01 seconds
0.015625
Embed time: 0.01 seconds
Extract time: 0.01 seconds
0.0
Embed time: 0.05 seconds
Extract time: 0.01 seconds
0.0
Embed time: 0.01 seconds
Extract time: 0.01 seconds
0.0
Embed time: 0.05 seconds
Extract time: 0.01 seconds
0.0
Embed time: 0.01 seconds
Extract time: 0.01 seconds
0.0
Embed time: 0.01 seconds
Extract time: 0.01 seconds
0.03125
Embed time: 0.01 seconds
Extract time: 0.01 seconds
0.015625
Embed time: 0.05 seconds
Extract time: 0.01 seconds
0.0
Embed time: 0.01 seconds
Extract time: 0.01 seconds
0.0
Embed time: 0.05 seconds
Extract time: 0.01 seconds
0.0
Embed time: 0.01 seconds
Extract time: 0.01 seconds
0.0
Embed time: 0.01 seconds
Extract time: 0.04 seconds
0.0
Embed time: 0.01 seconds
Extract time: 0.01 seconds
0.046875
Embed time: 0.01 seconds
Extract time: 0.04 seconds
0.0
Embed time: 0.01 seconds
Extract time: 0.01 seconds
0.03125
Embed time: 0.01 seconds
Extract time: 0.04 seconds
0.0
Embed time: 0.01 seconds
Extract time: 0.01 seconds
0.0
Embed time: 0.01 seconds
Extract time: 0.01 seconds
0.0
Embed time: 0.04 seconds
Extract time: 0.01 seconds
0.0
Embed time: 0.01 seconds
Extract time: 0.01 seconds
0.0
Embed time: 0.01 seconds
Extract time: 0.01 seconds
0.0
Embed time: 0.01 seconds
Extract time: 0.01 seconds
0.0
Embed time: 0.01 seconds
Extract time: 0.01 seconds
0.015625
Embed time: 0.02 seconds
Extract time: 0.01 seconds
0.0
Embed time: 0.01 seconds
Extract time: 0.01 seconds
0.0
Embed time: 0.02 seconds
Extract time: 0.01 seconds
0.0
Embed time: 0.01 seconds
Extract time: 0.01 seconds
0.0
Embed time: 0.02 seconds
Extract time: 0.01 seconds
0.0
Embed time: 0.01 seconds
Extract time: 0.01 seconds
0.0
Embed time: 0.04 seconds
Extract time: 0.01 seconds
0.0
Embed time: 0.01 seconds
Extract time: 0.01 seconds
0.0
Embed time: 0.05 seconds
Extract time: 0.01 seconds
0.0
Embed time: 0.01 seconds
Extract time: 0.01 seconds
0.0
Embed time: 0.06 seconds
Extract time: 0.01 seconds
0.0
Embed time: 0.01 seconds
Extract time: 0.01 seconds
0.0
Embed time: 0.01 seconds
Extract time: 0.05 seconds
0.0
Embed time: 0.01 seconds
Extract time: 0.01 seconds
0.015625
Embed time: 0.05 seconds
Extract time: 0.01 seconds
0.0
Embed time: 0.01 seconds
Extract time: 0.01 seconds
0.0
Embed time: 0.01 seconds
Extract time: 0.05 seconds
0.0
Embed time: 0.04 seconds
Extract time: 0.01 seconds
0.0
Embed time: 0.01 seconds
Extract time: 0.01 seconds
0.0
Embed time: 0.02 seconds
Extract time: 0.01 seconds
0.0
Embed time: 0.01 seconds
Extract time: 0.01 seconds
0.0
Embed time: 0.05 seconds
Extract time: 0.01 seconds
0.0
Embed time: 0.01 seconds
Extract time: 0.01 seconds
0.046875
Embed time: 0.01 seconds
Extract time: 0.01 seconds
0.0
Embed time: 0.01 seconds
Extract time: 0.01 seconds
0.0
Embed time: 0.05 seconds
Extract time: 0.01 seconds
0.0
Embed time: 0.01 seconds
Extract time: 0.01 seconds
0.0
Embed time: 0.05 seconds
Extract time: 0.01 seconds
0.046875
Embed time: 0.01 seconds
Extract time: 0.01 seconds
0.0
Embed time: 0.01 seconds
Extract time: 0.01 seconds
0.0
Embed time: 0.01 seconds
Extract time: 0.01 seconds
0.0
Embed time: 0.01 seconds
Extract time: 0.01 seconds
0.0
Embed time: 0.01 seconds
Extract time: 0.01 seconds
0.0
Embed time: 0.05 seconds
Extract time: 0.01 seconds
0.0
Embed time: 0.01 seconds
Extract time: 0.03 seconds
0.0
Embed time: 0.02 seconds
Extract time: 0.01 seconds
0.0
Embed time: 0.01 seconds
Extract time: 0.01 seconds
0.0
Embed time: 0.05 seconds
Extract time: 0.01 seconds
0.0
Embed time: 0.01 seconds
Extract time: 0.01 seconds
0.0
Embed time: 0.01 seconds
Extract time: 0.01 seconds
0.0
25-06-22 14:11:12.130 - INFO: # Validation # PSNR_Stego: 3.8539e+01, Bit_acc:  3.4375e-03
2025-06-22 14:11:12,130 - INFO - # Validation # PSNR_Stego: 3.8539e+01, Bit_acc:  3.4375e-03
25-06-22 14:11:12.130 - INFO: <epoch:  6, iter:  83,500> PSNR_Stego: 3.8539e+01, Bit_acc:  3.4375e-03
2025-06-22 14:11:12,130 - INFO - <epoch:  6, iter:  83,500> PSNR_Stego: 3.8539e+01, Bit_acc:  3.4375e-03
25-06-22 14:11:31.985 - INFO: <epoch:  6, iter:  83,600, lr:5.000e-05> l_forw_fit: 1.0895e+01 l_msg: 3.9062e-03 
2025-06-22 14:11:31,985 - INFO - <epoch:  6, iter:  83,600, lr:5.000e-05> l_forw_fit: 1.0895e+01 l_msg: 3.9062e-03 
25-06-22 14:11:51.868 - INFO: <epoch:  6, iter:  83,700, lr:5.000e-05> l_forw_fit: 1.1419e+01 l_msg: 5.4665e-02 
2025-06-22 14:11:51,868 - INFO - <epoch:  6, iter:  83,700, lr:5.000e-05> l_forw_fit: 1.1419e+01 l_msg: 5.4665e-02 
25-06-22 14:12:11.378 - INFO: <epoch:  6, iter:  83,800, lr:5.000e-05> l_forw_fit: 1.8805e+01 l_msg: 0.0000e+00 
2025-06-22 14:12:11,378 - INFO - <epoch:  6, iter:  83,800, lr:5.000e-05> l_forw_fit: 1.8805e+01 l_msg: 0.0000e+00 
25-06-22 14:12:31.335 - INFO: <epoch:  6, iter:  83,900, lr:5.000e-05> l_forw_fit: 9.2421e+00 l_msg: 0.0000e+00 
2025-06-22 14:12:31,335 - INFO - <epoch:  6, iter:  83,900, lr:5.000e-05> l_forw_fit: 9.2421e+00 l_msg: 0.0000e+00 
25-06-22 14:12:51.338 - INFO: <epoch:  6, iter:  84,000, lr:5.000e-05> l_forw_fit: 9.4102e+00 l_msg: 0.0000e+00 
2025-06-22 14:12:51,338 - INFO - <epoch:  6, iter:  84,000, lr:5.000e-05> l_forw_fit: 9.4102e+00 l_msg: 0.0000e+00 
Embed time: 0.04 seconds
Extract time: 0.01 seconds
0.0
Embed time: 0.02 seconds
Extract time: 0.01 seconds
0.0
Embed time: 0.03 seconds
Extract time: 0.01 seconds
0.015625
Embed time: 0.01 seconds
Extract time: 0.01 seconds
0.0
Embed time: 0.06 seconds
Extract time: 0.01 seconds
0.0
Embed time: 0.01 seconds
Extract time: 0.01 seconds
0.03125
Embed time: 0.01 seconds
Extract time: 0.01 seconds
0.0
Embed time: 0.01 seconds
Extract time: 0.01 seconds
0.0
Embed time: 0.02 seconds
Extract time: 0.01 seconds
0.0
Embed time: 0.01 seconds
Extract time: 0.01 seconds
0.0
Embed time: 0.05 seconds
Extract time: 0.01 seconds
0.0
Embed time: 0.01 seconds
Extract time: 0.01 seconds
0.0
Embed time: 0.05 seconds
Extract time: 0.01 seconds
0.015625
Embed time: 0.01 seconds
Extract time: 0.01 seconds
0.03125
Embed time: 0.05 seconds
Extract time: 0.01 seconds
0.0
Embed time: 0.01 seconds
Extract time: 0.01 seconds
0.0
Embed time: 0.04 seconds
Extract time: 0.01 seconds
0.0
Embed time: 0.01 seconds
Extract time: 0.03 seconds
0.0
Embed time: 0.04 seconds
Extract time: 0.01 seconds
0.0
Embed time: 0.01 seconds
Extract time: 0.01 seconds
0.0
Embed time: 0.03 seconds
Extract time: 0.01 seconds
0.015625
Embed time: 0.01 seconds
Extract time: 0.01 seconds
0.0
Embed time: 0.01 seconds
Extract time: 0.01 seconds
0.0
Embed time: 0.01 seconds
Extract time: 0.01 seconds
0.0
Embed time: 0.01 seconds
Extract time: 0.01 seconds
0.0
Embed time: 0.01 seconds
Extract time: 0.01 seconds
0.0
Embed time: 0.01 seconds
Extract time: 0.04 seconds
0.0
Embed time: 0.01 seconds
Extract time: 0.01 seconds
0.0
Embed time: 0.01 seconds
Extract time: 0.01 seconds
0.0
Embed time: 0.01 seconds
Extract time: 0.01 seconds
0.0
Embed time: 0.05 seconds
Extract time: 0.01 seconds
0.0625
Embed time: 0.01 seconds
Extract time: 0.01 seconds
0.0
Embed time: 0.01 seconds
Extract time: 0.03 seconds
0.0
Embed time: 0.01 seconds
Extract time: 0.01 seconds
0.0
Embed time: 0.05 seconds
Extract time: 0.01 seconds
0.0
Embed time: 0.01 seconds
Extract time: 0.01 seconds
0.0
Embed time: 0.01 seconds
Extract time: 0.01 seconds
0.0
Embed time: 0.01 seconds
Extract time: 0.01 seconds
0.0
Embed time: 0.01 seconds
Extract time: 0.01 seconds
0.0
Embed time: 0.01 seconds
Extract time: 0.01 seconds
0.0
Embed time: 0.01 seconds
Extract time: 0.01 seconds
0.0
Embed time: 0.01 seconds
Extract time: 0.05 seconds
0.0
Embed time: 0.04 seconds
Extract time: 0.01 seconds
0.046875
Embed time: 0.01 seconds
Extract time: 0.01 seconds
0.0
Embed time: 0.01 seconds
Extract time: 0.01 seconds
0.015625
Embed time: 0.01 seconds
Extract time: 0.01 seconds
0.0
Embed time: 0.01 seconds
Extract time: 0.04 seconds
0.0
Embed time: 0.01 seconds
Extract time: 0.01 seconds
0.0
Embed time: 0.01 seconds
Extract time: 0.04 seconds
0.0
Embed time: 0.01 seconds
Extract time: 0.01 seconds
0.0
Embed time: 0.01 seconds
Extract time: 0.04 seconds
0.0
Embed time: 0.04 seconds
Extract time: 0.01 seconds
0.0
Embed time: 0.01 seconds
Extract time: 0.01 seconds
0.0
Embed time: 0.01 seconds
Extract time: 0.01 seconds
0.0
Embed time: 0.01 seconds
Extract time: 0.04 seconds
0.0
Embed time: 0.01 seconds
Extract time: 0.01 seconds
0.0
Embed time: 0.01 seconds
Extract time: 0.01 seconds
0.0
Embed time: 0.01 seconds
Extract time: 0.01 seconds
0.0
Embed time: 0.01 seconds
Extract time: 0.01 seconds
0.0
Embed time: 0.05 seconds
Extract time: 0.01 seconds
0.0
Embed time: 0.01 seconds
Extract time: 0.01 seconds
0.0
Embed time: 0.05 seconds
Extract time: 0.01 seconds
0.0
Embed time: 0.01 seconds
Extract time: 0.01 seconds
0.0
Embed time: 0.05 seconds
Extract time: 0.01 seconds
0.0
Embed time: 0.01 seconds
Extract time: 0.01 seconds
0.0
Embed time: 0.02 seconds
Extract time: 0.01 seconds
0.0
Embed time: 0.01 seconds
Extract time: 0.01 seconds
0.0
Embed time: 0.05 seconds
Extract time: 0.01 seconds
0.0
Embed time: 0.01 seconds
Extract time: 0.01 seconds
0.0
Embed time: 0.05 seconds
Extract time: 0.01 seconds
0.0
Embed time: 0.01 seconds
Extract time: 0.01 seconds
0.0
Embed time: 0.05 seconds
Extract time: 0.01 seconds
0.0
Embed time: 0.01 seconds
Extract time: 0.01 seconds
0.0
Embed time: 0.03 seconds
Extract time: 0.01 seconds
0.0
Embed time: 0.01 seconds
Extract time: 0.01 seconds
0.0
Embed time: 0.02 seconds
Extract time: 0.01 seconds
0.0
Embed time: 0.01 seconds
Extract time: 0.01 seconds
0.0
Embed time: 0.06 seconds
Extract time: 0.01 seconds
0.0
Embed time: 0.01 seconds
Extract time: 0.01 seconds
0.0
Embed time: 0.01 seconds
Extract time: 0.01 seconds
0.0
Embed time: 0.01 seconds
Extract time: 0.01 seconds
0.0625
Embed time: 0.04 seconds
Extract time: 0.01 seconds
0.0
Embed time: 0.01 seconds
Extract time: 0.01 seconds
0.0
Embed time: 0.05 seconds
Extract time: 0.01 seconds
0.0
Embed time: 0.01 seconds
Extract time: 0.01 seconds
0.0
Embed time: 0.01 seconds
Extract time: 0.05 seconds
0.0
Embed time: 0.04 seconds
Extract time: 0.01 seconds
0.015625
Embed time: 0.01 seconds
Extract time: 0.01 seconds
0.078125
Embed time: 0.04 seconds
Extract time: 0.01 seconds
0.0
Embed time: 0.01 seconds
Extract time: 0.01 seconds
0.015625
Embed time: 0.02 seconds
Extract time: 0.01 seconds
0.0
Embed time: 0.01 seconds
Extract time: 0.01 seconds
0.015625
Embed time: 0.05 seconds
Extract time: 0.01 seconds
0.0
Embed time: 0.01 seconds
Extract time: 0.01 seconds
0.0
Embed time: 0.05 seconds
Extract time: 0.01 seconds
0.0
Embed time: 0.01 seconds
Extract time: 0.01 seconds
0.0
Embed time: 0.04 seconds
Extract time: 0.01 seconds
0.0
Embed time: 0.01 seconds
Extract time: 0.01 seconds
0.0
Embed time: 0.04 seconds
Extract time: 0.01 seconds
0.0
Embed time: 0.01 seconds
Extract time: 0.01 seconds
0.0
25-06-22 14:13:06.562 - INFO: # Validation # PSNR_Stego: 3.9270e+01, Bit_acc:  4.2188e-03
2025-06-22 14:13:06,562 - INFO - # Validation # PSNR_Stego: 3.9270e+01, Bit_acc:  4.2188e-03
25-06-22 14:13:06.562 - INFO: <epoch:  6, iter:  84,000> PSNR_Stego: 3.9270e+01, Bit_acc:  4.2188e-03
2025-06-22 14:13:06,562 - INFO - <epoch:  6, iter:  84,000> PSNR_Stego: 3.9270e+01, Bit_acc:  4.2188e-03
25-06-22 14:13:06.563 - INFO: Saving models and training states.
2025-06-22 14:13:06,563 - INFO - Saving models and training states.
Checkpoint save path: /workspace/EditGuard-V1/experiments/train_ibsn_bit_64/models/84000_G.pth

===== Checkpoint State Path: /workspace/EditGuard-V1/experiments/train_ibsn_bit_64/training_state/84000.state =====

25-06-22 14:13:26.132 - INFO: <epoch:  6, iter:  84,100, lr:5.000e-05> l_forw_fit: 1.5219e+01 l_msg: 0.0000e+00 
2025-06-22 14:13:26,132 - INFO - <epoch:  6, iter:  84,100, lr:5.000e-05> l_forw_fit: 1.5219e+01 l_msg: 0.0000e+00 
25-06-22 14:13:46.058 - INFO: <epoch:  6, iter:  84,200, lr:5.000e-05> l_forw_fit: 3.5258e+01 l_msg: 0.0000e+00 
2025-06-22 14:13:46,058 - INFO - <epoch:  6, iter:  84,200, lr:5.000e-05> l_forw_fit: 3.5258e+01 l_msg: 0.0000e+00 
25-06-22 14:14:05.934 - INFO: <epoch:  6, iter:  84,300, lr:5.000e-05> l_forw_fit: 2.9237e+01 l_msg: 0.0000e+00 
2025-06-22 14:14:05,934 - INFO - <epoch:  6, iter:  84,300, lr:5.000e-05> l_forw_fit: 2.9237e+01 l_msg: 0.0000e+00 
25-06-22 14:14:25.016 - INFO: <epoch:  6, iter:  84,400, lr:5.000e-05> l_forw_fit: 1.9506e+01 l_msg: 0.0000e+00 
2025-06-22 14:14:25,016 - INFO - <epoch:  6, iter:  84,400, lr:5.000e-05> l_forw_fit: 1.9506e+01 l_msg: 0.0000e+00 
25-06-22 14:14:44.504 - INFO: <epoch:  6, iter:  84,500, lr:5.000e-05> l_forw_fit: 1.2292e+01 l_msg: 0.0000e+00 
2025-06-22 14:14:44,504 - INFO - <epoch:  6, iter:  84,500, lr:5.000e-05> l_forw_fit: 1.2292e+01 l_msg: 0.0000e+00 
Embed time: 0.03 seconds
Extract time: 0.01 seconds
0.0
Embed time: 0.01 seconds
Extract time: 0.01 seconds
0.0
Embed time: 0.01 seconds
Extract time: 0.01 seconds
0.015625
Embed time: 0.01 seconds
Extract time: 0.01 seconds
0.0
Embed time: 0.01 seconds
Extract time: 0.01 seconds
0.0
Embed time: 0.01 seconds
Extract time: 0.04 seconds
0.0
Embed time: 0.02 seconds
Extract time: 0.01 seconds
0.0
Embed time: 0.05 seconds
Extract time: 0.01 seconds
0.0
Embed time: 0.01 seconds
Extract time: 0.01 seconds
0.0
Embed time: 0.01 seconds
Extract time: 0.01 seconds
0.0
Embed time: 0.01 seconds
Extract time: 0.01 seconds
0.015625
Embed time: 0.01 seconds
Extract time: 0.04 seconds
0.0
Embed time: 0.01 seconds
Extract time: 0.01 seconds
0.0
Embed time: 0.01 seconds
Extract time: 0.01 seconds
0.015625
Embed time: 0.01 seconds
Extract time: 0.01 seconds
0.0
Embed time: 0.01 seconds
Extract time: 0.01 seconds
0.0
Embed time: 0.01 seconds
Extract time: 0.01 seconds
0.015625
Embed time: 0.01 seconds
Extract time: 0.01 seconds
0.0
Embed time: 0.01 seconds
Extract time: 0.01 seconds
0.0
Embed time: 0.01 seconds
Extract time: 0.01 seconds
0.015625
Embed time: 0.01 seconds
Extract time: 0.04 seconds
0.0
Embed time: 0.01 seconds
Extract time: 0.01 seconds
0.0
Embed time: 0.01 seconds
Extract time: 0.01 seconds
0.0
Embed time: 0.05 seconds
Extract time: 0.01 seconds
0.0
Embed time: 0.01 seconds
Extract time: 0.01 seconds
0.0
Embed time: 0.06 seconds
Extract time: 0.01 seconds
0.0
Embed time: 0.01 seconds
Extract time: 0.01 seconds
0.015625
Embed time: 0.01 seconds
Extract time: 0.01 seconds
0.0
Embed time: 0.01 seconds
Extract time: 0.01 seconds
0.0
Embed time: 0.01 seconds
Extract time: 0.04 seconds
0.0
Embed time: 0.05 seconds
Extract time: 0.01 seconds
0.0
Embed time: 0.01 seconds
Extract time: 0.01 seconds
0.0
Embed time: 0.01 seconds
Extract time: 0.01 seconds
0.0
Embed time: 0.01 seconds
Extract time: 0.01 seconds
0.0
Embed time: 0.01 seconds
Extract time: 0.01 seconds
0.0
Embed time: 0.01 seconds
Extract time: 0.01 seconds
0.0
Embed time: 0.01 seconds
Extract time: 0.01 seconds
0.015625
Embed time: 0.01 seconds
Extract time: 0.01 seconds
0.0
Embed time: 0.01 seconds
Extract time: 0.01 seconds
0.0
Embed time: 0.01 seconds
Extract time: 0.01 seconds
0.0
Embed time: 0.01 seconds
Extract time: 0.01 seconds
0.0
Embed time: 0.02 seconds
Extract time: 0.01 seconds
0.015625
Embed time: 0.01 seconds
Extract time: 0.01 seconds
0.0
Embed time: 0.01 seconds
Extract time: 0.01 seconds
0.0
Embed time: 0.04 seconds
Extract time: 0.01 seconds
0.0
Embed time: 0.01 seconds
Extract time: 0.01 seconds
0.0
Embed time: 0.05 seconds
Extract time: 0.01 seconds
0.0
Embed time: 0.01 seconds
Extract time: 0.01 seconds
0.0
Embed time: 0.05 seconds
Extract time: 0.01 seconds
0.0
Embed time: 0.01 seconds
Extract time: 0.01 seconds
0.0
Embed time: 0.04 seconds
Extract time: 0.01 seconds
0.0
Embed time: 0.01 seconds
Extract time: 0.01 seconds
0.0
Embed time: 0.01 seconds
Extract time: 0.04 seconds
0.0
Embed time: 0.01 seconds
Extract time: 0.01 seconds
0.0
Embed time: 0.01 seconds
Extract time: 0.01 seconds
0.09375
Embed time: 0.01 seconds
Extract time: 0.01 seconds
0.015625
Embed time: 0.01 seconds
Extract time: 0.01 seconds
0.015625
Embed time: 0.01 seconds
Extract time: 0.01 seconds
0.0
Embed time: 0.01 seconds
Extract time: 0.04 seconds
0.0
Embed time: 0.01 seconds
Extract time: 0.01 seconds
0.015625
Embed time: 0.01 seconds
Extract time: 0.01 seconds
0.0
Embed time: 0.02 seconds
Extract time: 0.01 seconds
0.0
Embed time: 0.01 seconds
Extract time: 0.01 seconds
0.015625
Embed time: 0.02 seconds
Extract time: 0.01 seconds
0.0
Embed time: 0.01 seconds
Extract time: 0.01 seconds
0.0
Embed time: 0.01 seconds
Extract time: 0.01 seconds
0.015625
Embed time: 0.01 seconds
Extract time: 0.01 seconds
0.0
Embed time: 0.05 seconds
Extract time: 0.01 seconds
0.0
Embed time: 0.01 seconds
Extract time: 0.01 seconds
0.0
Embed time: 0.01 seconds
Extract time: 0.01 seconds
0.0
Embed time: 0.01 seconds
Extract time: 0.01 seconds
0.0
Embed time: 0.05 seconds
Extract time: 0.01 seconds
0.0
Embed time: 0.01 seconds
Extract time: 0.01 seconds
0.0
Embed time: 0.05 seconds
Extract time: 0.01 seconds
0.0
Embed time: 0.01 seconds
Extract time: 0.01 seconds
0.0
Embed time: 0.04 seconds
Extract time: 0.01 seconds
0.0
Embed time: 0.01 seconds
Extract time: 0.01 seconds
0.0
Embed time: 0.05 seconds
Extract time: 0.01 seconds
0.0
Embed time: 0.01 seconds
Extract time: 0.01 seconds
0.0
Embed time: 0.01 seconds
Extract time: 0.01 seconds
0.0
Embed time: 0.01 seconds
Extract time: 0.01 seconds
0.0
Embed time: 0.01 seconds
Extract time: 0.01 seconds
0.0
Embed time: 0.01 seconds
Extract time: 0.01 seconds
0.0
Embed time: 0.04 seconds
Extract time: 0.01 seconds
0.0
Embed time: 0.01 seconds
Extract time: 0.01 seconds
0.0
Embed time: 0.01 seconds
Extract time: 0.01 seconds
0.0
Embed time: 0.01 seconds
Extract time: 0.01 seconds
0.0
Embed time: 0.05 seconds
Extract time: 0.01 seconds
0.0625
Embed time: 0.01 seconds
Extract time: 0.01 seconds
0.0
Embed time: 0.05 seconds
Extract time: 0.01 seconds
0.015625
Embed time: 0.01 seconds
Extract time: 0.01 seconds
0.015625
Embed time: 0.04 seconds
Extract time: 0.01 seconds
0.0
Embed time: 0.01 seconds
Extract time: 0.01 seconds
0.0
Embed time: 0.05 seconds
Extract time: 0.01 seconds
0.0
Embed time: 0.01 seconds
Extract time: 0.01 seconds
0.0
Embed time: 0.04 seconds
Extract time: 0.01 seconds
0.0
Embed time: 0.01 seconds
Extract time: 0.01 seconds
0.0
Embed time: 0.01 seconds
Extract time: 0.04 seconds
0.0
Embed time: 0.01 seconds
Extract time: 0.01 seconds
0.0
Embed time: 0.05 seconds
Extract time: 0.01 seconds
0.0
25-06-22 14:14:59.604 - INFO: # Validation # PSNR_Stego: 3.9094e+01, Bit_acc:  3.9062e-03
2025-06-22 14:14:59,604 - INFO - # Validation # PSNR_Stego: 3.9094e+01, Bit_acc:  3.9062e-03
25-06-22 14:14:59.604 - INFO: <epoch:  6, iter:  84,500> PSNR_Stego: 3.9094e+01, Bit_acc:  3.9062e-03
2025-06-22 14:14:59,604 - INFO - <epoch:  6, iter:  84,500> PSNR_Stego: 3.9094e+01, Bit_acc:  3.9062e-03
25-06-22 14:15:19.690 - INFO: <epoch:  6, iter:  84,600, lr:5.000e-05> l_forw_fit: 2.1677e+01 l_msg: 8.1023e-02 
2025-06-22 14:15:19,690 - INFO - <epoch:  6, iter:  84,600, lr:5.000e-05> l_forw_fit: 2.1677e+01 l_msg: 8.1023e-02 
25-06-22 14:15:39.521 - INFO: <epoch:  6, iter:  84,700, lr:5.000e-05> l_forw_fit: 1.3650e+01 l_msg: 2.1351e-02 
2025-06-22 14:15:39,521 - INFO - <epoch:  6, iter:  84,700, lr:5.000e-05> l_forw_fit: 1.3650e+01 l_msg: 2.1351e-02 
25-06-22 14:15:58.837 - INFO: <epoch:  6, iter:  84,800, lr:5.000e-05> l_forw_fit: 6.8768e+00 l_msg: 1.6311e-02 
2025-06-22 14:15:58,837 - INFO - <epoch:  6, iter:  84,800, lr:5.000e-05> l_forw_fit: 6.8768e+00 l_msg: 1.6311e-02 
25-06-22 14:16:18.036 - INFO: <epoch:  6, iter:  84,900, lr:5.000e-05> l_forw_fit: 1.0650e+01 l_msg: 1.9117e-01 
2025-06-22 14:16:18,036 - INFO - <epoch:  6, iter:  84,900, lr:5.000e-05> l_forw_fit: 1.0650e+01 l_msg: 1.9117e-01 
25-06-22 14:16:38.521 - INFO: <epoch:  6, iter:  85,000, lr:5.000e-05> l_forw_fit: 5.8437e+00 l_msg: 4.2969e-02 
2025-06-22 14:16:38,521 - INFO - <epoch:  6, iter:  85,000, lr:5.000e-05> l_forw_fit: 5.8437e+00 l_msg: 4.2969e-02 
Embed time: 0.03 seconds
Extract time: 0.01 seconds
0.0
Embed time: 0.02 seconds
Extract time: 0.01 seconds
0.0
Embed time: 0.01 seconds
Extract time: 0.01 seconds
0.0
Embed time: 0.01 seconds
Extract time: 0.01 seconds
0.0
Embed time: 0.01 seconds
Extract time: 0.01 seconds
0.0
Embed time: 0.05 seconds
Extract time: 0.01 seconds
0.0
Embed time: 0.01 seconds
Extract time: 0.01 seconds
0.046875
Embed time: 0.01 seconds
Extract time: 0.01 seconds
0.0
Embed time: 0.01 seconds
Extract time: 0.01 seconds
0.0
Embed time: 0.01 seconds
Extract time: 0.01 seconds
0.0
Embed time: 0.02 seconds
Extract time: 0.01 seconds
0.015625
Embed time: 0.01 seconds
Extract time: 0.01 seconds
0.0
Embed time: 0.04 seconds
Extract time: 0.01 seconds
0.0
Embed time: 0.01 seconds
Extract time: 0.01 seconds
0.03125
Embed time: 0.01 seconds
Extract time: 0.01 seconds
0.0
Embed time: 0.05 seconds
Extract time: 0.01 seconds
0.0
Embed time: 0.01 seconds
Extract time: 0.01 seconds
0.0
Embed time: 0.04 seconds
Extract time: 0.01 seconds
0.0
Embed time: 0.01 seconds
Extract time: 0.01 seconds
0.0
Embed time: 0.04 seconds
Extract time: 0.01 seconds
0.0
Embed time: 0.01 seconds
Extract time: 0.01 seconds
0.0
Embed time: 0.05 seconds
Extract time: 0.01 seconds
0.0
Embed time: 0.01 seconds
Extract time: 0.01 seconds
0.0
Embed time: 0.04 seconds
Extract time: 0.01 seconds
0.0
Embed time: 0.01 seconds
Extract time: 0.01 seconds
0.015625
Embed time: 0.01 seconds
Extract time: 0.01 seconds
0.0
Embed time: 0.01 seconds
Extract time: 0.01 seconds
0.0
Embed time: 0.05 seconds
Extract time: 0.01 seconds
0.0
Embed time: 0.01 seconds
Extract time: 0.01 seconds
0.0
Embed time: 0.01 seconds
Extract time: 0.01 seconds
0.0
Embed time: 0.01 seconds
Extract time: 0.01 seconds
0.015625
Embed time: 0.01 seconds
Extract time: 0.04 seconds
0.0
Embed time: 0.01 seconds
Extract time: 0.01 seconds
0.0
Embed time: 0.05 seconds
Extract time: 0.01 seconds
0.0
Embed time: 0.02 seconds
Extract time: 0.01 seconds
0.0
Embed time: 0.04 seconds
Extract time: 0.01 seconds
0.0
Embed time: 0.01 seconds
Extract time: 0.01 seconds
0.0
Embed time: 0.01 seconds
Extract time: 0.01 seconds
0.0
Embed time: 0.01 seconds
Extract time: 0.04 seconds
0.0
Embed time: 0.01 seconds
Extract time: 0.02 seconds
0.0
Embed time: 0.01 seconds
Extract time: 0.01 seconds
0.0
Embed time: 0.02 seconds
Extract time: 0.01 seconds
0.0
Embed time: 0.01 seconds
Extract time: 0.01 seconds
0.0
Embed time: 0.01 seconds
Extract time: 0.01 seconds
0.125
Embed time: 0.02 seconds
Extract time: 0.01 seconds
0.03125
Embed time: 0.02 seconds
Extract time: 0.01 seconds
0.0
Embed time: 0.01 seconds
Extract time: 0.01 seconds
0.0
Embed time: 0.02 seconds
Extract time: 0.01 seconds
0.0
Embed time: 0.01 seconds
Extract time: 0.01 seconds
0.0
Embed time: 0.02 seconds
Extract time: 0.01 seconds
0.0
Embed time: 0.01 seconds
Extract time: 0.01 seconds
0.0
Embed time: 0.02 seconds
Extract time: 0.01 seconds
0.0
Embed time: 0.01 seconds
Extract time: 0.01 seconds
0.0
Embed time: 0.02 seconds
Extract time: 0.01 seconds
0.0
Embed time: 0.01 seconds
Extract time: 0.01 seconds
0.0
Embed time: 0.01 seconds
Extract time: 0.01 seconds
0.0
Embed time: 0.01 seconds
Extract time: 0.05 seconds
0.0
Embed time: 0.04 seconds
Extract time: 0.01 seconds
0.0
Embed time: 0.01 seconds
Extract time: 0.01 seconds
0.0
Embed time: 0.05 seconds
Extract time: 0.01 seconds
0.0
Embed time: 0.01 seconds
Extract time: 0.04 seconds
0.0
Embed time: 0.04 seconds
Extract time: 0.01 seconds
0.0
Embed time: 0.01 seconds
Extract time: 0.03 seconds
0.0
Embed time: 0.03 seconds
Extract time: 0.01 seconds
0.0
Embed time: 0.01 seconds
Extract time: 0.01 seconds
0.0
Embed time: 0.05 seconds
Extract time: 0.01 seconds
0.0
Embed time: 0.01 seconds
Extract time: 0.01 seconds
0.015625
Embed time: 0.04 seconds
Extract time: 0.01 seconds
0.0
Embed time: 0.01 seconds
Extract time: 0.01 seconds
0.0
Embed time: 0.05 seconds
Extract time: 0.01 seconds
0.0
Embed time: 0.01 seconds
Extract time: 0.01 seconds
0.0
Embed time: 0.05 seconds
Extract time: 0.01 seconds
0.0
Embed time: 0.01 seconds
Extract time: 0.01 seconds
0.0
Embed time: 0.05 seconds
Extract time: 0.01 seconds
0.0
Embed time: 0.01 seconds
Extract time: 0.01 seconds
0.0
Embed time: 0.01 seconds
Extract time: 0.04 seconds
0.0
Embed time: 0.01 seconds
Extract time: 0.01 seconds
0.0
Embed time: 0.04 seconds
Extract time: 0.01 seconds
0.0
Embed time: 0.01 seconds
Extract time: 0.01 seconds
0.0
Embed time: 0.01 seconds
Extract time: 0.01 seconds
0.0
Embed time: 0.01 seconds
Extract time: 0.01 seconds
0.015625
Embed time: 0.01 seconds
Extract time: 0.01 seconds
0.0
Embed time: 0.02 seconds
Extract time: 0.01 seconds
0.0
Embed time: 0.01 seconds
Extract time: 0.01 seconds
0.0
Embed time: 0.04 seconds
Extract time: 0.01 seconds
0.0
Embed time: 0.01 seconds
Extract time: 0.01 seconds
0.125
Embed time: 0.01 seconds
Extract time: 0.04 seconds
0.0
Embed time: 0.01 seconds
Extract time: 0.01 seconds
0.078125
Embed time: 0.04 seconds
Extract time: 0.01 seconds
0.0
Embed time: 0.01 seconds
Extract time: 0.01 seconds
0.03125
Embed time: 0.05 seconds
Extract time: 0.01 seconds
0.0
Embed time: 0.01 seconds
Extract time: 0.03 seconds
0.0
Embed time: 0.04 seconds
Extract time: 0.01 seconds
0.0
Embed time: 0.01 seconds
Extract time: 0.01 seconds
0.0
Embed time: 0.01 seconds
Extract time: 0.04 seconds
0.0
Embed time: 0.01 seconds
Extract time: 0.01 seconds
0.0
Embed time: 0.02 seconds
Extract time: 0.01 seconds
0.0
Embed time: 0.03 seconds
Extract time: 0.01 seconds
0.0
Embed time: 0.01 seconds
Extract time: 0.01 seconds
0.0
Embed time: 0.01 seconds
Extract time: 0.01 seconds
0.0
25-06-22 14:16:53.703 - INFO: # Validation # PSNR_Stego: 3.9828e+01, Bit_acc:  5.4687e-03
2025-06-22 14:16:53,703 - INFO - # Validation # PSNR_Stego: 3.9828e+01, Bit_acc:  5.4687e-03
25-06-22 14:16:53.704 - INFO: <epoch:  6, iter:  85,000> PSNR_Stego: 3.9828e+01, Bit_acc:  5.4687e-03
2025-06-22 14:16:53,704 - INFO - <epoch:  6, iter:  85,000> PSNR_Stego: 3.9828e+01, Bit_acc:  5.4687e-03
25-06-22 14:16:53.705 - INFO: Saving models and training states.
2025-06-22 14:16:53,705 - INFO - Saving models and training states.
Checkpoint save path: /workspace/EditGuard-V1/experiments/train_ibsn_bit_64/models/85000_G.pth

===== Checkpoint State Path: /workspace/EditGuard-V1/experiments/train_ibsn_bit_64/training_state/85000.state =====

25-06-22 14:17:13.671 - INFO: <epoch:  6, iter:  85,100, lr:5.000e-05> l_forw_fit: 8.9954e+00 l_msg: 0.0000e+00 
2025-06-22 14:17:13,671 - INFO - <epoch:  6, iter:  85,100, lr:5.000e-05> l_forw_fit: 8.9954e+00 l_msg: 0.0000e+00 
25-06-22 14:17:33.319 - INFO: <epoch:  6, iter:  85,200, lr:5.000e-05> l_forw_fit: 5.5139e+00 l_msg: 4.4576e-02 
2025-06-22 14:17:33,319 - INFO - <epoch:  6, iter:  85,200, lr:5.000e-05> l_forw_fit: 5.5139e+00 l_msg: 4.4576e-02 
25-06-22 14:17:52.518 - INFO: <epoch:  6, iter:  85,300, lr:5.000e-05> l_forw_fit: 5.1400e+00 l_msg: 0.0000e+00 
2025-06-22 14:17:52,518 - INFO - <epoch:  6, iter:  85,300, lr:5.000e-05> l_forw_fit: 5.1400e+00 l_msg: 0.0000e+00 
25-06-22 14:18:12.529 - INFO: <epoch:  6, iter:  85,400, lr:5.000e-05> l_forw_fit: 2.5115e+01 l_msg: 0.0000e+00 
2025-06-22 14:18:12,529 - INFO - <epoch:  6, iter:  85,400, lr:5.000e-05> l_forw_fit: 2.5115e+01 l_msg: 0.0000e+00 
25-06-22 14:18:31.824 - INFO: <epoch:  6, iter:  85,500, lr:5.000e-05> l_forw_fit: 1.2239e+01 l_msg: 0.0000e+00 
2025-06-22 14:18:31,824 - INFO - <epoch:  6, iter:  85,500, lr:5.000e-05> l_forw_fit: 1.2239e+01 l_msg: 0.0000e+00 
Embed time: 0.03 seconds
Extract time: 0.01 seconds
0.0
Embed time: 0.02 seconds
Extract time: 0.01 seconds
0.0
Embed time: 0.04 seconds
Extract time: 0.01 seconds
0.0
Embed time: 0.01 seconds
Extract time: 0.01 seconds
0.0
Embed time: 0.01 seconds
Extract time: 0.01 seconds
0.0
Embed time: 0.01 seconds
Extract time: 0.01 seconds
0.0
Embed time: 0.01 seconds
Extract time: 0.01 seconds
0.0
Embed time: 0.02 seconds
Extract time: 0.01 seconds
0.0
Embed time: 0.01 seconds
Extract time: 0.01 seconds
0.0
Embed time: 0.02 seconds
Extract time: 0.01 seconds
0.0
Embed time: 0.01 seconds
Extract time: 0.01 seconds
0.0
Embed time: 0.06 seconds
Extract time: 0.01 seconds
0.0
Embed time: 0.02 seconds
Extract time: 0.01 seconds
0.0
Embed time: 0.04 seconds
Extract time: 0.01 seconds
0.0
Embed time: 0.01 seconds
Extract time: 0.01 seconds
0.0
Embed time: 0.01 seconds
Extract time: 0.01 seconds
0.0
Embed time: 0.02 seconds
Extract time: 0.01 seconds
0.0
Embed time: 0.01 seconds
Extract time: 0.01 seconds
0.0
Embed time: 0.02 seconds
Extract time: 0.01 seconds
0.0
Embed time: 0.01 seconds
Extract time: 0.01 seconds
0.0
Embed time: 0.06 seconds
Extract time: 0.01 seconds
0.0
Embed time: 0.01 seconds
Extract time: 0.01 seconds
0.03125
Embed time: 0.05 seconds
Extract time: 0.01 seconds
0.0
Embed time: 0.01 seconds
Extract time: 0.01 seconds
0.0
Embed time: 0.03 seconds
Extract time: 0.01 seconds
0.0
Embed time: 0.01 seconds
Extract time: 0.01 seconds
0.0
Embed time: 0.01 seconds
Extract time: 0.01 seconds
0.0
Embed time: 0.01 seconds
Extract time: 0.01 seconds
0.0
Embed time: 0.05 seconds
Extract time: 0.01 seconds
0.03125
Embed time: 0.01 seconds
Extract time: 0.01 seconds
0.015625
Embed time: 0.02 seconds
Extract time: 0.01 seconds
0.09375
Embed time: 0.01 seconds
Extract time: 0.01 seconds
0.0
Embed time: 0.02 seconds
Extract time: 0.01 seconds
0.0
Embed time: 0.01 seconds
Extract time: 0.03 seconds
0.0
Embed time: 0.04 seconds
Extract time: 0.01 seconds
0.0
Embed time: 0.01 seconds
Extract time: 0.01 seconds
0.0
Embed time: 0.05 seconds
Extract time: 0.01 seconds
0.0
Embed time: 0.01 seconds
Extract time: 0.01 seconds
0.0
Embed time: 0.04 seconds
Extract time: 0.01 seconds
0.0
Embed time: 0.01 seconds
Extract time: 0.01 seconds
0.0
Embed time: 0.02 seconds
Extract time: 0.01 seconds
0.0
Embed time: 0.01 seconds
Extract time: 0.01 seconds
0.0
Embed time: 0.05 seconds
Extract time: 0.01 seconds
0.0
Embed time: 0.01 seconds
Extract time: 0.01 seconds
0.0
Embed time: 0.05 seconds
Extract time: 0.01 seconds
0.0
Embed time: 0.01 seconds
Extract time: 0.01 seconds
0.0
Embed time: 0.05 seconds
Extract time: 0.01 seconds
0.0
Embed time: 0.01 seconds
Extract time: 0.01 seconds
0.0
Embed time: 0.01 seconds
Extract time: 0.01 seconds
0.0
Embed time: 0.01 seconds
Extract time: 0.01 seconds
0.0
Embed time: 0.01 seconds
Extract time: 0.01 seconds
0.0
Embed time: 0.02 seconds
Extract time: 0.01 seconds
0.0
Embed time: 0.01 seconds
Extract time: 0.01 seconds
0.0
Embed time: 0.02 seconds
Extract time: 0.01 seconds
0.0
Embed time: 0.01 seconds
Extract time: 0.03 seconds
0.0625
Embed time: 0.02 seconds
Extract time: 0.01 seconds
0.046875
Embed time: 0.01 seconds
Extract time: 0.04 seconds
0.0
Embed time: 0.01 seconds
Extract time: 0.01 seconds
0.015625
Embed time: 0.01 seconds
Extract time: 0.01 seconds
0.0
Embed time: 0.05 seconds
Extract time: 0.01 seconds
0.0
Embed time: 0.01 seconds
Extract time: 0.01 seconds
0.0
Embed time: 0.01 seconds
Extract time: 0.05 seconds
0.0
Embed time: 0.01 seconds
Extract time: 0.01 seconds
0.0
Embed time: 0.05 seconds
Extract time: 0.01 seconds
0.0
Embed time: 0.01 seconds
Extract time: 0.01 seconds
0.0
Embed time: 0.05 seconds
Extract time: 0.01 seconds
0.0
Embed time: 0.01 seconds
Extract time: 0.01 seconds
0.0
Embed time: 0.01 seconds
Extract time: 0.05 seconds
0.0
Embed time: 0.01 seconds
Extract time: 0.01 seconds
0.0
Embed time: 0.01 seconds
Extract time: 0.01 seconds
0.0
Embed time: 0.01 seconds
Extract time: 0.01 seconds
0.0
Embed time: 0.01 seconds
Extract time: 0.01 seconds
0.0
Embed time: 0.01 seconds
Extract time: 0.04 seconds
0.0
Embed time: 0.01 seconds
Extract time: 0.01 seconds
0.0
Embed time: 0.01 seconds
Extract time: 0.01 seconds
0.0
Embed time: 0.01 seconds
Extract time: 0.01 seconds
0.0
Embed time: 0.01 seconds
Extract time: 0.01 seconds
0.0
Embed time: 0.05 seconds
Extract time: 0.01 seconds
0.0
Embed time: 0.01 seconds
Extract time: 0.01 seconds
0.0
Embed time: 0.01 seconds
Extract time: 0.01 seconds
0.0
Embed time: 0.01 seconds
Extract time: 0.01 seconds
0.015625
Embed time: 0.01 seconds
Extract time: 0.01 seconds
0.0
Embed time: 0.02 seconds
Extract time: 0.01 seconds
0.046875
Embed time: 0.01 seconds
Extract time: 0.01 seconds
0.0
Embed time: 0.03 seconds
Extract time: 0.01 seconds
0.0
Embed time: 0.01 seconds
Extract time: 0.01 seconds
0.046875
Embed time: 0.02 seconds
Extract time: 0.01 seconds
0.0
Embed time: 0.01 seconds
Extract time: 0.01 seconds
0.03125
Embed time: 0.05 seconds
Extract time: 0.01 seconds
0.0
Embed time: 0.01 seconds
Extract time: 0.01 seconds
0.0
Embed time: 0.01 seconds
Extract time: 0.04 seconds
0.0
Embed time: 0.04 seconds
Extract time: 0.01 seconds
0.015625
Embed time: 0.01 seconds
Extract time: 0.01 seconds
0.0
Embed time: 0.01 seconds
Extract time: 0.04 seconds
0.0
Embed time: 0.01 seconds
Extract time: 0.01 seconds
0.0
Embed time: 0.05 seconds
Extract time: 0.01 seconds
0.0
Embed time: 0.01 seconds
Extract time: 0.01 seconds
0.0
Embed time: 0.01 seconds
Extract time: 0.05 seconds
0.0
Embed time: 0.01 seconds
Extract time: 0.01 seconds
0.0
Embed time: 0.01 seconds
Extract time: 0.01 seconds
0.0
25-06-22 14:18:46.767 - INFO: # Validation # PSNR_Stego: 3.8860e+01, Bit_acc:  4.5312e-03
2025-06-22 14:18:46,767 - INFO - # Validation # PSNR_Stego: 3.8860e+01, Bit_acc:  4.5312e-03
25-06-22 14:18:46.768 - INFO: <epoch:  6, iter:  85,500> PSNR_Stego: 3.8860e+01, Bit_acc:  4.5312e-03
2025-06-22 14:18:46,768 - INFO - <epoch:  6, iter:  85,500> PSNR_Stego: 3.8860e+01, Bit_acc:  4.5312e-03
25-06-22 14:19:06.279 - INFO: <epoch:  6, iter:  85,600, lr:5.000e-05> l_forw_fit: 1.2277e+01 l_msg: 2.3438e-02 
2025-06-22 14:19:06,279 - INFO - <epoch:  6, iter:  85,600, lr:5.000e-05> l_forw_fit: 1.2277e+01 l_msg: 2.3438e-02 
25-06-22 14:19:25.605 - INFO: <epoch:  6, iter:  85,700, lr:5.000e-05> l_forw_fit: 8.3291e+00 l_msg: 0.0000e+00 
2025-06-22 14:19:25,605 - INFO - <epoch:  6, iter:  85,700, lr:5.000e-05> l_forw_fit: 8.3291e+00 l_msg: 0.0000e+00 
25-06-22 14:19:45.396 - INFO: <epoch:  6, iter:  85,800, lr:5.000e-05> l_forw_fit: 2.8747e+01 l_msg: 5.1818e-02 
2025-06-22 14:19:45,396 - INFO - <epoch:  6, iter:  85,800, lr:5.000e-05> l_forw_fit: 2.8747e+01 l_msg: 5.1818e-02 
25-06-22 14:20:05.151 - INFO: <epoch:  6, iter:  85,900, lr:5.000e-05> l_forw_fit: 1.6837e+01 l_msg: 3.9062e-03 
2025-06-22 14:20:05,151 - INFO - <epoch:  6, iter:  85,900, lr:5.000e-05> l_forw_fit: 1.6837e+01 l_msg: 3.9062e-03 
25-06-22 14:20:24.548 - INFO: <epoch:  6, iter:  86,000, lr:5.000e-05> l_forw_fit: 3.5637e+01 l_msg: 9.8256e-02 
2025-06-22 14:20:24,548 - INFO - <epoch:  6, iter:  86,000, lr:5.000e-05> l_forw_fit: 3.5637e+01 l_msg: 9.8256e-02 
Embed time: 0.03 seconds
Extract time: 0.01 seconds
0.0
Embed time: 0.02 seconds
Extract time: 0.01 seconds
0.0
Embed time: 0.01 seconds
Extract time: 0.01 seconds
0.0
Embed time: 0.01 seconds
Extract time: 0.01 seconds
0.0
Embed time: 0.01 seconds
Extract time: 0.01 seconds
0.015625
Embed time: 0.01 seconds
Extract time: 0.01 seconds
0.0
Embed time: 0.04 seconds
Extract time: 0.01 seconds
0.0
Embed time: 0.01 seconds
Extract time: 0.01 seconds
0.0
Embed time: 0.01 seconds
Extract time: 0.05 seconds
0.0
Embed time: 0.01 seconds
Extract time: 0.01 seconds
0.0
Embed time: 0.05 seconds
Extract time: 0.01 seconds
0.0
Embed time: 0.01 seconds
Extract time: 0.01 seconds
0.0
Embed time: 0.05 seconds
Extract time: 0.01 seconds
0.0
Embed time: 0.01 seconds
Extract time: 0.01 seconds
0.0
Embed time: 0.02 seconds
Extract time: 0.01 seconds
0.0
Embed time: 0.01 seconds
Extract time: 0.01 seconds
0.0
Embed time: 0.04 seconds
Extract time: 0.01 seconds
0.0
Embed time: 0.01 seconds
Extract time: 0.01 seconds
0.015625
Embed time: 0.05 seconds
Extract time: 0.01 seconds
0.0
Embed time: 0.01 seconds
Extract time: 0.01 seconds
0.0
Embed time: 0.05 seconds
Extract time: 0.01 seconds
0.0
Embed time: 0.01 seconds
Extract time: 0.01 seconds
0.015625
Embed time: 0.05 seconds
Extract time: 0.01 seconds
0.0
Embed time: 0.01 seconds
Extract time: 0.01 seconds
0.0
Embed time: 0.01 seconds
Extract time: 0.04 seconds
0.0
Embed time: 0.01 seconds
Extract time: 0.01 seconds
0.0
Embed time: 0.01 seconds
Extract time: 0.01 seconds
0.0
Embed time: 0.02 seconds
Extract time: 0.01 seconds
0.015625
Embed time: 0.01 seconds
Extract time: 0.03 seconds
0.0
Embed time: 0.04 seconds
Extract time: 0.01 seconds
0.015625
Embed time: 0.01 seconds
Extract time: 0.01 seconds
0.0
Embed time: 0.03 seconds
Extract time: 0.01 seconds
0.0
Embed time: 0.01 seconds
Extract time: 0.01 seconds
0.0
Embed time: 0.06 seconds
Extract time: 0.01 seconds
0.0
Embed time: 0.01 seconds
Extract time: 0.01 seconds
0.03125
Embed time: 0.05 seconds
Extract time: 0.01 seconds
0.0
Embed time: 0.01 seconds
Extract time: 0.01 seconds
0.0
Embed time: 0.05 seconds
Extract time: 0.01 seconds
0.0
Embed time: 0.01 seconds
Extract time: 0.01 seconds
0.0
Embed time: 0.06 seconds
Extract time: 0.01 seconds
0.0
Embed time: 0.01 seconds
Extract time: 0.05 seconds
0.0
Embed time: 0.01 seconds
Extract time: 0.03 seconds
0.0
Embed time: 0.01 seconds
Extract time: 0.01 seconds
0.0
Embed time: 0.01 seconds
Extract time: 0.01 seconds
0.015625
Embed time: 0.01 seconds
Extract time: 0.01 seconds
0.0
Embed time: 0.01 seconds
Extract time: 0.04 seconds
0.0
Embed time: 0.01 seconds
Extract time: 0.01 seconds
0.0
Embed time: 0.05 seconds
Extract time: 0.01 seconds
0.0
Embed time: 0.01 seconds
Extract time: 0.01 seconds
0.0
Embed time: 0.05 seconds
Extract time: 0.01 seconds
0.0625
Embed time: 0.01 seconds
Extract time: 0.01 seconds
0.0
Embed time: 0.06 seconds
Extract time: 0.01 seconds
0.0
Embed time: 0.01 seconds
Extract time: 0.01 seconds
0.0
Embed time: 0.01 seconds
Extract time: 0.01 seconds
0.0
Embed time: 0.01 seconds
Extract time: 0.01 seconds
0.0
Embed time: 0.01 seconds
Extract time: 0.01 seconds
0.03125
Embed time: 0.01 seconds
Extract time: 0.01 seconds
0.0
Embed time: 0.01 seconds
Extract time: 0.01 seconds
0.015625
Embed time: 0.02 seconds
Extract time: 0.01 seconds
0.0
Embed time: 0.01 seconds
Extract time: 0.01 seconds
0.0
Embed time: 0.05 seconds
Extract time: 0.01 seconds
0.0
Embed time: 0.01 seconds
Extract time: 0.01 seconds
0.0
Embed time: 0.03 seconds
Extract time: 0.01 seconds
0.0
Embed time: 0.01 seconds
Extract time: 0.01 seconds
0.0
Embed time: 0.02 seconds
Extract time: 0.01 seconds
0.0
Embed time: 0.01 seconds
Extract time: 0.01 seconds
0.0
Embed time: 0.02 seconds
Extract time: 0.01 seconds
0.0
Embed time: 0.01 seconds
Extract time: 0.04 seconds
0.0
Embed time: 0.03 seconds
Extract time: 0.01 seconds
0.0
Embed time: 0.01 seconds
Extract time: 0.01 seconds
0.0
Embed time: 0.01 seconds
Extract time: 0.01 seconds
0.0
Embed time: 0.01 seconds
Extract time: 0.01 seconds
0.0
Embed time: 0.05 seconds
Extract time: 0.01 seconds
0.015625
Embed time: 0.01 seconds
Extract time: 0.01 seconds
0.0
Embed time: 0.03 seconds
Extract time: 0.01 seconds
0.0
Embed time: 0.01 seconds
Extract time: 0.01 seconds
0.0
Embed time: 0.05 seconds
Extract time: 0.01 seconds
0.0
Embed time: 0.01 seconds
Extract time: 0.01 seconds
0.0
Embed time: 0.01 seconds
Extract time: 0.05 seconds
0.0
Embed time: 0.01 seconds
Extract time: 0.01 seconds
0.0
Embed time: 0.01 seconds
Extract time: 0.01 seconds
0.0
Embed time: 0.01 seconds
Extract time: 0.01 seconds
0.0
Embed time: 0.01 seconds
Extract time: 0.01 seconds
0.0625
Embed time: 0.01 seconds
Extract time: 0.01 seconds
0.0
Embed time: 0.01 seconds
Extract time: 0.01 seconds
0.0
Embed time: 0.01 seconds
Extract time: 0.01 seconds
0.0
Embed time: 0.01 seconds
Extract time: 0.01 seconds
0.0
Embed time: 0.05 seconds
Extract time: 0.01 seconds
0.0
Embed time: 0.01 seconds
Extract time: 0.01 seconds
0.0
Embed time: 0.03 seconds
Extract time: 0.01 seconds
0.0
Embed time: 0.01 seconds
Extract time: 0.01 seconds
0.0
Embed time: 0.01 seconds
Extract time: 0.05 seconds
0.0
Embed time: 0.01 seconds
Extract time: 0.01 seconds
0.015625
Embed time: 0.05 seconds
Extract time: 0.01 seconds
0.015625
Embed time: 0.01 seconds
Extract time: 0.01 seconds
0.03125
Embed time: 0.01 seconds
Extract time: 0.01 seconds
0.0
Embed time: 0.04 seconds
Extract time: 0.01 seconds
0.0
Embed time: 0.01 seconds
Extract time: 0.01 seconds
0.0
Embed time: 0.01 seconds
Extract time: 0.01 seconds
0.0
Embed time: 0.01 seconds
Extract time: 0.04 seconds
0.0
25-06-22 14:20:39.662 - INFO: # Validation # PSNR_Stego: 3.8874e+01, Bit_acc:  3.7500e-03
2025-06-22 14:20:39,662 - INFO - # Validation # PSNR_Stego: 3.8874e+01, Bit_acc:  3.7500e-03
25-06-22 14:20:39.662 - INFO: <epoch:  6, iter:  86,000> PSNR_Stego: 3.8874e+01, Bit_acc:  3.7500e-03
2025-06-22 14:20:39,662 - INFO - <epoch:  6, iter:  86,000> PSNR_Stego: 3.8874e+01, Bit_acc:  3.7500e-03
25-06-22 14:20:39.662 - INFO: Saving models and training states.
2025-06-22 14:20:39,662 - INFO - Saving models and training states.
Checkpoint save path: /workspace/EditGuard-V1/experiments/train_ibsn_bit_64/models/86000_G.pth

===== Checkpoint State Path: /workspace/EditGuard-V1/experiments/train_ibsn_bit_64/training_state/86000.state =====

25-06-22 14:20:59.536 - INFO: <epoch:  6, iter:  86,100, lr:5.000e-05> l_forw_fit: 1.5570e+01 l_msg: 3.9062e-03 
2025-06-22 14:20:59,536 - INFO - <epoch:  6, iter:  86,100, lr:5.000e-05> l_forw_fit: 1.5570e+01 l_msg: 3.9062e-03 
25-06-22 14:21:19.090 - INFO: <epoch:  6, iter:  86,200, lr:5.000e-05> l_forw_fit: 1.5249e+01 l_msg: 3.9062e-02 
2025-06-22 14:21:19,090 - INFO - <epoch:  6, iter:  86,200, lr:5.000e-05> l_forw_fit: 1.5249e+01 l_msg: 3.9062e-02 
25-06-22 14:21:39.118 - INFO: <epoch:  6, iter:  86,300, lr:5.000e-05> l_forw_fit: 2.6658e+01 l_msg: 0.0000e+00 
2025-06-22 14:21:39,118 - INFO - <epoch:  6, iter:  86,300, lr:5.000e-05> l_forw_fit: 2.6658e+01 l_msg: 0.0000e+00 
25-06-22 14:21:58.304 - INFO: <epoch:  6, iter:  86,400, lr:5.000e-05> l_forw_fit: 9.7390e+00 l_msg: 0.0000e+00 
2025-06-22 14:21:58,304 - INFO - <epoch:  6, iter:  86,400, lr:5.000e-05> l_forw_fit: 9.7390e+00 l_msg: 0.0000e+00 
25-06-22 14:22:17.840 - INFO: <epoch:  6, iter:  86,500, lr:5.000e-05> l_forw_fit: 1.3569e+01 l_msg: 1.9531e-02 
2025-06-22 14:22:17,840 - INFO - <epoch:  6, iter:  86,500, lr:5.000e-05> l_forw_fit: 1.3569e+01 l_msg: 1.9531e-02 
Embed time: 0.03 seconds
Extract time: 0.01 seconds
0.0
Embed time: 0.03 seconds
Extract time: 0.01 seconds
0.015625
Embed time: 0.01 seconds
Extract time: 0.01 seconds
0.0
Embed time: 0.05 seconds
Extract time: 0.01 seconds
0.0
Embed time: 0.01 seconds
Extract time: 0.01 seconds
0.0
Embed time: 0.01 seconds
Extract time: 0.01 seconds
0.0
Embed time: 0.03 seconds
Extract time: 0.01 seconds
0.0
Embed time: 0.01 seconds
Extract time: 0.01 seconds
0.0
Embed time: 0.01 seconds
Extract time: 0.01 seconds
0.0
Embed time: 0.04 seconds
Extract time: 0.01 seconds
0.0
Embed time: 0.01 seconds
Extract time: 0.01 seconds
0.015625
Embed time: 0.02 seconds
Extract time: 0.01 seconds
0.0
Embed time: 0.01 seconds
Extract time: 0.01 seconds
0.0
Embed time: 0.05 seconds
Extract time: 0.01 seconds
0.0
Embed time: 0.01 seconds
Extract time: 0.01 seconds
0.0
Embed time: 0.01 seconds
Extract time: 0.01 seconds
0.0
Embed time: 0.01 seconds
Extract time: 0.01 seconds
0.0
Embed time: 0.01 seconds
Extract time: 0.01 seconds
0.0
Embed time: 0.01 seconds
Extract time: 0.01 seconds
0.0
Embed time: 0.01 seconds
Extract time: 0.01 seconds
0.0
Embed time: 0.01 seconds
Extract time: 0.01 seconds
0.0
Embed time: 0.01 seconds
Extract time: 0.01 seconds
0.046875
Embed time: 0.01 seconds
Extract time: 0.01 seconds
0.0
Embed time: 0.01 seconds
Extract time: 0.01 seconds
0.0
Embed time: 0.01 seconds
Extract time: 0.01 seconds
0.0
Embed time: 0.01 seconds
Extract time: 0.04 seconds
0.0
Embed time: 0.04 seconds
Extract time: 0.01 seconds
0.0
Embed time: 0.01 seconds
Extract time: 0.01 seconds
0.0
Embed time: 0.06 seconds
Extract time: 0.01 seconds
0.0
Embed time: 0.01 seconds
Extract time: 0.01 seconds
0.0
Embed time: 0.04 seconds
Extract time: 0.01 seconds
0.0
Embed time: 0.01 seconds
Extract time: 0.01 seconds
0.0
Embed time: 0.01 seconds
Extract time: 0.01 seconds
0.0
Embed time: 0.01 seconds
Extract time: 0.01 seconds
0.0
Embed time: 0.01 seconds
Extract time: 0.06 seconds
0.0
Embed time: 0.01 seconds
Extract time: 0.01 seconds
0.0
Embed time: 0.05 seconds
Extract time: 0.01 seconds
0.0
Embed time: 0.01 seconds
Extract time: 0.01 seconds
0.0
Embed time: 0.05 seconds
Extract time: 0.01 seconds
0.0
Embed time: 0.01 seconds
Extract time: 0.01 seconds
0.0
Embed time: 0.05 seconds
Extract time: 0.01 seconds
0.0
Embed time: 0.01 seconds
Extract time: 0.01 seconds
0.0
Embed time: 0.02 seconds
Extract time: 0.01 seconds
0.0625
Embed time: 0.01 seconds
Extract time: 0.01 seconds
0.046875
Embed time: 0.01 seconds
Extract time: 0.01 seconds
0.0
Embed time: 0.01 seconds
Extract time: 0.01 seconds
0.0
Embed time: 0.01 seconds
Extract time: 0.01 seconds
0.0
Embed time: 0.01 seconds
Extract time: 0.01 seconds
0.0
Embed time: 0.01 seconds
Extract time: 0.01 seconds
0.0
Embed time: 0.01 seconds
Extract time: 0.01 seconds
0.078125
Embed time: 0.01 seconds
Extract time: 0.01 seconds
0.0
Embed time: 0.01 seconds
Extract time: 0.01 seconds
0.0
Embed time: 0.01 seconds
Extract time: 0.01 seconds
0.0
Embed time: 0.01 seconds
Extract time: 0.01 seconds
0.0
Embed time: 0.01 seconds
Extract time: 0.01 seconds
0.0625
Embed time: 0.01 seconds
Extract time: 0.01 seconds
0.0
Embed time: 0.04 seconds
Extract time: 0.01 seconds
0.015625
Embed time: 0.01 seconds
Extract time: 0.01 seconds
0.015625
Embed time: 0.01 seconds
Extract time: 0.01 seconds
0.0
Embed time: 0.01 seconds
Extract time: 0.01 seconds
0.0
Embed time: 0.05 seconds
Extract time: 0.01 seconds
0.0
Embed time: 0.01 seconds
Extract time: 0.01 seconds
0.0
Embed time: 0.01 seconds
Extract time: 0.04 seconds
0.0
Embed time: 0.01 seconds
Extract time: 0.01 seconds
0.0
Embed time: 0.01 seconds
Extract time: 0.01 seconds
0.0
Embed time: 0.01 seconds
Extract time: 0.01 seconds
0.0
Embed time: 0.01 seconds
Extract time: 0.01 seconds
0.0
Embed time: 0.01 seconds
Extract time: 0.01 seconds
0.0
Embed time: 0.01 seconds
Extract time: 0.01 seconds
0.0
Embed time: 0.05 seconds
Extract time: 0.01 seconds
0.0
Embed time: 0.01 seconds
Extract time: 0.01 seconds
0.0
Embed time: 0.01 seconds
Extract time: 0.01 seconds
0.03125
Embed time: 0.01 seconds
Extract time: 0.01 seconds
0.0
Embed time: 0.01 seconds
Extract time: 0.01 seconds
0.0
Embed time: 0.01 seconds
Extract time: 0.01 seconds
0.0
Embed time: 0.01 seconds
Extract time: 0.01 seconds
0.0
Embed time: 0.01 seconds
Extract time: 0.01 seconds
0.015625
Embed time: 0.01 seconds
Extract time: 0.01 seconds
0.0
Embed time: 0.02 seconds
Extract time: 0.01 seconds
0.0
Embed time: 0.01 seconds
Extract time: 0.03 seconds
0.0
Embed time: 0.01 seconds
Extract time: 0.01 seconds
0.0
Embed time: 0.01 seconds
Extract time: 0.01 seconds
0.015625
Embed time: 0.01 seconds
Extract time: 0.01 seconds
0.046875
Embed time: 0.01 seconds
Extract time: 0.01 seconds
0.0
Embed time: 0.03 seconds
Extract time: 0.01 seconds
0.0
Embed time: 0.01 seconds
Extract time: 0.01 seconds
0.09375
Embed time: 0.05 seconds
Extract time: 0.01 seconds
0.0
Embed time: 0.01 seconds
Extract time: 0.01 seconds
0.0
Embed time: 0.01 seconds
Extract time: 0.05 seconds
0.0
Embed time: 0.01 seconds
Extract time: 0.01 seconds
0.0
Embed time: 0.05 seconds
Extract time: 0.01 seconds
0.0
Embed time: 0.01 seconds
Extract time: 0.02 seconds
0.0
Embed time: 0.03 seconds
Extract time: 0.01 seconds
0.0
Embed time: 0.01 seconds
Extract time: 0.01 seconds
0.0
Embed time: 0.05 seconds
Extract time: 0.01 seconds
0.0
Embed time: 0.01 seconds
Extract time: 0.01 seconds
0.0
Embed time: 0.01 seconds
Extract time: 0.01 seconds
0.0
Embed time: 0.01 seconds
Extract time: 0.01 seconds
0.0
Embed time: 0.01 seconds
Extract time: 0.01 seconds
0.0
Embed time: 0.01 seconds
Extract time: 0.01 seconds
0.0
25-06-22 14:22:33.002 - INFO: # Validation # PSNR_Stego: 3.8337e+01, Bit_acc:  5.6250e-03
2025-06-22 14:22:33,002 - INFO - # Validation # PSNR_Stego: 3.8337e+01, Bit_acc:  5.6250e-03
25-06-22 14:22:33.003 - INFO: <epoch:  6, iter:  86,500> PSNR_Stego: 3.8337e+01, Bit_acc:  5.6250e-03
2025-06-22 14:22:33,003 - INFO - <epoch:  6, iter:  86,500> PSNR_Stego: 3.8337e+01, Bit_acc:  5.6250e-03
25-06-22 14:22:52.536 - INFO: <epoch:  6, iter:  86,600, lr:5.000e-05> l_forw_fit: 1.0719e+01 l_msg: 0.0000e+00 
2025-06-22 14:22:52,536 - INFO - <epoch:  6, iter:  86,600, lr:5.000e-05> l_forw_fit: 1.0719e+01 l_msg: 0.0000e+00 
25-06-22 14:23:12.495 - INFO: <epoch:  6, iter:  86,700, lr:5.000e-05> l_forw_fit: 2.3840e+01 l_msg: 0.0000e+00 
2025-06-22 14:23:12,495 - INFO - <epoch:  6, iter:  86,700, lr:5.000e-05> l_forw_fit: 2.3840e+01 l_msg: 0.0000e+00 
25-06-22 14:23:32.410 - INFO: <epoch:  6, iter:  86,800, lr:5.000e-05> l_forw_fit: 7.5345e+00 l_msg: 1.5625e-02 
2025-06-22 14:23:32,410 - INFO - <epoch:  6, iter:  86,800, lr:5.000e-05> l_forw_fit: 7.5345e+00 l_msg: 1.5625e-02 
25-06-22 14:23:51.883 - INFO: <epoch:  6, iter:  86,900, lr:5.000e-05> l_forw_fit: 9.7603e+00 l_msg: 3.9062e-03 
2025-06-22 14:23:51,883 - INFO - <epoch:  6, iter:  86,900, lr:5.000e-05> l_forw_fit: 9.7603e+00 l_msg: 3.9062e-03 
25-06-22 14:24:11.690 - INFO: <epoch:  6, iter:  87,000, lr:5.000e-05> l_forw_fit: 1.0992e+01 l_msg: 0.0000e+00 
2025-06-22 14:24:11,690 - INFO - <epoch:  6, iter:  87,000, lr:5.000e-05> l_forw_fit: 1.0992e+01 l_msg: 0.0000e+00 
Embed time: 0.03 seconds
Extract time: 0.01 seconds
0.0
Embed time: 0.02 seconds
Extract time: 0.01 seconds
0.0
Embed time: 0.01 seconds
Extract time: 0.01 seconds
0.0
Embed time: 0.03 seconds
Extract time: 0.01 seconds
0.0
Embed time: 0.01 seconds
Extract time: 0.01 seconds
0.0
Embed time: 0.01 seconds
Extract time: 0.01 seconds
0.0
Embed time: 0.01 seconds
Extract time: 0.01 seconds
0.0
Embed time: 0.05 seconds
Extract time: 0.01 seconds
0.0
Embed time: 0.01 seconds
Extract time: 0.01 seconds
0.015625
Embed time: 0.01 seconds
Extract time: 0.04 seconds
0.0
Embed time: 0.01 seconds
Extract time: 0.01 seconds
0.0
Embed time: 0.06 seconds
Extract time: 0.01 seconds
0.0
Embed time: 0.01 seconds
Extract time: 0.01 seconds
0.0
Embed time: 0.04 seconds
Extract time: 0.01 seconds
0.0
Embed time: 0.01 seconds
Extract time: 0.01 seconds
0.0
Embed time: 0.05 seconds
Extract time: 0.01 seconds
0.0
Embed time: 0.01 seconds
Extract time: 0.01 seconds
0.0
Embed time: 0.04 seconds
Extract time: 0.01 seconds
0.0
Embed time: 0.01 seconds
Extract time: 0.01 seconds
0.0
Embed time: 0.04 seconds
Extract time: 0.01 seconds
0.0
Embed time: 0.01 seconds
Extract time: 0.01 seconds
0.0
Embed time: 0.05 seconds
Extract time: 0.01 seconds
0.109375
Embed time: 0.01 seconds
Extract time: 0.01 seconds
0.0
Embed time: 0.01 seconds
Extract time: 0.01 seconds
0.015625
Embed time: 0.01 seconds
Extract time: 0.01 seconds
0.0
Embed time: 0.01 seconds
Extract time: 0.01 seconds
0.0
Embed time: 0.01 seconds
Extract time: 0.01 seconds
0.0
Embed time: 0.01 seconds
Extract time: 0.04 seconds
0.0
Embed time: 0.04 seconds
Extract time: 0.01 seconds
0.0
Embed time: 0.01 seconds
Extract time: 0.01 seconds
0.0
Embed time: 0.06 seconds
Extract time: 0.01 seconds
0.046875
Embed time: 0.01 seconds
Extract time: 0.01 seconds
0.0
Embed time: 0.05 seconds
Extract time: 0.01 seconds
0.0
Embed time: 0.01 seconds
Extract time: 0.01 seconds
0.0
Embed time: 0.05 seconds
Extract time: 0.01 seconds
0.015625
Embed time: 0.01 seconds
Extract time: 0.01 seconds
0.0
Embed time: 0.05 seconds
Extract time: 0.01 seconds
0.0
Embed time: 0.01 seconds
Extract time: 0.01 seconds
0.0
Embed time: 0.01 seconds
Extract time: 0.01 seconds
0.0
Embed time: 0.03 seconds
Extract time: 0.01 seconds
0.0
Embed time: 0.01 seconds
Extract time: 0.01 seconds
0.0
Embed time: 0.01 seconds
Extract time: 0.01 seconds
0.03125
Embed time: 0.01 seconds
Extract time: 0.01 seconds
0.015625
Embed time: 0.04 seconds
Extract time: 0.01 seconds
0.0
Embed time: 0.01 seconds
Extract time: 0.01 seconds
0.0
Embed time: 0.04 seconds
Extract time: 0.01 seconds
0.0
Embed time: 0.01 seconds
Extract time: 0.01 seconds
0.0
Embed time: 0.05 seconds
Extract time: 0.01 seconds
0.015625
Embed time: 0.01 seconds
Extract time: 0.01 seconds
0.0
Embed time: 0.01 seconds
Extract time: 0.05 seconds
0.0
Embed time: 0.01 seconds
Extract time: 0.01 seconds
0.0
Embed time: 0.04 seconds
Extract time: 0.01 seconds
0.0
Embed time: 0.01 seconds
Extract time: 0.01 seconds
0.0
Embed time: 0.05 seconds
Extract time: 0.01 seconds
0.0
Embed time: 0.01 seconds
Extract time: 0.01 seconds
0.0
Embed time: 0.04 seconds
Extract time: 0.01 seconds
0.015625
Embed time: 0.01 seconds
Extract time: 0.01 seconds
0.0
Embed time: 0.04 seconds
Extract time: 0.01 seconds
0.0
Embed time: 0.01 seconds
Extract time: 0.01 seconds
0.0
Embed time: 0.04 seconds
Extract time: 0.01 seconds
0.0
Embed time: 0.01 seconds
Extract time: 0.01 seconds
0.0
Embed time: 0.06 seconds
Extract time: 0.01 seconds
0.0
Embed time: 0.01 seconds
Extract time: 0.01 seconds
0.0
Embed time: 0.05 seconds
Extract time: 0.01 seconds
0.0
Embed time: 0.01 seconds
Extract time: 0.01 seconds
0.0
Embed time: 0.05 seconds
Extract time: 0.01 seconds
0.0
Embed time: 0.01 seconds
Extract time: 0.01 seconds
0.0
Embed time: 0.05 seconds
Extract time: 0.01 seconds
0.0
Embed time: 0.01 seconds
Extract time: 0.01 seconds
0.0
Embed time: 0.01 seconds
Extract time: 0.01 seconds
0.0
Embed time: 0.01 seconds
Extract time: 0.01 seconds
0.0
Embed time: 0.01 seconds
Extract time: 0.01 seconds
0.0
Embed time: 0.02 seconds
Extract time: 0.01 seconds
0.0
Embed time: 0.01 seconds
Extract time: 0.01 seconds
0.0
Embed time: 0.01 seconds
Extract time: 0.05 seconds
0.0
Embed time: 0.01 seconds
Extract time: 0.02 seconds
0.0
Embed time: 0.03 seconds
Extract time: 0.01 seconds
0.0
Embed time: 0.01 seconds
Extract time: 0.01 seconds
0.0
Embed time: 0.01 seconds
Extract time: 0.01 seconds
0.0
Embed time: 0.01 seconds
Extract time: 0.01 seconds
0.0
Embed time: 0.01 seconds
Extract time: 0.04 seconds
0.0
Embed time: 0.04 seconds
Extract time: 0.01 seconds
0.015625
Embed time: 0.01 seconds
Extract time: 0.01 seconds
0.015625
Embed time: 0.01 seconds
Extract time: 0.04 seconds
0.0
Embed time: 0.01 seconds
Extract time: 0.01 seconds
0.0
Embed time: 0.01 seconds
Extract time: 0.01 seconds
0.015625
Embed time: 0.01 seconds
Extract time: 0.01 seconds
0.0
Embed time: 0.01 seconds
Extract time: 0.04 seconds
0.0
Embed time: 0.01 seconds
Extract time: 0.01 seconds
0.0
Embed time: 0.01 seconds
Extract time: 0.01 seconds
0.0
Embed time: 0.01 seconds
Extract time: 0.01 seconds
0.0
Embed time: 0.01 seconds
Extract time: 0.01 seconds
0.0
Embed time: 0.01 seconds
Extract time: 0.01 seconds
0.015625
Embed time: 0.01 seconds
Extract time: 0.01 seconds
0.015625
Embed time: 0.01 seconds
Extract time: 0.01 seconds
0.0
Embed time: 0.01 seconds
Extract time: 0.03 seconds
0.0
Embed time: 0.01 seconds
Extract time: 0.01 seconds
0.0
Embed time: 0.01 seconds
Extract time: 0.01 seconds
0.0
Embed time: 0.01 seconds
Extract time: 0.01 seconds
0.0
Embed time: 0.01 seconds
Extract time: 0.01 seconds
0.0
25-06-22 14:24:26.585 - INFO: # Validation # PSNR_Stego: 3.9251e+01, Bit_acc:  3.5938e-03
2025-06-22 14:24:26,585 - INFO - # Validation # PSNR_Stego: 3.9251e+01, Bit_acc:  3.5938e-03
25-06-22 14:24:26.585 - INFO: <epoch:  6, iter:  87,000> PSNR_Stego: 3.9251e+01, Bit_acc:  3.5938e-03
2025-06-22 14:24:26,585 - INFO - <epoch:  6, iter:  87,000> PSNR_Stego: 3.9251e+01, Bit_acc:  3.5938e-03
25-06-22 14:24:26.586 - INFO: Saving models and training states.
2025-06-22 14:24:26,586 - INFO - Saving models and training states.
Checkpoint save path: /workspace/EditGuard-V1/experiments/train_ibsn_bit_64/models/87000_G.pth

===== Checkpoint State Path: /workspace/EditGuard-V1/experiments/train_ibsn_bit_64/training_state/87000.state =====

25-06-22 14:24:46.143 - INFO: <epoch:  6, iter:  87,100, lr:5.000e-05> l_forw_fit: 8.3231e+00 l_msg: 0.0000e+00 
2025-06-22 14:24:46,143 - INFO - <epoch:  6, iter:  87,100, lr:5.000e-05> l_forw_fit: 8.3231e+00 l_msg: 0.0000e+00 
25-06-22 14:25:05.124 - INFO: <epoch:  6, iter:  87,200, lr:5.000e-05> l_forw_fit: 8.7895e+00 l_msg: 4.0658e-02 
2025-06-22 14:25:05,124 - INFO - <epoch:  6, iter:  87,200, lr:5.000e-05> l_forw_fit: 8.7895e+00 l_msg: 4.0658e-02 
25-06-22 14:25:24.582 - INFO: <epoch:  6, iter:  87,300, lr:5.000e-05> l_forw_fit: 1.5606e+01 l_msg: 0.0000e+00 
2025-06-22 14:25:24,582 - INFO - <epoch:  6, iter:  87,300, lr:5.000e-05> l_forw_fit: 1.5606e+01 l_msg: 0.0000e+00 
25-06-22 14:25:44.346 - INFO: <epoch:  6, iter:  87,400, lr:5.000e-05> l_forw_fit: 9.8153e+00 l_msg: 7.8125e-03 
2025-06-22 14:25:44,346 - INFO - <epoch:  6, iter:  87,400, lr:5.000e-05> l_forw_fit: 9.8153e+00 l_msg: 7.8125e-03 
25-06-22 14:26:04.166 - INFO: <epoch:  6, iter:  87,500, lr:5.000e-05> l_forw_fit: 1.2341e+01 l_msg: 0.0000e+00 
2025-06-22 14:26:04,166 - INFO - <epoch:  6, iter:  87,500, lr:5.000e-05> l_forw_fit: 1.2341e+01 l_msg: 0.0000e+00 
Embed time: 0.03 seconds
Extract time: 0.01 seconds
0.0
Embed time: 0.04 seconds
Extract time: 0.01 seconds
0.015625
Embed time: 0.01 seconds
Extract time: 0.01 seconds
0.0
Embed time: 0.02 seconds
Extract time: 0.01 seconds
0.0
Embed time: 0.01 seconds
Extract time: 0.01 seconds
0.015625
Embed time: 0.01 seconds
Extract time: 0.01 seconds
0.03125
Embed time: 0.01 seconds
Extract time: 0.01 seconds
0.015625
Embed time: 0.01 seconds
Extract time: 0.01 seconds
0.0
Embed time: 0.01 seconds
Extract time: 0.01 seconds
0.0
Embed time: 0.01 seconds
Extract time: 0.05 seconds
0.0
Embed time: 0.05 seconds
Extract time: 0.01 seconds
0.015625
Embed time: 0.01 seconds
Extract time: 0.01 seconds
0.0
Embed time: 0.02 seconds
Extract time: 0.01 seconds
0.015625
Embed time: 0.01 seconds
Extract time: 0.01 seconds
0.015625
Embed time: 0.02 seconds
Extract time: 0.01 seconds
0.0
Embed time: 0.05 seconds
Extract time: 0.01 seconds
0.0
Embed time: 0.01 seconds
Extract time: 0.01 seconds
0.015625
Embed time: 0.05 seconds
Extract time: 0.01 seconds
0.0
Embed time: 0.01 seconds
Extract time: 0.01 seconds
0.0
Embed time: 0.01 seconds
Extract time: 0.01 seconds
0.0
Embed time: 0.01 seconds
Extract time: 0.01 seconds
0.0
Embed time: 0.01 seconds
Extract time: 0.01 seconds
0.0
Embed time: 0.01 seconds
Extract time: 0.01 seconds
0.0
Embed time: 0.01 seconds
Extract time: 0.01 seconds
0.0
Embed time: 0.01 seconds
Extract time: 0.04 seconds
0.0
Embed time: 0.01 seconds
Extract time: 0.01 seconds
0.015625
Embed time: 0.04 seconds
Extract time: 0.01 seconds
0.0
Embed time: 0.01 seconds
Extract time: 0.01 seconds
0.0
Embed time: 0.01 seconds
Extract time: 0.01 seconds
0.015625
Embed time: 0.01 seconds
Extract time: 0.01 seconds
0.015625
Embed time: 0.01 seconds
Extract time: 0.01 seconds
0.140625
Embed time: 0.01 seconds
Extract time: 0.02 seconds
0.0
Embed time: 0.01 seconds
Extract time: 0.01 seconds
0.0
Embed time: 0.01 seconds
Extract time: 0.01 seconds
0.0
Embed time: 0.03 seconds
Extract time: 0.01 seconds
0.0
Embed time: 0.01 seconds
Extract time: 0.01 seconds
0.015625
Embed time: 0.01 seconds
Extract time: 0.01 seconds
0.0
Embed time: 0.01 seconds
Extract time: 0.01 seconds
0.0
Embed time: 0.01 seconds
Extract time: 0.01 seconds
0.0
Embed time: 0.01 seconds
Extract time: 0.01 seconds
0.015625
Embed time: 0.01 seconds
Extract time: 0.01 seconds
0.0
Embed time: 0.01 seconds
Extract time: 0.01 seconds
0.03125
Embed time: 0.01 seconds
Extract time: 0.01 seconds
0.03125
Embed time: 0.04 seconds
Extract time: 0.01 seconds
0.0
Embed time: 0.01 seconds
Extract time: 0.01 seconds
0.0
Embed time: 0.01 seconds
Extract time: 0.01 seconds
0.015625
Embed time: 0.01 seconds
Extract time: 0.01 seconds
0.0
Embed time: 0.01 seconds
Extract time: 0.01 seconds
0.0
Embed time: 0.01 seconds
Extract time: 0.01 seconds
0.0
Embed time: 0.01 seconds
Extract time: 0.01 seconds
0.125
Embed time: 0.01 seconds
Extract time: 0.01 seconds
0.015625
Embed time: 0.01 seconds
Extract time: 0.01 seconds
0.0
Embed time: 0.04 seconds
Extract time: 0.01 seconds
0.0
Embed time: 0.01 seconds
Extract time: 0.04 seconds
0.0
Embed time: 0.03 seconds
Extract time: 0.01 seconds
0.09375
Embed time: 0.01 seconds
Extract time: 0.01 seconds
0.03125
Embed time: 0.01 seconds
Extract time: 0.01 seconds
0.015625
Embed time: 0.04 seconds
Extract time: 0.01 seconds
0.0
Embed time: 0.01 seconds
Extract time: 0.01 seconds
0.0
Embed time: 0.04 seconds
Extract time: 0.01 seconds
0.0
Embed time: 0.01 seconds
Extract time: 0.01 seconds
0.0
Embed time: 0.04 seconds
Extract time: 0.01 seconds
0.0
Embed time: 0.01 seconds
Extract time: 0.01 seconds
0.0
Embed time: 0.01 seconds
Extract time: 0.01 seconds
0.0
Embed time: 0.01 seconds
Extract time: 0.01 seconds
0.0
Embed time: 0.01 seconds
Extract time: 0.02 seconds
0.0
Embed time: 0.01 seconds
Extract time: 0.03 seconds
0.0
Embed time: 0.01 seconds
Extract time: 0.01 seconds
0.0
Embed time: 0.05 seconds
Extract time: 0.01 seconds
0.0
Embed time: 0.01 seconds
Extract time: 0.01 seconds
0.0
Embed time: 0.06 seconds
Extract time: 0.01 seconds
0.0
Embed time: 0.01 seconds
Extract time: 0.01 seconds
0.0
Embed time: 0.05 seconds
Extract time: 0.01 seconds
0.0
Embed time: 0.01 seconds
Extract time: 0.01 seconds
0.0
Embed time: 0.05 seconds
Extract time: 0.01 seconds
0.015625
Embed time: 0.01 seconds
Extract time: 0.01 seconds
0.0
Embed time: 0.01 seconds
Extract time: 0.01 seconds
0.0
Embed time: 0.01 seconds
Extract time: 0.01 seconds
0.0
Embed time: 0.01 seconds
Extract time: 0.01 seconds
0.0
Embed time: 0.01 seconds
Extract time: 0.01 seconds
0.0
Embed time: 0.01 seconds
Extract time: 0.01 seconds
0.015625
Embed time: 0.01 seconds
Extract time: 0.04 seconds
0.0
Embed time: 0.03 seconds
Extract time: 0.01 seconds
0.015625
Embed time: 0.04 seconds
Extract time: 0.01 seconds
0.0
Embed time: 0.01 seconds
Extract time: 0.01 seconds
0.0
Embed time: 0.04 seconds
Extract time: 0.01 seconds
0.046875
Embed time: 0.01 seconds
Extract time: 0.01 seconds
0.0
Embed time: 0.04 seconds
Extract time: 0.01 seconds
0.015625
Embed time: 0.01 seconds
Extract time: 0.04 seconds
0.0
Embed time: 0.01 seconds
Extract time: 0.01 seconds
0.0
Embed time: 0.01 seconds
Extract time: 0.01 seconds
0.03125
Embed time: 0.01 seconds
Extract time: 0.01 seconds
0.0
Embed time: 0.01 seconds
Extract time: 0.01 seconds
0.0
Embed time: 0.01 seconds
Extract time: 0.01 seconds
0.046875
Embed time: 0.01 seconds
Extract time: 0.01 seconds
0.0
Embed time: 0.01 seconds
Extract time: 0.01 seconds
0.0
Embed time: 0.01 seconds
Extract time: 0.01 seconds
0.015625
Embed time: 0.01 seconds
Extract time: 0.01 seconds
0.0
Embed time: 0.01 seconds
Extract time: 0.01 seconds
0.0
Embed time: 0.05 seconds
Extract time: 0.01 seconds
0.0
25-06-22 14:26:19.892 - INFO: # Validation # PSNR_Stego: 3.8838e+01, Bit_acc:  9.2187e-03
2025-06-22 14:26:19,892 - INFO - # Validation # PSNR_Stego: 3.8838e+01, Bit_acc:  9.2187e-03
25-06-22 14:26:19.893 - INFO: <epoch:  6, iter:  87,500> PSNR_Stego: 3.8838e+01, Bit_acc:  9.2187e-03
2025-06-22 14:26:19,893 - INFO - <epoch:  6, iter:  87,500> PSNR_Stego: 3.8838e+01, Bit_acc:  9.2187e-03
25-06-22 14:26:39.728 - INFO: <epoch:  6, iter:  87,600, lr:5.000e-05> l_forw_fit: 8.6100e+00 l_msg: 0.0000e+00 
2025-06-22 14:26:39,728 - INFO - <epoch:  6, iter:  87,600, lr:5.000e-05> l_forw_fit: 8.6100e+00 l_msg: 0.0000e+00 
25-06-22 14:26:58.974 - INFO: <epoch:  6, iter:  87,700, lr:5.000e-05> l_forw_fit: 8.0809e+00 l_msg: 1.5511e-02 
2025-06-22 14:26:58,974 - INFO - <epoch:  6, iter:  87,700, lr:5.000e-05> l_forw_fit: 8.0809e+00 l_msg: 1.5511e-02 
25-06-22 14:27:18.601 - INFO: <epoch:  6, iter:  87,800, lr:5.000e-05> l_forw_fit: 1.5835e+01 l_msg: 0.0000e+00 
2025-06-22 14:27:18,601 - INFO - <epoch:  6, iter:  87,800, lr:5.000e-05> l_forw_fit: 1.5835e+01 l_msg: 0.0000e+00 
25-06-22 14:27:38.317 - INFO: <epoch:  6, iter:  87,900, lr:5.000e-05> l_forw_fit: 5.0316e+00 l_msg: 1.4003e-02 
2025-06-22 14:27:38,317 - INFO - <epoch:  6, iter:  87,900, lr:5.000e-05> l_forw_fit: 5.0316e+00 l_msg: 1.4003e-02 
25-06-22 14:27:58.016 - INFO: <epoch:  6, iter:  88,000, lr:5.000e-05> l_forw_fit: 1.4657e+01 l_msg: 6.4011e-02 
2025-06-22 14:27:58,016 - INFO - <epoch:  6, iter:  88,000, lr:5.000e-05> l_forw_fit: 1.4657e+01 l_msg: 6.4011e-02 
Embed time: 0.03 seconds
Extract time: 0.01 seconds
0.0
Embed time: 0.04 seconds
Extract time: 0.01 seconds
0.0
Embed time: 0.02 seconds
Extract time: 0.01 seconds
0.015625
Embed time: 0.04 seconds
Extract time: 0.01 seconds
0.0
Embed time: 0.02 seconds
Extract time: 0.01 seconds
0.0
Embed time: 0.05 seconds
Extract time: 0.01 seconds
0.015625
Embed time: 0.01 seconds
Extract time: 0.01 seconds
0.0
Embed time: 0.05 seconds
Extract time: 0.01 seconds
0.015625
Embed time: 0.01 seconds
Extract time: 0.01 seconds
0.0
Embed time: 0.04 seconds
Extract time: 0.01 seconds
0.0
Embed time: 0.01 seconds
Extract time: 0.01 seconds
0.015625
Embed time: 0.03 seconds
Extract time: 0.01 seconds
0.0
Embed time: 0.01 seconds
Extract time: 0.01 seconds
0.0
Embed time: 0.04 seconds
Extract time: 0.01 seconds
0.0
Embed time: 0.01 seconds
Extract time: 0.01 seconds
0.0
Embed time: 0.05 seconds
Extract time: 0.01 seconds
0.0
Embed time: 0.01 seconds
Extract time: 0.01 seconds
0.0
Embed time: 0.05 seconds
Extract time: 0.01 seconds
0.015625
Embed time: 0.01 seconds
Extract time: 0.01 seconds
0.0
Embed time: 0.05 seconds
Extract time: 0.01 seconds
0.0
Embed time: 0.01 seconds
Extract time: 0.01 seconds
0.0
Embed time: 0.05 seconds
Extract time: 0.01 seconds
0.0
Embed time: 0.01 seconds
Extract time: 0.01 seconds
0.0
Embed time: 0.05 seconds
Extract time: 0.01 seconds
0.0
Embed time: 0.01 seconds
Extract time: 0.01 seconds
0.0
Embed time: 0.01 seconds
Extract time: 0.01 seconds
0.0
Embed time: 0.02 seconds
Extract time: 0.01 seconds
0.0
Embed time: 0.01 seconds
Extract time: 0.01 seconds
0.0
Embed time: 0.04 seconds
Extract time: 0.01 seconds
0.0
Embed time: 0.01 seconds
Extract time: 0.01 seconds
0.015625
Embed time: 0.05 seconds
Extract time: 0.01 seconds
0.109375
Embed time: 0.02 seconds
Extract time: 0.01 seconds
0.0
Embed time: 0.04 seconds
Extract time: 0.01 seconds
0.015625
Embed time: 0.01 seconds
Extract time: 0.01 seconds
0.0
Embed time: 0.06 seconds
Extract time: 0.01 seconds
0.0
Embed time: 0.01 seconds
Extract time: 0.01 seconds
0.0
Embed time: 0.05 seconds
Extract time: 0.01 seconds
0.0
Embed time: 0.01 seconds
Extract time: 0.01 seconds
0.0
Embed time: 0.01 seconds
Extract time: 0.01 seconds
0.0
Embed time: 0.02 seconds
Extract time: 0.01 seconds
0.0
Embed time: 0.01 seconds
Extract time: 0.01 seconds
0.0
Embed time: 0.01 seconds
Extract time: 0.01 seconds
0.0
Embed time: 0.01 seconds
Extract time: 0.01 seconds
0.0
Embed time: 0.04 seconds
Extract time: 0.01 seconds
0.0
Embed time: 0.01 seconds
Extract time: 0.01 seconds
0.03125
Embed time: 0.01 seconds
Extract time: 0.01 seconds
0.015625
Embed time: 0.01 seconds
Extract time: 0.01 seconds
0.03125
Embed time: 0.05 seconds
Extract time: 0.01 seconds
0.0
Embed time: 0.01 seconds
Extract time: 0.01 seconds
0.0
Embed time: 0.03 seconds
Extract time: 0.01 seconds
0.0
Embed time: 0.01 seconds
Extract time: 0.01 seconds
0.0
Embed time: 0.01 seconds
Extract time: 0.01 seconds
0.0
Embed time: 0.02 seconds
Extract time: 0.01 seconds
0.0
Embed time: 0.01 seconds
Extract time: 0.01 seconds
0.0
Embed time: 0.01 seconds
Extract time: 0.01 seconds
0.078125
Embed time: 0.02 seconds
Extract time: 0.01 seconds
0.0
Embed time: 0.01 seconds
Extract time: 0.01 seconds
0.0
Embed time: 0.01 seconds
Extract time: 0.01 seconds
0.0
Embed time: 0.01 seconds
Extract time: 0.01 seconds
0.0
Embed time: 0.01 seconds
Extract time: 0.01 seconds
0.0
Embed time: 0.01 seconds
Extract time: 0.01 seconds
0.0
Embed time: 0.01 seconds
Extract time: 0.03 seconds
0.0
Embed time: 0.04 seconds
Extract time: 0.01 seconds
0.0
Embed time: 0.01 seconds
Extract time: 0.01 seconds
0.03125
Embed time: 0.04 seconds
Extract time: 0.01 seconds
0.0
Embed time: 0.01 seconds
Extract time: 0.01 seconds
0.0
Embed time: 0.02 seconds
Extract time: 0.01 seconds
0.0
Embed time: 0.01 seconds
Extract time: 0.01 seconds
0.0
Embed time: 0.01 seconds
Extract time: 0.02 seconds
0.0
Embed time: 0.01 seconds
Extract time: 0.01 seconds
0.0
Embed time: 0.01 seconds
Extract time: 0.01 seconds
0.0
Embed time: 0.01 seconds
Extract time: 0.01 seconds
0.015625
Embed time: 0.05 seconds
Extract time: 0.01 seconds
0.015625
Embed time: 0.01 seconds
Extract time: 0.01 seconds
0.015625
Embed time: 0.05 seconds
Extract time: 0.01 seconds
0.0
Embed time: 0.01 seconds
Extract time: 0.01 seconds
0.0
Embed time: 0.05 seconds
Extract time: 0.01 seconds
0.0
Embed time: 0.01 seconds
Extract time: 0.01 seconds
0.0
Embed time: 0.01 seconds
Extract time: 0.05 seconds
0.0
Embed time: 0.01 seconds
Extract time: 0.01 seconds
0.0
Embed time: 0.01 seconds
Extract time: 0.04 seconds
0.0
Embed time: 0.01 seconds
Extract time: 0.01 seconds
0.0
Embed time: 0.01 seconds
Extract time: 0.05 seconds
0.015625
Embed time: 0.02 seconds
Extract time: 0.01 seconds
0.015625
Embed time: 0.01 seconds
Extract time: 0.04 seconds
0.0
Embed time: 0.03 seconds
Extract time: 0.01 seconds
0.0
Embed time: 0.01 seconds
Extract time: 0.01 seconds
0.0
Embed time: 0.05 seconds
Extract time: 0.01 seconds
0.03125
Embed time: 0.01 seconds
Extract time: 0.01 seconds
0.0
Embed time: 0.03 seconds
Extract time: 0.01 seconds
0.0
Embed time: 0.01 seconds
Extract time: 0.01 seconds
0.0
Embed time: 0.04 seconds
Extract time: 0.01 seconds
0.0
Embed time: 0.01 seconds
Extract time: 0.01 seconds
0.0
Embed time: 0.02 seconds
Extract time: 0.01 seconds
0.0
Embed time: 0.01 seconds
Extract time: 0.01 seconds
0.0
Embed time: 0.01 seconds
Extract time: 0.01 seconds
0.0
Embed time: 0.05 seconds
Extract time: 0.01 seconds
0.0
Embed time: 0.01 seconds
Extract time: 0.01 seconds
0.0
Embed time: 0.04 seconds
Extract time: 0.01 seconds
0.0
Embed time: 0.01 seconds
Extract time: 0.01 seconds
0.0
25-06-22 14:28:13.237 - INFO: # Validation # PSNR_Stego: 3.9365e+01, Bit_acc:  5.1563e-03
2025-06-22 14:28:13,237 - INFO - # Validation # PSNR_Stego: 3.9365e+01, Bit_acc:  5.1563e-03
25-06-22 14:28:13.237 - INFO: <epoch:  6, iter:  88,000> PSNR_Stego: 3.9365e+01, Bit_acc:  5.1563e-03
2025-06-22 14:28:13,237 - INFO - <epoch:  6, iter:  88,000> PSNR_Stego: 3.9365e+01, Bit_acc:  5.1563e-03
25-06-22 14:28:13.238 - INFO: Saving models and training states.
2025-06-22 14:28:13,238 - INFO - Saving models and training states.
Checkpoint save path: /workspace/EditGuard-V1/experiments/train_ibsn_bit_64/models/88000_G.pth

===== Checkpoint State Path: /workspace/EditGuard-V1/experiments/train_ibsn_bit_64/training_state/88000.state =====

25-06-22 14:28:32.782 - INFO: <epoch:  6, iter:  88,100, lr:5.000e-05> l_forw_fit: 1.1992e+01 l_msg: 3.9062e-03 
2025-06-22 14:28:32,782 - INFO - <epoch:  6, iter:  88,100, lr:5.000e-05> l_forw_fit: 1.1992e+01 l_msg: 3.9062e-03 
25-06-22 14:28:52.407 - INFO: <epoch:  6, iter:  88,200, lr:5.000e-05> l_forw_fit: 1.7029e+01 l_msg: 3.9062e-03 
2025-06-22 14:28:52,407 - INFO - <epoch:  6, iter:  88,200, lr:5.000e-05> l_forw_fit: 1.7029e+01 l_msg: 3.9062e-03 
25-06-22 14:29:12.060 - INFO: <epoch:  6, iter:  88,300, lr:5.000e-05> l_forw_fit: 1.4797e+01 l_msg: 7.8125e-03 
2025-06-22 14:29:12,060 - INFO - <epoch:  6, iter:  88,300, lr:5.000e-05> l_forw_fit: 1.4797e+01 l_msg: 7.8125e-03 
25-06-22 14:29:31.870 - INFO: <epoch:  6, iter:  88,400, lr:5.000e-05> l_forw_fit: 1.1144e+01 l_msg: 0.0000e+00 
2025-06-22 14:29:31,870 - INFO - <epoch:  6, iter:  88,400, lr:5.000e-05> l_forw_fit: 1.1144e+01 l_msg: 0.0000e+00 
25-06-22 14:29:51.923 - INFO: <epoch:  6, iter:  88,500, lr:5.000e-05> l_forw_fit: 7.5134e+00 l_msg: 2.3438e-02 
2025-06-22 14:29:51,923 - INFO - <epoch:  6, iter:  88,500, lr:5.000e-05> l_forw_fit: 7.5134e+00 l_msg: 2.3438e-02 
Embed time: 0.03 seconds
Extract time: 0.01 seconds
0.0
Embed time: 0.03 seconds
Extract time: 0.01 seconds
0.0
Embed time: 0.02 seconds
Extract time: 0.01 seconds
0.015625
Embed time: 0.04 seconds
Extract time: 0.01 seconds
0.0
Embed time: 0.01 seconds
Extract time: 0.01 seconds
0.0
Embed time: 0.05 seconds
Extract time: 0.01 seconds
0.0
Embed time: 0.01 seconds
Extract time: 0.01 seconds
0.0
Embed time: 0.01 seconds
Extract time: 0.01 seconds
0.0
Embed time: 0.01 seconds
Extract time: 0.01 seconds
0.0
Embed time: 0.05 seconds
Extract time: 0.01 seconds
0.0
Embed time: 0.01 seconds
Extract time: 0.01 seconds
0.0
Embed time: 0.04 seconds
Extract time: 0.01 seconds
0.0
Embed time: 0.01 seconds
Extract time: 0.01 seconds
0.0
Embed time: 0.05 seconds
Extract time: 0.01 seconds
0.0
Embed time: 0.01 seconds
Extract time: 0.01 seconds
0.0
Embed time: 0.01 seconds
Extract time: 0.01 seconds
0.0
Embed time: 0.01 seconds
Extract time: 0.01 seconds
0.0
Embed time: 0.05 seconds
Extract time: 0.01 seconds
0.0
Embed time: 0.01 seconds
Extract time: 0.01 seconds
0.0
Embed time: 0.05 seconds
Extract time: 0.01 seconds
0.0
Embed time: 0.01 seconds
Extract time: 0.01 seconds
0.015625
Embed time: 0.01 seconds
Extract time: 0.01 seconds
0.03125
Embed time: 0.01 seconds
Extract time: 0.01 seconds
0.0
Embed time: 0.01 seconds
Extract time: 0.01 seconds
0.0
Embed time: 0.01 seconds
Extract time: 0.01 seconds
0.0
Embed time: 0.02 seconds
Extract time: 0.01 seconds
0.0
Embed time: 0.01 seconds
Extract time: 0.01 seconds
0.03125
Embed time: 0.05 seconds
Extract time: 0.01 seconds
0.0
Embed time: 0.01 seconds
Extract time: 0.01 seconds
0.0
Embed time: 0.05 seconds
Extract time: 0.01 seconds
0.0
Embed time: 0.01 seconds
Extract time: 0.01 seconds
0.0
Embed time: 0.01 seconds
Extract time: 0.01 seconds
0.0
Embed time: 0.01 seconds
Extract time: 0.01 seconds
0.0
Embed time: 0.05 seconds
Extract time: 0.01 seconds
0.0
Embed time: 0.01 seconds
Extract time: 0.01 seconds
0.0
Embed time: 0.01 seconds
Extract time: 0.02 seconds
0.0
Embed time: 0.01 seconds
Extract time: 0.01 seconds
0.0
Embed time: 0.05 seconds
Extract time: 0.01 seconds
0.0
Embed time: 0.01 seconds
Extract time: 0.01 seconds
0.0
Embed time: 0.04 seconds
Extract time: 0.01 seconds
0.0
Embed time: 0.01 seconds
Extract time: 0.01 seconds
0.0
Embed time: 0.01 seconds
Extract time: 0.01 seconds
0.0
Embed time: 0.01 seconds
Extract time: 0.01 seconds
0.078125
Embed time: 0.01 seconds
Extract time: 0.01 seconds
0.0
Embed time: 0.02 seconds
Extract time: 0.01 seconds
0.0
Embed time: 0.01 seconds
Extract time: 0.01 seconds
0.0
Embed time: 0.05 seconds
Extract time: 0.01 seconds
0.0
Embed time: 0.01 seconds
Extract time: 0.01 seconds
0.0
Embed time: 0.01 seconds
Extract time: 0.03 seconds
0.0
Embed time: 0.01 seconds
Extract time: 0.01 seconds
0.0
Embed time: 0.01 seconds
Extract time: 0.01 seconds
0.0
Embed time: 0.01 seconds
Extract time: 0.01 seconds
0.0
Embed time: 0.04 seconds
Extract time: 0.01 seconds
0.0
Embed time: 0.01 seconds
Extract time: 0.01 seconds
0.0
Embed time: 0.05 seconds
Extract time: 0.01 seconds
0.0
Embed time: 0.02 seconds
Extract time: 0.01 seconds
0.015625
Embed time: 0.01 seconds
Extract time: 0.02 seconds
0.0
Embed time: 0.01 seconds
Extract time: 0.01 seconds
0.0
Embed time: 0.05 seconds
Extract time: 0.01 seconds
0.0
Embed time: 0.01 seconds
Extract time: 0.01 seconds
0.0
Embed time: 0.01 seconds
Extract time: 0.01 seconds
0.0
Embed time: 0.01 seconds
Extract time: 0.01 seconds
0.0
Embed time: 0.01 seconds
Extract time: 0.05 seconds
0.0
Embed time: 0.01 seconds
Extract time: 0.01 seconds
0.0
Embed time: 0.01 seconds
Extract time: 0.01 seconds
0.0
Embed time: 0.01 seconds
Extract time: 0.01 seconds
0.0
Embed time: 0.01 seconds
Extract time: 0.01 seconds
0.0
Embed time: 0.01 seconds
Extract time: 0.01 seconds
0.0
Embed time: 0.06 seconds
Extract time: 0.01 seconds
0.0
Embed time: 0.01 seconds
Extract time: 0.01 seconds
0.0
Embed time: 0.01 seconds
Extract time: 0.01 seconds
0.0
Embed time: 0.03 seconds
Extract time: 0.01 seconds
0.0
Embed time: 0.01 seconds
Extract time: 0.01 seconds
0.0
Embed time: 0.01 seconds
Extract time: 0.01 seconds
0.0
Embed time: 0.01 seconds
Extract time: 0.01 seconds
0.0
Embed time: 0.01 seconds
Extract time: 0.01 seconds
0.0
Embed time: 0.03 seconds
Extract time: 0.01 seconds
0.0
Embed time: 0.01 seconds
Extract time: 0.01 seconds
0.0
Embed time: 0.02 seconds
Extract time: 0.01 seconds
0.0
Embed time: 0.01 seconds
Extract time: 0.01 seconds
0.0
Embed time: 0.01 seconds
Extract time: 0.01 seconds
0.0
Embed time: 0.01 seconds
Extract time: 0.01 seconds
0.0
Embed time: 0.04 seconds
Extract time: 0.01 seconds
0.0
Embed time: 0.01 seconds
Extract time: 0.01 seconds
0.0
Embed time: 0.05 seconds
Extract time: 0.01 seconds
0.0
Embed time: 0.01 seconds
Extract time: 0.01 seconds
0.0
Embed time: 0.01 seconds
Extract time: 0.02 seconds
0.0
Embed time: 0.01 seconds
Extract time: 0.01 seconds
0.09375
Embed time: 0.04 seconds
Extract time: 0.01 seconds
0.0
Embed time: 0.01 seconds
Extract time: 0.01 seconds
0.0
Embed time: 0.01 seconds
Extract time: 0.01 seconds
0.0
Embed time: 0.01 seconds
Extract time: 0.01 seconds
0.0
Embed time: 0.05 seconds
Extract time: 0.01 seconds
0.015625
Embed time: 0.01 seconds
Extract time: 0.01 seconds
0.0
Embed time: 0.05 seconds
Extract time: 0.01 seconds
0.0
Embed time: 0.01 seconds
Extract time: 0.01 seconds
0.0
Embed time: 0.04 seconds
Extract time: 0.01 seconds
0.0
Embed time: 0.01 seconds
Extract time: 0.01 seconds
0.0
Embed time: 0.01 seconds
Extract time: 0.01 seconds
0.0
Embed time: 0.01 seconds
Extract time: 0.01 seconds
0.0
25-06-22 14:30:07.108 - INFO: # Validation # PSNR_Stego: 3.8998e+01, Bit_acc:  2.9688e-03
2025-06-22 14:30:07,108 - INFO - # Validation # PSNR_Stego: 3.8998e+01, Bit_acc:  2.9688e-03
25-06-22 14:30:07.109 - INFO: <epoch:  6, iter:  88,500> PSNR_Stego: 3.8998e+01, Bit_acc:  2.9688e-03
2025-06-22 14:30:07,109 - INFO - <epoch:  6, iter:  88,500> PSNR_Stego: 3.8998e+01, Bit_acc:  2.9688e-03
25-06-22 14:30:26.345 - INFO: <epoch:  6, iter:  88,600, lr:5.000e-05> l_forw_fit: 1.5051e+01 l_msg: 6.5305e-02 
2025-06-22 14:30:26,345 - INFO - <epoch:  6, iter:  88,600, lr:5.000e-05> l_forw_fit: 1.5051e+01 l_msg: 6.5305e-02 
25-06-22 14:30:46.030 - INFO: <epoch:  6, iter:  88,700, lr:5.000e-05> l_forw_fit: 2.9238e+01 l_msg: 7.8125e-03 
2025-06-22 14:30:46,030 - INFO - <epoch:  6, iter:  88,700, lr:5.000e-05> l_forw_fit: 2.9238e+01 l_msg: 7.8125e-03 
25-06-22 14:31:04.980 - INFO: <epoch:  6, iter:  88,800, lr:5.000e-05> l_forw_fit: 1.5263e+01 l_msg: 3.9062e-03 
2025-06-22 14:31:04,980 - INFO - <epoch:  6, iter:  88,800, lr:5.000e-05> l_forw_fit: 1.5263e+01 l_msg: 3.9062e-03 
25-06-22 14:31:24.661 - INFO: <epoch:  6, iter:  88,900, lr:5.000e-05> l_forw_fit: 3.7394e+01 l_msg: 0.0000e+00 
2025-06-22 14:31:24,661 - INFO - <epoch:  6, iter:  88,900, lr:5.000e-05> l_forw_fit: 3.7394e+01 l_msg: 0.0000e+00 
25-06-22 14:31:44.134 - INFO: <epoch:  6, iter:  89,000, lr:5.000e-05> l_forw_fit: 9.1161e+00 l_msg: 3.9062e-03 
2025-06-22 14:31:44,134 - INFO - <epoch:  6, iter:  89,000, lr:5.000e-05> l_forw_fit: 9.1161e+00 l_msg: 3.9062e-03 
Embed time: 0.03 seconds
Extract time: 0.01 seconds
0.0
Embed time: 0.02 seconds
Extract time: 0.01 seconds
0.0
Embed time: 0.01 seconds
Extract time: 0.01 seconds
0.03125
Embed time: 0.01 seconds
Extract time: 0.01 seconds
0.0
Embed time: 0.01 seconds
Extract time: 0.01 seconds
0.015625
Embed time: 0.01 seconds
Extract time: 0.01 seconds
0.0
Embed time: 0.01 seconds
Extract time: 0.01 seconds
0.0
Embed time: 0.02 seconds
Extract time: 0.01 seconds
0.0
Embed time: 0.01 seconds
Extract time: 0.01 seconds
0.0
Embed time: 0.01 seconds
Extract time: 0.01 seconds
0.0
Embed time: 0.01 seconds
Extract time: 0.01 seconds
0.0
Embed time: 0.02 seconds
Extract time: 0.01 seconds
0.0
Embed time: 0.01 seconds
Extract time: 0.01 seconds
0.0
Embed time: 0.01 seconds
Extract time: 0.01 seconds
0.015625
Embed time: 0.04 seconds
Extract time: 0.01 seconds
0.0
Embed time: 0.01 seconds
Extract time: 0.01 seconds
0.0
Embed time: 0.02 seconds
Extract time: 0.01 seconds
0.0
Embed time: 0.01 seconds
Extract time: 0.03 seconds
0.0
Embed time: 0.03 seconds
Extract time: 0.01 seconds
0.0
Embed time: 0.01 seconds
Extract time: 0.01 seconds
0.0
Embed time: 0.03 seconds
Extract time: 0.01 seconds
0.0
Embed time: 0.01 seconds
Extract time: 0.01 seconds
0.0
Embed time: 0.04 seconds
Extract time: 0.01 seconds
0.0
Embed time: 0.01 seconds
Extract time: 0.01 seconds
0.015625
Embed time: 0.01 seconds
Extract time: 0.01 seconds
0.0
Embed time: 0.02 seconds
Extract time: 0.01 seconds
0.0
Embed time: 0.01 seconds
Extract time: 0.01 seconds
0.0
Embed time: 0.01 seconds
Extract time: 0.01 seconds
0.0
Embed time: 0.01 seconds
Extract time: 0.01 seconds
0.015625
Embed time: 0.01 seconds
Extract time: 0.01 seconds
0.0
Embed time: 0.01 seconds
Extract time: 0.01 seconds
0.015625
Embed time: 0.01 seconds
Extract time: 0.01 seconds
0.0
Embed time: 0.01 seconds
Extract time: 0.01 seconds
0.0
Embed time: 0.01 seconds
Extract time: 0.01 seconds
0.0
Embed time: 0.04 seconds
Extract time: 0.01 seconds
0.0
Embed time: 0.01 seconds
Extract time: 0.01 seconds
0.0
Embed time: 0.04 seconds
Extract time: 0.01 seconds
0.015625
Embed time: 0.01 seconds
Extract time: 0.03 seconds
0.0
Embed time: 0.04 seconds
Extract time: 0.01 seconds
0.0
Embed time: 0.01 seconds
Extract time: 0.01 seconds
0.0
Embed time: 0.05 seconds
Extract time: 0.01 seconds
0.0
Embed time: 0.01 seconds
Extract time: 0.01 seconds
0.0
Embed time: 0.01 seconds
Extract time: 0.01 seconds
0.0
Embed time: 0.01 seconds
Extract time: 0.01 seconds
0.109375
Embed time: 0.01 seconds
Extract time: 0.01 seconds
0.015625
Embed time: 0.01 seconds
Extract time: 0.01 seconds
0.0
Embed time: 0.03 seconds
Extract time: 0.01 seconds
0.015625
Embed time: 0.01 seconds
Extract time: 0.01 seconds
0.015625
Embed time: 0.01 seconds
Extract time: 0.01 seconds
0.0
Embed time: 0.01 seconds
Extract time: 0.01 seconds
0.0
Embed time: 0.01 seconds
Extract time: 0.02 seconds
0.0
Embed time: 0.01 seconds
Extract time: 0.01 seconds
0.0
Embed time: 0.01 seconds
Extract time: 0.01 seconds
0.0
Embed time: 0.01 seconds
Extract time: 0.01 seconds
0.0
Embed time: 0.01 seconds
Extract time: 0.01 seconds
0.0
Embed time: 0.01 seconds
Extract time: 0.01 seconds
0.03125
Embed time: 0.01 seconds
Extract time: 0.01 seconds
0.0
Embed time: 0.01 seconds
Extract time: 0.04 seconds
0.03125
Embed time: 0.01 seconds
Extract time: 0.01 seconds
0.0
Embed time: 0.01 seconds
Extract time: 0.05 seconds
0.0
Embed time: 0.01 seconds
Extract time: 0.01 seconds
0.0
Embed time: 0.01 seconds
Extract time: 0.04 seconds
0.0
Embed time: 0.01 seconds
Extract time: 0.01 seconds
0.0
Embed time: 0.05 seconds
Extract time: 0.01 seconds
0.015625
Embed time: 0.01 seconds
Extract time: 0.01 seconds
0.0
Embed time: 0.01 seconds
Extract time: 0.04 seconds
0.0
Embed time: 0.04 seconds
Extract time: 0.01 seconds
0.015625
Embed time: 0.04 seconds
Extract time: 0.01 seconds
0.0
Embed time: 0.01 seconds
Extract time: 0.01 seconds
0.0
Embed time: 0.05 seconds
Extract time: 0.01 seconds
0.0
Embed time: 0.01 seconds
Extract time: 0.01 seconds
0.0
Embed time: 0.01 seconds
Extract time: 0.01 seconds
0.0
Embed time: 0.01 seconds
Extract time: 0.01 seconds
0.0
Embed time: 0.01 seconds
Extract time: 0.01 seconds
0.0
Embed time: 0.01 seconds
Extract time: 0.01 seconds
0.0
Embed time: 0.01 seconds
Extract time: 0.01 seconds
0.0
Embed time: 0.01 seconds
Extract time: 0.01 seconds
0.0
Embed time: 0.01 seconds
Extract time: 0.01 seconds
0.0
Embed time: 0.01 seconds
Extract time: 0.01 seconds
0.0
Embed time: 0.05 seconds
Extract time: 0.01 seconds
0.0
Embed time: 0.01 seconds
Extract time: 0.01 seconds
0.0
Embed time: 0.01 seconds
Extract time: 0.01 seconds
0.0
Embed time: 0.01 seconds
Extract time: 0.01 seconds
0.0
Embed time: 0.01 seconds
Extract time: 0.01 seconds
0.0
Embed time: 0.01 seconds
Extract time: 0.01 seconds
0.0
Embed time: 0.01 seconds
Extract time: 0.01 seconds
0.03125
Embed time: 0.01 seconds
Extract time: 0.01 seconds
0.0
Embed time: 0.01 seconds
Extract time: 0.01 seconds
0.015625
Embed time: 0.01 seconds
Extract time: 0.01 seconds
0.0
Embed time: 0.01 seconds
Extract time: 0.01 seconds
0.0
Embed time: 0.02 seconds
Extract time: 0.01 seconds
0.0
Embed time: 0.01 seconds
Extract time: 0.01 seconds
0.03125
Embed time: 0.01 seconds
Extract time: 0.01 seconds
0.015625
Embed time: 0.01 seconds
Extract time: 0.01 seconds
0.0
Embed time: 0.01 seconds
Extract time: 0.01 seconds
0.0
Embed time: 0.01 seconds
Extract time: 0.01 seconds
0.0
Embed time: 0.03 seconds
Extract time: 0.01 seconds
0.0
Embed time: 0.01 seconds
Extract time: 0.01 seconds
0.0
Embed time: 0.04 seconds
Extract time: 0.01 seconds
0.0
Embed time: 0.01 seconds
Extract time: 0.01 seconds
0.03125
25-06-22 14:31:59.298 - INFO: # Validation # PSNR_Stego: 3.8734e+01, Bit_acc:  5.0000e-03
2025-06-22 14:31:59,298 - INFO - # Validation # PSNR_Stego: 3.8734e+01, Bit_acc:  5.0000e-03
25-06-22 14:31:59.298 - INFO: <epoch:  6, iter:  89,000> PSNR_Stego: 3.8734e+01, Bit_acc:  5.0000e-03
2025-06-22 14:31:59,298 - INFO - <epoch:  6, iter:  89,000> PSNR_Stego: 3.8734e+01, Bit_acc:  5.0000e-03
25-06-22 14:31:59.298 - INFO: Saving models and training states.
2025-06-22 14:31:59,298 - INFO - Saving models and training states.
Checkpoint save path: /workspace/EditGuard-V1/experiments/train_ibsn_bit_64/models/89000_G.pth

===== Checkpoint State Path: /workspace/EditGuard-V1/experiments/train_ibsn_bit_64/training_state/89000.state =====

25-06-22 14:32:19.356 - INFO: <epoch:  6, iter:  89,100, lr:5.000e-05> l_forw_fit: 1.3451e+01 l_msg: 0.0000e+00 
2025-06-22 14:32:19,356 - INFO - <epoch:  6, iter:  89,100, lr:5.000e-05> l_forw_fit: 1.3451e+01 l_msg: 0.0000e+00 
25-06-22 14:32:39.346 - INFO: <epoch:  6, iter:  89,200, lr:5.000e-05> l_forw_fit: 8.7665e+00 l_msg: 5.9097e-02 
2025-06-22 14:32:39,346 - INFO - <epoch:  6, iter:  89,200, lr:5.000e-05> l_forw_fit: 8.7665e+00 l_msg: 5.9097e-02 
25-06-22 14:32:58.686 - INFO: <epoch:  6, iter:  89,300, lr:5.000e-05> l_forw_fit: 1.4031e+01 l_msg: 3.9062e-03 
2025-06-22 14:32:58,686 - INFO - <epoch:  6, iter:  89,300, lr:5.000e-05> l_forw_fit: 1.4031e+01 l_msg: 3.9062e-03 
25-06-22 14:33:18.193 - INFO: <epoch:  6, iter:  89,400, lr:5.000e-05> l_forw_fit: 9.3569e+00 l_msg: 7.8125e-03 
2025-06-22 14:33:18,193 - INFO - <epoch:  6, iter:  89,400, lr:5.000e-05> l_forw_fit: 9.3569e+00 l_msg: 7.8125e-03 
25-06-22 14:33:37.791 - INFO: <epoch:  6, iter:  89,500, lr:5.000e-05> l_forw_fit: 9.1699e+00 l_msg: 0.0000e+00 
2025-06-22 14:33:37,791 - INFO - <epoch:  6, iter:  89,500, lr:5.000e-05> l_forw_fit: 9.1699e+00 l_msg: 0.0000e+00 
Embed time: 0.04 seconds
Extract time: 0.01 seconds
0.0
Embed time: 0.01 seconds
Extract time: 0.01 seconds
0.0
Embed time: 0.01 seconds
Extract time: 0.01 seconds
0.0
Embed time: 0.04 seconds
Extract time: 0.01 seconds
0.0
Embed time: 0.01 seconds
Extract time: 0.01 seconds
0.0
Embed time: 0.01 seconds
Extract time: 0.01 seconds
0.0
Embed time: 0.01 seconds
Extract time: 0.01 seconds
0.0
Embed time: 0.01 seconds
Extract time: 0.01 seconds
0.0
Embed time: 0.04 seconds
Extract time: 0.01 seconds
0.03125
Embed time: 0.01 seconds
Extract time: 0.01 seconds
0.0
Embed time: 0.01 seconds
Extract time: 0.01 seconds
0.0
Embed time: 0.01 seconds
Extract time: 0.01 seconds
0.0
Embed time: 0.05 seconds
Extract time: 0.01 seconds
0.0
Embed time: 0.01 seconds
Extract time: 0.01 seconds
0.0
Embed time: 0.01 seconds
Extract time: 0.05 seconds
0.0
Embed time: 0.01 seconds
Extract time: 0.01 seconds
0.0
Embed time: 0.01 seconds
Extract time: 0.01 seconds
0.0
Embed time: 0.05 seconds
Extract time: 0.01 seconds
0.0
Embed time: 0.01 seconds
Extract time: 0.01 seconds
0.0
Embed time: 0.03 seconds
Extract time: 0.01 seconds
0.0
Embed time: 0.01 seconds
Extract time: 0.01 seconds
0.0
Embed time: 0.01 seconds
Extract time: 0.01 seconds
0.015625
Embed time: 0.01 seconds
Extract time: 0.01 seconds
0.0
Embed time: 0.01 seconds
Extract time: 0.01 seconds
0.015625
Embed time: 0.02 seconds
Extract time: 0.01 seconds
0.0
Embed time: 0.02 seconds
Extract time: 0.05 seconds
0.0
Embed time: 0.03 seconds
Extract time: 0.01 seconds
0.0
Embed time: 0.01 seconds
Extract time: 0.01 seconds
0.0
Embed time: 0.01 seconds
Extract time: 0.04 seconds
0.0
Embed time: 0.01 seconds
Extract time: 0.01 seconds
0.0
Embed time: 0.01 seconds
Extract time: 0.01 seconds
0.09375
Embed time: 0.01 seconds
Extract time: 0.01 seconds
0.0
Embed time: 0.01 seconds
Extract time: 0.04 seconds
0.0
Embed time: 0.04 seconds
Extract time: 0.01 seconds
0.0
Embed time: 0.01 seconds
Extract time: 0.03 seconds
0.0
Embed time: 0.03 seconds
Extract time: 0.01 seconds
0.0
Embed time: 0.01 seconds
Extract time: 0.01 seconds
0.0
Embed time: 0.01 seconds
Extract time: 0.01 seconds
0.0
Embed time: 0.01 seconds
Extract time: 0.01 seconds
0.0
Embed time: 0.01 seconds
Extract time: 0.01 seconds
0.0
Embed time: 0.02 seconds
Extract time: 0.01 seconds
0.0
Embed time: 0.01 seconds
Extract time: 0.01 seconds
0.0
Embed time: 0.02 seconds
Extract time: 0.01 seconds
0.015625
Embed time: 0.01 seconds
Extract time: 0.01 seconds
0.0
Embed time: 0.04 seconds
Extract time: 0.01 seconds
0.0
Embed time: 0.01 seconds
Extract time: 0.01 seconds
0.0
Embed time: 0.05 seconds
Extract time: 0.01 seconds
0.0
Embed time: 0.01 seconds
Extract time: 0.01 seconds
0.0
Embed time: 0.05 seconds
Extract time: 0.01 seconds
0.0
Embed time: 0.01 seconds
Extract time: 0.01 seconds
0.015625
Embed time: 0.01 seconds
Extract time: 0.01 seconds
0.015625
Embed time: 0.01 seconds
Extract time: 0.01 seconds
0.0
Embed time: 0.01 seconds
Extract time: 0.01 seconds
0.0
Embed time: 0.01 seconds
Extract time: 0.01 seconds
0.0
Embed time: 0.01 seconds
Extract time: 0.01 seconds
0.03125
Embed time: 0.01 seconds
Extract time: 0.01 seconds
0.0
Embed time: 0.01 seconds
Extract time: 0.01 seconds
0.0
Embed time: 0.05 seconds
Extract time: 0.01 seconds
0.0
Embed time: 0.01 seconds
Extract time: 0.01 seconds
0.0
Embed time: 0.01 seconds
Extract time: 0.04 seconds
0.0
Embed time: 0.01 seconds
Extract time: 0.01 seconds
0.0
Embed time: 0.01 seconds
Extract time: 0.01 seconds
0.0
Embed time: 0.01 seconds
Extract time: 0.01 seconds
0.0
Embed time: 0.01 seconds
Extract time: 0.01 seconds
0.0
Embed time: 0.01 seconds
Extract time: 0.01 seconds
0.0
Embed time: 0.01 seconds
Extract time: 0.01 seconds
0.0
Embed time: 0.05 seconds
Extract time: 0.01 seconds
0.0
Embed time: 0.01 seconds
Extract time: 0.01 seconds
0.0
Embed time: 0.01 seconds
Extract time: 0.01 seconds
0.0
Embed time: 0.01 seconds
Extract time: 0.01 seconds
0.0
Embed time: 0.01 seconds
Extract time: 0.01 seconds
0.0
Embed time: 0.01 seconds
Extract time: 0.01 seconds
0.0
Embed time: 0.01 seconds
Extract time: 0.01 seconds
0.0
Embed time: 0.01 seconds
Extract time: 0.01 seconds
0.0
Embed time: 0.01 seconds
Extract time: 0.04 seconds
0.0
Embed time: 0.01 seconds
Extract time: 0.01 seconds
0.0
Embed time: 0.05 seconds
Extract time: 0.01 seconds
0.0
Embed time: 0.01 seconds
Extract time: 0.01 seconds
0.0
Embed time: 0.01 seconds
Extract time: 0.01 seconds
0.0
Embed time: 0.01 seconds
Extract time: 0.01 seconds
0.0
Embed time: 0.05 seconds
Extract time: 0.01 seconds
0.0
Embed time: 0.01 seconds
Extract time: 0.01 seconds
0.0
Embed time: 0.05 seconds
Extract time: 0.01 seconds
0.0
Embed time: 0.01 seconds
Extract time: 0.01 seconds
0.015625
Embed time: 0.04 seconds
Extract time: 0.01 seconds
0.0
Embed time: 0.01 seconds
Extract time: 0.01 seconds
0.0
Embed time: 0.01 seconds
Extract time: 0.04 seconds
0.0
Embed time: 0.01 seconds
Extract time: 0.01 seconds
0.0
Embed time: 0.06 seconds
Extract time: 0.01 seconds
0.0
Embed time: 0.01 seconds
Extract time: 0.01 seconds
0.0
Embed time: 0.01 seconds
Extract time: 0.01 seconds
0.0
Embed time: 0.01 seconds
Extract time: 0.01 seconds
0.0
Embed time: 0.01 seconds
Extract time: 0.01 seconds
0.015625
Embed time: 0.01 seconds
Extract time: 0.01 seconds
0.0
Embed time: 0.01 seconds
Extract time: 0.01 seconds
0.0
Embed time: 0.02 seconds
Extract time: 0.01 seconds
0.0
Embed time: 0.01 seconds
Extract time: 0.01 seconds
0.0
Embed time: 0.01 seconds
Extract time: 0.01 seconds
0.0
Embed time: 0.01 seconds
Extract time: 0.01 seconds
0.0
Embed time: 0.05 seconds
Extract time: 0.01 seconds
0.0
25-06-22 14:33:52.772 - INFO: # Validation # PSNR_Stego: 3.9613e+01, Bit_acc:  2.6563e-03
2025-06-22 14:33:52,772 - INFO - # Validation # PSNR_Stego: 3.9613e+01, Bit_acc:  2.6563e-03
25-06-22 14:33:52.772 - INFO: <epoch:  6, iter:  89,500> PSNR_Stego: 3.9613e+01, Bit_acc:  2.6563e-03
2025-06-22 14:33:52,772 - INFO - <epoch:  6, iter:  89,500> PSNR_Stego: 3.9613e+01, Bit_acc:  2.6563e-03
25-06-22 14:34:11.660 - INFO: <epoch:  6, iter:  89,600, lr:5.000e-05> l_forw_fit: 1.7329e+01 l_msg: 0.0000e+00 
2025-06-22 14:34:11,660 - INFO - <epoch:  6, iter:  89,600, lr:5.000e-05> l_forw_fit: 1.7329e+01 l_msg: 0.0000e+00 
25-06-22 14:34:30.742 - INFO: <epoch:  6, iter:  89,700, lr:5.000e-05> l_forw_fit: 1.3347e+01 l_msg: 3.9062e-02 
2025-06-22 14:34:30,742 - INFO - <epoch:  6, iter:  89,700, lr:5.000e-05> l_forw_fit: 1.3347e+01 l_msg: 3.9062e-02 
25-06-22 14:34:50.468 - INFO: <epoch:  6, iter:  89,800, lr:5.000e-05> l_forw_fit: 9.3740e+00 l_msg: 3.9062e-03 
2025-06-22 14:34:50,468 - INFO - <epoch:  6, iter:  89,800, lr:5.000e-05> l_forw_fit: 9.3740e+00 l_msg: 3.9062e-03 
25-06-22 14:35:09.849 - INFO: <epoch:  6, iter:  89,900, lr:5.000e-05> l_forw_fit: 9.6926e+00 l_msg: 1.6942e-02 
2025-06-22 14:35:09,849 - INFO - <epoch:  6, iter:  89,900, lr:5.000e-05> l_forw_fit: 9.6926e+00 l_msg: 1.6942e-02 
25-06-22 14:35:29.258 - INFO: <epoch:  6, iter:  90,000, lr:5.000e-05> l_forw_fit: 1.5542e+01 l_msg: 0.0000e+00 
2025-06-22 14:35:29,258 - INFO - <epoch:  6, iter:  90,000, lr:5.000e-05> l_forw_fit: 1.5542e+01 l_msg: 0.0000e+00 
Embed time: 0.03 seconds
Extract time: 0.01 seconds
0.0
Embed time: 0.01 seconds
Extract time: 0.01 seconds
0.0
Embed time: 0.01 seconds
Extract time: 0.01 seconds
0.0
Embed time: 0.02 seconds
Extract time: 0.01 seconds
0.0
Embed time: 0.01 seconds
Extract time: 0.01 seconds
0.0
Embed time: 0.05 seconds
Extract time: 0.01 seconds
0.03125
Embed time: 0.01 seconds
Extract time: 0.01 seconds
0.0
Embed time: 0.06 seconds
Extract time: 0.01 seconds
0.0
Embed time: 0.01 seconds
Extract time: 0.01 seconds
0.0
Embed time: 0.05 seconds
Extract time: 0.01 seconds
0.0
Embed time: 0.01 seconds
Extract time: 0.01 seconds
0.03125
Embed time: 0.01 seconds
Extract time: 0.01 seconds
0.0
Embed time: 0.01 seconds
Extract time: 0.01 seconds
0.0
Embed time: 0.01 seconds
Extract time: 0.01 seconds
0.0
Embed time: 0.02 seconds
Extract time: 0.01 seconds
0.0
Embed time: 0.01 seconds
Extract time: 0.01 seconds
0.0
Embed time: 0.01 seconds
Extract time: 0.02 seconds
0.0
Embed time: 0.01 seconds
Extract time: 0.01 seconds
0.0
Embed time: 0.05 seconds
Extract time: 0.01 seconds
0.0
Embed time: 0.01 seconds
Extract time: 0.01 seconds
0.0
Embed time: 0.05 seconds
Extract time: 0.01 seconds
0.0
Embed time: 0.01 seconds
Extract time: 0.01 seconds
0.09375
Embed time: 0.05 seconds
Extract time: 0.01 seconds
0.0
Embed time: 0.01 seconds
Extract time: 0.01 seconds
0.0
Embed time: 0.01 seconds
Extract time: 0.01 seconds
0.0
Embed time: 0.01 seconds
Extract time: 0.01 seconds
0.0
Embed time: 0.01 seconds
Extract time: 0.01 seconds
0.0
Embed time: 0.01 seconds
Extract time: 0.05 seconds
0.0
Embed time: 0.01 seconds
Extract time: 0.01 seconds
0.0
Embed time: 0.01 seconds
Extract time: 0.01 seconds
0.0
Embed time: 0.01 seconds
Extract time: 0.01 seconds
0.109375
Embed time: 0.05 seconds
Extract time: 0.01 seconds
0.0
Embed time: 0.01 seconds
Extract time: 0.01 seconds
0.0
Embed time: 0.01 seconds
Extract time: 0.01 seconds
0.0
Embed time: 0.06 seconds
Extract time: 0.01 seconds
0.015625
Embed time: 0.01 seconds
Extract time: 0.01 seconds
0.0
Embed time: 0.01 seconds
Extract time: 0.01 seconds
0.0
Embed time: 0.01 seconds
Extract time: 0.01 seconds
0.0
Embed time: 0.01 seconds
Extract time: 0.01 seconds
0.0
Embed time: 0.01 seconds
Extract time: 0.01 seconds
0.0
Embed time: 0.01 seconds
Extract time: 0.01 seconds
0.0
Embed time: 0.03 seconds
Extract time: 0.01 seconds
0.0
Embed time: 0.01 seconds
Extract time: 0.03 seconds
0.03125
Embed time: 0.04 seconds
Extract time: 0.01 seconds
0.0
Embed time: 0.01 seconds
Extract time: 0.01 seconds
0.0
Embed time: 0.05 seconds
Extract time: 0.01 seconds
0.0
Embed time: 0.01 seconds
Extract time: 0.01 seconds
0.0
Embed time: 0.06 seconds
Extract time: 0.01 seconds
0.0
Embed time: 0.01 seconds
Extract time: 0.01 seconds
0.0
Embed time: 0.01 seconds
Extract time: 0.01 seconds
0.0
Embed time: 0.01 seconds
Extract time: 0.01 seconds
0.0
Embed time: 0.05 seconds
Extract time: 0.01 seconds
0.0
Embed time: 0.01 seconds
Extract time: 0.01 seconds
0.0
Embed time: 0.01 seconds
Extract time: 0.01 seconds
0.0
Embed time: 0.01 seconds
Extract time: 0.01 seconds
0.0
Embed time: 0.01 seconds
Extract time: 0.01 seconds
0.0
Embed time: 0.03 seconds
Extract time: 0.01 seconds
0.0
Embed time: 0.01 seconds
Extract time: 0.01 seconds
0.0
Embed time: 0.01 seconds
Extract time: 0.01 seconds
0.0
Embed time: 0.01 seconds
Extract time: 0.01 seconds
0.0
Embed time: 0.01 seconds
Extract time: 0.01 seconds
0.015625
Embed time: 0.01 seconds
Extract time: 0.01 seconds
0.0
Embed time: 0.01 seconds
Extract time: 0.01 seconds
0.0
Embed time: 0.06 seconds
Extract time: 0.01 seconds
0.0
Embed time: 0.01 seconds
Extract time: 0.01 seconds
0.0
Embed time: 0.01 seconds
Extract time: 0.01 seconds
0.0
Embed time: 0.01 seconds
Extract time: 0.01 seconds
0.0
Embed time: 0.05 seconds
Extract time: 0.01 seconds
0.015625
Embed time: 0.01 seconds
Extract time: 0.01 seconds
0.0
Embed time: 0.01 seconds
Extract time: 0.01 seconds
0.0
Embed time: 0.03 seconds
Extract time: 0.01 seconds
0.0
Embed time: 0.01 seconds
Extract time: 0.01 seconds
0.0
Embed time: 0.06 seconds
Extract time: 0.01 seconds
0.015625
Embed time: 0.01 seconds
Extract time: 0.01 seconds
0.0
Embed time: 0.01 seconds
Extract time: 0.01 seconds
0.0
Embed time: 0.01 seconds
Extract time: 0.01 seconds
0.0
Embed time: 0.01 seconds
Extract time: 0.01 seconds
0.0
Embed time: 0.01 seconds
Extract time: 0.01 seconds
0.0
Embed time: 0.01 seconds
Extract time: 0.01 seconds
0.0
Embed time: 0.01 seconds
Extract time: 0.04 seconds
0.0
Embed time: 0.01 seconds
Extract time: 0.01 seconds
0.0
Embed time: 0.01 seconds
Extract time: 0.01 seconds
0.0
Embed time: 0.01 seconds
Extract time: 0.01 seconds
0.0
Embed time: 0.01 seconds
Extract time: 0.01 seconds
0.0
Embed time: 0.01 seconds
Extract time: 0.01 seconds
0.015625
Embed time: 0.01 seconds
Extract time: 0.01 seconds
0.03125
Embed time: 0.03 seconds
Extract time: 0.01 seconds
0.0
Embed time: 0.01 seconds
Extract time: 0.01 seconds
0.0625
Embed time: 0.05 seconds
Extract time: 0.01 seconds
0.0
Embed time: 0.01 seconds
Extract time: 0.01 seconds
0.0
Embed time: 0.01 seconds
Extract time: 0.04 seconds
0.0
Embed time: 0.04 seconds
Extract time: 0.01 seconds
0.015625
Embed time: 0.01 seconds
Extract time: 0.01 seconds
0.015625
Embed time: 0.03 seconds
Extract time: 0.01 seconds
0.0
Embed time: 0.01 seconds
Extract time: 0.01 seconds
0.0
Embed time: 0.05 seconds
Extract time: 0.01 seconds
0.0
Embed time: 0.01 seconds
Extract time: 0.01 seconds
0.0
Embed time: 0.06 seconds
Extract time: 0.01 seconds
0.0
Embed time: 0.01 seconds
Extract time: 0.01 seconds
0.0
Embed time: 0.05 seconds
Extract time: 0.01 seconds
0.0
25-06-22 14:35:44.058 - INFO: # Validation # PSNR_Stego: 3.8927e+01, Bit_acc:  5.0000e-03
2025-06-22 14:35:44,058 - INFO - # Validation # PSNR_Stego: 3.8927e+01, Bit_acc:  5.0000e-03
25-06-22 14:35:44.058 - INFO: <epoch:  6, iter:  90,000> PSNR_Stego: 3.8927e+01, Bit_acc:  5.0000e-03
2025-06-22 14:35:44,058 - INFO - <epoch:  6, iter:  90,000> PSNR_Stego: 3.8927e+01, Bit_acc:  5.0000e-03
25-06-22 14:35:44.059 - INFO: Saving models and training states.
2025-06-22 14:35:44,059 - INFO - Saving models and training states.
Checkpoint save path: /workspace/EditGuard-V1/experiments/train_ibsn_bit_64/models/90000_G.pth

===== Checkpoint State Path: /workspace/EditGuard-V1/experiments/train_ibsn_bit_64/training_state/90000.state =====

========== Epoch: 7 ==========
========== Epoch: 8 ==========
========== Epoch: 9 ==========
========== Epoch: 10 ==========
========== Epoch: 11 ==========
========== Epoch: 12 ==========
25-06-22 14:36:29.758 - INFO: Saving the final model.
2025-06-22 14:36:29,758 - INFO - Saving the final model.
Checkpoint save path: /workspace/EditGuard-V1/experiments/train_ibsn_bit_64/models/latest_G.pth
25-06-22 14:36:29.929 - INFO: End of training.
2025-06-22 14:36:29,929 - INFO - End of training.
