export CUDA_VISIBLE_DEVICES=0,1
Disabled distributed training.
2025-07-14 15:22:59,284 - INFO - Set [pretrain_model_G] to /workspace/EditGuard-V1/experiments/train_ibsn_bit_64/models/30000_G.pth
25-07-14 15:22:59.286 - INFO:   name: train_ibsn_bit_64
  use_tb_logger: True
  model: MIMO-VRN-h
  distortion: sr
  scale: 4
  gpu_ids: [0, 1]
  gop: 1
  num_image: 1
  noisesigma_val: 10
  jpegfactor_val: 70
  addnoise: False
  noisesigma: 0.05
  addjpeg: False
  jpegfactor: 90
  addpossion: False
  addblur: False
  addcolorjitter: False
  sdinpaint: False
  controlnetinpaint: False
  sdxl: False
  repaint: False
  sdprompt: False
  sdxlprompt: False
  faceswap: False
  hide: True
  bithide: True
  degrade_shuffle: True
  prompt: True
  prompt_len: 3
  message_length: 30
  losstype: mse
  mode: bit
  datasets:[
    train:[
      image_size: 128
      name: Vimeo90K
      mode: train
      interval_list: [1]
      random_reverse: False
      border_mode: False
      data_path: ../dataset/COCO-30000-images
      txt_path: ../dataset/COCO-16000-images.txt
      dataroot_LQ: /root/vimeo90k/vimeo90k_train_LR7frames.lmdb
      cache_keys: Vimeo90K_train_keys.pkl
      num_image: 1
      N_frames: 7
      use_shuffle: True
      n_workers: 24
      batch_size: 32
      GT_size: 400
      LQ_size: 36
      use_flip: True
      use_rot: True
      color: RGB
      phase: train
      scale: 4
      data_type: lmdb
    ]
    val:[
      image_size: 128
      num_image: 1
      name: Vid4
      mode: test
      data_path: ../dataset/valAGE-Set
      txt_path: ../dataset/sep_vallist.txt
      N_frames: 1
      padding: new_info
      pred_interval: -1
      phase: val
      scale: 4
      data_type: img
    ]
  ]
  network_G:[
    which_model_G:[
      subnet_type: DBNet
    ]
    in_nc: 12
    out_nc: 12
    block_num: [6, 6]
    scale: 4
    init: xavier_group
    block_num_rbm: 8
    block_num_trans: 4
  ]
  path:[
    pretrain_model_G: /workspace/EditGuard-V1/experiments/train_ibsn_bit_64/models/30000_G.pth
    models: /workspace/EditGuard-V1/experiments/train_ibsn_bit_64/models
    strict_load: True
    resume_state: /workspace/EditGuard-V1/experiments/train_ibsn_bit_64/training_state/30000.state
    root: /workspace/EditGuard-V1
    experiments_root: /workspace/EditGuard-V1/experiments/train_ibsn_bit_64
    training_state: /workspace/EditGuard-V1/experiments/train_ibsn_bit_64/training_state
    log: /workspace/EditGuard-V1/experiments/train_ibsn_bit_64
    val_images: /workspace/EditGuard-V1/experiments/train_ibsn_bit_64/val_images
  ]
  train:[
    lr_G: 0.0001
    beta1: 0.9
    beta2: 0.5
    niter: 45000
    warmup_iter: -1
    lr_scheme: MultiStepLR
    lr_steps: [10000, 20000, 25000]
    lr_gamma: 0.5
    pixel_criterion_forw: l2
    pixel_criterion_back: l1
    manual_seed: 10
    val_freq: 500.0
    lambda_fit_forw: 1.0
    lambda_rec_back: 1
    lambda_center: 0
    lambda_msg: 100.0
    progressive: False
    weight_decay_G: 1e-12
    gradient_clipping: 10
  ]
  logger:[
    print_freq: 100
    save_checkpoint_freq: 500.0
  ]
  is_train: True
  dist: False

2025-07-14 15:22:59,286 - INFO -   name: train_ibsn_bit_64
  use_tb_logger: True
  model: MIMO-VRN-h
  distortion: sr
  scale: 4
  gpu_ids: [0, 1]
  gop: 1
  num_image: 1
  noisesigma_val: 10
  jpegfactor_val: 70
  addnoise: False
  noisesigma: 0.05
  addjpeg: False
  jpegfactor: 90
  addpossion: False
  addblur: False
  addcolorjitter: False
  sdinpaint: False
  controlnetinpaint: False
  sdxl: False
  repaint: False
  sdprompt: False
  sdxlprompt: False
  faceswap: False
  hide: True
  bithide: True
  degrade_shuffle: True
  prompt: True
  prompt_len: 3
  message_length: 30
  losstype: mse
  mode: bit
  datasets:[
    train:[
      image_size: 128
      name: Vimeo90K
      mode: train
      interval_list: [1]
      random_reverse: False
      border_mode: False
      data_path: ../dataset/COCO-30000-images
      txt_path: ../dataset/COCO-16000-images.txt
      dataroot_LQ: /root/vimeo90k/vimeo90k_train_LR7frames.lmdb
      cache_keys: Vimeo90K_train_keys.pkl
      num_image: 1
      N_frames: 7
      use_shuffle: True
      n_workers: 24
      batch_size: 32
      GT_size: 400
      LQ_size: 36
      use_flip: True
      use_rot: True
      color: RGB
      phase: train
      scale: 4
      data_type: lmdb
    ]
    val:[
      image_size: 128
      num_image: 1
      name: Vid4
      mode: test
      data_path: ../dataset/valAGE-Set
      txt_path: ../dataset/sep_vallist.txt
      N_frames: 1
      padding: new_info
      pred_interval: -1
      phase: val
      scale: 4
      data_type: img
    ]
  ]
  network_G:[
    which_model_G:[
      subnet_type: DBNet
    ]
    in_nc: 12
    out_nc: 12
    block_num: [6, 6]
    scale: 4
    init: xavier_group
    block_num_rbm: 8
    block_num_trans: 4
  ]
  path:[
    pretrain_model_G: /workspace/EditGuard-V1/experiments/train_ibsn_bit_64/models/30000_G.pth
    models: /workspace/EditGuard-V1/experiments/train_ibsn_bit_64/models
    strict_load: True
    resume_state: /workspace/EditGuard-V1/experiments/train_ibsn_bit_64/training_state/30000.state
    root: /workspace/EditGuard-V1
    experiments_root: /workspace/EditGuard-V1/experiments/train_ibsn_bit_64
    training_state: /workspace/EditGuard-V1/experiments/train_ibsn_bit_64/training_state
    log: /workspace/EditGuard-V1/experiments/train_ibsn_bit_64
    val_images: /workspace/EditGuard-V1/experiments/train_ibsn_bit_64/val_images
  ]
  train:[
    lr_G: 0.0001
    beta1: 0.9
    beta2: 0.5
    niter: 45000
    warmup_iter: -1
    lr_scheme: MultiStepLR
    lr_steps: [10000, 20000, 25000]
    lr_gamma: 0.5
    pixel_criterion_forw: l2
    pixel_criterion_back: l1
    manual_seed: 10
    val_freq: 500.0
    lambda_fit_forw: 1.0
    lambda_rec_back: 1
    lambda_center: 0
    lambda_msg: 100.0
    progressive: False
    weight_decay_G: 1e-12
    gradient_clipping: 10
  ]
  logger:[
    print_freq: 100
    save_checkpoint_freq: 500.0
  ]
  is_train: True
  dist: False

25-07-14 15:22:59.373 - INFO: Random seed: 10
2025-07-14 15:22:59,373 - INFO - Random seed: 10
train
25-07-14 15:22:59.379 - INFO: Temporal augmentation interval list: [1], with random reverse is False.
2025-07-14 15:22:59,379 - INFO - Temporal augmentation interval list: [1], with random reverse is False.
25-07-14 15:22:59.385 - INFO: Dataset [CoCoDataset - Vimeo90K] is created.
2025-07-14 15:22:59,385 - INFO - Dataset [CoCoDataset - Vimeo90K] is created.
25-07-14 15:22:59.385 - INFO: Number of train images: 16,000, iters: 500
2025-07-14 15:22:59,385 - INFO - Number of train images: 16,000, iters: 500
25-07-14 15:22:59.385 - INFO: Total epochs needed: 90 for iters 45,000
2025-07-14 15:22:59,385 - INFO - Total epochs needed: 90 for iters 45,000
test
25-07-14 15:22:59.385 - INFO: Dataset [imageTestDataset - Vid4] is created.
2025-07-14 15:22:59,385 - INFO - Dataset [imageTestDataset - Vid4] is created.
25-07-14 15:22:59.386 - INFO: Number of val images in [Vid4]: 100
2025-07-14 15:22:59,386 - INFO - Number of val images in [Vid4]: 100
SEAttention
SEAttention
SEAttention
SEAttention
SEAttention
SEAttention
SEAttention
SEAttention
SEAttention
SEAttention
SEAttention
SEAttention
25-07-14 15:23:01.566 - INFO: Network G structure: DataParallel - VSN, with parameters: 4,571,765
2025-07-14 15:23:01,566 - INFO - Network G structure: DataParallel - VSN, with parameters: 4,571,765
25-07-14 15:23:01.567 - INFO: VSN(
  (bitencoder): DW_Encoder(
    (conv1): ConvBlock(
      (layers): Sequential(
        (0): ConvINRelu(
          (layers): Sequential(
            (0): Conv2d(3, 16, kernel_size=(3, 3), stride=(1, 1), padding=(1, 1))
            (1): BatchNorm2d(16, eps=1e-05, momentum=0.1, affine=True, track_running_stats=True)
            (2): ReLU(inplace=True)
          )
        )
        (1): ConvINRelu(
          (layers): Sequential(
            (0): Conv2d(16, 16, kernel_size=(3, 3), stride=(1, 1), padding=(1, 1))
            (1): BatchNorm2d(16, eps=1e-05, momentum=0.1, affine=True, track_running_stats=True)
            (2): ReLU(inplace=True)
          )
        )
      )
    )
    (down1): Down(
      (layer): Sequential(
        (0): ConvBlock(
          (layers): Sequential(
            (0): ConvINRelu(
              (layers): Sequential(
                (0): Conv2d(16, 16, kernel_size=(3, 3), stride=(2, 2), padding=(1, 1))
                (1): BatchNorm2d(16, eps=1e-05, momentum=0.1, affine=True, track_running_stats=True)
                (2): ReLU(inplace=True)
              )
            )
          )
        )
        (1): ConvBlock(
          (layers): Sequential(
            (0): ConvINRelu(
              (layers): Sequential(
                (0): Conv2d(16, 32, kernel_size=(3, 3), stride=(1, 1), padding=(1, 1))
                (1): BatchNorm2d(32, eps=1e-05, momentum=0.1, affine=True, track_running_stats=True)
                (2): ReLU(inplace=True)
              )
            )
            (1): ConvINRelu(
              (layers): Sequential(
                (0): Conv2d(32, 32, kernel_size=(3, 3), stride=(1, 1), padding=(1, 1))
                (1): BatchNorm2d(32, eps=1e-05, momentum=0.1, affine=True, track_running_stats=True)
                (2): ReLU(inplace=True)
              )
            )
          )
        )
      )
    )
    (down2): Down(
      (layer): Sequential(
        (0): ConvBlock(
          (layers): Sequential(
            (0): ConvINRelu(
              (layers): Sequential(
                (0): Conv2d(32, 32, kernel_size=(3, 3), stride=(2, 2), padding=(1, 1))
                (1): BatchNorm2d(32, eps=1e-05, momentum=0.1, affine=True, track_running_stats=True)
                (2): ReLU(inplace=True)
              )
            )
          )
        )
        (1): ConvBlock(
          (layers): Sequential(
            (0): ConvINRelu(
              (layers): Sequential(
                (0): Conv2d(32, 64, kernel_size=(3, 3), stride=(1, 1), padding=(1, 1))
                (1): BatchNorm2d(64, eps=1e-05, momentum=0.1, affine=True, track_running_stats=True)
                (2): ReLU(inplace=True)
              )
            )
            (1): ConvINRelu(
              (layers): Sequential(
                (0): Conv2d(64, 64, kernel_size=(3, 3), stride=(1, 1), padding=(1, 1))
                (1): BatchNorm2d(64, eps=1e-05, momentum=0.1, affine=True, track_running_stats=True)
                (2): ReLU(inplace=True)
              )
            )
          )
        )
      )
    )
    (down3): Down(
      (layer): Sequential(
        (0): ConvBlock(
          (layers): Sequential(
            (0): ConvINRelu(
              (layers): Sequential(
                (0): Conv2d(64, 64, kernel_size=(3, 3), stride=(2, 2), padding=(1, 1))
                (1): BatchNorm2d(64, eps=1e-05, momentum=0.1, affine=True, track_running_stats=True)
                (2): ReLU(inplace=True)
              )
            )
          )
        )
        (1): ConvBlock(
          (layers): Sequential(
            (0): ConvINRelu(
              (layers): Sequential(
                (0): Conv2d(64, 128, kernel_size=(3, 3), stride=(1, 1), padding=(1, 1))
                (1): BatchNorm2d(128, eps=1e-05, momentum=0.1, affine=True, track_running_stats=True)
                (2): ReLU(inplace=True)
              )
            )
            (1): ConvINRelu(
              (layers): Sequential(
                (0): Conv2d(128, 128, kernel_size=(3, 3), stride=(1, 1), padding=(1, 1))
                (1): BatchNorm2d(128, eps=1e-05, momentum=0.1, affine=True, track_running_stats=True)
                (2): ReLU(inplace=True)
              )
            )
          )
        )
      )
    )
    (up2): UP(
      (conv): ConvBlock(
        (layers): Sequential(
          (0): ConvINRelu(
            (layers): Sequential(
              (0): Conv2d(128, 64, kernel_size=(3, 3), stride=(1, 1), padding=(1, 1))
              (1): BatchNorm2d(64, eps=1e-05, momentum=0.1, affine=True, track_running_stats=True)
              (2): ReLU(inplace=True)
            )
          )
        )
      )
    )
    (linear2): Linear(in_features=30, out_features=900, bias=True)
    (Conv_message2): ConvBlock(
      (layers): Sequential(
        (0): ConvINRelu(
          (layers): Sequential(
            (0): Conv2d(1, 64, kernel_size=(3, 3), stride=(1, 1), padding=(1, 1))
            (1): BatchNorm2d(64, eps=1e-05, momentum=0.1, affine=True, track_running_stats=True)
            (2): ReLU(inplace=True)
          )
        )
        (1): ConvINRelu(
          (layers): Sequential(
            (0): Conv2d(64, 64, kernel_size=(3, 3), stride=(1, 1), padding=(1, 1))
            (1): BatchNorm2d(64, eps=1e-05, momentum=0.1, affine=True, track_running_stats=True)
            (2): ReLU(inplace=True)
          )
        )
      )
    )
    (att2): ResBlock(
      (layers): Sequential(
        (0): BottleneckBlock(
          (change): Sequential(
            (0): Conv2d(192, 64, kernel_size=(1, 1), stride=(1, 1), bias=False)
            (1): BatchNorm2d(64, eps=1e-05, momentum=0.1, affine=True, track_running_stats=True)
          )
          (left): Sequential(
            (0): Conv2d(192, 64, kernel_size=(1, 1), stride=(1, 1), bias=False)
            (1): BatchNorm2d(64, eps=1e-05, momentum=0.1, affine=True, track_running_stats=True)
            (2): ReLU(inplace=True)
            (3): Conv2d(64, 64, kernel_size=(3, 3), stride=(1, 1), padding=(1, 1), bias=False)
            (4): BatchNorm2d(64, eps=1e-05, momentum=0.1, affine=True, track_running_stats=True)
            (5): ReLU(inplace=True)
            (6): Conv2d(64, 64, kernel_size=(1, 1), stride=(1, 1), bias=False)
            (7): BatchNorm2d(64, eps=1e-05, momentum=0.1, affine=True, track_running_stats=True)
          )
          (attention): SEAttention(
            (se): Sequential(
              (0): AdaptiveAvgPool2d(output_size=(1, 1))
              (1): Conv2d(64, 8, kernel_size=(1, 1), stride=(1, 1), bias=False)
              (2): ReLU(inplace=True)
              (3): Conv2d(8, 64, kernel_size=(1, 1), stride=(1, 1), bias=False)
              (4): Sigmoid()
            )
          )
        )
        (1): BottleneckBlock(
          (left): Sequential(
            (0): Conv2d(64, 64, kernel_size=(1, 1), stride=(1, 1), bias=False)
            (1): BatchNorm2d(64, eps=1e-05, momentum=0.1, affine=True, track_running_stats=True)
            (2): ReLU(inplace=True)
            (3): Conv2d(64, 64, kernel_size=(3, 3), stride=(1, 1), padding=(1, 1), bias=False)
            (4): BatchNorm2d(64, eps=1e-05, momentum=0.1, affine=True, track_running_stats=True)
            (5): ReLU(inplace=True)
            (6): Conv2d(64, 64, kernel_size=(1, 1), stride=(1, 1), bias=False)
            (7): BatchNorm2d(64, eps=1e-05, momentum=0.1, affine=True, track_running_stats=True)
          )
          (attention): SEAttention(
            (se): Sequential(
              (0): AdaptiveAvgPool2d(output_size=(1, 1))
              (1): Conv2d(64, 8, kernel_size=(1, 1), stride=(1, 1), bias=False)
              (2): ReLU(inplace=True)
              (3): Conv2d(8, 64, kernel_size=(1, 1), stride=(1, 1), bias=False)
              (4): Sigmoid()
            )
          )
        )
      )
    )
    (up1): UP(
      (conv): ConvBlock(
        (layers): Sequential(
          (0): ConvINRelu(
            (layers): Sequential(
              (0): Conv2d(64, 32, kernel_size=(3, 3), stride=(1, 1), padding=(1, 1))
              (1): BatchNorm2d(32, eps=1e-05, momentum=0.1, affine=True, track_running_stats=True)
              (2): ReLU(inplace=True)
            )
          )
        )
      )
    )
    (linear1): Linear(in_features=30, out_features=900, bias=True)
    (Conv_message1): ConvBlock(
      (layers): Sequential(
        (0): ConvINRelu(
          (layers): Sequential(
            (0): Conv2d(1, 64, kernel_size=(3, 3), stride=(1, 1), padding=(1, 1))
            (1): BatchNorm2d(64, eps=1e-05, momentum=0.1, affine=True, track_running_stats=True)
            (2): ReLU(inplace=True)
          )
        )
        (1): ConvINRelu(
          (layers): Sequential(
            (0): Conv2d(64, 64, kernel_size=(3, 3), stride=(1, 1), padding=(1, 1))
            (1): BatchNorm2d(64, eps=1e-05, momentum=0.1, affine=True, track_running_stats=True)
            (2): ReLU(inplace=True)
          )
        )
      )
    )
    (att1): ResBlock(
      (layers): Sequential(
        (0): BottleneckBlock(
          (change): Sequential(
            (0): Conv2d(128, 32, kernel_size=(1, 1), stride=(1, 1), bias=False)
            (1): BatchNorm2d(32, eps=1e-05, momentum=0.1, affine=True, track_running_stats=True)
          )
          (left): Sequential(
            (0): Conv2d(128, 32, kernel_size=(1, 1), stride=(1, 1), bias=False)
            (1): BatchNorm2d(32, eps=1e-05, momentum=0.1, affine=True, track_running_stats=True)
            (2): ReLU(inplace=True)
            (3): Conv2d(32, 32, kernel_size=(3, 3), stride=(1, 1), padding=(1, 1), bias=False)
            (4): BatchNorm2d(32, eps=1e-05, momentum=0.1, affine=True, track_running_stats=True)
            (5): ReLU(inplace=True)
            (6): Conv2d(32, 32, kernel_size=(1, 1), stride=(1, 1), bias=False)
            (7): BatchNorm2d(32, eps=1e-05, momentum=0.1, affine=True, track_running_stats=True)
          )
          (attention): SEAttention(
            (se): Sequential(
              (0): AdaptiveAvgPool2d(output_size=(1, 1))
              (1): Conv2d(32, 4, kernel_size=(1, 1), stride=(1, 1), bias=False)
              (2): ReLU(inplace=True)
              (3): Conv2d(4, 32, kernel_size=(1, 1), stride=(1, 1), bias=False)
              (4): Sigmoid()
            )
          )
        )
        (1): BottleneckBlock(
          (left): Sequential(
            (0): Conv2d(32, 32, kernel_size=(1, 1), stride=(1, 1), bias=False)
            (1): BatchNorm2d(32, eps=1e-05, momentum=0.1, affine=True, track_running_stats=True)
            (2): ReLU(inplace=True)
            (3): Conv2d(32, 32, kernel_size=(3, 3), stride=(1, 1), padding=(1, 1), bias=False)
            (4): BatchNorm2d(32, eps=1e-05, momentum=0.1, affine=True, track_running_stats=True)
            (5): ReLU(inplace=True)
            (6): Conv2d(32, 32, kernel_size=(1, 1), stride=(1, 1), bias=False)
            (7): BatchNorm2d(32, eps=1e-05, momentum=0.1, affine=True, track_running_stats=True)
          )
          (attention): SEAttention(
            (se): Sequential(
              (0): AdaptiveAvgPool2d(output_size=(1, 1))
              (1): Conv2d(32, 4, kernel_size=(1, 1), stride=(1, 1), bias=False)
              (2): ReLU(inplace=True)
              (3): Conv2d(4, 32, kernel_size=(1, 1), stride=(1, 1), bias=False)
              (4): Sigmoid()
            )
          )
        )
      )
    )
    (up0): UP(
      (conv): ConvBlock(
        (layers): Sequential(
          (0): ConvINRelu(
            (layers): Sequential(
              (0): Conv2d(32, 16, kernel_size=(3, 3), stride=(1, 1), padding=(1, 1))
              (1): BatchNorm2d(16, eps=1e-05, momentum=0.1, affine=True, track_running_stats=True)
              (2): ReLU(inplace=True)
            )
          )
        )
      )
    )
    (linear0): Linear(in_features=30, out_features=900, bias=True)
    (Conv_message0): ConvBlock(
      (layers): Sequential(
        (0): ConvINRelu(
          (layers): Sequential(
            (0): Conv2d(1, 64, kernel_size=(3, 3), stride=(1, 1), padding=(1, 1))
            (1): BatchNorm2d(64, eps=1e-05, momentum=0.1, affine=True, track_running_stats=True)
            (2): ReLU(inplace=True)
          )
        )
        (1): ConvINRelu(
          (layers): Sequential(
            (0): Conv2d(64, 64, kernel_size=(3, 3), stride=(1, 1), padding=(1, 1))
            (1): BatchNorm2d(64, eps=1e-05, momentum=0.1, affine=True, track_running_stats=True)
            (2): ReLU(inplace=True)
          )
        )
      )
    )
    (att0): ResBlock(
      (layers): Sequential(
        (0): BottleneckBlock(
          (change): Sequential(
            (0): Conv2d(96, 16, kernel_size=(1, 1), stride=(1, 1), bias=False)
            (1): BatchNorm2d(16, eps=1e-05, momentum=0.1, affine=True, track_running_stats=True)
          )
          (left): Sequential(
            (0): Conv2d(96, 16, kernel_size=(1, 1), stride=(1, 1), bias=False)
            (1): BatchNorm2d(16, eps=1e-05, momentum=0.1, affine=True, track_running_stats=True)
            (2): ReLU(inplace=True)
            (3): Conv2d(16, 16, kernel_size=(3, 3), stride=(1, 1), padding=(1, 1), bias=False)
            (4): BatchNorm2d(16, eps=1e-05, momentum=0.1, affine=True, track_running_stats=True)
            (5): ReLU(inplace=True)
            (6): Conv2d(16, 16, kernel_size=(1, 1), stride=(1, 1), bias=False)
            (7): BatchNorm2d(16, eps=1e-05, momentum=0.1, affine=True, track_running_stats=True)
          )
          (attention): SEAttention(
            (se): Sequential(
              (0): AdaptiveAvgPool2d(output_size=(1, 1))
              (1): Conv2d(16, 2, kernel_size=(1, 1), stride=(1, 1), bias=False)
              (2): ReLU(inplace=True)
              (3): Conv2d(2, 16, kernel_size=(1, 1), stride=(1, 1), bias=False)
              (4): Sigmoid()
            )
          )
        )
        (1): BottleneckBlock(
          (left): Sequential(
            (0): Conv2d(16, 16, kernel_size=(1, 1), stride=(1, 1), bias=False)
            (1): BatchNorm2d(16, eps=1e-05, momentum=0.1, affine=True, track_running_stats=True)
            (2): ReLU(inplace=True)
            (3): Conv2d(16, 16, kernel_size=(3, 3), stride=(1, 1), padding=(1, 1), bias=False)
            (4): BatchNorm2d(16, eps=1e-05, momentum=0.1, affine=True, track_running_stats=True)
            (5): ReLU(inplace=True)
            (6): Conv2d(16, 16, kernel_size=(1, 1), stride=(1, 1), bias=False)
            (7): BatchNorm2d(16, eps=1e-05, momentum=0.1, affine=True, track_running_stats=True)
          )
          (attention): SEAttention(
            (se): Sequential(
              (0): AdaptiveAvgPool2d(output_size=(1, 1))
              (1): Conv2d(16, 2, kernel_size=(1, 1), stride=(1, 1), bias=False)
              (2): ReLU(inplace=True)
              (3): Conv2d(2, 16, kernel_size=(1, 1), stride=(1, 1), bias=False)
              (4): Sigmoid()
            )
          )
        )
      )
    )
    (Conv_1x1): Conv2d(19, 3, kernel_size=(1, 1), stride=(1, 1))
  )
  (bitdecoder): DW_Decoder(
    (conv1): ConvBlock(
      (layers): Sequential(
        (0): ConvINRelu(
          (layers): Sequential(
            (0): Conv2d(3, 16, kernel_size=(3, 3), stride=(1, 1), padding=(1, 1))
            (1): BatchNorm2d(16, eps=1e-05, momentum=0.1, affine=True, track_running_stats=True)
            (2): ReLU(inplace=True)
          )
        )
        (1): ConvINRelu(
          (layers): Sequential(
            (0): Conv2d(16, 16, kernel_size=(3, 3), stride=(1, 1), padding=(1, 1))
            (1): BatchNorm2d(16, eps=1e-05, momentum=0.1, affine=True, track_running_stats=True)
            (2): ReLU(inplace=True)
          )
        )
      )
    )
    (down1): Down(
      (layer): Sequential(
        (0): ConvBlock(
          (layers): Sequential(
            (0): ConvINRelu(
              (layers): Sequential(
                (0): Conv2d(16, 16, kernel_size=(3, 3), stride=(2, 2), padding=(1, 1))
                (1): BatchNorm2d(16, eps=1e-05, momentum=0.1, affine=True, track_running_stats=True)
                (2): ReLU(inplace=True)
              )
            )
          )
        )
        (1): ConvBlock(
          (layers): Sequential(
            (0): ConvINRelu(
              (layers): Sequential(
                (0): Conv2d(16, 32, kernel_size=(3, 3), stride=(1, 1), padding=(1, 1))
                (1): BatchNorm2d(32, eps=1e-05, momentum=0.1, affine=True, track_running_stats=True)
                (2): ReLU(inplace=True)
              )
            )
            (1): ConvINRelu(
              (layers): Sequential(
                (0): Conv2d(32, 32, kernel_size=(3, 3), stride=(1, 1), padding=(1, 1))
                (1): BatchNorm2d(32, eps=1e-05, momentum=0.1, affine=True, track_running_stats=True)
                (2): ReLU(inplace=True)
              )
            )
          )
        )
      )
    )
    (down2): Down(
      (layer): Sequential(
        (0): ConvBlock(
          (layers): Sequential(
            (0): ConvINRelu(
              (layers): Sequential(
                (0): Conv2d(32, 32, kernel_size=(3, 3), stride=(2, 2), padding=(1, 1))
                (1): BatchNorm2d(32, eps=1e-05, momentum=0.1, affine=True, track_running_stats=True)
                (2): ReLU(inplace=True)
              )
            )
          )
        )
        (1): ConvBlock(
          (layers): Sequential(
            (0): ConvINRelu(
              (layers): Sequential(
                (0): Conv2d(32, 64, kernel_size=(3, 3), stride=(1, 1), padding=(1, 1))
                (1): BatchNorm2d(64, eps=1e-05, momentum=0.1, affine=True, track_running_stats=True)
                (2): ReLU(inplace=True)
              )
            )
            (1): ConvINRelu(
              (layers): Sequential(
                (0): Conv2d(64, 64, kernel_size=(3, 3), stride=(1, 1), padding=(1, 1))
                (1): BatchNorm2d(64, eps=1e-05, momentum=0.1, affine=True, track_running_stats=True)
                (2): ReLU(inplace=True)
              )
            )
          )
        )
      )
    )
    (down3): Down(
      (layer): Sequential(
        (0): ConvBlock(
          (layers): Sequential(
            (0): ConvINRelu(
              (layers): Sequential(
                (0): Conv2d(64, 64, kernel_size=(3, 3), stride=(2, 2), padding=(1, 1))
                (1): BatchNorm2d(64, eps=1e-05, momentum=0.1, affine=True, track_running_stats=True)
                (2): ReLU(inplace=True)
              )
            )
          )
        )
        (1): ConvBlock(
          (layers): Sequential(
            (0): ConvINRelu(
              (layers): Sequential(
                (0): Conv2d(64, 128, kernel_size=(3, 3), stride=(1, 1), padding=(1, 1))
                (1): BatchNorm2d(128, eps=1e-05, momentum=0.1, affine=True, track_running_stats=True)
                (2): ReLU(inplace=True)
              )
            )
            (1): ConvINRelu(
              (layers): Sequential(
                (0): Conv2d(128, 128, kernel_size=(3, 3), stride=(1, 1), padding=(1, 1))
                (1): BatchNorm2d(128, eps=1e-05, momentum=0.1, affine=True, track_running_stats=True)
                (2): ReLU(inplace=True)
              )
            )
          )
        )
      )
    )
    (up2): UP(
      (conv): ConvBlock(
        (layers): Sequential(
          (0): ConvINRelu(
            (layers): Sequential(
              (0): Conv2d(128, 64, kernel_size=(3, 3), stride=(1, 1), padding=(1, 1))
              (1): BatchNorm2d(64, eps=1e-05, momentum=0.1, affine=True, track_running_stats=True)
              (2): ReLU(inplace=True)
            )
          )
        )
      )
    )
    (att2): ResBlock(
      (layers): Sequential(
        (0): BottleneckBlock(
          (change): Sequential(
            (0): Conv2d(128, 64, kernel_size=(1, 1), stride=(1, 1), bias=False)
            (1): BatchNorm2d(64, eps=1e-05, momentum=0.1, affine=True, track_running_stats=True)
          )
          (left): Sequential(
            (0): Conv2d(128, 64, kernel_size=(1, 1), stride=(1, 1), bias=False)
            (1): BatchNorm2d(64, eps=1e-05, momentum=0.1, affine=True, track_running_stats=True)
            (2): ReLU(inplace=True)
            (3): Conv2d(64, 64, kernel_size=(3, 3), stride=(1, 1), padding=(1, 1), bias=False)
            (4): BatchNorm2d(64, eps=1e-05, momentum=0.1, affine=True, track_running_stats=True)
            (5): ReLU(inplace=True)
            (6): Conv2d(64, 64, kernel_size=(1, 1), stride=(1, 1), bias=False)
            (7): BatchNorm2d(64, eps=1e-05, momentum=0.1, affine=True, track_running_stats=True)
          )
          (attention): SEAttention(
            (se): Sequential(
              (0): AdaptiveAvgPool2d(output_size=(1, 1))
              (1): Conv2d(64, 8, kernel_size=(1, 1), stride=(1, 1), bias=False)
              (2): ReLU(inplace=True)
              (3): Conv2d(8, 64, kernel_size=(1, 1), stride=(1, 1), bias=False)
              (4): Sigmoid()
            )
          )
        )
        (1): BottleneckBlock(
          (left): Sequential(
            (0): Conv2d(64, 64, kernel_size=(1, 1), stride=(1, 1), bias=False)
            (1): BatchNorm2d(64, eps=1e-05, momentum=0.1, affine=True, track_running_stats=True)
            (2): ReLU(inplace=True)
            (3): Conv2d(64, 64, kernel_size=(3, 3), stride=(1, 1), padding=(1, 1), bias=False)
            (4): BatchNorm2d(64, eps=1e-05, momentum=0.1, affine=True, track_running_stats=True)
            (5): ReLU(inplace=True)
            (6): Conv2d(64, 64, kernel_size=(1, 1), stride=(1, 1), bias=False)
            (7): BatchNorm2d(64, eps=1e-05, momentum=0.1, affine=True, track_running_stats=True)
          )
          (attention): SEAttention(
            (se): Sequential(
              (0): AdaptiveAvgPool2d(output_size=(1, 1))
              (1): Conv2d(64, 8, kernel_size=(1, 1), stride=(1, 1), bias=False)
              (2): ReLU(inplace=True)
              (3): Conv2d(8, 64, kernel_size=(1, 1), stride=(1, 1), bias=False)
              (4): Sigmoid()
            )
          )
        )
      )
    )
    (up1): UP(
      (conv): ConvBlock(
        (layers): Sequential(
          (0): ConvINRelu(
            (layers): Sequential(
              (0): Conv2d(64, 32, kernel_size=(3, 3), stride=(1, 1), padding=(1, 1))
              (1): BatchNorm2d(32, eps=1e-05, momentum=0.1, affine=True, track_running_stats=True)
              (2): ReLU(inplace=True)
            )
          )
        )
      )
    )
    (att1): ResBlock(
      (layers): Sequential(
        (0): BottleneckBlock(
          (change): Sequential(
            (0): Conv2d(64, 32, kernel_size=(1, 1), stride=(1, 1), bias=False)
            (1): BatchNorm2d(32, eps=1e-05, momentum=0.1, affine=True, track_running_stats=True)
          )
          (left): Sequential(
            (0): Conv2d(64, 32, kernel_size=(1, 1), stride=(1, 1), bias=False)
            (1): BatchNorm2d(32, eps=1e-05, momentum=0.1, affine=True, track_running_stats=True)
            (2): ReLU(inplace=True)
            (3): Conv2d(32, 32, kernel_size=(3, 3), stride=(1, 1), padding=(1, 1), bias=False)
            (4): BatchNorm2d(32, eps=1e-05, momentum=0.1, affine=True, track_running_stats=True)
            (5): ReLU(inplace=True)
            (6): Conv2d(32, 32, kernel_size=(1, 1), stride=(1, 1), bias=False)
            (7): BatchNorm2d(32, eps=1e-05, momentum=0.1, affine=True, track_running_stats=True)
          )
          (attention): SEAttention(
            (se): Sequential(
              (0): AdaptiveAvgPool2d(output_size=(1, 1))
              (1): Conv2d(32, 4, kernel_size=(1, 1), stride=(1, 1), bias=False)
              (2): ReLU(inplace=True)
              (3): Conv2d(4, 32, kernel_size=(1, 1), stride=(1, 1), bias=False)
              (4): Sigmoid()
            )
          )
        )
        (1): BottleneckBlock(
          (left): Sequential(
            (0): Conv2d(32, 32, kernel_size=(1, 1), stride=(1, 1), bias=False)
            (1): BatchNorm2d(32, eps=1e-05, momentum=0.1, affine=True, track_running_stats=True)
            (2): ReLU(inplace=True)
            (3): Conv2d(32, 32, kernel_size=(3, 3), stride=(1, 1), padding=(1, 1), bias=False)
            (4): BatchNorm2d(32, eps=1e-05, momentum=0.1, affine=True, track_running_stats=True)
            (5): ReLU(inplace=True)
            (6): Conv2d(32, 32, kernel_size=(1, 1), stride=(1, 1), bias=False)
            (7): BatchNorm2d(32, eps=1e-05, momentum=0.1, affine=True, track_running_stats=True)
          )
          (attention): SEAttention(
            (se): Sequential(
              (0): AdaptiveAvgPool2d(output_size=(1, 1))
              (1): Conv2d(32, 4, kernel_size=(1, 1), stride=(1, 1), bias=False)
              (2): ReLU(inplace=True)
              (3): Conv2d(4, 32, kernel_size=(1, 1), stride=(1, 1), bias=False)
              (4): Sigmoid()
            )
          )
        )
      )
    )
    (up0): UP(
      (conv): ConvBlock(
        (layers): Sequential(
          (0): ConvINRelu(
            (layers): Sequential(
              (0): Conv2d(32, 16, kernel_size=(3, 3), stride=(1, 1), padding=(1, 1))
              (1): BatchNorm2d(16, eps=1e-05, momentum=0.1, affine=True, track_running_stats=True)
              (2): ReLU(inplace=True)
            )
          )
        )
      )
    )
    (att0): ResBlock(
      (layers): Sequential(
        (0): BottleneckBlock(
          (change): Sequential(
            (0): Conv2d(32, 16, kernel_size=(1, 1), stride=(1, 1), bias=False)
            (1): BatchNorm2d(16, eps=1e-05, momentum=0.1, affine=True, track_running_stats=True)
          )
          (left): Sequential(
            (0): Conv2d(32, 16, kernel_size=(1, 1), stride=(1, 1), bias=False)
            (1): BatchNorm2d(16, eps=1e-05, momentum=0.1, affine=True, track_running_stats=True)
            (2): ReLU(inplace=True)
            (3): Conv2d(16, 16, kernel_size=(3, 3), stride=(1, 1), padding=(1, 1), bias=False)
            (4): BatchNorm2d(16, eps=1e-05, momentum=0.1, affine=True, track_running_stats=True)
            (5): ReLU(inplace=True)
            (6): Conv2d(16, 16, kernel_size=(1, 1), stride=(1, 1), bias=False)
            (7): BatchNorm2d(16, eps=1e-05, momentum=0.1, affine=True, track_running_stats=True)
          )
          (attention): SEAttention(
            (se): Sequential(
              (0): AdaptiveAvgPool2d(output_size=(1, 1))
              (1): Conv2d(16, 2, kernel_size=(1, 1), stride=(1, 1), bias=False)
              (2): ReLU(inplace=True)
              (3): Conv2d(2, 16, kernel_size=(1, 1), stride=(1, 1), bias=False)
              (4): Sigmoid()
            )
          )
        )
        (1): BottleneckBlock(
          (left): Sequential(
            (0): Conv2d(16, 16, kernel_size=(1, 1), stride=(1, 1), bias=False)
            (1): BatchNorm2d(16, eps=1e-05, momentum=0.1, affine=True, track_running_stats=True)
            (2): ReLU(inplace=True)
            (3): Conv2d(16, 16, kernel_size=(3, 3), stride=(1, 1), padding=(1, 1), bias=False)
            (4): BatchNorm2d(16, eps=1e-05, momentum=0.1, affine=True, track_running_stats=True)
            (5): ReLU(inplace=True)
            (6): Conv2d(16, 16, kernel_size=(1, 1), stride=(1, 1), bias=False)
            (7): BatchNorm2d(16, eps=1e-05, momentum=0.1, affine=True, track_running_stats=True)
          )
          (attention): SEAttention(
            (se): Sequential(
              (0): AdaptiveAvgPool2d(output_size=(1, 1))
              (1): Conv2d(16, 2, kernel_size=(1, 1), stride=(1, 1), bias=False)
              (2): ReLU(inplace=True)
              (3): Conv2d(2, 16, kernel_size=(1, 1), stride=(1, 1), bias=False)
              (4): Sigmoid()
            )
          )
        )
      )
    )
    (Conv_1x1): Conv2d(16, 1, kernel_size=(1, 1), stride=(1, 1), bias=False)
    (message_layer): Linear(in_features=900, out_features=30, bias=True)
  )
  (irn): InvNN(
    (operations): ModuleList(
      (0-11): 12 x InvBlock(
        (F): DenseBlock(
          (conv1): Conv2d(12, 32, kernel_size=(3, 3), stride=(1, 1), padding=(1, 1))
          (conv2): Conv2d(44, 32, kernel_size=(3, 3), stride=(1, 1), padding=(1, 1))
          (conv3): Conv2d(76, 32, kernel_size=(3, 3), stride=(1, 1), padding=(1, 1))
          (conv4): Conv2d(108, 32, kernel_size=(3, 3), stride=(1, 1), padding=(1, 1))
          (conv5): Conv2d(140, 12, kernel_size=(3, 3), stride=(1, 1), padding=(1, 1))
          (lrelu): LeakyReLU(negative_slope=0.2, inplace=True)
        )
        (NF): NAFBlock(
          (conv1): Conv2d(12, 24, kernel_size=(1, 1), stride=(1, 1))
          (conv2): Conv2d(24, 24, kernel_size=(3, 3), stride=(1, 1), padding=(1, 1), groups=24)
          (conv3): Conv2d(12, 12, kernel_size=(1, 1), stride=(1, 1))
          (sca): Sequential(
            (0): AdaptiveAvgPool2d(output_size=1)
            (1): Conv2d(12, 12, kernel_size=(1, 1), stride=(1, 1))
          )
          (sg): SimpleGate()
          (conv4): Conv2d(12, 24, kernel_size=(1, 1), stride=(1, 1))
          (conv5): Conv2d(12, 12, kernel_size=(1, 1), stride=(1, 1))
          (norm1): LayerNorm2d()
          (norm2): LayerNorm2d()
          (dropout1): Identity()
          (dropout2): Identity()
        )
        (G): DenseBlock(
          (conv1): Conv2d(12, 32, kernel_size=(3, 3), stride=(1, 1), padding=(1, 1))
          (conv2): Conv2d(44, 32, kernel_size=(3, 3), stride=(1, 1), padding=(1, 1))
          (conv3): Conv2d(76, 32, kernel_size=(3, 3), stride=(1, 1), padding=(1, 1))
          (conv4): Conv2d(108, 32, kernel_size=(3, 3), stride=(1, 1), padding=(1, 1))
          (conv5): Conv2d(140, 12, kernel_size=(3, 3), stride=(1, 1), padding=(1, 1))
          (lrelu): LeakyReLU(negative_slope=0.2, inplace=True)
        )
        (NG): NAFBlock(
          (conv1): Conv2d(12, 24, kernel_size=(1, 1), stride=(1, 1))
          (conv2): Conv2d(24, 24, kernel_size=(3, 3), stride=(1, 1), padding=(1, 1), groups=24)
          (conv3): Conv2d(12, 12, kernel_size=(1, 1), stride=(1, 1))
          (sca): Sequential(
            (0): AdaptiveAvgPool2d(output_size=1)
            (1): Conv2d(12, 12, kernel_size=(1, 1), stride=(1, 1))
          )
          (sg): SimpleGate()
          (conv4): Conv2d(12, 24, kernel_size=(1, 1), stride=(1, 1))
          (conv5): Conv2d(12, 12, kernel_size=(1, 1), stride=(1, 1))
          (norm1): LayerNorm2d()
          (norm2): LayerNorm2d()
          (dropout1): Identity()
          (dropout2): Identity()
        )
        (H): DenseBlock(
          (conv1): Conv2d(12, 32, kernel_size=(3, 3), stride=(1, 1), padding=(1, 1))
          (conv2): Conv2d(44, 32, kernel_size=(3, 3), stride=(1, 1), padding=(1, 1))
          (conv3): Conv2d(76, 32, kernel_size=(3, 3), stride=(1, 1), padding=(1, 1))
          (conv4): Conv2d(108, 32, kernel_size=(3, 3), stride=(1, 1), padding=(1, 1))
          (conv5): Conv2d(140, 12, kernel_size=(3, 3), stride=(1, 1), padding=(1, 1))
          (lrelu): LeakyReLU(negative_slope=0.2, inplace=True)
        )
        (NH): NAFBlock(
          (conv1): Conv2d(12, 24, kernel_size=(1, 1), stride=(1, 1))
          (conv2): Conv2d(24, 24, kernel_size=(3, 3), stride=(1, 1), padding=(1, 1), groups=24)
          (conv3): Conv2d(12, 12, kernel_size=(1, 1), stride=(1, 1))
          (sca): Sequential(
            (0): AdaptiveAvgPool2d(output_size=1)
            (1): Conv2d(12, 12, kernel_size=(1, 1), stride=(1, 1))
          )
          (sg): SimpleGate()
          (conv4): Conv2d(12, 24, kernel_size=(1, 1), stride=(1, 1))
          (conv5): Conv2d(12, 12, kernel_size=(1, 1), stride=(1, 1))
          (norm1): LayerNorm2d()
          (norm2): LayerNorm2d()
          (dropout1): Identity()
          (dropout2): Identity()
        )
      )
    )
  )
  (pm): PredictiveModuleMIMO_prompt(
    (conv_in): Conv2d(12, 12, kernel_size=(3, 3), stride=(1, 1), padding=(1, 1))
    (res_block): Sequential(
      (0): ResidualBlockNoBN(
        (conv1): Conv2d(12, 12, kernel_size=(3, 3), stride=(1, 1), padding=(1, 1))
        (conv2): Conv2d(12, 12, kernel_size=(3, 3), stride=(1, 1), padding=(1, 1))
        (relu): LeakyReLU(negative_slope=0.2, inplace=True)
      )
      (1): ResidualBlockNoBN(
        (conv1): Conv2d(12, 12, kernel_size=(3, 3), stride=(1, 1), padding=(1, 1))
        (conv2): Conv2d(12, 12, kernel_size=(3, 3), stride=(1, 1), padding=(1, 1))
        (relu): LeakyReLU(negative_slope=0.2, inplace=True)
      )
      (2): ResidualBlockNoBN(
        (conv1): Conv2d(12, 12, kernel_size=(3, 3), stride=(1, 1), padding=(1, 1))
        (conv2): Conv2d(12, 12, kernel_size=(3, 3), stride=(1, 1), padding=(1, 1))
        (relu): LeakyReLU(negative_slope=0.2, inplace=True)
      )
      (3): ResidualBlockNoBN(
        (conv1): Conv2d(12, 12, kernel_size=(3, 3), stride=(1, 1), padding=(1, 1))
        (conv2): Conv2d(12, 12, kernel_size=(3, 3), stride=(1, 1), padding=(1, 1))
        (relu): LeakyReLU(negative_slope=0.2, inplace=True)
      )
      (4): ResidualBlockNoBN(
        (conv1): Conv2d(12, 12, kernel_size=(3, 3), stride=(1, 1), padding=(1, 1))
        (conv2): Conv2d(12, 12, kernel_size=(3, 3), stride=(1, 1), padding=(1, 1))
        (relu): LeakyReLU(negative_slope=0.2, inplace=True)
      )
      (5): ResidualBlockNoBN(
        (conv1): Conv2d(12, 12, kernel_size=(3, 3), stride=(1, 1), padding=(1, 1))
        (conv2): Conv2d(12, 12, kernel_size=(3, 3), stride=(1, 1), padding=(1, 1))
        (relu): LeakyReLU(negative_slope=0.2, inplace=True)
      )
      (6): ResidualBlockNoBN(
        (conv1): Conv2d(12, 12, kernel_size=(3, 3), stride=(1, 1), padding=(1, 1))
        (conv2): Conv2d(12, 12, kernel_size=(3, 3), stride=(1, 1), padding=(1, 1))
        (relu): LeakyReLU(negative_slope=0.2, inplace=True)
      )
      (7): ResidualBlockNoBN(
        (conv1): Conv2d(12, 12, kernel_size=(3, 3), stride=(1, 1), padding=(1, 1))
        (conv2): Conv2d(12, 12, kernel_size=(3, 3), stride=(1, 1), padding=(1, 1))
        (relu): LeakyReLU(negative_slope=0.2, inplace=True)
      )
    )
    (transformer_block): Sequential(
      (0): TransformerBlock(
        (norm1): LayerNorm(
          (body): WithBias_LayerNorm()
        )
        (attn): Attention(
          (qkv): Conv2d(12, 36, kernel_size=(1, 1), stride=(1, 1), bias=False)
          (qkv_dwconv): Conv2d(36, 36, kernel_size=(3, 3), stride=(1, 1), padding=(1, 1), groups=36, bias=False)
          (project_out): Conv2d(12, 12, kernel_size=(1, 1), stride=(1, 1), bias=False)
        )
        (norm2): LayerNorm(
          (body): WithBias_LayerNorm()
        )
        (ffn): FeedForward(
          (project_in): Conv2d(12, 96, kernel_size=(1, 1), stride=(1, 1), bias=False)
          (dwconv): Conv2d(96, 96, kernel_size=(3, 3), stride=(1, 1), padding=(1, 1), groups=96, bias=False)
          (project_out): Conv2d(48, 12, kernel_size=(1, 1), stride=(1, 1), bias=False)
        )
      )
      (1): TransformerBlock(
        (norm1): LayerNorm(
          (body): WithBias_LayerNorm()
        )
        (attn): Attention(
          (qkv): Conv2d(12, 36, kernel_size=(1, 1), stride=(1, 1), bias=False)
          (qkv_dwconv): Conv2d(36, 36, kernel_size=(3, 3), stride=(1, 1), padding=(1, 1), groups=36, bias=False)
          (project_out): Conv2d(12, 12, kernel_size=(1, 1), stride=(1, 1), bias=False)
        )
        (norm2): LayerNorm(
          (body): WithBias_LayerNorm()
        )
        (ffn): FeedForward(
          (project_in): Conv2d(12, 96, kernel_size=(1, 1), stride=(1, 1), bias=False)
          (dwconv): Conv2d(96, 96, kernel_size=(3, 3), stride=(1, 1), padding=(1, 1), groups=96, bias=False)
          (project_out): Conv2d(48, 12, kernel_size=(1, 1), stride=(1, 1), bias=False)
        )
      )
      (2): TransformerBlock(
        (norm1): LayerNorm(
          (body): WithBias_LayerNorm()
        )
        (attn): Attention(
          (qkv): Conv2d(12, 36, kernel_size=(1, 1), stride=(1, 1), bias=False)
          (qkv_dwconv): Conv2d(36, 36, kernel_size=(3, 3), stride=(1, 1), padding=(1, 1), groups=36, bias=False)
          (project_out): Conv2d(12, 12, kernel_size=(1, 1), stride=(1, 1), bias=False)
        )
        (norm2): LayerNorm(
          (body): WithBias_LayerNorm()
        )
        (ffn): FeedForward(
          (project_in): Conv2d(12, 96, kernel_size=(1, 1), stride=(1, 1), bias=False)
          (dwconv): Conv2d(96, 96, kernel_size=(3, 3), stride=(1, 1), padding=(1, 1), groups=96, bias=False)
          (project_out): Conv2d(48, 12, kernel_size=(1, 1), stride=(1, 1), bias=False)
        )
      )
      (3): TransformerBlock(
        (norm1): LayerNorm(
          (body): WithBias_LayerNorm()
        )
        (attn): Attention(
          (qkv): Conv2d(12, 36, kernel_size=(1, 1), stride=(1, 1), bias=False)
          (qkv_dwconv): Conv2d(36, 36, kernel_size=(3, 3), stride=(1, 1), padding=(1, 1), groups=36, bias=False)
          (project_out): Conv2d(12, 12, kernel_size=(1, 1), stride=(1, 1), bias=False)
        )
        (norm2): LayerNorm(
          (body): WithBias_LayerNorm()
        )
        (ffn): FeedForward(
          (project_in): Conv2d(12, 96, kernel_size=(1, 1), stride=(1, 1), bias=False)
          (dwconv): Conv2d(96, 96, kernel_size=(3, 3), stride=(1, 1), padding=(1, 1), groups=96, bias=False)
          (project_out): Conv2d(48, 12, kernel_size=(1, 1), stride=(1, 1), bias=False)
        )
      )
    )
    (prompt): PromptGenBlock(
      (linear_layer): Linear(in_features=12, out_features=3, bias=True)
      (conv3x3): Conv2d(12, 12, kernel_size=(3, 3), stride=(1, 1), padding=(1, 1), bias=False)
    )
    (fuse): Conv2d(24, 12, kernel_size=(3, 3), stride=(1, 1), padding=(1, 1))
  )
)
2025-07-14 15:23:01,567 - INFO - VSN(
  (bitencoder): DW_Encoder(
    (conv1): ConvBlock(
      (layers): Sequential(
        (0): ConvINRelu(
          (layers): Sequential(
            (0): Conv2d(3, 16, kernel_size=(3, 3), stride=(1, 1), padding=(1, 1))
            (1): BatchNorm2d(16, eps=1e-05, momentum=0.1, affine=True, track_running_stats=True)
            (2): ReLU(inplace=True)
          )
        )
        (1): ConvINRelu(
          (layers): Sequential(
            (0): Conv2d(16, 16, kernel_size=(3, 3), stride=(1, 1), padding=(1, 1))
            (1): BatchNorm2d(16, eps=1e-05, momentum=0.1, affine=True, track_running_stats=True)
            (2): ReLU(inplace=True)
          )
        )
      )
    )
    (down1): Down(
      (layer): Sequential(
        (0): ConvBlock(
          (layers): Sequential(
            (0): ConvINRelu(
              (layers): Sequential(
                (0): Conv2d(16, 16, kernel_size=(3, 3), stride=(2, 2), padding=(1, 1))
                (1): BatchNorm2d(16, eps=1e-05, momentum=0.1, affine=True, track_running_stats=True)
                (2): ReLU(inplace=True)
              )
            )
          )
        )
        (1): ConvBlock(
          (layers): Sequential(
            (0): ConvINRelu(
              (layers): Sequential(
                (0): Conv2d(16, 32, kernel_size=(3, 3), stride=(1, 1), padding=(1, 1))
                (1): BatchNorm2d(32, eps=1e-05, momentum=0.1, affine=True, track_running_stats=True)
                (2): ReLU(inplace=True)
              )
            )
            (1): ConvINRelu(
              (layers): Sequential(
                (0): Conv2d(32, 32, kernel_size=(3, 3), stride=(1, 1), padding=(1, 1))
                (1): BatchNorm2d(32, eps=1e-05, momentum=0.1, affine=True, track_running_stats=True)
                (2): ReLU(inplace=True)
              )
            )
          )
        )
      )
    )
    (down2): Down(
      (layer): Sequential(
        (0): ConvBlock(
          (layers): Sequential(
            (0): ConvINRelu(
              (layers): Sequential(
                (0): Conv2d(32, 32, kernel_size=(3, 3), stride=(2, 2), padding=(1, 1))
                (1): BatchNorm2d(32, eps=1e-05, momentum=0.1, affine=True, track_running_stats=True)
                (2): ReLU(inplace=True)
              )
            )
          )
        )
        (1): ConvBlock(
          (layers): Sequential(
            (0): ConvINRelu(
              (layers): Sequential(
                (0): Conv2d(32, 64, kernel_size=(3, 3), stride=(1, 1), padding=(1, 1))
                (1): BatchNorm2d(64, eps=1e-05, momentum=0.1, affine=True, track_running_stats=True)
                (2): ReLU(inplace=True)
              )
            )
            (1): ConvINRelu(
              (layers): Sequential(
                (0): Conv2d(64, 64, kernel_size=(3, 3), stride=(1, 1), padding=(1, 1))
                (1): BatchNorm2d(64, eps=1e-05, momentum=0.1, affine=True, track_running_stats=True)
                (2): ReLU(inplace=True)
              )
            )
          )
        )
      )
    )
    (down3): Down(
      (layer): Sequential(
        (0): ConvBlock(
          (layers): Sequential(
            (0): ConvINRelu(
              (layers): Sequential(
                (0): Conv2d(64, 64, kernel_size=(3, 3), stride=(2, 2), padding=(1, 1))
                (1): BatchNorm2d(64, eps=1e-05, momentum=0.1, affine=True, track_running_stats=True)
                (2): ReLU(inplace=True)
              )
            )
          )
        )
        (1): ConvBlock(
          (layers): Sequential(
            (0): ConvINRelu(
              (layers): Sequential(
                (0): Conv2d(64, 128, kernel_size=(3, 3), stride=(1, 1), padding=(1, 1))
                (1): BatchNorm2d(128, eps=1e-05, momentum=0.1, affine=True, track_running_stats=True)
                (2): ReLU(inplace=True)
              )
            )
            (1): ConvINRelu(
              (layers): Sequential(
                (0): Conv2d(128, 128, kernel_size=(3, 3), stride=(1, 1), padding=(1, 1))
                (1): BatchNorm2d(128, eps=1e-05, momentum=0.1, affine=True, track_running_stats=True)
                (2): ReLU(inplace=True)
              )
            )
          )
        )
      )
    )
    (up2): UP(
      (conv): ConvBlock(
        (layers): Sequential(
          (0): ConvINRelu(
            (layers): Sequential(
              (0): Conv2d(128, 64, kernel_size=(3, 3), stride=(1, 1), padding=(1, 1))
              (1): BatchNorm2d(64, eps=1e-05, momentum=0.1, affine=True, track_running_stats=True)
              (2): ReLU(inplace=True)
            )
          )
        )
      )
    )
    (linear2): Linear(in_features=30, out_features=900, bias=True)
    (Conv_message2): ConvBlock(
      (layers): Sequential(
        (0): ConvINRelu(
          (layers): Sequential(
            (0): Conv2d(1, 64, kernel_size=(3, 3), stride=(1, 1), padding=(1, 1))
            (1): BatchNorm2d(64, eps=1e-05, momentum=0.1, affine=True, track_running_stats=True)
            (2): ReLU(inplace=True)
          )
        )
        (1): ConvINRelu(
          (layers): Sequential(
            (0): Conv2d(64, 64, kernel_size=(3, 3), stride=(1, 1), padding=(1, 1))
            (1): BatchNorm2d(64, eps=1e-05, momentum=0.1, affine=True, track_running_stats=True)
            (2): ReLU(inplace=True)
          )
        )
      )
    )
    (att2): ResBlock(
      (layers): Sequential(
        (0): BottleneckBlock(
          (change): Sequential(
            (0): Conv2d(192, 64, kernel_size=(1, 1), stride=(1, 1), bias=False)
            (1): BatchNorm2d(64, eps=1e-05, momentum=0.1, affine=True, track_running_stats=True)
          )
          (left): Sequential(
            (0): Conv2d(192, 64, kernel_size=(1, 1), stride=(1, 1), bias=False)
            (1): BatchNorm2d(64, eps=1e-05, momentum=0.1, affine=True, track_running_stats=True)
            (2): ReLU(inplace=True)
            (3): Conv2d(64, 64, kernel_size=(3, 3), stride=(1, 1), padding=(1, 1), bias=False)
            (4): BatchNorm2d(64, eps=1e-05, momentum=0.1, affine=True, track_running_stats=True)
            (5): ReLU(inplace=True)
            (6): Conv2d(64, 64, kernel_size=(1, 1), stride=(1, 1), bias=False)
            (7): BatchNorm2d(64, eps=1e-05, momentum=0.1, affine=True, track_running_stats=True)
          )
          (attention): SEAttention(
            (se): Sequential(
              (0): AdaptiveAvgPool2d(output_size=(1, 1))
              (1): Conv2d(64, 8, kernel_size=(1, 1), stride=(1, 1), bias=False)
              (2): ReLU(inplace=True)
              (3): Conv2d(8, 64, kernel_size=(1, 1), stride=(1, 1), bias=False)
              (4): Sigmoid()
            )
          )
        )
        (1): BottleneckBlock(
          (left): Sequential(
            (0): Conv2d(64, 64, kernel_size=(1, 1), stride=(1, 1), bias=False)
            (1): BatchNorm2d(64, eps=1e-05, momentum=0.1, affine=True, track_running_stats=True)
            (2): ReLU(inplace=True)
            (3): Conv2d(64, 64, kernel_size=(3, 3), stride=(1, 1), padding=(1, 1), bias=False)
            (4): BatchNorm2d(64, eps=1e-05, momentum=0.1, affine=True, track_running_stats=True)
            (5): ReLU(inplace=True)
            (6): Conv2d(64, 64, kernel_size=(1, 1), stride=(1, 1), bias=False)
            (7): BatchNorm2d(64, eps=1e-05, momentum=0.1, affine=True, track_running_stats=True)
          )
          (attention): SEAttention(
            (se): Sequential(
              (0): AdaptiveAvgPool2d(output_size=(1, 1))
              (1): Conv2d(64, 8, kernel_size=(1, 1), stride=(1, 1), bias=False)
              (2): ReLU(inplace=True)
              (3): Conv2d(8, 64, kernel_size=(1, 1), stride=(1, 1), bias=False)
              (4): Sigmoid()
            )
          )
        )
      )
    )
    (up1): UP(
      (conv): ConvBlock(
        (layers): Sequential(
          (0): ConvINRelu(
            (layers): Sequential(
              (0): Conv2d(64, 32, kernel_size=(3, 3), stride=(1, 1), padding=(1, 1))
              (1): BatchNorm2d(32, eps=1e-05, momentum=0.1, affine=True, track_running_stats=True)
              (2): ReLU(inplace=True)
            )
          )
        )
      )
    )
    (linear1): Linear(in_features=30, out_features=900, bias=True)
    (Conv_message1): ConvBlock(
      (layers): Sequential(
        (0): ConvINRelu(
          (layers): Sequential(
            (0): Conv2d(1, 64, kernel_size=(3, 3), stride=(1, 1), padding=(1, 1))
            (1): BatchNorm2d(64, eps=1e-05, momentum=0.1, affine=True, track_running_stats=True)
            (2): ReLU(inplace=True)
          )
        )
        (1): ConvINRelu(
          (layers): Sequential(
            (0): Conv2d(64, 64, kernel_size=(3, 3), stride=(1, 1), padding=(1, 1))
            (1): BatchNorm2d(64, eps=1e-05, momentum=0.1, affine=True, track_running_stats=True)
            (2): ReLU(inplace=True)
          )
        )
      )
    )
    (att1): ResBlock(
      (layers): Sequential(
        (0): BottleneckBlock(
          (change): Sequential(
            (0): Conv2d(128, 32, kernel_size=(1, 1), stride=(1, 1), bias=False)
            (1): BatchNorm2d(32, eps=1e-05, momentum=0.1, affine=True, track_running_stats=True)
          )
          (left): Sequential(
            (0): Conv2d(128, 32, kernel_size=(1, 1), stride=(1, 1), bias=False)
            (1): BatchNorm2d(32, eps=1e-05, momentum=0.1, affine=True, track_running_stats=True)
            (2): ReLU(inplace=True)
            (3): Conv2d(32, 32, kernel_size=(3, 3), stride=(1, 1), padding=(1, 1), bias=False)
            (4): BatchNorm2d(32, eps=1e-05, momentum=0.1, affine=True, track_running_stats=True)
            (5): ReLU(inplace=True)
            (6): Conv2d(32, 32, kernel_size=(1, 1), stride=(1, 1), bias=False)
            (7): BatchNorm2d(32, eps=1e-05, momentum=0.1, affine=True, track_running_stats=True)
          )
          (attention): SEAttention(
            (se): Sequential(
              (0): AdaptiveAvgPool2d(output_size=(1, 1))
              (1): Conv2d(32, 4, kernel_size=(1, 1), stride=(1, 1), bias=False)
              (2): ReLU(inplace=True)
              (3): Conv2d(4, 32, kernel_size=(1, 1), stride=(1, 1), bias=False)
              (4): Sigmoid()
            )
          )
        )
        (1): BottleneckBlock(
          (left): Sequential(
            (0): Conv2d(32, 32, kernel_size=(1, 1), stride=(1, 1), bias=False)
            (1): BatchNorm2d(32, eps=1e-05, momentum=0.1, affine=True, track_running_stats=True)
            (2): ReLU(inplace=True)
            (3): Conv2d(32, 32, kernel_size=(3, 3), stride=(1, 1), padding=(1, 1), bias=False)
            (4): BatchNorm2d(32, eps=1e-05, momentum=0.1, affine=True, track_running_stats=True)
            (5): ReLU(inplace=True)
            (6): Conv2d(32, 32, kernel_size=(1, 1), stride=(1, 1), bias=False)
            (7): BatchNorm2d(32, eps=1e-05, momentum=0.1, affine=True, track_running_stats=True)
          )
          (attention): SEAttention(
            (se): Sequential(
              (0): AdaptiveAvgPool2d(output_size=(1, 1))
              (1): Conv2d(32, 4, kernel_size=(1, 1), stride=(1, 1), bias=False)
              (2): ReLU(inplace=True)
              (3): Conv2d(4, 32, kernel_size=(1, 1), stride=(1, 1), bias=False)
              (4): Sigmoid()
            )
          )
        )
      )
    )
    (up0): UP(
      (conv): ConvBlock(
        (layers): Sequential(
          (0): ConvINRelu(
            (layers): Sequential(
              (0): Conv2d(32, 16, kernel_size=(3, 3), stride=(1, 1), padding=(1, 1))
              (1): BatchNorm2d(16, eps=1e-05, momentum=0.1, affine=True, track_running_stats=True)
              (2): ReLU(inplace=True)
            )
          )
        )
      )
    )
    (linear0): Linear(in_features=30, out_features=900, bias=True)
    (Conv_message0): ConvBlock(
      (layers): Sequential(
        (0): ConvINRelu(
          (layers): Sequential(
            (0): Conv2d(1, 64, kernel_size=(3, 3), stride=(1, 1), padding=(1, 1))
            (1): BatchNorm2d(64, eps=1e-05, momentum=0.1, affine=True, track_running_stats=True)
            (2): ReLU(inplace=True)
          )
        )
        (1): ConvINRelu(
          (layers): Sequential(
            (0): Conv2d(64, 64, kernel_size=(3, 3), stride=(1, 1), padding=(1, 1))
            (1): BatchNorm2d(64, eps=1e-05, momentum=0.1, affine=True, track_running_stats=True)
            (2): ReLU(inplace=True)
          )
        )
      )
    )
    (att0): ResBlock(
      (layers): Sequential(
        (0): BottleneckBlock(
          (change): Sequential(
            (0): Conv2d(96, 16, kernel_size=(1, 1), stride=(1, 1), bias=False)
            (1): BatchNorm2d(16, eps=1e-05, momentum=0.1, affine=True, track_running_stats=True)
          )
          (left): Sequential(
            (0): Conv2d(96, 16, kernel_size=(1, 1), stride=(1, 1), bias=False)
            (1): BatchNorm2d(16, eps=1e-05, momentum=0.1, affine=True, track_running_stats=True)
            (2): ReLU(inplace=True)
            (3): Conv2d(16, 16, kernel_size=(3, 3), stride=(1, 1), padding=(1, 1), bias=False)
            (4): BatchNorm2d(16, eps=1e-05, momentum=0.1, affine=True, track_running_stats=True)
            (5): ReLU(inplace=True)
            (6): Conv2d(16, 16, kernel_size=(1, 1), stride=(1, 1), bias=False)
            (7): BatchNorm2d(16, eps=1e-05, momentum=0.1, affine=True, track_running_stats=True)
          )
          (attention): SEAttention(
            (se): Sequential(
              (0): AdaptiveAvgPool2d(output_size=(1, 1))
              (1): Conv2d(16, 2, kernel_size=(1, 1), stride=(1, 1), bias=False)
              (2): ReLU(inplace=True)
              (3): Conv2d(2, 16, kernel_size=(1, 1), stride=(1, 1), bias=False)
              (4): Sigmoid()
            )
          )
        )
        (1): BottleneckBlock(
          (left): Sequential(
            (0): Conv2d(16, 16, kernel_size=(1, 1), stride=(1, 1), bias=False)
            (1): BatchNorm2d(16, eps=1e-05, momentum=0.1, affine=True, track_running_stats=True)
            (2): ReLU(inplace=True)
            (3): Conv2d(16, 16, kernel_size=(3, 3), stride=(1, 1), padding=(1, 1), bias=False)
            (4): BatchNorm2d(16, eps=1e-05, momentum=0.1, affine=True, track_running_stats=True)
            (5): ReLU(inplace=True)
            (6): Conv2d(16, 16, kernel_size=(1, 1), stride=(1, 1), bias=False)
            (7): BatchNorm2d(16, eps=1e-05, momentum=0.1, affine=True, track_running_stats=True)
          )
          (attention): SEAttention(
            (se): Sequential(
              (0): AdaptiveAvgPool2d(output_size=(1, 1))
              (1): Conv2d(16, 2, kernel_size=(1, 1), stride=(1, 1), bias=False)
              (2): ReLU(inplace=True)
              (3): Conv2d(2, 16, kernel_size=(1, 1), stride=(1, 1), bias=False)
              (4): Sigmoid()
            )
          )
        )
      )
    )
    (Conv_1x1): Conv2d(19, 3, kernel_size=(1, 1), stride=(1, 1))
  )
  (bitdecoder): DW_Decoder(
    (conv1): ConvBlock(
      (layers): Sequential(
        (0): ConvINRelu(
          (layers): Sequential(
            (0): Conv2d(3, 16, kernel_size=(3, 3), stride=(1, 1), padding=(1, 1))
            (1): BatchNorm2d(16, eps=1e-05, momentum=0.1, affine=True, track_running_stats=True)
            (2): ReLU(inplace=True)
          )
        )
        (1): ConvINRelu(
          (layers): Sequential(
            (0): Conv2d(16, 16, kernel_size=(3, 3), stride=(1, 1), padding=(1, 1))
            (1): BatchNorm2d(16, eps=1e-05, momentum=0.1, affine=True, track_running_stats=True)
            (2): ReLU(inplace=True)
          )
        )
      )
    )
    (down1): Down(
      (layer): Sequential(
        (0): ConvBlock(
          (layers): Sequential(
            (0): ConvINRelu(
              (layers): Sequential(
                (0): Conv2d(16, 16, kernel_size=(3, 3), stride=(2, 2), padding=(1, 1))
                (1): BatchNorm2d(16, eps=1e-05, momentum=0.1, affine=True, track_running_stats=True)
                (2): ReLU(inplace=True)
              )
            )
          )
        )
        (1): ConvBlock(
          (layers): Sequential(
            (0): ConvINRelu(
              (layers): Sequential(
                (0): Conv2d(16, 32, kernel_size=(3, 3), stride=(1, 1), padding=(1, 1))
                (1): BatchNorm2d(32, eps=1e-05, momentum=0.1, affine=True, track_running_stats=True)
                (2): ReLU(inplace=True)
              )
            )
            (1): ConvINRelu(
              (layers): Sequential(
                (0): Conv2d(32, 32, kernel_size=(3, 3), stride=(1, 1), padding=(1, 1))
                (1): BatchNorm2d(32, eps=1e-05, momentum=0.1, affine=True, track_running_stats=True)
                (2): ReLU(inplace=True)
              )
            )
          )
        )
      )
    )
    (down2): Down(
      (layer): Sequential(
        (0): ConvBlock(
          (layers): Sequential(
            (0): ConvINRelu(
              (layers): Sequential(
                (0): Conv2d(32, 32, kernel_size=(3, 3), stride=(2, 2), padding=(1, 1))
                (1): BatchNorm2d(32, eps=1e-05, momentum=0.1, affine=True, track_running_stats=True)
                (2): ReLU(inplace=True)
              )
            )
          )
        )
        (1): ConvBlock(
          (layers): Sequential(
            (0): ConvINRelu(
              (layers): Sequential(
                (0): Conv2d(32, 64, kernel_size=(3, 3), stride=(1, 1), padding=(1, 1))
                (1): BatchNorm2d(64, eps=1e-05, momentum=0.1, affine=True, track_running_stats=True)
                (2): ReLU(inplace=True)
              )
            )
            (1): ConvINRelu(
              (layers): Sequential(
                (0): Conv2d(64, 64, kernel_size=(3, 3), stride=(1, 1), padding=(1, 1))
                (1): BatchNorm2d(64, eps=1e-05, momentum=0.1, affine=True, track_running_stats=True)
                (2): ReLU(inplace=True)
              )
            )
          )
        )
      )
    )
    (down3): Down(
      (layer): Sequential(
        (0): ConvBlock(
          (layers): Sequential(
            (0): ConvINRelu(
              (layers): Sequential(
                (0): Conv2d(64, 64, kernel_size=(3, 3), stride=(2, 2), padding=(1, 1))
                (1): BatchNorm2d(64, eps=1e-05, momentum=0.1, affine=True, track_running_stats=True)
                (2): ReLU(inplace=True)
              )
            )
          )
        )
        (1): ConvBlock(
          (layers): Sequential(
            (0): ConvINRelu(
              (layers): Sequential(
                (0): Conv2d(64, 128, kernel_size=(3, 3), stride=(1, 1), padding=(1, 1))
                (1): BatchNorm2d(128, eps=1e-05, momentum=0.1, affine=True, track_running_stats=True)
                (2): ReLU(inplace=True)
              )
            )
            (1): ConvINRelu(
              (layers): Sequential(
                (0): Conv2d(128, 128, kernel_size=(3, 3), stride=(1, 1), padding=(1, 1))
                (1): BatchNorm2d(128, eps=1e-05, momentum=0.1, affine=True, track_running_stats=True)
                (2): ReLU(inplace=True)
              )
            )
          )
        )
      )
    )
    (up2): UP(
      (conv): ConvBlock(
        (layers): Sequential(
          (0): ConvINRelu(
            (layers): Sequential(
              (0): Conv2d(128, 64, kernel_size=(3, 3), stride=(1, 1), padding=(1, 1))
              (1): BatchNorm2d(64, eps=1e-05, momentum=0.1, affine=True, track_running_stats=True)
              (2): ReLU(inplace=True)
            )
          )
        )
      )
    )
    (att2): ResBlock(
      (layers): Sequential(
        (0): BottleneckBlock(
          (change): Sequential(
            (0): Conv2d(128, 64, kernel_size=(1, 1), stride=(1, 1), bias=False)
            (1): BatchNorm2d(64, eps=1e-05, momentum=0.1, affine=True, track_running_stats=True)
          )
          (left): Sequential(
            (0): Conv2d(128, 64, kernel_size=(1, 1), stride=(1, 1), bias=False)
            (1): BatchNorm2d(64, eps=1e-05, momentum=0.1, affine=True, track_running_stats=True)
            (2): ReLU(inplace=True)
            (3): Conv2d(64, 64, kernel_size=(3, 3), stride=(1, 1), padding=(1, 1), bias=False)
            (4): BatchNorm2d(64, eps=1e-05, momentum=0.1, affine=True, track_running_stats=True)
            (5): ReLU(inplace=True)
            (6): Conv2d(64, 64, kernel_size=(1, 1), stride=(1, 1), bias=False)
            (7): BatchNorm2d(64, eps=1e-05, momentum=0.1, affine=True, track_running_stats=True)
          )
          (attention): SEAttention(
            (se): Sequential(
              (0): AdaptiveAvgPool2d(output_size=(1, 1))
              (1): Conv2d(64, 8, kernel_size=(1, 1), stride=(1, 1), bias=False)
              (2): ReLU(inplace=True)
              (3): Conv2d(8, 64, kernel_size=(1, 1), stride=(1, 1), bias=False)
              (4): Sigmoid()
            )
          )
        )
        (1): BottleneckBlock(
          (left): Sequential(
            (0): Conv2d(64, 64, kernel_size=(1, 1), stride=(1, 1), bias=False)
            (1): BatchNorm2d(64, eps=1e-05, momentum=0.1, affine=True, track_running_stats=True)
            (2): ReLU(inplace=True)
            (3): Conv2d(64, 64, kernel_size=(3, 3), stride=(1, 1), padding=(1, 1), bias=False)
            (4): BatchNorm2d(64, eps=1e-05, momentum=0.1, affine=True, track_running_stats=True)
            (5): ReLU(inplace=True)
            (6): Conv2d(64, 64, kernel_size=(1, 1), stride=(1, 1), bias=False)
            (7): BatchNorm2d(64, eps=1e-05, momentum=0.1, affine=True, track_running_stats=True)
          )
          (attention): SEAttention(
            (se): Sequential(
              (0): AdaptiveAvgPool2d(output_size=(1, 1))
              (1): Conv2d(64, 8, kernel_size=(1, 1), stride=(1, 1), bias=False)
              (2): ReLU(inplace=True)
              (3): Conv2d(8, 64, kernel_size=(1, 1), stride=(1, 1), bias=False)
              (4): Sigmoid()
            )
          )
        )
      )
    )
    (up1): UP(
      (conv): ConvBlock(
        (layers): Sequential(
          (0): ConvINRelu(
            (layers): Sequential(
              (0): Conv2d(64, 32, kernel_size=(3, 3), stride=(1, 1), padding=(1, 1))
              (1): BatchNorm2d(32, eps=1e-05, momentum=0.1, affine=True, track_running_stats=True)
              (2): ReLU(inplace=True)
            )
          )
        )
      )
    )
    (att1): ResBlock(
      (layers): Sequential(
        (0): BottleneckBlock(
          (change): Sequential(
            (0): Conv2d(64, 32, kernel_size=(1, 1), stride=(1, 1), bias=False)
            (1): BatchNorm2d(32, eps=1e-05, momentum=0.1, affine=True, track_running_stats=True)
          )
          (left): Sequential(
            (0): Conv2d(64, 32, kernel_size=(1, 1), stride=(1, 1), bias=False)
            (1): BatchNorm2d(32, eps=1e-05, momentum=0.1, affine=True, track_running_stats=True)
            (2): ReLU(inplace=True)
            (3): Conv2d(32, 32, kernel_size=(3, 3), stride=(1, 1), padding=(1, 1), bias=False)
            (4): BatchNorm2d(32, eps=1e-05, momentum=0.1, affine=True, track_running_stats=True)
            (5): ReLU(inplace=True)
            (6): Conv2d(32, 32, kernel_size=(1, 1), stride=(1, 1), bias=False)
            (7): BatchNorm2d(32, eps=1e-05, momentum=0.1, affine=True, track_running_stats=True)
          )
          (attention): SEAttention(
            (se): Sequential(
              (0): AdaptiveAvgPool2d(output_size=(1, 1))
              (1): Conv2d(32, 4, kernel_size=(1, 1), stride=(1, 1), bias=False)
              (2): ReLU(inplace=True)
              (3): Conv2d(4, 32, kernel_size=(1, 1), stride=(1, 1), bias=False)
              (4): Sigmoid()
            )
          )
        )
        (1): BottleneckBlock(
          (left): Sequential(
            (0): Conv2d(32, 32, kernel_size=(1, 1), stride=(1, 1), bias=False)
            (1): BatchNorm2d(32, eps=1e-05, momentum=0.1, affine=True, track_running_stats=True)
            (2): ReLU(inplace=True)
            (3): Conv2d(32, 32, kernel_size=(3, 3), stride=(1, 1), padding=(1, 1), bias=False)
            (4): BatchNorm2d(32, eps=1e-05, momentum=0.1, affine=True, track_running_stats=True)
            (5): ReLU(inplace=True)
            (6): Conv2d(32, 32, kernel_size=(1, 1), stride=(1, 1), bias=False)
            (7): BatchNorm2d(32, eps=1e-05, momentum=0.1, affine=True, track_running_stats=True)
          )
          (attention): SEAttention(
            (se): Sequential(
              (0): AdaptiveAvgPool2d(output_size=(1, 1))
              (1): Conv2d(32, 4, kernel_size=(1, 1), stride=(1, 1), bias=False)
              (2): ReLU(inplace=True)
              (3): Conv2d(4, 32, kernel_size=(1, 1), stride=(1, 1), bias=False)
              (4): Sigmoid()
            )
          )
        )
      )
    )
    (up0): UP(
      (conv): ConvBlock(
        (layers): Sequential(
          (0): ConvINRelu(
            (layers): Sequential(
              (0): Conv2d(32, 16, kernel_size=(3, 3), stride=(1, 1), padding=(1, 1))
              (1): BatchNorm2d(16, eps=1e-05, momentum=0.1, affine=True, track_running_stats=True)
              (2): ReLU(inplace=True)
            )
          )
        )
      )
    )
    (att0): ResBlock(
      (layers): Sequential(
        (0): BottleneckBlock(
          (change): Sequential(
            (0): Conv2d(32, 16, kernel_size=(1, 1), stride=(1, 1), bias=False)
            (1): BatchNorm2d(16, eps=1e-05, momentum=0.1, affine=True, track_running_stats=True)
          )
          (left): Sequential(
            (0): Conv2d(32, 16, kernel_size=(1, 1), stride=(1, 1), bias=False)
            (1): BatchNorm2d(16, eps=1e-05, momentum=0.1, affine=True, track_running_stats=True)
            (2): ReLU(inplace=True)
            (3): Conv2d(16, 16, kernel_size=(3, 3), stride=(1, 1), padding=(1, 1), bias=False)
            (4): BatchNorm2d(16, eps=1e-05, momentum=0.1, affine=True, track_running_stats=True)
            (5): ReLU(inplace=True)
            (6): Conv2d(16, 16, kernel_size=(1, 1), stride=(1, 1), bias=False)
            (7): BatchNorm2d(16, eps=1e-05, momentum=0.1, affine=True, track_running_stats=True)
          )
          (attention): SEAttention(
            (se): Sequential(
              (0): AdaptiveAvgPool2d(output_size=(1, 1))
              (1): Conv2d(16, 2, kernel_size=(1, 1), stride=(1, 1), bias=False)
              (2): ReLU(inplace=True)
              (3): Conv2d(2, 16, kernel_size=(1, 1), stride=(1, 1), bias=False)
              (4): Sigmoid()
            )
          )
        )
        (1): BottleneckBlock(
          (left): Sequential(
            (0): Conv2d(16, 16, kernel_size=(1, 1), stride=(1, 1), bias=False)
            (1): BatchNorm2d(16, eps=1e-05, momentum=0.1, affine=True, track_running_stats=True)
            (2): ReLU(inplace=True)
            (3): Conv2d(16, 16, kernel_size=(3, 3), stride=(1, 1), padding=(1, 1), bias=False)
            (4): BatchNorm2d(16, eps=1e-05, momentum=0.1, affine=True, track_running_stats=True)
            (5): ReLU(inplace=True)
            (6): Conv2d(16, 16, kernel_size=(1, 1), stride=(1, 1), bias=False)
            (7): BatchNorm2d(16, eps=1e-05, momentum=0.1, affine=True, track_running_stats=True)
          )
          (attention): SEAttention(
            (se): Sequential(
              (0): AdaptiveAvgPool2d(output_size=(1, 1))
              (1): Conv2d(16, 2, kernel_size=(1, 1), stride=(1, 1), bias=False)
              (2): ReLU(inplace=True)
              (3): Conv2d(2, 16, kernel_size=(1, 1), stride=(1, 1), bias=False)
              (4): Sigmoid()
            )
          )
        )
      )
    )
    (Conv_1x1): Conv2d(16, 1, kernel_size=(1, 1), stride=(1, 1), bias=False)
    (message_layer): Linear(in_features=900, out_features=30, bias=True)
  )
  (irn): InvNN(
    (operations): ModuleList(
      (0-11): 12 x InvBlock(
        (F): DenseBlock(
          (conv1): Conv2d(12, 32, kernel_size=(3, 3), stride=(1, 1), padding=(1, 1))
          (conv2): Conv2d(44, 32, kernel_size=(3, 3), stride=(1, 1), padding=(1, 1))
          (conv3): Conv2d(76, 32, kernel_size=(3, 3), stride=(1, 1), padding=(1, 1))
          (conv4): Conv2d(108, 32, kernel_size=(3, 3), stride=(1, 1), padding=(1, 1))
          (conv5): Conv2d(140, 12, kernel_size=(3, 3), stride=(1, 1), padding=(1, 1))
          (lrelu): LeakyReLU(negative_slope=0.2, inplace=True)
        )
        (NF): NAFBlock(
          (conv1): Conv2d(12, 24, kernel_size=(1, 1), stride=(1, 1))
          (conv2): Conv2d(24, 24, kernel_size=(3, 3), stride=(1, 1), padding=(1, 1), groups=24)
          (conv3): Conv2d(12, 12, kernel_size=(1, 1), stride=(1, 1))
          (sca): Sequential(
            (0): AdaptiveAvgPool2d(output_size=1)
            (1): Conv2d(12, 12, kernel_size=(1, 1), stride=(1, 1))
          )
          (sg): SimpleGate()
          (conv4): Conv2d(12, 24, kernel_size=(1, 1), stride=(1, 1))
          (conv5): Conv2d(12, 12, kernel_size=(1, 1), stride=(1, 1))
          (norm1): LayerNorm2d()
          (norm2): LayerNorm2d()
          (dropout1): Identity()
          (dropout2): Identity()
        )
        (G): DenseBlock(
          (conv1): Conv2d(12, 32, kernel_size=(3, 3), stride=(1, 1), padding=(1, 1))
          (conv2): Conv2d(44, 32, kernel_size=(3, 3), stride=(1, 1), padding=(1, 1))
          (conv3): Conv2d(76, 32, kernel_size=(3, 3), stride=(1, 1), padding=(1, 1))
          (conv4): Conv2d(108, 32, kernel_size=(3, 3), stride=(1, 1), padding=(1, 1))
          (conv5): Conv2d(140, 12, kernel_size=(3, 3), stride=(1, 1), padding=(1, 1))
          (lrelu): LeakyReLU(negative_slope=0.2, inplace=True)
        )
        (NG): NAFBlock(
          (conv1): Conv2d(12, 24, kernel_size=(1, 1), stride=(1, 1))
          (conv2): Conv2d(24, 24, kernel_size=(3, 3), stride=(1, 1), padding=(1, 1), groups=24)
          (conv3): Conv2d(12, 12, kernel_size=(1, 1), stride=(1, 1))
          (sca): Sequential(
            (0): AdaptiveAvgPool2d(output_size=1)
            (1): Conv2d(12, 12, kernel_size=(1, 1), stride=(1, 1))
          )
          (sg): SimpleGate()
          (conv4): Conv2d(12, 24, kernel_size=(1, 1), stride=(1, 1))
          (conv5): Conv2d(12, 12, kernel_size=(1, 1), stride=(1, 1))
          (norm1): LayerNorm2d()
          (norm2): LayerNorm2d()
          (dropout1): Identity()
          (dropout2): Identity()
        )
        (H): DenseBlock(
          (conv1): Conv2d(12, 32, kernel_size=(3, 3), stride=(1, 1), padding=(1, 1))
          (conv2): Conv2d(44, 32, kernel_size=(3, 3), stride=(1, 1), padding=(1, 1))
          (conv3): Conv2d(76, 32, kernel_size=(3, 3), stride=(1, 1), padding=(1, 1))
          (conv4): Conv2d(108, 32, kernel_size=(3, 3), stride=(1, 1), padding=(1, 1))
          (conv5): Conv2d(140, 12, kernel_size=(3, 3), stride=(1, 1), padding=(1, 1))
          (lrelu): LeakyReLU(negative_slope=0.2, inplace=True)
        )
        (NH): NAFBlock(
          (conv1): Conv2d(12, 24, kernel_size=(1, 1), stride=(1, 1))
          (conv2): Conv2d(24, 24, kernel_size=(3, 3), stride=(1, 1), padding=(1, 1), groups=24)
          (conv3): Conv2d(12, 12, kernel_size=(1, 1), stride=(1, 1))
          (sca): Sequential(
            (0): AdaptiveAvgPool2d(output_size=1)
            (1): Conv2d(12, 12, kernel_size=(1, 1), stride=(1, 1))
          )
          (sg): SimpleGate()
          (conv4): Conv2d(12, 24, kernel_size=(1, 1), stride=(1, 1))
          (conv5): Conv2d(12, 12, kernel_size=(1, 1), stride=(1, 1))
          (norm1): LayerNorm2d()
          (norm2): LayerNorm2d()
          (dropout1): Identity()
          (dropout2): Identity()
        )
      )
    )
  )
  (pm): PredictiveModuleMIMO_prompt(
    (conv_in): Conv2d(12, 12, kernel_size=(3, 3), stride=(1, 1), padding=(1, 1))
    (res_block): Sequential(
      (0): ResidualBlockNoBN(
        (conv1): Conv2d(12, 12, kernel_size=(3, 3), stride=(1, 1), padding=(1, 1))
        (conv2): Conv2d(12, 12, kernel_size=(3, 3), stride=(1, 1), padding=(1, 1))
        (relu): LeakyReLU(negative_slope=0.2, inplace=True)
      )
      (1): ResidualBlockNoBN(
        (conv1): Conv2d(12, 12, kernel_size=(3, 3), stride=(1, 1), padding=(1, 1))
        (conv2): Conv2d(12, 12, kernel_size=(3, 3), stride=(1, 1), padding=(1, 1))
        (relu): LeakyReLU(negative_slope=0.2, inplace=True)
      )
      (2): ResidualBlockNoBN(
        (conv1): Conv2d(12, 12, kernel_size=(3, 3), stride=(1, 1), padding=(1, 1))
        (conv2): Conv2d(12, 12, kernel_size=(3, 3), stride=(1, 1), padding=(1, 1))
        (relu): LeakyReLU(negative_slope=0.2, inplace=True)
      )
      (3): ResidualBlockNoBN(
        (conv1): Conv2d(12, 12, kernel_size=(3, 3), stride=(1, 1), padding=(1, 1))
        (conv2): Conv2d(12, 12, kernel_size=(3, 3), stride=(1, 1), padding=(1, 1))
        (relu): LeakyReLU(negative_slope=0.2, inplace=True)
      )
      (4): ResidualBlockNoBN(
        (conv1): Conv2d(12, 12, kernel_size=(3, 3), stride=(1, 1), padding=(1, 1))
        (conv2): Conv2d(12, 12, kernel_size=(3, 3), stride=(1, 1), padding=(1, 1))
        (relu): LeakyReLU(negative_slope=0.2, inplace=True)
      )
      (5): ResidualBlockNoBN(
        (conv1): Conv2d(12, 12, kernel_size=(3, 3), stride=(1, 1), padding=(1, 1))
        (conv2): Conv2d(12, 12, kernel_size=(3, 3), stride=(1, 1), padding=(1, 1))
        (relu): LeakyReLU(negative_slope=0.2, inplace=True)
      )
      (6): ResidualBlockNoBN(
        (conv1): Conv2d(12, 12, kernel_size=(3, 3), stride=(1, 1), padding=(1, 1))
        (conv2): Conv2d(12, 12, kernel_size=(3, 3), stride=(1, 1), padding=(1, 1))
        (relu): LeakyReLU(negative_slope=0.2, inplace=True)
      )
      (7): ResidualBlockNoBN(
        (conv1): Conv2d(12, 12, kernel_size=(3, 3), stride=(1, 1), padding=(1, 1))
        (conv2): Conv2d(12, 12, kernel_size=(3, 3), stride=(1, 1), padding=(1, 1))
        (relu): LeakyReLU(negative_slope=0.2, inplace=True)
      )
    )
    (transformer_block): Sequential(
      (0): TransformerBlock(
        (norm1): LayerNorm(
          (body): WithBias_LayerNorm()
        )
        (attn): Attention(
          (qkv): Conv2d(12, 36, kernel_size=(1, 1), stride=(1, 1), bias=False)
          (qkv_dwconv): Conv2d(36, 36, kernel_size=(3, 3), stride=(1, 1), padding=(1, 1), groups=36, bias=False)
          (project_out): Conv2d(12, 12, kernel_size=(1, 1), stride=(1, 1), bias=False)
        )
        (norm2): LayerNorm(
          (body): WithBias_LayerNorm()
        )
        (ffn): FeedForward(
          (project_in): Conv2d(12, 96, kernel_size=(1, 1), stride=(1, 1), bias=False)
          (dwconv): Conv2d(96, 96, kernel_size=(3, 3), stride=(1, 1), padding=(1, 1), groups=96, bias=False)
          (project_out): Conv2d(48, 12, kernel_size=(1, 1), stride=(1, 1), bias=False)
        )
      )
      (1): TransformerBlock(
        (norm1): LayerNorm(
          (body): WithBias_LayerNorm()
        )
        (attn): Attention(
          (qkv): Conv2d(12, 36, kernel_size=(1, 1), stride=(1, 1), bias=False)
          (qkv_dwconv): Conv2d(36, 36, kernel_size=(3, 3), stride=(1, 1), padding=(1, 1), groups=36, bias=False)
          (project_out): Conv2d(12, 12, kernel_size=(1, 1), stride=(1, 1), bias=False)
        )
        (norm2): LayerNorm(
          (body): WithBias_LayerNorm()
        )
        (ffn): FeedForward(
          (project_in): Conv2d(12, 96, kernel_size=(1, 1), stride=(1, 1), bias=False)
          (dwconv): Conv2d(96, 96, kernel_size=(3, 3), stride=(1, 1), padding=(1, 1), groups=96, bias=False)
          (project_out): Conv2d(48, 12, kernel_size=(1, 1), stride=(1, 1), bias=False)
        )
      )
      (2): TransformerBlock(
        (norm1): LayerNorm(
          (body): WithBias_LayerNorm()
        )
        (attn): Attention(
          (qkv): Conv2d(12, 36, kernel_size=(1, 1), stride=(1, 1), bias=False)
          (qkv_dwconv): Conv2d(36, 36, kernel_size=(3, 3), stride=(1, 1), padding=(1, 1), groups=36, bias=False)
          (project_out): Conv2d(12, 12, kernel_size=(1, 1), stride=(1, 1), bias=False)
        )
        (norm2): LayerNorm(
          (body): WithBias_LayerNorm()
        )
        (ffn): FeedForward(
          (project_in): Conv2d(12, 96, kernel_size=(1, 1), stride=(1, 1), bias=False)
          (dwconv): Conv2d(96, 96, kernel_size=(3, 3), stride=(1, 1), padding=(1, 1), groups=96, bias=False)
          (project_out): Conv2d(48, 12, kernel_size=(1, 1), stride=(1, 1), bias=False)
        )
      )
      (3): TransformerBlock(
        (norm1): LayerNorm(
          (body): WithBias_LayerNorm()
        )
        (attn): Attention(
          (qkv): Conv2d(12, 36, kernel_size=(1, 1), stride=(1, 1), bias=False)
          (qkv_dwconv): Conv2d(36, 36, kernel_size=(3, 3), stride=(1, 1), padding=(1, 1), groups=36, bias=False)
          (project_out): Conv2d(12, 12, kernel_size=(1, 1), stride=(1, 1), bias=False)
        )
        (norm2): LayerNorm(
          (body): WithBias_LayerNorm()
        )
        (ffn): FeedForward(
          (project_in): Conv2d(12, 96, kernel_size=(1, 1), stride=(1, 1), bias=False)
          (dwconv): Conv2d(96, 96, kernel_size=(3, 3), stride=(1, 1), padding=(1, 1), groups=96, bias=False)
          (project_out): Conv2d(48, 12, kernel_size=(1, 1), stride=(1, 1), bias=False)
        )
      )
    )
    (prompt): PromptGenBlock(
      (linear_layer): Linear(in_features=12, out_features=3, bias=True)
      (conv3x3): Conv2d(12, 12, kernel_size=(3, 3), stride=(1, 1), padding=(1, 1), bias=False)
    )
    (fuse): Conv2d(24, 12, kernel_size=(3, 3), stride=(1, 1), padding=(1, 1))
  )
)
25-07-14 15:23:01.567 - INFO: Loading model for G [/workspace/EditGuard-V1/experiments/train_ibsn_bit_64/models/30000_G.pth] ...
2025-07-14 15:23:01,567 - INFO - Loading model for G [/workspace/EditGuard-V1/experiments/train_ibsn_bit_64/models/30000_G.pth] ...
25-07-14 15:23:01.829 - WARNING: Params [module.irn.operations.0.F.conv1.weight] will not optimize.
2025-07-14 15:23:01,829 - WARNING - Params [module.irn.operations.0.F.conv1.weight] will not optimize.
25-07-14 15:23:01.829 - WARNING: Params [module.irn.operations.0.F.conv1.bias] will not optimize.
2025-07-14 15:23:01,829 - WARNING - Params [module.irn.operations.0.F.conv1.bias] will not optimize.
25-07-14 15:23:01.829 - WARNING: Params [module.irn.operations.0.F.conv2.weight] will not optimize.
2025-07-14 15:23:01,829 - WARNING - Params [module.irn.operations.0.F.conv2.weight] will not optimize.
25-07-14 15:23:01.829 - WARNING: Params [module.irn.operations.0.F.conv2.bias] will not optimize.
2025-07-14 15:23:01,829 - WARNING - Params [module.irn.operations.0.F.conv2.bias] will not optimize.
25-07-14 15:23:01.829 - WARNING: Params [module.irn.operations.0.F.conv3.weight] will not optimize.
2025-07-14 15:23:01,829 - WARNING - Params [module.irn.operations.0.F.conv3.weight] will not optimize.
25-07-14 15:23:01.829 - WARNING: Params [module.irn.operations.0.F.conv3.bias] will not optimize.
2025-07-14 15:23:01,829 - WARNING - Params [module.irn.operations.0.F.conv3.bias] will not optimize.
25-07-14 15:23:01.829 - WARNING: Params [module.irn.operations.0.F.conv4.weight] will not optimize.
2025-07-14 15:23:01,829 - WARNING - Params [module.irn.operations.0.F.conv4.weight] will not optimize.
25-07-14 15:23:01.829 - WARNING: Params [module.irn.operations.0.F.conv4.bias] will not optimize.
2025-07-14 15:23:01,829 - WARNING - Params [module.irn.operations.0.F.conv4.bias] will not optimize.
25-07-14 15:23:01.829 - WARNING: Params [module.irn.operations.0.F.conv5.weight] will not optimize.
2025-07-14 15:23:01,829 - WARNING - Params [module.irn.operations.0.F.conv5.weight] will not optimize.
25-07-14 15:23:01.829 - WARNING: Params [module.irn.operations.0.F.conv5.bias] will not optimize.
2025-07-14 15:23:01,829 - WARNING - Params [module.irn.operations.0.F.conv5.bias] will not optimize.
25-07-14 15:23:01.829 - WARNING: Params [module.irn.operations.0.NF.beta] will not optimize.
2025-07-14 15:23:01,829 - WARNING - Params [module.irn.operations.0.NF.beta] will not optimize.
25-07-14 15:23:01.830 - WARNING: Params [module.irn.operations.0.NF.gamma] will not optimize.
2025-07-14 15:23:01,830 - WARNING - Params [module.irn.operations.0.NF.gamma] will not optimize.
25-07-14 15:23:01.830 - WARNING: Params [module.irn.operations.0.NF.conv1.weight] will not optimize.
2025-07-14 15:23:01,830 - WARNING - Params [module.irn.operations.0.NF.conv1.weight] will not optimize.
25-07-14 15:23:01.830 - WARNING: Params [module.irn.operations.0.NF.conv1.bias] will not optimize.
2025-07-14 15:23:01,830 - WARNING - Params [module.irn.operations.0.NF.conv1.bias] will not optimize.
25-07-14 15:23:01.830 - WARNING: Params [module.irn.operations.0.NF.conv2.weight] will not optimize.
2025-07-14 15:23:01,830 - WARNING - Params [module.irn.operations.0.NF.conv2.weight] will not optimize.
25-07-14 15:23:01.830 - WARNING: Params [module.irn.operations.0.NF.conv2.bias] will not optimize.
2025-07-14 15:23:01,830 - WARNING - Params [module.irn.operations.0.NF.conv2.bias] will not optimize.
25-07-14 15:23:01.830 - WARNING: Params [module.irn.operations.0.NF.conv3.weight] will not optimize.
2025-07-14 15:23:01,830 - WARNING - Params [module.irn.operations.0.NF.conv3.weight] will not optimize.
25-07-14 15:23:01.830 - WARNING: Params [module.irn.operations.0.NF.conv3.bias] will not optimize.
2025-07-14 15:23:01,830 - WARNING - Params [module.irn.operations.0.NF.conv3.bias] will not optimize.
25-07-14 15:23:01.830 - WARNING: Params [module.irn.operations.0.NF.sca.1.weight] will not optimize.
2025-07-14 15:23:01,830 - WARNING - Params [module.irn.operations.0.NF.sca.1.weight] will not optimize.
25-07-14 15:23:01.830 - WARNING: Params [module.irn.operations.0.NF.sca.1.bias] will not optimize.
2025-07-14 15:23:01,830 - WARNING - Params [module.irn.operations.0.NF.sca.1.bias] will not optimize.
25-07-14 15:23:01.830 - WARNING: Params [module.irn.operations.0.NF.conv4.weight] will not optimize.
2025-07-14 15:23:01,830 - WARNING - Params [module.irn.operations.0.NF.conv4.weight] will not optimize.
25-07-14 15:23:01.830 - WARNING: Params [module.irn.operations.0.NF.conv4.bias] will not optimize.
2025-07-14 15:23:01,830 - WARNING - Params [module.irn.operations.0.NF.conv4.bias] will not optimize.
25-07-14 15:23:01.830 - WARNING: Params [module.irn.operations.0.NF.conv5.weight] will not optimize.
2025-07-14 15:23:01,830 - WARNING - Params [module.irn.operations.0.NF.conv5.weight] will not optimize.
25-07-14 15:23:01.830 - WARNING: Params [module.irn.operations.0.NF.conv5.bias] will not optimize.
2025-07-14 15:23:01,830 - WARNING - Params [module.irn.operations.0.NF.conv5.bias] will not optimize.
25-07-14 15:23:01.830 - WARNING: Params [module.irn.operations.0.NF.norm1.weight] will not optimize.
2025-07-14 15:23:01,830 - WARNING - Params [module.irn.operations.0.NF.norm1.weight] will not optimize.
25-07-14 15:23:01.830 - WARNING: Params [module.irn.operations.0.NF.norm1.bias] will not optimize.
2025-07-14 15:23:01,830 - WARNING - Params [module.irn.operations.0.NF.norm1.bias] will not optimize.
25-07-14 15:23:01.830 - WARNING: Params [module.irn.operations.0.NF.norm2.weight] will not optimize.
2025-07-14 15:23:01,830 - WARNING - Params [module.irn.operations.0.NF.norm2.weight] will not optimize.
25-07-14 15:23:01.831 - WARNING: Params [module.irn.operations.0.NF.norm2.bias] will not optimize.
2025-07-14 15:23:01,831 - WARNING - Params [module.irn.operations.0.NF.norm2.bias] will not optimize.
25-07-14 15:23:01.831 - WARNING: Params [module.irn.operations.0.G.conv1.weight] will not optimize.
2025-07-14 15:23:01,831 - WARNING - Params [module.irn.operations.0.G.conv1.weight] will not optimize.
25-07-14 15:23:01.831 - WARNING: Params [module.irn.operations.0.G.conv1.bias] will not optimize.
2025-07-14 15:23:01,831 - WARNING - Params [module.irn.operations.0.G.conv1.bias] will not optimize.
25-07-14 15:23:01.831 - WARNING: Params [module.irn.operations.0.G.conv2.weight] will not optimize.
2025-07-14 15:23:01,831 - WARNING - Params [module.irn.operations.0.G.conv2.weight] will not optimize.
25-07-14 15:23:01.831 - WARNING: Params [module.irn.operations.0.G.conv2.bias] will not optimize.
2025-07-14 15:23:01,831 - WARNING - Params [module.irn.operations.0.G.conv2.bias] will not optimize.
25-07-14 15:23:01.831 - WARNING: Params [module.irn.operations.0.G.conv3.weight] will not optimize.
2025-07-14 15:23:01,831 - WARNING - Params [module.irn.operations.0.G.conv3.weight] will not optimize.
25-07-14 15:23:01.831 - WARNING: Params [module.irn.operations.0.G.conv3.bias] will not optimize.
2025-07-14 15:23:01,831 - WARNING - Params [module.irn.operations.0.G.conv3.bias] will not optimize.
25-07-14 15:23:01.831 - WARNING: Params [module.irn.operations.0.G.conv4.weight] will not optimize.
2025-07-14 15:23:01,831 - WARNING - Params [module.irn.operations.0.G.conv4.weight] will not optimize.
25-07-14 15:23:01.831 - WARNING: Params [module.irn.operations.0.G.conv4.bias] will not optimize.
2025-07-14 15:23:01,831 - WARNING - Params [module.irn.operations.0.G.conv4.bias] will not optimize.
25-07-14 15:23:01.831 - WARNING: Params [module.irn.operations.0.G.conv5.weight] will not optimize.
2025-07-14 15:23:01,831 - WARNING - Params [module.irn.operations.0.G.conv5.weight] will not optimize.
25-07-14 15:23:01.831 - WARNING: Params [module.irn.operations.0.G.conv5.bias] will not optimize.
2025-07-14 15:23:01,831 - WARNING - Params [module.irn.operations.0.G.conv5.bias] will not optimize.
25-07-14 15:23:01.831 - WARNING: Params [module.irn.operations.0.NG.beta] will not optimize.
2025-07-14 15:23:01,831 - WARNING - Params [module.irn.operations.0.NG.beta] will not optimize.
25-07-14 15:23:01.831 - WARNING: Params [module.irn.operations.0.NG.gamma] will not optimize.
2025-07-14 15:23:01,831 - WARNING - Params [module.irn.operations.0.NG.gamma] will not optimize.
25-07-14 15:23:01.831 - WARNING: Params [module.irn.operations.0.NG.conv1.weight] will not optimize.
2025-07-14 15:23:01,831 - WARNING - Params [module.irn.operations.0.NG.conv1.weight] will not optimize.
25-07-14 15:23:01.831 - WARNING: Params [module.irn.operations.0.NG.conv1.bias] will not optimize.
2025-07-14 15:23:01,831 - WARNING - Params [module.irn.operations.0.NG.conv1.bias] will not optimize.
25-07-14 15:23:01.831 - WARNING: Params [module.irn.operations.0.NG.conv2.weight] will not optimize.
2025-07-14 15:23:01,831 - WARNING - Params [module.irn.operations.0.NG.conv2.weight] will not optimize.
25-07-14 15:23:01.832 - WARNING: Params [module.irn.operations.0.NG.conv2.bias] will not optimize.
2025-07-14 15:23:01,832 - WARNING - Params [module.irn.operations.0.NG.conv2.bias] will not optimize.
25-07-14 15:23:01.832 - WARNING: Params [module.irn.operations.0.NG.conv3.weight] will not optimize.
2025-07-14 15:23:01,832 - WARNING - Params [module.irn.operations.0.NG.conv3.weight] will not optimize.
25-07-14 15:23:01.832 - WARNING: Params [module.irn.operations.0.NG.conv3.bias] will not optimize.
2025-07-14 15:23:01,832 - WARNING - Params [module.irn.operations.0.NG.conv3.bias] will not optimize.
25-07-14 15:23:01.832 - WARNING: Params [module.irn.operations.0.NG.sca.1.weight] will not optimize.
2025-07-14 15:23:01,832 - WARNING - Params [module.irn.operations.0.NG.sca.1.weight] will not optimize.
25-07-14 15:23:01.832 - WARNING: Params [module.irn.operations.0.NG.sca.1.bias] will not optimize.
2025-07-14 15:23:01,832 - WARNING - Params [module.irn.operations.0.NG.sca.1.bias] will not optimize.
25-07-14 15:23:01.832 - WARNING: Params [module.irn.operations.0.NG.conv4.weight] will not optimize.
2025-07-14 15:23:01,832 - WARNING - Params [module.irn.operations.0.NG.conv4.weight] will not optimize.
25-07-14 15:23:01.832 - WARNING: Params [module.irn.operations.0.NG.conv4.bias] will not optimize.
2025-07-14 15:23:01,832 - WARNING - Params [module.irn.operations.0.NG.conv4.bias] will not optimize.
25-07-14 15:23:01.832 - WARNING: Params [module.irn.operations.0.NG.conv5.weight] will not optimize.
2025-07-14 15:23:01,832 - WARNING - Params [module.irn.operations.0.NG.conv5.weight] will not optimize.
25-07-14 15:23:01.832 - WARNING: Params [module.irn.operations.0.NG.conv5.bias] will not optimize.
2025-07-14 15:23:01,832 - WARNING - Params [module.irn.operations.0.NG.conv5.bias] will not optimize.
25-07-14 15:23:01.832 - WARNING: Params [module.irn.operations.0.NG.norm1.weight] will not optimize.
2025-07-14 15:23:01,832 - WARNING - Params [module.irn.operations.0.NG.norm1.weight] will not optimize.
25-07-14 15:23:01.832 - WARNING: Params [module.irn.operations.0.NG.norm1.bias] will not optimize.
2025-07-14 15:23:01,832 - WARNING - Params [module.irn.operations.0.NG.norm1.bias] will not optimize.
25-07-14 15:23:01.832 - WARNING: Params [module.irn.operations.0.NG.norm2.weight] will not optimize.
2025-07-14 15:23:01,832 - WARNING - Params [module.irn.operations.0.NG.norm2.weight] will not optimize.
25-07-14 15:23:01.832 - WARNING: Params [module.irn.operations.0.NG.norm2.bias] will not optimize.
2025-07-14 15:23:01,832 - WARNING - Params [module.irn.operations.0.NG.norm2.bias] will not optimize.
25-07-14 15:23:01.832 - WARNING: Params [module.irn.operations.0.H.conv1.weight] will not optimize.
2025-07-14 15:23:01,832 - WARNING - Params [module.irn.operations.0.H.conv1.weight] will not optimize.
25-07-14 15:23:01.832 - WARNING: Params [module.irn.operations.0.H.conv1.bias] will not optimize.
2025-07-14 15:23:01,832 - WARNING - Params [module.irn.operations.0.H.conv1.bias] will not optimize.
25-07-14 15:23:01.832 - WARNING: Params [module.irn.operations.0.H.conv2.weight] will not optimize.
2025-07-14 15:23:01,832 - WARNING - Params [module.irn.operations.0.H.conv2.weight] will not optimize.
25-07-14 15:23:01.833 - WARNING: Params [module.irn.operations.0.H.conv2.bias] will not optimize.
2025-07-14 15:23:01,833 - WARNING - Params [module.irn.operations.0.H.conv2.bias] will not optimize.
25-07-14 15:23:01.833 - WARNING: Params [module.irn.operations.0.H.conv3.weight] will not optimize.
2025-07-14 15:23:01,833 - WARNING - Params [module.irn.operations.0.H.conv3.weight] will not optimize.
25-07-14 15:23:01.833 - WARNING: Params [module.irn.operations.0.H.conv3.bias] will not optimize.
2025-07-14 15:23:01,833 - WARNING - Params [module.irn.operations.0.H.conv3.bias] will not optimize.
25-07-14 15:23:01.833 - WARNING: Params [module.irn.operations.0.H.conv4.weight] will not optimize.
2025-07-14 15:23:01,833 - WARNING - Params [module.irn.operations.0.H.conv4.weight] will not optimize.
25-07-14 15:23:01.833 - WARNING: Params [module.irn.operations.0.H.conv4.bias] will not optimize.
2025-07-14 15:23:01,833 - WARNING - Params [module.irn.operations.0.H.conv4.bias] will not optimize.
25-07-14 15:23:01.833 - WARNING: Params [module.irn.operations.0.H.conv5.weight] will not optimize.
2025-07-14 15:23:01,833 - WARNING - Params [module.irn.operations.0.H.conv5.weight] will not optimize.
25-07-14 15:23:01.833 - WARNING: Params [module.irn.operations.0.H.conv5.bias] will not optimize.
2025-07-14 15:23:01,833 - WARNING - Params [module.irn.operations.0.H.conv5.bias] will not optimize.
25-07-14 15:23:01.833 - WARNING: Params [module.irn.operations.0.NH.beta] will not optimize.
2025-07-14 15:23:01,833 - WARNING - Params [module.irn.operations.0.NH.beta] will not optimize.
25-07-14 15:23:01.833 - WARNING: Params [module.irn.operations.0.NH.gamma] will not optimize.
2025-07-14 15:23:01,833 - WARNING - Params [module.irn.operations.0.NH.gamma] will not optimize.
25-07-14 15:23:01.833 - WARNING: Params [module.irn.operations.0.NH.conv1.weight] will not optimize.
2025-07-14 15:23:01,833 - WARNING - Params [module.irn.operations.0.NH.conv1.weight] will not optimize.
25-07-14 15:23:01.833 - WARNING: Params [module.irn.operations.0.NH.conv1.bias] will not optimize.
2025-07-14 15:23:01,833 - WARNING - Params [module.irn.operations.0.NH.conv1.bias] will not optimize.
25-07-14 15:23:01.833 - WARNING: Params [module.irn.operations.0.NH.conv2.weight] will not optimize.
2025-07-14 15:23:01,833 - WARNING - Params [module.irn.operations.0.NH.conv2.weight] will not optimize.
25-07-14 15:23:01.833 - WARNING: Params [module.irn.operations.0.NH.conv2.bias] will not optimize.
2025-07-14 15:23:01,833 - WARNING - Params [module.irn.operations.0.NH.conv2.bias] will not optimize.
25-07-14 15:23:01.833 - WARNING: Params [module.irn.operations.0.NH.conv3.weight] will not optimize.
2025-07-14 15:23:01,833 - WARNING - Params [module.irn.operations.0.NH.conv3.weight] will not optimize.
25-07-14 15:23:01.833 - WARNING: Params [module.irn.operations.0.NH.conv3.bias] will not optimize.
2025-07-14 15:23:01,833 - WARNING - Params [module.irn.operations.0.NH.conv3.bias] will not optimize.
25-07-14 15:23:01.833 - WARNING: Params [module.irn.operations.0.NH.sca.1.weight] will not optimize.
2025-07-14 15:23:01,833 - WARNING - Params [module.irn.operations.0.NH.sca.1.weight] will not optimize.
25-07-14 15:23:01.833 - WARNING: Params [module.irn.operations.0.NH.sca.1.bias] will not optimize.
2025-07-14 15:23:01,833 - WARNING - Params [module.irn.operations.0.NH.sca.1.bias] will not optimize.
25-07-14 15:23:01.833 - WARNING: Params [module.irn.operations.0.NH.conv4.weight] will not optimize.
2025-07-14 15:23:01,833 - WARNING - Params [module.irn.operations.0.NH.conv4.weight] will not optimize.
25-07-14 15:23:01.834 - WARNING: Params [module.irn.operations.0.NH.conv4.bias] will not optimize.
2025-07-14 15:23:01,834 - WARNING - Params [module.irn.operations.0.NH.conv4.bias] will not optimize.
25-07-14 15:23:01.834 - WARNING: Params [module.irn.operations.0.NH.conv5.weight] will not optimize.
2025-07-14 15:23:01,834 - WARNING - Params [module.irn.operations.0.NH.conv5.weight] will not optimize.
25-07-14 15:23:01.834 - WARNING: Params [module.irn.operations.0.NH.conv5.bias] will not optimize.
2025-07-14 15:23:01,834 - WARNING - Params [module.irn.operations.0.NH.conv5.bias] will not optimize.
25-07-14 15:23:01.834 - WARNING: Params [module.irn.operations.0.NH.norm1.weight] will not optimize.
2025-07-14 15:23:01,834 - WARNING - Params [module.irn.operations.0.NH.norm1.weight] will not optimize.
25-07-14 15:23:01.834 - WARNING: Params [module.irn.operations.0.NH.norm1.bias] will not optimize.
2025-07-14 15:23:01,834 - WARNING - Params [module.irn.operations.0.NH.norm1.bias] will not optimize.
25-07-14 15:23:01.834 - WARNING: Params [module.irn.operations.0.NH.norm2.weight] will not optimize.
2025-07-14 15:23:01,834 - WARNING - Params [module.irn.operations.0.NH.norm2.weight] will not optimize.
25-07-14 15:23:01.834 - WARNING: Params [module.irn.operations.0.NH.norm2.bias] will not optimize.
2025-07-14 15:23:01,834 - WARNING - Params [module.irn.operations.0.NH.norm2.bias] will not optimize.
25-07-14 15:23:01.834 - WARNING: Params [module.irn.operations.1.F.conv1.weight] will not optimize.
2025-07-14 15:23:01,834 - WARNING - Params [module.irn.operations.1.F.conv1.weight] will not optimize.
25-07-14 15:23:01.834 - WARNING: Params [module.irn.operations.1.F.conv1.bias] will not optimize.
2025-07-14 15:23:01,834 - WARNING - Params [module.irn.operations.1.F.conv1.bias] will not optimize.
25-07-14 15:23:01.834 - WARNING: Params [module.irn.operations.1.F.conv2.weight] will not optimize.
2025-07-14 15:23:01,834 - WARNING - Params [module.irn.operations.1.F.conv2.weight] will not optimize.
25-07-14 15:23:01.834 - WARNING: Params [module.irn.operations.1.F.conv2.bias] will not optimize.
2025-07-14 15:23:01,834 - WARNING - Params [module.irn.operations.1.F.conv2.bias] will not optimize.
25-07-14 15:23:01.834 - WARNING: Params [module.irn.operations.1.F.conv3.weight] will not optimize.
2025-07-14 15:23:01,834 - WARNING - Params [module.irn.operations.1.F.conv3.weight] will not optimize.
25-07-14 15:23:01.834 - WARNING: Params [module.irn.operations.1.F.conv3.bias] will not optimize.
2025-07-14 15:23:01,834 - WARNING - Params [module.irn.operations.1.F.conv3.bias] will not optimize.
25-07-14 15:23:01.834 - WARNING: Params [module.irn.operations.1.F.conv4.weight] will not optimize.
2025-07-14 15:23:01,834 - WARNING - Params [module.irn.operations.1.F.conv4.weight] will not optimize.
25-07-14 15:23:01.834 - WARNING: Params [module.irn.operations.1.F.conv4.bias] will not optimize.
2025-07-14 15:23:01,834 - WARNING - Params [module.irn.operations.1.F.conv4.bias] will not optimize.
25-07-14 15:23:01.834 - WARNING: Params [module.irn.operations.1.F.conv5.weight] will not optimize.
2025-07-14 15:23:01,834 - WARNING - Params [module.irn.operations.1.F.conv5.weight] will not optimize.
25-07-14 15:23:01.834 - WARNING: Params [module.irn.operations.1.F.conv5.bias] will not optimize.
2025-07-14 15:23:01,834 - WARNING - Params [module.irn.operations.1.F.conv5.bias] will not optimize.
25-07-14 15:23:01.835 - WARNING: Params [module.irn.operations.1.NF.beta] will not optimize.
2025-07-14 15:23:01,835 - WARNING - Params [module.irn.operations.1.NF.beta] will not optimize.
25-07-14 15:23:01.835 - WARNING: Params [module.irn.operations.1.NF.gamma] will not optimize.
2025-07-14 15:23:01,835 - WARNING - Params [module.irn.operations.1.NF.gamma] will not optimize.
25-07-14 15:23:01.835 - WARNING: Params [module.irn.operations.1.NF.conv1.weight] will not optimize.
2025-07-14 15:23:01,835 - WARNING - Params [module.irn.operations.1.NF.conv1.weight] will not optimize.
25-07-14 15:23:01.835 - WARNING: Params [module.irn.operations.1.NF.conv1.bias] will not optimize.
2025-07-14 15:23:01,835 - WARNING - Params [module.irn.operations.1.NF.conv1.bias] will not optimize.
25-07-14 15:23:01.835 - WARNING: Params [module.irn.operations.1.NF.conv2.weight] will not optimize.
2025-07-14 15:23:01,835 - WARNING - Params [module.irn.operations.1.NF.conv2.weight] will not optimize.
25-07-14 15:23:01.835 - WARNING: Params [module.irn.operations.1.NF.conv2.bias] will not optimize.
2025-07-14 15:23:01,835 - WARNING - Params [module.irn.operations.1.NF.conv2.bias] will not optimize.
25-07-14 15:23:01.835 - WARNING: Params [module.irn.operations.1.NF.conv3.weight] will not optimize.
2025-07-14 15:23:01,835 - WARNING - Params [module.irn.operations.1.NF.conv3.weight] will not optimize.
25-07-14 15:23:01.835 - WARNING: Params [module.irn.operations.1.NF.conv3.bias] will not optimize.
2025-07-14 15:23:01,835 - WARNING - Params [module.irn.operations.1.NF.conv3.bias] will not optimize.
25-07-14 15:23:01.835 - WARNING: Params [module.irn.operations.1.NF.sca.1.weight] will not optimize.
2025-07-14 15:23:01,835 - WARNING - Params [module.irn.operations.1.NF.sca.1.weight] will not optimize.
25-07-14 15:23:01.835 - WARNING: Params [module.irn.operations.1.NF.sca.1.bias] will not optimize.
2025-07-14 15:23:01,835 - WARNING - Params [module.irn.operations.1.NF.sca.1.bias] will not optimize.
25-07-14 15:23:01.835 - WARNING: Params [module.irn.operations.1.NF.conv4.weight] will not optimize.
2025-07-14 15:23:01,835 - WARNING - Params [module.irn.operations.1.NF.conv4.weight] will not optimize.
25-07-14 15:23:01.835 - WARNING: Params [module.irn.operations.1.NF.conv4.bias] will not optimize.
2025-07-14 15:23:01,835 - WARNING - Params [module.irn.operations.1.NF.conv4.bias] will not optimize.
25-07-14 15:23:01.835 - WARNING: Params [module.irn.operations.1.NF.conv5.weight] will not optimize.
2025-07-14 15:23:01,835 - WARNING - Params [module.irn.operations.1.NF.conv5.weight] will not optimize.
25-07-14 15:23:01.835 - WARNING: Params [module.irn.operations.1.NF.conv5.bias] will not optimize.
2025-07-14 15:23:01,835 - WARNING - Params [module.irn.operations.1.NF.conv5.bias] will not optimize.
25-07-14 15:23:01.835 - WARNING: Params [module.irn.operations.1.NF.norm1.weight] will not optimize.
2025-07-14 15:23:01,835 - WARNING - Params [module.irn.operations.1.NF.norm1.weight] will not optimize.
25-07-14 15:23:01.835 - WARNING: Params [module.irn.operations.1.NF.norm1.bias] will not optimize.
2025-07-14 15:23:01,835 - WARNING - Params [module.irn.operations.1.NF.norm1.bias] will not optimize.
25-07-14 15:23:01.836 - WARNING: Params [module.irn.operations.1.NF.norm2.weight] will not optimize.
2025-07-14 15:23:01,836 - WARNING - Params [module.irn.operations.1.NF.norm2.weight] will not optimize.
25-07-14 15:23:01.836 - WARNING: Params [module.irn.operations.1.NF.norm2.bias] will not optimize.
2025-07-14 15:23:01,836 - WARNING - Params [module.irn.operations.1.NF.norm2.bias] will not optimize.
25-07-14 15:23:01.836 - WARNING: Params [module.irn.operations.1.G.conv1.weight] will not optimize.
2025-07-14 15:23:01,836 - WARNING - Params [module.irn.operations.1.G.conv1.weight] will not optimize.
25-07-14 15:23:01.836 - WARNING: Params [module.irn.operations.1.G.conv1.bias] will not optimize.
2025-07-14 15:23:01,836 - WARNING - Params [module.irn.operations.1.G.conv1.bias] will not optimize.
25-07-14 15:23:01.836 - WARNING: Params [module.irn.operations.1.G.conv2.weight] will not optimize.
2025-07-14 15:23:01,836 - WARNING - Params [module.irn.operations.1.G.conv2.weight] will not optimize.
25-07-14 15:23:01.836 - WARNING: Params [module.irn.operations.1.G.conv2.bias] will not optimize.
2025-07-14 15:23:01,836 - WARNING - Params [module.irn.operations.1.G.conv2.bias] will not optimize.
25-07-14 15:23:01.836 - WARNING: Params [module.irn.operations.1.G.conv3.weight] will not optimize.
2025-07-14 15:23:01,836 - WARNING - Params [module.irn.operations.1.G.conv3.weight] will not optimize.
25-07-14 15:23:01.836 - WARNING: Params [module.irn.operations.1.G.conv3.bias] will not optimize.
2025-07-14 15:23:01,836 - WARNING - Params [module.irn.operations.1.G.conv3.bias] will not optimize.
25-07-14 15:23:01.836 - WARNING: Params [module.irn.operations.1.G.conv4.weight] will not optimize.
2025-07-14 15:23:01,836 - WARNING - Params [module.irn.operations.1.G.conv4.weight] will not optimize.
25-07-14 15:23:01.836 - WARNING: Params [module.irn.operations.1.G.conv4.bias] will not optimize.
2025-07-14 15:23:01,836 - WARNING - Params [module.irn.operations.1.G.conv4.bias] will not optimize.
25-07-14 15:23:01.836 - WARNING: Params [module.irn.operations.1.G.conv5.weight] will not optimize.
2025-07-14 15:23:01,836 - WARNING - Params [module.irn.operations.1.G.conv5.weight] will not optimize.
25-07-14 15:23:01.836 - WARNING: Params [module.irn.operations.1.G.conv5.bias] will not optimize.
2025-07-14 15:23:01,836 - WARNING - Params [module.irn.operations.1.G.conv5.bias] will not optimize.
25-07-14 15:23:01.836 - WARNING: Params [module.irn.operations.1.NG.beta] will not optimize.
2025-07-14 15:23:01,836 - WARNING - Params [module.irn.operations.1.NG.beta] will not optimize.
25-07-14 15:23:01.836 - WARNING: Params [module.irn.operations.1.NG.gamma] will not optimize.
2025-07-14 15:23:01,836 - WARNING - Params [module.irn.operations.1.NG.gamma] will not optimize.
25-07-14 15:23:01.836 - WARNING: Params [module.irn.operations.1.NG.conv1.weight] will not optimize.
2025-07-14 15:23:01,836 - WARNING - Params [module.irn.operations.1.NG.conv1.weight] will not optimize.
25-07-14 15:23:01.836 - WARNING: Params [module.irn.operations.1.NG.conv1.bias] will not optimize.
2025-07-14 15:23:01,836 - WARNING - Params [module.irn.operations.1.NG.conv1.bias] will not optimize.
25-07-14 15:23:01.837 - WARNING: Params [module.irn.operations.1.NG.conv2.weight] will not optimize.
2025-07-14 15:23:01,837 - WARNING - Params [module.irn.operations.1.NG.conv2.weight] will not optimize.
25-07-14 15:23:01.837 - WARNING: Params [module.irn.operations.1.NG.conv2.bias] will not optimize.
2025-07-14 15:23:01,837 - WARNING - Params [module.irn.operations.1.NG.conv2.bias] will not optimize.
25-07-14 15:23:01.837 - WARNING: Params [module.irn.operations.1.NG.conv3.weight] will not optimize.
2025-07-14 15:23:01,837 - WARNING - Params [module.irn.operations.1.NG.conv3.weight] will not optimize.
25-07-14 15:23:01.837 - WARNING: Params [module.irn.operations.1.NG.conv3.bias] will not optimize.
2025-07-14 15:23:01,837 - WARNING - Params [module.irn.operations.1.NG.conv3.bias] will not optimize.
25-07-14 15:23:01.837 - WARNING: Params [module.irn.operations.1.NG.sca.1.weight] will not optimize.
2025-07-14 15:23:01,837 - WARNING - Params [module.irn.operations.1.NG.sca.1.weight] will not optimize.
25-07-14 15:23:01.837 - WARNING: Params [module.irn.operations.1.NG.sca.1.bias] will not optimize.
2025-07-14 15:23:01,837 - WARNING - Params [module.irn.operations.1.NG.sca.1.bias] will not optimize.
25-07-14 15:23:01.837 - WARNING: Params [module.irn.operations.1.NG.conv4.weight] will not optimize.
2025-07-14 15:23:01,837 - WARNING - Params [module.irn.operations.1.NG.conv4.weight] will not optimize.
25-07-14 15:23:01.837 - WARNING: Params [module.irn.operations.1.NG.conv4.bias] will not optimize.
2025-07-14 15:23:01,837 - WARNING - Params [module.irn.operations.1.NG.conv4.bias] will not optimize.
25-07-14 15:23:01.837 - WARNING: Params [module.irn.operations.1.NG.conv5.weight] will not optimize.
2025-07-14 15:23:01,837 - WARNING - Params [module.irn.operations.1.NG.conv5.weight] will not optimize.
25-07-14 15:23:01.837 - WARNING: Params [module.irn.operations.1.NG.conv5.bias] will not optimize.
2025-07-14 15:23:01,837 - WARNING - Params [module.irn.operations.1.NG.conv5.bias] will not optimize.
25-07-14 15:23:01.837 - WARNING: Params [module.irn.operations.1.NG.norm1.weight] will not optimize.
2025-07-14 15:23:01,837 - WARNING - Params [module.irn.operations.1.NG.norm1.weight] will not optimize.
25-07-14 15:23:01.837 - WARNING: Params [module.irn.operations.1.NG.norm1.bias] will not optimize.
2025-07-14 15:23:01,837 - WARNING - Params [module.irn.operations.1.NG.norm1.bias] will not optimize.
25-07-14 15:23:01.837 - WARNING: Params [module.irn.operations.1.NG.norm2.weight] will not optimize.
2025-07-14 15:23:01,837 - WARNING - Params [module.irn.operations.1.NG.norm2.weight] will not optimize.
25-07-14 15:23:01.837 - WARNING: Params [module.irn.operations.1.NG.norm2.bias] will not optimize.
2025-07-14 15:23:01,837 - WARNING - Params [module.irn.operations.1.NG.norm2.bias] will not optimize.
25-07-14 15:23:01.837 - WARNING: Params [module.irn.operations.1.H.conv1.weight] will not optimize.
2025-07-14 15:23:01,837 - WARNING - Params [module.irn.operations.1.H.conv1.weight] will not optimize.
25-07-14 15:23:01.837 - WARNING: Params [module.irn.operations.1.H.conv1.bias] will not optimize.
2025-07-14 15:23:01,837 - WARNING - Params [module.irn.operations.1.H.conv1.bias] will not optimize.
25-07-14 15:23:01.837 - WARNING: Params [module.irn.operations.1.H.conv2.weight] will not optimize.
2025-07-14 15:23:01,837 - WARNING - Params [module.irn.operations.1.H.conv2.weight] will not optimize.
25-07-14 15:23:01.837 - WARNING: Params [module.irn.operations.1.H.conv2.bias] will not optimize.
2025-07-14 15:23:01,837 - WARNING - Params [module.irn.operations.1.H.conv2.bias] will not optimize.
25-07-14 15:23:01.838 - WARNING: Params [module.irn.operations.1.H.conv3.weight] will not optimize.
2025-07-14 15:23:01,838 - WARNING - Params [module.irn.operations.1.H.conv3.weight] will not optimize.
25-07-14 15:23:01.838 - WARNING: Params [module.irn.operations.1.H.conv3.bias] will not optimize.
2025-07-14 15:23:01,838 - WARNING - Params [module.irn.operations.1.H.conv3.bias] will not optimize.
25-07-14 15:23:01.838 - WARNING: Params [module.irn.operations.1.H.conv4.weight] will not optimize.
2025-07-14 15:23:01,838 - WARNING - Params [module.irn.operations.1.H.conv4.weight] will not optimize.
25-07-14 15:23:01.838 - WARNING: Params [module.irn.operations.1.H.conv4.bias] will not optimize.
2025-07-14 15:23:01,838 - WARNING - Params [module.irn.operations.1.H.conv4.bias] will not optimize.
25-07-14 15:23:01.838 - WARNING: Params [module.irn.operations.1.H.conv5.weight] will not optimize.
2025-07-14 15:23:01,838 - WARNING - Params [module.irn.operations.1.H.conv5.weight] will not optimize.
25-07-14 15:23:01.838 - WARNING: Params [module.irn.operations.1.H.conv5.bias] will not optimize.
2025-07-14 15:23:01,838 - WARNING - Params [module.irn.operations.1.H.conv5.bias] will not optimize.
25-07-14 15:23:01.838 - WARNING: Params [module.irn.operations.1.NH.beta] will not optimize.
2025-07-14 15:23:01,838 - WARNING - Params [module.irn.operations.1.NH.beta] will not optimize.
25-07-14 15:23:01.838 - WARNING: Params [module.irn.operations.1.NH.gamma] will not optimize.
2025-07-14 15:23:01,838 - WARNING - Params [module.irn.operations.1.NH.gamma] will not optimize.
25-07-14 15:23:01.838 - WARNING: Params [module.irn.operations.1.NH.conv1.weight] will not optimize.
2025-07-14 15:23:01,838 - WARNING - Params [module.irn.operations.1.NH.conv1.weight] will not optimize.
25-07-14 15:23:01.838 - WARNING: Params [module.irn.operations.1.NH.conv1.bias] will not optimize.
2025-07-14 15:23:01,838 - WARNING - Params [module.irn.operations.1.NH.conv1.bias] will not optimize.
25-07-14 15:23:01.838 - WARNING: Params [module.irn.operations.1.NH.conv2.weight] will not optimize.
2025-07-14 15:23:01,838 - WARNING - Params [module.irn.operations.1.NH.conv2.weight] will not optimize.
25-07-14 15:23:01.838 - WARNING: Params [module.irn.operations.1.NH.conv2.bias] will not optimize.
2025-07-14 15:23:01,838 - WARNING - Params [module.irn.operations.1.NH.conv2.bias] will not optimize.
25-07-14 15:23:01.838 - WARNING: Params [module.irn.operations.1.NH.conv3.weight] will not optimize.
2025-07-14 15:23:01,838 - WARNING - Params [module.irn.operations.1.NH.conv3.weight] will not optimize.
25-07-14 15:23:01.838 - WARNING: Params [module.irn.operations.1.NH.conv3.bias] will not optimize.
2025-07-14 15:23:01,838 - WARNING - Params [module.irn.operations.1.NH.conv3.bias] will not optimize.
25-07-14 15:23:01.838 - WARNING: Params [module.irn.operations.1.NH.sca.1.weight] will not optimize.
2025-07-14 15:23:01,838 - WARNING - Params [module.irn.operations.1.NH.sca.1.weight] will not optimize.
25-07-14 15:23:01.838 - WARNING: Params [module.irn.operations.1.NH.sca.1.bias] will not optimize.
2025-07-14 15:23:01,838 - WARNING - Params [module.irn.operations.1.NH.sca.1.bias] will not optimize.
25-07-14 15:23:01.839 - WARNING: Params [module.irn.operations.1.NH.conv4.weight] will not optimize.
2025-07-14 15:23:01,839 - WARNING - Params [module.irn.operations.1.NH.conv4.weight] will not optimize.
25-07-14 15:23:01.839 - WARNING: Params [module.irn.operations.1.NH.conv4.bias] will not optimize.
2025-07-14 15:23:01,839 - WARNING - Params [module.irn.operations.1.NH.conv4.bias] will not optimize.
25-07-14 15:23:01.839 - WARNING: Params [module.irn.operations.1.NH.conv5.weight] will not optimize.
2025-07-14 15:23:01,839 - WARNING - Params [module.irn.operations.1.NH.conv5.weight] will not optimize.
25-07-14 15:23:01.839 - WARNING: Params [module.irn.operations.1.NH.conv5.bias] will not optimize.
2025-07-14 15:23:01,839 - WARNING - Params [module.irn.operations.1.NH.conv5.bias] will not optimize.
25-07-14 15:23:01.839 - WARNING: Params [module.irn.operations.1.NH.norm1.weight] will not optimize.
2025-07-14 15:23:01,839 - WARNING - Params [module.irn.operations.1.NH.norm1.weight] will not optimize.
25-07-14 15:23:01.839 - WARNING: Params [module.irn.operations.1.NH.norm1.bias] will not optimize.
2025-07-14 15:23:01,839 - WARNING - Params [module.irn.operations.1.NH.norm1.bias] will not optimize.
25-07-14 15:23:01.839 - WARNING: Params [module.irn.operations.1.NH.norm2.weight] will not optimize.
2025-07-14 15:23:01,839 - WARNING - Params [module.irn.operations.1.NH.norm2.weight] will not optimize.
25-07-14 15:23:01.839 - WARNING: Params [module.irn.operations.1.NH.norm2.bias] will not optimize.
2025-07-14 15:23:01,839 - WARNING - Params [module.irn.operations.1.NH.norm2.bias] will not optimize.
25-07-14 15:23:01.839 - WARNING: Params [module.irn.operations.2.F.conv1.weight] will not optimize.
2025-07-14 15:23:01,839 - WARNING - Params [module.irn.operations.2.F.conv1.weight] will not optimize.
25-07-14 15:23:01.839 - WARNING: Params [module.irn.operations.2.F.conv1.bias] will not optimize.
2025-07-14 15:23:01,839 - WARNING - Params [module.irn.operations.2.F.conv1.bias] will not optimize.
25-07-14 15:23:01.839 - WARNING: Params [module.irn.operations.2.F.conv2.weight] will not optimize.
2025-07-14 15:23:01,839 - WARNING - Params [module.irn.operations.2.F.conv2.weight] will not optimize.
25-07-14 15:23:01.839 - WARNING: Params [module.irn.operations.2.F.conv2.bias] will not optimize.
2025-07-14 15:23:01,839 - WARNING - Params [module.irn.operations.2.F.conv2.bias] will not optimize.
25-07-14 15:23:01.839 - WARNING: Params [module.irn.operations.2.F.conv3.weight] will not optimize.
2025-07-14 15:23:01,839 - WARNING - Params [module.irn.operations.2.F.conv3.weight] will not optimize.
25-07-14 15:23:01.839 - WARNING: Params [module.irn.operations.2.F.conv3.bias] will not optimize.
2025-07-14 15:23:01,839 - WARNING - Params [module.irn.operations.2.F.conv3.bias] will not optimize.
25-07-14 15:23:01.839 - WARNING: Params [module.irn.operations.2.F.conv4.weight] will not optimize.
2025-07-14 15:23:01,839 - WARNING - Params [module.irn.operations.2.F.conv4.weight] will not optimize.
25-07-14 15:23:01.839 - WARNING: Params [module.irn.operations.2.F.conv4.bias] will not optimize.
2025-07-14 15:23:01,839 - WARNING - Params [module.irn.operations.2.F.conv4.bias] will not optimize.
25-07-14 15:23:01.839 - WARNING: Params [module.irn.operations.2.F.conv5.weight] will not optimize.
2025-07-14 15:23:01,839 - WARNING - Params [module.irn.operations.2.F.conv5.weight] will not optimize.
25-07-14 15:23:01.840 - WARNING: Params [module.irn.operations.2.F.conv5.bias] will not optimize.
2025-07-14 15:23:01,840 - WARNING - Params [module.irn.operations.2.F.conv5.bias] will not optimize.
25-07-14 15:23:01.840 - WARNING: Params [module.irn.operations.2.NF.beta] will not optimize.
2025-07-14 15:23:01,840 - WARNING - Params [module.irn.operations.2.NF.beta] will not optimize.
25-07-14 15:23:01.840 - WARNING: Params [module.irn.operations.2.NF.gamma] will not optimize.
2025-07-14 15:23:01,840 - WARNING - Params [module.irn.operations.2.NF.gamma] will not optimize.
25-07-14 15:23:01.840 - WARNING: Params [module.irn.operations.2.NF.conv1.weight] will not optimize.
2025-07-14 15:23:01,840 - WARNING - Params [module.irn.operations.2.NF.conv1.weight] will not optimize.
25-07-14 15:23:01.840 - WARNING: Params [module.irn.operations.2.NF.conv1.bias] will not optimize.
2025-07-14 15:23:01,840 - WARNING - Params [module.irn.operations.2.NF.conv1.bias] will not optimize.
25-07-14 15:23:01.840 - WARNING: Params [module.irn.operations.2.NF.conv2.weight] will not optimize.
2025-07-14 15:23:01,840 - WARNING - Params [module.irn.operations.2.NF.conv2.weight] will not optimize.
25-07-14 15:23:01.840 - WARNING: Params [module.irn.operations.2.NF.conv2.bias] will not optimize.
2025-07-14 15:23:01,840 - WARNING - Params [module.irn.operations.2.NF.conv2.bias] will not optimize.
25-07-14 15:23:01.840 - WARNING: Params [module.irn.operations.2.NF.conv3.weight] will not optimize.
2025-07-14 15:23:01,840 - WARNING - Params [module.irn.operations.2.NF.conv3.weight] will not optimize.
25-07-14 15:23:01.840 - WARNING: Params [module.irn.operations.2.NF.conv3.bias] will not optimize.
2025-07-14 15:23:01,840 - WARNING - Params [module.irn.operations.2.NF.conv3.bias] will not optimize.
25-07-14 15:23:01.840 - WARNING: Params [module.irn.operations.2.NF.sca.1.weight] will not optimize.
2025-07-14 15:23:01,840 - WARNING - Params [module.irn.operations.2.NF.sca.1.weight] will not optimize.
25-07-14 15:23:01.840 - WARNING: Params [module.irn.operations.2.NF.sca.1.bias] will not optimize.
2025-07-14 15:23:01,840 - WARNING - Params [module.irn.operations.2.NF.sca.1.bias] will not optimize.
25-07-14 15:23:01.840 - WARNING: Params [module.irn.operations.2.NF.conv4.weight] will not optimize.
2025-07-14 15:23:01,840 - WARNING - Params [module.irn.operations.2.NF.conv4.weight] will not optimize.
25-07-14 15:23:01.840 - WARNING: Params [module.irn.operations.2.NF.conv4.bias] will not optimize.
2025-07-14 15:23:01,840 - WARNING - Params [module.irn.operations.2.NF.conv4.bias] will not optimize.
25-07-14 15:23:01.840 - WARNING: Params [module.irn.operations.2.NF.conv5.weight] will not optimize.
2025-07-14 15:23:01,840 - WARNING - Params [module.irn.operations.2.NF.conv5.weight] will not optimize.
25-07-14 15:23:01.840 - WARNING: Params [module.irn.operations.2.NF.conv5.bias] will not optimize.
2025-07-14 15:23:01,840 - WARNING - Params [module.irn.operations.2.NF.conv5.bias] will not optimize.
25-07-14 15:23:01.840 - WARNING: Params [module.irn.operations.2.NF.norm1.weight] will not optimize.
2025-07-14 15:23:01,840 - WARNING - Params [module.irn.operations.2.NF.norm1.weight] will not optimize.
25-07-14 15:23:01.840 - WARNING: Params [module.irn.operations.2.NF.norm1.bias] will not optimize.
2025-07-14 15:23:01,840 - WARNING - Params [module.irn.operations.2.NF.norm1.bias] will not optimize.
25-07-14 15:23:01.841 - WARNING: Params [module.irn.operations.2.NF.norm2.weight] will not optimize.
2025-07-14 15:23:01,841 - WARNING - Params [module.irn.operations.2.NF.norm2.weight] will not optimize.
25-07-14 15:23:01.841 - WARNING: Params [module.irn.operations.2.NF.norm2.bias] will not optimize.
2025-07-14 15:23:01,841 - WARNING - Params [module.irn.operations.2.NF.norm2.bias] will not optimize.
25-07-14 15:23:01.841 - WARNING: Params [module.irn.operations.2.G.conv1.weight] will not optimize.
2025-07-14 15:23:01,841 - WARNING - Params [module.irn.operations.2.G.conv1.weight] will not optimize.
25-07-14 15:23:01.841 - WARNING: Params [module.irn.operations.2.G.conv1.bias] will not optimize.
2025-07-14 15:23:01,841 - WARNING - Params [module.irn.operations.2.G.conv1.bias] will not optimize.
25-07-14 15:23:01.841 - WARNING: Params [module.irn.operations.2.G.conv2.weight] will not optimize.
2025-07-14 15:23:01,841 - WARNING - Params [module.irn.operations.2.G.conv2.weight] will not optimize.
25-07-14 15:23:01.841 - WARNING: Params [module.irn.operations.2.G.conv2.bias] will not optimize.
2025-07-14 15:23:01,841 - WARNING - Params [module.irn.operations.2.G.conv2.bias] will not optimize.
25-07-14 15:23:01.841 - WARNING: Params [module.irn.operations.2.G.conv3.weight] will not optimize.
2025-07-14 15:23:01,841 - WARNING - Params [module.irn.operations.2.G.conv3.weight] will not optimize.
25-07-14 15:23:01.841 - WARNING: Params [module.irn.operations.2.G.conv3.bias] will not optimize.
2025-07-14 15:23:01,841 - WARNING - Params [module.irn.operations.2.G.conv3.bias] will not optimize.
25-07-14 15:23:01.841 - WARNING: Params [module.irn.operations.2.G.conv4.weight] will not optimize.
2025-07-14 15:23:01,841 - WARNING - Params [module.irn.operations.2.G.conv4.weight] will not optimize.
25-07-14 15:23:01.841 - WARNING: Params [module.irn.operations.2.G.conv4.bias] will not optimize.
2025-07-14 15:23:01,841 - WARNING - Params [module.irn.operations.2.G.conv4.bias] will not optimize.
25-07-14 15:23:01.841 - WARNING: Params [module.irn.operations.2.G.conv5.weight] will not optimize.
2025-07-14 15:23:01,841 - WARNING - Params [module.irn.operations.2.G.conv5.weight] will not optimize.
25-07-14 15:23:01.841 - WARNING: Params [module.irn.operations.2.G.conv5.bias] will not optimize.
2025-07-14 15:23:01,841 - WARNING - Params [module.irn.operations.2.G.conv5.bias] will not optimize.
25-07-14 15:23:01.841 - WARNING: Params [module.irn.operations.2.NG.beta] will not optimize.
2025-07-14 15:23:01,841 - WARNING - Params [module.irn.operations.2.NG.beta] will not optimize.
25-07-14 15:23:01.841 - WARNING: Params [module.irn.operations.2.NG.gamma] will not optimize.
2025-07-14 15:23:01,841 - WARNING - Params [module.irn.operations.2.NG.gamma] will not optimize.
25-07-14 15:23:01.841 - WARNING: Params [module.irn.operations.2.NG.conv1.weight] will not optimize.
2025-07-14 15:23:01,841 - WARNING - Params [module.irn.operations.2.NG.conv1.weight] will not optimize.
25-07-14 15:23:01.841 - WARNING: Params [module.irn.operations.2.NG.conv1.bias] will not optimize.
2025-07-14 15:23:01,841 - WARNING - Params [module.irn.operations.2.NG.conv1.bias] will not optimize.
25-07-14 15:23:01.841 - WARNING: Params [module.irn.operations.2.NG.conv2.weight] will not optimize.
2025-07-14 15:23:01,841 - WARNING - Params [module.irn.operations.2.NG.conv2.weight] will not optimize.
25-07-14 15:23:01.841 - WARNING: Params [module.irn.operations.2.NG.conv2.bias] will not optimize.
2025-07-14 15:23:01,841 - WARNING - Params [module.irn.operations.2.NG.conv2.bias] will not optimize.
25-07-14 15:23:01.842 - WARNING: Params [module.irn.operations.2.NG.conv3.weight] will not optimize.
2025-07-14 15:23:01,842 - WARNING - Params [module.irn.operations.2.NG.conv3.weight] will not optimize.
25-07-14 15:23:01.842 - WARNING: Params [module.irn.operations.2.NG.conv3.bias] will not optimize.
2025-07-14 15:23:01,842 - WARNING - Params [module.irn.operations.2.NG.conv3.bias] will not optimize.
25-07-14 15:23:01.842 - WARNING: Params [module.irn.operations.2.NG.sca.1.weight] will not optimize.
2025-07-14 15:23:01,842 - WARNING - Params [module.irn.operations.2.NG.sca.1.weight] will not optimize.
25-07-14 15:23:01.842 - WARNING: Params [module.irn.operations.2.NG.sca.1.bias] will not optimize.
2025-07-14 15:23:01,842 - WARNING - Params [module.irn.operations.2.NG.sca.1.bias] will not optimize.
25-07-14 15:23:01.842 - WARNING: Params [module.irn.operations.2.NG.conv4.weight] will not optimize.
2025-07-14 15:23:01,842 - WARNING - Params [module.irn.operations.2.NG.conv4.weight] will not optimize.
25-07-14 15:23:01.842 - WARNING: Params [module.irn.operations.2.NG.conv4.bias] will not optimize.
2025-07-14 15:23:01,842 - WARNING - Params [module.irn.operations.2.NG.conv4.bias] will not optimize.
25-07-14 15:23:01.842 - WARNING: Params [module.irn.operations.2.NG.conv5.weight] will not optimize.
2025-07-14 15:23:01,842 - WARNING - Params [module.irn.operations.2.NG.conv5.weight] will not optimize.
25-07-14 15:23:01.842 - WARNING: Params [module.irn.operations.2.NG.conv5.bias] will not optimize.
2025-07-14 15:23:01,842 - WARNING - Params [module.irn.operations.2.NG.conv5.bias] will not optimize.
25-07-14 15:23:01.842 - WARNING: Params [module.irn.operations.2.NG.norm1.weight] will not optimize.
2025-07-14 15:23:01,842 - WARNING - Params [module.irn.operations.2.NG.norm1.weight] will not optimize.
25-07-14 15:23:01.842 - WARNING: Params [module.irn.operations.2.NG.norm1.bias] will not optimize.
2025-07-14 15:23:01,842 - WARNING - Params [module.irn.operations.2.NG.norm1.bias] will not optimize.
25-07-14 15:23:01.842 - WARNING: Params [module.irn.operations.2.NG.norm2.weight] will not optimize.
2025-07-14 15:23:01,842 - WARNING - Params [module.irn.operations.2.NG.norm2.weight] will not optimize.
25-07-14 15:23:01.842 - WARNING: Params [module.irn.operations.2.NG.norm2.bias] will not optimize.
2025-07-14 15:23:01,842 - WARNING - Params [module.irn.operations.2.NG.norm2.bias] will not optimize.
25-07-14 15:23:01.842 - WARNING: Params [module.irn.operations.2.H.conv1.weight] will not optimize.
2025-07-14 15:23:01,842 - WARNING - Params [module.irn.operations.2.H.conv1.weight] will not optimize.
25-07-14 15:23:01.842 - WARNING: Params [module.irn.operations.2.H.conv1.bias] will not optimize.
2025-07-14 15:23:01,842 - WARNING - Params [module.irn.operations.2.H.conv1.bias] will not optimize.
25-07-14 15:23:01.842 - WARNING: Params [module.irn.operations.2.H.conv2.weight] will not optimize.
2025-07-14 15:23:01,842 - WARNING - Params [module.irn.operations.2.H.conv2.weight] will not optimize.
25-07-14 15:23:01.842 - WARNING: Params [module.irn.operations.2.H.conv2.bias] will not optimize.
2025-07-14 15:23:01,842 - WARNING - Params [module.irn.operations.2.H.conv2.bias] will not optimize.
25-07-14 15:23:01.842 - WARNING: Params [module.irn.operations.2.H.conv3.weight] will not optimize.
2025-07-14 15:23:01,842 - WARNING - Params [module.irn.operations.2.H.conv3.weight] will not optimize.
25-07-14 15:23:01.843 - WARNING: Params [module.irn.operations.2.H.conv3.bias] will not optimize.
2025-07-14 15:23:01,843 - WARNING - Params [module.irn.operations.2.H.conv3.bias] will not optimize.
25-07-14 15:23:01.843 - WARNING: Params [module.irn.operations.2.H.conv4.weight] will not optimize.
2025-07-14 15:23:01,843 - WARNING - Params [module.irn.operations.2.H.conv4.weight] will not optimize.
25-07-14 15:23:01.843 - WARNING: Params [module.irn.operations.2.H.conv4.bias] will not optimize.
2025-07-14 15:23:01,843 - WARNING - Params [module.irn.operations.2.H.conv4.bias] will not optimize.
25-07-14 15:23:01.843 - WARNING: Params [module.irn.operations.2.H.conv5.weight] will not optimize.
2025-07-14 15:23:01,843 - WARNING - Params [module.irn.operations.2.H.conv5.weight] will not optimize.
25-07-14 15:23:01.843 - WARNING: Params [module.irn.operations.2.H.conv5.bias] will not optimize.
2025-07-14 15:23:01,843 - WARNING - Params [module.irn.operations.2.H.conv5.bias] will not optimize.
25-07-14 15:23:01.843 - WARNING: Params [module.irn.operations.2.NH.beta] will not optimize.
2025-07-14 15:23:01,843 - WARNING - Params [module.irn.operations.2.NH.beta] will not optimize.
25-07-14 15:23:01.843 - WARNING: Params [module.irn.operations.2.NH.gamma] will not optimize.
2025-07-14 15:23:01,843 - WARNING - Params [module.irn.operations.2.NH.gamma] will not optimize.
25-07-14 15:23:01.843 - WARNING: Params [module.irn.operations.2.NH.conv1.weight] will not optimize.
2025-07-14 15:23:01,843 - WARNING - Params [module.irn.operations.2.NH.conv1.weight] will not optimize.
25-07-14 15:23:01.843 - WARNING: Params [module.irn.operations.2.NH.conv1.bias] will not optimize.
2025-07-14 15:23:01,843 - WARNING - Params [module.irn.operations.2.NH.conv1.bias] will not optimize.
25-07-14 15:23:01.843 - WARNING: Params [module.irn.operations.2.NH.conv2.weight] will not optimize.
2025-07-14 15:23:01,843 - WARNING - Params [module.irn.operations.2.NH.conv2.weight] will not optimize.
25-07-14 15:23:01.843 - WARNING: Params [module.irn.operations.2.NH.conv2.bias] will not optimize.
2025-07-14 15:23:01,843 - WARNING - Params [module.irn.operations.2.NH.conv2.bias] will not optimize.
25-07-14 15:23:01.843 - WARNING: Params [module.irn.operations.2.NH.conv3.weight] will not optimize.
2025-07-14 15:23:01,843 - WARNING - Params [module.irn.operations.2.NH.conv3.weight] will not optimize.
25-07-14 15:23:01.843 - WARNING: Params [module.irn.operations.2.NH.conv3.bias] will not optimize.
2025-07-14 15:23:01,843 - WARNING - Params [module.irn.operations.2.NH.conv3.bias] will not optimize.
25-07-14 15:23:01.843 - WARNING: Params [module.irn.operations.2.NH.sca.1.weight] will not optimize.
2025-07-14 15:23:01,843 - WARNING - Params [module.irn.operations.2.NH.sca.1.weight] will not optimize.
25-07-14 15:23:01.843 - WARNING: Params [module.irn.operations.2.NH.sca.1.bias] will not optimize.
2025-07-14 15:23:01,843 - WARNING - Params [module.irn.operations.2.NH.sca.1.bias] will not optimize.
25-07-14 15:23:01.843 - WARNING: Params [module.irn.operations.2.NH.conv4.weight] will not optimize.
2025-07-14 15:23:01,843 - WARNING - Params [module.irn.operations.2.NH.conv4.weight] will not optimize.
25-07-14 15:23:01.844 - WARNING: Params [module.irn.operations.2.NH.conv4.bias] will not optimize.
2025-07-14 15:23:01,844 - WARNING - Params [module.irn.operations.2.NH.conv4.bias] will not optimize.
25-07-14 15:23:01.844 - WARNING: Params [module.irn.operations.2.NH.conv5.weight] will not optimize.
2025-07-14 15:23:01,844 - WARNING - Params [module.irn.operations.2.NH.conv5.weight] will not optimize.
25-07-14 15:23:01.844 - WARNING: Params [module.irn.operations.2.NH.conv5.bias] will not optimize.
2025-07-14 15:23:01,844 - WARNING - Params [module.irn.operations.2.NH.conv5.bias] will not optimize.
25-07-14 15:23:01.844 - WARNING: Params [module.irn.operations.2.NH.norm1.weight] will not optimize.
2025-07-14 15:23:01,844 - WARNING - Params [module.irn.operations.2.NH.norm1.weight] will not optimize.
25-07-14 15:23:01.844 - WARNING: Params [module.irn.operations.2.NH.norm1.bias] will not optimize.
2025-07-14 15:23:01,844 - WARNING - Params [module.irn.operations.2.NH.norm1.bias] will not optimize.
25-07-14 15:23:01.844 - WARNING: Params [module.irn.operations.2.NH.norm2.weight] will not optimize.
2025-07-14 15:23:01,844 - WARNING - Params [module.irn.operations.2.NH.norm2.weight] will not optimize.
25-07-14 15:23:01.844 - WARNING: Params [module.irn.operations.2.NH.norm2.bias] will not optimize.
2025-07-14 15:23:01,844 - WARNING - Params [module.irn.operations.2.NH.norm2.bias] will not optimize.
25-07-14 15:23:01.844 - WARNING: Params [module.irn.operations.3.F.conv1.weight] will not optimize.
2025-07-14 15:23:01,844 - WARNING - Params [module.irn.operations.3.F.conv1.weight] will not optimize.
25-07-14 15:23:01.844 - WARNING: Params [module.irn.operations.3.F.conv1.bias] will not optimize.
2025-07-14 15:23:01,844 - WARNING - Params [module.irn.operations.3.F.conv1.bias] will not optimize.
25-07-14 15:23:01.844 - WARNING: Params [module.irn.operations.3.F.conv2.weight] will not optimize.
2025-07-14 15:23:01,844 - WARNING - Params [module.irn.operations.3.F.conv2.weight] will not optimize.
25-07-14 15:23:01.844 - WARNING: Params [module.irn.operations.3.F.conv2.bias] will not optimize.
2025-07-14 15:23:01,844 - WARNING - Params [module.irn.operations.3.F.conv2.bias] will not optimize.
25-07-14 15:23:01.844 - WARNING: Params [module.irn.operations.3.F.conv3.weight] will not optimize.
2025-07-14 15:23:01,844 - WARNING - Params [module.irn.operations.3.F.conv3.weight] will not optimize.
25-07-14 15:23:01.844 - WARNING: Params [module.irn.operations.3.F.conv3.bias] will not optimize.
2025-07-14 15:23:01,844 - WARNING - Params [module.irn.operations.3.F.conv3.bias] will not optimize.
25-07-14 15:23:01.844 - WARNING: Params [module.irn.operations.3.F.conv4.weight] will not optimize.
2025-07-14 15:23:01,844 - WARNING - Params [module.irn.operations.3.F.conv4.weight] will not optimize.
25-07-14 15:23:01.844 - WARNING: Params [module.irn.operations.3.F.conv4.bias] will not optimize.
2025-07-14 15:23:01,844 - WARNING - Params [module.irn.operations.3.F.conv4.bias] will not optimize.
25-07-14 15:23:01.844 - WARNING: Params [module.irn.operations.3.F.conv5.weight] will not optimize.
2025-07-14 15:23:01,844 - WARNING - Params [module.irn.operations.3.F.conv5.weight] will not optimize.
25-07-14 15:23:01.844 - WARNING: Params [module.irn.operations.3.F.conv5.bias] will not optimize.
2025-07-14 15:23:01,844 - WARNING - Params [module.irn.operations.3.F.conv5.bias] will not optimize.
25-07-14 15:23:01.845 - WARNING: Params [module.irn.operations.3.NF.beta] will not optimize.
2025-07-14 15:23:01,845 - WARNING - Params [module.irn.operations.3.NF.beta] will not optimize.
25-07-14 15:23:01.845 - WARNING: Params [module.irn.operations.3.NF.gamma] will not optimize.
2025-07-14 15:23:01,845 - WARNING - Params [module.irn.operations.3.NF.gamma] will not optimize.
25-07-14 15:23:01.845 - WARNING: Params [module.irn.operations.3.NF.conv1.weight] will not optimize.
2025-07-14 15:23:01,845 - WARNING - Params [module.irn.operations.3.NF.conv1.weight] will not optimize.
25-07-14 15:23:01.845 - WARNING: Params [module.irn.operations.3.NF.conv1.bias] will not optimize.
2025-07-14 15:23:01,845 - WARNING - Params [module.irn.operations.3.NF.conv1.bias] will not optimize.
25-07-14 15:23:01.845 - WARNING: Params [module.irn.operations.3.NF.conv2.weight] will not optimize.
2025-07-14 15:23:01,845 - WARNING - Params [module.irn.operations.3.NF.conv2.weight] will not optimize.
25-07-14 15:23:01.845 - WARNING: Params [module.irn.operations.3.NF.conv2.bias] will not optimize.
2025-07-14 15:23:01,845 - WARNING - Params [module.irn.operations.3.NF.conv2.bias] will not optimize.
25-07-14 15:23:01.845 - WARNING: Params [module.irn.operations.3.NF.conv3.weight] will not optimize.
2025-07-14 15:23:01,845 - WARNING - Params [module.irn.operations.3.NF.conv3.weight] will not optimize.
25-07-14 15:23:01.845 - WARNING: Params [module.irn.operations.3.NF.conv3.bias] will not optimize.
2025-07-14 15:23:01,845 - WARNING - Params [module.irn.operations.3.NF.conv3.bias] will not optimize.
25-07-14 15:23:01.845 - WARNING: Params [module.irn.operations.3.NF.sca.1.weight] will not optimize.
2025-07-14 15:23:01,845 - WARNING - Params [module.irn.operations.3.NF.sca.1.weight] will not optimize.
25-07-14 15:23:01.845 - WARNING: Params [module.irn.operations.3.NF.sca.1.bias] will not optimize.
2025-07-14 15:23:01,845 - WARNING - Params [module.irn.operations.3.NF.sca.1.bias] will not optimize.
25-07-14 15:23:01.845 - WARNING: Params [module.irn.operations.3.NF.conv4.weight] will not optimize.
2025-07-14 15:23:01,845 - WARNING - Params [module.irn.operations.3.NF.conv4.weight] will not optimize.
25-07-14 15:23:01.845 - WARNING: Params [module.irn.operations.3.NF.conv4.bias] will not optimize.
2025-07-14 15:23:01,845 - WARNING - Params [module.irn.operations.3.NF.conv4.bias] will not optimize.
25-07-14 15:23:01.845 - WARNING: Params [module.irn.operations.3.NF.conv5.weight] will not optimize.
2025-07-14 15:23:01,845 - WARNING - Params [module.irn.operations.3.NF.conv5.weight] will not optimize.
25-07-14 15:23:01.845 - WARNING: Params [module.irn.operations.3.NF.conv5.bias] will not optimize.
2025-07-14 15:23:01,845 - WARNING - Params [module.irn.operations.3.NF.conv5.bias] will not optimize.
25-07-14 15:23:01.845 - WARNING: Params [module.irn.operations.3.NF.norm1.weight] will not optimize.
2025-07-14 15:23:01,845 - WARNING - Params [module.irn.operations.3.NF.norm1.weight] will not optimize.
25-07-14 15:23:01.845 - WARNING: Params [module.irn.operations.3.NF.norm1.bias] will not optimize.
2025-07-14 15:23:01,845 - WARNING - Params [module.irn.operations.3.NF.norm1.bias] will not optimize.
25-07-14 15:23:01.845 - WARNING: Params [module.irn.operations.3.NF.norm2.weight] will not optimize.
2025-07-14 15:23:01,845 - WARNING - Params [module.irn.operations.3.NF.norm2.weight] will not optimize.
25-07-14 15:23:01.845 - WARNING: Params [module.irn.operations.3.NF.norm2.bias] will not optimize.
2025-07-14 15:23:01,845 - WARNING - Params [module.irn.operations.3.NF.norm2.bias] will not optimize.
25-07-14 15:23:01.846 - WARNING: Params [module.irn.operations.3.G.conv1.weight] will not optimize.
2025-07-14 15:23:01,846 - WARNING - Params [module.irn.operations.3.G.conv1.weight] will not optimize.
25-07-14 15:23:01.846 - WARNING: Params [module.irn.operations.3.G.conv1.bias] will not optimize.
2025-07-14 15:23:01,846 - WARNING - Params [module.irn.operations.3.G.conv1.bias] will not optimize.
25-07-14 15:23:01.846 - WARNING: Params [module.irn.operations.3.G.conv2.weight] will not optimize.
2025-07-14 15:23:01,846 - WARNING - Params [module.irn.operations.3.G.conv2.weight] will not optimize.
25-07-14 15:23:01.846 - WARNING: Params [module.irn.operations.3.G.conv2.bias] will not optimize.
2025-07-14 15:23:01,846 - WARNING - Params [module.irn.operations.3.G.conv2.bias] will not optimize.
25-07-14 15:23:01.846 - WARNING: Params [module.irn.operations.3.G.conv3.weight] will not optimize.
2025-07-14 15:23:01,846 - WARNING - Params [module.irn.operations.3.G.conv3.weight] will not optimize.
25-07-14 15:23:01.846 - WARNING: Params [module.irn.operations.3.G.conv3.bias] will not optimize.
2025-07-14 15:23:01,846 - WARNING - Params [module.irn.operations.3.G.conv3.bias] will not optimize.
25-07-14 15:23:01.846 - WARNING: Params [module.irn.operations.3.G.conv4.weight] will not optimize.
2025-07-14 15:23:01,846 - WARNING - Params [module.irn.operations.3.G.conv4.weight] will not optimize.
25-07-14 15:23:01.846 - WARNING: Params [module.irn.operations.3.G.conv4.bias] will not optimize.
2025-07-14 15:23:01,846 - WARNING - Params [module.irn.operations.3.G.conv4.bias] will not optimize.
25-07-14 15:23:01.846 - WARNING: Params [module.irn.operations.3.G.conv5.weight] will not optimize.
2025-07-14 15:23:01,846 - WARNING - Params [module.irn.operations.3.G.conv5.weight] will not optimize.
25-07-14 15:23:01.846 - WARNING: Params [module.irn.operations.3.G.conv5.bias] will not optimize.
2025-07-14 15:23:01,846 - WARNING - Params [module.irn.operations.3.G.conv5.bias] will not optimize.
25-07-14 15:23:01.846 - WARNING: Params [module.irn.operations.3.NG.beta] will not optimize.
2025-07-14 15:23:01,846 - WARNING - Params [module.irn.operations.3.NG.beta] will not optimize.
25-07-14 15:23:01.846 - WARNING: Params [module.irn.operations.3.NG.gamma] will not optimize.
2025-07-14 15:23:01,846 - WARNING - Params [module.irn.operations.3.NG.gamma] will not optimize.
25-07-14 15:23:01.846 - WARNING: Params [module.irn.operations.3.NG.conv1.weight] will not optimize.
2025-07-14 15:23:01,846 - WARNING - Params [module.irn.operations.3.NG.conv1.weight] will not optimize.
25-07-14 15:23:01.846 - WARNING: Params [module.irn.operations.3.NG.conv1.bias] will not optimize.
2025-07-14 15:23:01,846 - WARNING - Params [module.irn.operations.3.NG.conv1.bias] will not optimize.
25-07-14 15:23:01.846 - WARNING: Params [module.irn.operations.3.NG.conv2.weight] will not optimize.
2025-07-14 15:23:01,846 - WARNING - Params [module.irn.operations.3.NG.conv2.weight] will not optimize.
25-07-14 15:23:01.846 - WARNING: Params [module.irn.operations.3.NG.conv2.bias] will not optimize.
2025-07-14 15:23:01,846 - WARNING - Params [module.irn.operations.3.NG.conv2.bias] will not optimize.
25-07-14 15:23:01.846 - WARNING: Params [module.irn.operations.3.NG.conv3.weight] will not optimize.
2025-07-14 15:23:01,846 - WARNING - Params [module.irn.operations.3.NG.conv3.weight] will not optimize.
25-07-14 15:23:01.847 - WARNING: Params [module.irn.operations.3.NG.conv3.bias] will not optimize.
2025-07-14 15:23:01,847 - WARNING - Params [module.irn.operations.3.NG.conv3.bias] will not optimize.
25-07-14 15:23:01.847 - WARNING: Params [module.irn.operations.3.NG.sca.1.weight] will not optimize.
2025-07-14 15:23:01,847 - WARNING - Params [module.irn.operations.3.NG.sca.1.weight] will not optimize.
25-07-14 15:23:01.847 - WARNING: Params [module.irn.operations.3.NG.sca.1.bias] will not optimize.
2025-07-14 15:23:01,847 - WARNING - Params [module.irn.operations.3.NG.sca.1.bias] will not optimize.
25-07-14 15:23:01.847 - WARNING: Params [module.irn.operations.3.NG.conv4.weight] will not optimize.
2025-07-14 15:23:01,847 - WARNING - Params [module.irn.operations.3.NG.conv4.weight] will not optimize.
25-07-14 15:23:01.847 - WARNING: Params [module.irn.operations.3.NG.conv4.bias] will not optimize.
2025-07-14 15:23:01,847 - WARNING - Params [module.irn.operations.3.NG.conv4.bias] will not optimize.
25-07-14 15:23:01.847 - WARNING: Params [module.irn.operations.3.NG.conv5.weight] will not optimize.
2025-07-14 15:23:01,847 - WARNING - Params [module.irn.operations.3.NG.conv5.weight] will not optimize.
25-07-14 15:23:01.847 - WARNING: Params [module.irn.operations.3.NG.conv5.bias] will not optimize.
2025-07-14 15:23:01,847 - WARNING - Params [module.irn.operations.3.NG.conv5.bias] will not optimize.
25-07-14 15:23:01.847 - WARNING: Params [module.irn.operations.3.NG.norm1.weight] will not optimize.
2025-07-14 15:23:01,847 - WARNING - Params [module.irn.operations.3.NG.norm1.weight] will not optimize.
25-07-14 15:23:01.847 - WARNING: Params [module.irn.operations.3.NG.norm1.bias] will not optimize.
2025-07-14 15:23:01,847 - WARNING - Params [module.irn.operations.3.NG.norm1.bias] will not optimize.
25-07-14 15:23:01.847 - WARNING: Params [module.irn.operations.3.NG.norm2.weight] will not optimize.
2025-07-14 15:23:01,847 - WARNING - Params [module.irn.operations.3.NG.norm2.weight] will not optimize.
25-07-14 15:23:01.847 - WARNING: Params [module.irn.operations.3.NG.norm2.bias] will not optimize.
2025-07-14 15:23:01,847 - WARNING - Params [module.irn.operations.3.NG.norm2.bias] will not optimize.
25-07-14 15:23:01.847 - WARNING: Params [module.irn.operations.3.H.conv1.weight] will not optimize.
2025-07-14 15:23:01,847 - WARNING - Params [module.irn.operations.3.H.conv1.weight] will not optimize.
25-07-14 15:23:01.847 - WARNING: Params [module.irn.operations.3.H.conv1.bias] will not optimize.
2025-07-14 15:23:01,847 - WARNING - Params [module.irn.operations.3.H.conv1.bias] will not optimize.
25-07-14 15:23:01.847 - WARNING: Params [module.irn.operations.3.H.conv2.weight] will not optimize.
2025-07-14 15:23:01,847 - WARNING - Params [module.irn.operations.3.H.conv2.weight] will not optimize.
25-07-14 15:23:01.847 - WARNING: Params [module.irn.operations.3.H.conv2.bias] will not optimize.
2025-07-14 15:23:01,847 - WARNING - Params [module.irn.operations.3.H.conv2.bias] will not optimize.
25-07-14 15:23:01.847 - WARNING: Params [module.irn.operations.3.H.conv3.weight] will not optimize.
2025-07-14 15:23:01,847 - WARNING - Params [module.irn.operations.3.H.conv3.weight] will not optimize.
25-07-14 15:23:01.847 - WARNING: Params [module.irn.operations.3.H.conv3.bias] will not optimize.
2025-07-14 15:23:01,847 - WARNING - Params [module.irn.operations.3.H.conv3.bias] will not optimize.
25-07-14 15:23:01.848 - WARNING: Params [module.irn.operations.3.H.conv4.weight] will not optimize.
2025-07-14 15:23:01,848 - WARNING - Params [module.irn.operations.3.H.conv4.weight] will not optimize.
25-07-14 15:23:01.848 - WARNING: Params [module.irn.operations.3.H.conv4.bias] will not optimize.
2025-07-14 15:23:01,848 - WARNING - Params [module.irn.operations.3.H.conv4.bias] will not optimize.
25-07-14 15:23:01.848 - WARNING: Params [module.irn.operations.3.H.conv5.weight] will not optimize.
2025-07-14 15:23:01,848 - WARNING - Params [module.irn.operations.3.H.conv5.weight] will not optimize.
25-07-14 15:23:01.848 - WARNING: Params [module.irn.operations.3.H.conv5.bias] will not optimize.
2025-07-14 15:23:01,848 - WARNING - Params [module.irn.operations.3.H.conv5.bias] will not optimize.
25-07-14 15:23:01.848 - WARNING: Params [module.irn.operations.3.NH.beta] will not optimize.
2025-07-14 15:23:01,848 - WARNING - Params [module.irn.operations.3.NH.beta] will not optimize.
25-07-14 15:23:01.848 - WARNING: Params [module.irn.operations.3.NH.gamma] will not optimize.
2025-07-14 15:23:01,848 - WARNING - Params [module.irn.operations.3.NH.gamma] will not optimize.
25-07-14 15:23:01.848 - WARNING: Params [module.irn.operations.3.NH.conv1.weight] will not optimize.
2025-07-14 15:23:01,848 - WARNING - Params [module.irn.operations.3.NH.conv1.weight] will not optimize.
25-07-14 15:23:01.848 - WARNING: Params [module.irn.operations.3.NH.conv1.bias] will not optimize.
2025-07-14 15:23:01,848 - WARNING - Params [module.irn.operations.3.NH.conv1.bias] will not optimize.
25-07-14 15:23:01.848 - WARNING: Params [module.irn.operations.3.NH.conv2.weight] will not optimize.
2025-07-14 15:23:01,848 - WARNING - Params [module.irn.operations.3.NH.conv2.weight] will not optimize.
25-07-14 15:23:01.848 - WARNING: Params [module.irn.operations.3.NH.conv2.bias] will not optimize.
2025-07-14 15:23:01,848 - WARNING - Params [module.irn.operations.3.NH.conv2.bias] will not optimize.
25-07-14 15:23:01.848 - WARNING: Params [module.irn.operations.3.NH.conv3.weight] will not optimize.
2025-07-14 15:23:01,848 - WARNING - Params [module.irn.operations.3.NH.conv3.weight] will not optimize.
25-07-14 15:23:01.848 - WARNING: Params [module.irn.operations.3.NH.conv3.bias] will not optimize.
2025-07-14 15:23:01,848 - WARNING - Params [module.irn.operations.3.NH.conv3.bias] will not optimize.
25-07-14 15:23:01.848 - WARNING: Params [module.irn.operations.3.NH.sca.1.weight] will not optimize.
2025-07-14 15:23:01,848 - WARNING - Params [module.irn.operations.3.NH.sca.1.weight] will not optimize.
25-07-14 15:23:01.848 - WARNING: Params [module.irn.operations.3.NH.sca.1.bias] will not optimize.
2025-07-14 15:23:01,848 - WARNING - Params [module.irn.operations.3.NH.sca.1.bias] will not optimize.
25-07-14 15:23:01.848 - WARNING: Params [module.irn.operations.3.NH.conv4.weight] will not optimize.
2025-07-14 15:23:01,848 - WARNING - Params [module.irn.operations.3.NH.conv4.weight] will not optimize.
25-07-14 15:23:01.848 - WARNING: Params [module.irn.operations.3.NH.conv4.bias] will not optimize.
2025-07-14 15:23:01,848 - WARNING - Params [module.irn.operations.3.NH.conv4.bias] will not optimize.
25-07-14 15:23:01.849 - WARNING: Params [module.irn.operations.3.NH.conv5.weight] will not optimize.
2025-07-14 15:23:01,849 - WARNING - Params [module.irn.operations.3.NH.conv5.weight] will not optimize.
25-07-14 15:23:01.849 - WARNING: Params [module.irn.operations.3.NH.conv5.bias] will not optimize.
2025-07-14 15:23:01,849 - WARNING - Params [module.irn.operations.3.NH.conv5.bias] will not optimize.
25-07-14 15:23:01.849 - WARNING: Params [module.irn.operations.3.NH.norm1.weight] will not optimize.
2025-07-14 15:23:01,849 - WARNING - Params [module.irn.operations.3.NH.norm1.weight] will not optimize.
25-07-14 15:23:01.849 - WARNING: Params [module.irn.operations.3.NH.norm1.bias] will not optimize.
2025-07-14 15:23:01,849 - WARNING - Params [module.irn.operations.3.NH.norm1.bias] will not optimize.
25-07-14 15:23:01.849 - WARNING: Params [module.irn.operations.3.NH.norm2.weight] will not optimize.
2025-07-14 15:23:01,849 - WARNING - Params [module.irn.operations.3.NH.norm2.weight] will not optimize.
25-07-14 15:23:01.849 - WARNING: Params [module.irn.operations.3.NH.norm2.bias] will not optimize.
2025-07-14 15:23:01,849 - WARNING - Params [module.irn.operations.3.NH.norm2.bias] will not optimize.
25-07-14 15:23:01.849 - WARNING: Params [module.irn.operations.4.F.conv1.weight] will not optimize.
2025-07-14 15:23:01,849 - WARNING - Params [module.irn.operations.4.F.conv1.weight] will not optimize.
25-07-14 15:23:01.849 - WARNING: Params [module.irn.operations.4.F.conv1.bias] will not optimize.
2025-07-14 15:23:01,849 - WARNING - Params [module.irn.operations.4.F.conv1.bias] will not optimize.
25-07-14 15:23:01.849 - WARNING: Params [module.irn.operations.4.F.conv2.weight] will not optimize.
2025-07-14 15:23:01,849 - WARNING - Params [module.irn.operations.4.F.conv2.weight] will not optimize.
25-07-14 15:23:01.849 - WARNING: Params [module.irn.operations.4.F.conv2.bias] will not optimize.
2025-07-14 15:23:01,849 - WARNING - Params [module.irn.operations.4.F.conv2.bias] will not optimize.
25-07-14 15:23:01.849 - WARNING: Params [module.irn.operations.4.F.conv3.weight] will not optimize.
2025-07-14 15:23:01,849 - WARNING - Params [module.irn.operations.4.F.conv3.weight] will not optimize.
25-07-14 15:23:01.849 - WARNING: Params [module.irn.operations.4.F.conv3.bias] will not optimize.
2025-07-14 15:23:01,849 - WARNING - Params [module.irn.operations.4.F.conv3.bias] will not optimize.
25-07-14 15:23:01.849 - WARNING: Params [module.irn.operations.4.F.conv4.weight] will not optimize.
2025-07-14 15:23:01,849 - WARNING - Params [module.irn.operations.4.F.conv4.weight] will not optimize.
25-07-14 15:23:01.849 - WARNING: Params [module.irn.operations.4.F.conv4.bias] will not optimize.
2025-07-14 15:23:01,849 - WARNING - Params [module.irn.operations.4.F.conv4.bias] will not optimize.
25-07-14 15:23:01.849 - WARNING: Params [module.irn.operations.4.F.conv5.weight] will not optimize.
2025-07-14 15:23:01,849 - WARNING - Params [module.irn.operations.4.F.conv5.weight] will not optimize.
25-07-14 15:23:01.849 - WARNING: Params [module.irn.operations.4.F.conv5.bias] will not optimize.
2025-07-14 15:23:01,849 - WARNING - Params [module.irn.operations.4.F.conv5.bias] will not optimize.
25-07-14 15:23:01.849 - WARNING: Params [module.irn.operations.4.NF.beta] will not optimize.
2025-07-14 15:23:01,849 - WARNING - Params [module.irn.operations.4.NF.beta] will not optimize.
25-07-14 15:23:01.849 - WARNING: Params [module.irn.operations.4.NF.gamma] will not optimize.
2025-07-14 15:23:01,849 - WARNING - Params [module.irn.operations.4.NF.gamma] will not optimize.
25-07-14 15:23:01.850 - WARNING: Params [module.irn.operations.4.NF.conv1.weight] will not optimize.
2025-07-14 15:23:01,850 - WARNING - Params [module.irn.operations.4.NF.conv1.weight] will not optimize.
25-07-14 15:23:01.850 - WARNING: Params [module.irn.operations.4.NF.conv1.bias] will not optimize.
2025-07-14 15:23:01,850 - WARNING - Params [module.irn.operations.4.NF.conv1.bias] will not optimize.
25-07-14 15:23:01.850 - WARNING: Params [module.irn.operations.4.NF.conv2.weight] will not optimize.
2025-07-14 15:23:01,850 - WARNING - Params [module.irn.operations.4.NF.conv2.weight] will not optimize.
25-07-14 15:23:01.850 - WARNING: Params [module.irn.operations.4.NF.conv2.bias] will not optimize.
2025-07-14 15:23:01,850 - WARNING - Params [module.irn.operations.4.NF.conv2.bias] will not optimize.
25-07-14 15:23:01.850 - WARNING: Params [module.irn.operations.4.NF.conv3.weight] will not optimize.
2025-07-14 15:23:01,850 - WARNING - Params [module.irn.operations.4.NF.conv3.weight] will not optimize.
25-07-14 15:23:01.850 - WARNING: Params [module.irn.operations.4.NF.conv3.bias] will not optimize.
2025-07-14 15:23:01,850 - WARNING - Params [module.irn.operations.4.NF.conv3.bias] will not optimize.
25-07-14 15:23:01.850 - WARNING: Params [module.irn.operations.4.NF.sca.1.weight] will not optimize.
2025-07-14 15:23:01,850 - WARNING - Params [module.irn.operations.4.NF.sca.1.weight] will not optimize.
25-07-14 15:23:01.850 - WARNING: Params [module.irn.operations.4.NF.sca.1.bias] will not optimize.
2025-07-14 15:23:01,850 - WARNING - Params [module.irn.operations.4.NF.sca.1.bias] will not optimize.
25-07-14 15:23:01.850 - WARNING: Params [module.irn.operations.4.NF.conv4.weight] will not optimize.
2025-07-14 15:23:01,850 - WARNING - Params [module.irn.operations.4.NF.conv4.weight] will not optimize.
25-07-14 15:23:01.850 - WARNING: Params [module.irn.operations.4.NF.conv4.bias] will not optimize.
2025-07-14 15:23:01,850 - WARNING - Params [module.irn.operations.4.NF.conv4.bias] will not optimize.
25-07-14 15:23:01.850 - WARNING: Params [module.irn.operations.4.NF.conv5.weight] will not optimize.
2025-07-14 15:23:01,850 - WARNING - Params [module.irn.operations.4.NF.conv5.weight] will not optimize.
25-07-14 15:23:01.850 - WARNING: Params [module.irn.operations.4.NF.conv5.bias] will not optimize.
2025-07-14 15:23:01,850 - WARNING - Params [module.irn.operations.4.NF.conv5.bias] will not optimize.
25-07-14 15:23:01.850 - WARNING: Params [module.irn.operations.4.NF.norm1.weight] will not optimize.
2025-07-14 15:23:01,850 - WARNING - Params [module.irn.operations.4.NF.norm1.weight] will not optimize.
25-07-14 15:23:01.850 - WARNING: Params [module.irn.operations.4.NF.norm1.bias] will not optimize.
2025-07-14 15:23:01,850 - WARNING - Params [module.irn.operations.4.NF.norm1.bias] will not optimize.
25-07-14 15:23:01.850 - WARNING: Params [module.irn.operations.4.NF.norm2.weight] will not optimize.
2025-07-14 15:23:01,850 - WARNING - Params [module.irn.operations.4.NF.norm2.weight] will not optimize.
25-07-14 15:23:01.850 - WARNING: Params [module.irn.operations.4.NF.norm2.bias] will not optimize.
2025-07-14 15:23:01,850 - WARNING - Params [module.irn.operations.4.NF.norm2.bias] will not optimize.
25-07-14 15:23:01.850 - WARNING: Params [module.irn.operations.4.G.conv1.weight] will not optimize.
2025-07-14 15:23:01,850 - WARNING - Params [module.irn.operations.4.G.conv1.weight] will not optimize.
25-07-14 15:23:01.851 - WARNING: Params [module.irn.operations.4.G.conv1.bias] will not optimize.
2025-07-14 15:23:01,851 - WARNING - Params [module.irn.operations.4.G.conv1.bias] will not optimize.
25-07-14 15:23:01.851 - WARNING: Params [module.irn.operations.4.G.conv2.weight] will not optimize.
2025-07-14 15:23:01,851 - WARNING - Params [module.irn.operations.4.G.conv2.weight] will not optimize.
25-07-14 15:23:01.851 - WARNING: Params [module.irn.operations.4.G.conv2.bias] will not optimize.
2025-07-14 15:23:01,851 - WARNING - Params [module.irn.operations.4.G.conv2.bias] will not optimize.
25-07-14 15:23:01.851 - WARNING: Params [module.irn.operations.4.G.conv3.weight] will not optimize.
2025-07-14 15:23:01,851 - WARNING - Params [module.irn.operations.4.G.conv3.weight] will not optimize.
25-07-14 15:23:01.851 - WARNING: Params [module.irn.operations.4.G.conv3.bias] will not optimize.
2025-07-14 15:23:01,851 - WARNING - Params [module.irn.operations.4.G.conv3.bias] will not optimize.
25-07-14 15:23:01.851 - WARNING: Params [module.irn.operations.4.G.conv4.weight] will not optimize.
2025-07-14 15:23:01,851 - WARNING - Params [module.irn.operations.4.G.conv4.weight] will not optimize.
25-07-14 15:23:01.851 - WARNING: Params [module.irn.operations.4.G.conv4.bias] will not optimize.
2025-07-14 15:23:01,851 - WARNING - Params [module.irn.operations.4.G.conv4.bias] will not optimize.
25-07-14 15:23:01.851 - WARNING: Params [module.irn.operations.4.G.conv5.weight] will not optimize.
2025-07-14 15:23:01,851 - WARNING - Params [module.irn.operations.4.G.conv5.weight] will not optimize.
25-07-14 15:23:01.851 - WARNING: Params [module.irn.operations.4.G.conv5.bias] will not optimize.
2025-07-14 15:23:01,851 - WARNING - Params [module.irn.operations.4.G.conv5.bias] will not optimize.
25-07-14 15:23:01.851 - WARNING: Params [module.irn.operations.4.NG.beta] will not optimize.
2025-07-14 15:23:01,851 - WARNING - Params [module.irn.operations.4.NG.beta] will not optimize.
25-07-14 15:23:01.851 - WARNING: Params [module.irn.operations.4.NG.gamma] will not optimize.
2025-07-14 15:23:01,851 - WARNING - Params [module.irn.operations.4.NG.gamma] will not optimize.
25-07-14 15:23:01.851 - WARNING: Params [module.irn.operations.4.NG.conv1.weight] will not optimize.
2025-07-14 15:23:01,851 - WARNING - Params [module.irn.operations.4.NG.conv1.weight] will not optimize.
25-07-14 15:23:01.851 - WARNING: Params [module.irn.operations.4.NG.conv1.bias] will not optimize.
2025-07-14 15:23:01,851 - WARNING - Params [module.irn.operations.4.NG.conv1.bias] will not optimize.
25-07-14 15:23:01.851 - WARNING: Params [module.irn.operations.4.NG.conv2.weight] will not optimize.
2025-07-14 15:23:01,851 - WARNING - Params [module.irn.operations.4.NG.conv2.weight] will not optimize.
25-07-14 15:23:01.851 - WARNING: Params [module.irn.operations.4.NG.conv2.bias] will not optimize.
2025-07-14 15:23:01,851 - WARNING - Params [module.irn.operations.4.NG.conv2.bias] will not optimize.
25-07-14 15:23:01.851 - WARNING: Params [module.irn.operations.4.NG.conv3.weight] will not optimize.
2025-07-14 15:23:01,851 - WARNING - Params [module.irn.operations.4.NG.conv3.weight] will not optimize.
25-07-14 15:23:01.852 - WARNING: Params [module.irn.operations.4.NG.conv3.bias] will not optimize.
2025-07-14 15:23:01,852 - WARNING - Params [module.irn.operations.4.NG.conv3.bias] will not optimize.
25-07-14 15:23:01.852 - WARNING: Params [module.irn.operations.4.NG.sca.1.weight] will not optimize.
2025-07-14 15:23:01,852 - WARNING - Params [module.irn.operations.4.NG.sca.1.weight] will not optimize.
25-07-14 15:23:01.852 - WARNING: Params [module.irn.operations.4.NG.sca.1.bias] will not optimize.
2025-07-14 15:23:01,852 - WARNING - Params [module.irn.operations.4.NG.sca.1.bias] will not optimize.
25-07-14 15:23:01.852 - WARNING: Params [module.irn.operations.4.NG.conv4.weight] will not optimize.
2025-07-14 15:23:01,852 - WARNING - Params [module.irn.operations.4.NG.conv4.weight] will not optimize.
25-07-14 15:23:01.852 - WARNING: Params [module.irn.operations.4.NG.conv4.bias] will not optimize.
2025-07-14 15:23:01,852 - WARNING - Params [module.irn.operations.4.NG.conv4.bias] will not optimize.
25-07-14 15:23:01.852 - WARNING: Params [module.irn.operations.4.NG.conv5.weight] will not optimize.
2025-07-14 15:23:01,852 - WARNING - Params [module.irn.operations.4.NG.conv5.weight] will not optimize.
25-07-14 15:23:01.852 - WARNING: Params [module.irn.operations.4.NG.conv5.bias] will not optimize.
2025-07-14 15:23:01,852 - WARNING - Params [module.irn.operations.4.NG.conv5.bias] will not optimize.
25-07-14 15:23:01.852 - WARNING: Params [module.irn.operations.4.NG.norm1.weight] will not optimize.
2025-07-14 15:23:01,852 - WARNING - Params [module.irn.operations.4.NG.norm1.weight] will not optimize.
25-07-14 15:23:01.852 - WARNING: Params [module.irn.operations.4.NG.norm1.bias] will not optimize.
2025-07-14 15:23:01,852 - WARNING - Params [module.irn.operations.4.NG.norm1.bias] will not optimize.
25-07-14 15:23:01.852 - WARNING: Params [module.irn.operations.4.NG.norm2.weight] will not optimize.
2025-07-14 15:23:01,852 - WARNING - Params [module.irn.operations.4.NG.norm2.weight] will not optimize.
25-07-14 15:23:01.852 - WARNING: Params [module.irn.operations.4.NG.norm2.bias] will not optimize.
2025-07-14 15:23:01,852 - WARNING - Params [module.irn.operations.4.NG.norm2.bias] will not optimize.
25-07-14 15:23:01.852 - WARNING: Params [module.irn.operations.4.H.conv1.weight] will not optimize.
2025-07-14 15:23:01,852 - WARNING - Params [module.irn.operations.4.H.conv1.weight] will not optimize.
25-07-14 15:23:01.852 - WARNING: Params [module.irn.operations.4.H.conv1.bias] will not optimize.
2025-07-14 15:23:01,852 - WARNING - Params [module.irn.operations.4.H.conv1.bias] will not optimize.
25-07-14 15:23:01.852 - WARNING: Params [module.irn.operations.4.H.conv2.weight] will not optimize.
2025-07-14 15:23:01,852 - WARNING - Params [module.irn.operations.4.H.conv2.weight] will not optimize.
25-07-14 15:23:01.852 - WARNING: Params [module.irn.operations.4.H.conv2.bias] will not optimize.
2025-07-14 15:23:01,852 - WARNING - Params [module.irn.operations.4.H.conv2.bias] will not optimize.
25-07-14 15:23:01.852 - WARNING: Params [module.irn.operations.4.H.conv3.weight] will not optimize.
2025-07-14 15:23:01,852 - WARNING - Params [module.irn.operations.4.H.conv3.weight] will not optimize.
25-07-14 15:23:01.852 - WARNING: Params [module.irn.operations.4.H.conv3.bias] will not optimize.
2025-07-14 15:23:01,852 - WARNING - Params [module.irn.operations.4.H.conv3.bias] will not optimize.
25-07-14 15:23:01.853 - WARNING: Params [module.irn.operations.4.H.conv4.weight] will not optimize.
2025-07-14 15:23:01,853 - WARNING - Params [module.irn.operations.4.H.conv4.weight] will not optimize.
25-07-14 15:23:01.853 - WARNING: Params [module.irn.operations.4.H.conv4.bias] will not optimize.
2025-07-14 15:23:01,853 - WARNING - Params [module.irn.operations.4.H.conv4.bias] will not optimize.
25-07-14 15:23:01.853 - WARNING: Params [module.irn.operations.4.H.conv5.weight] will not optimize.
2025-07-14 15:23:01,853 - WARNING - Params [module.irn.operations.4.H.conv5.weight] will not optimize.
25-07-14 15:23:01.853 - WARNING: Params [module.irn.operations.4.H.conv5.bias] will not optimize.
2025-07-14 15:23:01,853 - WARNING - Params [module.irn.operations.4.H.conv5.bias] will not optimize.
25-07-14 15:23:01.853 - WARNING: Params [module.irn.operations.4.NH.beta] will not optimize.
2025-07-14 15:23:01,853 - WARNING - Params [module.irn.operations.4.NH.beta] will not optimize.
25-07-14 15:23:01.853 - WARNING: Params [module.irn.operations.4.NH.gamma] will not optimize.
2025-07-14 15:23:01,853 - WARNING - Params [module.irn.operations.4.NH.gamma] will not optimize.
25-07-14 15:23:01.853 - WARNING: Params [module.irn.operations.4.NH.conv1.weight] will not optimize.
2025-07-14 15:23:01,853 - WARNING - Params [module.irn.operations.4.NH.conv1.weight] will not optimize.
25-07-14 15:23:01.853 - WARNING: Params [module.irn.operations.4.NH.conv1.bias] will not optimize.
2025-07-14 15:23:01,853 - WARNING - Params [module.irn.operations.4.NH.conv1.bias] will not optimize.
25-07-14 15:23:01.853 - WARNING: Params [module.irn.operations.4.NH.conv2.weight] will not optimize.
2025-07-14 15:23:01,853 - WARNING - Params [module.irn.operations.4.NH.conv2.weight] will not optimize.
25-07-14 15:23:01.853 - WARNING: Params [module.irn.operations.4.NH.conv2.bias] will not optimize.
2025-07-14 15:23:01,853 - WARNING - Params [module.irn.operations.4.NH.conv2.bias] will not optimize.
25-07-14 15:23:01.853 - WARNING: Params [module.irn.operations.4.NH.conv3.weight] will not optimize.
2025-07-14 15:23:01,853 - WARNING - Params [module.irn.operations.4.NH.conv3.weight] will not optimize.
25-07-14 15:23:01.853 - WARNING: Params [module.irn.operations.4.NH.conv3.bias] will not optimize.
2025-07-14 15:23:01,853 - WARNING - Params [module.irn.operations.4.NH.conv3.bias] will not optimize.
25-07-14 15:23:01.853 - WARNING: Params [module.irn.operations.4.NH.sca.1.weight] will not optimize.
2025-07-14 15:23:01,853 - WARNING - Params [module.irn.operations.4.NH.sca.1.weight] will not optimize.
25-07-14 15:23:01.853 - WARNING: Params [module.irn.operations.4.NH.sca.1.bias] will not optimize.
2025-07-14 15:23:01,853 - WARNING - Params [module.irn.operations.4.NH.sca.1.bias] will not optimize.
25-07-14 15:23:01.853 - WARNING: Params [module.irn.operations.4.NH.conv4.weight] will not optimize.
2025-07-14 15:23:01,853 - WARNING - Params [module.irn.operations.4.NH.conv4.weight] will not optimize.
25-07-14 15:23:01.853 - WARNING: Params [module.irn.operations.4.NH.conv4.bias] will not optimize.
2025-07-14 15:23:01,853 - WARNING - Params [module.irn.operations.4.NH.conv4.bias] will not optimize.
25-07-14 15:23:01.853 - WARNING: Params [module.irn.operations.4.NH.conv5.weight] will not optimize.
2025-07-14 15:23:01,853 - WARNING - Params [module.irn.operations.4.NH.conv5.weight] will not optimize.
25-07-14 15:23:01.854 - WARNING: Params [module.irn.operations.4.NH.conv5.bias] will not optimize.
2025-07-14 15:23:01,854 - WARNING - Params [module.irn.operations.4.NH.conv5.bias] will not optimize.
25-07-14 15:23:01.854 - WARNING: Params [module.irn.operations.4.NH.norm1.weight] will not optimize.
2025-07-14 15:23:01,854 - WARNING - Params [module.irn.operations.4.NH.norm1.weight] will not optimize.
25-07-14 15:23:01.854 - WARNING: Params [module.irn.operations.4.NH.norm1.bias] will not optimize.
2025-07-14 15:23:01,854 - WARNING - Params [module.irn.operations.4.NH.norm1.bias] will not optimize.
25-07-14 15:23:01.854 - WARNING: Params [module.irn.operations.4.NH.norm2.weight] will not optimize.
2025-07-14 15:23:01,854 - WARNING - Params [module.irn.operations.4.NH.norm2.weight] will not optimize.
25-07-14 15:23:01.854 - WARNING: Params [module.irn.operations.4.NH.norm2.bias] will not optimize.
2025-07-14 15:23:01,854 - WARNING - Params [module.irn.operations.4.NH.norm2.bias] will not optimize.
25-07-14 15:23:01.854 - WARNING: Params [module.irn.operations.5.F.conv1.weight] will not optimize.
2025-07-14 15:23:01,854 - WARNING - Params [module.irn.operations.5.F.conv1.weight] will not optimize.
25-07-14 15:23:01.854 - WARNING: Params [module.irn.operations.5.F.conv1.bias] will not optimize.
2025-07-14 15:23:01,854 - WARNING - Params [module.irn.operations.5.F.conv1.bias] will not optimize.
25-07-14 15:23:01.854 - WARNING: Params [module.irn.operations.5.F.conv2.weight] will not optimize.
2025-07-14 15:23:01,854 - WARNING - Params [module.irn.operations.5.F.conv2.weight] will not optimize.
25-07-14 15:23:01.854 - WARNING: Params [module.irn.operations.5.F.conv2.bias] will not optimize.
2025-07-14 15:23:01,854 - WARNING - Params [module.irn.operations.5.F.conv2.bias] will not optimize.
25-07-14 15:23:01.854 - WARNING: Params [module.irn.operations.5.F.conv3.weight] will not optimize.
2025-07-14 15:23:01,854 - WARNING - Params [module.irn.operations.5.F.conv3.weight] will not optimize.
25-07-14 15:23:01.854 - WARNING: Params [module.irn.operations.5.F.conv3.bias] will not optimize.
2025-07-14 15:23:01,854 - WARNING - Params [module.irn.operations.5.F.conv3.bias] will not optimize.
25-07-14 15:23:01.854 - WARNING: Params [module.irn.operations.5.F.conv4.weight] will not optimize.
2025-07-14 15:23:01,854 - WARNING - Params [module.irn.operations.5.F.conv4.weight] will not optimize.
25-07-14 15:23:01.854 - WARNING: Params [module.irn.operations.5.F.conv4.bias] will not optimize.
2025-07-14 15:23:01,854 - WARNING - Params [module.irn.operations.5.F.conv4.bias] will not optimize.
25-07-14 15:23:01.854 - WARNING: Params [module.irn.operations.5.F.conv5.weight] will not optimize.
2025-07-14 15:23:01,854 - WARNING - Params [module.irn.operations.5.F.conv5.weight] will not optimize.
25-07-14 15:23:01.854 - WARNING: Params [module.irn.operations.5.F.conv5.bias] will not optimize.
2025-07-14 15:23:01,854 - WARNING - Params [module.irn.operations.5.F.conv5.bias] will not optimize.
25-07-14 15:23:01.854 - WARNING: Params [module.irn.operations.5.NF.beta] will not optimize.
2025-07-14 15:23:01,854 - WARNING - Params [module.irn.operations.5.NF.beta] will not optimize.
25-07-14 15:23:01.854 - WARNING: Params [module.irn.operations.5.NF.gamma] will not optimize.
2025-07-14 15:23:01,854 - WARNING - Params [module.irn.operations.5.NF.gamma] will not optimize.
25-07-14 15:23:01.855 - WARNING: Params [module.irn.operations.5.NF.conv1.weight] will not optimize.
2025-07-14 15:23:01,855 - WARNING - Params [module.irn.operations.5.NF.conv1.weight] will not optimize.
25-07-14 15:23:01.855 - WARNING: Params [module.irn.operations.5.NF.conv1.bias] will not optimize.
2025-07-14 15:23:01,855 - WARNING - Params [module.irn.operations.5.NF.conv1.bias] will not optimize.
25-07-14 15:23:01.855 - WARNING: Params [module.irn.operations.5.NF.conv2.weight] will not optimize.
2025-07-14 15:23:01,855 - WARNING - Params [module.irn.operations.5.NF.conv2.weight] will not optimize.
25-07-14 15:23:01.855 - WARNING: Params [module.irn.operations.5.NF.conv2.bias] will not optimize.
2025-07-14 15:23:01,855 - WARNING - Params [module.irn.operations.5.NF.conv2.bias] will not optimize.
25-07-14 15:23:01.855 - WARNING: Params [module.irn.operations.5.NF.conv3.weight] will not optimize.
2025-07-14 15:23:01,855 - WARNING - Params [module.irn.operations.5.NF.conv3.weight] will not optimize.
25-07-14 15:23:01.855 - WARNING: Params [module.irn.operations.5.NF.conv3.bias] will not optimize.
2025-07-14 15:23:01,855 - WARNING - Params [module.irn.operations.5.NF.conv3.bias] will not optimize.
25-07-14 15:23:01.855 - WARNING: Params [module.irn.operations.5.NF.sca.1.weight] will not optimize.
2025-07-14 15:23:01,855 - WARNING - Params [module.irn.operations.5.NF.sca.1.weight] will not optimize.
25-07-14 15:23:01.855 - WARNING: Params [module.irn.operations.5.NF.sca.1.bias] will not optimize.
2025-07-14 15:23:01,855 - WARNING - Params [module.irn.operations.5.NF.sca.1.bias] will not optimize.
25-07-14 15:23:01.855 - WARNING: Params [module.irn.operations.5.NF.conv4.weight] will not optimize.
2025-07-14 15:23:01,855 - WARNING - Params [module.irn.operations.5.NF.conv4.weight] will not optimize.
25-07-14 15:23:01.855 - WARNING: Params [module.irn.operations.5.NF.conv4.bias] will not optimize.
2025-07-14 15:23:01,855 - WARNING - Params [module.irn.operations.5.NF.conv4.bias] will not optimize.
25-07-14 15:23:01.855 - WARNING: Params [module.irn.operations.5.NF.conv5.weight] will not optimize.
2025-07-14 15:23:01,855 - WARNING - Params [module.irn.operations.5.NF.conv5.weight] will not optimize.
25-07-14 15:23:01.855 - WARNING: Params [module.irn.operations.5.NF.conv5.bias] will not optimize.
2025-07-14 15:23:01,855 - WARNING - Params [module.irn.operations.5.NF.conv5.bias] will not optimize.
25-07-14 15:23:01.855 - WARNING: Params [module.irn.operations.5.NF.norm1.weight] will not optimize.
2025-07-14 15:23:01,855 - WARNING - Params [module.irn.operations.5.NF.norm1.weight] will not optimize.
25-07-14 15:23:01.855 - WARNING: Params [module.irn.operations.5.NF.norm1.bias] will not optimize.
2025-07-14 15:23:01,855 - WARNING - Params [module.irn.operations.5.NF.norm1.bias] will not optimize.
25-07-14 15:23:01.855 - WARNING: Params [module.irn.operations.5.NF.norm2.weight] will not optimize.
2025-07-14 15:23:01,855 - WARNING - Params [module.irn.operations.5.NF.norm2.weight] will not optimize.
25-07-14 15:23:01.855 - WARNING: Params [module.irn.operations.5.NF.norm2.bias] will not optimize.
2025-07-14 15:23:01,855 - WARNING - Params [module.irn.operations.5.NF.norm2.bias] will not optimize.
25-07-14 15:23:01.855 - WARNING: Params [module.irn.operations.5.G.conv1.weight] will not optimize.
2025-07-14 15:23:01,855 - WARNING - Params [module.irn.operations.5.G.conv1.weight] will not optimize.
25-07-14 15:23:01.856 - WARNING: Params [module.irn.operations.5.G.conv1.bias] will not optimize.
2025-07-14 15:23:01,856 - WARNING - Params [module.irn.operations.5.G.conv1.bias] will not optimize.
25-07-14 15:23:01.856 - WARNING: Params [module.irn.operations.5.G.conv2.weight] will not optimize.
2025-07-14 15:23:01,856 - WARNING - Params [module.irn.operations.5.G.conv2.weight] will not optimize.
25-07-14 15:23:01.856 - WARNING: Params [module.irn.operations.5.G.conv2.bias] will not optimize.
2025-07-14 15:23:01,856 - WARNING - Params [module.irn.operations.5.G.conv2.bias] will not optimize.
25-07-14 15:23:01.856 - WARNING: Params [module.irn.operations.5.G.conv3.weight] will not optimize.
2025-07-14 15:23:01,856 - WARNING - Params [module.irn.operations.5.G.conv3.weight] will not optimize.
25-07-14 15:23:01.856 - WARNING: Params [module.irn.operations.5.G.conv3.bias] will not optimize.
2025-07-14 15:23:01,856 - WARNING - Params [module.irn.operations.5.G.conv3.bias] will not optimize.
25-07-14 15:23:01.856 - WARNING: Params [module.irn.operations.5.G.conv4.weight] will not optimize.
2025-07-14 15:23:01,856 - WARNING - Params [module.irn.operations.5.G.conv4.weight] will not optimize.
25-07-14 15:23:01.856 - WARNING: Params [module.irn.operations.5.G.conv4.bias] will not optimize.
2025-07-14 15:23:01,856 - WARNING - Params [module.irn.operations.5.G.conv4.bias] will not optimize.
25-07-14 15:23:01.856 - WARNING: Params [module.irn.operations.5.G.conv5.weight] will not optimize.
2025-07-14 15:23:01,856 - WARNING - Params [module.irn.operations.5.G.conv5.weight] will not optimize.
25-07-14 15:23:01.856 - WARNING: Params [module.irn.operations.5.G.conv5.bias] will not optimize.
2025-07-14 15:23:01,856 - WARNING - Params [module.irn.operations.5.G.conv5.bias] will not optimize.
25-07-14 15:23:01.856 - WARNING: Params [module.irn.operations.5.NG.beta] will not optimize.
2025-07-14 15:23:01,856 - WARNING - Params [module.irn.operations.5.NG.beta] will not optimize.
25-07-14 15:23:01.856 - WARNING: Params [module.irn.operations.5.NG.gamma] will not optimize.
2025-07-14 15:23:01,856 - WARNING - Params [module.irn.operations.5.NG.gamma] will not optimize.
25-07-14 15:23:01.856 - WARNING: Params [module.irn.operations.5.NG.conv1.weight] will not optimize.
2025-07-14 15:23:01,856 - WARNING - Params [module.irn.operations.5.NG.conv1.weight] will not optimize.
25-07-14 15:23:01.856 - WARNING: Params [module.irn.operations.5.NG.conv1.bias] will not optimize.
2025-07-14 15:23:01,856 - WARNING - Params [module.irn.operations.5.NG.conv1.bias] will not optimize.
25-07-14 15:23:01.856 - WARNING: Params [module.irn.operations.5.NG.conv2.weight] will not optimize.
2025-07-14 15:23:01,856 - WARNING - Params [module.irn.operations.5.NG.conv2.weight] will not optimize.
25-07-14 15:23:01.856 - WARNING: Params [module.irn.operations.5.NG.conv2.bias] will not optimize.
2025-07-14 15:23:01,856 - WARNING - Params [module.irn.operations.5.NG.conv2.bias] will not optimize.
25-07-14 15:23:01.856 - WARNING: Params [module.irn.operations.5.NG.conv3.weight] will not optimize.
2025-07-14 15:23:01,856 - WARNING - Params [module.irn.operations.5.NG.conv3.weight] will not optimize.
25-07-14 15:23:01.856 - WARNING: Params [module.irn.operations.5.NG.conv3.bias] will not optimize.
2025-07-14 15:23:01,856 - WARNING - Params [module.irn.operations.5.NG.conv3.bias] will not optimize.
25-07-14 15:23:01.857 - WARNING: Params [module.irn.operations.5.NG.sca.1.weight] will not optimize.
2025-07-14 15:23:01,857 - WARNING - Params [module.irn.operations.5.NG.sca.1.weight] will not optimize.
25-07-14 15:23:01.857 - WARNING: Params [module.irn.operations.5.NG.sca.1.bias] will not optimize.
2025-07-14 15:23:01,857 - WARNING - Params [module.irn.operations.5.NG.sca.1.bias] will not optimize.
25-07-14 15:23:01.857 - WARNING: Params [module.irn.operations.5.NG.conv4.weight] will not optimize.
2025-07-14 15:23:01,857 - WARNING - Params [module.irn.operations.5.NG.conv4.weight] will not optimize.
25-07-14 15:23:01.857 - WARNING: Params [module.irn.operations.5.NG.conv4.bias] will not optimize.
2025-07-14 15:23:01,857 - WARNING - Params [module.irn.operations.5.NG.conv4.bias] will not optimize.
25-07-14 15:23:01.857 - WARNING: Params [module.irn.operations.5.NG.conv5.weight] will not optimize.
2025-07-14 15:23:01,857 - WARNING - Params [module.irn.operations.5.NG.conv5.weight] will not optimize.
25-07-14 15:23:01.857 - WARNING: Params [module.irn.operations.5.NG.conv5.bias] will not optimize.
2025-07-14 15:23:01,857 - WARNING - Params [module.irn.operations.5.NG.conv5.bias] will not optimize.
25-07-14 15:23:01.857 - WARNING: Params [module.irn.operations.5.NG.norm1.weight] will not optimize.
2025-07-14 15:23:01,857 - WARNING - Params [module.irn.operations.5.NG.norm1.weight] will not optimize.
25-07-14 15:23:01.857 - WARNING: Params [module.irn.operations.5.NG.norm1.bias] will not optimize.
2025-07-14 15:23:01,857 - WARNING - Params [module.irn.operations.5.NG.norm1.bias] will not optimize.
25-07-14 15:23:01.857 - WARNING: Params [module.irn.operations.5.NG.norm2.weight] will not optimize.
2025-07-14 15:23:01,857 - WARNING - Params [module.irn.operations.5.NG.norm2.weight] will not optimize.
25-07-14 15:23:01.857 - WARNING: Params [module.irn.operations.5.NG.norm2.bias] will not optimize.
2025-07-14 15:23:01,857 - WARNING - Params [module.irn.operations.5.NG.norm2.bias] will not optimize.
25-07-14 15:23:01.857 - WARNING: Params [module.irn.operations.5.H.conv1.weight] will not optimize.
2025-07-14 15:23:01,857 - WARNING - Params [module.irn.operations.5.H.conv1.weight] will not optimize.
25-07-14 15:23:01.857 - WARNING: Params [module.irn.operations.5.H.conv1.bias] will not optimize.
2025-07-14 15:23:01,857 - WARNING - Params [module.irn.operations.5.H.conv1.bias] will not optimize.
25-07-14 15:23:01.857 - WARNING: Params [module.irn.operations.5.H.conv2.weight] will not optimize.
2025-07-14 15:23:01,857 - WARNING - Params [module.irn.operations.5.H.conv2.weight] will not optimize.
25-07-14 15:23:01.857 - WARNING: Params [module.irn.operations.5.H.conv2.bias] will not optimize.
2025-07-14 15:23:01,857 - WARNING - Params [module.irn.operations.5.H.conv2.bias] will not optimize.
25-07-14 15:23:01.857 - WARNING: Params [module.irn.operations.5.H.conv3.weight] will not optimize.
2025-07-14 15:23:01,857 - WARNING - Params [module.irn.operations.5.H.conv3.weight] will not optimize.
25-07-14 15:23:01.857 - WARNING: Params [module.irn.operations.5.H.conv3.bias] will not optimize.
2025-07-14 15:23:01,857 - WARNING - Params [module.irn.operations.5.H.conv3.bias] will not optimize.
25-07-14 15:23:01.857 - WARNING: Params [module.irn.operations.5.H.conv4.weight] will not optimize.
2025-07-14 15:23:01,857 - WARNING - Params [module.irn.operations.5.H.conv4.weight] will not optimize.
25-07-14 15:23:01.858 - WARNING: Params [module.irn.operations.5.H.conv4.bias] will not optimize.
2025-07-14 15:23:01,858 - WARNING - Params [module.irn.operations.5.H.conv4.bias] will not optimize.
25-07-14 15:23:01.858 - WARNING: Params [module.irn.operations.5.H.conv5.weight] will not optimize.
2025-07-14 15:23:01,858 - WARNING - Params [module.irn.operations.5.H.conv5.weight] will not optimize.
25-07-14 15:23:01.858 - WARNING: Params [module.irn.operations.5.H.conv5.bias] will not optimize.
2025-07-14 15:23:01,858 - WARNING - Params [module.irn.operations.5.H.conv5.bias] will not optimize.
25-07-14 15:23:01.858 - WARNING: Params [module.irn.operations.5.NH.beta] will not optimize.
2025-07-14 15:23:01,858 - WARNING - Params [module.irn.operations.5.NH.beta] will not optimize.
25-07-14 15:23:01.858 - WARNING: Params [module.irn.operations.5.NH.gamma] will not optimize.
2025-07-14 15:23:01,858 - WARNING - Params [module.irn.operations.5.NH.gamma] will not optimize.
25-07-14 15:23:01.858 - WARNING: Params [module.irn.operations.5.NH.conv1.weight] will not optimize.
2025-07-14 15:23:01,858 - WARNING - Params [module.irn.operations.5.NH.conv1.weight] will not optimize.
25-07-14 15:23:01.858 - WARNING: Params [module.irn.operations.5.NH.conv1.bias] will not optimize.
2025-07-14 15:23:01,858 - WARNING - Params [module.irn.operations.5.NH.conv1.bias] will not optimize.
25-07-14 15:23:01.858 - WARNING: Params [module.irn.operations.5.NH.conv2.weight] will not optimize.
2025-07-14 15:23:01,858 - WARNING - Params [module.irn.operations.5.NH.conv2.weight] will not optimize.
25-07-14 15:23:01.858 - WARNING: Params [module.irn.operations.5.NH.conv2.bias] will not optimize.
2025-07-14 15:23:01,858 - WARNING - Params [module.irn.operations.5.NH.conv2.bias] will not optimize.
25-07-14 15:23:01.858 - WARNING: Params [module.irn.operations.5.NH.conv3.weight] will not optimize.
2025-07-14 15:23:01,858 - WARNING - Params [module.irn.operations.5.NH.conv3.weight] will not optimize.
25-07-14 15:23:01.858 - WARNING: Params [module.irn.operations.5.NH.conv3.bias] will not optimize.
2025-07-14 15:23:01,858 - WARNING - Params [module.irn.operations.5.NH.conv3.bias] will not optimize.
25-07-14 15:23:01.858 - WARNING: Params [module.irn.operations.5.NH.sca.1.weight] will not optimize.
2025-07-14 15:23:01,858 - WARNING - Params [module.irn.operations.5.NH.sca.1.weight] will not optimize.
25-07-14 15:23:01.858 - WARNING: Params [module.irn.operations.5.NH.sca.1.bias] will not optimize.
2025-07-14 15:23:01,858 - WARNING - Params [module.irn.operations.5.NH.sca.1.bias] will not optimize.
25-07-14 15:23:01.858 - WARNING: Params [module.irn.operations.5.NH.conv4.weight] will not optimize.
2025-07-14 15:23:01,858 - WARNING - Params [module.irn.operations.5.NH.conv4.weight] will not optimize.
25-07-14 15:23:01.858 - WARNING: Params [module.irn.operations.5.NH.conv4.bias] will not optimize.
2025-07-14 15:23:01,858 - WARNING - Params [module.irn.operations.5.NH.conv4.bias] will not optimize.
25-07-14 15:23:01.858 - WARNING: Params [module.irn.operations.5.NH.conv5.weight] will not optimize.
2025-07-14 15:23:01,858 - WARNING - Params [module.irn.operations.5.NH.conv5.weight] will not optimize.
25-07-14 15:23:01.859 - WARNING: Params [module.irn.operations.5.NH.conv5.bias] will not optimize.
2025-07-14 15:23:01,859 - WARNING - Params [module.irn.operations.5.NH.conv5.bias] will not optimize.
25-07-14 15:23:01.859 - WARNING: Params [module.irn.operations.5.NH.norm1.weight] will not optimize.
2025-07-14 15:23:01,859 - WARNING - Params [module.irn.operations.5.NH.norm1.weight] will not optimize.
25-07-14 15:23:01.859 - WARNING: Params [module.irn.operations.5.NH.norm1.bias] will not optimize.
2025-07-14 15:23:01,859 - WARNING - Params [module.irn.operations.5.NH.norm1.bias] will not optimize.
25-07-14 15:23:01.859 - WARNING: Params [module.irn.operations.5.NH.norm2.weight] will not optimize.
2025-07-14 15:23:01,859 - WARNING - Params [module.irn.operations.5.NH.norm2.weight] will not optimize.
25-07-14 15:23:01.859 - WARNING: Params [module.irn.operations.5.NH.norm2.bias] will not optimize.
2025-07-14 15:23:01,859 - WARNING - Params [module.irn.operations.5.NH.norm2.bias] will not optimize.
25-07-14 15:23:01.859 - WARNING: Params [module.irn.operations.6.F.conv1.weight] will not optimize.
2025-07-14 15:23:01,859 - WARNING - Params [module.irn.operations.6.F.conv1.weight] will not optimize.
25-07-14 15:23:01.859 - WARNING: Params [module.irn.operations.6.F.conv1.bias] will not optimize.
2025-07-14 15:23:01,859 - WARNING - Params [module.irn.operations.6.F.conv1.bias] will not optimize.
25-07-14 15:23:01.859 - WARNING: Params [module.irn.operations.6.F.conv2.weight] will not optimize.
2025-07-14 15:23:01,859 - WARNING - Params [module.irn.operations.6.F.conv2.weight] will not optimize.
25-07-14 15:23:01.859 - WARNING: Params [module.irn.operations.6.F.conv2.bias] will not optimize.
2025-07-14 15:23:01,859 - WARNING - Params [module.irn.operations.6.F.conv2.bias] will not optimize.
25-07-14 15:23:01.859 - WARNING: Params [module.irn.operations.6.F.conv3.weight] will not optimize.
2025-07-14 15:23:01,859 - WARNING - Params [module.irn.operations.6.F.conv3.weight] will not optimize.
25-07-14 15:23:01.859 - WARNING: Params [module.irn.operations.6.F.conv3.bias] will not optimize.
2025-07-14 15:23:01,859 - WARNING - Params [module.irn.operations.6.F.conv3.bias] will not optimize.
25-07-14 15:23:01.859 - WARNING: Params [module.irn.operations.6.F.conv4.weight] will not optimize.
2025-07-14 15:23:01,859 - WARNING - Params [module.irn.operations.6.F.conv4.weight] will not optimize.
25-07-14 15:23:01.859 - WARNING: Params [module.irn.operations.6.F.conv4.bias] will not optimize.
2025-07-14 15:23:01,859 - WARNING - Params [module.irn.operations.6.F.conv4.bias] will not optimize.
25-07-14 15:23:01.859 - WARNING: Params [module.irn.operations.6.F.conv5.weight] will not optimize.
2025-07-14 15:23:01,859 - WARNING - Params [module.irn.operations.6.F.conv5.weight] will not optimize.
25-07-14 15:23:01.859 - WARNING: Params [module.irn.operations.6.F.conv5.bias] will not optimize.
2025-07-14 15:23:01,859 - WARNING - Params [module.irn.operations.6.F.conv5.bias] will not optimize.
25-07-14 15:23:01.859 - WARNING: Params [module.irn.operations.6.NF.beta] will not optimize.
2025-07-14 15:23:01,859 - WARNING - Params [module.irn.operations.6.NF.beta] will not optimize.
25-07-14 15:23:01.859 - WARNING: Params [module.irn.operations.6.NF.gamma] will not optimize.
2025-07-14 15:23:01,859 - WARNING - Params [module.irn.operations.6.NF.gamma] will not optimize.
25-07-14 15:23:01.860 - WARNING: Params [module.irn.operations.6.NF.conv1.weight] will not optimize.
2025-07-14 15:23:01,860 - WARNING - Params [module.irn.operations.6.NF.conv1.weight] will not optimize.
25-07-14 15:23:01.860 - WARNING: Params [module.irn.operations.6.NF.conv1.bias] will not optimize.
2025-07-14 15:23:01,860 - WARNING - Params [module.irn.operations.6.NF.conv1.bias] will not optimize.
25-07-14 15:23:01.860 - WARNING: Params [module.irn.operations.6.NF.conv2.weight] will not optimize.
2025-07-14 15:23:01,860 - WARNING - Params [module.irn.operations.6.NF.conv2.weight] will not optimize.
25-07-14 15:23:01.860 - WARNING: Params [module.irn.operations.6.NF.conv2.bias] will not optimize.
2025-07-14 15:23:01,860 - WARNING - Params [module.irn.operations.6.NF.conv2.bias] will not optimize.
25-07-14 15:23:01.860 - WARNING: Params [module.irn.operations.6.NF.conv3.weight] will not optimize.
2025-07-14 15:23:01,860 - WARNING - Params [module.irn.operations.6.NF.conv3.weight] will not optimize.
25-07-14 15:23:01.860 - WARNING: Params [module.irn.operations.6.NF.conv3.bias] will not optimize.
2025-07-14 15:23:01,860 - WARNING - Params [module.irn.operations.6.NF.conv3.bias] will not optimize.
25-07-14 15:23:01.860 - WARNING: Params [module.irn.operations.6.NF.sca.1.weight] will not optimize.
2025-07-14 15:23:01,860 - WARNING - Params [module.irn.operations.6.NF.sca.1.weight] will not optimize.
25-07-14 15:23:01.860 - WARNING: Params [module.irn.operations.6.NF.sca.1.bias] will not optimize.
2025-07-14 15:23:01,860 - WARNING - Params [module.irn.operations.6.NF.sca.1.bias] will not optimize.
25-07-14 15:23:01.860 - WARNING: Params [module.irn.operations.6.NF.conv4.weight] will not optimize.
2025-07-14 15:23:01,860 - WARNING - Params [module.irn.operations.6.NF.conv4.weight] will not optimize.
25-07-14 15:23:01.860 - WARNING: Params [module.irn.operations.6.NF.conv4.bias] will not optimize.
2025-07-14 15:23:01,860 - WARNING - Params [module.irn.operations.6.NF.conv4.bias] will not optimize.
25-07-14 15:23:01.860 - WARNING: Params [module.irn.operations.6.NF.conv5.weight] will not optimize.
2025-07-14 15:23:01,860 - WARNING - Params [module.irn.operations.6.NF.conv5.weight] will not optimize.
25-07-14 15:23:01.860 - WARNING: Params [module.irn.operations.6.NF.conv5.bias] will not optimize.
2025-07-14 15:23:01,860 - WARNING - Params [module.irn.operations.6.NF.conv5.bias] will not optimize.
25-07-14 15:23:01.860 - WARNING: Params [module.irn.operations.6.NF.norm1.weight] will not optimize.
2025-07-14 15:23:01,860 - WARNING - Params [module.irn.operations.6.NF.norm1.weight] will not optimize.
25-07-14 15:23:01.860 - WARNING: Params [module.irn.operations.6.NF.norm1.bias] will not optimize.
2025-07-14 15:23:01,860 - WARNING - Params [module.irn.operations.6.NF.norm1.bias] will not optimize.
25-07-14 15:23:01.860 - WARNING: Params [module.irn.operations.6.NF.norm2.weight] will not optimize.
2025-07-14 15:23:01,860 - WARNING - Params [module.irn.operations.6.NF.norm2.weight] will not optimize.
25-07-14 15:23:01.860 - WARNING: Params [module.irn.operations.6.NF.norm2.bias] will not optimize.
2025-07-14 15:23:01,860 - WARNING - Params [module.irn.operations.6.NF.norm2.bias] will not optimize.
25-07-14 15:23:01.860 - WARNING: Params [module.irn.operations.6.G.conv1.weight] will not optimize.
2025-07-14 15:23:01,860 - WARNING - Params [module.irn.operations.6.G.conv1.weight] will not optimize.
25-07-14 15:23:01.861 - WARNING: Params [module.irn.operations.6.G.conv1.bias] will not optimize.
2025-07-14 15:23:01,861 - WARNING - Params [module.irn.operations.6.G.conv1.bias] will not optimize.
25-07-14 15:23:01.861 - WARNING: Params [module.irn.operations.6.G.conv2.weight] will not optimize.
2025-07-14 15:23:01,861 - WARNING - Params [module.irn.operations.6.G.conv2.weight] will not optimize.
25-07-14 15:23:01.861 - WARNING: Params [module.irn.operations.6.G.conv2.bias] will not optimize.
2025-07-14 15:23:01,861 - WARNING - Params [module.irn.operations.6.G.conv2.bias] will not optimize.
25-07-14 15:23:01.861 - WARNING: Params [module.irn.operations.6.G.conv3.weight] will not optimize.
2025-07-14 15:23:01,861 - WARNING - Params [module.irn.operations.6.G.conv3.weight] will not optimize.
25-07-14 15:23:01.861 - WARNING: Params [module.irn.operations.6.G.conv3.bias] will not optimize.
2025-07-14 15:23:01,861 - WARNING - Params [module.irn.operations.6.G.conv3.bias] will not optimize.
25-07-14 15:23:01.861 - WARNING: Params [module.irn.operations.6.G.conv4.weight] will not optimize.
2025-07-14 15:23:01,861 - WARNING - Params [module.irn.operations.6.G.conv4.weight] will not optimize.
25-07-14 15:23:01.861 - WARNING: Params [module.irn.operations.6.G.conv4.bias] will not optimize.
2025-07-14 15:23:01,861 - WARNING - Params [module.irn.operations.6.G.conv4.bias] will not optimize.
25-07-14 15:23:01.861 - WARNING: Params [module.irn.operations.6.G.conv5.weight] will not optimize.
2025-07-14 15:23:01,861 - WARNING - Params [module.irn.operations.6.G.conv5.weight] will not optimize.
25-07-14 15:23:01.861 - WARNING: Params [module.irn.operations.6.G.conv5.bias] will not optimize.
2025-07-14 15:23:01,861 - WARNING - Params [module.irn.operations.6.G.conv5.bias] will not optimize.
25-07-14 15:23:01.861 - WARNING: Params [module.irn.operations.6.NG.beta] will not optimize.
2025-07-14 15:23:01,861 - WARNING - Params [module.irn.operations.6.NG.beta] will not optimize.
25-07-14 15:23:01.861 - WARNING: Params [module.irn.operations.6.NG.gamma] will not optimize.
2025-07-14 15:23:01,861 - WARNING - Params [module.irn.operations.6.NG.gamma] will not optimize.
25-07-14 15:23:01.861 - WARNING: Params [module.irn.operations.6.NG.conv1.weight] will not optimize.
2025-07-14 15:23:01,861 - WARNING - Params [module.irn.operations.6.NG.conv1.weight] will not optimize.
25-07-14 15:23:01.861 - WARNING: Params [module.irn.operations.6.NG.conv1.bias] will not optimize.
2025-07-14 15:23:01,861 - WARNING - Params [module.irn.operations.6.NG.conv1.bias] will not optimize.
25-07-14 15:23:01.861 - WARNING: Params [module.irn.operations.6.NG.conv2.weight] will not optimize.
2025-07-14 15:23:01,861 - WARNING - Params [module.irn.operations.6.NG.conv2.weight] will not optimize.
25-07-14 15:23:01.861 - WARNING: Params [module.irn.operations.6.NG.conv2.bias] will not optimize.
2025-07-14 15:23:01,861 - WARNING - Params [module.irn.operations.6.NG.conv2.bias] will not optimize.
25-07-14 15:23:01.861 - WARNING: Params [module.irn.operations.6.NG.conv3.weight] will not optimize.
2025-07-14 15:23:01,861 - WARNING - Params [module.irn.operations.6.NG.conv3.weight] will not optimize.
25-07-14 15:23:01.861 - WARNING: Params [module.irn.operations.6.NG.conv3.bias] will not optimize.
2025-07-14 15:23:01,861 - WARNING - Params [module.irn.operations.6.NG.conv3.bias] will not optimize.
25-07-14 15:23:01.862 - WARNING: Params [module.irn.operations.6.NG.sca.1.weight] will not optimize.
2025-07-14 15:23:01,862 - WARNING - Params [module.irn.operations.6.NG.sca.1.weight] will not optimize.
25-07-14 15:23:01.862 - WARNING: Params [module.irn.operations.6.NG.sca.1.bias] will not optimize.
2025-07-14 15:23:01,862 - WARNING - Params [module.irn.operations.6.NG.sca.1.bias] will not optimize.
25-07-14 15:23:01.862 - WARNING: Params [module.irn.operations.6.NG.conv4.weight] will not optimize.
2025-07-14 15:23:01,862 - WARNING - Params [module.irn.operations.6.NG.conv4.weight] will not optimize.
25-07-14 15:23:01.862 - WARNING: Params [module.irn.operations.6.NG.conv4.bias] will not optimize.
2025-07-14 15:23:01,862 - WARNING - Params [module.irn.operations.6.NG.conv4.bias] will not optimize.
25-07-14 15:23:01.862 - WARNING: Params [module.irn.operations.6.NG.conv5.weight] will not optimize.
2025-07-14 15:23:01,862 - WARNING - Params [module.irn.operations.6.NG.conv5.weight] will not optimize.
25-07-14 15:23:01.862 - WARNING: Params [module.irn.operations.6.NG.conv5.bias] will not optimize.
2025-07-14 15:23:01,862 - WARNING - Params [module.irn.operations.6.NG.conv5.bias] will not optimize.
25-07-14 15:23:01.862 - WARNING: Params [module.irn.operations.6.NG.norm1.weight] will not optimize.
2025-07-14 15:23:01,862 - WARNING - Params [module.irn.operations.6.NG.norm1.weight] will not optimize.
25-07-14 15:23:01.862 - WARNING: Params [module.irn.operations.6.NG.norm1.bias] will not optimize.
2025-07-14 15:23:01,862 - WARNING - Params [module.irn.operations.6.NG.norm1.bias] will not optimize.
25-07-14 15:23:01.862 - WARNING: Params [module.irn.operations.6.NG.norm2.weight] will not optimize.
2025-07-14 15:23:01,862 - WARNING - Params [module.irn.operations.6.NG.norm2.weight] will not optimize.
25-07-14 15:23:01.862 - WARNING: Params [module.irn.operations.6.NG.norm2.bias] will not optimize.
2025-07-14 15:23:01,862 - WARNING - Params [module.irn.operations.6.NG.norm2.bias] will not optimize.
25-07-14 15:23:01.862 - WARNING: Params [module.irn.operations.6.H.conv1.weight] will not optimize.
2025-07-14 15:23:01,862 - WARNING - Params [module.irn.operations.6.H.conv1.weight] will not optimize.
25-07-14 15:23:01.862 - WARNING: Params [module.irn.operations.6.H.conv1.bias] will not optimize.
2025-07-14 15:23:01,862 - WARNING - Params [module.irn.operations.6.H.conv1.bias] will not optimize.
25-07-14 15:23:01.862 - WARNING: Params [module.irn.operations.6.H.conv2.weight] will not optimize.
2025-07-14 15:23:01,862 - WARNING - Params [module.irn.operations.6.H.conv2.weight] will not optimize.
25-07-14 15:23:01.862 - WARNING: Params [module.irn.operations.6.H.conv2.bias] will not optimize.
2025-07-14 15:23:01,862 - WARNING - Params [module.irn.operations.6.H.conv2.bias] will not optimize.
25-07-14 15:23:01.862 - WARNING: Params [module.irn.operations.6.H.conv3.weight] will not optimize.
2025-07-14 15:23:01,862 - WARNING - Params [module.irn.operations.6.H.conv3.weight] will not optimize.
25-07-14 15:23:01.862 - WARNING: Params [module.irn.operations.6.H.conv3.bias] will not optimize.
2025-07-14 15:23:01,862 - WARNING - Params [module.irn.operations.6.H.conv3.bias] will not optimize.
25-07-14 15:23:01.862 - WARNING: Params [module.irn.operations.6.H.conv4.weight] will not optimize.
2025-07-14 15:23:01,862 - WARNING - Params [module.irn.operations.6.H.conv4.weight] will not optimize.
25-07-14 15:23:01.863 - WARNING: Params [module.irn.operations.6.H.conv4.bias] will not optimize.
2025-07-14 15:23:01,863 - WARNING - Params [module.irn.operations.6.H.conv4.bias] will not optimize.
25-07-14 15:23:01.863 - WARNING: Params [module.irn.operations.6.H.conv5.weight] will not optimize.
2025-07-14 15:23:01,863 - WARNING - Params [module.irn.operations.6.H.conv5.weight] will not optimize.
25-07-14 15:23:01.863 - WARNING: Params [module.irn.operations.6.H.conv5.bias] will not optimize.
2025-07-14 15:23:01,863 - WARNING - Params [module.irn.operations.6.H.conv5.bias] will not optimize.
25-07-14 15:23:01.863 - WARNING: Params [module.irn.operations.6.NH.beta] will not optimize.
2025-07-14 15:23:01,863 - WARNING - Params [module.irn.operations.6.NH.beta] will not optimize.
25-07-14 15:23:01.863 - WARNING: Params [module.irn.operations.6.NH.gamma] will not optimize.
2025-07-14 15:23:01,863 - WARNING - Params [module.irn.operations.6.NH.gamma] will not optimize.
25-07-14 15:23:01.863 - WARNING: Params [module.irn.operations.6.NH.conv1.weight] will not optimize.
2025-07-14 15:23:01,863 - WARNING - Params [module.irn.operations.6.NH.conv1.weight] will not optimize.
25-07-14 15:23:01.863 - WARNING: Params [module.irn.operations.6.NH.conv1.bias] will not optimize.
2025-07-14 15:23:01,863 - WARNING - Params [module.irn.operations.6.NH.conv1.bias] will not optimize.
25-07-14 15:23:01.863 - WARNING: Params [module.irn.operations.6.NH.conv2.weight] will not optimize.
2025-07-14 15:23:01,863 - WARNING - Params [module.irn.operations.6.NH.conv2.weight] will not optimize.
25-07-14 15:23:01.863 - WARNING: Params [module.irn.operations.6.NH.conv2.bias] will not optimize.
2025-07-14 15:23:01,863 - WARNING - Params [module.irn.operations.6.NH.conv2.bias] will not optimize.
25-07-14 15:23:01.863 - WARNING: Params [module.irn.operations.6.NH.conv3.weight] will not optimize.
2025-07-14 15:23:01,863 - WARNING - Params [module.irn.operations.6.NH.conv3.weight] will not optimize.
25-07-14 15:23:01.863 - WARNING: Params [module.irn.operations.6.NH.conv3.bias] will not optimize.
2025-07-14 15:23:01,863 - WARNING - Params [module.irn.operations.6.NH.conv3.bias] will not optimize.
25-07-14 15:23:01.863 - WARNING: Params [module.irn.operations.6.NH.sca.1.weight] will not optimize.
2025-07-14 15:23:01,863 - WARNING - Params [module.irn.operations.6.NH.sca.1.weight] will not optimize.
25-07-14 15:23:01.863 - WARNING: Params [module.irn.operations.6.NH.sca.1.bias] will not optimize.
2025-07-14 15:23:01,863 - WARNING - Params [module.irn.operations.6.NH.sca.1.bias] will not optimize.
25-07-14 15:23:01.863 - WARNING: Params [module.irn.operations.6.NH.conv4.weight] will not optimize.
2025-07-14 15:23:01,863 - WARNING - Params [module.irn.operations.6.NH.conv4.weight] will not optimize.
25-07-14 15:23:01.863 - WARNING: Params [module.irn.operations.6.NH.conv4.bias] will not optimize.
2025-07-14 15:23:01,863 - WARNING - Params [module.irn.operations.6.NH.conv4.bias] will not optimize.
25-07-14 15:23:01.863 - WARNING: Params [module.irn.operations.6.NH.conv5.weight] will not optimize.
2025-07-14 15:23:01,863 - WARNING - Params [module.irn.operations.6.NH.conv5.weight] will not optimize.
25-07-14 15:23:01.863 - WARNING: Params [module.irn.operations.6.NH.conv5.bias] will not optimize.
2025-07-14 15:23:01,863 - WARNING - Params [module.irn.operations.6.NH.conv5.bias] will not optimize.
25-07-14 15:23:01.864 - WARNING: Params [module.irn.operations.6.NH.norm1.weight] will not optimize.
2025-07-14 15:23:01,864 - WARNING - Params [module.irn.operations.6.NH.norm1.weight] will not optimize.
25-07-14 15:23:01.864 - WARNING: Params [module.irn.operations.6.NH.norm1.bias] will not optimize.
2025-07-14 15:23:01,864 - WARNING - Params [module.irn.operations.6.NH.norm1.bias] will not optimize.
25-07-14 15:23:01.864 - WARNING: Params [module.irn.operations.6.NH.norm2.weight] will not optimize.
2025-07-14 15:23:01,864 - WARNING - Params [module.irn.operations.6.NH.norm2.weight] will not optimize.
25-07-14 15:23:01.864 - WARNING: Params [module.irn.operations.6.NH.norm2.bias] will not optimize.
2025-07-14 15:23:01,864 - WARNING - Params [module.irn.operations.6.NH.norm2.bias] will not optimize.
25-07-14 15:23:01.864 - WARNING: Params [module.irn.operations.7.F.conv1.weight] will not optimize.
2025-07-14 15:23:01,864 - WARNING - Params [module.irn.operations.7.F.conv1.weight] will not optimize.
25-07-14 15:23:01.864 - WARNING: Params [module.irn.operations.7.F.conv1.bias] will not optimize.
2025-07-14 15:23:01,864 - WARNING - Params [module.irn.operations.7.F.conv1.bias] will not optimize.
25-07-14 15:23:01.864 - WARNING: Params [module.irn.operations.7.F.conv2.weight] will not optimize.
2025-07-14 15:23:01,864 - WARNING - Params [module.irn.operations.7.F.conv2.weight] will not optimize.
25-07-14 15:23:01.864 - WARNING: Params [module.irn.operations.7.F.conv2.bias] will not optimize.
2025-07-14 15:23:01,864 - WARNING - Params [module.irn.operations.7.F.conv2.bias] will not optimize.
25-07-14 15:23:01.864 - WARNING: Params [module.irn.operations.7.F.conv3.weight] will not optimize.
2025-07-14 15:23:01,864 - WARNING - Params [module.irn.operations.7.F.conv3.weight] will not optimize.
25-07-14 15:23:01.864 - WARNING: Params [module.irn.operations.7.F.conv3.bias] will not optimize.
2025-07-14 15:23:01,864 - WARNING - Params [module.irn.operations.7.F.conv3.bias] will not optimize.
25-07-14 15:23:01.864 - WARNING: Params [module.irn.operations.7.F.conv4.weight] will not optimize.
2025-07-14 15:23:01,864 - WARNING - Params [module.irn.operations.7.F.conv4.weight] will not optimize.
25-07-14 15:23:01.864 - WARNING: Params [module.irn.operations.7.F.conv4.bias] will not optimize.
2025-07-14 15:23:01,864 - WARNING - Params [module.irn.operations.7.F.conv4.bias] will not optimize.
25-07-14 15:23:01.864 - WARNING: Params [module.irn.operations.7.F.conv5.weight] will not optimize.
2025-07-14 15:23:01,864 - WARNING - Params [module.irn.operations.7.F.conv5.weight] will not optimize.
25-07-14 15:23:01.864 - WARNING: Params [module.irn.operations.7.F.conv5.bias] will not optimize.
2025-07-14 15:23:01,864 - WARNING - Params [module.irn.operations.7.F.conv5.bias] will not optimize.
25-07-14 15:23:01.864 - WARNING: Params [module.irn.operations.7.NF.beta] will not optimize.
2025-07-14 15:23:01,864 - WARNING - Params [module.irn.operations.7.NF.beta] will not optimize.
25-07-14 15:23:01.864 - WARNING: Params [module.irn.operations.7.NF.gamma] will not optimize.
2025-07-14 15:23:01,864 - WARNING - Params [module.irn.operations.7.NF.gamma] will not optimize.
25-07-14 15:23:01.864 - WARNING: Params [module.irn.operations.7.NF.conv1.weight] will not optimize.
2025-07-14 15:23:01,864 - WARNING - Params [module.irn.operations.7.NF.conv1.weight] will not optimize.
25-07-14 15:23:01.865 - WARNING: Params [module.irn.operations.7.NF.conv1.bias] will not optimize.
2025-07-14 15:23:01,865 - WARNING - Params [module.irn.operations.7.NF.conv1.bias] will not optimize.
25-07-14 15:23:01.865 - WARNING: Params [module.irn.operations.7.NF.conv2.weight] will not optimize.
2025-07-14 15:23:01,865 - WARNING - Params [module.irn.operations.7.NF.conv2.weight] will not optimize.
25-07-14 15:23:01.865 - WARNING: Params [module.irn.operations.7.NF.conv2.bias] will not optimize.
2025-07-14 15:23:01,865 - WARNING - Params [module.irn.operations.7.NF.conv2.bias] will not optimize.
25-07-14 15:23:01.865 - WARNING: Params [module.irn.operations.7.NF.conv3.weight] will not optimize.
2025-07-14 15:23:01,865 - WARNING - Params [module.irn.operations.7.NF.conv3.weight] will not optimize.
25-07-14 15:23:01.865 - WARNING: Params [module.irn.operations.7.NF.conv3.bias] will not optimize.
2025-07-14 15:23:01,865 - WARNING - Params [module.irn.operations.7.NF.conv3.bias] will not optimize.
25-07-14 15:23:01.865 - WARNING: Params [module.irn.operations.7.NF.sca.1.weight] will not optimize.
2025-07-14 15:23:01,865 - WARNING - Params [module.irn.operations.7.NF.sca.1.weight] will not optimize.
25-07-14 15:23:01.865 - WARNING: Params [module.irn.operations.7.NF.sca.1.bias] will not optimize.
2025-07-14 15:23:01,865 - WARNING - Params [module.irn.operations.7.NF.sca.1.bias] will not optimize.
25-07-14 15:23:01.865 - WARNING: Params [module.irn.operations.7.NF.conv4.weight] will not optimize.
2025-07-14 15:23:01,865 - WARNING - Params [module.irn.operations.7.NF.conv4.weight] will not optimize.
25-07-14 15:23:01.865 - WARNING: Params [module.irn.operations.7.NF.conv4.bias] will not optimize.
2025-07-14 15:23:01,865 - WARNING - Params [module.irn.operations.7.NF.conv4.bias] will not optimize.
25-07-14 15:23:01.865 - WARNING: Params [module.irn.operations.7.NF.conv5.weight] will not optimize.
2025-07-14 15:23:01,865 - WARNING - Params [module.irn.operations.7.NF.conv5.weight] will not optimize.
25-07-14 15:23:01.865 - WARNING: Params [module.irn.operations.7.NF.conv5.bias] will not optimize.
2025-07-14 15:23:01,865 - WARNING - Params [module.irn.operations.7.NF.conv5.bias] will not optimize.
25-07-14 15:23:01.865 - WARNING: Params [module.irn.operations.7.NF.norm1.weight] will not optimize.
2025-07-14 15:23:01,865 - WARNING - Params [module.irn.operations.7.NF.norm1.weight] will not optimize.
25-07-14 15:23:01.865 - WARNING: Params [module.irn.operations.7.NF.norm1.bias] will not optimize.
2025-07-14 15:23:01,865 - WARNING - Params [module.irn.operations.7.NF.norm1.bias] will not optimize.
25-07-14 15:23:01.865 - WARNING: Params [module.irn.operations.7.NF.norm2.weight] will not optimize.
2025-07-14 15:23:01,865 - WARNING - Params [module.irn.operations.7.NF.norm2.weight] will not optimize.
25-07-14 15:23:01.865 - WARNING: Params [module.irn.operations.7.NF.norm2.bias] will not optimize.
2025-07-14 15:23:01,865 - WARNING - Params [module.irn.operations.7.NF.norm2.bias] will not optimize.
25-07-14 15:23:01.865 - WARNING: Params [module.irn.operations.7.G.conv1.weight] will not optimize.
2025-07-14 15:23:01,865 - WARNING - Params [module.irn.operations.7.G.conv1.weight] will not optimize.
25-07-14 15:23:01.865 - WARNING: Params [module.irn.operations.7.G.conv1.bias] will not optimize.
2025-07-14 15:23:01,865 - WARNING - Params [module.irn.operations.7.G.conv1.bias] will not optimize.
25-07-14 15:23:01.866 - WARNING: Params [module.irn.operations.7.G.conv2.weight] will not optimize.
2025-07-14 15:23:01,866 - WARNING - Params [module.irn.operations.7.G.conv2.weight] will not optimize.
25-07-14 15:23:01.866 - WARNING: Params [module.irn.operations.7.G.conv2.bias] will not optimize.
2025-07-14 15:23:01,866 - WARNING - Params [module.irn.operations.7.G.conv2.bias] will not optimize.
25-07-14 15:23:01.866 - WARNING: Params [module.irn.operations.7.G.conv3.weight] will not optimize.
2025-07-14 15:23:01,866 - WARNING - Params [module.irn.operations.7.G.conv3.weight] will not optimize.
25-07-14 15:23:01.866 - WARNING: Params [module.irn.operations.7.G.conv3.bias] will not optimize.
2025-07-14 15:23:01,866 - WARNING - Params [module.irn.operations.7.G.conv3.bias] will not optimize.
25-07-14 15:23:01.866 - WARNING: Params [module.irn.operations.7.G.conv4.weight] will not optimize.
2025-07-14 15:23:01,866 - WARNING - Params [module.irn.operations.7.G.conv4.weight] will not optimize.
25-07-14 15:23:01.866 - WARNING: Params [module.irn.operations.7.G.conv4.bias] will not optimize.
2025-07-14 15:23:01,866 - WARNING - Params [module.irn.operations.7.G.conv4.bias] will not optimize.
25-07-14 15:23:01.866 - WARNING: Params [module.irn.operations.7.G.conv5.weight] will not optimize.
2025-07-14 15:23:01,866 - WARNING - Params [module.irn.operations.7.G.conv5.weight] will not optimize.
25-07-14 15:23:01.866 - WARNING: Params [module.irn.operations.7.G.conv5.bias] will not optimize.
2025-07-14 15:23:01,866 - WARNING - Params [module.irn.operations.7.G.conv5.bias] will not optimize.
25-07-14 15:23:01.866 - WARNING: Params [module.irn.operations.7.NG.beta] will not optimize.
2025-07-14 15:23:01,866 - WARNING - Params [module.irn.operations.7.NG.beta] will not optimize.
25-07-14 15:23:01.866 - WARNING: Params [module.irn.operations.7.NG.gamma] will not optimize.
2025-07-14 15:23:01,866 - WARNING - Params [module.irn.operations.7.NG.gamma] will not optimize.
25-07-14 15:23:01.866 - WARNING: Params [module.irn.operations.7.NG.conv1.weight] will not optimize.
2025-07-14 15:23:01,866 - WARNING - Params [module.irn.operations.7.NG.conv1.weight] will not optimize.
25-07-14 15:23:01.866 - WARNING: Params [module.irn.operations.7.NG.conv1.bias] will not optimize.
2025-07-14 15:23:01,866 - WARNING - Params [module.irn.operations.7.NG.conv1.bias] will not optimize.
25-07-14 15:23:01.866 - WARNING: Params [module.irn.operations.7.NG.conv2.weight] will not optimize.
2025-07-14 15:23:01,866 - WARNING - Params [module.irn.operations.7.NG.conv2.weight] will not optimize.
25-07-14 15:23:01.866 - WARNING: Params [module.irn.operations.7.NG.conv2.bias] will not optimize.
2025-07-14 15:23:01,866 - WARNING - Params [module.irn.operations.7.NG.conv2.bias] will not optimize.
25-07-14 15:23:01.866 - WARNING: Params [module.irn.operations.7.NG.conv3.weight] will not optimize.
2025-07-14 15:23:01,866 - WARNING - Params [module.irn.operations.7.NG.conv3.weight] will not optimize.
25-07-14 15:23:01.866 - WARNING: Params [module.irn.operations.7.NG.conv3.bias] will not optimize.
2025-07-14 15:23:01,866 - WARNING - Params [module.irn.operations.7.NG.conv3.bias] will not optimize.
25-07-14 15:23:01.866 - WARNING: Params [module.irn.operations.7.NG.sca.1.weight] will not optimize.
2025-07-14 15:23:01,866 - WARNING - Params [module.irn.operations.7.NG.sca.1.weight] will not optimize.
25-07-14 15:23:01.867 - WARNING: Params [module.irn.operations.7.NG.sca.1.bias] will not optimize.
2025-07-14 15:23:01,867 - WARNING - Params [module.irn.operations.7.NG.sca.1.bias] will not optimize.
25-07-14 15:23:01.867 - WARNING: Params [module.irn.operations.7.NG.conv4.weight] will not optimize.
2025-07-14 15:23:01,867 - WARNING - Params [module.irn.operations.7.NG.conv4.weight] will not optimize.
25-07-14 15:23:01.867 - WARNING: Params [module.irn.operations.7.NG.conv4.bias] will not optimize.
2025-07-14 15:23:01,867 - WARNING - Params [module.irn.operations.7.NG.conv4.bias] will not optimize.
25-07-14 15:23:01.867 - WARNING: Params [module.irn.operations.7.NG.conv5.weight] will not optimize.
2025-07-14 15:23:01,867 - WARNING - Params [module.irn.operations.7.NG.conv5.weight] will not optimize.
25-07-14 15:23:01.867 - WARNING: Params [module.irn.operations.7.NG.conv5.bias] will not optimize.
2025-07-14 15:23:01,867 - WARNING - Params [module.irn.operations.7.NG.conv5.bias] will not optimize.
25-07-14 15:23:01.867 - WARNING: Params [module.irn.operations.7.NG.norm1.weight] will not optimize.
2025-07-14 15:23:01,867 - WARNING - Params [module.irn.operations.7.NG.norm1.weight] will not optimize.
25-07-14 15:23:01.867 - WARNING: Params [module.irn.operations.7.NG.norm1.bias] will not optimize.
2025-07-14 15:23:01,867 - WARNING - Params [module.irn.operations.7.NG.norm1.bias] will not optimize.
25-07-14 15:23:01.867 - WARNING: Params [module.irn.operations.7.NG.norm2.weight] will not optimize.
2025-07-14 15:23:01,867 - WARNING - Params [module.irn.operations.7.NG.norm2.weight] will not optimize.
25-07-14 15:23:01.867 - WARNING: Params [module.irn.operations.7.NG.norm2.bias] will not optimize.
2025-07-14 15:23:01,867 - WARNING - Params [module.irn.operations.7.NG.norm2.bias] will not optimize.
25-07-14 15:23:01.867 - WARNING: Params [module.irn.operations.7.H.conv1.weight] will not optimize.
2025-07-14 15:23:01,867 - WARNING - Params [module.irn.operations.7.H.conv1.weight] will not optimize.
25-07-14 15:23:01.867 - WARNING: Params [module.irn.operations.7.H.conv1.bias] will not optimize.
2025-07-14 15:23:01,867 - WARNING - Params [module.irn.operations.7.H.conv1.bias] will not optimize.
25-07-14 15:23:01.867 - WARNING: Params [module.irn.operations.7.H.conv2.weight] will not optimize.
2025-07-14 15:23:01,867 - WARNING - Params [module.irn.operations.7.H.conv2.weight] will not optimize.
25-07-14 15:23:01.867 - WARNING: Params [module.irn.operations.7.H.conv2.bias] will not optimize.
2025-07-14 15:23:01,867 - WARNING - Params [module.irn.operations.7.H.conv2.bias] will not optimize.
25-07-14 15:23:01.867 - WARNING: Params [module.irn.operations.7.H.conv3.weight] will not optimize.
2025-07-14 15:23:01,867 - WARNING - Params [module.irn.operations.7.H.conv3.weight] will not optimize.
25-07-14 15:23:01.867 - WARNING: Params [module.irn.operations.7.H.conv3.bias] will not optimize.
2025-07-14 15:23:01,867 - WARNING - Params [module.irn.operations.7.H.conv3.bias] will not optimize.
25-07-14 15:23:01.867 - WARNING: Params [module.irn.operations.7.H.conv4.weight] will not optimize.
2025-07-14 15:23:01,867 - WARNING - Params [module.irn.operations.7.H.conv4.weight] will not optimize.
25-07-14 15:23:01.867 - WARNING: Params [module.irn.operations.7.H.conv4.bias] will not optimize.
2025-07-14 15:23:01,867 - WARNING - Params [module.irn.operations.7.H.conv4.bias] will not optimize.
25-07-14 15:23:01.868 - WARNING: Params [module.irn.operations.7.H.conv5.weight] will not optimize.
2025-07-14 15:23:01,868 - WARNING - Params [module.irn.operations.7.H.conv5.weight] will not optimize.
25-07-14 15:23:01.868 - WARNING: Params [module.irn.operations.7.H.conv5.bias] will not optimize.
2025-07-14 15:23:01,868 - WARNING - Params [module.irn.operations.7.H.conv5.bias] will not optimize.
25-07-14 15:23:01.868 - WARNING: Params [module.irn.operations.7.NH.beta] will not optimize.
2025-07-14 15:23:01,868 - WARNING - Params [module.irn.operations.7.NH.beta] will not optimize.
25-07-14 15:23:01.868 - WARNING: Params [module.irn.operations.7.NH.gamma] will not optimize.
2025-07-14 15:23:01,868 - WARNING - Params [module.irn.operations.7.NH.gamma] will not optimize.
25-07-14 15:23:01.868 - WARNING: Params [module.irn.operations.7.NH.conv1.weight] will not optimize.
2025-07-14 15:23:01,868 - WARNING - Params [module.irn.operations.7.NH.conv1.weight] will not optimize.
25-07-14 15:23:01.868 - WARNING: Params [module.irn.operations.7.NH.conv1.bias] will not optimize.
2025-07-14 15:23:01,868 - WARNING - Params [module.irn.operations.7.NH.conv1.bias] will not optimize.
25-07-14 15:23:01.868 - WARNING: Params [module.irn.operations.7.NH.conv2.weight] will not optimize.
2025-07-14 15:23:01,868 - WARNING - Params [module.irn.operations.7.NH.conv2.weight] will not optimize.
25-07-14 15:23:01.868 - WARNING: Params [module.irn.operations.7.NH.conv2.bias] will not optimize.
2025-07-14 15:23:01,868 - WARNING - Params [module.irn.operations.7.NH.conv2.bias] will not optimize.
25-07-14 15:23:01.868 - WARNING: Params [module.irn.operations.7.NH.conv3.weight] will not optimize.
2025-07-14 15:23:01,868 - WARNING - Params [module.irn.operations.7.NH.conv3.weight] will not optimize.
25-07-14 15:23:01.868 - WARNING: Params [module.irn.operations.7.NH.conv3.bias] will not optimize.
2025-07-14 15:23:01,868 - WARNING - Params [module.irn.operations.7.NH.conv3.bias] will not optimize.
25-07-14 15:23:01.868 - WARNING: Params [module.irn.operations.7.NH.sca.1.weight] will not optimize.
2025-07-14 15:23:01,868 - WARNING - Params [module.irn.operations.7.NH.sca.1.weight] will not optimize.
25-07-14 15:23:01.868 - WARNING: Params [module.irn.operations.7.NH.sca.1.bias] will not optimize.
2025-07-14 15:23:01,868 - WARNING - Params [module.irn.operations.7.NH.sca.1.bias] will not optimize.
25-07-14 15:23:01.868 - WARNING: Params [module.irn.operations.7.NH.conv4.weight] will not optimize.
2025-07-14 15:23:01,868 - WARNING - Params [module.irn.operations.7.NH.conv4.weight] will not optimize.
25-07-14 15:23:01.868 - WARNING: Params [module.irn.operations.7.NH.conv4.bias] will not optimize.
2025-07-14 15:23:01,868 - WARNING - Params [module.irn.operations.7.NH.conv4.bias] will not optimize.
25-07-14 15:23:01.868 - WARNING: Params [module.irn.operations.7.NH.conv5.weight] will not optimize.
2025-07-14 15:23:01,868 - WARNING - Params [module.irn.operations.7.NH.conv5.weight] will not optimize.
25-07-14 15:23:01.868 - WARNING: Params [module.irn.operations.7.NH.conv5.bias] will not optimize.
2025-07-14 15:23:01,868 - WARNING - Params [module.irn.operations.7.NH.conv5.bias] will not optimize.
25-07-14 15:23:01.868 - WARNING: Params [module.irn.operations.7.NH.norm1.weight] will not optimize.
2025-07-14 15:23:01,868 - WARNING - Params [module.irn.operations.7.NH.norm1.weight] will not optimize.
25-07-14 15:23:01.869 - WARNING: Params [module.irn.operations.7.NH.norm1.bias] will not optimize.
2025-07-14 15:23:01,869 - WARNING - Params [module.irn.operations.7.NH.norm1.bias] will not optimize.
25-07-14 15:23:01.869 - WARNING: Params [module.irn.operations.7.NH.norm2.weight] will not optimize.
2025-07-14 15:23:01,869 - WARNING - Params [module.irn.operations.7.NH.norm2.weight] will not optimize.
25-07-14 15:23:01.869 - WARNING: Params [module.irn.operations.7.NH.norm2.bias] will not optimize.
2025-07-14 15:23:01,869 - WARNING - Params [module.irn.operations.7.NH.norm2.bias] will not optimize.
25-07-14 15:23:01.869 - WARNING: Params [module.irn.operations.8.F.conv1.weight] will not optimize.
2025-07-14 15:23:01,869 - WARNING - Params [module.irn.operations.8.F.conv1.weight] will not optimize.
25-07-14 15:23:01.869 - WARNING: Params [module.irn.operations.8.F.conv1.bias] will not optimize.
2025-07-14 15:23:01,869 - WARNING - Params [module.irn.operations.8.F.conv1.bias] will not optimize.
25-07-14 15:23:01.869 - WARNING: Params [module.irn.operations.8.F.conv2.weight] will not optimize.
2025-07-14 15:23:01,869 - WARNING - Params [module.irn.operations.8.F.conv2.weight] will not optimize.
25-07-14 15:23:01.869 - WARNING: Params [module.irn.operations.8.F.conv2.bias] will not optimize.
2025-07-14 15:23:01,869 - WARNING - Params [module.irn.operations.8.F.conv2.bias] will not optimize.
25-07-14 15:23:01.869 - WARNING: Params [module.irn.operations.8.F.conv3.weight] will not optimize.
2025-07-14 15:23:01,869 - WARNING - Params [module.irn.operations.8.F.conv3.weight] will not optimize.
25-07-14 15:23:01.869 - WARNING: Params [module.irn.operations.8.F.conv3.bias] will not optimize.
2025-07-14 15:23:01,869 - WARNING - Params [module.irn.operations.8.F.conv3.bias] will not optimize.
25-07-14 15:23:01.869 - WARNING: Params [module.irn.operations.8.F.conv4.weight] will not optimize.
2025-07-14 15:23:01,869 - WARNING - Params [module.irn.operations.8.F.conv4.weight] will not optimize.
25-07-14 15:23:01.869 - WARNING: Params [module.irn.operations.8.F.conv4.bias] will not optimize.
2025-07-14 15:23:01,869 - WARNING - Params [module.irn.operations.8.F.conv4.bias] will not optimize.
25-07-14 15:23:01.869 - WARNING: Params [module.irn.operations.8.F.conv5.weight] will not optimize.
2025-07-14 15:23:01,869 - WARNING - Params [module.irn.operations.8.F.conv5.weight] will not optimize.
25-07-14 15:23:01.869 - WARNING: Params [module.irn.operations.8.F.conv5.bias] will not optimize.
2025-07-14 15:23:01,869 - WARNING - Params [module.irn.operations.8.F.conv5.bias] will not optimize.
25-07-14 15:23:01.869 - WARNING: Params [module.irn.operations.8.NF.beta] will not optimize.
2025-07-14 15:23:01,869 - WARNING - Params [module.irn.operations.8.NF.beta] will not optimize.
25-07-14 15:23:01.869 - WARNING: Params [module.irn.operations.8.NF.gamma] will not optimize.
2025-07-14 15:23:01,869 - WARNING - Params [module.irn.operations.8.NF.gamma] will not optimize.
25-07-14 15:23:01.869 - WARNING: Params [module.irn.operations.8.NF.conv1.weight] will not optimize.
2025-07-14 15:23:01,869 - WARNING - Params [module.irn.operations.8.NF.conv1.weight] will not optimize.
25-07-14 15:23:01.869 - WARNING: Params [module.irn.operations.8.NF.conv1.bias] will not optimize.
2025-07-14 15:23:01,869 - WARNING - Params [module.irn.operations.8.NF.conv1.bias] will not optimize.
25-07-14 15:23:01.869 - WARNING: Params [module.irn.operations.8.NF.conv2.weight] will not optimize.
2025-07-14 15:23:01,869 - WARNING - Params [module.irn.operations.8.NF.conv2.weight] will not optimize.
25-07-14 15:23:01.870 - WARNING: Params [module.irn.operations.8.NF.conv2.bias] will not optimize.
2025-07-14 15:23:01,870 - WARNING - Params [module.irn.operations.8.NF.conv2.bias] will not optimize.
25-07-14 15:23:01.870 - WARNING: Params [module.irn.operations.8.NF.conv3.weight] will not optimize.
2025-07-14 15:23:01,870 - WARNING - Params [module.irn.operations.8.NF.conv3.weight] will not optimize.
25-07-14 15:23:01.870 - WARNING: Params [module.irn.operations.8.NF.conv3.bias] will not optimize.
2025-07-14 15:23:01,870 - WARNING - Params [module.irn.operations.8.NF.conv3.bias] will not optimize.
25-07-14 15:23:01.870 - WARNING: Params [module.irn.operations.8.NF.sca.1.weight] will not optimize.
2025-07-14 15:23:01,870 - WARNING - Params [module.irn.operations.8.NF.sca.1.weight] will not optimize.
25-07-14 15:23:01.870 - WARNING: Params [module.irn.operations.8.NF.sca.1.bias] will not optimize.
2025-07-14 15:23:01,870 - WARNING - Params [module.irn.operations.8.NF.sca.1.bias] will not optimize.
25-07-14 15:23:01.870 - WARNING: Params [module.irn.operations.8.NF.conv4.weight] will not optimize.
2025-07-14 15:23:01,870 - WARNING - Params [module.irn.operations.8.NF.conv4.weight] will not optimize.
25-07-14 15:23:01.870 - WARNING: Params [module.irn.operations.8.NF.conv4.bias] will not optimize.
2025-07-14 15:23:01,870 - WARNING - Params [module.irn.operations.8.NF.conv4.bias] will not optimize.
25-07-14 15:23:01.870 - WARNING: Params [module.irn.operations.8.NF.conv5.weight] will not optimize.
2025-07-14 15:23:01,870 - WARNING - Params [module.irn.operations.8.NF.conv5.weight] will not optimize.
25-07-14 15:23:01.870 - WARNING: Params [module.irn.operations.8.NF.conv5.bias] will not optimize.
2025-07-14 15:23:01,870 - WARNING - Params [module.irn.operations.8.NF.conv5.bias] will not optimize.
25-07-14 15:23:01.870 - WARNING: Params [module.irn.operations.8.NF.norm1.weight] will not optimize.
2025-07-14 15:23:01,870 - WARNING - Params [module.irn.operations.8.NF.norm1.weight] will not optimize.
25-07-14 15:23:01.870 - WARNING: Params [module.irn.operations.8.NF.norm1.bias] will not optimize.
2025-07-14 15:23:01,870 - WARNING - Params [module.irn.operations.8.NF.norm1.bias] will not optimize.
25-07-14 15:23:01.870 - WARNING: Params [module.irn.operations.8.NF.norm2.weight] will not optimize.
2025-07-14 15:23:01,870 - WARNING - Params [module.irn.operations.8.NF.norm2.weight] will not optimize.
25-07-14 15:23:01.870 - WARNING: Params [module.irn.operations.8.NF.norm2.bias] will not optimize.
2025-07-14 15:23:01,870 - WARNING - Params [module.irn.operations.8.NF.norm2.bias] will not optimize.
25-07-14 15:23:01.870 - WARNING: Params [module.irn.operations.8.G.conv1.weight] will not optimize.
2025-07-14 15:23:01,870 - WARNING - Params [module.irn.operations.8.G.conv1.weight] will not optimize.
25-07-14 15:23:01.870 - WARNING: Params [module.irn.operations.8.G.conv1.bias] will not optimize.
2025-07-14 15:23:01,870 - WARNING - Params [module.irn.operations.8.G.conv1.bias] will not optimize.
25-07-14 15:23:01.870 - WARNING: Params [module.irn.operations.8.G.conv2.weight] will not optimize.
2025-07-14 15:23:01,870 - WARNING - Params [module.irn.operations.8.G.conv2.weight] will not optimize.
25-07-14 15:23:01.870 - WARNING: Params [module.irn.operations.8.G.conv2.bias] will not optimize.
2025-07-14 15:23:01,870 - WARNING - Params [module.irn.operations.8.G.conv2.bias] will not optimize.
25-07-14 15:23:01.871 - WARNING: Params [module.irn.operations.8.G.conv3.weight] will not optimize.
2025-07-14 15:23:01,871 - WARNING - Params [module.irn.operations.8.G.conv3.weight] will not optimize.
25-07-14 15:23:01.871 - WARNING: Params [module.irn.operations.8.G.conv3.bias] will not optimize.
2025-07-14 15:23:01,871 - WARNING - Params [module.irn.operations.8.G.conv3.bias] will not optimize.
25-07-14 15:23:01.871 - WARNING: Params [module.irn.operations.8.G.conv4.weight] will not optimize.
2025-07-14 15:23:01,871 - WARNING - Params [module.irn.operations.8.G.conv4.weight] will not optimize.
25-07-14 15:23:01.871 - WARNING: Params [module.irn.operations.8.G.conv4.bias] will not optimize.
2025-07-14 15:23:01,871 - WARNING - Params [module.irn.operations.8.G.conv4.bias] will not optimize.
25-07-14 15:23:01.871 - WARNING: Params [module.irn.operations.8.G.conv5.weight] will not optimize.
2025-07-14 15:23:01,871 - WARNING - Params [module.irn.operations.8.G.conv5.weight] will not optimize.
25-07-14 15:23:01.871 - WARNING: Params [module.irn.operations.8.G.conv5.bias] will not optimize.
2025-07-14 15:23:01,871 - WARNING - Params [module.irn.operations.8.G.conv5.bias] will not optimize.
25-07-14 15:23:01.871 - WARNING: Params [module.irn.operations.8.NG.beta] will not optimize.
2025-07-14 15:23:01,871 - WARNING - Params [module.irn.operations.8.NG.beta] will not optimize.
25-07-14 15:23:01.871 - WARNING: Params [module.irn.operations.8.NG.gamma] will not optimize.
2025-07-14 15:23:01,871 - WARNING - Params [module.irn.operations.8.NG.gamma] will not optimize.
25-07-14 15:23:01.871 - WARNING: Params [module.irn.operations.8.NG.conv1.weight] will not optimize.
2025-07-14 15:23:01,871 - WARNING - Params [module.irn.operations.8.NG.conv1.weight] will not optimize.
25-07-14 15:23:01.871 - WARNING: Params [module.irn.operations.8.NG.conv1.bias] will not optimize.
2025-07-14 15:23:01,871 - WARNING - Params [module.irn.operations.8.NG.conv1.bias] will not optimize.
25-07-14 15:23:01.871 - WARNING: Params [module.irn.operations.8.NG.conv2.weight] will not optimize.
2025-07-14 15:23:01,871 - WARNING - Params [module.irn.operations.8.NG.conv2.weight] will not optimize.
25-07-14 15:23:01.871 - WARNING: Params [module.irn.operations.8.NG.conv2.bias] will not optimize.
2025-07-14 15:23:01,871 - WARNING - Params [module.irn.operations.8.NG.conv2.bias] will not optimize.
25-07-14 15:23:01.871 - WARNING: Params [module.irn.operations.8.NG.conv3.weight] will not optimize.
2025-07-14 15:23:01,871 - WARNING - Params [module.irn.operations.8.NG.conv3.weight] will not optimize.
25-07-14 15:23:01.871 - WARNING: Params [module.irn.operations.8.NG.conv3.bias] will not optimize.
2025-07-14 15:23:01,871 - WARNING - Params [module.irn.operations.8.NG.conv3.bias] will not optimize.
25-07-14 15:23:01.871 - WARNING: Params [module.irn.operations.8.NG.sca.1.weight] will not optimize.
2025-07-14 15:23:01,871 - WARNING - Params [module.irn.operations.8.NG.sca.1.weight] will not optimize.
25-07-14 15:23:01.871 - WARNING: Params [module.irn.operations.8.NG.sca.1.bias] will not optimize.
2025-07-14 15:23:01,871 - WARNING - Params [module.irn.operations.8.NG.sca.1.bias] will not optimize.
25-07-14 15:23:01.871 - WARNING: Params [module.irn.operations.8.NG.conv4.weight] will not optimize.
2025-07-14 15:23:01,871 - WARNING - Params [module.irn.operations.8.NG.conv4.weight] will not optimize.
25-07-14 15:23:01.872 - WARNING: Params [module.irn.operations.8.NG.conv4.bias] will not optimize.
2025-07-14 15:23:01,872 - WARNING - Params [module.irn.operations.8.NG.conv4.bias] will not optimize.
25-07-14 15:23:01.872 - WARNING: Params [module.irn.operations.8.NG.conv5.weight] will not optimize.
2025-07-14 15:23:01,872 - WARNING - Params [module.irn.operations.8.NG.conv5.weight] will not optimize.
25-07-14 15:23:01.872 - WARNING: Params [module.irn.operations.8.NG.conv5.bias] will not optimize.
2025-07-14 15:23:01,872 - WARNING - Params [module.irn.operations.8.NG.conv5.bias] will not optimize.
25-07-14 15:23:01.872 - WARNING: Params [module.irn.operations.8.NG.norm1.weight] will not optimize.
2025-07-14 15:23:01,872 - WARNING - Params [module.irn.operations.8.NG.norm1.weight] will not optimize.
25-07-14 15:23:01.872 - WARNING: Params [module.irn.operations.8.NG.norm1.bias] will not optimize.
2025-07-14 15:23:01,872 - WARNING - Params [module.irn.operations.8.NG.norm1.bias] will not optimize.
25-07-14 15:23:01.872 - WARNING: Params [module.irn.operations.8.NG.norm2.weight] will not optimize.
2025-07-14 15:23:01,872 - WARNING - Params [module.irn.operations.8.NG.norm2.weight] will not optimize.
25-07-14 15:23:01.872 - WARNING: Params [module.irn.operations.8.NG.norm2.bias] will not optimize.
2025-07-14 15:23:01,872 - WARNING - Params [module.irn.operations.8.NG.norm2.bias] will not optimize.
25-07-14 15:23:01.872 - WARNING: Params [module.irn.operations.8.H.conv1.weight] will not optimize.
2025-07-14 15:23:01,872 - WARNING - Params [module.irn.operations.8.H.conv1.weight] will not optimize.
25-07-14 15:23:01.872 - WARNING: Params [module.irn.operations.8.H.conv1.bias] will not optimize.
2025-07-14 15:23:01,872 - WARNING - Params [module.irn.operations.8.H.conv1.bias] will not optimize.
25-07-14 15:23:01.872 - WARNING: Params [module.irn.operations.8.H.conv2.weight] will not optimize.
2025-07-14 15:23:01,872 - WARNING - Params [module.irn.operations.8.H.conv2.weight] will not optimize.
25-07-14 15:23:01.872 - WARNING: Params [module.irn.operations.8.H.conv2.bias] will not optimize.
2025-07-14 15:23:01,872 - WARNING - Params [module.irn.operations.8.H.conv2.bias] will not optimize.
25-07-14 15:23:01.872 - WARNING: Params [module.irn.operations.8.H.conv3.weight] will not optimize.
2025-07-14 15:23:01,872 - WARNING - Params [module.irn.operations.8.H.conv3.weight] will not optimize.
25-07-14 15:23:01.872 - WARNING: Params [module.irn.operations.8.H.conv3.bias] will not optimize.
2025-07-14 15:23:01,872 - WARNING - Params [module.irn.operations.8.H.conv3.bias] will not optimize.
25-07-14 15:23:01.872 - WARNING: Params [module.irn.operations.8.H.conv4.weight] will not optimize.
2025-07-14 15:23:01,872 - WARNING - Params [module.irn.operations.8.H.conv4.weight] will not optimize.
25-07-14 15:23:01.872 - WARNING: Params [module.irn.operations.8.H.conv4.bias] will not optimize.
2025-07-14 15:23:01,872 - WARNING - Params [module.irn.operations.8.H.conv4.bias] will not optimize.
25-07-14 15:23:01.872 - WARNING: Params [module.irn.operations.8.H.conv5.weight] will not optimize.
2025-07-14 15:23:01,872 - WARNING - Params [module.irn.operations.8.H.conv5.weight] will not optimize.
25-07-14 15:23:01.872 - WARNING: Params [module.irn.operations.8.H.conv5.bias] will not optimize.
2025-07-14 15:23:01,872 - WARNING - Params [module.irn.operations.8.H.conv5.bias] will not optimize.
25-07-14 15:23:01.873 - WARNING: Params [module.irn.operations.8.NH.beta] will not optimize.
2025-07-14 15:23:01,873 - WARNING - Params [module.irn.operations.8.NH.beta] will not optimize.
25-07-14 15:23:01.873 - WARNING: Params [module.irn.operations.8.NH.gamma] will not optimize.
2025-07-14 15:23:01,873 - WARNING - Params [module.irn.operations.8.NH.gamma] will not optimize.
25-07-14 15:23:01.873 - WARNING: Params [module.irn.operations.8.NH.conv1.weight] will not optimize.
2025-07-14 15:23:01,873 - WARNING - Params [module.irn.operations.8.NH.conv1.weight] will not optimize.
25-07-14 15:23:01.873 - WARNING: Params [module.irn.operations.8.NH.conv1.bias] will not optimize.
2025-07-14 15:23:01,873 - WARNING - Params [module.irn.operations.8.NH.conv1.bias] will not optimize.
25-07-14 15:23:01.873 - WARNING: Params [module.irn.operations.8.NH.conv2.weight] will not optimize.
2025-07-14 15:23:01,873 - WARNING - Params [module.irn.operations.8.NH.conv2.weight] will not optimize.
25-07-14 15:23:01.873 - WARNING: Params [module.irn.operations.8.NH.conv2.bias] will not optimize.
2025-07-14 15:23:01,873 - WARNING - Params [module.irn.operations.8.NH.conv2.bias] will not optimize.
25-07-14 15:23:01.873 - WARNING: Params [module.irn.operations.8.NH.conv3.weight] will not optimize.
2025-07-14 15:23:01,873 - WARNING - Params [module.irn.operations.8.NH.conv3.weight] will not optimize.
25-07-14 15:23:01.873 - WARNING: Params [module.irn.operations.8.NH.conv3.bias] will not optimize.
2025-07-14 15:23:01,873 - WARNING - Params [module.irn.operations.8.NH.conv3.bias] will not optimize.
25-07-14 15:23:01.873 - WARNING: Params [module.irn.operations.8.NH.sca.1.weight] will not optimize.
2025-07-14 15:23:01,873 - WARNING - Params [module.irn.operations.8.NH.sca.1.weight] will not optimize.
25-07-14 15:23:01.873 - WARNING: Params [module.irn.operations.8.NH.sca.1.bias] will not optimize.
2025-07-14 15:23:01,873 - WARNING - Params [module.irn.operations.8.NH.sca.1.bias] will not optimize.
25-07-14 15:23:01.873 - WARNING: Params [module.irn.operations.8.NH.conv4.weight] will not optimize.
2025-07-14 15:23:01,873 - WARNING - Params [module.irn.operations.8.NH.conv4.weight] will not optimize.
25-07-14 15:23:01.873 - WARNING: Params [module.irn.operations.8.NH.conv4.bias] will not optimize.
2025-07-14 15:23:01,873 - WARNING - Params [module.irn.operations.8.NH.conv4.bias] will not optimize.
25-07-14 15:23:01.873 - WARNING: Params [module.irn.operations.8.NH.conv5.weight] will not optimize.
2025-07-14 15:23:01,873 - WARNING - Params [module.irn.operations.8.NH.conv5.weight] will not optimize.
25-07-14 15:23:01.873 - WARNING: Params [module.irn.operations.8.NH.conv5.bias] will not optimize.
2025-07-14 15:23:01,873 - WARNING - Params [module.irn.operations.8.NH.conv5.bias] will not optimize.
25-07-14 15:23:01.873 - WARNING: Params [module.irn.operations.8.NH.norm1.weight] will not optimize.
2025-07-14 15:23:01,873 - WARNING - Params [module.irn.operations.8.NH.norm1.weight] will not optimize.
25-07-14 15:23:01.873 - WARNING: Params [module.irn.operations.8.NH.norm1.bias] will not optimize.
2025-07-14 15:23:01,873 - WARNING - Params [module.irn.operations.8.NH.norm1.bias] will not optimize.
25-07-14 15:23:01.873 - WARNING: Params [module.irn.operations.8.NH.norm2.weight] will not optimize.
2025-07-14 15:23:01,873 - WARNING - Params [module.irn.operations.8.NH.norm2.weight] will not optimize.
25-07-14 15:23:01.874 - WARNING: Params [module.irn.operations.8.NH.norm2.bias] will not optimize.
2025-07-14 15:23:01,874 - WARNING - Params [module.irn.operations.8.NH.norm2.bias] will not optimize.
25-07-14 15:23:01.874 - WARNING: Params [module.irn.operations.9.F.conv1.weight] will not optimize.
2025-07-14 15:23:01,874 - WARNING - Params [module.irn.operations.9.F.conv1.weight] will not optimize.
25-07-14 15:23:01.874 - WARNING: Params [module.irn.operations.9.F.conv1.bias] will not optimize.
2025-07-14 15:23:01,874 - WARNING - Params [module.irn.operations.9.F.conv1.bias] will not optimize.
25-07-14 15:23:01.874 - WARNING: Params [module.irn.operations.9.F.conv2.weight] will not optimize.
2025-07-14 15:23:01,874 - WARNING - Params [module.irn.operations.9.F.conv2.weight] will not optimize.
25-07-14 15:23:01.874 - WARNING: Params [module.irn.operations.9.F.conv2.bias] will not optimize.
2025-07-14 15:23:01,874 - WARNING - Params [module.irn.operations.9.F.conv2.bias] will not optimize.
25-07-14 15:23:01.874 - WARNING: Params [module.irn.operations.9.F.conv3.weight] will not optimize.
2025-07-14 15:23:01,874 - WARNING - Params [module.irn.operations.9.F.conv3.weight] will not optimize.
25-07-14 15:23:01.874 - WARNING: Params [module.irn.operations.9.F.conv3.bias] will not optimize.
2025-07-14 15:23:01,874 - WARNING - Params [module.irn.operations.9.F.conv3.bias] will not optimize.
25-07-14 15:23:01.874 - WARNING: Params [module.irn.operations.9.F.conv4.weight] will not optimize.
2025-07-14 15:23:01,874 - WARNING - Params [module.irn.operations.9.F.conv4.weight] will not optimize.
25-07-14 15:23:01.874 - WARNING: Params [module.irn.operations.9.F.conv4.bias] will not optimize.
2025-07-14 15:23:01,874 - WARNING - Params [module.irn.operations.9.F.conv4.bias] will not optimize.
25-07-14 15:23:01.874 - WARNING: Params [module.irn.operations.9.F.conv5.weight] will not optimize.
2025-07-14 15:23:01,874 - WARNING - Params [module.irn.operations.9.F.conv5.weight] will not optimize.
25-07-14 15:23:01.874 - WARNING: Params [module.irn.operations.9.F.conv5.bias] will not optimize.
2025-07-14 15:23:01,874 - WARNING - Params [module.irn.operations.9.F.conv5.bias] will not optimize.
25-07-14 15:23:01.874 - WARNING: Params [module.irn.operations.9.NF.beta] will not optimize.
2025-07-14 15:23:01,874 - WARNING - Params [module.irn.operations.9.NF.beta] will not optimize.
25-07-14 15:23:01.874 - WARNING: Params [module.irn.operations.9.NF.gamma] will not optimize.
2025-07-14 15:23:01,874 - WARNING - Params [module.irn.operations.9.NF.gamma] will not optimize.
25-07-14 15:23:01.874 - WARNING: Params [module.irn.operations.9.NF.conv1.weight] will not optimize.
2025-07-14 15:23:01,874 - WARNING - Params [module.irn.operations.9.NF.conv1.weight] will not optimize.
25-07-14 15:23:01.874 - WARNING: Params [module.irn.operations.9.NF.conv1.bias] will not optimize.
2025-07-14 15:23:01,874 - WARNING - Params [module.irn.operations.9.NF.conv1.bias] will not optimize.
25-07-14 15:23:01.874 - WARNING: Params [module.irn.operations.9.NF.conv2.weight] will not optimize.
2025-07-14 15:23:01,874 - WARNING - Params [module.irn.operations.9.NF.conv2.weight] will not optimize.
25-07-14 15:23:01.874 - WARNING: Params [module.irn.operations.9.NF.conv2.bias] will not optimize.
2025-07-14 15:23:01,874 - WARNING - Params [module.irn.operations.9.NF.conv2.bias] will not optimize.
25-07-14 15:23:01.875 - WARNING: Params [module.irn.operations.9.NF.conv3.weight] will not optimize.
2025-07-14 15:23:01,875 - WARNING - Params [module.irn.operations.9.NF.conv3.weight] will not optimize.
25-07-14 15:23:01.875 - WARNING: Params [module.irn.operations.9.NF.conv3.bias] will not optimize.
2025-07-14 15:23:01,875 - WARNING - Params [module.irn.operations.9.NF.conv3.bias] will not optimize.
25-07-14 15:23:01.875 - WARNING: Params [module.irn.operations.9.NF.sca.1.weight] will not optimize.
2025-07-14 15:23:01,875 - WARNING - Params [module.irn.operations.9.NF.sca.1.weight] will not optimize.
25-07-14 15:23:01.875 - WARNING: Params [module.irn.operations.9.NF.sca.1.bias] will not optimize.
2025-07-14 15:23:01,875 - WARNING - Params [module.irn.operations.9.NF.sca.1.bias] will not optimize.
25-07-14 15:23:01.875 - WARNING: Params [module.irn.operations.9.NF.conv4.weight] will not optimize.
2025-07-14 15:23:01,875 - WARNING - Params [module.irn.operations.9.NF.conv4.weight] will not optimize.
25-07-14 15:23:01.875 - WARNING: Params [module.irn.operations.9.NF.conv4.bias] will not optimize.
2025-07-14 15:23:01,875 - WARNING - Params [module.irn.operations.9.NF.conv4.bias] will not optimize.
25-07-14 15:23:01.875 - WARNING: Params [module.irn.operations.9.NF.conv5.weight] will not optimize.
2025-07-14 15:23:01,875 - WARNING - Params [module.irn.operations.9.NF.conv5.weight] will not optimize.
25-07-14 15:23:01.875 - WARNING: Params [module.irn.operations.9.NF.conv5.bias] will not optimize.
2025-07-14 15:23:01,875 - WARNING - Params [module.irn.operations.9.NF.conv5.bias] will not optimize.
25-07-14 15:23:01.875 - WARNING: Params [module.irn.operations.9.NF.norm1.weight] will not optimize.
2025-07-14 15:23:01,875 - WARNING - Params [module.irn.operations.9.NF.norm1.weight] will not optimize.
25-07-14 15:23:01.875 - WARNING: Params [module.irn.operations.9.NF.norm1.bias] will not optimize.
2025-07-14 15:23:01,875 - WARNING - Params [module.irn.operations.9.NF.norm1.bias] will not optimize.
25-07-14 15:23:01.875 - WARNING: Params [module.irn.operations.9.NF.norm2.weight] will not optimize.
2025-07-14 15:23:01,875 - WARNING - Params [module.irn.operations.9.NF.norm2.weight] will not optimize.
25-07-14 15:23:01.875 - WARNING: Params [module.irn.operations.9.NF.norm2.bias] will not optimize.
2025-07-14 15:23:01,875 - WARNING - Params [module.irn.operations.9.NF.norm2.bias] will not optimize.
25-07-14 15:23:01.875 - WARNING: Params [module.irn.operations.9.G.conv1.weight] will not optimize.
2025-07-14 15:23:01,875 - WARNING - Params [module.irn.operations.9.G.conv1.weight] will not optimize.
25-07-14 15:23:01.875 - WARNING: Params [module.irn.operations.9.G.conv1.bias] will not optimize.
2025-07-14 15:23:01,875 - WARNING - Params [module.irn.operations.9.G.conv1.bias] will not optimize.
25-07-14 15:23:01.875 - WARNING: Params [module.irn.operations.9.G.conv2.weight] will not optimize.
2025-07-14 15:23:01,875 - WARNING - Params [module.irn.operations.9.G.conv2.weight] will not optimize.
25-07-14 15:23:01.875 - WARNING: Params [module.irn.operations.9.G.conv2.bias] will not optimize.
2025-07-14 15:23:01,875 - WARNING - Params [module.irn.operations.9.G.conv2.bias] will not optimize.
25-07-14 15:23:01.876 - WARNING: Params [module.irn.operations.9.G.conv3.weight] will not optimize.
2025-07-14 15:23:01,876 - WARNING - Params [module.irn.operations.9.G.conv3.weight] will not optimize.
25-07-14 15:23:01.876 - WARNING: Params [module.irn.operations.9.G.conv3.bias] will not optimize.
2025-07-14 15:23:01,876 - WARNING - Params [module.irn.operations.9.G.conv3.bias] will not optimize.
25-07-14 15:23:01.876 - WARNING: Params [module.irn.operations.9.G.conv4.weight] will not optimize.
2025-07-14 15:23:01,876 - WARNING - Params [module.irn.operations.9.G.conv4.weight] will not optimize.
25-07-14 15:23:01.876 - WARNING: Params [module.irn.operations.9.G.conv4.bias] will not optimize.
2025-07-14 15:23:01,876 - WARNING - Params [module.irn.operations.9.G.conv4.bias] will not optimize.
25-07-14 15:23:01.876 - WARNING: Params [module.irn.operations.9.G.conv5.weight] will not optimize.
2025-07-14 15:23:01,876 - WARNING - Params [module.irn.operations.9.G.conv5.weight] will not optimize.
25-07-14 15:23:01.876 - WARNING: Params [module.irn.operations.9.G.conv5.bias] will not optimize.
2025-07-14 15:23:01,876 - WARNING - Params [module.irn.operations.9.G.conv5.bias] will not optimize.
25-07-14 15:23:01.876 - WARNING: Params [module.irn.operations.9.NG.beta] will not optimize.
2025-07-14 15:23:01,876 - WARNING - Params [module.irn.operations.9.NG.beta] will not optimize.
25-07-14 15:23:01.876 - WARNING: Params [module.irn.operations.9.NG.gamma] will not optimize.
2025-07-14 15:23:01,876 - WARNING - Params [module.irn.operations.9.NG.gamma] will not optimize.
25-07-14 15:23:01.876 - WARNING: Params [module.irn.operations.9.NG.conv1.weight] will not optimize.
2025-07-14 15:23:01,876 - WARNING - Params [module.irn.operations.9.NG.conv1.weight] will not optimize.
25-07-14 15:23:01.876 - WARNING: Params [module.irn.operations.9.NG.conv1.bias] will not optimize.
2025-07-14 15:23:01,876 - WARNING - Params [module.irn.operations.9.NG.conv1.bias] will not optimize.
25-07-14 15:23:01.876 - WARNING: Params [module.irn.operations.9.NG.conv2.weight] will not optimize.
2025-07-14 15:23:01,876 - WARNING - Params [module.irn.operations.9.NG.conv2.weight] will not optimize.
25-07-14 15:23:01.876 - WARNING: Params [module.irn.operations.9.NG.conv2.bias] will not optimize.
2025-07-14 15:23:01,876 - WARNING - Params [module.irn.operations.9.NG.conv2.bias] will not optimize.
25-07-14 15:23:01.876 - WARNING: Params [module.irn.operations.9.NG.conv3.weight] will not optimize.
2025-07-14 15:23:01,876 - WARNING - Params [module.irn.operations.9.NG.conv3.weight] will not optimize.
25-07-14 15:23:01.876 - WARNING: Params [module.irn.operations.9.NG.conv3.bias] will not optimize.
2025-07-14 15:23:01,876 - WARNING - Params [module.irn.operations.9.NG.conv3.bias] will not optimize.
25-07-14 15:23:01.876 - WARNING: Params [module.irn.operations.9.NG.sca.1.weight] will not optimize.
2025-07-14 15:23:01,876 - WARNING - Params [module.irn.operations.9.NG.sca.1.weight] will not optimize.
25-07-14 15:23:01.876 - WARNING: Params [module.irn.operations.9.NG.sca.1.bias] will not optimize.
2025-07-14 15:23:01,876 - WARNING - Params [module.irn.operations.9.NG.sca.1.bias] will not optimize.
25-07-14 15:23:01.876 - WARNING: Params [module.irn.operations.9.NG.conv4.weight] will not optimize.
2025-07-14 15:23:01,876 - WARNING - Params [module.irn.operations.9.NG.conv4.weight] will not optimize.
25-07-14 15:23:01.877 - WARNING: Params [module.irn.operations.9.NG.conv4.bias] will not optimize.
2025-07-14 15:23:01,877 - WARNING - Params [module.irn.operations.9.NG.conv4.bias] will not optimize.
25-07-14 15:23:01.877 - WARNING: Params [module.irn.operations.9.NG.conv5.weight] will not optimize.
2025-07-14 15:23:01,877 - WARNING - Params [module.irn.operations.9.NG.conv5.weight] will not optimize.
25-07-14 15:23:01.877 - WARNING: Params [module.irn.operations.9.NG.conv5.bias] will not optimize.
2025-07-14 15:23:01,877 - WARNING - Params [module.irn.operations.9.NG.conv5.bias] will not optimize.
25-07-14 15:23:01.877 - WARNING: Params [module.irn.operations.9.NG.norm1.weight] will not optimize.
2025-07-14 15:23:01,877 - WARNING - Params [module.irn.operations.9.NG.norm1.weight] will not optimize.
25-07-14 15:23:01.877 - WARNING: Params [module.irn.operations.9.NG.norm1.bias] will not optimize.
2025-07-14 15:23:01,877 - WARNING - Params [module.irn.operations.9.NG.norm1.bias] will not optimize.
25-07-14 15:23:01.877 - WARNING: Params [module.irn.operations.9.NG.norm2.weight] will not optimize.
2025-07-14 15:23:01,877 - WARNING - Params [module.irn.operations.9.NG.norm2.weight] will not optimize.
25-07-14 15:23:01.877 - WARNING: Params [module.irn.operations.9.NG.norm2.bias] will not optimize.
2025-07-14 15:23:01,877 - WARNING - Params [module.irn.operations.9.NG.norm2.bias] will not optimize.
25-07-14 15:23:01.877 - WARNING: Params [module.irn.operations.9.H.conv1.weight] will not optimize.
2025-07-14 15:23:01,877 - WARNING - Params [module.irn.operations.9.H.conv1.weight] will not optimize.
25-07-14 15:23:01.877 - WARNING: Params [module.irn.operations.9.H.conv1.bias] will not optimize.
2025-07-14 15:23:01,877 - WARNING - Params [module.irn.operations.9.H.conv1.bias] will not optimize.
25-07-14 15:23:01.877 - WARNING: Params [module.irn.operations.9.H.conv2.weight] will not optimize.
2025-07-14 15:23:01,877 - WARNING - Params [module.irn.operations.9.H.conv2.weight] will not optimize.
25-07-14 15:23:01.877 - WARNING: Params [module.irn.operations.9.H.conv2.bias] will not optimize.
2025-07-14 15:23:01,877 - WARNING - Params [module.irn.operations.9.H.conv2.bias] will not optimize.
25-07-14 15:23:01.877 - WARNING: Params [module.irn.operations.9.H.conv3.weight] will not optimize.
2025-07-14 15:23:01,877 - WARNING - Params [module.irn.operations.9.H.conv3.weight] will not optimize.
25-07-14 15:23:01.877 - WARNING: Params [module.irn.operations.9.H.conv3.bias] will not optimize.
2025-07-14 15:23:01,877 - WARNING - Params [module.irn.operations.9.H.conv3.bias] will not optimize.
25-07-14 15:23:01.877 - WARNING: Params [module.irn.operations.9.H.conv4.weight] will not optimize.
2025-07-14 15:23:01,877 - WARNING - Params [module.irn.operations.9.H.conv4.weight] will not optimize.
25-07-14 15:23:01.877 - WARNING: Params [module.irn.operations.9.H.conv4.bias] will not optimize.
2025-07-14 15:23:01,877 - WARNING - Params [module.irn.operations.9.H.conv4.bias] will not optimize.
25-07-14 15:23:01.877 - WARNING: Params [module.irn.operations.9.H.conv5.weight] will not optimize.
2025-07-14 15:23:01,877 - WARNING - Params [module.irn.operations.9.H.conv5.weight] will not optimize.
25-07-14 15:23:01.877 - WARNING: Params [module.irn.operations.9.H.conv5.bias] will not optimize.
2025-07-14 15:23:01,877 - WARNING - Params [module.irn.operations.9.H.conv5.bias] will not optimize.
25-07-14 15:23:01.877 - WARNING: Params [module.irn.operations.9.NH.beta] will not optimize.
2025-07-14 15:23:01,877 - WARNING - Params [module.irn.operations.9.NH.beta] will not optimize.
25-07-14 15:23:01.878 - WARNING: Params [module.irn.operations.9.NH.gamma] will not optimize.
2025-07-14 15:23:01,878 - WARNING - Params [module.irn.operations.9.NH.gamma] will not optimize.
25-07-14 15:23:01.878 - WARNING: Params [module.irn.operations.9.NH.conv1.weight] will not optimize.
2025-07-14 15:23:01,878 - WARNING - Params [module.irn.operations.9.NH.conv1.weight] will not optimize.
25-07-14 15:23:01.878 - WARNING: Params [module.irn.operations.9.NH.conv1.bias] will not optimize.
2025-07-14 15:23:01,878 - WARNING - Params [module.irn.operations.9.NH.conv1.bias] will not optimize.
25-07-14 15:23:01.878 - WARNING: Params [module.irn.operations.9.NH.conv2.weight] will not optimize.
2025-07-14 15:23:01,878 - WARNING - Params [module.irn.operations.9.NH.conv2.weight] will not optimize.
25-07-14 15:23:01.878 - WARNING: Params [module.irn.operations.9.NH.conv2.bias] will not optimize.
2025-07-14 15:23:01,878 - WARNING - Params [module.irn.operations.9.NH.conv2.bias] will not optimize.
25-07-14 15:23:01.878 - WARNING: Params [module.irn.operations.9.NH.conv3.weight] will not optimize.
2025-07-14 15:23:01,878 - WARNING - Params [module.irn.operations.9.NH.conv3.weight] will not optimize.
25-07-14 15:23:01.878 - WARNING: Params [module.irn.operations.9.NH.conv3.bias] will not optimize.
2025-07-14 15:23:01,878 - WARNING - Params [module.irn.operations.9.NH.conv3.bias] will not optimize.
25-07-14 15:23:01.878 - WARNING: Params [module.irn.operations.9.NH.sca.1.weight] will not optimize.
2025-07-14 15:23:01,878 - WARNING - Params [module.irn.operations.9.NH.sca.1.weight] will not optimize.
25-07-14 15:23:01.878 - WARNING: Params [module.irn.operations.9.NH.sca.1.bias] will not optimize.
2025-07-14 15:23:01,878 - WARNING - Params [module.irn.operations.9.NH.sca.1.bias] will not optimize.
25-07-14 15:23:01.878 - WARNING: Params [module.irn.operations.9.NH.conv4.weight] will not optimize.
2025-07-14 15:23:01,878 - WARNING - Params [module.irn.operations.9.NH.conv4.weight] will not optimize.
25-07-14 15:23:01.878 - WARNING: Params [module.irn.operations.9.NH.conv4.bias] will not optimize.
2025-07-14 15:23:01,878 - WARNING - Params [module.irn.operations.9.NH.conv4.bias] will not optimize.
25-07-14 15:23:01.878 - WARNING: Params [module.irn.operations.9.NH.conv5.weight] will not optimize.
2025-07-14 15:23:01,878 - WARNING - Params [module.irn.operations.9.NH.conv5.weight] will not optimize.
25-07-14 15:23:01.878 - WARNING: Params [module.irn.operations.9.NH.conv5.bias] will not optimize.
2025-07-14 15:23:01,878 - WARNING - Params [module.irn.operations.9.NH.conv5.bias] will not optimize.
25-07-14 15:23:01.878 - WARNING: Params [module.irn.operations.9.NH.norm1.weight] will not optimize.
2025-07-14 15:23:01,878 - WARNING - Params [module.irn.operations.9.NH.norm1.weight] will not optimize.
25-07-14 15:23:01.878 - WARNING: Params [module.irn.operations.9.NH.norm1.bias] will not optimize.
2025-07-14 15:23:01,878 - WARNING - Params [module.irn.operations.9.NH.norm1.bias] will not optimize.
25-07-14 15:23:01.878 - WARNING: Params [module.irn.operations.9.NH.norm2.weight] will not optimize.
2025-07-14 15:23:01,878 - WARNING - Params [module.irn.operations.9.NH.norm2.weight] will not optimize.
25-07-14 15:23:01.878 - WARNING: Params [module.irn.operations.9.NH.norm2.bias] will not optimize.
2025-07-14 15:23:01,878 - WARNING - Params [module.irn.operations.9.NH.norm2.bias] will not optimize.
25-07-14 15:23:01.879 - WARNING: Params [module.irn.operations.10.F.conv1.weight] will not optimize.
2025-07-14 15:23:01,879 - WARNING - Params [module.irn.operations.10.F.conv1.weight] will not optimize.
25-07-14 15:23:01.879 - WARNING: Params [module.irn.operations.10.F.conv1.bias] will not optimize.
2025-07-14 15:23:01,879 - WARNING - Params [module.irn.operations.10.F.conv1.bias] will not optimize.
25-07-14 15:23:01.879 - WARNING: Params [module.irn.operations.10.F.conv2.weight] will not optimize.
2025-07-14 15:23:01,879 - WARNING - Params [module.irn.operations.10.F.conv2.weight] will not optimize.
25-07-14 15:23:01.879 - WARNING: Params [module.irn.operations.10.F.conv2.bias] will not optimize.
2025-07-14 15:23:01,879 - WARNING - Params [module.irn.operations.10.F.conv2.bias] will not optimize.
25-07-14 15:23:01.879 - WARNING: Params [module.irn.operations.10.F.conv3.weight] will not optimize.
2025-07-14 15:23:01,879 - WARNING - Params [module.irn.operations.10.F.conv3.weight] will not optimize.
25-07-14 15:23:01.879 - WARNING: Params [module.irn.operations.10.F.conv3.bias] will not optimize.
2025-07-14 15:23:01,879 - WARNING - Params [module.irn.operations.10.F.conv3.bias] will not optimize.
25-07-14 15:23:01.879 - WARNING: Params [module.irn.operations.10.F.conv4.weight] will not optimize.
2025-07-14 15:23:01,879 - WARNING - Params [module.irn.operations.10.F.conv4.weight] will not optimize.
25-07-14 15:23:01.879 - WARNING: Params [module.irn.operations.10.F.conv4.bias] will not optimize.
2025-07-14 15:23:01,879 - WARNING - Params [module.irn.operations.10.F.conv4.bias] will not optimize.
25-07-14 15:23:01.879 - WARNING: Params [module.irn.operations.10.F.conv5.weight] will not optimize.
2025-07-14 15:23:01,879 - WARNING - Params [module.irn.operations.10.F.conv5.weight] will not optimize.
25-07-14 15:23:01.879 - WARNING: Params [module.irn.operations.10.F.conv5.bias] will not optimize.
2025-07-14 15:23:01,879 - WARNING - Params [module.irn.operations.10.F.conv5.bias] will not optimize.
25-07-14 15:23:01.879 - WARNING: Params [module.irn.operations.10.NF.beta] will not optimize.
2025-07-14 15:23:01,879 - WARNING - Params [module.irn.operations.10.NF.beta] will not optimize.
25-07-14 15:23:01.879 - WARNING: Params [module.irn.operations.10.NF.gamma] will not optimize.
2025-07-14 15:23:01,879 - WARNING - Params [module.irn.operations.10.NF.gamma] will not optimize.
25-07-14 15:23:01.879 - WARNING: Params [module.irn.operations.10.NF.conv1.weight] will not optimize.
2025-07-14 15:23:01,879 - WARNING - Params [module.irn.operations.10.NF.conv1.weight] will not optimize.
25-07-14 15:23:01.879 - WARNING: Params [module.irn.operations.10.NF.conv1.bias] will not optimize.
2025-07-14 15:23:01,879 - WARNING - Params [module.irn.operations.10.NF.conv1.bias] will not optimize.
25-07-14 15:23:01.879 - WARNING: Params [module.irn.operations.10.NF.conv2.weight] will not optimize.
2025-07-14 15:23:01,879 - WARNING - Params [module.irn.operations.10.NF.conv2.weight] will not optimize.
25-07-14 15:23:01.879 - WARNING: Params [module.irn.operations.10.NF.conv2.bias] will not optimize.
2025-07-14 15:23:01,879 - WARNING - Params [module.irn.operations.10.NF.conv2.bias] will not optimize.
25-07-14 15:23:01.880 - WARNING: Params [module.irn.operations.10.NF.conv3.weight] will not optimize.
2025-07-14 15:23:01,880 - WARNING - Params [module.irn.operations.10.NF.conv3.weight] will not optimize.
25-07-14 15:23:01.880 - WARNING: Params [module.irn.operations.10.NF.conv3.bias] will not optimize.
2025-07-14 15:23:01,880 - WARNING - Params [module.irn.operations.10.NF.conv3.bias] will not optimize.
25-07-14 15:23:01.880 - WARNING: Params [module.irn.operations.10.NF.sca.1.weight] will not optimize.
2025-07-14 15:23:01,880 - WARNING - Params [module.irn.operations.10.NF.sca.1.weight] will not optimize.
25-07-14 15:23:01.880 - WARNING: Params [module.irn.operations.10.NF.sca.1.bias] will not optimize.
2025-07-14 15:23:01,880 - WARNING - Params [module.irn.operations.10.NF.sca.1.bias] will not optimize.
25-07-14 15:23:01.880 - WARNING: Params [module.irn.operations.10.NF.conv4.weight] will not optimize.
2025-07-14 15:23:01,880 - WARNING - Params [module.irn.operations.10.NF.conv4.weight] will not optimize.
25-07-14 15:23:01.880 - WARNING: Params [module.irn.operations.10.NF.conv4.bias] will not optimize.
2025-07-14 15:23:01,880 - WARNING - Params [module.irn.operations.10.NF.conv4.bias] will not optimize.
25-07-14 15:23:01.880 - WARNING: Params [module.irn.operations.10.NF.conv5.weight] will not optimize.
2025-07-14 15:23:01,880 - WARNING - Params [module.irn.operations.10.NF.conv5.weight] will not optimize.
25-07-14 15:23:01.880 - WARNING: Params [module.irn.operations.10.NF.conv5.bias] will not optimize.
2025-07-14 15:23:01,880 - WARNING - Params [module.irn.operations.10.NF.conv5.bias] will not optimize.
25-07-14 15:23:01.880 - WARNING: Params [module.irn.operations.10.NF.norm1.weight] will not optimize.
2025-07-14 15:23:01,880 - WARNING - Params [module.irn.operations.10.NF.norm1.weight] will not optimize.
25-07-14 15:23:01.880 - WARNING: Params [module.irn.operations.10.NF.norm1.bias] will not optimize.
2025-07-14 15:23:01,880 - WARNING - Params [module.irn.operations.10.NF.norm1.bias] will not optimize.
25-07-14 15:23:01.880 - WARNING: Params [module.irn.operations.10.NF.norm2.weight] will not optimize.
2025-07-14 15:23:01,880 - WARNING - Params [module.irn.operations.10.NF.norm2.weight] will not optimize.
25-07-14 15:23:01.880 - WARNING: Params [module.irn.operations.10.NF.norm2.bias] will not optimize.
2025-07-14 15:23:01,880 - WARNING - Params [module.irn.operations.10.NF.norm2.bias] will not optimize.
25-07-14 15:23:01.880 - WARNING: Params [module.irn.operations.10.G.conv1.weight] will not optimize.
2025-07-14 15:23:01,880 - WARNING - Params [module.irn.operations.10.G.conv1.weight] will not optimize.
25-07-14 15:23:01.880 - WARNING: Params [module.irn.operations.10.G.conv1.bias] will not optimize.
2025-07-14 15:23:01,880 - WARNING - Params [module.irn.operations.10.G.conv1.bias] will not optimize.
25-07-14 15:23:01.880 - WARNING: Params [module.irn.operations.10.G.conv2.weight] will not optimize.
2025-07-14 15:23:01,880 - WARNING - Params [module.irn.operations.10.G.conv2.weight] will not optimize.
25-07-14 15:23:01.880 - WARNING: Params [module.irn.operations.10.G.conv2.bias] will not optimize.
2025-07-14 15:23:01,880 - WARNING - Params [module.irn.operations.10.G.conv2.bias] will not optimize.
25-07-14 15:23:01.880 - WARNING: Params [module.irn.operations.10.G.conv3.weight] will not optimize.
2025-07-14 15:23:01,880 - WARNING - Params [module.irn.operations.10.G.conv3.weight] will not optimize.
25-07-14 15:23:01.881 - WARNING: Params [module.irn.operations.10.G.conv3.bias] will not optimize.
2025-07-14 15:23:01,881 - WARNING - Params [module.irn.operations.10.G.conv3.bias] will not optimize.
25-07-14 15:23:01.881 - WARNING: Params [module.irn.operations.10.G.conv4.weight] will not optimize.
2025-07-14 15:23:01,881 - WARNING - Params [module.irn.operations.10.G.conv4.weight] will not optimize.
25-07-14 15:23:01.881 - WARNING: Params [module.irn.operations.10.G.conv4.bias] will not optimize.
2025-07-14 15:23:01,881 - WARNING - Params [module.irn.operations.10.G.conv4.bias] will not optimize.
25-07-14 15:23:01.881 - WARNING: Params [module.irn.operations.10.G.conv5.weight] will not optimize.
2025-07-14 15:23:01,881 - WARNING - Params [module.irn.operations.10.G.conv5.weight] will not optimize.
25-07-14 15:23:01.881 - WARNING: Params [module.irn.operations.10.G.conv5.bias] will not optimize.
2025-07-14 15:23:01,881 - WARNING - Params [module.irn.operations.10.G.conv5.bias] will not optimize.
25-07-14 15:23:01.881 - WARNING: Params [module.irn.operations.10.NG.beta] will not optimize.
2025-07-14 15:23:01,881 - WARNING - Params [module.irn.operations.10.NG.beta] will not optimize.
25-07-14 15:23:01.881 - WARNING: Params [module.irn.operations.10.NG.gamma] will not optimize.
2025-07-14 15:23:01,881 - WARNING - Params [module.irn.operations.10.NG.gamma] will not optimize.
25-07-14 15:23:01.881 - WARNING: Params [module.irn.operations.10.NG.conv1.weight] will not optimize.
2025-07-14 15:23:01,881 - WARNING - Params [module.irn.operations.10.NG.conv1.weight] will not optimize.
25-07-14 15:23:01.881 - WARNING: Params [module.irn.operations.10.NG.conv1.bias] will not optimize.
2025-07-14 15:23:01,881 - WARNING - Params [module.irn.operations.10.NG.conv1.bias] will not optimize.
25-07-14 15:23:01.881 - WARNING: Params [module.irn.operations.10.NG.conv2.weight] will not optimize.
2025-07-14 15:23:01,881 - WARNING - Params [module.irn.operations.10.NG.conv2.weight] will not optimize.
25-07-14 15:23:01.881 - WARNING: Params [module.irn.operations.10.NG.conv2.bias] will not optimize.
2025-07-14 15:23:01,881 - WARNING - Params [module.irn.operations.10.NG.conv2.bias] will not optimize.
25-07-14 15:23:01.881 - WARNING: Params [module.irn.operations.10.NG.conv3.weight] will not optimize.
2025-07-14 15:23:01,881 - WARNING - Params [module.irn.operations.10.NG.conv3.weight] will not optimize.
25-07-14 15:23:01.881 - WARNING: Params [module.irn.operations.10.NG.conv3.bias] will not optimize.
2025-07-14 15:23:01,881 - WARNING - Params [module.irn.operations.10.NG.conv3.bias] will not optimize.
25-07-14 15:23:01.881 - WARNING: Params [module.irn.operations.10.NG.sca.1.weight] will not optimize.
2025-07-14 15:23:01,881 - WARNING - Params [module.irn.operations.10.NG.sca.1.weight] will not optimize.
25-07-14 15:23:01.881 - WARNING: Params [module.irn.operations.10.NG.sca.1.bias] will not optimize.
2025-07-14 15:23:01,881 - WARNING - Params [module.irn.operations.10.NG.sca.1.bias] will not optimize.
25-07-14 15:23:01.881 - WARNING: Params [module.irn.operations.10.NG.conv4.weight] will not optimize.
2025-07-14 15:23:01,881 - WARNING - Params [module.irn.operations.10.NG.conv4.weight] will not optimize.
25-07-14 15:23:01.881 - WARNING: Params [module.irn.operations.10.NG.conv4.bias] will not optimize.
2025-07-14 15:23:01,881 - WARNING - Params [module.irn.operations.10.NG.conv4.bias] will not optimize.
25-07-14 15:23:01.882 - WARNING: Params [module.irn.operations.10.NG.conv5.weight] will not optimize.
2025-07-14 15:23:01,882 - WARNING - Params [module.irn.operations.10.NG.conv5.weight] will not optimize.
25-07-14 15:23:01.882 - WARNING: Params [module.irn.operations.10.NG.conv5.bias] will not optimize.
2025-07-14 15:23:01,882 - WARNING - Params [module.irn.operations.10.NG.conv5.bias] will not optimize.
25-07-14 15:23:01.882 - WARNING: Params [module.irn.operations.10.NG.norm1.weight] will not optimize.
2025-07-14 15:23:01,882 - WARNING - Params [module.irn.operations.10.NG.norm1.weight] will not optimize.
25-07-14 15:23:01.882 - WARNING: Params [module.irn.operations.10.NG.norm1.bias] will not optimize.
2025-07-14 15:23:01,882 - WARNING - Params [module.irn.operations.10.NG.norm1.bias] will not optimize.
25-07-14 15:23:01.882 - WARNING: Params [module.irn.operations.10.NG.norm2.weight] will not optimize.
2025-07-14 15:23:01,882 - WARNING - Params [module.irn.operations.10.NG.norm2.weight] will not optimize.
25-07-14 15:23:01.882 - WARNING: Params [module.irn.operations.10.NG.norm2.bias] will not optimize.
2025-07-14 15:23:01,882 - WARNING - Params [module.irn.operations.10.NG.norm2.bias] will not optimize.
25-07-14 15:23:01.882 - WARNING: Params [module.irn.operations.10.H.conv1.weight] will not optimize.
2025-07-14 15:23:01,882 - WARNING - Params [module.irn.operations.10.H.conv1.weight] will not optimize.
25-07-14 15:23:01.882 - WARNING: Params [module.irn.operations.10.H.conv1.bias] will not optimize.
2025-07-14 15:23:01,882 - WARNING - Params [module.irn.operations.10.H.conv1.bias] will not optimize.
25-07-14 15:23:01.882 - WARNING: Params [module.irn.operations.10.H.conv2.weight] will not optimize.
2025-07-14 15:23:01,882 - WARNING - Params [module.irn.operations.10.H.conv2.weight] will not optimize.
25-07-14 15:23:01.882 - WARNING: Params [module.irn.operations.10.H.conv2.bias] will not optimize.
2025-07-14 15:23:01,882 - WARNING - Params [module.irn.operations.10.H.conv2.bias] will not optimize.
25-07-14 15:23:01.882 - WARNING: Params [module.irn.operations.10.H.conv3.weight] will not optimize.
2025-07-14 15:23:01,882 - WARNING - Params [module.irn.operations.10.H.conv3.weight] will not optimize.
25-07-14 15:23:01.882 - WARNING: Params [module.irn.operations.10.H.conv3.bias] will not optimize.
2025-07-14 15:23:01,882 - WARNING - Params [module.irn.operations.10.H.conv3.bias] will not optimize.
25-07-14 15:23:01.882 - WARNING: Params [module.irn.operations.10.H.conv4.weight] will not optimize.
2025-07-14 15:23:01,882 - WARNING - Params [module.irn.operations.10.H.conv4.weight] will not optimize.
25-07-14 15:23:01.882 - WARNING: Params [module.irn.operations.10.H.conv4.bias] will not optimize.
2025-07-14 15:23:01,882 - WARNING - Params [module.irn.operations.10.H.conv4.bias] will not optimize.
25-07-14 15:23:01.882 - WARNING: Params [module.irn.operations.10.H.conv5.weight] will not optimize.
2025-07-14 15:23:01,882 - WARNING - Params [module.irn.operations.10.H.conv5.weight] will not optimize.
25-07-14 15:23:01.882 - WARNING: Params [module.irn.operations.10.H.conv5.bias] will not optimize.
2025-07-14 15:23:01,882 - WARNING - Params [module.irn.operations.10.H.conv5.bias] will not optimize.
25-07-14 15:23:01.883 - WARNING: Params [module.irn.operations.10.NH.beta] will not optimize.
2025-07-14 15:23:01,883 - WARNING - Params [module.irn.operations.10.NH.beta] will not optimize.
25-07-14 15:23:01.883 - WARNING: Params [module.irn.operations.10.NH.gamma] will not optimize.
2025-07-14 15:23:01,883 - WARNING - Params [module.irn.operations.10.NH.gamma] will not optimize.
25-07-14 15:23:01.883 - WARNING: Params [module.irn.operations.10.NH.conv1.weight] will not optimize.
2025-07-14 15:23:01,883 - WARNING - Params [module.irn.operations.10.NH.conv1.weight] will not optimize.
25-07-14 15:23:01.883 - WARNING: Params [module.irn.operations.10.NH.conv1.bias] will not optimize.
2025-07-14 15:23:01,883 - WARNING - Params [module.irn.operations.10.NH.conv1.bias] will not optimize.
25-07-14 15:23:01.883 - WARNING: Params [module.irn.operations.10.NH.conv2.weight] will not optimize.
2025-07-14 15:23:01,883 - WARNING - Params [module.irn.operations.10.NH.conv2.weight] will not optimize.
25-07-14 15:23:01.883 - WARNING: Params [module.irn.operations.10.NH.conv2.bias] will not optimize.
2025-07-14 15:23:01,883 - WARNING - Params [module.irn.operations.10.NH.conv2.bias] will not optimize.
25-07-14 15:23:01.883 - WARNING: Params [module.irn.operations.10.NH.conv3.weight] will not optimize.
2025-07-14 15:23:01,883 - WARNING - Params [module.irn.operations.10.NH.conv3.weight] will not optimize.
25-07-14 15:23:01.883 - WARNING: Params [module.irn.operations.10.NH.conv3.bias] will not optimize.
2025-07-14 15:23:01,883 - WARNING - Params [module.irn.operations.10.NH.conv3.bias] will not optimize.
25-07-14 15:23:01.883 - WARNING: Params [module.irn.operations.10.NH.sca.1.weight] will not optimize.
2025-07-14 15:23:01,883 - WARNING - Params [module.irn.operations.10.NH.sca.1.weight] will not optimize.
25-07-14 15:23:01.883 - WARNING: Params [module.irn.operations.10.NH.sca.1.bias] will not optimize.
2025-07-14 15:23:01,883 - WARNING - Params [module.irn.operations.10.NH.sca.1.bias] will not optimize.
25-07-14 15:23:01.883 - WARNING: Params [module.irn.operations.10.NH.conv4.weight] will not optimize.
2025-07-14 15:23:01,883 - WARNING - Params [module.irn.operations.10.NH.conv4.weight] will not optimize.
25-07-14 15:23:01.883 - WARNING: Params [module.irn.operations.10.NH.conv4.bias] will not optimize.
2025-07-14 15:23:01,883 - WARNING - Params [module.irn.operations.10.NH.conv4.bias] will not optimize.
25-07-14 15:23:01.883 - WARNING: Params [module.irn.operations.10.NH.conv5.weight] will not optimize.
2025-07-14 15:23:01,883 - WARNING - Params [module.irn.operations.10.NH.conv5.weight] will not optimize.
25-07-14 15:23:01.883 - WARNING: Params [module.irn.operations.10.NH.conv5.bias] will not optimize.
2025-07-14 15:23:01,883 - WARNING - Params [module.irn.operations.10.NH.conv5.bias] will not optimize.
25-07-14 15:23:01.883 - WARNING: Params [module.irn.operations.10.NH.norm1.weight] will not optimize.
2025-07-14 15:23:01,883 - WARNING - Params [module.irn.operations.10.NH.norm1.weight] will not optimize.
25-07-14 15:23:01.883 - WARNING: Params [module.irn.operations.10.NH.norm1.bias] will not optimize.
2025-07-14 15:23:01,883 - WARNING - Params [module.irn.operations.10.NH.norm1.bias] will not optimize.
25-07-14 15:23:01.884 - WARNING: Params [module.irn.operations.10.NH.norm2.weight] will not optimize.
2025-07-14 15:23:01,884 - WARNING - Params [module.irn.operations.10.NH.norm2.weight] will not optimize.
25-07-14 15:23:01.884 - WARNING: Params [module.irn.operations.10.NH.norm2.bias] will not optimize.
2025-07-14 15:23:01,884 - WARNING - Params [module.irn.operations.10.NH.norm2.bias] will not optimize.
25-07-14 15:23:01.884 - WARNING: Params [module.irn.operations.11.F.conv1.weight] will not optimize.
2025-07-14 15:23:01,884 - WARNING - Params [module.irn.operations.11.F.conv1.weight] will not optimize.
25-07-14 15:23:01.884 - WARNING: Params [module.irn.operations.11.F.conv1.bias] will not optimize.
2025-07-14 15:23:01,884 - WARNING - Params [module.irn.operations.11.F.conv1.bias] will not optimize.
25-07-14 15:23:01.884 - WARNING: Params [module.irn.operations.11.F.conv2.weight] will not optimize.
2025-07-14 15:23:01,884 - WARNING - Params [module.irn.operations.11.F.conv2.weight] will not optimize.
25-07-14 15:23:01.884 - WARNING: Params [module.irn.operations.11.F.conv2.bias] will not optimize.
2025-07-14 15:23:01,884 - WARNING - Params [module.irn.operations.11.F.conv2.bias] will not optimize.
25-07-14 15:23:01.884 - WARNING: Params [module.irn.operations.11.F.conv3.weight] will not optimize.
2025-07-14 15:23:01,884 - WARNING - Params [module.irn.operations.11.F.conv3.weight] will not optimize.
25-07-14 15:23:01.884 - WARNING: Params [module.irn.operations.11.F.conv3.bias] will not optimize.
2025-07-14 15:23:01,884 - WARNING - Params [module.irn.operations.11.F.conv3.bias] will not optimize.
25-07-14 15:23:01.884 - WARNING: Params [module.irn.operations.11.F.conv4.weight] will not optimize.
2025-07-14 15:23:01,884 - WARNING - Params [module.irn.operations.11.F.conv4.weight] will not optimize.
25-07-14 15:23:01.884 - WARNING: Params [module.irn.operations.11.F.conv4.bias] will not optimize.
2025-07-14 15:23:01,884 - WARNING - Params [module.irn.operations.11.F.conv4.bias] will not optimize.
25-07-14 15:23:01.884 - WARNING: Params [module.irn.operations.11.F.conv5.weight] will not optimize.
2025-07-14 15:23:01,884 - WARNING - Params [module.irn.operations.11.F.conv5.weight] will not optimize.
25-07-14 15:23:01.884 - WARNING: Params [module.irn.operations.11.F.conv5.bias] will not optimize.
2025-07-14 15:23:01,884 - WARNING - Params [module.irn.operations.11.F.conv5.bias] will not optimize.
25-07-14 15:23:01.884 - WARNING: Params [module.irn.operations.11.NF.beta] will not optimize.
2025-07-14 15:23:01,884 - WARNING - Params [module.irn.operations.11.NF.beta] will not optimize.
25-07-14 15:23:01.884 - WARNING: Params [module.irn.operations.11.NF.gamma] will not optimize.
2025-07-14 15:23:01,884 - WARNING - Params [module.irn.operations.11.NF.gamma] will not optimize.
25-07-14 15:23:01.884 - WARNING: Params [module.irn.operations.11.NF.conv1.weight] will not optimize.
2025-07-14 15:23:01,884 - WARNING - Params [module.irn.operations.11.NF.conv1.weight] will not optimize.
25-07-14 15:23:01.884 - WARNING: Params [module.irn.operations.11.NF.conv1.bias] will not optimize.
2025-07-14 15:23:01,884 - WARNING - Params [module.irn.operations.11.NF.conv1.bias] will not optimize.
25-07-14 15:23:01.885 - WARNING: Params [module.irn.operations.11.NF.conv2.weight] will not optimize.
2025-07-14 15:23:01,885 - WARNING - Params [module.irn.operations.11.NF.conv2.weight] will not optimize.
25-07-14 15:23:01.885 - WARNING: Params [module.irn.operations.11.NF.conv2.bias] will not optimize.
2025-07-14 15:23:01,885 - WARNING - Params [module.irn.operations.11.NF.conv2.bias] will not optimize.
25-07-14 15:23:01.885 - WARNING: Params [module.irn.operations.11.NF.conv3.weight] will not optimize.
2025-07-14 15:23:01,885 - WARNING - Params [module.irn.operations.11.NF.conv3.weight] will not optimize.
25-07-14 15:23:01.885 - WARNING: Params [module.irn.operations.11.NF.conv3.bias] will not optimize.
2025-07-14 15:23:01,885 - WARNING - Params [module.irn.operations.11.NF.conv3.bias] will not optimize.
25-07-14 15:23:01.885 - WARNING: Params [module.irn.operations.11.NF.sca.1.weight] will not optimize.
2025-07-14 15:23:01,885 - WARNING - Params [module.irn.operations.11.NF.sca.1.weight] will not optimize.
25-07-14 15:23:01.885 - WARNING: Params [module.irn.operations.11.NF.sca.1.bias] will not optimize.
2025-07-14 15:23:01,885 - WARNING - Params [module.irn.operations.11.NF.sca.1.bias] will not optimize.
25-07-14 15:23:01.885 - WARNING: Params [module.irn.operations.11.NF.conv4.weight] will not optimize.
2025-07-14 15:23:01,885 - WARNING - Params [module.irn.operations.11.NF.conv4.weight] will not optimize.
25-07-14 15:23:01.885 - WARNING: Params [module.irn.operations.11.NF.conv4.bias] will not optimize.
2025-07-14 15:23:01,885 - WARNING - Params [module.irn.operations.11.NF.conv4.bias] will not optimize.
25-07-14 15:23:01.885 - WARNING: Params [module.irn.operations.11.NF.conv5.weight] will not optimize.
2025-07-14 15:23:01,885 - WARNING - Params [module.irn.operations.11.NF.conv5.weight] will not optimize.
25-07-14 15:23:01.885 - WARNING: Params [module.irn.operations.11.NF.conv5.bias] will not optimize.
2025-07-14 15:23:01,885 - WARNING - Params [module.irn.operations.11.NF.conv5.bias] will not optimize.
25-07-14 15:23:01.885 - WARNING: Params [module.irn.operations.11.NF.norm1.weight] will not optimize.
2025-07-14 15:23:01,885 - WARNING - Params [module.irn.operations.11.NF.norm1.weight] will not optimize.
25-07-14 15:23:01.885 - WARNING: Params [module.irn.operations.11.NF.norm1.bias] will not optimize.
2025-07-14 15:23:01,885 - WARNING - Params [module.irn.operations.11.NF.norm1.bias] will not optimize.
25-07-14 15:23:01.885 - WARNING: Params [module.irn.operations.11.NF.norm2.weight] will not optimize.
2025-07-14 15:23:01,885 - WARNING - Params [module.irn.operations.11.NF.norm2.weight] will not optimize.
25-07-14 15:23:01.885 - WARNING: Params [module.irn.operations.11.NF.norm2.bias] will not optimize.
2025-07-14 15:23:01,885 - WARNING - Params [module.irn.operations.11.NF.norm2.bias] will not optimize.
25-07-14 15:23:01.885 - WARNING: Params [module.irn.operations.11.G.conv1.weight] will not optimize.
2025-07-14 15:23:01,885 - WARNING - Params [module.irn.operations.11.G.conv1.weight] will not optimize.
25-07-14 15:23:01.885 - WARNING: Params [module.irn.operations.11.G.conv1.bias] will not optimize.
2025-07-14 15:23:01,885 - WARNING - Params [module.irn.operations.11.G.conv1.bias] will not optimize.
25-07-14 15:23:01.885 - WARNING: Params [module.irn.operations.11.G.conv2.weight] will not optimize.
2025-07-14 15:23:01,885 - WARNING - Params [module.irn.operations.11.G.conv2.weight] will not optimize.
25-07-14 15:23:01.886 - WARNING: Params [module.irn.operations.11.G.conv2.bias] will not optimize.
2025-07-14 15:23:01,886 - WARNING - Params [module.irn.operations.11.G.conv2.bias] will not optimize.
25-07-14 15:23:01.886 - WARNING: Params [module.irn.operations.11.G.conv3.weight] will not optimize.
2025-07-14 15:23:01,886 - WARNING - Params [module.irn.operations.11.G.conv3.weight] will not optimize.
25-07-14 15:23:01.886 - WARNING: Params [module.irn.operations.11.G.conv3.bias] will not optimize.
2025-07-14 15:23:01,886 - WARNING - Params [module.irn.operations.11.G.conv3.bias] will not optimize.
25-07-14 15:23:01.886 - WARNING: Params [module.irn.operations.11.G.conv4.weight] will not optimize.
2025-07-14 15:23:01,886 - WARNING - Params [module.irn.operations.11.G.conv4.weight] will not optimize.
25-07-14 15:23:01.886 - WARNING: Params [module.irn.operations.11.G.conv4.bias] will not optimize.
2025-07-14 15:23:01,886 - WARNING - Params [module.irn.operations.11.G.conv4.bias] will not optimize.
25-07-14 15:23:01.886 - WARNING: Params [module.irn.operations.11.G.conv5.weight] will not optimize.
2025-07-14 15:23:01,886 - WARNING - Params [module.irn.operations.11.G.conv5.weight] will not optimize.
25-07-14 15:23:01.886 - WARNING: Params [module.irn.operations.11.G.conv5.bias] will not optimize.
2025-07-14 15:23:01,886 - WARNING - Params [module.irn.operations.11.G.conv5.bias] will not optimize.
25-07-14 15:23:01.886 - WARNING: Params [module.irn.operations.11.NG.beta] will not optimize.
2025-07-14 15:23:01,886 - WARNING - Params [module.irn.operations.11.NG.beta] will not optimize.
25-07-14 15:23:01.886 - WARNING: Params [module.irn.operations.11.NG.gamma] will not optimize.
2025-07-14 15:23:01,886 - WARNING - Params [module.irn.operations.11.NG.gamma] will not optimize.
25-07-14 15:23:01.886 - WARNING: Params [module.irn.operations.11.NG.conv1.weight] will not optimize.
2025-07-14 15:23:01,886 - WARNING - Params [module.irn.operations.11.NG.conv1.weight] will not optimize.
25-07-14 15:23:01.886 - WARNING: Params [module.irn.operations.11.NG.conv1.bias] will not optimize.
2025-07-14 15:23:01,886 - WARNING - Params [module.irn.operations.11.NG.conv1.bias] will not optimize.
25-07-14 15:23:01.886 - WARNING: Params [module.irn.operations.11.NG.conv2.weight] will not optimize.
2025-07-14 15:23:01,886 - WARNING - Params [module.irn.operations.11.NG.conv2.weight] will not optimize.
25-07-14 15:23:01.886 - WARNING: Params [module.irn.operations.11.NG.conv2.bias] will not optimize.
2025-07-14 15:23:01,886 - WARNING - Params [module.irn.operations.11.NG.conv2.bias] will not optimize.
25-07-14 15:23:01.886 - WARNING: Params [module.irn.operations.11.NG.conv3.weight] will not optimize.
2025-07-14 15:23:01,886 - WARNING - Params [module.irn.operations.11.NG.conv3.weight] will not optimize.
25-07-14 15:23:01.886 - WARNING: Params [module.irn.operations.11.NG.conv3.bias] will not optimize.
2025-07-14 15:23:01,886 - WARNING - Params [module.irn.operations.11.NG.conv3.bias] will not optimize.
25-07-14 15:23:01.886 - WARNING: Params [module.irn.operations.11.NG.sca.1.weight] will not optimize.
2025-07-14 15:23:01,886 - WARNING - Params [module.irn.operations.11.NG.sca.1.weight] will not optimize.
25-07-14 15:23:01.886 - WARNING: Params [module.irn.operations.11.NG.sca.1.bias] will not optimize.
2025-07-14 15:23:01,886 - WARNING - Params [module.irn.operations.11.NG.sca.1.bias] will not optimize.
25-07-14 15:23:01.887 - WARNING: Params [module.irn.operations.11.NG.conv4.weight] will not optimize.
2025-07-14 15:23:01,887 - WARNING - Params [module.irn.operations.11.NG.conv4.weight] will not optimize.
25-07-14 15:23:01.887 - WARNING: Params [module.irn.operations.11.NG.conv4.bias] will not optimize.
2025-07-14 15:23:01,887 - WARNING - Params [module.irn.operations.11.NG.conv4.bias] will not optimize.
25-07-14 15:23:01.887 - WARNING: Params [module.irn.operations.11.NG.conv5.weight] will not optimize.
2025-07-14 15:23:01,887 - WARNING - Params [module.irn.operations.11.NG.conv5.weight] will not optimize.
25-07-14 15:23:01.887 - WARNING: Params [module.irn.operations.11.NG.conv5.bias] will not optimize.
2025-07-14 15:23:01,887 - WARNING - Params [module.irn.operations.11.NG.conv5.bias] will not optimize.
25-07-14 15:23:01.887 - WARNING: Params [module.irn.operations.11.NG.norm1.weight] will not optimize.
2025-07-14 15:23:01,887 - WARNING - Params [module.irn.operations.11.NG.norm1.weight] will not optimize.
25-07-14 15:23:01.887 - WARNING: Params [module.irn.operations.11.NG.norm1.bias] will not optimize.
2025-07-14 15:23:01,887 - WARNING - Params [module.irn.operations.11.NG.norm1.bias] will not optimize.
25-07-14 15:23:01.887 - WARNING: Params [module.irn.operations.11.NG.norm2.weight] will not optimize.
2025-07-14 15:23:01,887 - WARNING - Params [module.irn.operations.11.NG.norm2.weight] will not optimize.
25-07-14 15:23:01.887 - WARNING: Params [module.irn.operations.11.NG.norm2.bias] will not optimize.
2025-07-14 15:23:01,887 - WARNING - Params [module.irn.operations.11.NG.norm2.bias] will not optimize.
25-07-14 15:23:01.887 - WARNING: Params [module.irn.operations.11.H.conv1.weight] will not optimize.
2025-07-14 15:23:01,887 - WARNING - Params [module.irn.operations.11.H.conv1.weight] will not optimize.
25-07-14 15:23:01.887 - WARNING: Params [module.irn.operations.11.H.conv1.bias] will not optimize.
2025-07-14 15:23:01,887 - WARNING - Params [module.irn.operations.11.H.conv1.bias] will not optimize.
25-07-14 15:23:01.887 - WARNING: Params [module.irn.operations.11.H.conv2.weight] will not optimize.
2025-07-14 15:23:01,887 - WARNING - Params [module.irn.operations.11.H.conv2.weight] will not optimize.
25-07-14 15:23:01.887 - WARNING: Params [module.irn.operations.11.H.conv2.bias] will not optimize.
2025-07-14 15:23:01,887 - WARNING - Params [module.irn.operations.11.H.conv2.bias] will not optimize.
25-07-14 15:23:01.887 - WARNING: Params [module.irn.operations.11.H.conv3.weight] will not optimize.
2025-07-14 15:23:01,887 - WARNING - Params [module.irn.operations.11.H.conv3.weight] will not optimize.
25-07-14 15:23:01.887 - WARNING: Params [module.irn.operations.11.H.conv3.bias] will not optimize.
2025-07-14 15:23:01,887 - WARNING - Params [module.irn.operations.11.H.conv3.bias] will not optimize.
25-07-14 15:23:01.887 - WARNING: Params [module.irn.operations.11.H.conv4.weight] will not optimize.
2025-07-14 15:23:01,887 - WARNING - Params [module.irn.operations.11.H.conv4.weight] will not optimize.
25-07-14 15:23:01.887 - WARNING: Params [module.irn.operations.11.H.conv4.bias] will not optimize.
2025-07-14 15:23:01,887 - WARNING - Params [module.irn.operations.11.H.conv4.bias] will not optimize.
25-07-14 15:23:01.888 - WARNING: Params [module.irn.operations.11.H.conv5.weight] will not optimize.
2025-07-14 15:23:01,888 - WARNING - Params [module.irn.operations.11.H.conv5.weight] will not optimize.
25-07-14 15:23:01.888 - WARNING: Params [module.irn.operations.11.H.conv5.bias] will not optimize.
2025-07-14 15:23:01,888 - WARNING - Params [module.irn.operations.11.H.conv5.bias] will not optimize.
25-07-14 15:23:01.888 - WARNING: Params [module.irn.operations.11.NH.beta] will not optimize.
2025-07-14 15:23:01,888 - WARNING - Params [module.irn.operations.11.NH.beta] will not optimize.
25-07-14 15:23:01.888 - WARNING: Params [module.irn.operations.11.NH.gamma] will not optimize.
2025-07-14 15:23:01,888 - WARNING - Params [module.irn.operations.11.NH.gamma] will not optimize.
25-07-14 15:23:01.888 - WARNING: Params [module.irn.operations.11.NH.conv1.weight] will not optimize.
2025-07-14 15:23:01,888 - WARNING - Params [module.irn.operations.11.NH.conv1.weight] will not optimize.
25-07-14 15:23:01.888 - WARNING: Params [module.irn.operations.11.NH.conv1.bias] will not optimize.
2025-07-14 15:23:01,888 - WARNING - Params [module.irn.operations.11.NH.conv1.bias] will not optimize.
25-07-14 15:23:01.888 - WARNING: Params [module.irn.operations.11.NH.conv2.weight] will not optimize.
2025-07-14 15:23:01,888 - WARNING - Params [module.irn.operations.11.NH.conv2.weight] will not optimize.
25-07-14 15:23:01.888 - WARNING: Params [module.irn.operations.11.NH.conv2.bias] will not optimize.
2025-07-14 15:23:01,888 - WARNING - Params [module.irn.operations.11.NH.conv2.bias] will not optimize.
25-07-14 15:23:01.888 - WARNING: Params [module.irn.operations.11.NH.conv3.weight] will not optimize.
2025-07-14 15:23:01,888 - WARNING - Params [module.irn.operations.11.NH.conv3.weight] will not optimize.
25-07-14 15:23:01.888 - WARNING: Params [module.irn.operations.11.NH.conv3.bias] will not optimize.
2025-07-14 15:23:01,888 - WARNING - Params [module.irn.operations.11.NH.conv3.bias] will not optimize.
25-07-14 15:23:01.888 - WARNING: Params [module.irn.operations.11.NH.sca.1.weight] will not optimize.
2025-07-14 15:23:01,888 - WARNING - Params [module.irn.operations.11.NH.sca.1.weight] will not optimize.
25-07-14 15:23:01.888 - WARNING: Params [module.irn.operations.11.NH.sca.1.bias] will not optimize.
2025-07-14 15:23:01,888 - WARNING - Params [module.irn.operations.11.NH.sca.1.bias] will not optimize.
25-07-14 15:23:01.888 - WARNING: Params [module.irn.operations.11.NH.conv4.weight] will not optimize.
2025-07-14 15:23:01,888 - WARNING - Params [module.irn.operations.11.NH.conv4.weight] will not optimize.
25-07-14 15:23:01.888 - WARNING: Params [module.irn.operations.11.NH.conv4.bias] will not optimize.
2025-07-14 15:23:01,888 - WARNING - Params [module.irn.operations.11.NH.conv4.bias] will not optimize.
25-07-14 15:23:01.888 - WARNING: Params [module.irn.operations.11.NH.conv5.weight] will not optimize.
2025-07-14 15:23:01,888 - WARNING - Params [module.irn.operations.11.NH.conv5.weight] will not optimize.
25-07-14 15:23:01.888 - WARNING: Params [module.irn.operations.11.NH.conv5.bias] will not optimize.
2025-07-14 15:23:01,888 - WARNING - Params [module.irn.operations.11.NH.conv5.bias] will not optimize.
25-07-14 15:23:01.889 - WARNING: Params [module.irn.operations.11.NH.norm1.weight] will not optimize.
2025-07-14 15:23:01,889 - WARNING - Params [module.irn.operations.11.NH.norm1.weight] will not optimize.
25-07-14 15:23:01.889 - WARNING: Params [module.irn.operations.11.NH.norm1.bias] will not optimize.
2025-07-14 15:23:01,889 - WARNING - Params [module.irn.operations.11.NH.norm1.bias] will not optimize.
25-07-14 15:23:01.889 - WARNING: Params [module.irn.operations.11.NH.norm2.weight] will not optimize.
2025-07-14 15:23:01,889 - WARNING - Params [module.irn.operations.11.NH.norm2.weight] will not optimize.
25-07-14 15:23:01.889 - WARNING: Params [module.irn.operations.11.NH.norm2.bias] will not optimize.
2025-07-14 15:23:01,889 - WARNING - Params [module.irn.operations.11.NH.norm2.bias] will not optimize.
25-07-14 15:23:01.889 - WARNING: Params [module.pm.conv_in.weight] will not optimize.
2025-07-14 15:23:01,889 - WARNING - Params [module.pm.conv_in.weight] will not optimize.
25-07-14 15:23:01.889 - WARNING: Params [module.pm.conv_in.bias] will not optimize.
2025-07-14 15:23:01,889 - WARNING - Params [module.pm.conv_in.bias] will not optimize.
25-07-14 15:23:01.889 - WARNING: Params [module.pm.res_block.0.conv1.weight] will not optimize.
2025-07-14 15:23:01,889 - WARNING - Params [module.pm.res_block.0.conv1.weight] will not optimize.
25-07-14 15:23:01.889 - WARNING: Params [module.pm.res_block.0.conv1.bias] will not optimize.
2025-07-14 15:23:01,889 - WARNING - Params [module.pm.res_block.0.conv1.bias] will not optimize.
25-07-14 15:23:01.889 - WARNING: Params [module.pm.res_block.0.conv2.weight] will not optimize.
2025-07-14 15:23:01,889 - WARNING - Params [module.pm.res_block.0.conv2.weight] will not optimize.
25-07-14 15:23:01.889 - WARNING: Params [module.pm.res_block.0.conv2.bias] will not optimize.
2025-07-14 15:23:01,889 - WARNING - Params [module.pm.res_block.0.conv2.bias] will not optimize.
25-07-14 15:23:01.889 - WARNING: Params [module.pm.res_block.1.conv1.weight] will not optimize.
2025-07-14 15:23:01,889 - WARNING - Params [module.pm.res_block.1.conv1.weight] will not optimize.
25-07-14 15:23:01.889 - WARNING: Params [module.pm.res_block.1.conv1.bias] will not optimize.
2025-07-14 15:23:01,889 - WARNING - Params [module.pm.res_block.1.conv1.bias] will not optimize.
25-07-14 15:23:01.889 - WARNING: Params [module.pm.res_block.1.conv2.weight] will not optimize.
2025-07-14 15:23:01,889 - WARNING - Params [module.pm.res_block.1.conv2.weight] will not optimize.
25-07-14 15:23:01.889 - WARNING: Params [module.pm.res_block.1.conv2.bias] will not optimize.
2025-07-14 15:23:01,889 - WARNING - Params [module.pm.res_block.1.conv2.bias] will not optimize.
25-07-14 15:23:01.889 - WARNING: Params [module.pm.res_block.2.conv1.weight] will not optimize.
2025-07-14 15:23:01,889 - WARNING - Params [module.pm.res_block.2.conv1.weight] will not optimize.
25-07-14 15:23:01.890 - WARNING: Params [module.pm.res_block.2.conv1.bias] will not optimize.
2025-07-14 15:23:01,890 - WARNING - Params [module.pm.res_block.2.conv1.bias] will not optimize.
25-07-14 15:23:01.890 - WARNING: Params [module.pm.res_block.2.conv2.weight] will not optimize.
2025-07-14 15:23:01,890 - WARNING - Params [module.pm.res_block.2.conv2.weight] will not optimize.
25-07-14 15:23:01.890 - WARNING: Params [module.pm.res_block.2.conv2.bias] will not optimize.
2025-07-14 15:23:01,890 - WARNING - Params [module.pm.res_block.2.conv2.bias] will not optimize.
25-07-14 15:23:01.890 - WARNING: Params [module.pm.res_block.3.conv1.weight] will not optimize.
2025-07-14 15:23:01,890 - WARNING - Params [module.pm.res_block.3.conv1.weight] will not optimize.
25-07-14 15:23:01.890 - WARNING: Params [module.pm.res_block.3.conv1.bias] will not optimize.
2025-07-14 15:23:01,890 - WARNING - Params [module.pm.res_block.3.conv1.bias] will not optimize.
25-07-14 15:23:01.890 - WARNING: Params [module.pm.res_block.3.conv2.weight] will not optimize.
2025-07-14 15:23:01,890 - WARNING - Params [module.pm.res_block.3.conv2.weight] will not optimize.
25-07-14 15:23:01.890 - WARNING: Params [module.pm.res_block.3.conv2.bias] will not optimize.
2025-07-14 15:23:01,890 - WARNING - Params [module.pm.res_block.3.conv2.bias] will not optimize.
25-07-14 15:23:01.890 - WARNING: Params [module.pm.res_block.4.conv1.weight] will not optimize.
2025-07-14 15:23:01,890 - WARNING - Params [module.pm.res_block.4.conv1.weight] will not optimize.
25-07-14 15:23:01.890 - WARNING: Params [module.pm.res_block.4.conv1.bias] will not optimize.
2025-07-14 15:23:01,890 - WARNING - Params [module.pm.res_block.4.conv1.bias] will not optimize.
25-07-14 15:23:01.890 - WARNING: Params [module.pm.res_block.4.conv2.weight] will not optimize.
2025-07-14 15:23:01,890 - WARNING - Params [module.pm.res_block.4.conv2.weight] will not optimize.
25-07-14 15:23:01.890 - WARNING: Params [module.pm.res_block.4.conv2.bias] will not optimize.
2025-07-14 15:23:01,890 - WARNING - Params [module.pm.res_block.4.conv2.bias] will not optimize.
25-07-14 15:23:01.890 - WARNING: Params [module.pm.res_block.5.conv1.weight] will not optimize.
2025-07-14 15:23:01,890 - WARNING - Params [module.pm.res_block.5.conv1.weight] will not optimize.
25-07-14 15:23:01.890 - WARNING: Params [module.pm.res_block.5.conv1.bias] will not optimize.
2025-07-14 15:23:01,890 - WARNING - Params [module.pm.res_block.5.conv1.bias] will not optimize.
25-07-14 15:23:01.890 - WARNING: Params [module.pm.res_block.5.conv2.weight] will not optimize.
2025-07-14 15:23:01,890 - WARNING - Params [module.pm.res_block.5.conv2.weight] will not optimize.
25-07-14 15:23:01.890 - WARNING: Params [module.pm.res_block.5.conv2.bias] will not optimize.
2025-07-14 15:23:01,890 - WARNING - Params [module.pm.res_block.5.conv2.bias] will not optimize.
25-07-14 15:23:01.890 - WARNING: Params [module.pm.res_block.6.conv1.weight] will not optimize.
2025-07-14 15:23:01,890 - WARNING - Params [module.pm.res_block.6.conv1.weight] will not optimize.
25-07-14 15:23:01.891 - WARNING: Params [module.pm.res_block.6.conv1.bias] will not optimize.
2025-07-14 15:23:01,891 - WARNING - Params [module.pm.res_block.6.conv1.bias] will not optimize.
25-07-14 15:23:01.891 - WARNING: Params [module.pm.res_block.6.conv2.weight] will not optimize.
2025-07-14 15:23:01,891 - WARNING - Params [module.pm.res_block.6.conv2.weight] will not optimize.
25-07-14 15:23:01.891 - WARNING: Params [module.pm.res_block.6.conv2.bias] will not optimize.
2025-07-14 15:23:01,891 - WARNING - Params [module.pm.res_block.6.conv2.bias] will not optimize.
25-07-14 15:23:01.891 - WARNING: Params [module.pm.res_block.7.conv1.weight] will not optimize.
2025-07-14 15:23:01,891 - WARNING - Params [module.pm.res_block.7.conv1.weight] will not optimize.
25-07-14 15:23:01.891 - WARNING: Params [module.pm.res_block.7.conv1.bias] will not optimize.
2025-07-14 15:23:01,891 - WARNING - Params [module.pm.res_block.7.conv1.bias] will not optimize.
25-07-14 15:23:01.891 - WARNING: Params [module.pm.res_block.7.conv2.weight] will not optimize.
2025-07-14 15:23:01,891 - WARNING - Params [module.pm.res_block.7.conv2.weight] will not optimize.
25-07-14 15:23:01.891 - WARNING: Params [module.pm.res_block.7.conv2.bias] will not optimize.
2025-07-14 15:23:01,891 - WARNING - Params [module.pm.res_block.7.conv2.bias] will not optimize.
25-07-14 15:23:01.891 - WARNING: Params [module.pm.transformer_block.0.norm1.body.weight] will not optimize.
2025-07-14 15:23:01,891 - WARNING - Params [module.pm.transformer_block.0.norm1.body.weight] will not optimize.
25-07-14 15:23:01.891 - WARNING: Params [module.pm.transformer_block.0.norm1.body.bias] will not optimize.
2025-07-14 15:23:01,891 - WARNING - Params [module.pm.transformer_block.0.norm1.body.bias] will not optimize.
25-07-14 15:23:01.891 - WARNING: Params [module.pm.transformer_block.0.attn.temperature] will not optimize.
2025-07-14 15:23:01,891 - WARNING - Params [module.pm.transformer_block.0.attn.temperature] will not optimize.
25-07-14 15:23:01.891 - WARNING: Params [module.pm.transformer_block.0.attn.qkv.weight] will not optimize.
2025-07-14 15:23:01,891 - WARNING - Params [module.pm.transformer_block.0.attn.qkv.weight] will not optimize.
25-07-14 15:23:01.891 - WARNING: Params [module.pm.transformer_block.0.attn.qkv_dwconv.weight] will not optimize.
2025-07-14 15:23:01,891 - WARNING - Params [module.pm.transformer_block.0.attn.qkv_dwconv.weight] will not optimize.
25-07-14 15:23:01.891 - WARNING: Params [module.pm.transformer_block.0.attn.project_out.weight] will not optimize.
2025-07-14 15:23:01,891 - WARNING - Params [module.pm.transformer_block.0.attn.project_out.weight] will not optimize.
25-07-14 15:23:01.891 - WARNING: Params [module.pm.transformer_block.0.norm2.body.weight] will not optimize.
2025-07-14 15:23:01,891 - WARNING - Params [module.pm.transformer_block.0.norm2.body.weight] will not optimize.
25-07-14 15:23:01.891 - WARNING: Params [module.pm.transformer_block.0.norm2.body.bias] will not optimize.
2025-07-14 15:23:01,891 - WARNING - Params [module.pm.transformer_block.0.norm2.body.bias] will not optimize.
25-07-14 15:23:01.891 - WARNING: Params [module.pm.transformer_block.0.ffn.project_in.weight] will not optimize.
2025-07-14 15:23:01,891 - WARNING - Params [module.pm.transformer_block.0.ffn.project_in.weight] will not optimize.
25-07-14 15:23:01.891 - WARNING: Params [module.pm.transformer_block.0.ffn.dwconv.weight] will not optimize.
2025-07-14 15:23:01,891 - WARNING - Params [module.pm.transformer_block.0.ffn.dwconv.weight] will not optimize.
25-07-14 15:23:01.892 - WARNING: Params [module.pm.transformer_block.0.ffn.project_out.weight] will not optimize.
2025-07-14 15:23:01,892 - WARNING - Params [module.pm.transformer_block.0.ffn.project_out.weight] will not optimize.
25-07-14 15:23:01.892 - WARNING: Params [module.pm.transformer_block.1.norm1.body.weight] will not optimize.
2025-07-14 15:23:01,892 - WARNING - Params [module.pm.transformer_block.1.norm1.body.weight] will not optimize.
25-07-14 15:23:01.892 - WARNING: Params [module.pm.transformer_block.1.norm1.body.bias] will not optimize.
2025-07-14 15:23:01,892 - WARNING - Params [module.pm.transformer_block.1.norm1.body.bias] will not optimize.
25-07-14 15:23:01.892 - WARNING: Params [module.pm.transformer_block.1.attn.temperature] will not optimize.
2025-07-14 15:23:01,892 - WARNING - Params [module.pm.transformer_block.1.attn.temperature] will not optimize.
25-07-14 15:23:01.892 - WARNING: Params [module.pm.transformer_block.1.attn.qkv.weight] will not optimize.
2025-07-14 15:23:01,892 - WARNING - Params [module.pm.transformer_block.1.attn.qkv.weight] will not optimize.
25-07-14 15:23:01.892 - WARNING: Params [module.pm.transformer_block.1.attn.qkv_dwconv.weight] will not optimize.
2025-07-14 15:23:01,892 - WARNING - Params [module.pm.transformer_block.1.attn.qkv_dwconv.weight] will not optimize.
25-07-14 15:23:01.892 - WARNING: Params [module.pm.transformer_block.1.attn.project_out.weight] will not optimize.
2025-07-14 15:23:01,892 - WARNING - Params [module.pm.transformer_block.1.attn.project_out.weight] will not optimize.
25-07-14 15:23:01.892 - WARNING: Params [module.pm.transformer_block.1.norm2.body.weight] will not optimize.
2025-07-14 15:23:01,892 - WARNING - Params [module.pm.transformer_block.1.norm2.body.weight] will not optimize.
25-07-14 15:23:01.892 - WARNING: Params [module.pm.transformer_block.1.norm2.body.bias] will not optimize.
2025-07-14 15:23:01,892 - WARNING - Params [module.pm.transformer_block.1.norm2.body.bias] will not optimize.
25-07-14 15:23:01.892 - WARNING: Params [module.pm.transformer_block.1.ffn.project_in.weight] will not optimize.
2025-07-14 15:23:01,892 - WARNING - Params [module.pm.transformer_block.1.ffn.project_in.weight] will not optimize.
25-07-14 15:23:01.892 - WARNING: Params [module.pm.transformer_block.1.ffn.dwconv.weight] will not optimize.
2025-07-14 15:23:01,892 - WARNING - Params [module.pm.transformer_block.1.ffn.dwconv.weight] will not optimize.
25-07-14 15:23:01.892 - WARNING: Params [module.pm.transformer_block.1.ffn.project_out.weight] will not optimize.
2025-07-14 15:23:01,892 - WARNING - Params [module.pm.transformer_block.1.ffn.project_out.weight] will not optimize.
25-07-14 15:23:01.892 - WARNING: Params [module.pm.transformer_block.2.norm1.body.weight] will not optimize.
2025-07-14 15:23:01,892 - WARNING - Params [module.pm.transformer_block.2.norm1.body.weight] will not optimize.
25-07-14 15:23:01.892 - WARNING: Params [module.pm.transformer_block.2.norm1.body.bias] will not optimize.
2025-07-14 15:23:01,892 - WARNING - Params [module.pm.transformer_block.2.norm1.body.bias] will not optimize.
25-07-14 15:23:01.892 - WARNING: Params [module.pm.transformer_block.2.attn.temperature] will not optimize.
2025-07-14 15:23:01,892 - WARNING - Params [module.pm.transformer_block.2.attn.temperature] will not optimize.
25-07-14 15:23:01.892 - WARNING: Params [module.pm.transformer_block.2.attn.qkv.weight] will not optimize.
2025-07-14 15:23:01,892 - WARNING - Params [module.pm.transformer_block.2.attn.qkv.weight] will not optimize.
25-07-14 15:23:01.893 - WARNING: Params [module.pm.transformer_block.2.attn.qkv_dwconv.weight] will not optimize.
2025-07-14 15:23:01,893 - WARNING - Params [module.pm.transformer_block.2.attn.qkv_dwconv.weight] will not optimize.
25-07-14 15:23:01.893 - WARNING: Params [module.pm.transformer_block.2.attn.project_out.weight] will not optimize.
2025-07-14 15:23:01,893 - WARNING - Params [module.pm.transformer_block.2.attn.project_out.weight] will not optimize.
25-07-14 15:23:01.893 - WARNING: Params [module.pm.transformer_block.2.norm2.body.weight] will not optimize.
2025-07-14 15:23:01,893 - WARNING - Params [module.pm.transformer_block.2.norm2.body.weight] will not optimize.
25-07-14 15:23:01.893 - WARNING: Params [module.pm.transformer_block.2.norm2.body.bias] will not optimize.
2025-07-14 15:23:01,893 - WARNING - Params [module.pm.transformer_block.2.norm2.body.bias] will not optimize.
25-07-14 15:23:01.893 - WARNING: Params [module.pm.transformer_block.2.ffn.project_in.weight] will not optimize.
2025-07-14 15:23:01,893 - WARNING - Params [module.pm.transformer_block.2.ffn.project_in.weight] will not optimize.
25-07-14 15:23:01.893 - WARNING: Params [module.pm.transformer_block.2.ffn.dwconv.weight] will not optimize.
2025-07-14 15:23:01,893 - WARNING - Params [module.pm.transformer_block.2.ffn.dwconv.weight] will not optimize.
25-07-14 15:23:01.893 - WARNING: Params [module.pm.transformer_block.2.ffn.project_out.weight] will not optimize.
2025-07-14 15:23:01,893 - WARNING - Params [module.pm.transformer_block.2.ffn.project_out.weight] will not optimize.
25-07-14 15:23:01.893 - WARNING: Params [module.pm.transformer_block.3.norm1.body.weight] will not optimize.
2025-07-14 15:23:01,893 - WARNING - Params [module.pm.transformer_block.3.norm1.body.weight] will not optimize.
25-07-14 15:23:01.893 - WARNING: Params [module.pm.transformer_block.3.norm1.body.bias] will not optimize.
2025-07-14 15:23:01,893 - WARNING - Params [module.pm.transformer_block.3.norm1.body.bias] will not optimize.
25-07-14 15:23:01.893 - WARNING: Params [module.pm.transformer_block.3.attn.temperature] will not optimize.
2025-07-14 15:23:01,893 - WARNING - Params [module.pm.transformer_block.3.attn.temperature] will not optimize.
25-07-14 15:23:01.893 - WARNING: Params [module.pm.transformer_block.3.attn.qkv.weight] will not optimize.
2025-07-14 15:23:01,893 - WARNING - Params [module.pm.transformer_block.3.attn.qkv.weight] will not optimize.
25-07-14 15:23:01.893 - WARNING: Params [module.pm.transformer_block.3.attn.qkv_dwconv.weight] will not optimize.
2025-07-14 15:23:01,893 - WARNING - Params [module.pm.transformer_block.3.attn.qkv_dwconv.weight] will not optimize.
25-07-14 15:23:01.893 - WARNING: Params [module.pm.transformer_block.3.attn.project_out.weight] will not optimize.
2025-07-14 15:23:01,893 - WARNING - Params [module.pm.transformer_block.3.attn.project_out.weight] will not optimize.
25-07-14 15:23:01.893 - WARNING: Params [module.pm.transformer_block.3.norm2.body.weight] will not optimize.
2025-07-14 15:23:01,893 - WARNING - Params [module.pm.transformer_block.3.norm2.body.weight] will not optimize.
25-07-14 15:23:01.893 - WARNING: Params [module.pm.transformer_block.3.norm2.body.bias] will not optimize.
2025-07-14 15:23:01,893 - WARNING - Params [module.pm.transformer_block.3.norm2.body.bias] will not optimize.
25-07-14 15:23:01.893 - WARNING: Params [module.pm.transformer_block.3.ffn.project_in.weight] will not optimize.
2025-07-14 15:23:01,893 - WARNING - Params [module.pm.transformer_block.3.ffn.project_in.weight] will not optimize.
25-07-14 15:23:01.894 - WARNING: Params [module.pm.transformer_block.3.ffn.dwconv.weight] will not optimize.
2025-07-14 15:23:01,894 - WARNING - Params [module.pm.transformer_block.3.ffn.dwconv.weight] will not optimize.
25-07-14 15:23:01.894 - WARNING: Params [module.pm.transformer_block.3.ffn.project_out.weight] will not optimize.
2025-07-14 15:23:01,894 - WARNING - Params [module.pm.transformer_block.3.ffn.project_out.weight] will not optimize.
25-07-14 15:23:01.894 - WARNING: Params [module.pm.prompt.prompt_param] will not optimize.
2025-07-14 15:23:01,894 - WARNING - Params [module.pm.prompt.prompt_param] will not optimize.
25-07-14 15:23:01.894 - WARNING: Params [module.pm.prompt.linear_layer.weight] will not optimize.
2025-07-14 15:23:01,894 - WARNING - Params [module.pm.prompt.linear_layer.weight] will not optimize.
25-07-14 15:23:01.894 - WARNING: Params [module.pm.prompt.linear_layer.bias] will not optimize.
2025-07-14 15:23:01,894 - WARNING - Params [module.pm.prompt.linear_layer.bias] will not optimize.
25-07-14 15:23:01.894 - WARNING: Params [module.pm.prompt.conv3x3.weight] will not optimize.
2025-07-14 15:23:01,894 - WARNING - Params [module.pm.prompt.conv3x3.weight] will not optimize.
25-07-14 15:23:01.894 - WARNING: Params [module.pm.fuse.weight] will not optimize.
2025-07-14 15:23:01,894 - WARNING - Params [module.pm.fuse.weight] will not optimize.
25-07-14 15:23:01.894 - WARNING: Params [module.pm.fuse.bias] will not optimize.
2025-07-14 15:23:01,894 - WARNING - Params [module.pm.fuse.bias] will not optimize.
25-07-14 15:23:01.895 - INFO: Model [Model_VSN] is created.
2025-07-14 15:23:01,895 - INFO - Model [Model_VSN] is created.
25-07-14 15:23:01.895 - INFO: Resuming training from epoch: 57, iter: 30000.
2025-07-14 15:23:01,895 - INFO - Resuming training from epoch: 57, iter: 30000.
25-07-14 15:23:01.898 - INFO: Start training from epoch: 57, iter: 30000
2025-07-14 15:23:01,898 - INFO - Start training from epoch: 57, iter: 30000
========== Epoch: 57 ==========
25-07-14 15:23:51.543 - INFO: <epoch: 57, iter:  30,100, lr:1.250e-05> l_forw_fit: 1.0966e+01 l_msg: 3.9145e-02 
2025-07-14 15:23:51,543 - INFO - <epoch: 57, iter:  30,100, lr:1.250e-05> l_forw_fit: 1.0966e+01 l_msg: 3.9145e-02 
25-07-14 15:24:16.788 - INFO: <epoch: 57, iter:  30,200, lr:1.250e-05> l_forw_fit: 5.4303e+00 l_msg: 2.5782e-03 
2025-07-14 15:24:16,788 - INFO - <epoch: 57, iter:  30,200, lr:1.250e-05> l_forw_fit: 5.4303e+00 l_msg: 2.5782e-03 
25-07-14 15:24:42.032 - INFO: <epoch: 57, iter:  30,300, lr:1.250e-05> l_forw_fit: 5.9250e+00 l_msg: 4.4098e-03 
2025-07-14 15:24:42,032 - INFO - <epoch: 57, iter:  30,300, lr:1.250e-05> l_forw_fit: 5.9250e+00 l_msg: 4.4098e-03 
25-07-14 15:25:06.981 - INFO: <epoch: 57, iter:  30,400, lr:1.250e-05> l_forw_fit: 7.2774e+00 l_msg: 3.7731e-04 
2025-07-14 15:25:06,981 - INFO - <epoch: 57, iter:  30,400, lr:1.250e-05> l_forw_fit: 7.2774e+00 l_msg: 3.7731e-04 
25-07-14 15:25:31.768 - INFO: <epoch: 57, iter:  30,500, lr:1.250e-05> l_forw_fit: 6.1625e+00 l_msg: 6.1521e-03 
2025-07-14 15:25:31,768 - INFO - <epoch: 57, iter:  30,500, lr:1.250e-05> l_forw_fit: 6.1625e+00 l_msg: 6.1521e-03 
----- Start Validation with JPEG 70 for iteration 30500 -----
Embed time: 0.24 seconds
Extract time: 0.11 seconds
0.06666666666666667
Embed time: 0.02 seconds
Extract time: 0.01 seconds
0.23333333333333334
Embed time: 0.02 seconds
Extract time: 0.01 seconds
0.23333333333333334
Embed time: 0.02 seconds
Extract time: 0.01 seconds
0.06666666666666667
Embed time: 0.02 seconds
Extract time: 0.01 seconds
0.03333333333333333
Embed time: 0.02 seconds
Extract time: 0.01 seconds
0.0
Embed time: 0.02 seconds
Extract time: 0.01 seconds
0.13333333333333333
Embed time: 0.02 seconds
Extract time: 0.01 seconds
0.0
Embed time: 0.02 seconds
Extract time: 0.01 seconds
0.03333333333333333
Embed time: 0.02 seconds
Extract time: 0.01 seconds
0.03333333333333333
Embed time: 0.02 seconds
Extract time: 0.01 seconds
0.03333333333333333
Embed time: 0.02 seconds
Extract time: 0.01 seconds
0.03333333333333333
Embed time: 0.02 seconds
Extract time: 0.01 seconds
0.03333333333333333
Embed time: 0.02 seconds
Extract time: 0.01 seconds
0.0
Embed time: 0.02 seconds
Extract time: 0.01 seconds
0.0
Embed time: 0.02 seconds
Extract time: 0.01 seconds
0.03333333333333333
Embed time: 0.02 seconds
Extract time: 0.01 seconds
0.03333333333333333
Embed time: 0.02 seconds
Extract time: 0.01 seconds
0.06666666666666667
Embed time: 0.02 seconds
Extract time: 0.01 seconds
0.0
Embed time: 0.02 seconds
Extract time: 0.01 seconds
0.03333333333333333
Embed time: 0.02 seconds
Extract time: 0.01 seconds
0.03333333333333333
Embed time: 0.02 seconds
Extract time: 0.01 seconds
0.06666666666666667
Embed time: 0.02 seconds
Extract time: 0.01 seconds
0.06666666666666667
Embed time: 0.02 seconds
Extract time: 0.01 seconds
0.03333333333333333
Embed time: 0.02 seconds
Extract time: 0.01 seconds
0.06666666666666667
Embed time: 0.02 seconds
Extract time: 0.01 seconds
0.06666666666666667
Embed time: 0.02 seconds
Extract time: 0.01 seconds
0.03333333333333333
Embed time: 0.02 seconds
Extract time: 0.01 seconds
0.06666666666666667
Embed time: 0.02 seconds
Extract time: 0.01 seconds
0.03333333333333333
Embed time: 0.02 seconds
Extract time: 0.01 seconds
0.03333333333333333
Embed time: 0.02 seconds
Extract time: 0.01 seconds
0.03333333333333333
Embed time: 0.02 seconds
Extract time: 0.01 seconds
0.13333333333333333
Embed time: 0.01 seconds
Extract time: 0.01 seconds
0.03333333333333333
Embed time: 0.02 seconds
Extract time: 0.01 seconds
0.13333333333333333
Embed time: 0.02 seconds
Extract time: 0.01 seconds
0.1
Embed time: 0.02 seconds
Extract time: 0.01 seconds
0.0
Embed time: 0.02 seconds
Extract time: 0.01 seconds
0.1
Embed time: 0.02 seconds
Extract time: 0.01 seconds
0.06666666666666667
Embed time: 0.02 seconds
Extract time: 0.01 seconds
0.0
Embed time: 0.02 seconds
Extract time: 0.01 seconds
0.1
Embed time: 0.02 seconds
Extract time: 0.01 seconds
0.06666666666666667
Embed time: 0.02 seconds
Extract time: 0.01 seconds
0.16666666666666666
Embed time: 0.02 seconds
Extract time: 0.01 seconds
0.03333333333333333
Embed time: 0.02 seconds
Extract time: 0.01 seconds
0.06666666666666667
Embed time: 0.02 seconds
Extract time: 0.01 seconds
0.0
Embed time: 0.02 seconds
Extract time: 0.01 seconds
0.06666666666666667
Embed time: 0.02 seconds
Extract time: 0.01 seconds
0.0
Embed time: 0.02 seconds
Extract time: 0.01 seconds
0.0
Embed time: 0.02 seconds
Extract time: 0.01 seconds
0.0
Embed time: 0.02 seconds
Extract time: 0.01 seconds
0.06666666666666667
Embed time: 0.02 seconds
Extract time: 0.01 seconds
0.03333333333333333
Embed time: 0.02 seconds
Extract time: 0.01 seconds
0.03333333333333333
Embed time: 0.02 seconds
Extract time: 0.01 seconds
0.03333333333333333
Embed time: 0.02 seconds
Extract time: 0.01 seconds
0.06666666666666667
Embed time: 0.02 seconds
Extract time: 0.01 seconds
0.13333333333333333
Embed time: 0.02 seconds
Extract time: 0.01 seconds
0.13333333333333333
Embed time: 0.02 seconds
Extract time: 0.01 seconds
0.0
Embed time: 0.02 seconds
Extract time: 0.01 seconds
0.13333333333333333
Embed time: 0.02 seconds
Extract time: 0.01 seconds
0.03333333333333333
Embed time: 0.02 seconds
Extract time: 0.01 seconds
0.03333333333333333
Embed time: 0.02 seconds
Extract time: 0.01 seconds
0.03333333333333333
Embed time: 0.02 seconds
Extract time: 0.01 seconds
0.03333333333333333
Embed time: 0.02 seconds
Extract time: 0.01 seconds
0.03333333333333333
Embed time: 0.02 seconds
Extract time: 0.01 seconds
0.16666666666666666
Embed time: 0.02 seconds
Extract time: 0.01 seconds
0.06666666666666667
Embed time: 0.02 seconds
Extract time: 0.01 seconds
0.0
Embed time: 0.02 seconds
Extract time: 0.01 seconds
0.06666666666666667
Embed time: 0.02 seconds
Extract time: 0.01 seconds
0.03333333333333333
Embed time: 0.02 seconds
Extract time: 0.01 seconds
0.0
Embed time: 0.02 seconds
Extract time: 0.01 seconds
0.03333333333333333
Embed time: 0.02 seconds
Extract time: 0.01 seconds
0.1
Embed time: 0.02 seconds
Extract time: 0.01 seconds
0.06666666666666667
Embed time: 0.02 seconds
Extract time: 0.01 seconds
0.16666666666666666
Embed time: 0.02 seconds
Extract time: 0.01 seconds
0.0
Embed time: 0.03 seconds
Extract time: 0.02 seconds
0.03333333333333333
Embed time: 0.02 seconds
Extract time: 0.02 seconds
0.06666666666666667
Embed time: 0.02 seconds
Extract time: 0.02 seconds
0.0
Embed time: 0.02 seconds
Extract time: 0.02 seconds
0.06666666666666667
Embed time: 0.02 seconds
Extract time: 0.02 seconds
0.03333333333333333
Embed time: 0.02 seconds
Extract time: 0.02 seconds
0.06666666666666667
Embed time: 0.02 seconds
Extract time: 0.02 seconds
0.03333333333333333
Embed time: 0.02 seconds
Extract time: 0.01 seconds
0.13333333333333333
Embed time: 0.02 seconds
Extract time: 0.01 seconds
0.0
Embed time: 0.02 seconds
Extract time: 0.01 seconds
0.0
Embed time: 0.02 seconds
Extract time: 0.01 seconds
0.0
Embed time: 0.02 seconds
Extract time: 0.01 seconds
0.06666666666666667
Embed time: 0.02 seconds
Extract time: 0.02 seconds
0.03333333333333333
Embed time: 0.02 seconds
Extract time: 0.02 seconds
0.03333333333333333
Embed time: 0.03 seconds
Extract time: 0.02 seconds
0.0
Embed time: 0.02 seconds
Extract time: 0.02 seconds
0.03333333333333333
Embed time: 0.02 seconds
Extract time: 0.02 seconds
0.0
Embed time: 0.02 seconds
Extract time: 0.02 seconds
0.1
Embed time: 0.02 seconds
Extract time: 0.01 seconds
0.06666666666666667
Embed time: 0.02 seconds
Extract time: 0.02 seconds
0.0
Embed time: 0.02 seconds
Extract time: 0.02 seconds
0.03333333333333333
Embed time: 0.02 seconds
Extract time: 0.02 seconds
0.16666666666666666
Embed time: 0.02 seconds
Extract time: 0.02 seconds
0.06666666666666667
Embed time: 0.02 seconds
Extract time: 0.02 seconds
0.0
Embed time: 0.02 seconds
Extract time: 0.02 seconds
0.06666666666666667
Embed time: 0.02 seconds
Extract time: 0.02 seconds
0.0
25-07-14 15:25:39.906 - INFO: # Validation JPEG for iteration 30500 # PSNR_Stego: 2.7443e+01, Bit_acc: 5.3000e-02
2025-07-14 15:25:39,906 - INFO - # Validation JPEG for iteration 30500 # PSNR_Stego: 2.7443e+01, Bit_acc: 5.3000e-02
25-07-14 15:25:39.908 - INFO: <epoch: 57, iter:  30,500> PSNR_Stego: 2.7443e+01, Bit_acc:  5.3000e-02
2025-07-14 15:25:39,908 - INFO - <epoch: 57, iter:  30,500> PSNR_Stego: 2.7443e+01, Bit_acc:  5.3000e-02
----- End Validation with JPEG 70 for iteration 30500 -----
----- Start Validation with Gaussian Noise 10 for iteration 30500 -----
Embed time: 0.03 seconds
Extract time: 0.04 seconds
0.0
Embed time: 0.02 seconds
Extract time: 0.02 seconds
0.0
Embed time: 0.02 seconds
Extract time: 0.01 seconds
0.06666666666666667
Embed time: 0.02 seconds
Extract time: 0.02 seconds
0.0
Embed time: 0.02 seconds
Extract time: 0.02 seconds
0.0
Embed time: 0.02 seconds
Extract time: 0.01 seconds
0.0
Embed time: 0.04 seconds
Extract time: 0.01 seconds
0.03333333333333333
Embed time: 0.02 seconds
Extract time: 0.02 seconds
0.0
Embed time: 0.02 seconds
Extract time: 0.02 seconds
0.0
Embed time: 0.02 seconds
Extract time: 0.01 seconds
0.0
Embed time: 0.02 seconds
Extract time: 0.02 seconds
0.0
Embed time: 0.02 seconds
Extract time: 0.01 seconds
0.0
Embed time: 0.02 seconds
Extract time: 0.01 seconds
0.0
Embed time: 0.02 seconds
Extract time: 0.02 seconds
0.0
Embed time: 0.02 seconds
Extract time: 0.01 seconds
0.0
Embed time: 0.02 seconds
Extract time: 0.01 seconds
0.0
Embed time: 0.03 seconds
Extract time: 0.02 seconds
0.0
Embed time: 0.02 seconds
Extract time: 0.01 seconds
0.0
Embed time: 0.02 seconds
Extract time: 0.01 seconds
0.0
Embed time: 0.02 seconds
Extract time: 0.01 seconds
0.0
Embed time: 0.02 seconds
Extract time: 0.01 seconds
0.0
Embed time: 0.02 seconds
Extract time: 0.01 seconds
0.0
Embed time: 0.02 seconds
Extract time: 0.02 seconds
0.03333333333333333
Embed time: 0.02 seconds
Extract time: 0.01 seconds
0.0
Embed time: 0.02 seconds
Extract time: 0.01 seconds
0.03333333333333333
Embed time: 0.02 seconds
Extract time: 0.01 seconds
0.0
Embed time: 0.02 seconds
Extract time: 0.01 seconds
0.0
Embed time: 0.01 seconds
Extract time: 0.01 seconds
0.03333333333333333
Embed time: 0.02 seconds
Extract time: 0.01 seconds
0.0
Embed time: 0.01 seconds
Extract time: 0.01 seconds
0.0
Embed time: 0.03 seconds
Extract time: 0.02 seconds
0.0
Embed time: 0.01 seconds
Extract time: 0.01 seconds
0.03333333333333333
Embed time: 0.01 seconds
Extract time: 0.01 seconds
0.0
Embed time: 0.01 seconds
Extract time: 0.01 seconds
0.0
Embed time: 0.01 seconds
Extract time: 0.03 seconds
0.0
Embed time: 0.01 seconds
Extract time: 0.01 seconds
0.0
Embed time: 0.02 seconds
Extract time: 0.03 seconds
0.0
Embed time: 0.01 seconds
Extract time: 0.01 seconds
0.0
Embed time: 0.02 seconds
Extract time: 0.01 seconds
0.0
Embed time: 0.02 seconds
Extract time: 0.01 seconds
0.0
Embed time: 0.03 seconds
Extract time: 0.02 seconds
0.0
Embed time: 0.01 seconds
Extract time: 0.01 seconds
0.03333333333333333
Embed time: 0.01 seconds
Extract time: 0.02 seconds
0.0
Embed time: 0.01 seconds
Extract time: 0.01 seconds
0.0
Embed time: 0.01 seconds
Extract time: 0.02 seconds
0.0
Embed time: 0.01 seconds
Extract time: 0.02 seconds
0.0
Embed time: 0.02 seconds
Extract time: 0.01 seconds
0.0
Embed time: 0.02 seconds
Extract time: 0.01 seconds
0.03333333333333333
Embed time: 0.02 seconds
Extract time: 0.02 seconds
0.0
Embed time: 0.02 seconds
Extract time: 0.01 seconds
0.0
Embed time: 0.02 seconds
Extract time: 0.01 seconds
0.0
Embed time: 0.02 seconds
Extract time: 0.01 seconds
0.0
Embed time: 0.02 seconds
Extract time: 0.01 seconds
0.0
Embed time: 0.02 seconds
Extract time: 0.01 seconds
0.0
Embed time: 0.02 seconds
Extract time: 0.02 seconds
0.0
Embed time: 0.02 seconds
Extract time: 0.01 seconds
0.0
Embed time: 0.02 seconds
Extract time: 0.01 seconds
0.0
Embed time: 0.02 seconds
Extract time: 0.01 seconds
0.03333333333333333
Embed time: 0.02 seconds
Extract time: 0.01 seconds
0.0
Embed time: 0.02 seconds
Extract time: 0.01 seconds
0.0
Embed time: 0.02 seconds
Extract time: 0.01 seconds
0.0
Embed time: 0.02 seconds
Extract time: 0.02 seconds
0.0
Embed time: 0.02 seconds
Extract time: 0.01 seconds
0.0
Embed time: 0.02 seconds
Extract time: 0.01 seconds
0.0
Embed time: 0.02 seconds
Extract time: 0.02 seconds
0.0
Embed time: 0.02 seconds
Extract time: 0.01 seconds
0.0
Embed time: 0.02 seconds
Extract time: 0.01 seconds
0.0
Embed time: 0.02 seconds
Extract time: 0.01 seconds
0.0
Embed time: 0.02 seconds
Extract time: 0.01 seconds
0.0
Embed time: 0.02 seconds
Extract time: 0.02 seconds
0.0
Embed time: 0.02 seconds
Extract time: 0.02 seconds
0.0
Embed time: 0.02 seconds
Extract time: 0.02 seconds
0.0
Embed time: 0.02 seconds
Extract time: 0.01 seconds
0.06666666666666667
Embed time: 0.02 seconds
Extract time: 0.01 seconds
0.0
Embed time: 0.02 seconds
Extract time: 0.01 seconds
0.0
Embed time: 0.02 seconds
Extract time: 0.02 seconds
0.0
Embed time: 0.04 seconds
Extract time: 0.02 seconds
0.0
Embed time: 0.02 seconds
Extract time: 0.01 seconds
0.0
Embed time: 0.02 seconds
Extract time: 0.02 seconds
0.0
Embed time: 0.02 seconds
Extract time: 0.01 seconds
0.03333333333333333
Embed time: 0.02 seconds
Extract time: 0.02 seconds
0.0
Embed time: 0.02 seconds
Extract time: 0.01 seconds
0.0
Embed time: 0.02 seconds
Extract time: 0.02 seconds
0.0
Embed time: 0.02 seconds
Extract time: 0.02 seconds
0.0
Embed time: 0.02 seconds
Extract time: 0.01 seconds
0.0
Embed time: 0.02 seconds
Extract time: 0.02 seconds
0.0
Embed time: 0.02 seconds
Extract time: 0.01 seconds
0.0
Embed time: 0.02 seconds
Extract time: 0.02 seconds
0.03333333333333333
Embed time: 0.02 seconds
Extract time: 0.02 seconds
0.0
Embed time: 0.02 seconds
Extract time: 0.02 seconds
0.0
Embed time: 0.03 seconds
Extract time: 0.02 seconds
0.0
Embed time: 0.02 seconds
Extract time: 0.02 seconds
0.0
Embed time: 0.02 seconds
Extract time: 0.02 seconds
0.0
Embed time: 0.02 seconds
Extract time: 0.02 seconds
0.0
Embed time: 0.02 seconds
Extract time: 0.02 seconds
0.0
Embed time: 0.02 seconds
Extract time: 0.02 seconds
0.0
Embed time: 0.02 seconds
Extract time: 0.01 seconds
0.0
Embed time: 0.02 seconds
Extract time: 0.02 seconds
0.0
Embed time: 0.02 seconds
Extract time: 0.02 seconds
0.0
Embed time: 0.02 seconds
Extract time: 0.02 seconds
0.0
25-07-14 15:25:45.572 - INFO: # Validation Gaussian Noise for iteration 30500 # PSNR_Stego: 1.4001e+01, Bit_acc: 2.5983e-03
2025-07-14 15:25:45,572 - INFO - # Validation Gaussian Noise for iteration 30500 # PSNR_Stego: 1.4001e+01, Bit_acc: 2.5983e-03
25-07-14 15:25:45.573 - INFO: <epoch: 57, iter:  30,500> PSNR_Stego: 1.4001e+01, Bit_acc:  2.5983e-03
2025-07-14 15:25:45,573 - INFO - <epoch: 57, iter:  30,500> PSNR_Stego: 1.4001e+01, Bit_acc:  2.5983e-03
----- End Validation with Gaussian Noise 10 for iteration 30500 -----
25-07-14 15:25:45.574 - INFO: Saving models and training states.
2025-07-14 15:25:45,574 - INFO - Saving models and training states.
Checkpoint save path: /workspace/EditGuard-V1/experiments/train_ibsn_bit_64/models/30500_G.pth

===== Checkpoint State Path: /workspace/EditGuard-V1/experiments/train_ibsn_bit_64/training_state/30500.state =====

========== Epoch: 58 ==========
25-07-14 15:26:27.458 - INFO: <epoch: 58, iter:  30,600, lr:1.250e-05> l_forw_fit: 6.0076e+00 l_msg: 2.3114e-03 
2025-07-14 15:26:27,458 - INFO - <epoch: 58, iter:  30,600, lr:1.250e-05> l_forw_fit: 6.0076e+00 l_msg: 2.3114e-03 
25-07-14 15:26:52.447 - INFO: <epoch: 58, iter:  30,700, lr:1.250e-05> l_forw_fit: 6.3470e+00 l_msg: 1.4957e-02 
2025-07-14 15:26:52,447 - INFO - <epoch: 58, iter:  30,700, lr:1.250e-05> l_forw_fit: 6.3470e+00 l_msg: 1.4957e-02 
25-07-14 15:27:17.644 - INFO: <epoch: 58, iter:  30,800, lr:1.250e-05> l_forw_fit: 5.3582e+00 l_msg: 2.0219e-04 
2025-07-14 15:27:17,644 - INFO - <epoch: 58, iter:  30,800, lr:1.250e-05> l_forw_fit: 5.3582e+00 l_msg: 2.0219e-04 
25-07-14 15:27:42.354 - INFO: <epoch: 58, iter:  30,900, lr:1.250e-05> l_forw_fit: 8.5713e+00 l_msg: 9.1122e-05 
2025-07-14 15:27:42,354 - INFO - <epoch: 58, iter:  30,900, lr:1.250e-05> l_forw_fit: 8.5713e+00 l_msg: 9.1122e-05 
25-07-14 15:28:06.484 - INFO: <epoch: 58, iter:  31,000, lr:1.250e-05> l_forw_fit: 8.9485e+00 l_msg: 9.3649e-03 
2025-07-14 15:28:06,484 - INFO - <epoch: 58, iter:  31,000, lr:1.250e-05> l_forw_fit: 8.9485e+00 l_msg: 9.3649e-03 
----- Start Validation with JPEG 70 for iteration 31000 -----
Embed time: 0.03 seconds
Extract time: 0.01 seconds
0.0
Embed time: 0.02 seconds
Extract time: 0.01 seconds
0.23333333333333334
Embed time: 0.02 seconds
Extract time: 0.01 seconds
0.2
Embed time: 0.02 seconds
Extract time: 0.01 seconds
0.03333333333333333
Embed time: 0.02 seconds
Extract time: 0.01 seconds
0.0
Embed time: 0.02 seconds
Extract time: 0.01 seconds
0.03333333333333333
Embed time: 0.02 seconds
Extract time: 0.01 seconds
0.13333333333333333
Embed time: 0.02 seconds
Extract time: 0.01 seconds
0.1
Embed time: 0.02 seconds
Extract time: 0.01 seconds
0.0
Embed time: 0.02 seconds
Extract time: 0.01 seconds
0.13333333333333333
Embed time: 0.02 seconds
Extract time: 0.01 seconds
0.13333333333333333
Embed time: 0.02 seconds
Extract time: 0.01 seconds
0.0
Embed time: 0.02 seconds
Extract time: 0.01 seconds
0.1
Embed time: 0.02 seconds
Extract time: 0.01 seconds
0.16666666666666666
Embed time: 0.02 seconds
Extract time: 0.01 seconds
0.03333333333333333
Embed time: 0.02 seconds
Extract time: 0.01 seconds
0.03333333333333333
Embed time: 0.02 seconds
Extract time: 0.01 seconds
0.06666666666666667
Embed time: 0.02 seconds
Extract time: 0.01 seconds
0.03333333333333333
Embed time: 0.02 seconds
Extract time: 0.01 seconds
0.03333333333333333
Embed time: 0.02 seconds
Extract time: 0.01 seconds
0.1
Embed time: 0.02 seconds
Extract time: 0.01 seconds
0.03333333333333333
Embed time: 0.02 seconds
Extract time: 0.01 seconds
0.06666666666666667
Embed time: 0.01 seconds
Extract time: 0.01 seconds
0.13333333333333333
Embed time: 0.02 seconds
Extract time: 0.01 seconds
0.0
Embed time: 0.02 seconds
Extract time: 0.01 seconds
0.23333333333333334
Embed time: 0.02 seconds
Extract time: 0.01 seconds
0.03333333333333333
Embed time: 0.02 seconds
Extract time: 0.01 seconds
0.03333333333333333
Embed time: 0.02 seconds
Extract time: 0.01 seconds
0.0
Embed time: 0.02 seconds
Extract time: 0.01 seconds
0.06666666666666667
Embed time: 0.01 seconds
Extract time: 0.01 seconds
0.03333333333333333
Embed time: 0.01 seconds
Extract time: 0.01 seconds
0.23333333333333334
Embed time: 0.02 seconds
Extract time: 0.01 seconds
0.03333333333333333
Embed time: 0.01 seconds
Extract time: 0.01 seconds
0.0
Embed time: 0.02 seconds
Extract time: 0.01 seconds
0.06666666666666667
Embed time: 0.01 seconds
Extract time: 0.01 seconds
0.1
Embed time: 0.02 seconds
Extract time: 0.01 seconds
0.03333333333333333
Embed time: 0.02 seconds
Extract time: 0.01 seconds
0.06666666666666667
Embed time: 0.02 seconds
Extract time: 0.01 seconds
0.1
Embed time: 0.01 seconds
Extract time: 0.01 seconds
0.0
Embed time: 0.01 seconds
Extract time: 0.01 seconds
0.36666666666666664
Embed time: 0.02 seconds
Extract time: 0.01 seconds
0.03333333333333333
Embed time: 0.01 seconds
Extract time: 0.01 seconds
0.16666666666666666
Embed time: 0.01 seconds
Extract time: 0.01 seconds
0.0
Embed time: 0.02 seconds
Extract time: 0.01 seconds
0.1
Embed time: 0.02 seconds
Extract time: 0.01 seconds
0.13333333333333333
Embed time: 0.01 seconds
Extract time: 0.01 seconds
0.03333333333333333
Embed time: 0.01 seconds
Extract time: 0.01 seconds
0.1
Embed time: 0.02 seconds
Extract time: 0.01 seconds
0.03333333333333333
Embed time: 0.02 seconds
Extract time: 0.01 seconds
0.0
Embed time: 0.02 seconds
Extract time: 0.01 seconds
0.06666666666666667
Embed time: 0.02 seconds
Extract time: 0.01 seconds
0.03333333333333333
Embed time: 0.02 seconds
Extract time: 0.01 seconds
0.03333333333333333
Embed time: 0.02 seconds
Extract time: 0.01 seconds
0.06666666666666667
Embed time: 0.02 seconds
Extract time: 0.01 seconds
0.03333333333333333
Embed time: 0.02 seconds
Extract time: 0.01 seconds
0.06666666666666667
Embed time: 0.02 seconds
Extract time: 0.01 seconds
0.16666666666666666
Embed time: 0.01 seconds
Extract time: 0.01 seconds
0.1
Embed time: 0.02 seconds
Extract time: 0.01 seconds
0.03333333333333333
Embed time: 0.02 seconds
Extract time: 0.01 seconds
0.03333333333333333
Embed time: 0.02 seconds
Extract time: 0.01 seconds
0.1
Embed time: 0.02 seconds
Extract time: 0.01 seconds
0.06666666666666667
Embed time: 0.01 seconds
Extract time: 0.01 seconds
0.03333333333333333
Embed time: 0.02 seconds
Extract time: 0.01 seconds
0.1
Embed time: 0.01 seconds
Extract time: 0.01 seconds
0.0
Embed time: 0.01 seconds
Extract time: 0.01 seconds
0.03333333333333333
Embed time: 0.02 seconds
Extract time: 0.01 seconds
0.06666666666666667
Embed time: 0.02 seconds
Extract time: 0.01 seconds
0.03333333333333333
Embed time: 0.02 seconds
Extract time: 0.01 seconds
0.0
Embed time: 0.02 seconds
Extract time: 0.01 seconds
0.0
Embed time: 0.02 seconds
Extract time: 0.01 seconds
0.03333333333333333
Embed time: 0.01 seconds
Extract time: 0.01 seconds
0.03333333333333333
Embed time: 0.01 seconds
Extract time: 0.01 seconds
0.16666666666666666
Embed time: 0.01 seconds
Extract time: 0.01 seconds
0.13333333333333333
Embed time: 0.02 seconds
Extract time: 0.01 seconds
0.03333333333333333
Embed time: 0.02 seconds
Extract time: 0.01 seconds
0.06666666666666667
Embed time: 0.02 seconds
Extract time: 0.01 seconds
0.13333333333333333
Embed time: 0.02 seconds
Extract time: 0.01 seconds
0.0
Embed time: 0.01 seconds
Extract time: 0.01 seconds
0.06666666666666667
Embed time: 0.02 seconds
Extract time: 0.01 seconds
0.0
Embed time: 0.02 seconds
Extract time: 0.01 seconds
0.13333333333333333
Embed time: 0.02 seconds
Extract time: 0.01 seconds
0.0
Embed time: 0.02 seconds
Extract time: 0.01 seconds
0.06666666666666667
Embed time: 0.02 seconds
Extract time: 0.02 seconds
0.06666666666666667
Embed time: 0.02 seconds
Extract time: 0.01 seconds
0.03333333333333333
Embed time: 0.02 seconds
Extract time: 0.01 seconds
0.03333333333333333
Embed time: 0.02 seconds
Extract time: 0.02 seconds
0.0
Embed time: 0.02 seconds
Extract time: 0.01 seconds
0.03333333333333333
Embed time: 0.02 seconds
Extract time: 0.01 seconds
0.06666666666666667
Embed time: 0.02 seconds
Extract time: 0.01 seconds
0.06666666666666667
Embed time: 0.01 seconds
Extract time: 0.01 seconds
0.0
Embed time: 0.01 seconds
Extract time: 0.01 seconds
0.06666666666666667
Embed time: 0.01 seconds
Extract time: 0.01 seconds
0.1
Embed time: 0.01 seconds
Extract time: 0.01 seconds
0.0
Embed time: 0.02 seconds
Extract time: 0.01 seconds
0.0
Embed time: 0.02 seconds
Extract time: 0.01 seconds
0.16666666666666666
Embed time: 0.02 seconds
Extract time: 0.01 seconds
0.06666666666666667
Embed time: 0.02 seconds
Extract time: 0.01 seconds
0.13333333333333333
Embed time: 0.02 seconds
Extract time: 0.01 seconds
0.0
Embed time: 0.02 seconds
Extract time: 0.01 seconds
0.06666666666666667
Embed time: 0.01 seconds
Extract time: 0.01 seconds
0.03333333333333333
25-07-14 15:28:13.899 - INFO: # Validation JPEG for iteration 31000 # PSNR_Stego: 2.7632e+01, Bit_acc: 6.6667e-02
2025-07-14 15:28:13,899 - INFO - # Validation JPEG for iteration 31000 # PSNR_Stego: 2.7632e+01, Bit_acc: 6.6667e-02
25-07-14 15:28:13.900 - INFO: <epoch: 58, iter:  31,000> PSNR_Stego: 2.7632e+01, Bit_acc:  6.6667e-02
2025-07-14 15:28:13,900 - INFO - <epoch: 58, iter:  31,000> PSNR_Stego: 2.7632e+01, Bit_acc:  6.6667e-02
----- End Validation with JPEG 70 for iteration 31000 -----
----- Start Validation with Gaussian Noise 10 for iteration 31000 -----
Embed time: 0.02 seconds
Extract time: 0.01 seconds
0.0
Embed time: 0.02 seconds
Extract time: 0.01 seconds
0.0
Embed time: 0.01 seconds
Extract time: 0.01 seconds
0.03333333333333333
Embed time: 0.02 seconds
Extract time: 0.01 seconds
0.0
Embed time: 0.03 seconds
Extract time: 0.01 seconds
0.0
Embed time: 0.02 seconds
Extract time: 0.01 seconds
0.0
Embed time: 0.01 seconds
Extract time: 0.01 seconds
0.0
Embed time: 0.01 seconds
Extract time: 0.01 seconds
0.0
Embed time: 0.02 seconds
Extract time: 0.01 seconds
0.0
Embed time: 0.02 seconds
Extract time: 0.01 seconds
0.0
Embed time: 0.01 seconds
Extract time: 0.01 seconds
0.0
Embed time: 0.02 seconds
Extract time: 0.01 seconds
0.0
Embed time: 0.02 seconds
Extract time: 0.01 seconds
0.0
Embed time: 0.02 seconds
Extract time: 0.01 seconds
0.0
Embed time: 0.02 seconds
Extract time: 0.01 seconds
0.0
Embed time: 0.02 seconds
Extract time: 0.01 seconds
0.03333333333333333
Embed time: 0.02 seconds
Extract time: 0.01 seconds
0.03333333333333333
Embed time: 0.02 seconds
Extract time: 0.01 seconds
0.0
Embed time: 0.02 seconds
Extract time: 0.01 seconds
0.0
Embed time: 0.02 seconds
Extract time: 0.01 seconds
0.0
Embed time: 0.02 seconds
Extract time: 0.01 seconds
0.0
Embed time: 0.02 seconds
Extract time: 0.01 seconds
0.0
Embed time: 0.02 seconds
Extract time: 0.01 seconds
0.0
Embed time: 0.02 seconds
Extract time: 0.01 seconds
0.0
Embed time: 0.02 seconds
Extract time: 0.01 seconds
0.0
Embed time: 0.02 seconds
Extract time: 0.01 seconds
0.0
Embed time: 0.01 seconds
Extract time: 0.01 seconds
0.0
Embed time: 0.02 seconds
Extract time: 0.01 seconds
0.03333333333333333
Embed time: 0.02 seconds
Extract time: 0.01 seconds
0.0
Embed time: 0.02 seconds
Extract time: 0.01 seconds
0.0
Embed time: 0.02 seconds
Extract time: 0.01 seconds
0.0
Embed time: 0.02 seconds
Extract time: 0.01 seconds
0.03333333333333333
Embed time: 0.02 seconds
Extract time: 0.01 seconds
0.0
Embed time: 0.02 seconds
Extract time: 0.01 seconds
0.0
Embed time: 0.02 seconds
Extract time: 0.01 seconds
0.0
Embed time: 0.03 seconds
Extract time: 0.01 seconds
0.0
Embed time: 0.02 seconds
Extract time: 0.01 seconds
0.0
Embed time: 0.02 seconds
Extract time: 0.01 seconds
0.0
Embed time: 0.02 seconds
Extract time: 0.01 seconds
0.0
Embed time: 0.02 seconds
Extract time: 0.01 seconds
0.0
Embed time: 0.02 seconds
Extract time: 0.01 seconds
0.0
Embed time: 0.02 seconds
Extract time: 0.01 seconds
0.03333333333333333
Embed time: 0.02 seconds
Extract time: 0.01 seconds
0.03333333333333333
Embed time: 0.02 seconds
Extract time: 0.01 seconds
0.0
Embed time: 0.02 seconds
Extract time: 0.01 seconds
0.0
Embed time: 0.02 seconds
Extract time: 0.01 seconds
0.0
Embed time: 0.02 seconds
Extract time: 0.01 seconds
0.0
Embed time: 0.02 seconds
Extract time: 0.01 seconds
0.03333333333333333
Embed time: 0.02 seconds
Extract time: 0.01 seconds
0.0
Embed time: 0.02 seconds
Extract time: 0.01 seconds
0.0
Embed time: 0.02 seconds
Extract time: 0.01 seconds
0.0
Embed time: 0.02 seconds
Extract time: 0.02 seconds
0.0
Embed time: 0.02 seconds
Extract time: 0.01 seconds
0.0
Embed time: 0.02 seconds
Extract time: 0.02 seconds
0.0
Embed time: 0.02 seconds
Extract time: 0.01 seconds
0.0
Embed time: 0.02 seconds
Extract time: 0.01 seconds
0.0
Embed time: 0.02 seconds
Extract time: 0.01 seconds
0.0
Embed time: 0.02 seconds
Extract time: 0.01 seconds
0.0
Embed time: 0.01 seconds
Extract time: 0.01 seconds
0.0
Embed time: 0.02 seconds
Extract time: 0.01 seconds
0.03333333333333333
Embed time: 0.02 seconds
Extract time: 0.01 seconds
0.0
Embed time: 0.02 seconds
Extract time: 0.01 seconds
0.0
Embed time: 0.02 seconds
Extract time: 0.01 seconds
0.0
Embed time: 0.02 seconds
Extract time: 0.01 seconds
0.0
Embed time: 0.02 seconds
Extract time: 0.01 seconds
0.0
Embed time: 0.02 seconds
Extract time: 0.01 seconds
0.0
Embed time: 0.02 seconds
Extract time: 0.01 seconds
0.0
Embed time: 0.02 seconds
Extract time: 0.01 seconds
0.0
Embed time: 0.02 seconds
Extract time: 0.01 seconds
0.0
Embed time: 0.02 seconds
Extract time: 0.01 seconds
0.0
Embed time: 0.03 seconds
Extract time: 0.01 seconds
0.0
Embed time: 0.02 seconds
Extract time: 0.01 seconds
0.0
Embed time: 0.03 seconds
Extract time: 0.01 seconds
0.0
Embed time: 0.02 seconds
Extract time: 0.01 seconds
0.0
Embed time: 0.02 seconds
Extract time: 0.01 seconds
0.0
Embed time: 0.02 seconds
Extract time: 0.01 seconds
0.03333333333333333
Embed time: 0.02 seconds
Extract time: 0.01 seconds
0.0
Embed time: 0.02 seconds
Extract time: 0.01 seconds
0.0
Embed time: 0.03 seconds
Extract time: 0.01 seconds
0.0
Embed time: 0.02 seconds
Extract time: 0.01 seconds
0.06666666666666667
Embed time: 0.03 seconds
Extract time: 0.01 seconds
0.0
Embed time: 0.02 seconds
Extract time: 0.01 seconds
0.0
Embed time: 0.02 seconds
Extract time: 0.01 seconds
0.0
Embed time: 0.02 seconds
Extract time: 0.01 seconds
0.0
Embed time: 0.01 seconds
Extract time: 0.01 seconds
0.0
Embed time: 0.02 seconds
Extract time: 0.01 seconds
0.0
Embed time: 0.03 seconds
Extract time: 0.01 seconds
0.0
Embed time: 0.01 seconds
Extract time: 0.01 seconds
0.0
Embed time: 0.02 seconds
Extract time: 0.01 seconds
0.0
Embed time: 0.02 seconds
Extract time: 0.01 seconds
0.0
Embed time: 0.01 seconds
Extract time: 0.02 seconds
0.0
Embed time: 0.02 seconds
Extract time: 0.01 seconds
0.0
Embed time: 0.02 seconds
Extract time: 0.02 seconds
0.0
Embed time: 0.02 seconds
Extract time: 0.01 seconds
0.0
Embed time: 0.02 seconds
Extract time: 0.01 seconds
0.0
Embed time: 0.01 seconds
Extract time: 0.01 seconds
0.0
Embed time: 0.02 seconds
Extract time: 0.01 seconds
0.0
Embed time: 0.01 seconds
Extract time: 0.01 seconds
0.03333333333333333
Embed time: 0.01 seconds
Extract time: 0.01 seconds
0.0
Embed time: 0.02 seconds
Extract time: 0.01 seconds
0.0
25-07-14 15:28:18.919 - INFO: # Validation Gaussian Noise for iteration 31000 # PSNR_Stego: 1.4083e+01, Bit_acc: 2.5000e-03
2025-07-14 15:28:18,919 - INFO - # Validation Gaussian Noise for iteration 31000 # PSNR_Stego: 1.4083e+01, Bit_acc: 2.5000e-03
25-07-14 15:28:18.920 - INFO: <epoch: 58, iter:  31,000> PSNR_Stego: 1.4083e+01, Bit_acc:  2.5000e-03
2025-07-14 15:28:18,920 - INFO - <epoch: 58, iter:  31,000> PSNR_Stego: 1.4083e+01, Bit_acc:  2.5000e-03
----- End Validation with Gaussian Noise 10 for iteration 31000 -----
25-07-14 15:28:18.921 - INFO: Saving models and training states.
2025-07-14 15:28:18,921 - INFO - Saving models and training states.
Checkpoint save path: /workspace/EditGuard-V1/experiments/train_ibsn_bit_64/models/31000_G.pth

===== Checkpoint State Path: /workspace/EditGuard-V1/experiments/train_ibsn_bit_64/training_state/31000.state =====

========== Epoch: 59 ==========
25-07-14 15:29:01.721 - INFO: <epoch: 59, iter:  31,100, lr:1.250e-05> l_forw_fit: 7.3963e+00 l_msg: 2.0503e-04 
2025-07-14 15:29:01,721 - INFO - <epoch: 59, iter:  31,100, lr:1.250e-05> l_forw_fit: 7.3963e+00 l_msg: 2.0503e-04 
25-07-14 15:29:27.137 - INFO: <epoch: 59, iter:  31,200, lr:1.250e-05> l_forw_fit: 7.4488e+00 l_msg: 9.8260e-06 
2025-07-14 15:29:27,137 - INFO - <epoch: 59, iter:  31,200, lr:1.250e-05> l_forw_fit: 7.4488e+00 l_msg: 9.8260e-06 
25-07-14 15:29:52.439 - INFO: <epoch: 59, iter:  31,300, lr:1.250e-05> l_forw_fit: 5.6380e+00 l_msg: 3.0164e-04 
2025-07-14 15:29:52,439 - INFO - <epoch: 59, iter:  31,300, lr:1.250e-05> l_forw_fit: 5.6380e+00 l_msg: 3.0164e-04 
25-07-14 15:30:17.903 - INFO: <epoch: 59, iter:  31,400, lr:1.250e-05> l_forw_fit: 9.9784e+00 l_msg: 6.1364e-04 
2025-07-14 15:30:17,903 - INFO - <epoch: 59, iter:  31,400, lr:1.250e-05> l_forw_fit: 9.9784e+00 l_msg: 6.1364e-04 
25-07-14 15:30:42.495 - INFO: <epoch: 59, iter:  31,500, lr:1.250e-05> l_forw_fit: 6.7894e+00 l_msg: 2.4001e-04 
2025-07-14 15:30:42,495 - INFO - <epoch: 59, iter:  31,500, lr:1.250e-05> l_forw_fit: 6.7894e+00 l_msg: 2.4001e-04 
----- Start Validation with JPEG 70 for iteration 31500 -----
Embed time: 0.02 seconds
Extract time: 0.01 seconds
0.03333333333333333
Embed time: 0.02 seconds
Extract time: 0.01 seconds
0.36666666666666664
Embed time: 0.02 seconds
Extract time: 0.01 seconds
0.03333333333333333
Embed time: 0.02 seconds
Extract time: 0.01 seconds
0.06666666666666667
Embed time: 0.02 seconds
Extract time: 0.01 seconds
0.03333333333333333
Embed time: 0.02 seconds
Extract time: 0.01 seconds
0.0
Embed time: 0.02 seconds
Extract time: 0.01 seconds
0.16666666666666666
Embed time: 0.02 seconds
Extract time: 0.01 seconds
0.0
Embed time: 0.02 seconds
Extract time: 0.01 seconds
0.1
Embed time: 0.02 seconds
Extract time: 0.01 seconds
0.1
Embed time: 0.02 seconds
Extract time: 0.01 seconds
0.06666666666666667
Embed time: 0.02 seconds
Extract time: 0.01 seconds
0.0
Embed time: 0.02 seconds
Extract time: 0.01 seconds
0.03333333333333333
Embed time: 0.02 seconds
Extract time: 0.01 seconds
0.03333333333333333
Embed time: 0.02 seconds
Extract time: 0.01 seconds
0.03333333333333333
Embed time: 0.02 seconds
Extract time: 0.01 seconds
0.03333333333333333
Embed time: 0.02 seconds
Extract time: 0.01 seconds
0.0
Embed time: 0.02 seconds
Extract time: 0.01 seconds
0.06666666666666667
Embed time: 0.02 seconds
Extract time: 0.01 seconds
0.0
Embed time: 0.02 seconds
Extract time: 0.01 seconds
0.03333333333333333
Embed time: 0.02 seconds
Extract time: 0.02 seconds
0.1
Embed time: 0.02 seconds
Extract time: 0.01 seconds
0.0
Embed time: 0.02 seconds
Extract time: 0.01 seconds
0.1
Embed time: 0.02 seconds
Extract time: 0.01 seconds
0.0
Embed time: 0.02 seconds
Extract time: 0.01 seconds
0.1
Embed time: 0.02 seconds
Extract time: 0.01 seconds
0.03333333333333333
Embed time: 0.02 seconds
Extract time: 0.01 seconds
0.03333333333333333
Embed time: 0.02 seconds
Extract time: 0.01 seconds
0.1
Embed time: 0.01 seconds
Extract time: 0.01 seconds
0.03333333333333333
Embed time: 0.02 seconds
Extract time: 0.01 seconds
0.06666666666666667
Embed time: 0.02 seconds
Extract time: 0.01 seconds
0.06666666666666667
Embed time: 0.02 seconds
Extract time: 0.01 seconds
0.0
Embed time: 0.01 seconds
Extract time: 0.01 seconds
0.03333333333333333
Embed time: 0.02 seconds
Extract time: 0.01 seconds
0.1
Embed time: 0.02 seconds
Extract time: 0.01 seconds
0.06666666666666667
Embed time: 0.02 seconds
Extract time: 0.01 seconds
0.0
Embed time: 0.02 seconds
Extract time: 0.01 seconds
0.06666666666666667
Embed time: 0.02 seconds
Extract time: 0.01 seconds
0.1
Embed time: 0.02 seconds
Extract time: 0.01 seconds
0.03333333333333333
Embed time: 0.01 seconds
Extract time: 0.01 seconds
0.1
Embed time: 0.02 seconds
Extract time: 0.01 seconds
0.03333333333333333
Embed time: 0.02 seconds
Extract time: 0.01 seconds
0.23333333333333334
Embed time: 0.02 seconds
Extract time: 0.01 seconds
0.0
Embed time: 0.02 seconds
Extract time: 0.01 seconds
0.13333333333333333
Embed time: 0.02 seconds
Extract time: 0.01 seconds
0.1
Embed time: 0.02 seconds
Extract time: 0.01 seconds
0.0
Embed time: 0.02 seconds
Extract time: 0.01 seconds
0.0
Embed time: 0.02 seconds
Extract time: 0.01 seconds
0.03333333333333333
Embed time: 0.02 seconds
Extract time: 0.01 seconds
0.0
Embed time: 0.02 seconds
Extract time: 0.01 seconds
0.16666666666666666
Embed time: 0.02 seconds
Extract time: 0.01 seconds
0.03333333333333333
Embed time: 0.02 seconds
Extract time: 0.02 seconds
0.06666666666666667
Embed time: 0.02 seconds
Extract time: 0.01 seconds
0.03333333333333333
Embed time: 0.02 seconds
Extract time: 0.01 seconds
0.0
Embed time: 0.02 seconds
Extract time: 0.01 seconds
0.0
Embed time: 0.02 seconds
Extract time: 0.01 seconds
0.1
Embed time: 0.02 seconds
Extract time: 0.01 seconds
0.1
Embed time: 0.02 seconds
Extract time: 0.01 seconds
0.03333333333333333
Embed time: 0.02 seconds
Extract time: 0.01 seconds
0.03333333333333333
Embed time: 0.02 seconds
Extract time: 0.01 seconds
0.03333333333333333
Embed time: 0.02 seconds
Extract time: 0.01 seconds
0.03333333333333333
Embed time: 0.02 seconds
Extract time: 0.01 seconds
0.03333333333333333
Embed time: 0.02 seconds
Extract time: 0.01 seconds
0.03333333333333333
Embed time: 0.02 seconds
Extract time: 0.01 seconds
0.0
Embed time: 0.02 seconds
Extract time: 0.01 seconds
0.03333333333333333
Embed time: 0.02 seconds
Extract time: 0.01 seconds
0.06666666666666667
Embed time: 0.02 seconds
Extract time: 0.01 seconds
0.03333333333333333
Embed time: 0.02 seconds
Extract time: 0.01 seconds
0.06666666666666667
Embed time: 0.02 seconds
Extract time: 0.01 seconds
0.03333333333333333
Embed time: 0.02 seconds
Extract time: 0.01 seconds
0.1
Embed time: 0.02 seconds
Extract time: 0.01 seconds
0.06666666666666667
Embed time: 0.02 seconds
Extract time: 0.01 seconds
0.03333333333333333
Embed time: 0.02 seconds
Extract time: 0.01 seconds
0.03333333333333333
Embed time: 0.02 seconds
Extract time: 0.01 seconds
0.0
Embed time: 0.02 seconds
Extract time: 0.01 seconds
0.06666666666666667
Embed time: 0.02 seconds
Extract time: 0.01 seconds
0.06666666666666667
Embed time: 0.02 seconds
Extract time: 0.01 seconds
0.03333333333333333
Embed time: 0.02 seconds
Extract time: 0.01 seconds
0.03333333333333333
Embed time: 0.02 seconds
Extract time: 0.01 seconds
0.06666666666666667
Embed time: 0.02 seconds
Extract time: 0.01 seconds
0.03333333333333333
Embed time: 0.02 seconds
Extract time: 0.01 seconds
0.06666666666666667
Embed time: 0.02 seconds
Extract time: 0.01 seconds
0.0
Embed time: 0.02 seconds
Extract time: 0.01 seconds
0.03333333333333333
Embed time: 0.02 seconds
Extract time: 0.01 seconds
0.06666666666666667
Embed time: 0.02 seconds
Extract time: 0.01 seconds
0.0
Embed time: 0.02 seconds
Extract time: 0.01 seconds
0.1
Embed time: 0.02 seconds
Extract time: 0.01 seconds
0.16666666666666666
Embed time: 0.02 seconds
Extract time: 0.01 seconds
0.06666666666666667
Embed time: 0.02 seconds
Extract time: 0.01 seconds
0.1
Embed time: 0.02 seconds
Extract time: 0.01 seconds
0.0
Embed time: 0.02 seconds
Extract time: 0.01 seconds
0.06666666666666667
Embed time: 0.02 seconds
Extract time: 0.01 seconds
0.1
Embed time: 0.02 seconds
Extract time: 0.01 seconds
0.03333333333333333
Embed time: 0.02 seconds
Extract time: 0.01 seconds
0.0
Embed time: 0.02 seconds
Extract time: 0.01 seconds
0.06666666666666667
Embed time: 0.02 seconds
Extract time: 0.01 seconds
0.1
Embed time: 0.02 seconds
Extract time: 0.01 seconds
0.16666666666666666
Embed time: 0.01 seconds
Extract time: 0.01 seconds
0.03333333333333333
Embed time: 0.01 seconds
Extract time: 0.01 seconds
0.03333333333333333
Embed time: 0.01 seconds
Extract time: 0.01 seconds
0.06666666666666667
25-07-14 15:30:50.080 - INFO: # Validation JPEG for iteration 31500 # PSNR_Stego: 2.7573e+01, Bit_acc: 5.6000e-02
2025-07-14 15:30:50,080 - INFO - # Validation JPEG for iteration 31500 # PSNR_Stego: 2.7573e+01, Bit_acc: 5.6000e-02
25-07-14 15:30:50.081 - INFO: <epoch: 59, iter:  31,500> PSNR_Stego: 2.7573e+01, Bit_acc:  5.6000e-02
2025-07-14 15:30:50,081 - INFO - <epoch: 59, iter:  31,500> PSNR_Stego: 2.7573e+01, Bit_acc:  5.6000e-02
----- End Validation with JPEG 70 for iteration 31500 -----
----- Start Validation with Gaussian Noise 10 for iteration 31500 -----
Embed time: 0.03 seconds
Extract time: 0.01 seconds
0.0
Embed time: 0.02 seconds
Extract time: 0.01 seconds
0.0
Embed time: 0.02 seconds
Extract time: 0.02 seconds
0.0
Embed time: 0.02 seconds
Extract time: 0.01 seconds
0.0
Embed time: 0.02 seconds
Extract time: 0.03 seconds
0.0
Embed time: 0.02 seconds
Extract time: 0.01 seconds
0.0
Embed time: 0.01 seconds
Extract time: 0.02 seconds
0.03333333333333333
Embed time: 0.01 seconds
Extract time: 0.01 seconds
0.0
Embed time: 0.02 seconds
Extract time: 0.01 seconds
0.0
Embed time: 0.01 seconds
Extract time: 0.01 seconds
0.0
Embed time: 0.01 seconds
Extract time: 0.01 seconds
0.0
Embed time: 0.02 seconds
Extract time: 0.01 seconds
0.0
Embed time: 0.01 seconds
Extract time: 0.01 seconds
0.0
Embed time: 0.02 seconds
Extract time: 0.01 seconds
0.0
Embed time: 0.02 seconds
Extract time: 0.01 seconds
0.0
Embed time: 0.02 seconds
Extract time: 0.01 seconds
0.0
Embed time: 0.02 seconds
Extract time: 0.01 seconds
0.0
Embed time: 0.02 seconds
Extract time: 0.01 seconds
0.0
Embed time: 0.02 seconds
Extract time: 0.01 seconds
0.0
Embed time: 0.02 seconds
Extract time: 0.01 seconds
0.0
Embed time: 0.02 seconds
Extract time: 0.01 seconds
0.0
Embed time: 0.02 seconds
Extract time: 0.01 seconds
0.0
Embed time: 0.02 seconds
Extract time: 0.01 seconds
0.0
Embed time: 0.02 seconds
Extract time: 0.01 seconds
0.0
Embed time: 0.02 seconds
Extract time: 0.01 seconds
0.0
Embed time: 0.02 seconds
Extract time: 0.01 seconds
0.0
Embed time: 0.02 seconds
Extract time: 0.01 seconds
0.0
Embed time: 0.02 seconds
Extract time: 0.01 seconds
0.0
Embed time: 0.02 seconds
Extract time: 0.01 seconds
0.0
Embed time: 0.02 seconds
Extract time: 0.01 seconds
0.0
Embed time: 0.02 seconds
Extract time: 0.01 seconds
0.0
Embed time: 0.02 seconds
Extract time: 0.01 seconds
0.0
Embed time: 0.02 seconds
Extract time: 0.01 seconds
0.0
Embed time: 0.02 seconds
Extract time: 0.01 seconds
0.0
Embed time: 0.02 seconds
Extract time: 0.01 seconds
0.0
Embed time: 0.02 seconds
Extract time: 0.01 seconds
0.0
Embed time: 0.02 seconds
Extract time: 0.01 seconds
0.0
Embed time: 0.02 seconds
Extract time: 0.01 seconds
0.0
Embed time: 0.02 seconds
Extract time: 0.01 seconds
0.0
Embed time: 0.03 seconds
Extract time: 0.01 seconds
0.0
Embed time: 0.02 seconds
Extract time: 0.01 seconds
0.0
Embed time: 0.02 seconds
Extract time: 0.01 seconds
0.03333333333333333
Embed time: 0.01 seconds
Extract time: 0.01 seconds
0.0
Embed time: 0.02 seconds
Extract time: 0.01 seconds
0.0
Embed time: 0.02 seconds
Extract time: 0.01 seconds
0.0
Embed time: 0.02 seconds
Extract time: 0.01 seconds
0.06666666666666667
Embed time: 0.02 seconds
Extract time: 0.01 seconds
0.0
Embed time: 0.02 seconds
Extract time: 0.01 seconds
0.03333333333333333
Embed time: 0.02 seconds
Extract time: 0.01 seconds
0.0
Embed time: 0.03 seconds
Extract time: 0.01 seconds
0.0
Embed time: 0.02 seconds
Extract time: 0.01 seconds
0.0
Embed time: 0.02 seconds
Extract time: 0.01 seconds
0.0
Embed time: 0.02 seconds
Extract time: 0.01 seconds
0.0
Embed time: 0.02 seconds
Extract time: 0.01 seconds
0.0
Embed time: 0.02 seconds
Extract time: 0.01 seconds
0.03333333333333333
Embed time: 0.02 seconds
Extract time: 0.02 seconds
0.0
Embed time: 0.02 seconds
Extract time: 0.01 seconds
0.0
Embed time: 0.02 seconds
Extract time: 0.02 seconds
0.0
Embed time: 0.02 seconds
Extract time: 0.01 seconds
0.0
Embed time: 0.02 seconds
Extract time: 0.02 seconds
0.0
Embed time: 0.02 seconds
Extract time: 0.01 seconds
0.0
Embed time: 0.02 seconds
Extract time: 0.01 seconds
0.0
Embed time: 0.02 seconds
Extract time: 0.01 seconds
0.0
Embed time: 0.02 seconds
Extract time: 0.01 seconds
0.03333333333333333
Embed time: 0.02 seconds
Extract time: 0.01 seconds
0.0
Embed time: 0.02 seconds
Extract time: 0.01 seconds
0.0
Embed time: 0.02 seconds
Extract time: 0.01 seconds
0.0
Embed time: 0.02 seconds
Extract time: 0.01 seconds
0.0
Embed time: 0.01 seconds
Extract time: 0.01 seconds
0.0
Embed time: 0.02 seconds
Extract time: 0.01 seconds
0.0
Embed time: 0.02 seconds
Extract time: 0.01 seconds
0.0
Embed time: 0.02 seconds
Extract time: 0.01 seconds
0.03333333333333333
Embed time: 0.03 seconds
Extract time: 0.01 seconds
0.0
Embed time: 0.02 seconds
Extract time: 0.01 seconds
0.0
Embed time: 0.02 seconds
Extract time: 0.01 seconds
0.0
Embed time: 0.02 seconds
Extract time: 0.01 seconds
0.0
Embed time: 0.02 seconds
Extract time: 0.01 seconds
0.0
Embed time: 0.02 seconds
Extract time: 0.01 seconds
0.0
Embed time: 0.02 seconds
Extract time: 0.02 seconds
0.0
Embed time: 0.02 seconds
Extract time: 0.01 seconds
0.0
Embed time: 0.02 seconds
Extract time: 0.02 seconds
0.0
Embed time: 0.02 seconds
Extract time: 0.01 seconds
0.0
Embed time: 0.03 seconds
Extract time: 0.01 seconds
0.0
Embed time: 0.02 seconds
Extract time: 0.01 seconds
0.0
Embed time: 0.02 seconds
Extract time: 0.01 seconds
0.0
Embed time: 0.02 seconds
Extract time: 0.01 seconds
0.0
Embed time: 0.02 seconds
Extract time: 0.01 seconds
0.0
Embed time: 0.02 seconds
Extract time: 0.01 seconds
0.03333333333333333
Embed time: 0.02 seconds
Extract time: 0.02 seconds
0.0
Embed time: 0.02 seconds
Extract time: 0.01 seconds
0.0
Embed time: 0.03 seconds
Extract time: 0.01 seconds
0.0
Embed time: 0.01 seconds
Extract time: 0.01 seconds
0.03333333333333333
Embed time: 0.02 seconds
Extract time: 0.01 seconds
0.03333333333333333
Embed time: 0.02 seconds
Extract time: 0.01 seconds
0.0
Embed time: 0.02 seconds
Extract time: 0.01 seconds
0.03333333333333333
Embed time: 0.02 seconds
Extract time: 0.01 seconds
0.0
Embed time: 0.02 seconds
Extract time: 0.01 seconds
0.0
Embed time: 0.02 seconds
Extract time: 0.01 seconds
0.0
Embed time: 0.01 seconds
Extract time: 0.01 seconds
0.0
Embed time: 0.01 seconds
Extract time: 0.01 seconds
0.0
25-07-14 15:30:55.119 - INFO: # Validation Gaussian Noise for iteration 31500 # PSNR_Stego: 1.4059e+01, Bit_acc: 2.2800e-03
2025-07-14 15:30:55,119 - INFO - # Validation Gaussian Noise for iteration 31500 # PSNR_Stego: 1.4059e+01, Bit_acc: 2.2800e-03
25-07-14 15:30:55.121 - INFO: <epoch: 59, iter:  31,500> PSNR_Stego: 1.4059e+01, Bit_acc:  2.2800e-03
2025-07-14 15:30:55,121 - INFO - <epoch: 59, iter:  31,500> PSNR_Stego: 1.4059e+01, Bit_acc:  2.2800e-03
----- End Validation with Gaussian Noise 10 for iteration 31500 -----
25-07-14 15:30:55.122 - INFO: Saving models and training states.
2025-07-14 15:30:55,122 - INFO - Saving models and training states.
Checkpoint save path: /workspace/EditGuard-V1/experiments/train_ibsn_bit_64/models/31500_G.pth

===== Checkpoint State Path: /workspace/EditGuard-V1/experiments/train_ibsn_bit_64/training_state/31500.state =====

========== Epoch: 60 ==========
25-07-14 15:31:38.469 - INFO: <epoch: 60, iter:  31,600, lr:1.250e-05> l_forw_fit: 1.1015e+01 l_msg: 7.9977e-03 
2025-07-14 15:31:38,469 - INFO - <epoch: 60, iter:  31,600, lr:1.250e-05> l_forw_fit: 1.1015e+01 l_msg: 7.9977e-03 
25-07-14 15:32:03.345 - INFO: <epoch: 60, iter:  31,700, lr:1.250e-05> l_forw_fit: 6.9843e+00 l_msg: 2.7737e-04 
2025-07-14 15:32:03,345 - INFO - <epoch: 60, iter:  31,700, lr:1.250e-05> l_forw_fit: 6.9843e+00 l_msg: 2.7737e-04 
25-07-14 15:32:28.606 - INFO: <epoch: 60, iter:  31,800, lr:1.250e-05> l_forw_fit: 5.8304e+00 l_msg: 8.0409e-03 
2025-07-14 15:32:28,606 - INFO - <epoch: 60, iter:  31,800, lr:1.250e-05> l_forw_fit: 5.8304e+00 l_msg: 8.0409e-03 
25-07-14 15:32:53.798 - INFO: <epoch: 60, iter:  31,900, lr:1.250e-05> l_forw_fit: 1.2429e+01 l_msg: 4.6421e-03 
2025-07-14 15:32:53,798 - INFO - <epoch: 60, iter:  31,900, lr:1.250e-05> l_forw_fit: 1.2429e+01 l_msg: 4.6421e-03 
25-07-14 15:33:17.636 - INFO: <epoch: 60, iter:  32,000, lr:1.250e-05> l_forw_fit: 1.4556e+01 l_msg: 5.5486e-04 
2025-07-14 15:33:17,636 - INFO - <epoch: 60, iter:  32,000, lr:1.250e-05> l_forw_fit: 1.4556e+01 l_msg: 5.5486e-04 
----- Start Validation with JPEG 70 for iteration 32000 -----
Embed time: 0.02 seconds
Extract time: 0.01 seconds
0.0
Embed time: 0.02 seconds
Extract time: 0.01 seconds
0.3
Embed time: 0.02 seconds
Extract time: 0.01 seconds
0.13333333333333333
Embed time: 0.02 seconds
Extract time: 0.01 seconds
0.0
Embed time: 0.02 seconds
Extract time: 0.01 seconds
0.06666666666666667
Embed time: 0.02 seconds
Extract time: 0.01 seconds
0.03333333333333333
Embed time: 0.02 seconds
Extract time: 0.01 seconds
0.1
Embed time: 0.02 seconds
Extract time: 0.01 seconds
0.03333333333333333
Embed time: 0.02 seconds
Extract time: 0.01 seconds
0.06666666666666667
Embed time: 0.02 seconds
Extract time: 0.01 seconds
0.06666666666666667
Embed time: 0.02 seconds
Extract time: 0.01 seconds
0.0
Embed time: 0.02 seconds
Extract time: 0.01 seconds
0.06666666666666667
Embed time: 0.02 seconds
Extract time: 0.01 seconds
0.03333333333333333
Embed time: 0.02 seconds
Extract time: 0.01 seconds
0.1
Embed time: 0.02 seconds
Extract time: 0.01 seconds
0.03333333333333333
Embed time: 0.02 seconds
Extract time: 0.01 seconds
0.03333333333333333
Embed time: 0.02 seconds
Extract time: 0.01 seconds
0.16666666666666666
Embed time: 0.02 seconds
Extract time: 0.01 seconds
0.03333333333333333
Embed time: 0.02 seconds
Extract time: 0.01 seconds
0.03333333333333333
Embed time: 0.02 seconds
Extract time: 0.01 seconds
0.06666666666666667
Embed time: 0.02 seconds
Extract time: 0.01 seconds
0.06666666666666667
Embed time: 0.02 seconds
Extract time: 0.01 seconds
0.06666666666666667
Embed time: 0.01 seconds
Extract time: 0.01 seconds
0.1
Embed time: 0.02 seconds
Extract time: 0.01 seconds
0.03333333333333333
Embed time: 0.02 seconds
Extract time: 0.01 seconds
0.2
Embed time: 0.02 seconds
Extract time: 0.01 seconds
0.1
Embed time: 0.02 seconds
Extract time: 0.01 seconds
0.03333333333333333
Embed time: 0.02 seconds
Extract time: 0.01 seconds
0.0
Embed time: 0.02 seconds
Extract time: 0.01 seconds
0.03333333333333333
Embed time: 0.02 seconds
Extract time: 0.01 seconds
0.06666666666666667
Embed time: 0.02 seconds
Extract time: 0.01 seconds
0.1
Embed time: 0.02 seconds
Extract time: 0.01 seconds
0.06666666666666667
Embed time: 0.02 seconds
Extract time: 0.02 seconds
0.03333333333333333
Embed time: 0.02 seconds
Extract time: 0.01 seconds
0.16666666666666666
Embed time: 0.02 seconds
Extract time: 0.01 seconds
0.1
Embed time: 0.02 seconds
Extract time: 0.01 seconds
0.03333333333333333
Embed time: 0.02 seconds
Extract time: 0.01 seconds
0.06666666666666667
Embed time: 0.02 seconds
Extract time: 0.01 seconds
0.03333333333333333
Embed time: 0.02 seconds
Extract time: 0.01 seconds
0.0
Embed time: 0.02 seconds
Extract time: 0.01 seconds
0.06666666666666667
Embed time: 0.02 seconds
Extract time: 0.01 seconds
0.06666666666666667
Embed time: 0.02 seconds
Extract time: 0.01 seconds
0.2
Embed time: 0.02 seconds
Extract time: 0.01 seconds
0.03333333333333333
Embed time: 0.02 seconds
Extract time: 0.01 seconds
0.03333333333333333
Embed time: 0.02 seconds
Extract time: 0.01 seconds
0.06666666666666667
Embed time: 0.02 seconds
Extract time: 0.01 seconds
0.03333333333333333
Embed time: 0.02 seconds
Extract time: 0.01 seconds
0.1
Embed time: 0.02 seconds
Extract time: 0.01 seconds
0.03333333333333333
Embed time: 0.02 seconds
Extract time: 0.01 seconds
0.0
Embed time: 0.02 seconds
Extract time: 0.01 seconds
0.13333333333333333
Embed time: 0.02 seconds
Extract time: 0.01 seconds
0.0
Embed time: 0.02 seconds
Extract time: 0.01 seconds
0.13333333333333333
Embed time: 0.02 seconds
Extract time: 0.01 seconds
0.0
Embed time: 0.02 seconds
Extract time: 0.01 seconds
0.03333333333333333
Embed time: 0.02 seconds
Extract time: 0.01 seconds
0.1
Embed time: 0.02 seconds
Extract time: 0.01 seconds
0.1
Embed time: 0.02 seconds
Extract time: 0.01 seconds
0.03333333333333333
Embed time: 0.02 seconds
Extract time: 0.01 seconds
0.1
Embed time: 0.02 seconds
Extract time: 0.01 seconds
0.06666666666666667
Embed time: 0.02 seconds
Extract time: 0.01 seconds
0.03333333333333333
Embed time: 0.02 seconds
Extract time: 0.01 seconds
0.0
Embed time: 0.02 seconds
Extract time: 0.01 seconds
0.03333333333333333
Embed time: 0.02 seconds
Extract time: 0.01 seconds
0.06666666666666667
Embed time: 0.02 seconds
Extract time: 0.01 seconds
0.13333333333333333
Embed time: 0.02 seconds
Extract time: 0.01 seconds
0.13333333333333333
Embed time: 0.02 seconds
Extract time: 0.01 seconds
0.03333333333333333
Embed time: 0.03 seconds
Extract time: 0.01 seconds
0.06666666666666667
Embed time: 0.02 seconds
Extract time: 0.02 seconds
0.1
Embed time: 0.02 seconds
Extract time: 0.02 seconds
0.06666666666666667
Embed time: 0.02 seconds
Extract time: 0.02 seconds
0.1
Embed time: 0.02 seconds
Extract time: 0.02 seconds
0.0
Embed time: 0.02 seconds
Extract time: 0.01 seconds
0.06666666666666667
Embed time: 0.02 seconds
Extract time: 0.01 seconds
0.1
Embed time: 0.02 seconds
Extract time: 0.01 seconds
0.03333333333333333
Embed time: 0.02 seconds
Extract time: 0.01 seconds
0.06666666666666667
Embed time: 0.02 seconds
Extract time: 0.01 seconds
0.03333333333333333
Embed time: 0.02 seconds
Extract time: 0.01 seconds
0.0
Embed time: 0.02 seconds
Extract time: 0.01 seconds
0.1
Embed time: 0.02 seconds
Extract time: 0.01 seconds
0.0
Embed time: 0.02 seconds
Extract time: 0.01 seconds
0.2
Embed time: 0.02 seconds
Extract time: 0.01 seconds
0.03333333333333333
Embed time: 0.02 seconds
Extract time: 0.01 seconds
0.03333333333333333
Embed time: 0.02 seconds
Extract time: 0.01 seconds
0.06666666666666667
Embed time: 0.02 seconds
Extract time: 0.01 seconds
0.13333333333333333
Embed time: 0.02 seconds
Extract time: 0.01 seconds
0.03333333333333333
Embed time: 0.02 seconds
Extract time: 0.01 seconds
0.2
Embed time: 0.02 seconds
Extract time: 0.01 seconds
0.13333333333333333
Embed time: 0.02 seconds
Extract time: 0.01 seconds
0.03333333333333333
Embed time: 0.02 seconds
Extract time: 0.01 seconds
0.03333333333333333
Embed time: 0.02 seconds
Extract time: 0.01 seconds
0.03333333333333333
Embed time: 0.02 seconds
Extract time: 0.01 seconds
0.16666666666666666
Embed time: 0.02 seconds
Extract time: 0.01 seconds
0.03333333333333333
Embed time: 0.02 seconds
Extract time: 0.01 seconds
0.03333333333333333
Embed time: 0.02 seconds
Extract time: 0.01 seconds
0.03333333333333333
Embed time: 0.02 seconds
Extract time: 0.01 seconds
0.06666666666666667
Embed time: 0.02 seconds
Extract time: 0.01 seconds
0.2
Embed time: 0.02 seconds
Extract time: 0.01 seconds
0.2
Embed time: 0.02 seconds
Extract time: 0.01 seconds
0.06666666666666667
Embed time: 0.02 seconds
Extract time: 0.01 seconds
0.1
Embed time: 0.02 seconds
Extract time: 0.01 seconds
0.06666666666666667
25-07-14 15:33:25.648 - INFO: # Validation JPEG for iteration 32000 # PSNR_Stego: 2.7553e+01, Bit_acc: 7.0667e-02
2025-07-14 15:33:25,648 - INFO - # Validation JPEG for iteration 32000 # PSNR_Stego: 2.7553e+01, Bit_acc: 7.0667e-02
25-07-14 15:33:25.648 - INFO: <epoch: 60, iter:  32,000> PSNR_Stego: 2.7553e+01, Bit_acc:  7.0667e-02
2025-07-14 15:33:25,648 - INFO - <epoch: 60, iter:  32,000> PSNR_Stego: 2.7553e+01, Bit_acc:  7.0667e-02
----- End Validation with JPEG 70 for iteration 32000 -----
----- Start Validation with Gaussian Noise 10 for iteration 32000 -----
Embed time: 0.03 seconds
Extract time: 0.01 seconds
0.0
Embed time: 0.02 seconds
Extract time: 0.01 seconds
0.0
Embed time: 0.02 seconds
Extract time: 0.01 seconds
0.1
Embed time: 0.02 seconds
Extract time: 0.01 seconds
0.0
Embed time: 0.02 seconds
Extract time: 0.01 seconds
0.0
Embed time: 0.02 seconds
Extract time: 0.01 seconds
0.0
Embed time: 0.02 seconds
Extract time: 0.01 seconds
0.03333333333333333
Embed time: 0.02 seconds
Extract time: 0.01 seconds
0.0
Embed time: 0.02 seconds
Extract time: 0.01 seconds
0.0
Embed time: 0.02 seconds
Extract time: 0.01 seconds
0.0
Embed time: 0.02 seconds
Extract time: 0.01 seconds
0.03333333333333333
Embed time: 0.02 seconds
Extract time: 0.01 seconds
0.0
Embed time: 0.02 seconds
Extract time: 0.01 seconds
0.0
Embed time: 0.02 seconds
Extract time: 0.01 seconds
0.0
Embed time: 0.02 seconds
Extract time: 0.01 seconds
0.0
Embed time: 0.02 seconds
Extract time: 0.01 seconds
0.0
Embed time: 0.02 seconds
Extract time: 0.01 seconds
0.0
Embed time: 0.02 seconds
Extract time: 0.01 seconds
0.03333333333333333
Embed time: 0.02 seconds
Extract time: 0.02 seconds
0.0
Embed time: 0.02 seconds
Extract time: 0.01 seconds
0.0
Embed time: 0.02 seconds
Extract time: 0.01 seconds
0.03333333333333333
Embed time: 0.02 seconds
Extract time: 0.01 seconds
0.03333333333333333
Embed time: 0.03 seconds
Extract time: 0.02 seconds
0.0
Embed time: 0.02 seconds
Extract time: 0.01 seconds
0.0
Embed time: 0.02 seconds
Extract time: 0.01 seconds
0.0
Embed time: 0.03 seconds
Extract time: 0.01 seconds
0.0
Embed time: 0.02 seconds
Extract time: 0.01 seconds
0.0
Embed time: 0.02 seconds
Extract time: 0.01 seconds
0.0
Embed time: 0.03 seconds
Extract time: 0.02 seconds
0.03333333333333333
Embed time: 0.02 seconds
Extract time: 0.01 seconds
0.0
Embed time: 0.02 seconds
Extract time: 0.01 seconds
0.0
Embed time: 0.02 seconds
Extract time: 0.01 seconds
0.03333333333333333
Embed time: 0.02 seconds
Extract time: 0.01 seconds
0.0
Embed time: 0.02 seconds
Extract time: 0.01 seconds
0.0
Embed time: 0.02 seconds
Extract time: 0.01 seconds
0.0
Embed time: 0.02 seconds
Extract time: 0.01 seconds
0.0
Embed time: 0.02 seconds
Extract time: 0.01 seconds
0.0
Embed time: 0.02 seconds
Extract time: 0.01 seconds
0.0
Embed time: 0.02 seconds
Extract time: 0.01 seconds
0.0
Embed time: 0.02 seconds
Extract time: 0.01 seconds
0.0
Embed time: 0.02 seconds
Extract time: 0.01 seconds
0.0
Embed time: 0.02 seconds
Extract time: 0.01 seconds
0.03333333333333333
Embed time: 0.02 seconds
Extract time: 0.01 seconds
0.0
Embed time: 0.02 seconds
Extract time: 0.01 seconds
0.03333333333333333
Embed time: 0.02 seconds
Extract time: 0.01 seconds
0.0
Embed time: 0.02 seconds
Extract time: 0.01 seconds
0.0
Embed time: 0.02 seconds
Extract time: 0.01 seconds
0.0
Embed time: 0.02 seconds
Extract time: 0.01 seconds
0.0
Embed time: 0.03 seconds
Extract time: 0.02 seconds
0.0
Embed time: 0.02 seconds
Extract time: 0.01 seconds
0.06666666666666667
Embed time: 0.02 seconds
Extract time: 0.01 seconds
0.03333333333333333
Embed time: 0.02 seconds
Extract time: 0.01 seconds
0.0
Embed time: 0.02 seconds
Extract time: 0.01 seconds
0.0
Embed time: 0.02 seconds
Extract time: 0.01 seconds
0.0
Embed time: 0.02 seconds
Extract time: 0.01 seconds
0.03333333333333333
Embed time: 0.01 seconds
Extract time: 0.01 seconds
0.0
Embed time: 0.02 seconds
Extract time: 0.01 seconds
0.0
Embed time: 0.02 seconds
Extract time: 0.01 seconds
0.1
Embed time: 0.02 seconds
Extract time: 0.01 seconds
0.0
Embed time: 0.02 seconds
Extract time: 0.01 seconds
0.0
Embed time: 0.02 seconds
Extract time: 0.01 seconds
0.03333333333333333
Embed time: 0.03 seconds
Extract time: 0.01 seconds
0.0
Embed time: 0.02 seconds
Extract time: 0.01 seconds
0.0
Embed time: 0.02 seconds
Extract time: 0.01 seconds
0.03333333333333333
Embed time: 0.02 seconds
Extract time: 0.01 seconds
0.0
Embed time: 0.03 seconds
Extract time: 0.01 seconds
0.0
Embed time: 0.02 seconds
Extract time: 0.01 seconds
0.0
Embed time: 0.02 seconds
Extract time: 0.01 seconds
0.0
Embed time: 0.02 seconds
Extract time: 0.01 seconds
0.0
Embed time: 0.02 seconds
Extract time: 0.01 seconds
0.0
Embed time: 0.02 seconds
Extract time: 0.01 seconds
0.0
Embed time: 0.03 seconds
Extract time: 0.01 seconds
0.0
Embed time: 0.02 seconds
Extract time: 0.01 seconds
0.0
Embed time: 0.02 seconds
Extract time: 0.01 seconds
0.0
Embed time: 0.02 seconds
Extract time: 0.01 seconds
0.0
Embed time: 0.02 seconds
Extract time: 0.02 seconds
0.03333333333333333
Embed time: 0.02 seconds
Extract time: 0.01 seconds
0.0
Embed time: 0.03 seconds
Extract time: 0.01 seconds
0.0
Embed time: 0.02 seconds
Extract time: 0.01 seconds
0.0
Embed time: 0.03 seconds
Extract time: 0.01 seconds
0.0
Embed time: 0.02 seconds
Extract time: 0.01 seconds
0.0
Embed time: 0.03 seconds
Extract time: 0.01 seconds
0.0
Embed time: 0.02 seconds
Extract time: 0.01 seconds
0.0
Embed time: 0.02 seconds
Extract time: 0.01 seconds
0.0
Embed time: 0.02 seconds
Extract time: 0.01 seconds
0.0
Embed time: 0.02 seconds
Extract time: 0.01 seconds
0.03333333333333333
Embed time: 0.02 seconds
Extract time: 0.01 seconds
0.0
Embed time: 0.03 seconds
Extract time: 0.01 seconds
0.03333333333333333
Embed time: 0.02 seconds
Extract time: 0.01 seconds
0.0
Embed time: 0.02 seconds
Extract time: 0.01 seconds
0.0
Embed time: 0.02 seconds
Extract time: 0.01 seconds
0.0
Embed time: 0.02 seconds
Extract time: 0.02 seconds
0.03333333333333333
Embed time: 0.01 seconds
Extract time: 0.01 seconds
0.0
Embed time: 0.02 seconds
Extract time: 0.01 seconds
0.0
Embed time: 0.02 seconds
Extract time: 0.01 seconds
0.03333333333333333
Embed time: 0.02 seconds
Extract time: 0.02 seconds
0.0
Embed time: 0.01 seconds
Extract time: 0.01 seconds
0.0
Embed time: 0.02 seconds
Extract time: 0.02 seconds
0.0
Embed time: 0.01 seconds
Extract time: 0.01 seconds
0.0
Embed time: 0.01 seconds
Extract time: 0.01 seconds
0.0
25-07-14 15:33:30.891 - INFO: # Validation Gaussian Noise for iteration 32000 # PSNR_Stego: 1.4048e+01, Bit_acc: 4.6867e-03
2025-07-14 15:33:30,891 - INFO - # Validation Gaussian Noise for iteration 32000 # PSNR_Stego: 1.4048e+01, Bit_acc: 4.6867e-03
25-07-14 15:33:30.892 - INFO: <epoch: 60, iter:  32,000> PSNR_Stego: 1.4048e+01, Bit_acc:  4.6867e-03
2025-07-14 15:33:30,892 - INFO - <epoch: 60, iter:  32,000> PSNR_Stego: 1.4048e+01, Bit_acc:  4.6867e-03
----- End Validation with Gaussian Noise 10 for iteration 32000 -----
25-07-14 15:33:30.893 - INFO: Saving models and training states.
2025-07-14 15:33:30,893 - INFO - Saving models and training states.
Checkpoint save path: /workspace/EditGuard-V1/experiments/train_ibsn_bit_64/models/32000_G.pth

===== Checkpoint State Path: /workspace/EditGuard-V1/experiments/train_ibsn_bit_64/training_state/32000.state =====

========== Epoch: 61 ==========
25-07-14 15:34:13.731 - INFO: <epoch: 61, iter:  32,100, lr:1.250e-05> l_forw_fit: 6.3298e+00 l_msg: 1.2196e-02 
2025-07-14 15:34:13,731 - INFO - <epoch: 61, iter:  32,100, lr:1.250e-05> l_forw_fit: 6.3298e+00 l_msg: 1.2196e-02 
25-07-14 15:34:38.910 - INFO: <epoch: 61, iter:  32,200, lr:1.250e-05> l_forw_fit: 6.2118e+00 l_msg: 2.0731e-04 
2025-07-14 15:34:38,910 - INFO - <epoch: 61, iter:  32,200, lr:1.250e-05> l_forw_fit: 6.2118e+00 l_msg: 2.0731e-04 
25-07-14 15:35:04.288 - INFO: <epoch: 61, iter:  32,300, lr:1.250e-05> l_forw_fit: 1.1316e+01 l_msg: 1.3883e-02 
2025-07-14 15:35:04,288 - INFO - <epoch: 61, iter:  32,300, lr:1.250e-05> l_forw_fit: 1.1316e+01 l_msg: 1.3883e-02 
25-07-14 15:35:29.528 - INFO: <epoch: 61, iter:  32,400, lr:1.250e-05> l_forw_fit: 6.4948e+00 l_msg: 6.9907e-03 
2025-07-14 15:35:29,528 - INFO - <epoch: 61, iter:  32,400, lr:1.250e-05> l_forw_fit: 6.4948e+00 l_msg: 6.9907e-03 
25-07-14 15:35:53.550 - INFO: <epoch: 61, iter:  32,500, lr:1.250e-05> l_forw_fit: 7.6314e+00 l_msg: 6.4193e-04 
2025-07-14 15:35:53,550 - INFO - <epoch: 61, iter:  32,500, lr:1.250e-05> l_forw_fit: 7.6314e+00 l_msg: 6.4193e-04 
----- Start Validation with JPEG 70 for iteration 32500 -----
Embed time: 0.03 seconds
Extract time: 0.03 seconds
0.03333333333333333
Embed time: 0.02 seconds
Extract time: 0.02 seconds
0.13333333333333333
Embed time: 0.02 seconds
Extract time: 0.02 seconds
0.13333333333333333
Embed time: 0.02 seconds
Extract time: 0.01 seconds
0.03333333333333333
Embed time: 0.02 seconds
Extract time: 0.01 seconds
0.03333333333333333
Embed time: 0.02 seconds
Extract time: 0.01 seconds
0.0
Embed time: 0.02 seconds
Extract time: 0.01 seconds
0.06666666666666667
Embed time: 0.01 seconds
Extract time: 0.01 seconds
0.0
Embed time: 0.02 seconds
Extract time: 0.01 seconds
0.03333333333333333
Embed time: 0.02 seconds
Extract time: 0.01 seconds
0.06666666666666667
Embed time: 0.02 seconds
Extract time: 0.01 seconds
0.0
Embed time: 0.02 seconds
Extract time: 0.01 seconds
0.03333333333333333
Embed time: 0.02 seconds
Extract time: 0.01 seconds
0.06666666666666667
Embed time: 0.02 seconds
Extract time: 0.01 seconds
0.03333333333333333
Embed time: 0.02 seconds
Extract time: 0.01 seconds
0.0
Embed time: 0.02 seconds
Extract time: 0.01 seconds
0.03333333333333333
Embed time: 0.02 seconds
Extract time: 0.01 seconds
0.0
Embed time: 0.02 seconds
Extract time: 0.02 seconds
0.0
Embed time: 0.02 seconds
Extract time: 0.01 seconds
0.03333333333333333
Embed time: 0.02 seconds
Extract time: 0.02 seconds
0.0
Embed time: 0.02 seconds
Extract time: 0.01 seconds
0.06666666666666667
Embed time: 0.02 seconds
Extract time: 0.01 seconds
0.03333333333333333
Embed time: 0.02 seconds
Extract time: 0.01 seconds
0.1
Embed time: 0.02 seconds
Extract time: 0.01 seconds
0.0
Embed time: 0.02 seconds
Extract time: 0.01 seconds
0.13333333333333333
Embed time: 0.02 seconds
Extract time: 0.01 seconds
0.0
Embed time: 0.02 seconds
Extract time: 0.01 seconds
0.03333333333333333
Embed time: 0.02 seconds
Extract time: 0.01 seconds
0.03333333333333333
Embed time: 0.02 seconds
Extract time: 0.01 seconds
0.03333333333333333
Embed time: 0.02 seconds
Extract time: 0.01 seconds
0.0
Embed time: 0.02 seconds
Extract time: 0.01 seconds
0.1
Embed time: 0.02 seconds
Extract time: 0.01 seconds
0.03333333333333333
Embed time: 0.01 seconds
Extract time: 0.01 seconds
0.03333333333333333
Embed time: 0.02 seconds
Extract time: 0.01 seconds
0.23333333333333334
Embed time: 0.01 seconds
Extract time: 0.01 seconds
0.1
Embed time: 0.02 seconds
Extract time: 0.01 seconds
0.03333333333333333
Embed time: 0.02 seconds
Extract time: 0.01 seconds
0.06666666666666667
Embed time: 0.02 seconds
Extract time: 0.01 seconds
0.0
Embed time: 0.02 seconds
Extract time: 0.01 seconds
0.06666666666666667
Embed time: 0.02 seconds
Extract time: 0.01 seconds
0.06666666666666667
Embed time: 0.02 seconds
Extract time: 0.01 seconds
0.0
Embed time: 0.02 seconds
Extract time: 0.01 seconds
0.06666666666666667
Embed time: 0.02 seconds
Extract time: 0.01 seconds
0.03333333333333333
Embed time: 0.02 seconds
Extract time: 0.01 seconds
0.16666666666666666
Embed time: 0.02 seconds
Extract time: 0.01 seconds
0.1
Embed time: 0.03 seconds
Extract time: 0.01 seconds
0.16666666666666666
Embed time: 0.02 seconds
Extract time: 0.01 seconds
0.0
Embed time: 0.02 seconds
Extract time: 0.01 seconds
0.06666666666666667
Embed time: 0.02 seconds
Extract time: 0.01 seconds
0.03333333333333333
Embed time: 0.02 seconds
Extract time: 0.01 seconds
0.13333333333333333
Embed time: 0.02 seconds
Extract time: 0.01 seconds
0.06666666666666667
Embed time: 0.02 seconds
Extract time: 0.01 seconds
0.03333333333333333
Embed time: 0.02 seconds
Extract time: 0.01 seconds
0.03333333333333333
Embed time: 0.02 seconds
Extract time: 0.01 seconds
0.0
Embed time: 0.02 seconds
Extract time: 0.01 seconds
0.03333333333333333
Embed time: 0.02 seconds
Extract time: 0.01 seconds
0.06666666666666667
Embed time: 0.02 seconds
Extract time: 0.01 seconds
0.06666666666666667
Embed time: 0.02 seconds
Extract time: 0.01 seconds
0.06666666666666667
Embed time: 0.02 seconds
Extract time: 0.01 seconds
0.0
Embed time: 0.02 seconds
Extract time: 0.01 seconds
0.06666666666666667
Embed time: 0.01 seconds
Extract time: 0.01 seconds
0.0
Embed time: 0.02 seconds
Extract time: 0.01 seconds
0.03333333333333333
Embed time: 0.01 seconds
Extract time: 0.01 seconds
0.06666666666666667
Embed time: 0.02 seconds
Extract time: 0.01 seconds
0.06666666666666667
Embed time: 0.02 seconds
Extract time: 0.01 seconds
0.03333333333333333
Embed time: 0.02 seconds
Extract time: 0.01 seconds
0.13333333333333333
Embed time: 0.02 seconds
Extract time: 0.01 seconds
0.0
Embed time: 0.02 seconds
Extract time: 0.01 seconds
0.0
Embed time: 0.02 seconds
Extract time: 0.01 seconds
0.0
Embed time: 0.02 seconds
Extract time: 0.01 seconds
0.0
Embed time: 0.02 seconds
Extract time: 0.01 seconds
0.0
Embed time: 0.02 seconds
Extract time: 0.01 seconds
0.13333333333333333
Embed time: 0.02 seconds
Extract time: 0.01 seconds
0.1
Embed time: 0.02 seconds
Extract time: 0.01 seconds
0.0
Embed time: 0.02 seconds
Extract time: 0.01 seconds
0.03333333333333333
Embed time: 0.01 seconds
Extract time: 0.01 seconds
0.13333333333333333
Embed time: 0.02 seconds
Extract time: 0.01 seconds
0.0
Embed time: 0.02 seconds
Extract time: 0.01 seconds
0.03333333333333333
Embed time: 0.02 seconds
Extract time: 0.01 seconds
0.06666666666666667
Embed time: 0.01 seconds
Extract time: 0.01 seconds
0.1
Embed time: 0.02 seconds
Extract time: 0.01 seconds
0.03333333333333333
Embed time: 0.02 seconds
Extract time: 0.01 seconds
0.03333333333333333
Embed time: 0.02 seconds
Extract time: 0.01 seconds
0.1
Embed time: 0.01 seconds
Extract time: 0.01 seconds
0.1
Embed time: 0.02 seconds
Extract time: 0.01 seconds
0.13333333333333333
Embed time: 0.02 seconds
Extract time: 0.01 seconds
0.03333333333333333
Embed time: 0.02 seconds
Extract time: 0.01 seconds
0.03333333333333333
Embed time: 0.02 seconds
Extract time: 0.01 seconds
0.03333333333333333
Embed time: 0.02 seconds
Extract time: 0.01 seconds
0.03333333333333333
Embed time: 0.01 seconds
Extract time: 0.01 seconds
0.0
Embed time: 0.02 seconds
Extract time: 0.01 seconds
0.03333333333333333
Embed time: 0.02 seconds
Extract time: 0.01 seconds
0.06666666666666667
Embed time: 0.02 seconds
Extract time: 0.01 seconds
0.03333333333333333
Embed time: 0.02 seconds
Extract time: 0.01 seconds
0.03333333333333333
Embed time: 0.02 seconds
Extract time: 0.01 seconds
0.16666666666666666
Embed time: 0.02 seconds
Extract time: 0.01 seconds
0.13333333333333333
Embed time: 0.02 seconds
Extract time: 0.01 seconds
0.13333333333333333
Embed time: 0.02 seconds
Extract time: 0.01 seconds
0.0
Embed time: 0.01 seconds
Extract time: 0.01 seconds
0.0
Embed time: 0.01 seconds
Extract time: 0.01 seconds
0.03333333333333333
25-07-14 15:36:01.088 - INFO: # Validation JPEG for iteration 32500 # PSNR_Stego: 2.7396e+01, Bit_acc: 5.2000e-02
2025-07-14 15:36:01,088 - INFO - # Validation JPEG for iteration 32500 # PSNR_Stego: 2.7396e+01, Bit_acc: 5.2000e-02
25-07-14 15:36:01.088 - INFO: <epoch: 61, iter:  32,500> PSNR_Stego: 2.7396e+01, Bit_acc:  5.2000e-02
2025-07-14 15:36:01,088 - INFO - <epoch: 61, iter:  32,500> PSNR_Stego: 2.7396e+01, Bit_acc:  5.2000e-02
----- End Validation with JPEG 70 for iteration 32500 -----
----- Start Validation with Gaussian Noise 10 for iteration 32500 -----
Embed time: 0.03 seconds
Extract time: 0.01 seconds
0.03333333333333333
Embed time: 0.02 seconds
Extract time: 0.01 seconds
0.0
Embed time: 0.03 seconds
Extract time: 0.02 seconds
0.06666666666666667
Embed time: 0.02 seconds
Extract time: 0.01 seconds
0.0
Embed time: 0.02 seconds
Extract time: 0.01 seconds
0.0
Embed time: 0.02 seconds
Extract time: 0.01 seconds
0.0
Embed time: 0.02 seconds
Extract time: 0.01 seconds
0.0
Embed time: 0.02 seconds
Extract time: 0.01 seconds
0.0
Embed time: 0.02 seconds
Extract time: 0.01 seconds
0.03333333333333333
Embed time: 0.02 seconds
Extract time: 0.01 seconds
0.03333333333333333
Embed time: 0.02 seconds
Extract time: 0.01 seconds
0.0
Embed time: 0.02 seconds
Extract time: 0.01 seconds
0.0
Embed time: 0.02 seconds
Extract time: 0.01 seconds
0.0
Embed time: 0.02 seconds
Extract time: 0.01 seconds
0.0
Embed time: 0.02 seconds
Extract time: 0.01 seconds
0.0
Embed time: 0.01 seconds
Extract time: 0.02 seconds
0.0
Embed time: 0.01 seconds
Extract time: 0.01 seconds
0.0
Embed time: 0.02 seconds
Extract time: 0.01 seconds
0.0
Embed time: 0.02 seconds
Extract time: 0.01 seconds
0.0
Embed time: 0.01 seconds
Extract time: 0.01 seconds
0.0
Embed time: 0.02 seconds
Extract time: 0.01 seconds
0.03333333333333333
Embed time: 0.01 seconds
Extract time: 0.01 seconds
0.0
Embed time: 0.02 seconds
Extract time: 0.01 seconds
0.0
Embed time: 0.02 seconds
Extract time: 0.01 seconds
0.0
Embed time: 0.03 seconds
Extract time: 0.01 seconds
0.0
Embed time: 0.02 seconds
Extract time: 0.01 seconds
0.0
Embed time: 0.02 seconds
Extract time: 0.01 seconds
0.0
Embed time: 0.02 seconds
Extract time: 0.01 seconds
0.0
Embed time: 0.02 seconds
Extract time: 0.01 seconds
0.0
Embed time: 0.05 seconds
Extract time: 0.01 seconds
0.0
Embed time: 0.02 seconds
Extract time: 0.01 seconds
0.0
Embed time: 0.02 seconds
Extract time: 0.01 seconds
0.0
Embed time: 0.02 seconds
Extract time: 0.01 seconds
0.0
Embed time: 0.02 seconds
Extract time: 0.01 seconds
0.0
Embed time: 0.02 seconds
Extract time: 0.01 seconds
0.0
Embed time: 0.02 seconds
Extract time: 0.01 seconds
0.0
Embed time: 0.02 seconds
Extract time: 0.01 seconds
0.0
Embed time: 0.02 seconds
Extract time: 0.01 seconds
0.0
Embed time: 0.02 seconds
Extract time: 0.01 seconds
0.0
Embed time: 0.02 seconds
Extract time: 0.01 seconds
0.0
Embed time: 0.02 seconds
Extract time: 0.01 seconds
0.0
Embed time: 0.02 seconds
Extract time: 0.01 seconds
0.0
Embed time: 0.01 seconds
Extract time: 0.01 seconds
0.0
Embed time: 0.02 seconds
Extract time: 0.01 seconds
0.0
Embed time: 0.01 seconds
Extract time: 0.01 seconds
0.0
Embed time: 0.02 seconds
Extract time: 0.01 seconds
0.06666666666666667
Embed time: 0.01 seconds
Extract time: 0.01 seconds
0.0
Embed time: 0.03 seconds
Extract time: 0.01 seconds
0.0
Embed time: 0.01 seconds
Extract time: 0.01 seconds
0.0
Embed time: 0.01 seconds
Extract time: 0.01 seconds
0.03333333333333333
Embed time: 0.02 seconds
Extract time: 0.01 seconds
0.0
Embed time: 0.01 seconds
Extract time: 0.01 seconds
0.0
Embed time: 0.01 seconds
Extract time: 0.01 seconds
0.0
Embed time: 0.01 seconds
Extract time: 0.01 seconds
0.0
Embed time: 0.01 seconds
Extract time: 0.01 seconds
0.03333333333333333
Embed time: 0.02 seconds
Extract time: 0.02 seconds
0.0
Embed time: 0.01 seconds
Extract time: 0.01 seconds
0.0
Embed time: 0.01 seconds
Extract time: 0.02 seconds
0.03333333333333333
Embed time: 0.01 seconds
Extract time: 0.01 seconds
0.0
Embed time: 0.01 seconds
Extract time: 0.01 seconds
0.03333333333333333
Embed time: 0.01 seconds
Extract time: 0.01 seconds
0.0
Embed time: 0.01 seconds
Extract time: 0.01 seconds
0.0
Embed time: 0.02 seconds
Extract time: 0.01 seconds
0.0
Embed time: 0.02 seconds
Extract time: 0.01 seconds
0.0
Embed time: 0.02 seconds
Extract time: 0.01 seconds
0.0
Embed time: 0.02 seconds
Extract time: 0.01 seconds
0.0
Embed time: 0.04 seconds
Extract time: 0.01 seconds
0.0
Embed time: 0.02 seconds
Extract time: 0.01 seconds
0.0
Embed time: 0.02 seconds
Extract time: 0.01 seconds
0.0
Embed time: 0.01 seconds
Extract time: 0.01 seconds
0.0
Embed time: 0.02 seconds
Extract time: 0.02 seconds
0.0
Embed time: 0.01 seconds
Extract time: 0.01 seconds
0.0
Embed time: 0.03 seconds
Extract time: 0.01 seconds
0.03333333333333333
Embed time: 0.01 seconds
Extract time: 0.01 seconds
0.0
Embed time: 0.03 seconds
Extract time: 0.01 seconds
0.0
Embed time: 0.01 seconds
Extract time: 0.01 seconds
0.0
Embed time: 0.03 seconds
Extract time: 0.01 seconds
0.0
Embed time: 0.02 seconds
Extract time: 0.01 seconds
0.0
Embed time: 0.02 seconds
Extract time: 0.01 seconds
0.0
Embed time: 0.02 seconds
Extract time: 0.01 seconds
0.0
Embed time: 0.02 seconds
Extract time: 0.01 seconds
0.0
Embed time: 0.02 seconds
Extract time: 0.01 seconds
0.0
Embed time: 0.03 seconds
Extract time: 0.01 seconds
0.0
Embed time: 0.01 seconds
Extract time: 0.01 seconds
0.0
Embed time: 0.02 seconds
Extract time: 0.01 seconds
0.0
Embed time: 0.02 seconds
Extract time: 0.01 seconds
0.0
Embed time: 0.02 seconds
Extract time: 0.01 seconds
0.0
Embed time: 0.02 seconds
Extract time: 0.01 seconds
0.0
Embed time: 0.03 seconds
Extract time: 0.01 seconds
0.0
Embed time: 0.02 seconds
Extract time: 0.01 seconds
0.0
Embed time: 0.02 seconds
Extract time: 0.01 seconds
0.0
Embed time: 0.01 seconds
Extract time: 0.01 seconds
0.0
Embed time: 0.02 seconds
Extract time: 0.02 seconds
0.0
Embed time: 0.02 seconds
Extract time: 0.01 seconds
0.0
Embed time: 0.02 seconds
Extract time: 0.02 seconds
0.0
Embed time: 0.02 seconds
Extract time: 0.01 seconds
0.0
Embed time: 0.02 seconds
Extract time: 0.01 seconds
0.0
Embed time: 0.02 seconds
Extract time: 0.01 seconds
0.0
Embed time: 0.01 seconds
Extract time: 0.01 seconds
0.0
Embed time: 0.01 seconds
Extract time: 0.01 seconds
0.0
25-07-14 15:36:06.234 - INFO: # Validation Gaussian Noise for iteration 32500 # PSNR_Stego: 1.3970e+01, Bit_acc: 2.4267e-03
2025-07-14 15:36:06,234 - INFO - # Validation Gaussian Noise for iteration 32500 # PSNR_Stego: 1.3970e+01, Bit_acc: 2.4267e-03
25-07-14 15:36:06.235 - INFO: <epoch: 61, iter:  32,500> PSNR_Stego: 1.3970e+01, Bit_acc:  2.4267e-03
2025-07-14 15:36:06,235 - INFO - <epoch: 61, iter:  32,500> PSNR_Stego: 1.3970e+01, Bit_acc:  2.4267e-03
----- End Validation with Gaussian Noise 10 for iteration 32500 -----
25-07-14 15:36:06.236 - INFO: Saving models and training states.
2025-07-14 15:36:06,236 - INFO - Saving models and training states.
Checkpoint save path: /workspace/EditGuard-V1/experiments/train_ibsn_bit_64/models/32500_G.pth

===== Checkpoint State Path: /workspace/EditGuard-V1/experiments/train_ibsn_bit_64/training_state/32500.state =====

========== Epoch: 62 ==========
25-07-14 15:36:50.294 - INFO: <epoch: 62, iter:  32,600, lr:1.250e-05> l_forw_fit: 6.5609e+00 l_msg: 6.8444e-04 
2025-07-14 15:36:50,294 - INFO - <epoch: 62, iter:  32,600, lr:1.250e-05> l_forw_fit: 6.5609e+00 l_msg: 6.8444e-04 
25-07-14 15:37:15.525 - INFO: <epoch: 62, iter:  32,700, lr:1.250e-05> l_forw_fit: 5.3972e+00 l_msg: 8.4061e-04 
2025-07-14 15:37:15,525 - INFO - <epoch: 62, iter:  32,700, lr:1.250e-05> l_forw_fit: 5.3972e+00 l_msg: 8.4061e-04 
25-07-14 15:37:40.736 - INFO: <epoch: 62, iter:  32,800, lr:1.250e-05> l_forw_fit: 8.4650e+00 l_msg: 1.8450e-03 
2025-07-14 15:37:40,736 - INFO - <epoch: 62, iter:  32,800, lr:1.250e-05> l_forw_fit: 8.4650e+00 l_msg: 1.8450e-03 
25-07-14 15:38:05.836 - INFO: <epoch: 62, iter:  32,900, lr:1.250e-05> l_forw_fit: 7.8560e+00 l_msg: 2.7400e-04 
2025-07-14 15:38:05,836 - INFO - <epoch: 62, iter:  32,900, lr:1.250e-05> l_forw_fit: 7.8560e+00 l_msg: 2.7400e-04 
25-07-14 15:38:30.017 - INFO: <epoch: 62, iter:  33,000, lr:1.250e-05> l_forw_fit: 7.1192e+00 l_msg: 3.5052e-03 
2025-07-14 15:38:30,017 - INFO - <epoch: 62, iter:  33,000, lr:1.250e-05> l_forw_fit: 7.1192e+00 l_msg: 3.5052e-03 
----- Start Validation with JPEG 70 for iteration 33000 -----
Embed time: 0.03 seconds
Extract time: 0.01 seconds
0.06666666666666667
Embed time: 0.02 seconds
Extract time: 0.01 seconds
0.2
Embed time: 0.02 seconds
Extract time: 0.01 seconds
0.2
Embed time: 0.02 seconds
Extract time: 0.01 seconds
0.03333333333333333
Embed time: 0.09 seconds
Extract time: 0.02 seconds
0.1
Embed time: 0.02 seconds
Extract time: 0.02 seconds
0.1
Embed time: 0.02 seconds
Extract time: 0.02 seconds
0.13333333333333333
Embed time: 0.03 seconds
Extract time: 0.02 seconds
0.03333333333333333
Embed time: 0.02 seconds
Extract time: 0.01 seconds
0.13333333333333333
Embed time: 0.02 seconds
Extract time: 0.02 seconds
0.03333333333333333
Embed time: 0.02 seconds
Extract time: 0.01 seconds
0.0
Embed time: 0.02 seconds
Extract time: 0.02 seconds
0.03333333333333333
Embed time: 0.02 seconds
Extract time: 0.01 seconds
0.06666666666666667
Embed time: 0.02 seconds
Extract time: 0.01 seconds
0.06666666666666667
Embed time: 0.02 seconds
Extract time: 0.01 seconds
0.06666666666666667
Embed time: 0.02 seconds
Extract time: 0.01 seconds
0.06666666666666667
Embed time: 0.02 seconds
Extract time: 0.01 seconds
0.13333333333333333
Embed time: 0.02 seconds
Extract time: 0.01 seconds
0.06666666666666667
Embed time: 0.02 seconds
Extract time: 0.01 seconds
0.03333333333333333
Embed time: 0.02 seconds
Extract time: 0.01 seconds
0.0
Embed time: 0.02 seconds
Extract time: 0.01 seconds
0.03333333333333333
Embed time: 0.02 seconds
Extract time: 0.01 seconds
0.1
Embed time: 0.02 seconds
Extract time: 0.01 seconds
0.1
Embed time: 0.02 seconds
Extract time: 0.01 seconds
0.0
Embed time: 0.02 seconds
Extract time: 0.01 seconds
0.2
Embed time: 0.08 seconds
Extract time: 0.01 seconds
0.26666666666666666
Embed time: 0.02 seconds
Extract time: 0.01 seconds
0.16666666666666666
Embed time: 0.02 seconds
Extract time: 0.01 seconds
0.16666666666666666
Embed time: 0.01 seconds
Extract time: 0.01 seconds
0.1
Embed time: 0.02 seconds
Extract time: 0.01 seconds
0.13333333333333333
Embed time: 0.01 seconds
Extract time: 0.01 seconds
0.1
Embed time: 0.02 seconds
Extract time: 0.01 seconds
0.03333333333333333
Embed time: 0.02 seconds
Extract time: 0.01 seconds
0.1
Embed time: 0.02 seconds
Extract time: 0.01 seconds
0.1
Embed time: 0.02 seconds
Extract time: 0.01 seconds
0.13333333333333333
Embed time: 0.01 seconds
Extract time: 0.01 seconds
0.0
Embed time: 0.01 seconds
Extract time: 0.01 seconds
0.2
Embed time: 0.02 seconds
Extract time: 0.01 seconds
0.1
Embed time: 0.01 seconds
Extract time: 0.01 seconds
0.06666666666666667
Embed time: 0.01 seconds
Extract time: 0.01 seconds
0.36666666666666664
Embed time: 0.01 seconds
Extract time: 0.01 seconds
0.03333333333333333
Embed time: 0.01 seconds
Extract time: 0.01 seconds
0.13333333333333333
Embed time: 0.02 seconds
Extract time: 0.01 seconds
0.0
Embed time: 0.01 seconds
Extract time: 0.01 seconds
0.13333333333333333
Embed time: 0.02 seconds
Extract time: 0.01 seconds
0.16666666666666666
Embed time: 0.01 seconds
Extract time: 0.01 seconds
0.16666666666666666
Embed time: 0.02 seconds
Extract time: 0.01 seconds
0.13333333333333333
Embed time: 0.01 seconds
Extract time: 0.01 seconds
0.16666666666666666
Embed time: 0.01 seconds
Extract time: 0.01 seconds
0.06666666666666667
Embed time: 0.01 seconds
Extract time: 0.01 seconds
0.16666666666666666
Embed time: 0.01 seconds
Extract time: 0.01 seconds
0.13333333333333333
Embed time: 0.01 seconds
Extract time: 0.01 seconds
0.06666666666666667
Embed time: 0.02 seconds
Extract time: 0.01 seconds
0.06666666666666667
Embed time: 0.01 seconds
Extract time: 0.01 seconds
0.06666666666666667
Embed time: 0.02 seconds
Extract time: 0.01 seconds
0.13333333333333333
Embed time: 0.02 seconds
Extract time: 0.01 seconds
0.23333333333333334
Embed time: 0.02 seconds
Extract time: 0.01 seconds
0.13333333333333333
Embed time: 0.02 seconds
Extract time: 0.01 seconds
0.06666666666666667
Embed time: 0.02 seconds
Extract time: 0.01 seconds
0.06666666666666667
Embed time: 0.02 seconds
Extract time: 0.01 seconds
0.03333333333333333
Embed time: 0.02 seconds
Extract time: 0.01 seconds
0.03333333333333333
Embed time: 0.02 seconds
Extract time: 0.01 seconds
0.13333333333333333
Embed time: 0.02 seconds
Extract time: 0.01 seconds
0.06666666666666667
Embed time: 0.02 seconds
Extract time: 0.01 seconds
0.16666666666666666
Embed time: 0.02 seconds
Extract time: 0.01 seconds
0.16666666666666666
Embed time: 0.02 seconds
Extract time: 0.01 seconds
0.26666666666666666
Embed time: 0.02 seconds
Extract time: 0.01 seconds
0.1
Embed time: 0.02 seconds
Extract time: 0.01 seconds
0.06666666666666667
Embed time: 0.02 seconds
Extract time: 0.01 seconds
0.0
Embed time: 0.02 seconds
Extract time: 0.01 seconds
0.13333333333333333
Embed time: 0.02 seconds
Extract time: 0.01 seconds
0.03333333333333333
Embed time: 0.02 seconds
Extract time: 0.01 seconds
0.06666666666666667
Embed time: 0.02 seconds
Extract time: 0.01 seconds
0.23333333333333334
Embed time: 0.02 seconds
Extract time: 0.01 seconds
0.0
Embed time: 0.02 seconds
Extract time: 0.01 seconds
0.1
Embed time: 0.02 seconds
Extract time: 0.01 seconds
0.13333333333333333
Embed time: 0.01 seconds
Extract time: 0.01 seconds
0.0
Embed time: 0.02 seconds
Extract time: 0.01 seconds
0.1
Embed time: 0.01 seconds
Extract time: 0.01 seconds
0.0
Embed time: 0.02 seconds
Extract time: 0.01 seconds
0.16666666666666666
Embed time: 0.01 seconds
Extract time: 0.01 seconds
0.1
Embed time: 0.01 seconds
Extract time: 0.01 seconds
0.0
Embed time: 0.01 seconds
Extract time: 0.01 seconds
0.0
Embed time: 0.02 seconds
Extract time: 0.01 seconds
0.16666666666666666
Embed time: 0.02 seconds
Extract time: 0.01 seconds
0.06666666666666667
Embed time: 0.01 seconds
Extract time: 0.01 seconds
0.1
Embed time: 0.02 seconds
Extract time: 0.02 seconds
0.06666666666666667
Embed time: 0.02 seconds
Extract time: 0.01 seconds
0.03333333333333333
Embed time: 0.02 seconds
Extract time: 0.01 seconds
0.13333333333333333
Embed time: 0.01 seconds
Extract time: 0.02 seconds
0.03333333333333333
Embed time: 0.02 seconds
Extract time: 0.02 seconds
0.26666666666666666
Embed time: 0.02 seconds
Extract time: 0.01 seconds
0.1
Embed time: 0.02 seconds
Extract time: 0.02 seconds
0.06666666666666667
Embed time: 0.02 seconds
Extract time: 0.02 seconds
0.03333333333333333
Embed time: 0.02 seconds
Extract time: 0.01 seconds
0.06666666666666667
Embed time: 0.01 seconds
Extract time: 0.01 seconds
0.06666666666666667
Embed time: 0.02 seconds
Extract time: 0.01 seconds
0.3
Embed time: 0.02 seconds
Extract time: 0.01 seconds
0.06666666666666667
Embed time: 0.02 seconds
Extract time: 0.01 seconds
0.03333333333333333
Embed time: 0.01 seconds
Extract time: 0.01 seconds
0.16666666666666666
25-07-14 15:38:38.586 - INFO: # Validation JPEG for iteration 33000 # PSNR_Stego: 2.7212e+01, Bit_acc: 1.0033e-01
2025-07-14 15:38:38,586 - INFO - # Validation JPEG for iteration 33000 # PSNR_Stego: 2.7212e+01, Bit_acc: 1.0033e-01
25-07-14 15:38:38.587 - INFO: <epoch: 62, iter:  33,000> PSNR_Stego: 2.7212e+01, Bit_acc:  1.0033e-01
2025-07-14 15:38:38,587 - INFO - <epoch: 62, iter:  33,000> PSNR_Stego: 2.7212e+01, Bit_acc:  1.0033e-01
----- End Validation with JPEG 70 for iteration 33000 -----
----- Start Validation with Gaussian Noise 10 for iteration 33000 -----
Embed time: 0.02 seconds
Extract time: 0.01 seconds
0.0
Embed time: 0.02 seconds
Extract time: 0.01 seconds
0.0
Embed time: 0.03 seconds
Extract time: 0.01 seconds
0.03333333333333333
Embed time: 0.02 seconds
Extract time: 0.01 seconds
0.03333333333333333
Embed time: 0.02 seconds
Extract time: 0.01 seconds
0.0
Embed time: 0.02 seconds
Extract time: 0.01 seconds
0.0
Embed time: 0.01 seconds
Extract time: 0.01 seconds
0.0
Embed time: 0.01 seconds
Extract time: 0.01 seconds
0.0
Embed time: 0.01 seconds
Extract time: 0.01 seconds
0.06666666666666667
Embed time: 0.02 seconds
Extract time: 0.01 seconds
0.03333333333333333
Embed time: 0.01 seconds
Extract time: 0.01 seconds
0.0
Embed time: 0.01 seconds
Extract time: 0.01 seconds
0.0
Embed time: 0.01 seconds
Extract time: 0.01 seconds
0.03333333333333333
Embed time: 0.01 seconds
Extract time: 0.01 seconds
0.0
Embed time: 0.01 seconds
Extract time: 0.01 seconds
0.0
Embed time: 0.02 seconds
Extract time: 0.01 seconds
0.0
Embed time: 0.01 seconds
Extract time: 0.01 seconds
0.03333333333333333
Embed time: 0.02 seconds
Extract time: 0.01 seconds
0.0
Embed time: 0.01 seconds
Extract time: 0.01 seconds
0.03333333333333333
Embed time: 0.02 seconds
Extract time: 0.01 seconds
0.0
Embed time: 0.01 seconds
Extract time: 0.01 seconds
0.0
Embed time: 0.01 seconds
Extract time: 0.01 seconds
0.0
Embed time: 0.01 seconds
Extract time: 0.01 seconds
0.06666666666666667
Embed time: 0.02 seconds
Extract time: 0.01 seconds
0.0
Embed time: 0.02 seconds
Extract time: 0.01 seconds
0.0
Embed time: 0.03 seconds
Extract time: 0.01 seconds
0.0
Embed time: 0.01 seconds
Extract time: 0.01 seconds
0.06666666666666667
Embed time: 0.03 seconds
Extract time: 0.01 seconds
0.0
Embed time: 0.01 seconds
Extract time: 0.01 seconds
0.0
Embed time: 0.02 seconds
Extract time: 0.01 seconds
0.0
Embed time: 0.01 seconds
Extract time: 0.01 seconds
0.0
Embed time: 0.02 seconds
Extract time: 0.01 seconds
0.03333333333333333
Embed time: 0.01 seconds
Extract time: 0.01 seconds
0.0
Embed time: 0.01 seconds
Extract time: 0.01 seconds
0.0
Embed time: 0.01 seconds
Extract time: 0.01 seconds
0.0
Embed time: 0.02 seconds
Extract time: 0.02 seconds
0.0
Embed time: 0.02 seconds
Extract time: 0.01 seconds
0.0
Embed time: 0.03 seconds
Extract time: 0.01 seconds
0.0
Embed time: 0.01 seconds
Extract time: 0.01 seconds
0.0
Embed time: 0.02 seconds
Extract time: 0.01 seconds
0.0
Embed time: 0.01 seconds
Extract time: 0.01 seconds
0.0
Embed time: 0.02 seconds
Extract time: 0.01 seconds
0.1
Embed time: 0.01 seconds
Extract time: 0.01 seconds
0.0
Embed time: 0.02 seconds
Extract time: 0.01 seconds
0.0
Embed time: 0.01 seconds
Extract time: 0.01 seconds
0.0
Embed time: 0.01 seconds
Extract time: 0.01 seconds
0.03333333333333333
Embed time: 0.01 seconds
Extract time: 0.01 seconds
0.0
Embed time: 0.01 seconds
Extract time: 0.01 seconds
0.0
Embed time: 0.02 seconds
Extract time: 0.01 seconds
0.0
Embed time: 0.01 seconds
Extract time: 0.01 seconds
0.06666666666666667
Embed time: 0.03 seconds
Extract time: 0.01 seconds
0.03333333333333333
Embed time: 0.01 seconds
Extract time: 0.01 seconds
0.0
Embed time: 0.02 seconds
Extract time: 0.01 seconds
0.0
Embed time: 0.01 seconds
Extract time: 0.01 seconds
0.03333333333333333
Embed time: 0.02 seconds
Extract time: 0.01 seconds
0.0
Embed time: 0.01 seconds
Extract time: 0.01 seconds
0.0
Embed time: 0.01 seconds
Extract time: 0.02 seconds
0.03333333333333333
Embed time: 0.01 seconds
Extract time: 0.01 seconds
0.03333333333333333
Embed time: 0.01 seconds
Extract time: 0.02 seconds
0.0
Embed time: 0.01 seconds
Extract time: 0.01 seconds
0.06666666666666667
Embed time: 0.02 seconds
Extract time: 0.01 seconds
0.0
Embed time: 0.01 seconds
Extract time: 0.01 seconds
0.0
Embed time: 0.01 seconds
Extract time: 0.01 seconds
0.03333333333333333
Embed time: 0.01 seconds
Extract time: 0.01 seconds
0.06666666666666667
Embed time: 0.01 seconds
Extract time: 0.01 seconds
0.03333333333333333
Embed time: 0.02 seconds
Extract time: 0.01 seconds
0.0
Embed time: 0.02 seconds
Extract time: 0.01 seconds
0.1
Embed time: 0.02 seconds
Extract time: 0.01 seconds
0.0
Embed time: 0.02 seconds
Extract time: 0.01 seconds
0.0
Embed time: 0.02 seconds
Extract time: 0.01 seconds
0.0
Embed time: 0.02 seconds
Extract time: 0.01 seconds
0.0
Embed time: 0.02 seconds
Extract time: 0.01 seconds
0.0
Embed time: 0.02 seconds
Extract time: 0.01 seconds
0.03333333333333333
Embed time: 0.02 seconds
Extract time: 0.01 seconds
0.0
Embed time: 0.02 seconds
Extract time: 0.01 seconds
0.0
Embed time: 0.02 seconds
Extract time: 0.01 seconds
0.0
Embed time: 0.02 seconds
Extract time: 0.01 seconds
0.0
Embed time: 0.02 seconds
Extract time: 0.01 seconds
0.0
Embed time: 0.02 seconds
Extract time: 0.02 seconds
0.0
Embed time: 0.02 seconds
Extract time: 0.02 seconds
0.0
Embed time: 0.02 seconds
Extract time: 0.02 seconds
0.0
Embed time: 0.02 seconds
Extract time: 0.01 seconds
0.0
Embed time: 0.02 seconds
Extract time: 0.01 seconds
0.03333333333333333
Embed time: 0.02 seconds
Extract time: 0.01 seconds
0.0
Embed time: 0.02 seconds
Extract time: 0.01 seconds
0.0
Embed time: 0.02 seconds
Extract time: 0.01 seconds
0.06666666666666667
Embed time: 0.02 seconds
Extract time: 0.01 seconds
0.0
Embed time: 0.03 seconds
Extract time: 0.02 seconds
0.0
Embed time: 0.02 seconds
Extract time: 0.02 seconds
0.0
Embed time: 0.02 seconds
Extract time: 0.01 seconds
0.03333333333333333
Embed time: 0.02 seconds
Extract time: 0.01 seconds
0.0
Embed time: 0.02 seconds
Extract time: 0.01 seconds
0.0
Embed time: 0.02 seconds
Extract time: 0.01 seconds
0.03333333333333333
Embed time: 0.02 seconds
Extract time: 0.01 seconds
0.03333333333333333
Embed time: 0.02 seconds
Extract time: 0.01 seconds
0.03333333333333333
Embed time: 0.02 seconds
Extract time: 0.01 seconds
0.0
Embed time: 0.02 seconds
Extract time: 0.01 seconds
0.0
Embed time: 0.02 seconds
Extract time: 0.01 seconds
0.0
Embed time: 0.02 seconds
Extract time: 0.01 seconds
0.0
Embed time: 0.02 seconds
Extract time: 0.01 seconds
0.0
25-07-14 15:38:43.678 - INFO: # Validation Gaussian Noise for iteration 33000 # PSNR_Stego: 1.3889e+01, Bit_acc: 7.1683e-03
2025-07-14 15:38:43,678 - INFO - # Validation Gaussian Noise for iteration 33000 # PSNR_Stego: 1.3889e+01, Bit_acc: 7.1683e-03
25-07-14 15:38:43.679 - INFO: <epoch: 62, iter:  33,000> PSNR_Stego: 1.3889e+01, Bit_acc:  7.1683e-03
2025-07-14 15:38:43,679 - INFO - <epoch: 62, iter:  33,000> PSNR_Stego: 1.3889e+01, Bit_acc:  7.1683e-03
----- End Validation with Gaussian Noise 10 for iteration 33000 -----
25-07-14 15:38:43.680 - INFO: Saving models and training states.
2025-07-14 15:38:43,680 - INFO - Saving models and training states.
Checkpoint save path: /workspace/EditGuard-V1/experiments/train_ibsn_bit_64/models/33000_G.pth

===== Checkpoint State Path: /workspace/EditGuard-V1/experiments/train_ibsn_bit_64/training_state/33000.state =====

========== Epoch: 63 ==========
25-07-14 15:39:27.346 - INFO: <epoch: 63, iter:  33,100, lr:1.250e-05> l_forw_fit: 7.7524e+00 l_msg: 1.7701e-04 
2025-07-14 15:39:27,346 - INFO - <epoch: 63, iter:  33,100, lr:1.250e-05> l_forw_fit: 7.7524e+00 l_msg: 1.7701e-04 
25-07-14 15:39:52.320 - INFO: <epoch: 63, iter:  33,200, lr:1.250e-05> l_forw_fit: 6.2798e+00 l_msg: 2.5361e-04 
2025-07-14 15:39:52,320 - INFO - <epoch: 63, iter:  33,200, lr:1.250e-05> l_forw_fit: 6.2798e+00 l_msg: 2.5361e-04 
25-07-14 15:40:17.735 - INFO: <epoch: 63, iter:  33,300, lr:1.250e-05> l_forw_fit: 7.2174e+00 l_msg: 6.4721e-03 
2025-07-14 15:40:17,735 - INFO - <epoch: 63, iter:  33,300, lr:1.250e-05> l_forw_fit: 7.2174e+00 l_msg: 6.4721e-03 
25-07-14 15:40:42.638 - INFO: <epoch: 63, iter:  33,400, lr:1.250e-05> l_forw_fit: 8.3720e+00 l_msg: 2.6205e-03 
2025-07-14 15:40:42,638 - INFO - <epoch: 63, iter:  33,400, lr:1.250e-05> l_forw_fit: 8.3720e+00 l_msg: 2.6205e-03 
25-07-14 15:41:07.110 - INFO: <epoch: 63, iter:  33,500, lr:1.250e-05> l_forw_fit: 7.2518e+00 l_msg: 3.3290e-05 
2025-07-14 15:41:07,110 - INFO - <epoch: 63, iter:  33,500, lr:1.250e-05> l_forw_fit: 7.2518e+00 l_msg: 3.3290e-05 
----- Start Validation with JPEG 70 for iteration 33500 -----
Embed time: 0.03 seconds
Extract time: 0.01 seconds
0.0
Embed time: 0.08 seconds
Extract time: 0.01 seconds
0.06666666666666667
Embed time: 0.02 seconds
Extract time: 0.01 seconds
0.1
Embed time: 0.02 seconds
Extract time: 0.01 seconds
0.0
Embed time: 0.02 seconds
Extract time: 0.01 seconds
0.0
Embed time: 0.02 seconds
Extract time: 0.01 seconds
0.0
Embed time: 0.02 seconds
Extract time: 0.01 seconds
0.0
Embed time: 0.02 seconds
Extract time: 0.01 seconds
0.03333333333333333
Embed time: 0.02 seconds
Extract time: 0.01 seconds
0.0
Embed time: 0.01 seconds
Extract time: 0.01 seconds
0.03333333333333333
Embed time: 0.01 seconds
Extract time: 0.01 seconds
0.03333333333333333
Embed time: 0.02 seconds
Extract time: 0.01 seconds
0.03333333333333333
Embed time: 0.02 seconds
Extract time: 0.01 seconds
0.0
Embed time: 0.02 seconds
Extract time: 0.01 seconds
0.06666666666666667
Embed time: 0.02 seconds
Extract time: 0.01 seconds
0.06666666666666667
Embed time: 0.02 seconds
Extract time: 0.01 seconds
0.0
Embed time: 0.02 seconds
Extract time: 0.01 seconds
0.03333333333333333
Embed time: 0.02 seconds
Extract time: 0.01 seconds
0.03333333333333333
Embed time: 0.02 seconds
Extract time: 0.01 seconds
0.0
Embed time: 0.01 seconds
Extract time: 0.01 seconds
0.03333333333333333
Embed time: 0.01 seconds
Extract time: 0.01 seconds
0.06666666666666667
Embed time: 0.02 seconds
Extract time: 0.01 seconds
0.0
Embed time: 0.01 seconds
Extract time: 0.01 seconds
0.1
Embed time: 0.01 seconds
Extract time: 0.01 seconds
0.03333333333333333
Embed time: 0.02 seconds
Extract time: 0.01 seconds
0.0
Embed time: 0.01 seconds
Extract time: 0.01 seconds
0.03333333333333333
Embed time: 0.02 seconds
Extract time: 0.01 seconds
0.03333333333333333
Embed time: 0.01 seconds
Extract time: 0.01 seconds
0.03333333333333333
Embed time: 0.01 seconds
Extract time: 0.01 seconds
0.03333333333333333
Embed time: 0.01 seconds
Extract time: 0.01 seconds
0.0
Embed time: 0.01 seconds
Extract time: 0.01 seconds
0.03333333333333333
Embed time: 0.02 seconds
Extract time: 0.01 seconds
0.0
Embed time: 0.02 seconds
Extract time: 0.01 seconds
0.03333333333333333
Embed time: 0.01 seconds
Extract time: 0.01 seconds
0.03333333333333333
Embed time: 0.01 seconds
Extract time: 0.01 seconds
0.06666666666666667
Embed time: 0.01 seconds
Extract time: 0.01 seconds
0.0
Embed time: 0.01 seconds
Extract time: 0.01 seconds
0.06666666666666667
Embed time: 0.01 seconds
Extract time: 0.01 seconds
0.06666666666666667
Embed time: 0.01 seconds
Extract time: 0.01 seconds
0.0
Embed time: 0.01 seconds
Extract time: 0.01 seconds
0.1
Embed time: 0.02 seconds
Extract time: 0.01 seconds
0.0
Embed time: 0.02 seconds
Extract time: 0.01 seconds
0.06666666666666667
Embed time: 0.02 seconds
Extract time: 0.01 seconds
0.03333333333333333
Embed time: 0.02 seconds
Extract time: 0.01 seconds
0.06666666666666667
Embed time: 0.02 seconds
Extract time: 0.01 seconds
0.06666666666666667
Embed time: 0.01 seconds
Extract time: 0.01 seconds
0.03333333333333333
Embed time: 0.01 seconds
Extract time: 0.01 seconds
0.03333333333333333
Embed time: 0.01 seconds
Extract time: 0.01 seconds
0.06666666666666667
Embed time: 0.02 seconds
Extract time: 0.01 seconds
0.0
Embed time: 0.02 seconds
Extract time: 0.01 seconds
0.1
Embed time: 0.02 seconds
Extract time: 0.01 seconds
0.03333333333333333
Embed time: 0.01 seconds
Extract time: 0.01 seconds
0.03333333333333333
Embed time: 0.02 seconds
Extract time: 0.01 seconds
0.0
Embed time: 0.02 seconds
Extract time: 0.01 seconds
0.0
Embed time: 0.02 seconds
Extract time: 0.01 seconds
0.13333333333333333
Embed time: 0.02 seconds
Extract time: 0.01 seconds
0.03333333333333333
Embed time: 0.02 seconds
Extract time: 0.01 seconds
0.1
Embed time: 0.02 seconds
Extract time: 0.01 seconds
0.1
Embed time: 0.02 seconds
Extract time: 0.01 seconds
0.0
Embed time: 0.02 seconds
Extract time: 0.01 seconds
0.06666666666666667
Embed time: 0.02 seconds
Extract time: 0.01 seconds
0.0
Embed time: 0.02 seconds
Extract time: 0.01 seconds
0.13333333333333333
Embed time: 0.02 seconds
Extract time: 0.01 seconds
0.0
Embed time: 0.02 seconds
Extract time: 0.01 seconds
0.06666666666666667
Embed time: 0.02 seconds
Extract time: 0.01 seconds
0.0
Embed time: 0.02 seconds
Extract time: 0.01 seconds
0.06666666666666667
Embed time: 0.02 seconds
Extract time: 0.01 seconds
0.0
Embed time: 0.02 seconds
Extract time: 0.01 seconds
0.1
Embed time: 0.02 seconds
Extract time: 0.01 seconds
0.0
Embed time: 0.02 seconds
Extract time: 0.01 seconds
0.03333333333333333
Embed time: 0.02 seconds
Extract time: 0.01 seconds
0.0
Embed time: 0.02 seconds
Extract time: 0.01 seconds
0.03333333333333333
Embed time: 0.02 seconds
Extract time: 0.01 seconds
0.03333333333333333
Embed time: 0.01 seconds
Extract time: 0.01 seconds
0.0
Embed time: 0.01 seconds
Extract time: 0.01 seconds
0.0
Embed time: 0.02 seconds
Extract time: 0.01 seconds
0.0
Embed time: 0.01 seconds
Extract time: 0.01 seconds
0.0
Embed time: 0.01 seconds
Extract time: 0.01 seconds
0.0
Embed time: 0.02 seconds
Extract time: 0.01 seconds
0.13333333333333333
Embed time: 0.01 seconds
Extract time: 0.01 seconds
0.03333333333333333
Embed time: 0.01 seconds
Extract time: 0.01 seconds
0.0
Embed time: 0.01 seconds
Extract time: 0.01 seconds
0.0
Embed time: 0.01 seconds
Extract time: 0.01 seconds
0.03333333333333333
Embed time: 0.01 seconds
Extract time: 0.01 seconds
0.1
Embed time: 0.01 seconds
Extract time: 0.01 seconds
0.0
Embed time: 0.01 seconds
Extract time: 0.01 seconds
0.13333333333333333
Embed time: 0.02 seconds
Extract time: 0.01 seconds
0.06666666666666667
Embed time: 0.02 seconds
Extract time: 0.01 seconds
0.1
Embed time: 0.02 seconds
Extract time: 0.01 seconds
0.0
Embed time: 0.02 seconds
Extract time: 0.01 seconds
0.06666666666666667
Embed time: 0.02 seconds
Extract time: 0.01 seconds
0.13333333333333333
Embed time: 0.02 seconds
Extract time: 0.01 seconds
0.06666666666666667
Embed time: 0.02 seconds
Extract time: 0.01 seconds
0.0
Embed time: 0.02 seconds
Extract time: 0.01 seconds
0.0
Embed time: 0.02 seconds
Extract time: 0.01 seconds
0.13333333333333333
Embed time: 0.01 seconds
Extract time: 0.01 seconds
0.06666666666666667
Embed time: 0.02 seconds
Extract time: 0.01 seconds
0.06666666666666667
Embed time: 0.01 seconds
Extract time: 0.01 seconds
0.06666666666666667
Embed time: 0.01 seconds
Extract time: 0.01 seconds
0.06666666666666667
Embed time: 0.01 seconds
Extract time: 0.01 seconds
0.06666666666666667
25-07-14 15:41:14.707 - INFO: # Validation JPEG for iteration 33500 # PSNR_Stego: 2.7618e+01, Bit_acc: 4.0333e-02
2025-07-14 15:41:14,707 - INFO - # Validation JPEG for iteration 33500 # PSNR_Stego: 2.7618e+01, Bit_acc: 4.0333e-02
25-07-14 15:41:14.708 - INFO: <epoch: 63, iter:  33,500> PSNR_Stego: 2.7618e+01, Bit_acc:  4.0333e-02
2025-07-14 15:41:14,708 - INFO - <epoch: 63, iter:  33,500> PSNR_Stego: 2.7618e+01, Bit_acc:  4.0333e-02
----- End Validation with JPEG 70 for iteration 33500 -----
----- Start Validation with Gaussian Noise 10 for iteration 33500 -----
Embed time: 0.03 seconds
Extract time: 0.01 seconds
0.0
Embed time: 0.02 seconds
Extract time: 0.01 seconds
0.0
Embed time: 0.02 seconds
Extract time: 0.01 seconds
0.03333333333333333
Embed time: 0.02 seconds
Extract time: 0.01 seconds
0.0
Embed time: 0.02 seconds
Extract time: 0.01 seconds
0.0
Embed time: 0.02 seconds
Extract time: 0.01 seconds
0.0
Embed time: 0.03 seconds
Extract time: 0.01 seconds
0.0
Embed time: 0.02 seconds
Extract time: 0.01 seconds
0.0
Embed time: 0.02 seconds
Extract time: 0.01 seconds
0.0
Embed time: 0.02 seconds
Extract time: 0.01 seconds
0.0
Embed time: 0.02 seconds
Extract time: 0.01 seconds
0.0
Embed time: 0.02 seconds
Extract time: 0.01 seconds
0.0
Embed time: 0.02 seconds
Extract time: 0.01 seconds
0.0
Embed time: 0.01 seconds
Extract time: 0.01 seconds
0.0
Embed time: 0.03 seconds
Extract time: 0.01 seconds
0.0
Embed time: 0.01 seconds
Extract time: 0.01 seconds
0.0
Embed time: 0.02 seconds
Extract time: 0.01 seconds
0.03333333333333333
Embed time: 0.02 seconds
Extract time: 0.01 seconds
0.0
Embed time: 0.02 seconds
Extract time: 0.02 seconds
0.0
Embed time: 0.01 seconds
Extract time: 0.01 seconds
0.0
Embed time: 0.03 seconds
Extract time: 0.02 seconds
0.0
Embed time: 0.01 seconds
Extract time: 0.01 seconds
0.0
Embed time: 0.01 seconds
Extract time: 0.01 seconds
0.06666666666666667
Embed time: 0.02 seconds
Extract time: 0.01 seconds
0.0
Embed time: 0.02 seconds
Extract time: 0.02 seconds
0.0
Embed time: 0.01 seconds
Extract time: 0.01 seconds
0.0
Embed time: 0.01 seconds
Extract time: 0.01 seconds
0.03333333333333333
Embed time: 0.01 seconds
Extract time: 0.01 seconds
0.0
Embed time: 0.02 seconds
Extract time: 0.01 seconds
0.03333333333333333
Embed time: 0.02 seconds
Extract time: 0.01 seconds
0.0
Embed time: 0.02 seconds
Extract time: 0.01 seconds
0.0
Embed time: 0.02 seconds
Extract time: 0.01 seconds
0.0
Embed time: 0.01 seconds
Extract time: 0.01 seconds
0.0
Embed time: 0.02 seconds
Extract time: 0.01 seconds
0.0
Embed time: 0.02 seconds
Extract time: 0.01 seconds
0.0
Embed time: 0.03 seconds
Extract time: 0.01 seconds
0.0
Embed time: 0.02 seconds
Extract time: 0.01 seconds
0.0
Embed time: 0.02 seconds
Extract time: 0.01 seconds
0.0
Embed time: 0.01 seconds
Extract time: 0.01 seconds
0.0
Embed time: 0.02 seconds
Extract time: 0.01 seconds
0.0
Embed time: 0.01 seconds
Extract time: 0.01 seconds
0.0
Embed time: 0.02 seconds
Extract time: 0.01 seconds
0.0
Embed time: 0.01 seconds
Extract time: 0.01 seconds
0.0
Embed time: 0.02 seconds
Extract time: 0.01 seconds
0.0
Embed time: 0.02 seconds
Extract time: 0.01 seconds
0.03333333333333333
Embed time: 0.02 seconds
Extract time: 0.01 seconds
0.0
Embed time: 0.02 seconds
Extract time: 0.01 seconds
0.0
Embed time: 0.03 seconds
Extract time: 0.01 seconds
0.0
Embed time: 0.02 seconds
Extract time: 0.01 seconds
0.0
Embed time: 0.02 seconds
Extract time: 0.01 seconds
0.0
Embed time: 0.02 seconds
Extract time: 0.01 seconds
0.0
Embed time: 0.03 seconds
Extract time: 0.01 seconds
0.0
Embed time: 0.01 seconds
Extract time: 0.01 seconds
0.0
Embed time: 0.02 seconds
Extract time: 0.01 seconds
0.0
Embed time: 0.02 seconds
Extract time: 0.01 seconds
0.0
Embed time: 0.03 seconds
Extract time: 0.01 seconds
0.0
Embed time: 0.01 seconds
Extract time: 0.01 seconds
0.0
Embed time: 0.02 seconds
Extract time: 0.01 seconds
0.0
Embed time: 0.01 seconds
Extract time: 0.01 seconds
0.0
Embed time: 0.03 seconds
Extract time: 0.01 seconds
0.1
Embed time: 0.01 seconds
Extract time: 0.01 seconds
0.0
Embed time: 0.02 seconds
Extract time: 0.01 seconds
0.0
Embed time: 0.02 seconds
Extract time: 0.01 seconds
0.0
Embed time: 0.03 seconds
Extract time: 0.01 seconds
0.0
Embed time: 0.01 seconds
Extract time: 0.01 seconds
0.0
Embed time: 0.02 seconds
Extract time: 0.01 seconds
0.0
Embed time: 0.01 seconds
Extract time: 0.01 seconds
0.0
Embed time: 0.03 seconds
Extract time: 0.01 seconds
0.0
Embed time: 0.01 seconds
Extract time: 0.01 seconds
0.0
Embed time: 0.01 seconds
Extract time: 0.01 seconds
0.0
Embed time: 0.01 seconds
Extract time: 0.01 seconds
0.0
Embed time: 0.02 seconds
Extract time: 0.02 seconds
0.0
Embed time: 0.02 seconds
Extract time: 0.01 seconds
0.03333333333333333
Embed time: 0.02 seconds
Extract time: 0.03 seconds
0.0
Embed time: 0.02 seconds
Extract time: 0.01 seconds
0.0
Embed time: 0.02 seconds
Extract time: 0.01 seconds
0.03333333333333333
Embed time: 0.02 seconds
Extract time: 0.01 seconds
0.0
Embed time: 0.03 seconds
Extract time: 0.01 seconds
0.0
Embed time: 0.01 seconds
Extract time: 0.01 seconds
0.0
Embed time: 0.02 seconds
Extract time: 0.01 seconds
0.03333333333333333
Embed time: 0.02 seconds
Extract time: 0.01 seconds
0.0
Embed time: 0.02 seconds
Extract time: 0.02 seconds
0.0
Embed time: 0.01 seconds
Extract time: 0.01 seconds
0.03333333333333333
Embed time: 0.04 seconds
Extract time: 0.01 seconds
0.0
Embed time: 0.01 seconds
Extract time: 0.01 seconds
0.0
Embed time: 0.02 seconds
Extract time: 0.01 seconds
0.0
Embed time: 0.02 seconds
Extract time: 0.01 seconds
0.0
Embed time: 0.03 seconds
Extract time: 0.01 seconds
0.0
Embed time: 0.02 seconds
Extract time: 0.01 seconds
0.0
Embed time: 0.03 seconds
Extract time: 0.01 seconds
0.0
Embed time: 0.02 seconds
Extract time: 0.01 seconds
0.0
Embed time: 0.02 seconds
Extract time: 0.01 seconds
0.0
Embed time: 0.02 seconds
Extract time: 0.01 seconds
0.0
Embed time: 0.02 seconds
Extract time: 0.01 seconds
0.0
Embed time: 0.02 seconds
Extract time: 0.01 seconds
0.03333333333333333
Embed time: 0.02 seconds
Extract time: 0.01 seconds
0.0
Embed time: 0.02 seconds
Extract time: 0.01 seconds
0.0
Embed time: 0.03 seconds
Extract time: 0.01 seconds
0.0
Embed time: 0.02 seconds
Extract time: 0.01 seconds
0.0
Embed time: 0.01 seconds
Extract time: 0.01 seconds
0.0
25-07-14 15:41:19.818 - INFO: # Validation Gaussian Noise for iteration 33500 # PSNR_Stego: 1.4086e+01, Bit_acc: 2.7017e-03
2025-07-14 15:41:19,818 - INFO - # Validation Gaussian Noise for iteration 33500 # PSNR_Stego: 1.4086e+01, Bit_acc: 2.7017e-03
25-07-14 15:41:19.819 - INFO: <epoch: 63, iter:  33,500> PSNR_Stego: 1.4086e+01, Bit_acc:  2.7017e-03
2025-07-14 15:41:19,819 - INFO - <epoch: 63, iter:  33,500> PSNR_Stego: 1.4086e+01, Bit_acc:  2.7017e-03
----- End Validation with Gaussian Noise 10 for iteration 33500 -----
25-07-14 15:41:19.819 - INFO: Saving models and training states.
2025-07-14 15:41:19,819 - INFO - Saving models and training states.
Checkpoint save path: /workspace/EditGuard-V1/experiments/train_ibsn_bit_64/models/33500_G.pth

===== Checkpoint State Path: /workspace/EditGuard-V1/experiments/train_ibsn_bit_64/training_state/33500.state =====

========== Epoch: 64 ==========
25-07-14 15:42:03.506 - INFO: <epoch: 64, iter:  33,600, lr:1.250e-05> l_forw_fit: 8.4381e+00 l_msg: 4.4376e-02 
2025-07-14 15:42:03,506 - INFO - <epoch: 64, iter:  33,600, lr:1.250e-05> l_forw_fit: 8.4381e+00 l_msg: 4.4376e-02 
25-07-14 15:42:29.044 - INFO: <epoch: 64, iter:  33,700, lr:1.250e-05> l_forw_fit: 1.2319e+01 l_msg: 1.5120e-03 
2025-07-14 15:42:29,044 - INFO - <epoch: 64, iter:  33,700, lr:1.250e-05> l_forw_fit: 1.2319e+01 l_msg: 1.5120e-03 
25-07-14 15:42:54.043 - INFO: <epoch: 64, iter:  33,800, lr:1.250e-05> l_forw_fit: 7.4217e+00 l_msg: 7.5737e-03 
2025-07-14 15:42:54,043 - INFO - <epoch: 64, iter:  33,800, lr:1.250e-05> l_forw_fit: 7.4217e+00 l_msg: 7.5737e-03 
25-07-14 15:43:19.747 - INFO: <epoch: 64, iter:  33,900, lr:1.250e-05> l_forw_fit: 6.6467e+00 l_msg: 1.1168e-03 
2025-07-14 15:43:19,747 - INFO - <epoch: 64, iter:  33,900, lr:1.250e-05> l_forw_fit: 6.6467e+00 l_msg: 1.1168e-03 
25-07-14 15:43:44.586 - INFO: <epoch: 64, iter:  34,000, lr:1.250e-05> l_forw_fit: 6.2912e+00 l_msg: 6.5730e-07 
2025-07-14 15:43:44,586 - INFO - <epoch: 64, iter:  34,000, lr:1.250e-05> l_forw_fit: 6.2912e+00 l_msg: 6.5730e-07 
----- Start Validation with JPEG 70 for iteration 34000 -----
Embed time: 0.03 seconds
Extract time: 0.01 seconds
0.03333333333333333
Embed time: 0.02 seconds
Extract time: 0.01 seconds
0.06666666666666667
Embed time: 0.02 seconds
Extract time: 0.01 seconds
0.23333333333333334
Embed time: 0.02 seconds
Extract time: 0.01 seconds
0.0
Embed time: 0.02 seconds
Extract time: 0.01 seconds
0.03333333333333333
Embed time: 0.02 seconds
Extract time: 0.01 seconds
0.03333333333333333
Embed time: 0.02 seconds
Extract time: 0.01 seconds
0.1
Embed time: 0.02 seconds
Extract time: 0.01 seconds
0.03333333333333333
Embed time: 0.02 seconds
Extract time: 0.01 seconds
0.06666666666666667
Embed time: 0.02 seconds
Extract time: 0.01 seconds
0.16666666666666666
Embed time: 0.02 seconds
Extract time: 0.01 seconds
0.1
Embed time: 0.02 seconds
Extract time: 0.01 seconds
0.0
Embed time: 0.02 seconds
Extract time: 0.01 seconds
0.06666666666666667
Embed time: 0.02 seconds
Extract time: 0.01 seconds
0.1
Embed time: 0.02 seconds
Extract time: 0.01 seconds
0.0
Embed time: 0.02 seconds
Extract time: 0.01 seconds
0.03333333333333333
Embed time: 0.02 seconds
Extract time: 0.01 seconds
0.03333333333333333
Embed time: 0.01 seconds
Extract time: 0.01 seconds
0.03333333333333333
Embed time: 0.01 seconds
Extract time: 0.01 seconds
0.06666666666666667
Embed time: 0.01 seconds
Extract time: 0.01 seconds
0.0
Embed time: 0.01 seconds
Extract time: 0.01 seconds
0.03333333333333333
Embed time: 0.02 seconds
Extract time: 0.01 seconds
0.13333333333333333
Embed time: 0.02 seconds
Extract time: 0.01 seconds
0.1
Embed time: 0.02 seconds
Extract time: 0.01 seconds
0.0
Embed time: 0.02 seconds
Extract time: 0.01 seconds
0.06666666666666667
Embed time: 0.02 seconds
Extract time: 0.01 seconds
0.16666666666666666
Embed time: 0.02 seconds
Extract time: 0.01 seconds
0.03333333333333333
Embed time: 0.02 seconds
Extract time: 0.01 seconds
0.06666666666666667
Embed time: 0.02 seconds
Extract time: 0.01 seconds
0.03333333333333333
Embed time: 0.02 seconds
Extract time: 0.01 seconds
0.06666666666666667
Embed time: 0.02 seconds
Extract time: 0.01 seconds
0.16666666666666666
Embed time: 0.02 seconds
Extract time: 0.01 seconds
0.03333333333333333
Embed time: 0.08 seconds
Extract time: 0.02 seconds
0.06666666666666667
Embed time: 0.02 seconds
Extract time: 0.02 seconds
0.06666666666666667
Embed time: 0.03 seconds
Extract time: 0.02 seconds
0.06666666666666667
Embed time: 0.03 seconds
Extract time: 0.02 seconds
0.03333333333333333
Embed time: 0.02 seconds
Extract time: 0.02 seconds
0.03333333333333333
Embed time: 0.02 seconds
Extract time: 0.01 seconds
0.03333333333333333
Embed time: 0.02 seconds
Extract time: 0.01 seconds
0.1
Embed time: 0.02 seconds
Extract time: 0.01 seconds
0.06666666666666667
Embed time: 0.02 seconds
Extract time: 0.01 seconds
0.1
Embed time: 0.02 seconds
Extract time: 0.01 seconds
0.16666666666666666
Embed time: 0.02 seconds
Extract time: 0.01 seconds
0.06666666666666667
Embed time: 0.02 seconds
Extract time: 0.01 seconds
0.03333333333333333
Embed time: 0.02 seconds
Extract time: 0.01 seconds
0.06666666666666667
Embed time: 0.02 seconds
Extract time: 0.01 seconds
0.03333333333333333
Embed time: 0.02 seconds
Extract time: 0.01 seconds
0.03333333333333333
Embed time: 0.02 seconds
Extract time: 0.01 seconds
0.16666666666666666
Embed time: 0.02 seconds
Extract time: 0.01 seconds
0.0
Embed time: 0.02 seconds
Extract time: 0.01 seconds
0.1
Embed time: 0.02 seconds
Extract time: 0.01 seconds
0.0
Embed time: 0.02 seconds
Extract time: 0.01 seconds
0.0
Embed time: 0.02 seconds
Extract time: 0.01 seconds
0.0
Embed time: 0.02 seconds
Extract time: 0.01 seconds
0.0
Embed time: 0.02 seconds
Extract time: 0.01 seconds
0.0
Embed time: 0.02 seconds
Extract time: 0.01 seconds
0.0
Embed time: 0.02 seconds
Extract time: 0.01 seconds
0.03333333333333333
Embed time: 0.02 seconds
Extract time: 0.01 seconds
0.1
Embed time: 0.02 seconds
Extract time: 0.01 seconds
0.0
Embed time: 0.02 seconds
Extract time: 0.01 seconds
0.13333333333333333
Embed time: 0.02 seconds
Extract time: 0.01 seconds
0.03333333333333333
Embed time: 0.02 seconds
Extract time: 0.01 seconds
0.0
Embed time: 0.02 seconds
Extract time: 0.01 seconds
0.0
Embed time: 0.02 seconds
Extract time: 0.01 seconds
0.1
Embed time: 0.02 seconds
Extract time: 0.01 seconds
0.1
Embed time: 0.02 seconds
Extract time: 0.01 seconds
0.06666666666666667
Embed time: 0.02 seconds
Extract time: 0.01 seconds
0.0
Embed time: 0.02 seconds
Extract time: 0.01 seconds
0.03333333333333333
Embed time: 0.02 seconds
Extract time: 0.01 seconds
0.0
Embed time: 0.02 seconds
Extract time: 0.01 seconds
0.03333333333333333
Embed time: 0.02 seconds
Extract time: 0.01 seconds
0.0
Embed time: 0.02 seconds
Extract time: 0.01 seconds
0.1
Embed time: 0.02 seconds
Extract time: 0.01 seconds
0.06666666666666667
Embed time: 0.02 seconds
Extract time: 0.01 seconds
0.03333333333333333
Embed time: 0.02 seconds
Extract time: 0.01 seconds
0.06666666666666667
Embed time: 0.02 seconds
Extract time: 0.01 seconds
0.06666666666666667
Embed time: 0.02 seconds
Extract time: 0.01 seconds
0.0
Embed time: 0.02 seconds
Extract time: 0.01 seconds
0.0
Embed time: 0.02 seconds
Extract time: 0.01 seconds
0.0
Embed time: 0.02 seconds
Extract time: 0.01 seconds
0.06666666666666667
Embed time: 0.02 seconds
Extract time: 0.01 seconds
0.03333333333333333
Embed time: 0.02 seconds
Extract time: 0.01 seconds
0.03333333333333333
Embed time: 0.02 seconds
Extract time: 0.01 seconds
0.03333333333333333
Embed time: 0.02 seconds
Extract time: 0.01 seconds
0.13333333333333333
Embed time: 0.02 seconds
Extract time: 0.01 seconds
0.13333333333333333
Embed time: 0.02 seconds
Extract time: 0.01 seconds
0.06666666666666667
Embed time: 0.02 seconds
Extract time: 0.01 seconds
0.0
Embed time: 0.02 seconds
Extract time: 0.02 seconds
0.0
Embed time: 0.02 seconds
Extract time: 0.01 seconds
0.0
Embed time: 0.02 seconds
Extract time: 0.01 seconds
0.0
Embed time: 0.02 seconds
Extract time: 0.01 seconds
0.03333333333333333
Embed time: 0.02 seconds
Extract time: 0.01 seconds
0.1
Embed time: 0.02 seconds
Extract time: 0.01 seconds
0.0
Embed time: 0.02 seconds
Extract time: 0.01 seconds
0.0
Embed time: 0.02 seconds
Extract time: 0.01 seconds
0.0
Embed time: 0.02 seconds
Extract time: 0.01 seconds
0.06666666666666667
Embed time: 0.02 seconds
Extract time: 0.01 seconds
0.16666666666666666
Embed time: 0.02 seconds
Extract time: 0.01 seconds
0.06666666666666667
Embed time: 0.01 seconds
Extract time: 0.01 seconds
0.03333333333333333
Embed time: 0.01 seconds
Extract time: 0.01 seconds
0.1
25-07-14 15:43:52.571 - INFO: # Validation JPEG for iteration 34000 # PSNR_Stego: 2.7452e+01, Bit_acc: 5.3667e-02
2025-07-14 15:43:52,571 - INFO - # Validation JPEG for iteration 34000 # PSNR_Stego: 2.7452e+01, Bit_acc: 5.3667e-02
25-07-14 15:43:52.572 - INFO: <epoch: 64, iter:  34,000> PSNR_Stego: 2.7452e+01, Bit_acc:  5.3667e-02
2025-07-14 15:43:52,572 - INFO - <epoch: 64, iter:  34,000> PSNR_Stego: 2.7452e+01, Bit_acc:  5.3667e-02
----- End Validation with JPEG 70 for iteration 34000 -----
----- Start Validation with Gaussian Noise 10 for iteration 34000 -----
Embed time: 0.03 seconds
Extract time: 0.02 seconds
0.0
Embed time: 0.02 seconds
Extract time: 0.01 seconds
0.0
Embed time: 0.02 seconds
Extract time: 0.01 seconds
0.03333333333333333
Embed time: 0.02 seconds
Extract time: 0.01 seconds
0.0
Embed time: 0.02 seconds
Extract time: 0.02 seconds
0.0
Embed time: 0.04 seconds
Extract time: 0.02 seconds
0.0
Embed time: 0.02 seconds
Extract time: 0.02 seconds
0.06666666666666667
Embed time: 0.02 seconds
Extract time: 0.02 seconds
0.0
Embed time: 0.02 seconds
Extract time: 0.01 seconds
0.0
Embed time: 0.02 seconds
Extract time: 0.02 seconds
0.0
Embed time: 0.02 seconds
Extract time: 0.01 seconds
0.0
Embed time: 0.02 seconds
Extract time: 0.01 seconds
0.0
Embed time: 0.02 seconds
Extract time: 0.01 seconds
0.06666666666666667
Embed time: 0.02 seconds
Extract time: 0.01 seconds
0.0
Embed time: 0.01 seconds
Extract time: 0.01 seconds
0.0
Embed time: 0.02 seconds
Extract time: 0.01 seconds
0.0
Embed time: 0.02 seconds
Extract time: 0.02 seconds
0.0
Embed time: 0.03 seconds
Extract time: 0.02 seconds
0.0
Embed time: 0.02 seconds
Extract time: 0.02 seconds
0.0
Embed time: 0.02 seconds
Extract time: 0.02 seconds
0.0
Embed time: 0.02 seconds
Extract time: 0.02 seconds
0.0
Embed time: 0.02 seconds
Extract time: 0.02 seconds
0.0
Embed time: 0.02 seconds
Extract time: 0.02 seconds
0.0
Embed time: 0.02 seconds
Extract time: 0.02 seconds
0.0
Embed time: 0.03 seconds
Extract time: 0.02 seconds
0.0
Embed time: 0.02 seconds
Extract time: 0.02 seconds
0.0
Embed time: 0.02 seconds
Extract time: 0.01 seconds
0.03333333333333333
Embed time: 0.02 seconds
Extract time: 0.01 seconds
0.03333333333333333
Embed time: 0.02 seconds
Extract time: 0.02 seconds
0.0
Embed time: 0.02 seconds
Extract time: 0.02 seconds
0.0
Embed time: 0.02 seconds
Extract time: 0.01 seconds
0.0
Embed time: 0.02 seconds
Extract time: 0.01 seconds
0.0
Embed time: 0.02 seconds
Extract time: 0.01 seconds
0.0
Embed time: 0.02 seconds
Extract time: 0.01 seconds
0.0
Embed time: 0.02 seconds
Extract time: 0.01 seconds
0.0
Embed time: 0.02 seconds
Extract time: 0.01 seconds
0.0
Embed time: 0.02 seconds
Extract time: 0.01 seconds
0.0
Embed time: 0.02 seconds
Extract time: 0.01 seconds
0.0
Embed time: 0.02 seconds
Extract time: 0.01 seconds
0.0
Embed time: 0.02 seconds
Extract time: 0.01 seconds
0.0
Embed time: 0.02 seconds
Extract time: 0.01 seconds
0.0
Embed time: 0.05 seconds
Extract time: 0.02 seconds
0.03333333333333333
Embed time: 0.02 seconds
Extract time: 0.01 seconds
0.0
Embed time: 0.02 seconds
Extract time: 0.02 seconds
0.0
Embed time: 0.02 seconds
Extract time: 0.01 seconds
0.0
Embed time: 0.02 seconds
Extract time: 0.01 seconds
0.03333333333333333
Embed time: 0.02 seconds
Extract time: 0.02 seconds
0.0
Embed time: 0.08 seconds
Extract time: 0.02 seconds
0.0
Embed time: 0.07 seconds
Extract time: 0.01 seconds
0.0
Embed time: 0.07 seconds
Extract time: 0.01 seconds
0.0
Embed time: 0.07 seconds
Extract time: 0.01 seconds
0.0
Embed time: 0.02 seconds
Extract time: 0.01 seconds
0.03333333333333333
Embed time: 0.02 seconds
Extract time: 0.06 seconds
0.0
Embed time: 0.02 seconds
Extract time: 0.01 seconds
0.0
Embed time: 0.02 seconds
Extract time: 0.01 seconds
0.0
Embed time: 0.02 seconds
Extract time: 0.01 seconds
0.0
Embed time: 0.02 seconds
Extract time: 0.01 seconds
0.0
Embed time: 0.04 seconds
Extract time: 0.02 seconds
0.0
Embed time: 0.02 seconds
Extract time: 0.01 seconds
0.0
Embed time: 0.02 seconds
Extract time: 0.01 seconds
0.0
Embed time: 0.04 seconds
Extract time: 0.01 seconds
0.0
Embed time: 0.02 seconds
Extract time: 0.01 seconds
0.0
Embed time: 0.03 seconds
Extract time: 0.01 seconds
0.0
Embed time: 0.02 seconds
Extract time: 0.01 seconds
0.06666666666666667
Embed time: 0.02 seconds
Extract time: 0.01 seconds
0.0
Embed time: 0.02 seconds
Extract time: 0.03 seconds
0.0
Embed time: 0.02 seconds
Extract time: 0.01 seconds
0.0
Embed time: 0.02 seconds
Extract time: 0.01 seconds
0.0
Embed time: 0.02 seconds
Extract time: 0.01 seconds
0.0
Embed time: 0.02 seconds
Extract time: 0.01 seconds
0.0
Embed time: 0.04 seconds
Extract time: 0.02 seconds
0.0
Embed time: 0.02 seconds
Extract time: 0.01 seconds
0.0
Embed time: 0.02 seconds
Extract time: 0.01 seconds
0.0
Embed time: 0.04 seconds
Extract time: 0.01 seconds
0.0
Embed time: 0.02 seconds
Extract time: 0.01 seconds
0.0
Embed time: 0.02 seconds
Extract time: 0.01 seconds
0.0
Embed time: 0.02 seconds
Extract time: 0.04 seconds
0.0
Embed time: 0.02 seconds
Extract time: 0.01 seconds
0.0
Embed time: 0.02 seconds
Extract time: 0.01 seconds
0.0
Embed time: 0.02 seconds
Extract time: 0.01 seconds
0.0
Embed time: 0.02 seconds
Extract time: 0.01 seconds
0.0
Embed time: 0.07 seconds
Extract time: 0.01 seconds
0.0
Embed time: 0.02 seconds
Extract time: 0.01 seconds
0.0
Embed time: 0.02 seconds
Extract time: 0.01 seconds
0.0
Embed time: 0.02 seconds
Extract time: 0.01 seconds
0.0
Embed time: 0.03 seconds
Extract time: 0.01 seconds
0.0
Embed time: 0.03 seconds
Extract time: 0.01 seconds
0.0
Embed time: 0.03 seconds
Extract time: 0.01 seconds
0.0
Embed time: 0.02 seconds
Extract time: 0.01 seconds
0.0
Embed time: 0.02 seconds
Extract time: 0.01 seconds
0.0
Embed time: 0.03 seconds
Extract time: 0.01 seconds
0.0
Embed time: 0.02 seconds
Extract time: 0.01 seconds
0.0
Embed time: 0.03 seconds
Extract time: 0.01 seconds
0.0
Embed time: 0.02 seconds
Extract time: 0.01 seconds
0.0
Embed time: 0.02 seconds
Extract time: 0.01 seconds
0.03333333333333333
Embed time: 0.02 seconds
Extract time: 0.01 seconds
0.0
Embed time: 0.02 seconds
Extract time: 0.01 seconds
0.0
Embed time: 0.05 seconds
Extract time: 0.01 seconds
0.0
Embed time: 0.02 seconds
Extract time: 0.01 seconds
0.0
Embed time: 0.02 seconds
Extract time: 0.01 seconds
0.03333333333333333
25-07-14 15:43:58.916 - INFO: # Validation Gaussian Noise for iteration 34000 # PSNR_Stego: 1.4006e+01, Bit_acc: 2.6017e-03
2025-07-14 15:43:58,916 - INFO - # Validation Gaussian Noise for iteration 34000 # PSNR_Stego: 1.4006e+01, Bit_acc: 2.6017e-03
25-07-14 15:43:58.916 - INFO: <epoch: 64, iter:  34,000> PSNR_Stego: 1.4006e+01, Bit_acc:  2.6017e-03
2025-07-14 15:43:58,916 - INFO - <epoch: 64, iter:  34,000> PSNR_Stego: 1.4006e+01, Bit_acc:  2.6017e-03
----- End Validation with Gaussian Noise 10 for iteration 34000 -----
25-07-14 15:43:58.917 - INFO: Saving models and training states.
2025-07-14 15:43:58,917 - INFO - Saving models and training states.
Checkpoint save path: /workspace/EditGuard-V1/experiments/train_ibsn_bit_64/models/34000_G.pth

===== Checkpoint State Path: /workspace/EditGuard-V1/experiments/train_ibsn_bit_64/training_state/34000.state =====

========== Epoch: 65 ==========
25-07-14 15:44:41.915 - INFO: <epoch: 65, iter:  34,100, lr:1.250e-05> l_forw_fit: 9.0519e+00 l_msg: 2.1603e-03 
2025-07-14 15:44:41,915 - INFO - <epoch: 65, iter:  34,100, lr:1.250e-05> l_forw_fit: 9.0519e+00 l_msg: 2.1603e-03 
25-07-14 15:45:07.273 - INFO: <epoch: 65, iter:  34,200, lr:1.250e-05> l_forw_fit: 5.2407e+00 l_msg: 8.3247e-05 
2025-07-14 15:45:07,273 - INFO - <epoch: 65, iter:  34,200, lr:1.250e-05> l_forw_fit: 5.2407e+00 l_msg: 8.3247e-05 
25-07-14 15:45:32.869 - INFO: <epoch: 65, iter:  34,300, lr:1.250e-05> l_forw_fit: 5.3168e+00 l_msg: 3.1825e-02 
2025-07-14 15:45:32,869 - INFO - <epoch: 65, iter:  34,300, lr:1.250e-05> l_forw_fit: 5.3168e+00 l_msg: 3.1825e-02 
25-07-14 15:45:58.418 - INFO: <epoch: 65, iter:  34,400, lr:1.250e-05> l_forw_fit: 7.5963e+00 l_msg: 2.8093e-03 
2025-07-14 15:45:58,418 - INFO - <epoch: 65, iter:  34,400, lr:1.250e-05> l_forw_fit: 7.5963e+00 l_msg: 2.8093e-03 
25-07-14 15:46:23.195 - INFO: <epoch: 65, iter:  34,500, lr:1.250e-05> l_forw_fit: 6.2427e+00 l_msg: 6.8898e-04 
2025-07-14 15:46:23,195 - INFO - <epoch: 65, iter:  34,500, lr:1.250e-05> l_forw_fit: 6.2427e+00 l_msg: 6.8898e-04 
----- Start Validation with JPEG 70 for iteration 34500 -----
Embed time: 0.04 seconds
Extract time: 0.02 seconds
0.03333333333333333
Embed time: 0.09 seconds
Extract time: 0.02 seconds
0.2
Embed time: 0.05 seconds
Extract time: 0.01 seconds
0.1
Embed time: 0.02 seconds
Extract time: 0.02 seconds
0.0
Embed time: 0.06 seconds
Extract time: 0.01 seconds
0.06666666666666667
Embed time: 0.05 seconds
Extract time: 0.01 seconds
0.03333333333333333
Embed time: 0.02 seconds
Extract time: 0.02 seconds
0.06666666666666667
Embed time: 0.02 seconds
Extract time: 0.02 seconds
0.0
Embed time: 0.05 seconds
Extract time: 0.02 seconds
0.03333333333333333
Embed time: 0.02 seconds
Extract time: 0.02 seconds
0.0
Embed time: 0.07 seconds
Extract time: 0.02 seconds
0.0
Embed time: 0.09 seconds
Extract time: 0.02 seconds
0.0
Embed time: 0.04 seconds
Extract time: 0.05 seconds
0.03333333333333333
Embed time: 0.08 seconds
Extract time: 0.02 seconds
0.1
Embed time: 0.02 seconds
Extract time: 0.02 seconds
0.0
Embed time: 0.02 seconds
Extract time: 0.01 seconds
0.03333333333333333
Embed time: 0.06 seconds
Extract time: 0.01 seconds
0.06666666666666667
Embed time: 0.02 seconds
Extract time: 0.04 seconds
0.03333333333333333
Embed time: 0.07 seconds
Extract time: 0.02 seconds
0.0
Embed time: 0.02 seconds
Extract time: 0.02 seconds
0.06666666666666667
Embed time: 0.02 seconds
Extract time: 0.02 seconds
0.1
Embed time: 0.02 seconds
Extract time: 0.02 seconds
0.1
Embed time: 0.02 seconds
Extract time: 0.02 seconds
0.13333333333333333
Embed time: 0.02 seconds
Extract time: 0.02 seconds
0.0
Embed time: 0.02 seconds
Extract time: 0.02 seconds
0.1
Embed time: 0.09 seconds
Extract time: 0.02 seconds
0.06666666666666667
Embed time: 0.10 seconds
Extract time: 0.02 seconds
0.03333333333333333
Embed time: 0.02 seconds
Extract time: 0.02 seconds
0.03333333333333333
Embed time: 0.02 seconds
Extract time: 0.02 seconds
0.03333333333333333
Embed time: 0.02 seconds
Extract time: 0.02 seconds
0.0
Embed time: 0.04 seconds
Extract time: 0.02 seconds
0.03333333333333333
Embed time: 0.02 seconds
Extract time: 0.02 seconds
0.13333333333333333
Embed time: 0.03 seconds
Extract time: 0.02 seconds
0.03333333333333333
Embed time: 0.02 seconds
Extract time: 0.01 seconds
0.03333333333333333
Embed time: 0.02 seconds
Extract time: 0.02 seconds
0.03333333333333333
Embed time: 0.02 seconds
Extract time: 0.02 seconds
0.03333333333333333
Embed time: 0.02 seconds
Extract time: 0.01 seconds
0.03333333333333333
Embed time: 0.02 seconds
Extract time: 0.01 seconds
0.03333333333333333
Embed time: 0.02 seconds
Extract time: 0.01 seconds
0.0
Embed time: 0.02 seconds
Extract time: 0.01 seconds
0.2
Embed time: 0.01 seconds
Extract time: 0.01 seconds
0.03333333333333333
Embed time: 0.01 seconds
Extract time: 0.01 seconds
0.06666666666666667
Embed time: 0.01 seconds
Extract time: 0.01 seconds
0.06666666666666667
Embed time: 0.02 seconds
Extract time: 0.01 seconds
0.16666666666666666
Embed time: 0.02 seconds
Extract time: 0.01 seconds
0.03333333333333333
Embed time: 0.02 seconds
Extract time: 0.01 seconds
0.0
Embed time: 0.03 seconds
Extract time: 0.01 seconds
0.03333333333333333
Embed time: 0.02 seconds
Extract time: 0.01 seconds
0.06666666666666667
Embed time: 0.02 seconds
Extract time: 0.01 seconds
0.0
Embed time: 0.02 seconds
Extract time: 0.01 seconds
0.06666666666666667
Embed time: 0.02 seconds
Extract time: 0.01 seconds
0.1
Embed time: 0.02 seconds
Extract time: 0.01 seconds
0.1
Embed time: 0.02 seconds
Extract time: 0.01 seconds
0.0
Embed time: 0.02 seconds
Extract time: 0.01 seconds
0.06666666666666667
Embed time: 0.02 seconds
Extract time: 0.01 seconds
0.06666666666666667
Embed time: 0.02 seconds
Extract time: 0.01 seconds
0.0
Embed time: 0.02 seconds
Extract time: 0.01 seconds
0.06666666666666667
Embed time: 0.01 seconds
Extract time: 0.01 seconds
0.13333333333333333
Embed time: 0.02 seconds
Extract time: 0.01 seconds
0.03333333333333333
Embed time: 0.02 seconds
Extract time: 0.01 seconds
0.03333333333333333
Embed time: 0.01 seconds
Extract time: 0.01 seconds
0.0
Embed time: 0.01 seconds
Extract time: 0.01 seconds
0.03333333333333333
Embed time: 0.02 seconds
Extract time: 0.01 seconds
0.03333333333333333
Embed time: 0.01 seconds
Extract time: 0.01 seconds
0.13333333333333333
Embed time: 0.02 seconds
Extract time: 0.01 seconds
0.03333333333333333
Embed time: 0.02 seconds
Extract time: 0.01 seconds
0.1
Embed time: 0.01 seconds
Extract time: 0.01 seconds
0.03333333333333333
Embed time: 0.02 seconds
Extract time: 0.01 seconds
0.1
Embed time: 0.02 seconds
Extract time: 0.01 seconds
0.03333333333333333
Embed time: 0.02 seconds
Extract time: 0.01 seconds
0.0
Embed time: 0.02 seconds
Extract time: 0.01 seconds
0.0
Embed time: 0.02 seconds
Extract time: 0.01 seconds
0.0
Embed time: 0.02 seconds
Extract time: 0.01 seconds
0.0
Embed time: 0.02 seconds
Extract time: 0.01 seconds
0.0
Embed time: 0.02 seconds
Extract time: 0.01 seconds
0.03333333333333333
Embed time: 0.02 seconds
Extract time: 0.01 seconds
0.03333333333333333
Embed time: 0.01 seconds
Extract time: 0.01 seconds
0.03333333333333333
Embed time: 0.02 seconds
Extract time: 0.01 seconds
0.06666666666666667
Embed time: 0.02 seconds
Extract time: 0.01 seconds
0.03333333333333333
Embed time: 0.01 seconds
Extract time: 0.01 seconds
0.06666666666666667
Embed time: 0.01 seconds
Extract time: 0.01 seconds
0.03333333333333333
Embed time: 0.01 seconds
Extract time: 0.01 seconds
0.06666666666666667
Embed time: 0.02 seconds
Extract time: 0.01 seconds
0.1
Embed time: 0.02 seconds
Extract time: 0.01 seconds
0.0
Embed time: 0.01 seconds
Extract time: 0.01 seconds
0.03333333333333333
Embed time: 0.01 seconds
Extract time: 0.01 seconds
0.03333333333333333
Embed time: 0.02 seconds
Extract time: 0.01 seconds
0.03333333333333333
Embed time: 0.02 seconds
Extract time: 0.01 seconds
0.06666666666666667
Embed time: 0.02 seconds
Extract time: 0.01 seconds
0.1
Embed time: 0.02 seconds
Extract time: 0.01 seconds
0.06666666666666667
Embed time: 0.02 seconds
Extract time: 0.01 seconds
0.03333333333333333
Embed time: 0.02 seconds
Extract time: 0.01 seconds
0.0
Embed time: 0.02 seconds
Extract time: 0.01 seconds
0.0
Embed time: 0.02 seconds
Extract time: 0.01 seconds
0.03333333333333333
Embed time: 0.02 seconds
Extract time: 0.01 seconds
0.03333333333333333
Embed time: 0.01 seconds
Extract time: 0.01 seconds
0.16666666666666666
Embed time: 0.01 seconds
Extract time: 0.01 seconds
0.1
Embed time: 0.02 seconds
Extract time: 0.01 seconds
0.06666666666666667
Embed time: 0.01 seconds
Extract time: 0.01 seconds
0.06666666666666667
Embed time: 0.01 seconds
Extract time: 0.01 seconds
0.06666666666666667
25-07-14 15:46:32.980 - INFO: # Validation JPEG for iteration 34500 # PSNR_Stego: 2.7490e+01, Bit_acc: 5.0333e-02
2025-07-14 15:46:32,980 - INFO - # Validation JPEG for iteration 34500 # PSNR_Stego: 2.7490e+01, Bit_acc: 5.0333e-02
25-07-14 15:46:32.981 - INFO: <epoch: 65, iter:  34,500> PSNR_Stego: 2.7490e+01, Bit_acc:  5.0333e-02
2025-07-14 15:46:32,981 - INFO - <epoch: 65, iter:  34,500> PSNR_Stego: 2.7490e+01, Bit_acc:  5.0333e-02
----- End Validation with JPEG 70 for iteration 34500 -----
----- Start Validation with Gaussian Noise 10 for iteration 34500 -----
Embed time: 0.03 seconds
Extract time: 0.01 seconds
0.0
Embed time: 0.02 seconds
Extract time: 0.01 seconds
0.0
Embed time: 0.02 seconds
Extract time: 0.03 seconds
0.03333333333333333
Embed time: 0.02 seconds
Extract time: 0.01 seconds
0.0
Embed time: 0.02 seconds
Extract time: 0.01 seconds
0.03333333333333333
Embed time: 0.02 seconds
Extract time: 0.01 seconds
0.0
Embed time: 0.02 seconds
Extract time: 0.01 seconds
0.03333333333333333
Embed time: 0.02 seconds
Extract time: 0.01 seconds
0.0
Embed time: 0.02 seconds
Extract time: 0.02 seconds
0.0
Embed time: 0.02 seconds
Extract time: 0.01 seconds
0.0
Embed time: 0.01 seconds
Extract time: 0.01 seconds
0.0
Embed time: 0.02 seconds
Extract time: 0.01 seconds
0.0
Embed time: 0.02 seconds
Extract time: 0.01 seconds
0.0
Embed time: 0.02 seconds
Extract time: 0.01 seconds
0.0
Embed time: 0.01 seconds
Extract time: 0.01 seconds
0.03333333333333333
Embed time: 0.02 seconds
Extract time: 0.01 seconds
0.0
Embed time: 0.03 seconds
Extract time: 0.02 seconds
0.0
Embed time: 0.02 seconds
Extract time: 0.01 seconds
0.0
Embed time: 0.03 seconds
Extract time: 0.01 seconds
0.0
Embed time: 0.01 seconds
Extract time: 0.01 seconds
0.0
Embed time: 0.02 seconds
Extract time: 0.01 seconds
0.0
Embed time: 0.02 seconds
Extract time: 0.01 seconds
0.0
Embed time: 0.03 seconds
Extract time: 0.01 seconds
0.0
Embed time: 0.02 seconds
Extract time: 0.01 seconds
0.0
Embed time: 0.02 seconds
Extract time: 0.01 seconds
0.0
Embed time: 0.02 seconds
Extract time: 0.01 seconds
0.0
Embed time: 0.02 seconds
Extract time: 0.01 seconds
0.0
Embed time: 0.02 seconds
Extract time: 0.01 seconds
0.0
Embed time: 0.02 seconds
Extract time: 0.01 seconds
0.0
Embed time: 0.02 seconds
Extract time: 0.01 seconds
0.0
Embed time: 0.02 seconds
Extract time: 0.01 seconds
0.0
Embed time: 0.02 seconds
Extract time: 0.01 seconds
0.06666666666666667
Embed time: 0.03 seconds
Extract time: 0.01 seconds
0.0
Embed time: 0.02 seconds
Extract time: 0.01 seconds
0.0
Embed time: 0.02 seconds
Extract time: 0.03 seconds
0.0
Embed time: 0.02 seconds
Extract time: 0.02 seconds
0.0
Embed time: 0.02 seconds
Extract time: 0.02 seconds
0.0
Embed time: 0.02 seconds
Extract time: 0.01 seconds
0.0
Embed time: 0.02 seconds
Extract time: 0.01 seconds
0.0
Embed time: 0.02 seconds
Extract time: 0.01 seconds
0.0
Embed time: 0.02 seconds
Extract time: 0.01 seconds
0.0
Embed time: 0.02 seconds
Extract time: 0.01 seconds
0.03333333333333333
Embed time: 0.02 seconds
Extract time: 0.01 seconds
0.0
Embed time: 0.02 seconds
Extract time: 0.01 seconds
0.0
Embed time: 0.01 seconds
Extract time: 0.01 seconds
0.0
Embed time: 0.01 seconds
Extract time: 0.01 seconds
0.0
Embed time: 0.01 seconds
Extract time: 0.01 seconds
0.0
Embed time: 0.01 seconds
Extract time: 0.01 seconds
0.0
Embed time: 0.01 seconds
Extract time: 0.01 seconds
0.0
Embed time: 0.02 seconds
Extract time: 0.01 seconds
0.03333333333333333
Embed time: 0.02 seconds
Extract time: 0.01 seconds
0.03333333333333333
Embed time: 0.02 seconds
Extract time: 0.01 seconds
0.0
Embed time: 0.01 seconds
Extract time: 0.01 seconds
0.0
Embed time: 0.02 seconds
Extract time: 0.02 seconds
0.0
Embed time: 0.02 seconds
Extract time: 0.01 seconds
0.0
Embed time: 0.02 seconds
Extract time: 0.02 seconds
0.0
Embed time: 0.02 seconds
Extract time: 0.01 seconds
0.0
Embed time: 0.01 seconds
Extract time: 0.01 seconds
0.03333333333333333
Embed time: 0.02 seconds
Extract time: 0.01 seconds
0.0
Embed time: 0.02 seconds
Extract time: 0.01 seconds
0.0
Embed time: 0.02 seconds
Extract time: 0.01 seconds
0.0
Embed time: 0.02 seconds
Extract time: 0.01 seconds
0.0
Embed time: 0.02 seconds
Extract time: 0.01 seconds
0.0
Embed time: 0.02 seconds
Extract time: 0.01 seconds
0.0
Embed time: 0.02 seconds
Extract time: 0.01 seconds
0.0
Embed time: 0.02 seconds
Extract time: 0.01 seconds
0.0
Embed time: 0.02 seconds
Extract time: 0.01 seconds
0.0
Embed time: 0.02 seconds
Extract time: 0.01 seconds
0.0
Embed time: 0.02 seconds
Extract time: 0.01 seconds
0.0
Embed time: 0.02 seconds
Extract time: 0.01 seconds
0.0
Embed time: 0.02 seconds
Extract time: 0.01 seconds
0.0
Embed time: 0.02 seconds
Extract time: 0.01 seconds
0.0
Embed time: 0.02 seconds
Extract time: 0.01 seconds
0.03333333333333333
Embed time: 0.02 seconds
Extract time: 0.01 seconds
0.0
Embed time: 0.02 seconds
Extract time: 0.01 seconds
0.0
Embed time: 0.01 seconds
Extract time: 0.01 seconds
0.0
Embed time: 0.02 seconds
Extract time: 0.01 seconds
0.0
Embed time: 0.02 seconds
Extract time: 0.01 seconds
0.0
Embed time: 0.02 seconds
Extract time: 0.01 seconds
0.0
Embed time: 0.02 seconds
Extract time: 0.01 seconds
0.03333333333333333
Embed time: 0.02 seconds
Extract time: 0.01 seconds
0.0
Embed time: 0.02 seconds
Extract time: 0.01 seconds
0.0
Embed time: 0.02 seconds
Extract time: 0.01 seconds
0.0
Embed time: 0.02 seconds
Extract time: 0.01 seconds
0.0
Embed time: 0.02 seconds
Extract time: 0.01 seconds
0.0
Embed time: 0.02 seconds
Extract time: 0.01 seconds
0.0
Embed time: 0.02 seconds
Extract time: 0.01 seconds
0.0
Embed time: 0.02 seconds
Extract time: 0.01 seconds
0.06666666666666667
Embed time: 0.02 seconds
Extract time: 0.01 seconds
0.0
Embed time: 0.02 seconds
Extract time: 0.01 seconds
0.0
Embed time: 0.02 seconds
Extract time: 0.01 seconds
0.0
Embed time: 0.02 seconds
Extract time: 0.01 seconds
0.0
Embed time: 0.02 seconds
Extract time: 0.01 seconds
0.0
Embed time: 0.02 seconds
Extract time: 0.01 seconds
0.0
Embed time: 0.02 seconds
Extract time: 0.01 seconds
0.0
Embed time: 0.02 seconds
Extract time: 0.01 seconds
0.0
Embed time: 0.02 seconds
Extract time: 0.01 seconds
0.0
Embed time: 0.02 seconds
Extract time: 0.02 seconds
0.0
Embed time: 0.01 seconds
Extract time: 0.01 seconds
0.0
Embed time: 0.01 seconds
Extract time: 0.01 seconds
0.03333333333333333
25-07-14 15:46:38.095 - INFO: # Validation Gaussian Noise for iteration 34500 # PSNR_Stego: 1.4022e+01, Bit_acc: 2.7517e-03
2025-07-14 15:46:38,095 - INFO - # Validation Gaussian Noise for iteration 34500 # PSNR_Stego: 1.4022e+01, Bit_acc: 2.7517e-03
25-07-14 15:46:38.096 - INFO: <epoch: 65, iter:  34,500> PSNR_Stego: 1.4022e+01, Bit_acc:  2.7517e-03
2025-07-14 15:46:38,096 - INFO - <epoch: 65, iter:  34,500> PSNR_Stego: 1.4022e+01, Bit_acc:  2.7517e-03
----- End Validation with Gaussian Noise 10 for iteration 34500 -----
25-07-14 15:46:38.096 - INFO: Saving models and training states.
2025-07-14 15:46:38,096 - INFO - Saving models and training states.
Checkpoint save path: /workspace/EditGuard-V1/experiments/train_ibsn_bit_64/models/34500_G.pth

===== Checkpoint State Path: /workspace/EditGuard-V1/experiments/train_ibsn_bit_64/training_state/34500.state =====

========== Epoch: 66 ==========
25-07-14 15:47:24.651 - INFO: <epoch: 66, iter:  34,600, lr:1.250e-05> l_forw_fit: 7.0049e+00 l_msg: 6.5589e-04 
2025-07-14 15:47:24,651 - INFO - <epoch: 66, iter:  34,600, lr:1.250e-05> l_forw_fit: 7.0049e+00 l_msg: 6.5589e-04 
25-07-14 15:47:50.079 - INFO: <epoch: 66, iter:  34,700, lr:1.250e-05> l_forw_fit: 5.5651e+00 l_msg: 4.0401e-05 
2025-07-14 15:47:50,079 - INFO - <epoch: 66, iter:  34,700, lr:1.250e-05> l_forw_fit: 5.5651e+00 l_msg: 4.0401e-05 
25-07-14 15:48:15.911 - INFO: <epoch: 66, iter:  34,800, lr:1.250e-05> l_forw_fit: 1.0474e+01 l_msg: 7.1577e-04 
2025-07-14 15:48:15,911 - INFO - <epoch: 66, iter:  34,800, lr:1.250e-05> l_forw_fit: 1.0474e+01 l_msg: 7.1577e-04 
25-07-14 15:48:41.371 - INFO: <epoch: 66, iter:  34,900, lr:1.250e-05> l_forw_fit: 7.9549e+00 l_msg: 1.3076e-04 
2025-07-14 15:48:41,371 - INFO - <epoch: 66, iter:  34,900, lr:1.250e-05> l_forw_fit: 7.9549e+00 l_msg: 1.3076e-04 
25-07-14 15:49:05.333 - INFO: <epoch: 66, iter:  35,000, lr:1.250e-05> l_forw_fit: 5.5201e+00 l_msg: 9.5350e-03 
2025-07-14 15:49:05,333 - INFO - <epoch: 66, iter:  35,000, lr:1.250e-05> l_forw_fit: 5.5201e+00 l_msg: 9.5350e-03 
----- Start Validation with JPEG 70 for iteration 35000 -----
Embed time: 0.03 seconds
Extract time: 0.02 seconds
0.16666666666666666
Embed time: 0.02 seconds
Extract time: 0.01 seconds
0.3333333333333333
Embed time: 0.02 seconds
Extract time: 0.01 seconds
0.16666666666666666
Embed time: 0.02 seconds
Extract time: 0.01 seconds
0.03333333333333333
Embed time: 0.02 seconds
Extract time: 0.01 seconds
0.13333333333333333
Embed time: 0.02 seconds
Extract time: 0.01 seconds
0.06666666666666667
Embed time: 0.02 seconds
Extract time: 0.01 seconds
0.06666666666666667
Embed time: 0.02 seconds
Extract time: 0.02 seconds
0.1
Embed time: 0.02 seconds
Extract time: 0.01 seconds
0.03333333333333333
Embed time: 0.02 seconds
Extract time: 0.01 seconds
0.1
Embed time: 0.02 seconds
Extract time: 0.01 seconds
0.13333333333333333
Embed time: 0.02 seconds
Extract time: 0.01 seconds
0.03333333333333333
Embed time: 0.02 seconds
Extract time: 0.01 seconds
0.06666666666666667
Embed time: 0.02 seconds
Extract time: 0.01 seconds
0.1
Embed time: 0.02 seconds
Extract time: 0.01 seconds
0.03333333333333333
Embed time: 0.02 seconds
Extract time: 0.01 seconds
0.06666666666666667
Embed time: 0.02 seconds
Extract time: 0.01 seconds
0.1
Embed time: 0.02 seconds
Extract time: 0.01 seconds
0.0
Embed time: 0.02 seconds
Extract time: 0.01 seconds
0.03333333333333333
Embed time: 0.02 seconds
Extract time: 0.01 seconds
0.03333333333333333
Embed time: 0.02 seconds
Extract time: 0.01 seconds
0.06666666666666667
Embed time: 0.02 seconds
Extract time: 0.01 seconds
0.1
Embed time: 0.02 seconds
Extract time: 0.01 seconds
0.03333333333333333
Embed time: 0.02 seconds
Extract time: 0.01 seconds
0.03333333333333333
Embed time: 0.02 seconds
Extract time: 0.01 seconds
0.23333333333333334
Embed time: 0.02 seconds
Extract time: 0.01 seconds
0.13333333333333333
Embed time: 0.02 seconds
Extract time: 0.01 seconds
0.13333333333333333
Embed time: 0.02 seconds
Extract time: 0.01 seconds
0.06666666666666667
Embed time: 0.02 seconds
Extract time: 0.01 seconds
0.0
Embed time: 0.02 seconds
Extract time: 0.01 seconds
0.03333333333333333
Embed time: 0.03 seconds
Extract time: 0.01 seconds
0.06666666666666667
Embed time: 0.02 seconds
Extract time: 0.01 seconds
0.03333333333333333
Embed time: 0.02 seconds
Extract time: 0.01 seconds
0.06666666666666667
Embed time: 0.03 seconds
Extract time: 0.01 seconds
0.16666666666666666
Embed time: 0.02 seconds
Extract time: 0.01 seconds
0.1
Embed time: 0.02 seconds
Extract time: 0.01 seconds
0.06666666666666667
Embed time: 0.02 seconds
Extract time: 0.01 seconds
0.13333333333333333
Embed time: 0.02 seconds
Extract time: 0.01 seconds
0.1
Embed time: 0.02 seconds
Extract time: 0.01 seconds
0.0
Embed time: 0.02 seconds
Extract time: 0.01 seconds
0.06666666666666667
Embed time: 0.01 seconds
Extract time: 0.01 seconds
0.06666666666666667
Embed time: 0.02 seconds
Extract time: 0.01 seconds
0.16666666666666666
Embed time: 0.02 seconds
Extract time: 0.01 seconds
0.0
Embed time: 0.02 seconds
Extract time: 0.01 seconds
0.06666666666666667
Embed time: 0.02 seconds
Extract time: 0.01 seconds
0.06666666666666667
Embed time: 0.01 seconds
Extract time: 0.01 seconds
0.13333333333333333
Embed time: 0.02 seconds
Extract time: 0.01 seconds
0.03333333333333333
Embed time: 0.01 seconds
Extract time: 0.01 seconds
0.1
Embed time: 0.02 seconds
Extract time: 0.01 seconds
0.03333333333333333
Embed time: 0.02 seconds
Extract time: 0.01 seconds
0.16666666666666666
Embed time: 0.02 seconds
Extract time: 0.01 seconds
0.06666666666666667
Embed time: 0.02 seconds
Extract time: 0.01 seconds
0.13333333333333333
Embed time: 0.01 seconds
Extract time: 0.01 seconds
0.0
Embed time: 0.02 seconds
Extract time: 0.01 seconds
0.06666666666666667
Embed time: 0.02 seconds
Extract time: 0.01 seconds
0.03333333333333333
Embed time: 0.02 seconds
Extract time: 0.01 seconds
0.16666666666666666
Embed time: 0.02 seconds
Extract time: 0.01 seconds
0.0
Embed time: 0.02 seconds
Extract time: 0.01 seconds
0.03333333333333333
Embed time: 0.02 seconds
Extract time: 0.01 seconds
0.03333333333333333
Embed time: 0.02 seconds
Extract time: 0.01 seconds
0.0
Embed time: 0.02 seconds
Extract time: 0.01 seconds
0.03333333333333333
Embed time: 0.02 seconds
Extract time: 0.01 seconds
0.06666666666666667
Embed time: 0.02 seconds
Extract time: 0.01 seconds
0.03333333333333333
Embed time: 0.02 seconds
Extract time: 0.01 seconds
0.1
Embed time: 0.02 seconds
Extract time: 0.01 seconds
0.13333333333333333
Embed time: 0.02 seconds
Extract time: 0.01 seconds
0.06666666666666667
Embed time: 0.02 seconds
Extract time: 0.01 seconds
0.06666666666666667
Embed time: 0.02 seconds
Extract time: 0.01 seconds
0.1
Embed time: 0.02 seconds
Extract time: 0.01 seconds
0.03333333333333333
Embed time: 0.02 seconds
Extract time: 0.01 seconds
0.06666666666666667
Embed time: 0.02 seconds
Extract time: 0.01 seconds
0.06666666666666667
Embed time: 0.02 seconds
Extract time: 0.01 seconds
0.13333333333333333
Embed time: 0.02 seconds
Extract time: 0.01 seconds
0.13333333333333333
Embed time: 0.02 seconds
Extract time: 0.01 seconds
0.06666666666666667
Embed time: 0.01 seconds
Extract time: 0.01 seconds
0.03333333333333333
Embed time: 0.02 seconds
Extract time: 0.01 seconds
0.03333333333333333
Embed time: 0.02 seconds
Extract time: 0.01 seconds
0.0
Embed time: 0.02 seconds
Extract time: 0.01 seconds
0.06666666666666667
Embed time: 0.02 seconds
Extract time: 0.01 seconds
0.13333333333333333
Embed time: 0.01 seconds
Extract time: 0.01 seconds
0.13333333333333333
Embed time: 0.02 seconds
Extract time: 0.01 seconds
0.03333333333333333
Embed time: 0.02 seconds
Extract time: 0.01 seconds
0.06666666666666667
Embed time: 0.02 seconds
Extract time: 0.01 seconds
0.13333333333333333
Embed time: 0.02 seconds
Extract time: 0.01 seconds
0.1
Embed time: 0.02 seconds
Extract time: 0.01 seconds
0.0
Embed time: 0.02 seconds
Extract time: 0.01 seconds
0.1
Embed time: 0.02 seconds
Extract time: 0.01 seconds
0.06666666666666667
Embed time: 0.02 seconds
Extract time: 0.01 seconds
0.0
Embed time: 0.02 seconds
Extract time: 0.01 seconds
0.03333333333333333
Embed time: 0.02 seconds
Extract time: 0.01 seconds
0.0
Embed time: 0.02 seconds
Extract time: 0.01 seconds
0.2
Embed time: 0.02 seconds
Extract time: 0.01 seconds
0.06666666666666667
Embed time: 0.02 seconds
Extract time: 0.01 seconds
0.1
Embed time: 0.02 seconds
Extract time: 0.01 seconds
0.1
Embed time: 0.02 seconds
Extract time: 0.01 seconds
0.03333333333333333
Embed time: 0.01 seconds
Extract time: 0.01 seconds
0.1
Embed time: 0.02 seconds
Extract time: 0.01 seconds
0.06666666666666667
Embed time: 0.02 seconds
Extract time: 0.01 seconds
0.06666666666666667
Embed time: 0.01 seconds
Extract time: 0.01 seconds
0.13333333333333333
Embed time: 0.01 seconds
Extract time: 0.01 seconds
0.13333333333333333
25-07-14 15:49:13.017 - INFO: # Validation JPEG for iteration 35000 # PSNR_Stego: 2.7576e+01, Bit_acc: 7.8333e-02
2025-07-14 15:49:13,017 - INFO - # Validation JPEG for iteration 35000 # PSNR_Stego: 2.7576e+01, Bit_acc: 7.8333e-02
25-07-14 15:49:13.018 - INFO: <epoch: 66, iter:  35,000> PSNR_Stego: 2.7576e+01, Bit_acc:  7.8333e-02
2025-07-14 15:49:13,018 - INFO - <epoch: 66, iter:  35,000> PSNR_Stego: 2.7576e+01, Bit_acc:  7.8333e-02
----- End Validation with JPEG 70 for iteration 35000 -----
----- Start Validation with Gaussian Noise 10 for iteration 35000 -----
Embed time: 0.02 seconds
Extract time: 0.01 seconds
0.0
Embed time: 0.02 seconds
Extract time: 0.01 seconds
0.03333333333333333
Embed time: 0.02 seconds
Extract time: 0.01 seconds
0.03333333333333333
Embed time: 0.02 seconds
Extract time: 0.01 seconds
0.0
Embed time: 0.02 seconds
Extract time: 0.01 seconds
0.03333333333333333
Embed time: 0.02 seconds
Extract time: 0.01 seconds
0.0
Embed time: 0.02 seconds
Extract time: 0.01 seconds
0.0
Embed time: 0.02 seconds
Extract time: 0.01 seconds
0.03333333333333333
Embed time: 0.02 seconds
Extract time: 0.01 seconds
0.0
Embed time: 0.02 seconds
Extract time: 0.01 seconds
0.06666666666666667
Embed time: 0.02 seconds
Extract time: 0.01 seconds
0.0
Embed time: 0.02 seconds
Extract time: 0.01 seconds
0.0
Embed time: 0.03 seconds
Extract time: 0.01 seconds
0.0
Embed time: 0.02 seconds
Extract time: 0.01 seconds
0.0
Embed time: 0.03 seconds
Extract time: 0.01 seconds
0.0
Embed time: 0.02 seconds
Extract time: 0.04 seconds
0.0
Embed time: 0.02 seconds
Extract time: 0.01 seconds
0.0
Embed time: 0.01 seconds
Extract time: 0.01 seconds
0.0
Embed time: 0.02 seconds
Extract time: 0.01 seconds
0.0
Embed time: 0.02 seconds
Extract time: 0.03 seconds
0.0
Embed time: 0.02 seconds
Extract time: 0.01 seconds
0.03333333333333333
Embed time: 0.01 seconds
Extract time: 0.02 seconds
0.0
Embed time: 0.01 seconds
Extract time: 0.01 seconds
0.03333333333333333
Embed time: 0.02 seconds
Extract time: 0.01 seconds
0.0
Embed time: 0.02 seconds
Extract time: 0.01 seconds
0.0
Embed time: 0.02 seconds
Extract time: 0.01 seconds
0.0
Embed time: 0.01 seconds
Extract time: 0.01 seconds
0.06666666666666667
Embed time: 0.03 seconds
Extract time: 0.01 seconds
0.0
Embed time: 0.02 seconds
Extract time: 0.01 seconds
0.0
Embed time: 0.02 seconds
Extract time: 0.02 seconds
0.0
Embed time: 0.05 seconds
Extract time: 0.01 seconds
0.0
Embed time: 0.03 seconds
Extract time: 0.02 seconds
0.06666666666666667
Embed time: 0.02 seconds
Extract time: 0.01 seconds
0.0
Embed time: 0.02 seconds
Extract time: 0.01 seconds
0.0
Embed time: 0.02 seconds
Extract time: 0.01 seconds
0.0
Embed time: 0.08 seconds
Extract time: 0.01 seconds
0.0
Embed time: 0.02 seconds
Extract time: 0.01 seconds
0.0
Embed time: 0.08 seconds
Extract time: 0.02 seconds
0.0
Embed time: 0.03 seconds
Extract time: 0.02 seconds
0.0
Embed time: 0.02 seconds
Extract time: 0.01 seconds
0.0
Embed time: 0.02 seconds
Extract time: 0.01 seconds
0.0
Embed time: 0.04 seconds
Extract time: 0.02 seconds
0.06666666666666667
Embed time: 0.02 seconds
Extract time: 0.01 seconds
0.0
Embed time: 0.02 seconds
Extract time: 0.01 seconds
0.03333333333333333
Embed time: 0.04 seconds
Extract time: 0.01 seconds
0.0
Embed time: 0.04 seconds
Extract time: 0.01 seconds
0.0
Embed time: 0.02 seconds
Extract time: 0.01 seconds
0.0
Embed time: 0.02 seconds
Extract time: 0.01 seconds
0.03333333333333333
Embed time: 0.02 seconds
Extract time: 0.01 seconds
0.0
Embed time: 0.02 seconds
Extract time: 0.01 seconds
0.0
Embed time: 0.02 seconds
Extract time: 0.01 seconds
0.0
Embed time: 0.02 seconds
Extract time: 0.01 seconds
0.03333333333333333
Embed time: 0.02 seconds
Extract time: 0.01 seconds
0.0
Embed time: 0.03 seconds
Extract time: 0.01 seconds
0.0
Embed time: 0.02 seconds
Extract time: 0.01 seconds
0.0
Embed time: 0.02 seconds
Extract time: 0.01 seconds
0.0
Embed time: 0.02 seconds
Extract time: 0.01 seconds
0.0
Embed time: 0.02 seconds
Extract time: 0.01 seconds
0.03333333333333333
Embed time: 0.02 seconds
Extract time: 0.01 seconds
0.0
Embed time: 0.02 seconds
Extract time: 0.01 seconds
0.0
Embed time: 0.02 seconds
Extract time: 0.01 seconds
0.03333333333333333
Embed time: 0.02 seconds
Extract time: 0.01 seconds
0.0
Embed time: 0.02 seconds
Extract time: 0.01 seconds
0.0
Embed time: 0.02 seconds
Extract time: 0.01 seconds
0.0
Embed time: 0.02 seconds
Extract time: 0.01 seconds
0.0
Embed time: 0.02 seconds
Extract time: 0.01 seconds
0.0
Embed time: 0.02 seconds
Extract time: 0.01 seconds
0.0
Embed time: 0.02 seconds
Extract time: 0.01 seconds
0.0
Embed time: 0.03 seconds
Extract time: 0.01 seconds
0.0
Embed time: 0.02 seconds
Extract time: 0.01 seconds
0.0
Embed time: 0.02 seconds
Extract time: 0.01 seconds
0.0
Embed time: 0.02 seconds
Extract time: 0.01 seconds
0.0
Embed time: 0.02 seconds
Extract time: 0.01 seconds
0.0
Embed time: 0.05 seconds
Extract time: 0.02 seconds
0.0
Embed time: 0.02 seconds
Extract time: 0.01 seconds
0.0
Embed time: 0.02 seconds
Extract time: 0.01 seconds
0.0
Embed time: 0.02 seconds
Extract time: 0.01 seconds
0.0
Embed time: 0.02 seconds
Extract time: 0.01 seconds
0.0
Embed time: 0.02 seconds
Extract time: 0.01 seconds
0.0
Embed time: 0.02 seconds
Extract time: 0.01 seconds
0.03333333333333333
Embed time: 0.02 seconds
Extract time: 0.01 seconds
0.0
Embed time: 0.02 seconds
Extract time: 0.01 seconds
0.0
Embed time: 0.02 seconds
Extract time: 0.01 seconds
0.0
Embed time: 0.02 seconds
Extract time: 0.01 seconds
0.0
Embed time: 0.02 seconds
Extract time: 0.01 seconds
0.0
Embed time: 0.02 seconds
Extract time: 0.01 seconds
0.0
Embed time: 0.02 seconds
Extract time: 0.01 seconds
0.0
Embed time: 0.02 seconds
Extract time: 0.01 seconds
0.0
Embed time: 0.02 seconds
Extract time: 0.01 seconds
0.0
Embed time: 0.02 seconds
Extract time: 0.01 seconds
0.03333333333333333
Embed time: 0.02 seconds
Extract time: 0.01 seconds
0.0
Embed time: 0.02 seconds
Extract time: 0.01 seconds
0.0
Embed time: 0.02 seconds
Extract time: 0.01 seconds
0.06666666666666667
Embed time: 0.02 seconds
Extract time: 0.01 seconds
0.0
Embed time: 0.02 seconds
Extract time: 0.01 seconds
0.06666666666666667
Embed time: 0.02 seconds
Extract time: 0.01 seconds
0.0
Embed time: 0.02 seconds
Extract time: 0.01 seconds
0.0
Embed time: 0.02 seconds
Extract time: 0.01 seconds
0.0
Embed time: 0.02 seconds
Extract time: 0.01 seconds
0.0
Embed time: 0.02 seconds
Extract time: 0.01 seconds
0.03333333333333333
25-07-14 15:49:19.007 - INFO: # Validation Gaussian Noise for iteration 35000 # PSNR_Stego: 1.4066e+01, Bit_acc: 4.7250e-03
2025-07-14 15:49:19,007 - INFO - # Validation Gaussian Noise for iteration 35000 # PSNR_Stego: 1.4066e+01, Bit_acc: 4.7250e-03
25-07-14 15:49:19.008 - INFO: <epoch: 66, iter:  35,000> PSNR_Stego: 1.4066e+01, Bit_acc:  4.7250e-03
2025-07-14 15:49:19,008 - INFO - <epoch: 66, iter:  35,000> PSNR_Stego: 1.4066e+01, Bit_acc:  4.7250e-03
----- End Validation with Gaussian Noise 10 for iteration 35000 -----
25-07-14 15:49:19.008 - INFO: Saving models and training states.
2025-07-14 15:49:19,008 - INFO - Saving models and training states.
Checkpoint save path: /workspace/EditGuard-V1/experiments/train_ibsn_bit_64/models/35000_G.pth

===== Checkpoint State Path: /workspace/EditGuard-V1/experiments/train_ibsn_bit_64/training_state/35000.state =====

========== Epoch: 67 ==========
25-07-14 15:50:03.026 - INFO: <epoch: 67, iter:  35,100, lr:1.250e-05> l_forw_fit: 6.4161e+00 l_msg: 1.8109e-02 
2025-07-14 15:50:03,026 - INFO - <epoch: 67, iter:  35,100, lr:1.250e-05> l_forw_fit: 6.4161e+00 l_msg: 1.8109e-02 
25-07-14 15:50:28.473 - INFO: <epoch: 67, iter:  35,200, lr:1.250e-05> l_forw_fit: 6.0659e+00 l_msg: 2.2250e-02 
2025-07-14 15:50:28,473 - INFO - <epoch: 67, iter:  35,200, lr:1.250e-05> l_forw_fit: 6.0659e+00 l_msg: 2.2250e-02 
25-07-14 15:50:53.659 - INFO: <epoch: 67, iter:  35,300, lr:1.250e-05> l_forw_fit: 5.8559e+00 l_msg: 3.6746e-03 
2025-07-14 15:50:53,659 - INFO - <epoch: 67, iter:  35,300, lr:1.250e-05> l_forw_fit: 5.8559e+00 l_msg: 3.6746e-03 
25-07-14 15:51:18.997 - INFO: <epoch: 67, iter:  35,400, lr:1.250e-05> l_forw_fit: 6.9854e+00 l_msg: 2.4635e-03 
2025-07-14 15:51:18,997 - INFO - <epoch: 67, iter:  35,400, lr:1.250e-05> l_forw_fit: 6.9854e+00 l_msg: 2.4635e-03 
25-07-14 15:51:43.253 - INFO: <epoch: 67, iter:  35,500, lr:1.250e-05> l_forw_fit: 1.2382e+01 l_msg: 1.7513e-04 
2025-07-14 15:51:43,253 - INFO - <epoch: 67, iter:  35,500, lr:1.250e-05> l_forw_fit: 1.2382e+01 l_msg: 1.7513e-04 
----- Start Validation with JPEG 70 for iteration 35500 -----
Embed time: 0.03 seconds
Extract time: 0.02 seconds
0.03333333333333333
Embed time: 0.02 seconds
Extract time: 0.01 seconds
0.23333333333333334
Embed time: 0.02 seconds
Extract time: 0.01 seconds
0.2
Embed time: 0.02 seconds
Extract time: 0.01 seconds
0.03333333333333333
Embed time: 0.02 seconds
Extract time: 0.01 seconds
0.1
Embed time: 0.02 seconds
Extract time: 0.01 seconds
0.06666666666666667
Embed time: 0.02 seconds
Extract time: 0.01 seconds
0.13333333333333333
Embed time: 0.02 seconds
Extract time: 0.01 seconds
0.03333333333333333
Embed time: 0.02 seconds
Extract time: 0.01 seconds
0.06666666666666667
Embed time: 0.02 seconds
Extract time: 0.01 seconds
0.03333333333333333
Embed time: 0.02 seconds
Extract time: 0.01 seconds
0.03333333333333333
Embed time: 0.02 seconds
Extract time: 0.01 seconds
0.0
Embed time: 0.02 seconds
Extract time: 0.01 seconds
0.06666666666666667
Embed time: 0.02 seconds
Extract time: 0.01 seconds
0.1
Embed time: 0.02 seconds
Extract time: 0.01 seconds
0.03333333333333333
Embed time: 0.02 seconds
Extract time: 0.01 seconds
0.06666666666666667
Embed time: 0.02 seconds
Extract time: 0.01 seconds
0.06666666666666667
Embed time: 0.02 seconds
Extract time: 0.01 seconds
0.03333333333333333
Embed time: 0.02 seconds
Extract time: 0.01 seconds
0.0
Embed time: 0.02 seconds
Extract time: 0.01 seconds
0.03333333333333333
Embed time: 0.02 seconds
Extract time: 0.01 seconds
0.03333333333333333
Embed time: 0.02 seconds
Extract time: 0.01 seconds
0.03333333333333333
Embed time: 0.02 seconds
Extract time: 0.01 seconds
0.13333333333333333
Embed time: 0.02 seconds
Extract time: 0.01 seconds
0.03333333333333333
Embed time: 0.02 seconds
Extract time: 0.01 seconds
0.1
Embed time: 0.02 seconds
Extract time: 0.01 seconds
0.13333333333333333
Embed time: 0.02 seconds
Extract time: 0.01 seconds
0.13333333333333333
Embed time: 0.02 seconds
Extract time: 0.01 seconds
0.03333333333333333
Embed time: 0.02 seconds
Extract time: 0.01 seconds
0.03333333333333333
Embed time: 0.02 seconds
Extract time: 0.01 seconds
0.0
Embed time: 0.02 seconds
Extract time: 0.01 seconds
0.06666666666666667
Embed time: 0.02 seconds
Extract time: 0.01 seconds
0.13333333333333333
Embed time: 0.02 seconds
Extract time: 0.01 seconds
0.03333333333333333
Embed time: 0.02 seconds
Extract time: 0.01 seconds
0.06666666666666667
Embed time: 0.02 seconds
Extract time: 0.01 seconds
0.06666666666666667
Embed time: 0.02 seconds
Extract time: 0.01 seconds
0.03333333333333333
Embed time: 0.02 seconds
Extract time: 0.01 seconds
0.03333333333333333
Embed time: 0.02 seconds
Extract time: 0.01 seconds
0.03333333333333333
Embed time: 0.02 seconds
Extract time: 0.01 seconds
0.0
Embed time: 0.02 seconds
Extract time: 0.01 seconds
0.2
Embed time: 0.02 seconds
Extract time: 0.01 seconds
0.0
Embed time: 0.02 seconds
Extract time: 0.01 seconds
0.16666666666666666
Embed time: 0.02 seconds
Extract time: 0.01 seconds
0.0
Embed time: 0.02 seconds
Extract time: 0.01 seconds
0.06666666666666667
Embed time: 0.02 seconds
Extract time: 0.01 seconds
0.03333333333333333
Embed time: 0.02 seconds
Extract time: 0.01 seconds
0.1
Embed time: 0.02 seconds
Extract time: 0.01 seconds
0.13333333333333333
Embed time: 0.02 seconds
Extract time: 0.01 seconds
0.06666666666666667
Embed time: 0.03 seconds
Extract time: 0.02 seconds
0.0
Embed time: 0.02 seconds
Extract time: 0.02 seconds
0.16666666666666666
Embed time: 0.02 seconds
Extract time: 0.02 seconds
0.1
Embed time: 0.02 seconds
Extract time: 0.02 seconds
0.06666666666666667
Embed time: 0.02 seconds
Extract time: 0.02 seconds
0.06666666666666667
Embed time: 0.02 seconds
Extract time: 0.01 seconds
0.0
Embed time: 0.02 seconds
Extract time: 0.01 seconds
0.23333333333333334
Embed time: 0.01 seconds
Extract time: 0.01 seconds
0.03333333333333333
Embed time: 0.01 seconds
Extract time: 0.01 seconds
0.06666666666666667
Embed time: 0.01 seconds
Extract time: 0.01 seconds
0.03333333333333333
Embed time: 0.01 seconds
Extract time: 0.01 seconds
0.03333333333333333
Embed time: 0.01 seconds
Extract time: 0.01 seconds
0.03333333333333333
Embed time: 0.02 seconds
Extract time: 0.01 seconds
0.06666666666666667
Embed time: 0.01 seconds
Extract time: 0.01 seconds
0.03333333333333333
Embed time: 0.01 seconds
Extract time: 0.01 seconds
0.03333333333333333
Embed time: 0.01 seconds
Extract time: 0.01 seconds
0.03333333333333333
Embed time: 0.01 seconds
Extract time: 0.01 seconds
0.13333333333333333
Embed time: 0.01 seconds
Extract time: 0.01 seconds
0.06666666666666667
Embed time: 0.01 seconds
Extract time: 0.01 seconds
0.03333333333333333
Embed time: 0.02 seconds
Extract time: 0.01 seconds
0.0
Embed time: 0.02 seconds
Extract time: 0.01 seconds
0.1
Embed time: 0.01 seconds
Extract time: 0.01 seconds
0.06666666666666667
Embed time: 0.01 seconds
Extract time: 0.01 seconds
0.0
Embed time: 0.01 seconds
Extract time: 0.01 seconds
0.1
Embed time: 0.01 seconds
Extract time: 0.01 seconds
0.1
Embed time: 0.01 seconds
Extract time: 0.01 seconds
0.0
Embed time: 0.01 seconds
Extract time: 0.01 seconds
0.03333333333333333
Embed time: 0.01 seconds
Extract time: 0.01 seconds
0.06666666666666667
Embed time: 0.01 seconds
Extract time: 0.01 seconds
0.0
Embed time: 0.01 seconds
Extract time: 0.01 seconds
0.13333333333333333
Embed time: 0.01 seconds
Extract time: 0.01 seconds
0.0
Embed time: 0.01 seconds
Extract time: 0.01 seconds
0.0
Embed time: 0.01 seconds
Extract time: 0.01 seconds
0.0
Embed time: 0.01 seconds
Extract time: 0.01 seconds
0.03333333333333333
Embed time: 0.01 seconds
Extract time: 0.01 seconds
0.1
Embed time: 0.02 seconds
Extract time: 0.01 seconds
0.1
Embed time: 0.01 seconds
Extract time: 0.01 seconds
0.03333333333333333
Embed time: 0.01 seconds
Extract time: 0.01 seconds
0.03333333333333333
Embed time: 0.01 seconds
Extract time: 0.01 seconds
0.1
Embed time: 0.01 seconds
Extract time: 0.01 seconds
0.06666666666666667
Embed time: 0.02 seconds
Extract time: 0.01 seconds
0.03333333333333333
Embed time: 0.01 seconds
Extract time: 0.01 seconds
0.06666666666666667
Embed time: 0.02 seconds
Extract time: 0.01 seconds
0.06666666666666667
Embed time: 0.02 seconds
Extract time: 0.01 seconds
0.06666666666666667
Embed time: 0.01 seconds
Extract time: 0.01 seconds
0.06666666666666667
Embed time: 0.01 seconds
Extract time: 0.01 seconds
0.03333333333333333
Embed time: 0.01 seconds
Extract time: 0.01 seconds
0.06666666666666667
Embed time: 0.01 seconds
Extract time: 0.02 seconds
0.06666666666666667
Embed time: 0.02 seconds
Extract time: 0.01 seconds
0.13333333333333333
Embed time: 0.02 seconds
Extract time: 0.01 seconds
0.06666666666666667
Embed time: 0.01 seconds
Extract time: 0.01 seconds
0.0
Embed time: 0.02 seconds
Extract time: 0.01 seconds
0.03333333333333333
25-07-14 15:51:50.855 - INFO: # Validation JPEG for iteration 35500 # PSNR_Stego: 2.7193e+01, Bit_acc: 6.2667e-02
2025-07-14 15:51:50,855 - INFO - # Validation JPEG for iteration 35500 # PSNR_Stego: 2.7193e+01, Bit_acc: 6.2667e-02
25-07-14 15:51:50.855 - INFO: <epoch: 67, iter:  35,500> PSNR_Stego: 2.7193e+01, Bit_acc:  6.2667e-02
2025-07-14 15:51:50,855 - INFO - <epoch: 67, iter:  35,500> PSNR_Stego: 2.7193e+01, Bit_acc:  6.2667e-02
----- End Validation with JPEG 70 for iteration 35500 -----
----- Start Validation with Gaussian Noise 10 for iteration 35500 -----
Embed time: 0.03 seconds
Extract time: 0.02 seconds
0.0
Embed time: 0.02 seconds
Extract time: 0.01 seconds
0.0
Embed time: 0.02 seconds
Extract time: 0.01 seconds
0.03333333333333333
Embed time: 0.02 seconds
Extract time: 0.01 seconds
0.0
Embed time: 0.02 seconds
Extract time: 0.01 seconds
0.0
Embed time: 0.08 seconds
Extract time: 0.01 seconds
0.0
Embed time: 0.02 seconds
Extract time: 0.01 seconds
0.0
Embed time: 0.02 seconds
Extract time: 0.01 seconds
0.0
Embed time: 0.02 seconds
Extract time: 0.01 seconds
0.0
Embed time: 0.02 seconds
Extract time: 0.01 seconds
0.0
Embed time: 0.02 seconds
Extract time: 0.03 seconds
0.0
Embed time: 0.02 seconds
Extract time: 0.01 seconds
0.0
Embed time: 0.02 seconds
Extract time: 0.01 seconds
0.0
Embed time: 0.02 seconds
Extract time: 0.01 seconds
0.0
Embed time: 0.02 seconds
Extract time: 0.01 seconds
0.0
Embed time: 0.02 seconds
Extract time: 0.01 seconds
0.0
Embed time: 0.02 seconds
Extract time: 0.01 seconds
0.0
Embed time: 0.06 seconds
Extract time: 0.01 seconds
0.0
Embed time: 0.02 seconds
Extract time: 0.01 seconds
0.03333333333333333
Embed time: 0.02 seconds
Extract time: 0.01 seconds
0.0
Embed time: 0.01 seconds
Extract time: 0.01 seconds
0.03333333333333333
Embed time: 0.01 seconds
Extract time: 0.02 seconds
0.0
Embed time: 0.02 seconds
Extract time: 0.01 seconds
0.0
Embed time: 0.02 seconds
Extract time: 0.01 seconds
0.0
Embed time: 0.02 seconds
Extract time: 0.01 seconds
0.0
Embed time: 0.03 seconds
Extract time: 0.01 seconds
0.0
Embed time: 0.01 seconds
Extract time: 0.01 seconds
0.0
Embed time: 0.03 seconds
Extract time: 0.01 seconds
0.0
Embed time: 0.02 seconds
Extract time: 0.01 seconds
0.0
Embed time: 0.03 seconds
Extract time: 0.01 seconds
0.0
Embed time: 0.02 seconds
Extract time: 0.01 seconds
0.0
Embed time: 0.02 seconds
Extract time: 0.01 seconds
0.0
Embed time: 0.02 seconds
Extract time: 0.01 seconds
0.0
Embed time: 0.02 seconds
Extract time: 0.01 seconds
0.0
Embed time: 0.02 seconds
Extract time: 0.01 seconds
0.0
Embed time: 0.02 seconds
Extract time: 0.01 seconds
0.0
Embed time: 0.05 seconds
Extract time: 0.01 seconds
0.0
Embed time: 0.02 seconds
Extract time: 0.01 seconds
0.0
Embed time: 0.01 seconds
Extract time: 0.01 seconds
0.0
Embed time: 0.01 seconds
Extract time: 0.01 seconds
0.0
Embed time: 0.02 seconds
Extract time: 0.01 seconds
0.0
Embed time: 0.01 seconds
Extract time: 0.01 seconds
0.03333333333333333
Embed time: 0.01 seconds
Extract time: 0.01 seconds
0.0
Embed time: 0.01 seconds
Extract time: 0.01 seconds
0.0
Embed time: 0.01 seconds
Extract time: 0.01 seconds
0.0
Embed time: 0.02 seconds
Extract time: 0.01 seconds
0.0
Embed time: 0.02 seconds
Extract time: 0.01 seconds
0.0
Embed time: 0.01 seconds
Extract time: 0.01 seconds
0.03333333333333333
Embed time: 0.01 seconds
Extract time: 0.01 seconds
0.0
Embed time: 0.02 seconds
Extract time: 0.01 seconds
0.0
Embed time: 0.01 seconds
Extract time: 0.01 seconds
0.0
Embed time: 0.03 seconds
Extract time: 0.01 seconds
0.0
Embed time: 0.01 seconds
Extract time: 0.01 seconds
0.0
Embed time: 0.03 seconds
Extract time: 0.01 seconds
0.03333333333333333
Embed time: 0.02 seconds
Extract time: 0.01 seconds
0.0
Embed time: 0.03 seconds
Extract time: 0.01 seconds
0.0
Embed time: 0.02 seconds
Extract time: 0.01 seconds
0.0
Embed time: 0.02 seconds
Extract time: 0.01 seconds
0.0
Embed time: 0.01 seconds
Extract time: 0.01 seconds
0.0
Embed time: 0.02 seconds
Extract time: 0.02 seconds
0.03333333333333333
Embed time: 0.01 seconds
Extract time: 0.01 seconds
0.0
Embed time: 0.01 seconds
Extract time: 0.01 seconds
0.0
Embed time: 0.02 seconds
Extract time: 0.01 seconds
0.0
Embed time: 0.03 seconds
Extract time: 0.01 seconds
0.03333333333333333
Embed time: 0.02 seconds
Extract time: 0.01 seconds
0.0
Embed time: 0.02 seconds
Extract time: 0.01 seconds
0.0
Embed time: 0.02 seconds
Extract time: 0.01 seconds
0.0
Embed time: 0.02 seconds
Extract time: 0.01 seconds
0.0
Embed time: 0.02 seconds
Extract time: 0.01 seconds
0.0
Embed time: 0.02 seconds
Extract time: 0.01 seconds
0.0
Embed time: 0.02 seconds
Extract time: 0.01 seconds
0.0
Embed time: 0.02 seconds
Extract time: 0.01 seconds
0.0
Embed time: 0.02 seconds
Extract time: 0.01 seconds
0.0
Embed time: 0.02 seconds
Extract time: 0.01 seconds
0.0
Embed time: 0.02 seconds
Extract time: 0.01 seconds
0.0
Embed time: 0.02 seconds
Extract time: 0.01 seconds
0.0
Embed time: 0.02 seconds
Extract time: 0.01 seconds
0.0
Embed time: 0.02 seconds
Extract time: 0.02 seconds
0.0
Embed time: 0.02 seconds
Extract time: 0.01 seconds
0.0
Embed time: 0.02 seconds
Extract time: 0.01 seconds
0.0
Embed time: 0.02 seconds
Extract time: 0.01 seconds
0.0
Embed time: 0.02 seconds
Extract time: 0.02 seconds
0.0
Embed time: 0.02 seconds
Extract time: 0.01 seconds
0.0
Embed time: 0.02 seconds
Extract time: 0.01 seconds
0.0
Embed time: 0.02 seconds
Extract time: 0.01 seconds
0.0
Embed time: 0.02 seconds
Extract time: 0.01 seconds
0.0
Embed time: 0.02 seconds
Extract time: 0.01 seconds
0.0
Embed time: 0.02 seconds
Extract time: 0.01 seconds
0.03333333333333333
Embed time: 0.02 seconds
Extract time: 0.02 seconds
0.0
Embed time: 0.03 seconds
Extract time: 0.02 seconds
0.0
Embed time: 0.02 seconds
Extract time: 0.01 seconds
0.0
Embed time: 0.02 seconds
Extract time: 0.01 seconds
0.03333333333333333
Embed time: 0.02 seconds
Extract time: 0.01 seconds
0.0
Embed time: 0.02 seconds
Extract time: 0.01 seconds
0.0
Embed time: 0.02 seconds
Extract time: 0.01 seconds
0.03333333333333333
Embed time: 0.02 seconds
Extract time: 0.02 seconds
0.0
Embed time: 0.02 seconds
Extract time: 0.01 seconds
0.0
Embed time: 0.02 seconds
Extract time: 0.01 seconds
0.0
Embed time: 0.02 seconds
Extract time: 0.01 seconds
0.0
Embed time: 0.01 seconds
Extract time: 0.01 seconds
0.0
25-07-14 15:51:56.230 - INFO: # Validation Gaussian Noise for iteration 35500 # PSNR_Stego: 1.3884e+01, Bit_acc: 2.1467e-03
2025-07-14 15:51:56,230 - INFO - # Validation Gaussian Noise for iteration 35500 # PSNR_Stego: 1.3884e+01, Bit_acc: 2.1467e-03
25-07-14 15:51:56.231 - INFO: <epoch: 67, iter:  35,500> PSNR_Stego: 1.3884e+01, Bit_acc:  2.1467e-03
2025-07-14 15:51:56,231 - INFO - <epoch: 67, iter:  35,500> PSNR_Stego: 1.3884e+01, Bit_acc:  2.1467e-03
----- End Validation with Gaussian Noise 10 for iteration 35500 -----
25-07-14 15:51:56.231 - INFO: Saving models and training states.
2025-07-14 15:51:56,231 - INFO - Saving models and training states.
Checkpoint save path: /workspace/EditGuard-V1/experiments/train_ibsn_bit_64/models/35500_G.pth

===== Checkpoint State Path: /workspace/EditGuard-V1/experiments/train_ibsn_bit_64/training_state/35500.state =====

========== Epoch: 68 ==========
25-07-14 15:52:41.079 - INFO: <epoch: 68, iter:  35,600, lr:1.250e-05> l_forw_fit: 7.3947e+00 l_msg: 1.1835e-03 
2025-07-14 15:52:41,079 - INFO - <epoch: 68, iter:  35,600, lr:1.250e-05> l_forw_fit: 7.3947e+00 l_msg: 1.1835e-03 
25-07-14 15:53:06.283 - INFO: <epoch: 68, iter:  35,700, lr:1.250e-05> l_forw_fit: 5.6002e+00 l_msg: 7.8545e-03 
2025-07-14 15:53:06,283 - INFO - <epoch: 68, iter:  35,700, lr:1.250e-05> l_forw_fit: 5.6002e+00 l_msg: 7.8545e-03 
25-07-14 15:53:31.704 - INFO: <epoch: 68, iter:  35,800, lr:1.250e-05> l_forw_fit: 8.9070e+00 l_msg: 1.8621e-04 
2025-07-14 15:53:31,704 - INFO - <epoch: 68, iter:  35,800, lr:1.250e-05> l_forw_fit: 8.9070e+00 l_msg: 1.8621e-04 
25-07-14 15:53:57.210 - INFO: <epoch: 68, iter:  35,900, lr:1.250e-05> l_forw_fit: 7.7151e+00 l_msg: 2.2721e-02 
2025-07-14 15:53:57,210 - INFO - <epoch: 68, iter:  35,900, lr:1.250e-05> l_forw_fit: 7.7151e+00 l_msg: 2.2721e-02 
25-07-14 15:54:21.969 - INFO: <epoch: 68, iter:  36,000, lr:1.250e-05> l_forw_fit: 6.3968e+00 l_msg: 0.0000e+00 
2025-07-14 15:54:21,969 - INFO - <epoch: 68, iter:  36,000, lr:1.250e-05> l_forw_fit: 6.3968e+00 l_msg: 0.0000e+00 
----- Start Validation with JPEG 70 for iteration 36000 -----
Embed time: 0.03 seconds
Extract time: 0.02 seconds
0.03333333333333333
Embed time: 0.02 seconds
Extract time: 0.01 seconds
0.13333333333333333
Embed time: 0.02 seconds
Extract time: 0.01 seconds
0.2
Embed time: 0.02 seconds
Extract time: 0.01 seconds
0.03333333333333333
Embed time: 0.02 seconds
Extract time: 0.01 seconds
0.03333333333333333
Embed time: 0.02 seconds
Extract time: 0.01 seconds
0.1
Embed time: 0.02 seconds
Extract time: 0.01 seconds
0.06666666666666667
Embed time: 0.02 seconds
Extract time: 0.01 seconds
0.03333333333333333
Embed time: 0.02 seconds
Extract time: 0.01 seconds
0.0
Embed time: 0.02 seconds
Extract time: 0.01 seconds
0.06666666666666667
Embed time: 0.01 seconds
Extract time: 0.01 seconds
0.0
Embed time: 0.02 seconds
Extract time: 0.01 seconds
0.03333333333333333
Embed time: 0.02 seconds
Extract time: 0.01 seconds
0.03333333333333333
Embed time: 0.02 seconds
Extract time: 0.01 seconds
0.1
Embed time: 0.02 seconds
Extract time: 0.01 seconds
0.03333333333333333
Embed time: 0.02 seconds
Extract time: 0.01 seconds
0.0
Embed time: 0.02 seconds
Extract time: 0.01 seconds
0.06666666666666667
Embed time: 0.02 seconds
Extract time: 0.01 seconds
0.06666666666666667
Embed time: 0.02 seconds
Extract time: 0.01 seconds
0.0
Embed time: 0.02 seconds
Extract time: 0.01 seconds
0.03333333333333333
Embed time: 0.02 seconds
Extract time: 0.01 seconds
0.0
Embed time: 0.02 seconds
Extract time: 0.01 seconds
0.03333333333333333
Embed time: 0.02 seconds
Extract time: 0.01 seconds
0.06666666666666667
Embed time: 0.02 seconds
Extract time: 0.01 seconds
0.0
Embed time: 0.02 seconds
Extract time: 0.01 seconds
0.13333333333333333
Embed time: 0.02 seconds
Extract time: 0.01 seconds
0.03333333333333333
Embed time: 0.02 seconds
Extract time: 0.01 seconds
0.03333333333333333
Embed time: 0.02 seconds
Extract time: 0.01 seconds
0.06666666666666667
Embed time: 0.02 seconds
Extract time: 0.01 seconds
0.0
Embed time: 0.02 seconds
Extract time: 0.01 seconds
0.0
Embed time: 0.02 seconds
Extract time: 0.01 seconds
0.13333333333333333
Embed time: 0.02 seconds
Extract time: 0.02 seconds
0.06666666666666667
Embed time: 0.02 seconds
Extract time: 0.01 seconds
0.0
Embed time: 0.02 seconds
Extract time: 0.01 seconds
0.06666666666666667
Embed time: 0.02 seconds
Extract time: 0.01 seconds
0.16666666666666666
Embed time: 0.02 seconds
Extract time: 0.01 seconds
0.03333333333333333
Embed time: 0.02 seconds
Extract time: 0.01 seconds
0.0
Embed time: 0.02 seconds
Extract time: 0.01 seconds
0.03333333333333333
Embed time: 0.02 seconds
Extract time: 0.01 seconds
0.03333333333333333
Embed time: 0.02 seconds
Extract time: 0.01 seconds
0.06666666666666667
Embed time: 0.02 seconds
Extract time: 0.01 seconds
0.1
Embed time: 0.02 seconds
Extract time: 0.01 seconds
0.06666666666666667
Embed time: 0.02 seconds
Extract time: 0.01 seconds
0.03333333333333333
Embed time: 0.02 seconds
Extract time: 0.01 seconds
0.0
Embed time: 0.02 seconds
Extract time: 0.01 seconds
0.06666666666666667
Embed time: 0.02 seconds
Extract time: 0.01 seconds
0.06666666666666667
Embed time: 0.02 seconds
Extract time: 0.01 seconds
0.0
Embed time: 0.02 seconds
Extract time: 0.01 seconds
0.03333333333333333
Embed time: 0.02 seconds
Extract time: 0.01 seconds
0.0
Embed time: 0.02 seconds
Extract time: 0.01 seconds
0.06666666666666667
Embed time: 0.02 seconds
Extract time: 0.01 seconds
0.06666666666666667
Embed time: 0.02 seconds
Extract time: 0.01 seconds
0.03333333333333333
Embed time: 0.02 seconds
Extract time: 0.01 seconds
0.0
Embed time: 0.02 seconds
Extract time: 0.01 seconds
0.03333333333333333
Embed time: 0.02 seconds
Extract time: 0.01 seconds
0.1
Embed time: 0.02 seconds
Extract time: 0.01 seconds
0.03333333333333333
Embed time: 0.02 seconds
Extract time: 0.01 seconds
0.03333333333333333
Embed time: 0.02 seconds
Extract time: 0.01 seconds
0.06666666666666667
Embed time: 0.02 seconds
Extract time: 0.01 seconds
0.0
Embed time: 0.02 seconds
Extract time: 0.01 seconds
0.0
Embed time: 0.02 seconds
Extract time: 0.01 seconds
0.0
Embed time: 0.02 seconds
Extract time: 0.01 seconds
0.03333333333333333
Embed time: 0.02 seconds
Extract time: 0.01 seconds
0.0
Embed time: 0.02 seconds
Extract time: 0.01 seconds
0.03333333333333333
Embed time: 0.02 seconds
Extract time: 0.01 seconds
0.03333333333333333
Embed time: 0.02 seconds
Extract time: 0.01 seconds
0.1
Embed time: 0.02 seconds
Extract time: 0.01 seconds
0.0
Embed time: 0.02 seconds
Extract time: 0.01 seconds
0.0
Embed time: 0.02 seconds
Extract time: 0.01 seconds
0.0
Embed time: 0.02 seconds
Extract time: 0.01 seconds
0.0
Embed time: 0.02 seconds
Extract time: 0.01 seconds
0.03333333333333333
Embed time: 0.02 seconds
Extract time: 0.01 seconds
0.1
Embed time: 0.02 seconds
Extract time: 0.01 seconds
0.06666666666666667
Embed time: 0.02 seconds
Extract time: 0.01 seconds
0.1
Embed time: 0.02 seconds
Extract time: 0.01 seconds
0.03333333333333333
Embed time: 0.02 seconds
Extract time: 0.01 seconds
0.13333333333333333
Embed time: 0.02 seconds
Extract time: 0.01 seconds
0.0
Embed time: 0.02 seconds
Extract time: 0.01 seconds
0.03333333333333333
Embed time: 0.02 seconds
Extract time: 0.01 seconds
0.06666666666666667
Embed time: 0.02 seconds
Extract time: 0.01 seconds
0.0
Embed time: 0.02 seconds
Extract time: 0.01 seconds
0.03333333333333333
Embed time: 0.02 seconds
Extract time: 0.01 seconds
0.0
Embed time: 0.02 seconds
Extract time: 0.01 seconds
0.13333333333333333
Embed time: 0.02 seconds
Extract time: 0.01 seconds
0.0
Embed time: 0.02 seconds
Extract time: 0.01 seconds
0.0
Embed time: 0.02 seconds
Extract time: 0.01 seconds
0.0
Embed time: 0.02 seconds
Extract time: 0.01 seconds
0.0
Embed time: 0.02 seconds
Extract time: 0.01 seconds
0.03333333333333333
Embed time: 0.02 seconds
Extract time: 0.01 seconds
0.0
Embed time: 0.02 seconds
Extract time: 0.01 seconds
0.0
Embed time: 0.02 seconds
Extract time: 0.01 seconds
0.1
Embed time: 0.02 seconds
Extract time: 0.02 seconds
0.1
Embed time: 0.02 seconds
Extract time: 0.02 seconds
0.03333333333333333
Embed time: 0.02 seconds
Extract time: 0.01 seconds
0.03333333333333333
Embed time: 0.02 seconds
Extract time: 0.02 seconds
0.13333333333333333
Embed time: 0.02 seconds
Extract time: 0.01 seconds
0.1
Embed time: 0.02 seconds
Extract time: 0.01 seconds
0.03333333333333333
Embed time: 0.02 seconds
Extract time: 0.01 seconds
0.03333333333333333
Embed time: 0.01 seconds
Extract time: 0.01 seconds
0.03333333333333333
Embed time: 0.01 seconds
Extract time: 0.01 seconds
0.0
25-07-14 15:54:29.766 - INFO: # Validation JPEG for iteration 36000 # PSNR_Stego: 2.7545e+01, Bit_acc: 4.4000e-02
2025-07-14 15:54:29,766 - INFO - # Validation JPEG for iteration 36000 # PSNR_Stego: 2.7545e+01, Bit_acc: 4.4000e-02
25-07-14 15:54:29.767 - INFO: <epoch: 68, iter:  36,000> PSNR_Stego: 2.7545e+01, Bit_acc:  4.4000e-02
2025-07-14 15:54:29,767 - INFO - <epoch: 68, iter:  36,000> PSNR_Stego: 2.7545e+01, Bit_acc:  4.4000e-02
----- End Validation with JPEG 70 for iteration 36000 -----
----- Start Validation with Gaussian Noise 10 for iteration 36000 -----
Embed time: 0.02 seconds
Extract time: 0.01 seconds
0.0
Embed time: 0.02 seconds
Extract time: 0.01 seconds
0.0
Embed time: 0.02 seconds
Extract time: 0.01 seconds
0.03333333333333333
Embed time: 0.01 seconds
Extract time: 0.01 seconds
0.0
Embed time: 0.01 seconds
Extract time: 0.01 seconds
0.0
Embed time: 0.02 seconds
Extract time: 0.01 seconds
0.0
Embed time: 0.02 seconds
Extract time: 0.01 seconds
0.0
Embed time: 0.02 seconds
Extract time: 0.01 seconds
0.03333333333333333
Embed time: 0.02 seconds
Extract time: 0.01 seconds
0.0
Embed time: 0.01 seconds
Extract time: 0.03 seconds
0.0
Embed time: 0.01 seconds
Extract time: 0.01 seconds
0.0
Embed time: 0.02 seconds
Extract time: 0.02 seconds
0.0
Embed time: 0.01 seconds
Extract time: 0.01 seconds
0.0
Embed time: 0.04 seconds
Extract time: 0.01 seconds
0.0
Embed time: 0.01 seconds
Extract time: 0.01 seconds
0.0
Embed time: 0.02 seconds
Extract time: 0.02 seconds
0.0
Embed time: 0.02 seconds
Extract time: 0.01 seconds
0.0
Embed time: 0.03 seconds
Extract time: 0.01 seconds
0.0
Embed time: 0.02 seconds
Extract time: 0.01 seconds
0.0
Embed time: 0.03 seconds
Extract time: 0.01 seconds
0.0
Embed time: 0.02 seconds
Extract time: 0.01 seconds
0.0
Embed time: 0.02 seconds
Extract time: 0.01 seconds
0.0
Embed time: 0.02 seconds
Extract time: 0.01 seconds
0.0
Embed time: 0.03 seconds
Extract time: 0.01 seconds
0.0
Embed time: 0.02 seconds
Extract time: 0.01 seconds
0.0
Embed time: 0.03 seconds
Extract time: 0.01 seconds
0.0
Embed time: 0.02 seconds
Extract time: 0.01 seconds
0.0
Embed time: 0.02 seconds
Extract time: 0.01 seconds
0.0
Embed time: 0.02 seconds
Extract time: 0.01 seconds
0.0
Embed time: 0.02 seconds
Extract time: 0.01 seconds
0.0
Embed time: 0.01 seconds
Extract time: 0.04 seconds
0.0
Embed time: 0.02 seconds
Extract time: 0.01 seconds
0.03333333333333333
Embed time: 0.02 seconds
Extract time: 0.02 seconds
0.0
Embed time: 0.02 seconds
Extract time: 0.01 seconds
0.0
Embed time: 0.02 seconds
Extract time: 0.01 seconds
0.03333333333333333
Embed time: 0.02 seconds
Extract time: 0.01 seconds
0.0
Embed time: 0.02 seconds
Extract time: 0.01 seconds
0.0
Embed time: 0.02 seconds
Extract time: 0.01 seconds
0.0
Embed time: 0.05 seconds
Extract time: 0.01 seconds
0.0
Embed time: 0.02 seconds
Extract time: 0.01 seconds
0.0
Embed time: 0.02 seconds
Extract time: 0.01 seconds
0.0
Embed time: 0.01 seconds
Extract time: 0.01 seconds
0.03333333333333333
Embed time: 0.01 seconds
Extract time: 0.02 seconds
0.0
Embed time: 0.02 seconds
Extract time: 0.01 seconds
0.0
Embed time: 0.02 seconds
Extract time: 0.02 seconds
0.0
Embed time: 0.02 seconds
Extract time: 0.01 seconds
0.0
Embed time: 0.01 seconds
Extract time: 0.02 seconds
0.0
Embed time: 0.02 seconds
Extract time: 0.01 seconds
0.0
Embed time: 0.03 seconds
Extract time: 0.01 seconds
0.0
Embed time: 0.01 seconds
Extract time: 0.01 seconds
0.0
Embed time: 0.02 seconds
Extract time: 0.01 seconds
0.0
Embed time: 0.01 seconds
Extract time: 0.02 seconds
0.0
Embed time: 0.04 seconds
Extract time: 0.01 seconds
0.0
Embed time: 0.02 seconds
Extract time: 0.01 seconds
0.0
Embed time: 0.02 seconds
Extract time: 0.01 seconds
0.03333333333333333
Embed time: 0.02 seconds
Extract time: 0.01 seconds
0.0
Embed time: 0.02 seconds
Extract time: 0.02 seconds
0.0
Embed time: 0.02 seconds
Extract time: 0.01 seconds
0.0
Embed time: 0.02 seconds
Extract time: 0.01 seconds
0.0
Embed time: 0.02 seconds
Extract time: 0.01 seconds
0.0
Embed time: 0.02 seconds
Extract time: 0.01 seconds
0.0
Embed time: 0.02 seconds
Extract time: 0.01 seconds
0.0
Embed time: 0.02 seconds
Extract time: 0.01 seconds
0.0
Embed time: 0.02 seconds
Extract time: 0.01 seconds
0.0
Embed time: 0.02 seconds
Extract time: 0.01 seconds
0.0
Embed time: 0.02 seconds
Extract time: 0.01 seconds
0.0
Embed time: 0.02 seconds
Extract time: 0.01 seconds
0.0
Embed time: 0.02 seconds
Extract time: 0.01 seconds
0.0
Embed time: 0.02 seconds
Extract time: 0.01 seconds
0.0
Embed time: 0.02 seconds
Extract time: 0.01 seconds
0.0
Embed time: 0.02 seconds
Extract time: 0.01 seconds
0.0
Embed time: 0.02 seconds
Extract time: 0.01 seconds
0.0
Embed time: 0.02 seconds
Extract time: 0.01 seconds
0.0
Embed time: 0.02 seconds
Extract time: 0.01 seconds
0.0
Embed time: 0.02 seconds
Extract time: 0.01 seconds
0.0
Embed time: 0.02 seconds
Extract time: 0.01 seconds
0.03333333333333333
Embed time: 0.02 seconds
Extract time: 0.01 seconds
0.0
Embed time: 0.02 seconds
Extract time: 0.01 seconds
0.0
Embed time: 0.02 seconds
Extract time: 0.01 seconds
0.0
Embed time: 0.02 seconds
Extract time: 0.01 seconds
0.0
Embed time: 0.02 seconds
Extract time: 0.01 seconds
0.0
Embed time: 0.03 seconds
Extract time: 0.01 seconds
0.0
Embed time: 0.02 seconds
Extract time: 0.01 seconds
0.0
Embed time: 0.02 seconds
Extract time: 0.01 seconds
0.0
Embed time: 0.01 seconds
Extract time: 0.01 seconds
0.0
Embed time: 0.01 seconds
Extract time: 0.02 seconds
0.0
Embed time: 0.02 seconds
Extract time: 0.01 seconds
0.0
Embed time: 0.02 seconds
Extract time: 0.02 seconds
0.0
Embed time: 0.02 seconds
Extract time: 0.02 seconds
0.0
Embed time: 0.02 seconds
Extract time: 0.01 seconds
0.03333333333333333
Embed time: 0.02 seconds
Extract time: 0.01 seconds
0.0
Embed time: 0.03 seconds
Extract time: 0.01 seconds
0.03333333333333333
Embed time: 0.02 seconds
Extract time: 0.01 seconds
0.0
Embed time: 0.02 seconds
Extract time: 0.01 seconds
0.0
Embed time: 0.02 seconds
Extract time: 0.01 seconds
0.1
Embed time: 0.02 seconds
Extract time: 0.01 seconds
0.0
Embed time: 0.02 seconds
Extract time: 0.01 seconds
0.0
Embed time: 0.02 seconds
Extract time: 0.01 seconds
0.0
Embed time: 0.02 seconds
Extract time: 0.01 seconds
0.0
Embed time: 0.01 seconds
Extract time: 0.01 seconds
0.0
25-07-14 15:54:34.881 - INFO: # Validation Gaussian Noise for iteration 36000 # PSNR_Stego: 1.4050e+01, Bit_acc: 2.2200e-03
2025-07-14 15:54:34,881 - INFO - # Validation Gaussian Noise for iteration 36000 # PSNR_Stego: 1.4050e+01, Bit_acc: 2.2200e-03
25-07-14 15:54:34.882 - INFO: <epoch: 68, iter:  36,000> PSNR_Stego: 1.4050e+01, Bit_acc:  2.2200e-03
2025-07-14 15:54:34,882 - INFO - <epoch: 68, iter:  36,000> PSNR_Stego: 1.4050e+01, Bit_acc:  2.2200e-03
----- End Validation with Gaussian Noise 10 for iteration 36000 -----
25-07-14 15:54:34.882 - INFO: Saving models and training states.
2025-07-14 15:54:34,882 - INFO - Saving models and training states.
Checkpoint save path: /workspace/EditGuard-V1/experiments/train_ibsn_bit_64/models/36000_G.pth

===== Checkpoint State Path: /workspace/EditGuard-V1/experiments/train_ibsn_bit_64/training_state/36000.state =====

========== Epoch: 69 ==========
25-07-14 15:55:18.060 - INFO: <epoch: 69, iter:  36,100, lr:1.250e-05> l_forw_fit: 5.2779e+00 l_msg: 9.4903e-04 
2025-07-14 15:55:18,060 - INFO - <epoch: 69, iter:  36,100, lr:1.250e-05> l_forw_fit: 5.2779e+00 l_msg: 9.4903e-04 
25-07-14 15:55:43.471 - INFO: <epoch: 69, iter:  36,200, lr:1.250e-05> l_forw_fit: 5.8689e+00 l_msg: 8.3307e-04 
2025-07-14 15:55:43,471 - INFO - <epoch: 69, iter:  36,200, lr:1.250e-05> l_forw_fit: 5.8689e+00 l_msg: 8.3307e-04 
25-07-14 15:56:08.839 - INFO: <epoch: 69, iter:  36,300, lr:1.250e-05> l_forw_fit: 1.3187e+01 l_msg: 1.5783e-02 
2025-07-14 15:56:08,839 - INFO - <epoch: 69, iter:  36,300, lr:1.250e-05> l_forw_fit: 1.3187e+01 l_msg: 1.5783e-02 
25-07-14 15:56:34.003 - INFO: <epoch: 69, iter:  36,400, lr:1.250e-05> l_forw_fit: 7.2311e+00 l_msg: 3.6317e-02 
2025-07-14 15:56:34,003 - INFO - <epoch: 69, iter:  36,400, lr:1.250e-05> l_forw_fit: 7.2311e+00 l_msg: 3.6317e-02 
25-07-14 15:56:58.585 - INFO: <epoch: 69, iter:  36,500, lr:1.250e-05> l_forw_fit: 4.8497e+00 l_msg: 1.0473e-02 
2025-07-14 15:56:58,585 - INFO - <epoch: 69, iter:  36,500, lr:1.250e-05> l_forw_fit: 4.8497e+00 l_msg: 1.0473e-02 
----- Start Validation with JPEG 70 for iteration 36500 -----
Embed time: 0.03 seconds
Extract time: 0.01 seconds
0.0
Embed time: 0.02 seconds
Extract time: 0.01 seconds
0.13333333333333333
Embed time: 0.02 seconds
Extract time: 0.01 seconds
0.13333333333333333
Embed time: 0.02 seconds
Extract time: 0.01 seconds
0.03333333333333333
Embed time: 0.02 seconds
Extract time: 0.01 seconds
0.03333333333333333
Embed time: 0.02 seconds
Extract time: 0.01 seconds
0.06666666666666667
Embed time: 0.02 seconds
Extract time: 0.01 seconds
0.03333333333333333
Embed time: 0.02 seconds
Extract time: 0.01 seconds
0.03333333333333333
Embed time: 0.02 seconds
Extract time: 0.01 seconds
0.0
Embed time: 0.02 seconds
Extract time: 0.01 seconds
0.03333333333333333
Embed time: 0.02 seconds
Extract time: 0.01 seconds
0.0
Embed time: 0.02 seconds
Extract time: 0.01 seconds
0.06666666666666667
Embed time: 0.02 seconds
Extract time: 0.01 seconds
0.03333333333333333
Embed time: 0.02 seconds
Extract time: 0.01 seconds
0.16666666666666666
Embed time: 0.02 seconds
Extract time: 0.01 seconds
0.0
Embed time: 0.02 seconds
Extract time: 0.01 seconds
0.03333333333333333
Embed time: 0.02 seconds
Extract time: 0.01 seconds
0.16666666666666666
Embed time: 0.02 seconds
Extract time: 0.01 seconds
0.03333333333333333
Embed time: 0.02 seconds
Extract time: 0.01 seconds
0.0
Embed time: 0.02 seconds
Extract time: 0.01 seconds
0.06666666666666667
Embed time: 0.02 seconds
Extract time: 0.01 seconds
0.13333333333333333
Embed time: 0.02 seconds
Extract time: 0.01 seconds
0.03333333333333333
Embed time: 0.02 seconds
Extract time: 0.01 seconds
0.06666666666666667
Embed time: 0.02 seconds
Extract time: 0.01 seconds
0.0
Embed time: 0.02 seconds
Extract time: 0.01 seconds
0.03333333333333333
Embed time: 0.02 seconds
Extract time: 0.01 seconds
0.13333333333333333
Embed time: 0.02 seconds
Extract time: 0.01 seconds
0.1
Embed time: 0.02 seconds
Extract time: 0.01 seconds
0.06666666666666667
Embed time: 0.02 seconds
Extract time: 0.01 seconds
0.06666666666666667
Embed time: 0.02 seconds
Extract time: 0.01 seconds
0.06666666666666667
Embed time: 0.02 seconds
Extract time: 0.01 seconds
0.13333333333333333
Embed time: 0.02 seconds
Extract time: 0.01 seconds
0.06666666666666667
Embed time: 0.02 seconds
Extract time: 0.01 seconds
0.06666666666666667
Embed time: 0.02 seconds
Extract time: 0.01 seconds
0.03333333333333333
Embed time: 0.02 seconds
Extract time: 0.01 seconds
0.06666666666666667
Embed time: 0.02 seconds
Extract time: 0.01 seconds
0.03333333333333333
Embed time: 0.02 seconds
Extract time: 0.01 seconds
0.13333333333333333
Embed time: 0.02 seconds
Extract time: 0.01 seconds
0.03333333333333333
Embed time: 0.02 seconds
Extract time: 0.01 seconds
0.03333333333333333
Embed time: 0.03 seconds
Extract time: 0.01 seconds
0.03333333333333333
Embed time: 0.02 seconds
Extract time: 0.01 seconds
0.0
Embed time: 0.02 seconds
Extract time: 0.01 seconds
0.1
Embed time: 0.02 seconds
Extract time: 0.01 seconds
0.0
Embed time: 0.02 seconds
Extract time: 0.01 seconds
0.06666666666666667
Embed time: 0.02 seconds
Extract time: 0.01 seconds
0.06666666666666667
Embed time: 0.01 seconds
Extract time: 0.01 seconds
0.0
Embed time: 0.01 seconds
Extract time: 0.01 seconds
0.0
Embed time: 0.02 seconds
Extract time: 0.01 seconds
0.0
Embed time: 0.02 seconds
Extract time: 0.01 seconds
0.1
Embed time: 0.01 seconds
Extract time: 0.01 seconds
0.13333333333333333
Embed time: 0.02 seconds
Extract time: 0.01 seconds
0.1
Embed time: 0.02 seconds
Extract time: 0.01 seconds
0.06666666666666667
Embed time: 0.02 seconds
Extract time: 0.02 seconds
0.0
Embed time: 0.02 seconds
Extract time: 0.01 seconds
0.06666666666666667
Embed time: 0.02 seconds
Extract time: 0.01 seconds
0.0
Embed time: 0.02 seconds
Extract time: 0.01 seconds
0.13333333333333333
Embed time: 0.02 seconds
Extract time: 0.01 seconds
0.0
Embed time: 0.02 seconds
Extract time: 0.01 seconds
0.16666666666666666
Embed time: 0.02 seconds
Extract time: 0.01 seconds
0.03333333333333333
Embed time: 0.02 seconds
Extract time: 0.01 seconds
0.03333333333333333
Embed time: 0.02 seconds
Extract time: 0.01 seconds
0.06666666666666667
Embed time: 0.02 seconds
Extract time: 0.01 seconds
0.03333333333333333
Embed time: 0.02 seconds
Extract time: 0.01 seconds
0.03333333333333333
Embed time: 0.02 seconds
Extract time: 0.01 seconds
0.06666666666666667
Embed time: 0.02 seconds
Extract time: 0.01 seconds
0.06666666666666667
Embed time: 0.02 seconds
Extract time: 0.01 seconds
0.06666666666666667
Embed time: 0.02 seconds
Extract time: 0.01 seconds
0.0
Embed time: 0.02 seconds
Extract time: 0.01 seconds
0.03333333333333333
Embed time: 0.02 seconds
Extract time: 0.01 seconds
0.0
Embed time: 0.02 seconds
Extract time: 0.01 seconds
0.1
Embed time: 0.02 seconds
Extract time: 0.01 seconds
0.0
Embed time: 0.02 seconds
Extract time: 0.01 seconds
0.1
Embed time: 0.02 seconds
Extract time: 0.01 seconds
0.23333333333333334
Embed time: 0.02 seconds
Extract time: 0.01 seconds
0.03333333333333333
Embed time: 0.02 seconds
Extract time: 0.01 seconds
0.06666666666666667
Embed time: 0.02 seconds
Extract time: 0.01 seconds
0.06666666666666667
Embed time: 0.02 seconds
Extract time: 0.01 seconds
0.0
Embed time: 0.02 seconds
Extract time: 0.01 seconds
0.03333333333333333
Embed time: 0.02 seconds
Extract time: 0.02 seconds
0.0
Embed time: 0.03 seconds
Extract time: 0.02 seconds
0.13333333333333333
Embed time: 0.02 seconds
Extract time: 0.02 seconds
0.1
Embed time: 0.02 seconds
Extract time: 0.02 seconds
0.1
Embed time: 0.02 seconds
Extract time: 0.02 seconds
0.06666666666666667
Embed time: 0.02 seconds
Extract time: 0.01 seconds
0.16666666666666666
Embed time: 0.02 seconds
Extract time: 0.01 seconds
0.03333333333333333
Embed time: 0.02 seconds
Extract time: 0.01 seconds
0.06666666666666667
Embed time: 0.02 seconds
Extract time: 0.01 seconds
0.06666666666666667
Embed time: 0.02 seconds
Extract time: 0.01 seconds
0.0
Embed time: 0.02 seconds
Extract time: 0.01 seconds
0.0
Embed time: 0.02 seconds
Extract time: 0.01 seconds
0.0
Embed time: 0.02 seconds
Extract time: 0.01 seconds
0.1
Embed time: 0.02 seconds
Extract time: 0.01 seconds
0.13333333333333333
Embed time: 0.02 seconds
Extract time: 0.01 seconds
0.0
Embed time: 0.02 seconds
Extract time: 0.01 seconds
0.06666666666666667
Embed time: 0.02 seconds
Extract time: 0.01 seconds
0.0
Embed time: 0.02 seconds
Extract time: 0.02 seconds
0.1
Embed time: 0.02 seconds
Extract time: 0.01 seconds
0.13333333333333333
Embed time: 0.02 seconds
Extract time: 0.02 seconds
0.03333333333333333
Embed time: 0.02 seconds
Extract time: 0.02 seconds
0.06666666666666667
Embed time: 0.02 seconds
Extract time: 0.01 seconds
0.06666666666666667
25-07-14 15:57:06.646 - INFO: # Validation JPEG for iteration 36500 # PSNR_Stego: 2.7653e+01, Bit_acc: 5.9000e-02
2025-07-14 15:57:06,646 - INFO - # Validation JPEG for iteration 36500 # PSNR_Stego: 2.7653e+01, Bit_acc: 5.9000e-02
25-07-14 15:57:06.647 - INFO: <epoch: 69, iter:  36,500> PSNR_Stego: 2.7653e+01, Bit_acc:  5.9000e-02
2025-07-14 15:57:06,647 - INFO - <epoch: 69, iter:  36,500> PSNR_Stego: 2.7653e+01, Bit_acc:  5.9000e-02
----- End Validation with JPEG 70 for iteration 36500 -----
----- Start Validation with Gaussian Noise 10 for iteration 36500 -----
Embed time: 0.03 seconds
Extract time: 0.01 seconds
0.0
Embed time: 0.02 seconds
Extract time: 0.01 seconds
0.0
Embed time: 0.03 seconds
Extract time: 0.02 seconds
0.03333333333333333
Embed time: 0.02 seconds
Extract time: 0.01 seconds
0.0
Embed time: 0.02 seconds
Extract time: 0.01 seconds
0.0
Embed time: 0.02 seconds
Extract time: 0.01 seconds
0.0
Embed time: 0.02 seconds
Extract time: 0.01 seconds
0.0
Embed time: 0.02 seconds
Extract time: 0.01 seconds
0.0
Embed time: 0.02 seconds
Extract time: 0.01 seconds
0.0
Embed time: 0.02 seconds
Extract time: 0.01 seconds
0.03333333333333333
Embed time: 0.02 seconds
Extract time: 0.01 seconds
0.0
Embed time: 0.02 seconds
Extract time: 0.01 seconds
0.0
Embed time: 0.02 seconds
Extract time: 0.01 seconds
0.0
Embed time: 0.02 seconds
Extract time: 0.01 seconds
0.0
Embed time: 0.02 seconds
Extract time: 0.01 seconds
0.0
Embed time: 0.02 seconds
Extract time: 0.01 seconds
0.03333333333333333
Embed time: 0.02 seconds
Extract time: 0.01 seconds
0.0
Embed time: 0.02 seconds
Extract time: 0.01 seconds
0.0
Embed time: 0.02 seconds
Extract time: 0.01 seconds
0.03333333333333333
Embed time: 0.02 seconds
Extract time: 0.01 seconds
0.0
Embed time: 0.02 seconds
Extract time: 0.01 seconds
0.0
Embed time: 0.02 seconds
Extract time: 0.01 seconds
0.0
Embed time: 0.02 seconds
Extract time: 0.01 seconds
0.0
Embed time: 0.02 seconds
Extract time: 0.01 seconds
0.0
Embed time: 0.02 seconds
Extract time: 0.01 seconds
0.0
Embed time: 0.02 seconds
Extract time: 0.01 seconds
0.0
Embed time: 0.02 seconds
Extract time: 0.01 seconds
0.0
Embed time: 0.02 seconds
Extract time: 0.02 seconds
0.0
Embed time: 0.02 seconds
Extract time: 0.01 seconds
0.0
Embed time: 0.02 seconds
Extract time: 0.01 seconds
0.0
Embed time: 0.02 seconds
Extract time: 0.01 seconds
0.0
Embed time: 0.02 seconds
Extract time: 0.01 seconds
0.0
Embed time: 0.02 seconds
Extract time: 0.01 seconds
0.0
Embed time: 0.02 seconds
Extract time: 0.01 seconds
0.0
Embed time: 0.01 seconds
Extract time: 0.01 seconds
0.0
Embed time: 0.01 seconds
Extract time: 0.01 seconds
0.0
Embed time: 0.02 seconds
Extract time: 0.01 seconds
0.0
Embed time: 0.01 seconds
Extract time: 0.01 seconds
0.0
Embed time: 0.02 seconds
Extract time: 0.01 seconds
0.0
Embed time: 0.01 seconds
Extract time: 0.01 seconds
0.0
Embed time: 0.01 seconds
Extract time: 0.01 seconds
0.0
Embed time: 0.01 seconds
Extract time: 0.01 seconds
0.03333333333333333
Embed time: 0.02 seconds
Extract time: 0.01 seconds
0.0
Embed time: 0.02 seconds
Extract time: 0.01 seconds
0.0
Embed time: 0.02 seconds
Extract time: 0.01 seconds
0.0
Embed time: 0.02 seconds
Extract time: 0.01 seconds
0.0
Embed time: 0.02 seconds
Extract time: 0.01 seconds
0.0
Embed time: 0.02 seconds
Extract time: 0.01 seconds
0.03333333333333333
Embed time: 0.03 seconds
Extract time: 0.01 seconds
0.0
Embed time: 0.02 seconds
Extract time: 0.01 seconds
0.0
Embed time: 0.02 seconds
Extract time: 0.01 seconds
0.03333333333333333
Embed time: 0.02 seconds
Extract time: 0.01 seconds
0.0
Embed time: 0.02 seconds
Extract time: 0.01 seconds
0.0
Embed time: 0.01 seconds
Extract time: 0.01 seconds
0.0
Embed time: 0.01 seconds
Extract time: 0.01 seconds
0.0
Embed time: 0.01 seconds
Extract time: 0.01 seconds
0.0
Embed time: 0.03 seconds
Extract time: 0.01 seconds
0.03333333333333333
Embed time: 0.01 seconds
Extract time: 0.01 seconds
0.03333333333333333
Embed time: 0.02 seconds
Extract time: 0.01 seconds
0.0
Embed time: 0.01 seconds
Extract time: 0.01 seconds
0.0
Embed time: 0.01 seconds
Extract time: 0.02 seconds
0.0
Embed time: 0.01 seconds
Extract time: 0.01 seconds
0.0
Embed time: 0.01 seconds
Extract time: 0.03 seconds
0.03333333333333333
Embed time: 0.02 seconds
Extract time: 0.01 seconds
0.03333333333333333
Embed time: 0.02 seconds
Extract time: 0.01 seconds
0.0
Embed time: 0.02 seconds
Extract time: 0.01 seconds
0.0
Embed time: 0.02 seconds
Extract time: 0.01 seconds
0.0
Embed time: 0.02 seconds
Extract time: 0.01 seconds
0.0
Embed time: 0.02 seconds
Extract time: 0.01 seconds
0.0
Embed time: 0.02 seconds
Extract time: 0.01 seconds
0.0
Embed time: 0.02 seconds
Extract time: 0.01 seconds
0.0
Embed time: 0.02 seconds
Extract time: 0.01 seconds
0.03333333333333333
Embed time: 0.02 seconds
Extract time: 0.01 seconds
0.0
Embed time: 0.01 seconds
Extract time: 0.01 seconds
0.0
Embed time: 0.01 seconds
Extract time: 0.01 seconds
0.0
Embed time: 0.02 seconds
Extract time: 0.01 seconds
0.0
Embed time: 0.01 seconds
Extract time: 0.01 seconds
0.0
Embed time: 0.01 seconds
Extract time: 0.01 seconds
0.0
Embed time: 0.01 seconds
Extract time: 0.01 seconds
0.0
Embed time: 0.01 seconds
Extract time: 0.01 seconds
0.0
Embed time: 0.02 seconds
Extract time: 0.01 seconds
0.0
Embed time: 0.01 seconds
Extract time: 0.01 seconds
0.0
Embed time: 0.03 seconds
Extract time: 0.01 seconds
0.0
Embed time: 0.01 seconds
Extract time: 0.01 seconds
0.0
Embed time: 0.02 seconds
Extract time: 0.01 seconds
0.0
Embed time: 0.01 seconds
Extract time: 0.01 seconds
0.0
Embed time: 0.03 seconds
Extract time: 0.01 seconds
0.0
Embed time: 0.02 seconds
Extract time: 0.01 seconds
0.03333333333333333
Embed time: 0.02 seconds
Extract time: 0.01 seconds
0.0
Embed time: 0.01 seconds
Extract time: 0.01 seconds
0.0
Embed time: 0.02 seconds
Extract time: 0.01 seconds
0.0
Embed time: 0.02 seconds
Extract time: 0.01 seconds
0.0
Embed time: 0.02 seconds
Extract time: 0.01 seconds
0.06666666666666667
Embed time: 0.02 seconds
Extract time: 0.01 seconds
0.0
Embed time: 0.01 seconds
Extract time: 0.01 seconds
0.0
Embed time: 0.01 seconds
Extract time: 0.01 seconds
0.0
Embed time: 0.04 seconds
Extract time: 0.01 seconds
0.0
Embed time: 0.01 seconds
Extract time: 0.01 seconds
0.0
Embed time: 0.02 seconds
Extract time: 0.01 seconds
0.0
Embed time: 0.02 seconds
Extract time: 0.01 seconds
0.0
25-07-14 15:57:11.881 - INFO: # Validation Gaussian Noise for iteration 36500 # PSNR_Stego: 1.4102e+01, Bit_acc: 2.7950e-03
2025-07-14 15:57:11,881 - INFO - # Validation Gaussian Noise for iteration 36500 # PSNR_Stego: 1.4102e+01, Bit_acc: 2.7950e-03
25-07-14 15:57:11.882 - INFO: <epoch: 69, iter:  36,500> PSNR_Stego: 1.4102e+01, Bit_acc:  2.7950e-03
2025-07-14 15:57:11,882 - INFO - <epoch: 69, iter:  36,500> PSNR_Stego: 1.4102e+01, Bit_acc:  2.7950e-03
----- End Validation with Gaussian Noise 10 for iteration 36500 -----
25-07-14 15:57:11.882 - INFO: Saving models and training states.
2025-07-14 15:57:11,882 - INFO - Saving models and training states.
Checkpoint save path: /workspace/EditGuard-V1/experiments/train_ibsn_bit_64/models/36500_G.pth

===== Checkpoint State Path: /workspace/EditGuard-V1/experiments/train_ibsn_bit_64/training_state/36500.state =====

========== Epoch: 70 ==========
25-07-14 15:57:55.598 - INFO: <epoch: 70, iter:  36,600, lr:1.250e-05> l_forw_fit: 5.5717e+00 l_msg: 3.2690e-02 
2025-07-14 15:57:55,598 - INFO - <epoch: 70, iter:  36,600, lr:1.250e-05> l_forw_fit: 5.5717e+00 l_msg: 3.2690e-02 
25-07-14 15:58:22.075 - INFO: <epoch: 70, iter:  36,700, lr:1.250e-05> l_forw_fit: 5.9896e+00 l_msg: 5.4824e-04 
2025-07-14 15:58:22,075 - INFO - <epoch: 70, iter:  36,700, lr:1.250e-05> l_forw_fit: 5.9896e+00 l_msg: 5.4824e-04 
25-07-14 15:58:47.490 - INFO: <epoch: 70, iter:  36,800, lr:1.250e-05> l_forw_fit: 6.3947e+00 l_msg: 2.4092e-02 
2025-07-14 15:58:47,490 - INFO - <epoch: 70, iter:  36,800, lr:1.250e-05> l_forw_fit: 6.3947e+00 l_msg: 2.4092e-02 
25-07-14 15:59:13.093 - INFO: <epoch: 70, iter:  36,900, lr:1.250e-05> l_forw_fit: 5.2685e+00 l_msg: 1.2297e-04 
2025-07-14 15:59:13,093 - INFO - <epoch: 70, iter:  36,900, lr:1.250e-05> l_forw_fit: 5.2685e+00 l_msg: 1.2297e-04 
25-07-14 15:59:37.015 - INFO: <epoch: 70, iter:  37,000, lr:1.250e-05> l_forw_fit: 6.4613e+00 l_msg: 4.4416e-03 
2025-07-14 15:59:37,015 - INFO - <epoch: 70, iter:  37,000, lr:1.250e-05> l_forw_fit: 6.4613e+00 l_msg: 4.4416e-03 
----- Start Validation with JPEG 70 for iteration 37000 -----
Embed time: 0.03 seconds
Extract time: 0.02 seconds
0.0
Embed time: 0.02 seconds
Extract time: 0.02 seconds
0.03333333333333333
Embed time: 0.02 seconds
Extract time: 0.01 seconds
0.03333333333333333
Embed time: 0.02 seconds
Extract time: 0.01 seconds
0.06666666666666667
Embed time: 0.02 seconds
Extract time: 0.01 seconds
0.1
Embed time: 0.02 seconds
Extract time: 0.01 seconds
0.06666666666666667
Embed time: 0.02 seconds
Extract time: 0.01 seconds
0.06666666666666667
Embed time: 0.02 seconds
Extract time: 0.01 seconds
0.03333333333333333
Embed time: 0.02 seconds
Extract time: 0.01 seconds
0.13333333333333333
Embed time: 0.02 seconds
Extract time: 0.01 seconds
0.0
Embed time: 0.01 seconds
Extract time: 0.01 seconds
0.0
Embed time: 0.01 seconds
Extract time: 0.01 seconds
0.0
Embed time: 0.01 seconds
Extract time: 0.01 seconds
0.03333333333333333
Embed time: 0.01 seconds
Extract time: 0.01 seconds
0.0
Embed time: 0.02 seconds
Extract time: 0.01 seconds
0.06666666666666667
Embed time: 0.02 seconds
Extract time: 0.01 seconds
0.0
Embed time: 0.01 seconds
Extract time: 0.01 seconds
0.06666666666666667
Embed time: 0.02 seconds
Extract time: 0.01 seconds
0.0
Embed time: 0.01 seconds
Extract time: 0.01 seconds
0.03333333333333333
Embed time: 0.02 seconds
Extract time: 0.01 seconds
0.0
Embed time: 0.01 seconds
Extract time: 0.01 seconds
0.06666666666666667
Embed time: 0.02 seconds
Extract time: 0.01 seconds
0.0
Embed time: 0.01 seconds
Extract time: 0.01 seconds
0.0
Embed time: 0.02 seconds
Extract time: 0.01 seconds
0.0
Embed time: 0.02 seconds
Extract time: 0.01 seconds
0.06666666666666667
Embed time: 0.02 seconds
Extract time: 0.01 seconds
0.03333333333333333
Embed time: 0.02 seconds
Extract time: 0.01 seconds
0.0
Embed time: 0.02 seconds
Extract time: 0.01 seconds
0.0
Embed time: 0.01 seconds
Extract time: 0.01 seconds
0.03333333333333333
Embed time: 0.01 seconds
Extract time: 0.01 seconds
0.03333333333333333
Embed time: 0.01 seconds
Extract time: 0.01 seconds
0.13333333333333333
Embed time: 0.02 seconds
Extract time: 0.01 seconds
0.1
Embed time: 0.01 seconds
Extract time: 0.01 seconds
0.03333333333333333
Embed time: 0.01 seconds
Extract time: 0.01 seconds
0.03333333333333333
Embed time: 0.01 seconds
Extract time: 0.01 seconds
0.1
Embed time: 0.01 seconds
Extract time: 0.01 seconds
0.0
Embed time: 0.01 seconds
Extract time: 0.01 seconds
0.13333333333333333
Embed time: 0.02 seconds
Extract time: 0.01 seconds
0.0
Embed time: 0.02 seconds
Extract time: 0.01 seconds
0.0
Embed time: 0.02 seconds
Extract time: 0.01 seconds
0.03333333333333333
Embed time: 0.02 seconds
Extract time: 0.01 seconds
0.0
Embed time: 0.02 seconds
Extract time: 0.01 seconds
0.0
Embed time: 0.01 seconds
Extract time: 0.01 seconds
0.0
Embed time: 0.01 seconds
Extract time: 0.01 seconds
0.1
Embed time: 0.02 seconds
Extract time: 0.01 seconds
0.13333333333333333
Embed time: 0.02 seconds
Extract time: 0.01 seconds
0.1
Embed time: 0.02 seconds
Extract time: 0.01 seconds
0.13333333333333333
Embed time: 0.02 seconds
Extract time: 0.01 seconds
0.03333333333333333
Embed time: 0.02 seconds
Extract time: 0.01 seconds
0.0
Embed time: 0.02 seconds
Extract time: 0.01 seconds
0.06666666666666667
Embed time: 0.02 seconds
Extract time: 0.01 seconds
0.03333333333333333
Embed time: 0.02 seconds
Extract time: 0.01 seconds
0.03333333333333333
Embed time: 0.02 seconds
Extract time: 0.01 seconds
0.0
Embed time: 0.02 seconds
Extract time: 0.01 seconds
0.03333333333333333
Embed time: 0.02 seconds
Extract time: 0.01 seconds
0.16666666666666666
Embed time: 0.02 seconds
Extract time: 0.01 seconds
0.06666666666666667
Embed time: 0.02 seconds
Extract time: 0.01 seconds
0.03333333333333333
Embed time: 0.02 seconds
Extract time: 0.01 seconds
0.0
Embed time: 0.02 seconds
Extract time: 0.01 seconds
0.06666666666666667
Embed time: 0.02 seconds
Extract time: 0.01 seconds
0.1
Embed time: 0.02 seconds
Extract time: 0.01 seconds
0.03333333333333333
Embed time: 0.01 seconds
Extract time: 0.01 seconds
0.03333333333333333
Embed time: 0.02 seconds
Extract time: 0.01 seconds
0.03333333333333333
Embed time: 0.02 seconds
Extract time: 0.01 seconds
0.06666666666666667
Embed time: 0.01 seconds
Extract time: 0.01 seconds
0.1
Embed time: 0.01 seconds
Extract time: 0.01 seconds
0.03333333333333333
Embed time: 0.01 seconds
Extract time: 0.01 seconds
0.03333333333333333
Embed time: 0.02 seconds
Extract time: 0.01 seconds
0.0
Embed time: 0.01 seconds
Extract time: 0.01 seconds
0.03333333333333333
Embed time: 0.01 seconds
Extract time: 0.01 seconds
0.1
Embed time: 0.01 seconds
Extract time: 0.01 seconds
0.03333333333333333
Embed time: 0.01 seconds
Extract time: 0.01 seconds
0.16666666666666666
Embed time: 0.01 seconds
Extract time: 0.01 seconds
0.13333333333333333
Embed time: 0.01 seconds
Extract time: 0.01 seconds
0.03333333333333333
Embed time: 0.01 seconds
Extract time: 0.01 seconds
0.06666666666666667
Embed time: 0.01 seconds
Extract time: 0.01 seconds
0.06666666666666667
Embed time: 0.01 seconds
Extract time: 0.01 seconds
0.0
Embed time: 0.01 seconds
Extract time: 0.01 seconds
0.0
Embed time: 0.01 seconds
Extract time: 0.01 seconds
0.03333333333333333
Embed time: 0.01 seconds
Extract time: 0.01 seconds
0.03333333333333333
Embed time: 0.01 seconds
Extract time: 0.01 seconds
0.03333333333333333
Embed time: 0.01 seconds
Extract time: 0.01 seconds
0.0
Embed time: 0.02 seconds
Extract time: 0.01 seconds
0.03333333333333333
Embed time: 0.01 seconds
Extract time: 0.01 seconds
0.1
Embed time: 0.01 seconds
Extract time: 0.01 seconds
0.03333333333333333
Embed time: 0.01 seconds
Extract time: 0.01 seconds
0.0
Embed time: 0.01 seconds
Extract time: 0.01 seconds
0.13333333333333333
Embed time: 0.01 seconds
Extract time: 0.01 seconds
0.1
Embed time: 0.02 seconds
Extract time: 0.01 seconds
0.0
Embed time: 0.01 seconds
Extract time: 0.01 seconds
0.03333333333333333
Embed time: 0.02 seconds
Extract time: 0.01 seconds
0.0
Embed time: 0.01 seconds
Extract time: 0.01 seconds
0.03333333333333333
Embed time: 0.01 seconds
Extract time: 0.01 seconds
0.06666666666666667
Embed time: 0.02 seconds
Extract time: 0.01 seconds
0.06666666666666667
Embed time: 0.02 seconds
Extract time: 0.01 seconds
0.03333333333333333
Embed time: 0.01 seconds
Extract time: 0.01 seconds
0.03333333333333333
Embed time: 0.01 seconds
Extract time: 0.01 seconds
0.03333333333333333
Embed time: 0.01 seconds
Extract time: 0.01 seconds
0.0
Embed time: 0.01 seconds
Extract time: 0.01 seconds
0.03333333333333333
Embed time: 0.01 seconds
Extract time: 0.01 seconds
0.03333333333333333
25-07-14 15:59:44.449 - INFO: # Validation JPEG for iteration 37000 # PSNR_Stego: 2.7542e+01, Bit_acc: 4.4667e-02
2025-07-14 15:59:44,449 - INFO - # Validation JPEG for iteration 37000 # PSNR_Stego: 2.7542e+01, Bit_acc: 4.4667e-02
25-07-14 15:59:44.450 - INFO: <epoch: 70, iter:  37,000> PSNR_Stego: 2.7542e+01, Bit_acc:  4.4667e-02
2025-07-14 15:59:44,450 - INFO - <epoch: 70, iter:  37,000> PSNR_Stego: 2.7542e+01, Bit_acc:  4.4667e-02
----- End Validation with JPEG 70 for iteration 37000 -----
----- Start Validation with Gaussian Noise 10 for iteration 37000 -----
Embed time: 0.02 seconds
Extract time: 0.01 seconds
0.0
Embed time: 0.02 seconds
Extract time: 0.01 seconds
0.0
Embed time: 0.02 seconds
Extract time: 0.01 seconds
0.0
Embed time: 0.02 seconds
Extract time: 0.01 seconds
0.0
Embed time: 0.03 seconds
Extract time: 0.02 seconds
0.0
Embed time: 0.03 seconds
Extract time: 0.02 seconds
0.0
Embed time: 0.02 seconds
Extract time: 0.02 seconds
0.0
Embed time: 0.02 seconds
Extract time: 0.02 seconds
0.0
Embed time: 0.02 seconds
Extract time: 0.02 seconds
0.0
Embed time: 0.02 seconds
Extract time: 0.02 seconds
0.0
Embed time: 0.02 seconds
Extract time: 0.02 seconds
0.0
Embed time: 0.02 seconds
Extract time: 0.02 seconds
0.0
Embed time: 0.02 seconds
Extract time: 0.01 seconds
0.0
Embed time: 0.02 seconds
Extract time: 0.01 seconds
0.0
Embed time: 0.02 seconds
Extract time: 0.01 seconds
0.0
Embed time: 0.02 seconds
Extract time: 0.01 seconds
0.03333333333333333
Embed time: 0.02 seconds
Extract time: 0.01 seconds
0.0
Embed time: 0.02 seconds
Extract time: 0.01 seconds
0.0
Embed time: 0.07 seconds
Extract time: 0.02 seconds
0.0
Embed time: 0.02 seconds
Extract time: 0.02 seconds
0.0
Embed time: 0.02 seconds
Extract time: 0.06 seconds
0.0
Embed time: 0.02 seconds
Extract time: 0.01 seconds
0.03333333333333333
Embed time: 0.02 seconds
Extract time: 0.01 seconds
0.03333333333333333
Embed time: 0.05 seconds
Extract time: 0.01 seconds
0.0
Embed time: 0.02 seconds
Extract time: 0.01 seconds
0.0
Embed time: 0.02 seconds
Extract time: 0.01 seconds
0.0
Embed time: 0.02 seconds
Extract time: 0.01 seconds
0.0
Embed time: 0.02 seconds
Extract time: 0.01 seconds
0.0
Embed time: 0.02 seconds
Extract time: 0.01 seconds
0.0
Embed time: 0.02 seconds
Extract time: 0.01 seconds
0.0
Embed time: 0.02 seconds
Extract time: 0.01 seconds
0.0
Embed time: 0.02 seconds
Extract time: 0.01 seconds
0.0
Embed time: 0.02 seconds
Extract time: 0.01 seconds
0.0
Embed time: 0.02 seconds
Extract time: 0.01 seconds
0.0
Embed time: 0.02 seconds
Extract time: 0.01 seconds
0.03333333333333333
Embed time: 0.02 seconds
Extract time: 0.01 seconds
0.0
Embed time: 0.02 seconds
Extract time: 0.01 seconds
0.0
Embed time: 0.02 seconds
Extract time: 0.01 seconds
0.0
Embed time: 0.02 seconds
Extract time: 0.01 seconds
0.0
Embed time: 0.02 seconds
Extract time: 0.01 seconds
0.0
Embed time: 0.02 seconds
Extract time: 0.01 seconds
0.0
Embed time: 0.02 seconds
Extract time: 0.01 seconds
0.0
Embed time: 0.02 seconds
Extract time: 0.01 seconds
0.0
Embed time: 0.02 seconds
Extract time: 0.01 seconds
0.03333333333333333
Embed time: 0.02 seconds
Extract time: 0.01 seconds
0.0
Embed time: 0.02 seconds
Extract time: 0.01 seconds
0.0
Embed time: 0.02 seconds
Extract time: 0.01 seconds
0.0
Embed time: 0.02 seconds
Extract time: 0.01 seconds
0.03333333333333333
Embed time: 0.02 seconds
Extract time: 0.01 seconds
0.0
Embed time: 0.02 seconds
Extract time: 0.01 seconds
0.03333333333333333
Embed time: 0.02 seconds
Extract time: 0.01 seconds
0.0
Embed time: 0.02 seconds
Extract time: 0.01 seconds
0.0
Embed time: 0.02 seconds
Extract time: 0.01 seconds
0.0
Embed time: 0.02 seconds
Extract time: 0.01 seconds
0.0
Embed time: 0.02 seconds
Extract time: 0.01 seconds
0.0
Embed time: 0.02 seconds
Extract time: 0.01 seconds
0.0
Embed time: 0.02 seconds
Extract time: 0.01 seconds
0.0
Embed time: 0.02 seconds
Extract time: 0.01 seconds
0.0
Embed time: 0.02 seconds
Extract time: 0.01 seconds
0.0
Embed time: 0.02 seconds
Extract time: 0.01 seconds
0.0
Embed time: 0.02 seconds
Extract time: 0.01 seconds
0.0
Embed time: 0.02 seconds
Extract time: 0.01 seconds
0.0
Embed time: 0.02 seconds
Extract time: 0.01 seconds
0.0
Embed time: 0.02 seconds
Extract time: 0.01 seconds
0.03333333333333333
Embed time: 0.02 seconds
Extract time: 0.01 seconds
0.0
Embed time: 0.02 seconds
Extract time: 0.01 seconds
0.0
Embed time: 0.02 seconds
Extract time: 0.02 seconds
0.0
Embed time: 0.02 seconds
Extract time: 0.02 seconds
0.0
Embed time: 0.02 seconds
Extract time: 0.02 seconds
0.0
Embed time: 0.02 seconds
Extract time: 0.02 seconds
0.0
Embed time: 0.02 seconds
Extract time: 0.02 seconds
0.0
Embed time: 0.02 seconds
Extract time: 0.01 seconds
0.0
Embed time: 0.02 seconds
Extract time: 0.02 seconds
0.03333333333333333
Embed time: 0.02 seconds
Extract time: 0.01 seconds
0.0
Embed time: 0.02 seconds
Extract time: 0.01 seconds
0.0
Embed time: 0.02 seconds
Extract time: 0.01 seconds
0.0
Embed time: 0.02 seconds
Extract time: 0.01 seconds
0.0
Embed time: 0.02 seconds
Extract time: 0.01 seconds
0.0
Embed time: 0.02 seconds
Extract time: 0.01 seconds
0.0
Embed time: 0.02 seconds
Extract time: 0.01 seconds
0.0
Embed time: 0.02 seconds
Extract time: 0.01 seconds
0.0
Embed time: 0.02 seconds
Extract time: 0.01 seconds
0.0
Embed time: 0.02 seconds
Extract time: 0.01 seconds
0.0
Embed time: 0.02 seconds
Extract time: 0.01 seconds
0.0
Embed time: 0.02 seconds
Extract time: 0.01 seconds
0.0
Embed time: 0.02 seconds
Extract time: 0.01 seconds
0.0
Embed time: 0.02 seconds
Extract time: 0.01 seconds
0.0
Embed time: 0.02 seconds
Extract time: 0.01 seconds
0.0
Embed time: 0.02 seconds
Extract time: 0.01 seconds
0.0
Embed time: 0.02 seconds
Extract time: 0.01 seconds
0.0
Embed time: 0.02 seconds
Extract time: 0.01 seconds
0.0
Embed time: 0.02 seconds
Extract time: 0.01 seconds
0.0
Embed time: 0.02 seconds
Extract time: 0.01 seconds
0.0
Embed time: 0.02 seconds
Extract time: 0.01 seconds
0.0
Embed time: 0.02 seconds
Extract time: 0.01 seconds
0.06666666666666667
Embed time: 0.02 seconds
Extract time: 0.02 seconds
0.0
Embed time: 0.02 seconds
Extract time: 0.01 seconds
0.0
Embed time: 0.02 seconds
Extract time: 0.01 seconds
0.0
Embed time: 0.02 seconds
Extract time: 0.01 seconds
0.0
Embed time: 0.02 seconds
Extract time: 0.02 seconds
0.03333333333333333
25-07-14 15:59:50.047 - INFO: # Validation Gaussian Noise for iteration 37000 # PSNR_Stego: 1.4047e+01, Bit_acc: 2.2233e-03
2025-07-14 15:59:50,047 - INFO - # Validation Gaussian Noise for iteration 37000 # PSNR_Stego: 1.4047e+01, Bit_acc: 2.2233e-03
25-07-14 15:59:50.048 - INFO: <epoch: 70, iter:  37,000> PSNR_Stego: 1.4047e+01, Bit_acc:  2.2233e-03
2025-07-14 15:59:50,048 - INFO - <epoch: 70, iter:  37,000> PSNR_Stego: 1.4047e+01, Bit_acc:  2.2233e-03
----- End Validation with Gaussian Noise 10 for iteration 37000 -----
25-07-14 15:59:50.049 - INFO: Saving models and training states.
2025-07-14 15:59:50,049 - INFO - Saving models and training states.
Checkpoint save path: /workspace/EditGuard-V1/experiments/train_ibsn_bit_64/models/37000_G.pth

===== Checkpoint State Path: /workspace/EditGuard-V1/experiments/train_ibsn_bit_64/training_state/37000.state =====

========== Epoch: 71 ==========
25-07-14 16:00:34.390 - INFO: <epoch: 71, iter:  37,100, lr:1.250e-05> l_forw_fit: 8.1738e+00 l_msg: 4.1884e-04 
2025-07-14 16:00:34,390 - INFO - <epoch: 71, iter:  37,100, lr:1.250e-05> l_forw_fit: 8.1738e+00 l_msg: 4.1884e-04 
25-07-14 16:00:59.863 - INFO: <epoch: 71, iter:  37,200, lr:1.250e-05> l_forw_fit: 8.5963e+00 l_msg: 8.1068e-02 
2025-07-14 16:00:59,863 - INFO - <epoch: 71, iter:  37,200, lr:1.250e-05> l_forw_fit: 8.5963e+00 l_msg: 8.1068e-02 
25-07-14 16:01:25.091 - INFO: <epoch: 71, iter:  37,300, lr:1.250e-05> l_forw_fit: 5.7767e+00 l_msg: 3.2383e-05 
2025-07-14 16:01:25,091 - INFO - <epoch: 71, iter:  37,300, lr:1.250e-05> l_forw_fit: 5.7767e+00 l_msg: 3.2383e-05 
25-07-14 16:01:49.985 - INFO: <epoch: 71, iter:  37,400, lr:1.250e-05> l_forw_fit: 5.2279e+00 l_msg: 1.1082e-02 
2025-07-14 16:01:49,985 - INFO - <epoch: 71, iter:  37,400, lr:1.250e-05> l_forw_fit: 5.2279e+00 l_msg: 1.1082e-02 
25-07-14 16:02:14.734 - INFO: <epoch: 71, iter:  37,500, lr:1.250e-05> l_forw_fit: 1.3653e+01 l_msg: 6.8407e-03 
2025-07-14 16:02:14,734 - INFO - <epoch: 71, iter:  37,500, lr:1.250e-05> l_forw_fit: 1.3653e+01 l_msg: 6.8407e-03 
----- Start Validation with JPEG 70 for iteration 37500 -----
Embed time: 0.03 seconds
Extract time: 0.02 seconds
0.2
Embed time: 0.02 seconds
Extract time: 0.02 seconds
0.23333333333333334
Embed time: 0.02 seconds
Extract time: 0.02 seconds
0.2
Embed time: 0.02 seconds
Extract time: 0.02 seconds
0.16666666666666666
Embed time: 0.02 seconds
Extract time: 0.02 seconds
0.03333333333333333
Embed time: 0.02 seconds
Extract time: 0.02 seconds
0.23333333333333334
Embed time: 0.02 seconds
Extract time: 0.02 seconds
0.06666666666666667
Embed time: 0.02 seconds
Extract time: 0.02 seconds
0.1
Embed time: 0.02 seconds
Extract time: 0.02 seconds
0.0
Embed time: 0.02 seconds
Extract time: 0.02 seconds
0.06666666666666667
Embed time: 0.02 seconds
Extract time: 0.02 seconds
0.06666666666666667
Embed time: 0.02 seconds
Extract time: 0.01 seconds
0.03333333333333333
Embed time: 0.02 seconds
Extract time: 0.01 seconds
0.0
Embed time: 0.02 seconds
Extract time: 0.02 seconds
0.03333333333333333
Embed time: 0.02 seconds
Extract time: 0.02 seconds
0.16666666666666666
Embed time: 0.02 seconds
Extract time: 0.01 seconds
0.0
Embed time: 0.02 seconds
Extract time: 0.02 seconds
0.06666666666666667
Embed time: 0.02 seconds
Extract time: 0.02 seconds
0.0
Embed time: 0.02 seconds
Extract time: 0.02 seconds
0.0
Embed time: 0.02 seconds
Extract time: 0.02 seconds
0.06666666666666667
Embed time: 0.02 seconds
Extract time: 0.02 seconds
0.13333333333333333
Embed time: 0.02 seconds
Extract time: 0.02 seconds
0.06666666666666667
Embed time: 0.02 seconds
Extract time: 0.02 seconds
0.1
Embed time: 0.02 seconds
Extract time: 0.02 seconds
0.0
Embed time: 0.02 seconds
Extract time: 0.01 seconds
0.13333333333333333
Embed time: 0.02 seconds
Extract time: 0.02 seconds
0.13333333333333333
Embed time: 0.02 seconds
Extract time: 0.01 seconds
0.06666666666666667
Embed time: 0.02 seconds
Extract time: 0.02 seconds
0.06666666666666667
Embed time: 0.02 seconds
Extract time: 0.02 seconds
0.06666666666666667
Embed time: 0.02 seconds
Extract time: 0.02 seconds
0.13333333333333333
Embed time: 0.02 seconds
Extract time: 0.02 seconds
0.13333333333333333
Embed time: 0.02 seconds
Extract time: 0.02 seconds
0.06666666666666667
Embed time: 0.02 seconds
Extract time: 0.01 seconds
0.1
Embed time: 0.02 seconds
Extract time: 0.02 seconds
0.13333333333333333
Embed time: 0.02 seconds
Extract time: 0.02 seconds
0.1
Embed time: 0.02 seconds
Extract time: 0.02 seconds
0.0
Embed time: 0.02 seconds
Extract time: 0.02 seconds
0.13333333333333333
Embed time: 0.02 seconds
Extract time: 0.02 seconds
0.16666666666666666
Embed time: 0.02 seconds
Extract time: 0.02 seconds
0.1
Embed time: 0.02 seconds
Extract time: 0.01 seconds
0.2
Embed time: 0.02 seconds
Extract time: 0.02 seconds
0.03333333333333333
Embed time: 0.02 seconds
Extract time: 0.02 seconds
0.23333333333333334
Embed time: 0.02 seconds
Extract time: 0.01 seconds
0.0
Embed time: 0.02 seconds
Extract time: 0.02 seconds
0.1
Embed time: 0.02 seconds
Extract time: 0.02 seconds
0.13333333333333333
Embed time: 0.02 seconds
Extract time: 0.02 seconds
0.06666666666666667
Embed time: 0.02 seconds
Extract time: 0.02 seconds
0.03333333333333333
Embed time: 0.02 seconds
Extract time: 0.02 seconds
0.06666666666666667
Embed time: 0.02 seconds
Extract time: 0.02 seconds
0.03333333333333333
Embed time: 0.02 seconds
Extract time: 0.02 seconds
0.13333333333333333
Embed time: 0.02 seconds
Extract time: 0.02 seconds
0.06666666666666667
Embed time: 0.02 seconds
Extract time: 0.01 seconds
0.03333333333333333
Embed time: 0.02 seconds
Extract time: 0.02 seconds
0.03333333333333333
Embed time: 0.02 seconds
Extract time: 0.02 seconds
0.03333333333333333
Embed time: 0.02 seconds
Extract time: 0.02 seconds
0.06666666666666667
Embed time: 0.02 seconds
Extract time: 0.02 seconds
0.13333333333333333
Embed time: 0.02 seconds
Extract time: 0.02 seconds
0.13333333333333333
Embed time: 0.02 seconds
Extract time: 0.02 seconds
0.03333333333333333
Embed time: 0.02 seconds
Extract time: 0.02 seconds
0.03333333333333333
Embed time: 0.02 seconds
Extract time: 0.02 seconds
0.03333333333333333
Embed time: 0.02 seconds
Extract time: 0.02 seconds
0.03333333333333333
Embed time: 0.02 seconds
Extract time: 0.01 seconds
0.1
Embed time: 0.02 seconds
Extract time: 0.02 seconds
0.13333333333333333
Embed time: 0.02 seconds
Extract time: 0.01 seconds
0.16666666666666666
Embed time: 0.02 seconds
Extract time: 0.01 seconds
0.06666666666666667
Embed time: 0.02 seconds
Extract time: 0.01 seconds
0.03333333333333333
Embed time: 0.02 seconds
Extract time: 0.01 seconds
0.03333333333333333
Embed time: 0.02 seconds
Extract time: 0.01 seconds
0.03333333333333333
Embed time: 0.02 seconds
Extract time: 0.01 seconds
0.0
Embed time: 0.02 seconds
Extract time: 0.02 seconds
0.2
Embed time: 0.02 seconds
Extract time: 0.02 seconds
0.03333333333333333
Embed time: 0.02 seconds
Extract time: 0.02 seconds
0.16666666666666666
Embed time: 0.02 seconds
Extract time: 0.02 seconds
0.16666666666666666
Embed time: 0.02 seconds
Extract time: 0.02 seconds
0.0
Embed time: 0.03 seconds
Extract time: 0.02 seconds
0.13333333333333333
Embed time: 0.02 seconds
Extract time: 0.02 seconds
0.06666666666666667
Embed time: 0.02 seconds
Extract time: 0.01 seconds
0.0
Embed time: 0.02 seconds
Extract time: 0.02 seconds
0.03333333333333333
Embed time: 0.02 seconds
Extract time: 0.01 seconds
0.06666666666666667
Embed time: 0.02 seconds
Extract time: 0.01 seconds
0.16666666666666666
Embed time: 0.02 seconds
Extract time: 0.01 seconds
0.0
Embed time: 0.02 seconds
Extract time: 0.01 seconds
0.13333333333333333
Embed time: 0.02 seconds
Extract time: 0.01 seconds
0.16666666666666666
Embed time: 0.02 seconds
Extract time: 0.01 seconds
0.16666666666666666
Embed time: 0.02 seconds
Extract time: 0.01 seconds
0.03333333333333333
Embed time: 0.01 seconds
Extract time: 0.01 seconds
0.03333333333333333
Embed time: 0.02 seconds
Extract time: 0.01 seconds
0.1
Embed time: 0.02 seconds
Extract time: 0.01 seconds
0.03333333333333333
Embed time: 0.02 seconds
Extract time: 0.01 seconds
0.03333333333333333
Embed time: 0.02 seconds
Extract time: 0.01 seconds
0.06666666666666667
Embed time: 0.02 seconds
Extract time: 0.01 seconds
0.16666666666666666
Embed time: 0.01 seconds
Extract time: 0.01 seconds
0.1
Embed time: 0.02 seconds
Extract time: 0.01 seconds
0.0
Embed time: 0.02 seconds
Extract time: 0.01 seconds
0.06666666666666667
Embed time: 0.02 seconds
Extract time: 0.01 seconds
0.1
Embed time: 0.02 seconds
Extract time: 0.01 seconds
0.16666666666666666
Embed time: 0.01 seconds
Extract time: 0.01 seconds
0.23333333333333334
Embed time: 0.02 seconds
Extract time: 0.01 seconds
0.0
Embed time: 0.02 seconds
Extract time: 0.01 seconds
0.16666666666666666
Embed time: 0.01 seconds
Extract time: 0.01 seconds
0.03333333333333333
25-07-14 16:02:23.014 - INFO: # Validation JPEG for iteration 37500 # PSNR_Stego: 2.7661e+01, Bit_acc: 8.6333e-02
2025-07-14 16:02:23,014 - INFO - # Validation JPEG for iteration 37500 # PSNR_Stego: 2.7661e+01, Bit_acc: 8.6333e-02
25-07-14 16:02:23.015 - INFO: <epoch: 71, iter:  37,500> PSNR_Stego: 2.7661e+01, Bit_acc:  8.6333e-02
2025-07-14 16:02:23,015 - INFO - <epoch: 71, iter:  37,500> PSNR_Stego: 2.7661e+01, Bit_acc:  8.6333e-02
----- End Validation with JPEG 70 for iteration 37500 -----
----- Start Validation with Gaussian Noise 10 for iteration 37500 -----
Embed time: 0.03 seconds
Extract time: 0.02 seconds
0.0
Embed time: 0.03 seconds
Extract time: 0.02 seconds
0.0
Embed time: 0.02 seconds
Extract time: 0.02 seconds
0.06666666666666667
Embed time: 0.02 seconds
Extract time: 0.01 seconds
0.0
Embed time: 0.02 seconds
Extract time: 0.01 seconds
0.0
Embed time: 0.02 seconds
Extract time: 0.01 seconds
0.0
Embed time: 0.02 seconds
Extract time: 0.01 seconds
0.06666666666666667
Embed time: 0.02 seconds
Extract time: 0.01 seconds
0.0
Embed time: 0.02 seconds
Extract time: 0.01 seconds
0.0
Embed time: 0.02 seconds
Extract time: 0.01 seconds
0.0
Embed time: 0.02 seconds
Extract time: 0.01 seconds
0.0
Embed time: 0.02 seconds
Extract time: 0.01 seconds
0.0
Embed time: 0.02 seconds
Extract time: 0.01 seconds
0.0
Embed time: 0.02 seconds
Extract time: 0.01 seconds
0.0
Embed time: 0.02 seconds
Extract time: 0.01 seconds
0.0
Embed time: 0.02 seconds
Extract time: 0.01 seconds
0.0
Embed time: 0.02 seconds
Extract time: 0.01 seconds
0.0
Embed time: 0.02 seconds
Extract time: 0.01 seconds
0.0
Embed time: 0.02 seconds
Extract time: 0.01 seconds
0.0
Embed time: 0.02 seconds
Extract time: 0.01 seconds
0.0
Embed time: 0.02 seconds
Extract time: 0.01 seconds
0.0
Embed time: 0.02 seconds
Extract time: 0.01 seconds
0.0
Embed time: 0.02 seconds
Extract time: 0.01 seconds
0.0
Embed time: 0.03 seconds
Extract time: 0.01 seconds
0.0
Embed time: 0.06 seconds
Extract time: 0.01 seconds
0.0
Embed time: 0.02 seconds
Extract time: 0.06 seconds
0.0
Embed time: 0.02 seconds
Extract time: 0.01 seconds
0.03333333333333333
Embed time: 0.02 seconds
Extract time: 0.01 seconds
0.0
Embed time: 0.01 seconds
Extract time: 0.01 seconds
0.0
Embed time: 0.01 seconds
Extract time: 0.01 seconds
0.0
Embed time: 0.02 seconds
Extract time: 0.01 seconds
0.0
Embed time: 0.02 seconds
Extract time: 0.01 seconds
0.0
Embed time: 0.02 seconds
Extract time: 0.01 seconds
0.0
Embed time: 0.01 seconds
Extract time: 0.01 seconds
0.0
Embed time: 0.02 seconds
Extract time: 0.01 seconds
0.0
Embed time: 0.02 seconds
Extract time: 0.01 seconds
0.0
Embed time: 0.03 seconds
Extract time: 0.01 seconds
0.0
Embed time: 0.02 seconds
Extract time: 0.01 seconds
0.0
Embed time: 0.03 seconds
Extract time: 0.01 seconds
0.0
Embed time: 0.02 seconds
Extract time: 0.01 seconds
0.0
Embed time: 0.02 seconds
Extract time: 0.01 seconds
0.0
Embed time: 0.02 seconds
Extract time: 0.01 seconds
0.06666666666666667
Embed time: 0.02 seconds
Extract time: 0.01 seconds
0.0
Embed time: 0.03 seconds
Extract time: 0.02 seconds
0.0
Embed time: 0.02 seconds
Extract time: 0.01 seconds
0.0
Embed time: 0.02 seconds
Extract time: 0.01 seconds
0.0
Embed time: 0.02 seconds
Extract time: 0.01 seconds
0.0
Embed time: 0.02 seconds
Extract time: 0.01 seconds
0.03333333333333333
Embed time: 0.03 seconds
Extract time: 0.01 seconds
0.0
Embed time: 0.02 seconds
Extract time: 0.01 seconds
0.1
Embed time: 0.02 seconds
Extract time: 0.01 seconds
0.0
Embed time: 0.02 seconds
Extract time: 0.02 seconds
0.0
Embed time: 0.02 seconds
Extract time: 0.01 seconds
0.03333333333333333
Embed time: 0.02 seconds
Extract time: 0.01 seconds
0.0
Embed time: 0.02 seconds
Extract time: 0.01 seconds
0.0
Embed time: 0.05 seconds
Extract time: 0.02 seconds
0.0
Embed time: 0.01 seconds
Extract time: 0.01 seconds
0.0
Embed time: 0.02 seconds
Extract time: 0.01 seconds
0.06666666666666667
Embed time: 0.02 seconds
Extract time: 0.01 seconds
0.0
Embed time: 0.02 seconds
Extract time: 0.01 seconds
0.03333333333333333
Embed time: 0.02 seconds
Extract time: 0.01 seconds
0.03333333333333333
Embed time: 0.02 seconds
Extract time: 0.01 seconds
0.0
Embed time: 0.02 seconds
Extract time: 0.01 seconds
0.03333333333333333
Embed time: 0.02 seconds
Extract time: 0.03 seconds
0.0
Embed time: 0.02 seconds
Extract time: 0.01 seconds
0.0
Embed time: 0.02 seconds
Extract time: 0.01 seconds
0.0
Embed time: 0.02 seconds
Extract time: 0.01 seconds
0.0
Embed time: 0.02 seconds
Extract time: 0.01 seconds
0.0
Embed time: 0.02 seconds
Extract time: 0.01 seconds
0.0
Embed time: 0.02 seconds
Extract time: 0.01 seconds
0.0
Embed time: 0.02 seconds
Extract time: 0.01 seconds
0.0
Embed time: 0.02 seconds
Extract time: 0.01 seconds
0.06666666666666667
Embed time: 0.01 seconds
Extract time: 0.01 seconds
0.0
Embed time: 0.02 seconds
Extract time: 0.03 seconds
0.0
Embed time: 0.02 seconds
Extract time: 0.01 seconds
0.0
Embed time: 0.02 seconds
Extract time: 0.01 seconds
0.0
Embed time: 0.02 seconds
Extract time: 0.01 seconds
0.0
Embed time: 0.02 seconds
Extract time: 0.01 seconds
0.0
Embed time: 0.02 seconds
Extract time: 0.01 seconds
0.0
Embed time: 0.01 seconds
Extract time: 0.01 seconds
0.06666666666666667
Embed time: 0.02 seconds
Extract time: 0.01 seconds
0.0
Embed time: 0.02 seconds
Extract time: 0.01 seconds
0.0
Embed time: 0.02 seconds
Extract time: 0.01 seconds
0.03333333333333333
Embed time: 0.01 seconds
Extract time: 0.01 seconds
0.0
Embed time: 0.02 seconds
Extract time: 0.01 seconds
0.0
Embed time: 0.02 seconds
Extract time: 0.01 seconds
0.0
Embed time: 0.02 seconds
Extract time: 0.01 seconds
0.0
Embed time: 0.02 seconds
Extract time: 0.01 seconds
0.03333333333333333
Embed time: 0.02 seconds
Extract time: 0.01 seconds
0.0
Embed time: 0.02 seconds
Extract time: 0.01 seconds
0.0
Embed time: 0.02 seconds
Extract time: 0.01 seconds
0.0
Embed time: 0.02 seconds
Extract time: 0.01 seconds
0.0
Embed time: 0.02 seconds
Extract time: 0.01 seconds
0.0
Embed time: 0.02 seconds
Extract time: 0.01 seconds
0.0
Embed time: 0.03 seconds
Extract time: 0.01 seconds
0.03333333333333333
Embed time: 0.01 seconds
Extract time: 0.01 seconds
0.0
Embed time: 0.02 seconds
Extract time: 0.01 seconds
0.0
Embed time: 0.02 seconds
Extract time: 0.01 seconds
0.0
Embed time: 0.02 seconds
Extract time: 0.01 seconds
0.0
Embed time: 0.01 seconds
Extract time: 0.01 seconds
0.0
25-07-14 16:02:28.777 - INFO: # Validation Gaussian Noise for iteration 37500 # PSNR_Stego: 1.4110e+01, Bit_acc: 4.4317e-03
2025-07-14 16:02:28,777 - INFO - # Validation Gaussian Noise for iteration 37500 # PSNR_Stego: 1.4110e+01, Bit_acc: 4.4317e-03
25-07-14 16:02:28.778 - INFO: <epoch: 71, iter:  37,500> PSNR_Stego: 1.4110e+01, Bit_acc:  4.4317e-03
2025-07-14 16:02:28,778 - INFO - <epoch: 71, iter:  37,500> PSNR_Stego: 1.4110e+01, Bit_acc:  4.4317e-03
----- End Validation with Gaussian Noise 10 for iteration 37500 -----
25-07-14 16:02:28.779 - INFO: Saving models and training states.
2025-07-14 16:02:28,779 - INFO - Saving models and training states.
Checkpoint save path: /workspace/EditGuard-V1/experiments/train_ibsn_bit_64/models/37500_G.pth

===== Checkpoint State Path: /workspace/EditGuard-V1/experiments/train_ibsn_bit_64/training_state/37500.state =====

========== Epoch: 72 ==========
25-07-14 16:03:13.620 - INFO: <epoch: 72, iter:  37,600, lr:1.250e-05> l_forw_fit: 1.0303e+01 l_msg: 4.3531e-03 
2025-07-14 16:03:13,620 - INFO - <epoch: 72, iter:  37,600, lr:1.250e-05> l_forw_fit: 1.0303e+01 l_msg: 4.3531e-03 
25-07-14 16:03:38.352 - INFO: <epoch: 72, iter:  37,700, lr:1.250e-05> l_forw_fit: 5.2436e+00 l_msg: 1.5144e-06 
2025-07-14 16:03:38,352 - INFO - <epoch: 72, iter:  37,700, lr:1.250e-05> l_forw_fit: 5.2436e+00 l_msg: 1.5144e-06 
25-07-14 16:04:03.428 - INFO: <epoch: 72, iter:  37,800, lr:1.250e-05> l_forw_fit: 6.7731e+00 l_msg: 1.1720e-03 
2025-07-14 16:04:03,428 - INFO - <epoch: 72, iter:  37,800, lr:1.250e-05> l_forw_fit: 6.7731e+00 l_msg: 1.1720e-03 
25-07-14 16:04:28.234 - INFO: <epoch: 72, iter:  37,900, lr:1.250e-05> l_forw_fit: 7.5130e+00 l_msg: 0.0000e+00 
2025-07-14 16:04:28,234 - INFO - <epoch: 72, iter:  37,900, lr:1.250e-05> l_forw_fit: 7.5130e+00 l_msg: 0.0000e+00 
25-07-14 16:04:52.400 - INFO: <epoch: 72, iter:  38,000, lr:1.250e-05> l_forw_fit: 7.3443e+00 l_msg: 9.5907e-03 
2025-07-14 16:04:52,400 - INFO - <epoch: 72, iter:  38,000, lr:1.250e-05> l_forw_fit: 7.3443e+00 l_msg: 9.5907e-03 
----- Start Validation with JPEG 70 for iteration 38000 -----
Embed time: 0.03 seconds
Extract time: 0.01 seconds
0.1
Embed time: 0.02 seconds
Extract time: 0.01 seconds
0.06666666666666667
Embed time: 0.02 seconds
Extract time: 0.01 seconds
0.13333333333333333
Embed time: 0.02 seconds
Extract time: 0.01 seconds
0.03333333333333333
Embed time: 0.02 seconds
Extract time: 0.01 seconds
0.1
Embed time: 0.02 seconds
Extract time: 0.01 seconds
0.16666666666666666
Embed time: 0.01 seconds
Extract time: 0.01 seconds
0.1
Embed time: 0.02 seconds
Extract time: 0.01 seconds
0.0
Embed time: 0.02 seconds
Extract time: 0.01 seconds
0.03333333333333333
Embed time: 0.01 seconds
Extract time: 0.01 seconds
0.03333333333333333
Embed time: 0.01 seconds
Extract time: 0.01 seconds
0.03333333333333333
Embed time: 0.02 seconds
Extract time: 0.01 seconds
0.03333333333333333
Embed time: 0.01 seconds
Extract time: 0.01 seconds
0.1
Embed time: 0.01 seconds
Extract time: 0.01 seconds
0.1
Embed time: 0.02 seconds
Extract time: 0.01 seconds
0.03333333333333333
Embed time: 0.02 seconds
Extract time: 0.01 seconds
0.1
Embed time: 0.02 seconds
Extract time: 0.01 seconds
0.06666666666666667
Embed time: 0.02 seconds
Extract time: 0.01 seconds
0.03333333333333333
Embed time: 0.02 seconds
Extract time: 0.01 seconds
0.0
Embed time: 0.02 seconds
Extract time: 0.01 seconds
0.0
Embed time: 0.01 seconds
Extract time: 0.01 seconds
0.03333333333333333
Embed time: 0.01 seconds
Extract time: 0.01 seconds
0.13333333333333333
Embed time: 0.01 seconds
Extract time: 0.01 seconds
0.0
Embed time: 0.01 seconds
Extract time: 0.01 seconds
0.0
Embed time: 0.02 seconds
Extract time: 0.01 seconds
0.1
Embed time: 0.02 seconds
Extract time: 0.01 seconds
0.06666666666666667
Embed time: 0.02 seconds
Extract time: 0.01 seconds
0.03333333333333333
Embed time: 0.02 seconds
Extract time: 0.01 seconds
0.13333333333333333
Embed time: 0.02 seconds
Extract time: 0.01 seconds
0.0
Embed time: 0.02 seconds
Extract time: 0.01 seconds
0.1
Embed time: 0.02 seconds
Extract time: 0.01 seconds
0.06666666666666667
Embed time: 0.02 seconds
Extract time: 0.01 seconds
0.0
Embed time: 0.02 seconds
Extract time: 0.01 seconds
0.03333333333333333
Embed time: 0.01 seconds
Extract time: 0.01 seconds
0.03333333333333333
Embed time: 0.01 seconds
Extract time: 0.01 seconds
0.1
Embed time: 0.01 seconds
Extract time: 0.01 seconds
0.03333333333333333
Embed time: 0.02 seconds
Extract time: 0.01 seconds
0.06666666666666667
Embed time: 0.02 seconds
Extract time: 0.01 seconds
0.03333333333333333
Embed time: 0.02 seconds
Extract time: 0.01 seconds
0.03333333333333333
Embed time: 0.02 seconds
Extract time: 0.01 seconds
0.23333333333333334
Embed time: 0.02 seconds
Extract time: 0.01 seconds
0.06666666666666667
Embed time: 0.09 seconds
Extract time: 0.01 seconds
0.13333333333333333
Embed time: 0.02 seconds
Extract time: 0.01 seconds
0.03333333333333333
Embed time: 0.03 seconds
Extract time: 0.01 seconds
0.03333333333333333
Embed time: 0.02 seconds
Extract time: 0.01 seconds
0.03333333333333333
Embed time: 0.02 seconds
Extract time: 0.01 seconds
0.03333333333333333
Embed time: 0.02 seconds
Extract time: 0.01 seconds
0.06666666666666667
Embed time: 0.02 seconds
Extract time: 0.01 seconds
0.13333333333333333
Embed time: 0.02 seconds
Extract time: 0.01 seconds
0.06666666666666667
Embed time: 0.02 seconds
Extract time: 0.01 seconds
0.2
Embed time: 0.01 seconds
Extract time: 0.01 seconds
0.03333333333333333
Embed time: 0.01 seconds
Extract time: 0.01 seconds
0.03333333333333333
Embed time: 0.01 seconds
Extract time: 0.01 seconds
0.03333333333333333
Embed time: 0.01 seconds
Extract time: 0.01 seconds
0.06666666666666667
Embed time: 0.02 seconds
Extract time: 0.01 seconds
0.0
Embed time: 0.01 seconds
Extract time: 0.01 seconds
0.13333333333333333
Embed time: 0.02 seconds
Extract time: 0.01 seconds
0.1
Embed time: 0.01 seconds
Extract time: 0.01 seconds
0.1
Embed time: 0.01 seconds
Extract time: 0.01 seconds
0.0
Embed time: 0.01 seconds
Extract time: 0.01 seconds
0.0
Embed time: 0.01 seconds
Extract time: 0.01 seconds
0.03333333333333333
Embed time: 0.01 seconds
Extract time: 0.01 seconds
0.1
Embed time: 0.02 seconds
Extract time: 0.01 seconds
0.03333333333333333
Embed time: 0.02 seconds
Extract time: 0.01 seconds
0.1
Embed time: 0.02 seconds
Extract time: 0.01 seconds
0.03333333333333333
Embed time: 0.02 seconds
Extract time: 0.01 seconds
0.1
Embed time: 0.02 seconds
Extract time: 0.02 seconds
0.0
Embed time: 0.02 seconds
Extract time: 0.01 seconds
0.06666666666666667
Embed time: 0.01 seconds
Extract time: 0.01 seconds
0.03333333333333333
Embed time: 0.01 seconds
Extract time: 0.01 seconds
0.1
Embed time: 0.01 seconds
Extract time: 0.01 seconds
0.16666666666666666
Embed time: 0.01 seconds
Extract time: 0.01 seconds
0.06666666666666667
Embed time: 0.01 seconds
Extract time: 0.01 seconds
0.06666666666666667
Embed time: 0.01 seconds
Extract time: 0.01 seconds
0.03333333333333333
Embed time: 0.01 seconds
Extract time: 0.01 seconds
0.03333333333333333
Embed time: 0.01 seconds
Extract time: 0.01 seconds
0.06666666666666667
Embed time: 0.01 seconds
Extract time: 0.01 seconds
0.0
Embed time: 0.01 seconds
Extract time: 0.01 seconds
0.03333333333333333
Embed time: 0.01 seconds
Extract time: 0.01 seconds
0.03333333333333333
Embed time: 0.01 seconds
Extract time: 0.01 seconds
0.16666666666666666
Embed time: 0.01 seconds
Extract time: 0.01 seconds
0.03333333333333333
Embed time: 0.01 seconds
Extract time: 0.01 seconds
0.03333333333333333
Embed time: 0.01 seconds
Extract time: 0.01 seconds
0.03333333333333333
Embed time: 0.01 seconds
Extract time: 0.01 seconds
0.0
Embed time: 0.02 seconds
Extract time: 0.01 seconds
0.06666666666666667
Embed time: 0.01 seconds
Extract time: 0.01 seconds
0.06666666666666667
Embed time: 0.02 seconds
Extract time: 0.01 seconds
0.06666666666666667
Embed time: 0.02 seconds
Extract time: 0.01 seconds
0.03333333333333333
Embed time: 0.02 seconds
Extract time: 0.01 seconds
0.06666666666666667
Embed time: 0.02 seconds
Extract time: 0.01 seconds
0.06666666666666667
Embed time: 0.01 seconds
Extract time: 0.01 seconds
0.1
Embed time: 0.02 seconds
Extract time: 0.01 seconds
0.13333333333333333
Embed time: 0.02 seconds
Extract time: 0.01 seconds
0.0
Embed time: 0.02 seconds
Extract time: 0.01 seconds
0.0
Embed time: 0.02 seconds
Extract time: 0.01 seconds
0.03333333333333333
Embed time: 0.01 seconds
Extract time: 0.01 seconds
0.03333333333333333
Embed time: 0.02 seconds
Extract time: 0.01 seconds
0.03333333333333333
Embed time: 0.01 seconds
Extract time: 0.01 seconds
0.0
Embed time: 0.01 seconds
Extract time: 0.01 seconds
0.03333333333333333
Embed time: 0.01 seconds
Extract time: 0.01 seconds
0.03333333333333333
25-07-14 16:05:00.012 - INFO: # Validation JPEG for iteration 38000 # PSNR_Stego: 2.7466e+01, Bit_acc: 5.9333e-02
2025-07-14 16:05:00,012 - INFO - # Validation JPEG for iteration 38000 # PSNR_Stego: 2.7466e+01, Bit_acc: 5.9333e-02
25-07-14 16:05:00.013 - INFO: <epoch: 72, iter:  38,000> PSNR_Stego: 2.7466e+01, Bit_acc:  5.9333e-02
2025-07-14 16:05:00,013 - INFO - <epoch: 72, iter:  38,000> PSNR_Stego: 2.7466e+01, Bit_acc:  5.9333e-02
----- End Validation with JPEG 70 for iteration 38000 -----
----- Start Validation with Gaussian Noise 10 for iteration 38000 -----
Embed time: 0.02 seconds
Extract time: 0.01 seconds
0.0
Embed time: 0.02 seconds
Extract time: 0.01 seconds
0.0
Embed time: 0.02 seconds
Extract time: 0.01 seconds
0.1
Embed time: 0.02 seconds
Extract time: 0.01 seconds
0.0
Embed time: 0.02 seconds
Extract time: 0.01 seconds
0.0
Embed time: 0.02 seconds
Extract time: 0.01 seconds
0.0
Embed time: 0.02 seconds
Extract time: 0.01 seconds
0.03333333333333333
Embed time: 0.02 seconds
Extract time: 0.01 seconds
0.0
Embed time: 0.01 seconds
Extract time: 0.01 seconds
0.0
Embed time: 0.01 seconds
Extract time: 0.01 seconds
0.0
Embed time: 0.03 seconds
Extract time: 0.01 seconds
0.0
Embed time: 0.02 seconds
Extract time: 0.01 seconds
0.0
Embed time: 0.02 seconds
Extract time: 0.01 seconds
0.0
Embed time: 0.02 seconds
Extract time: 0.01 seconds
0.0
Embed time: 0.02 seconds
Extract time: 0.01 seconds
0.0
Embed time: 0.02 seconds
Extract time: 0.01 seconds
0.0
Embed time: 0.02 seconds
Extract time: 0.01 seconds
0.0
Embed time: 0.02 seconds
Extract time: 0.01 seconds
0.0
Embed time: 0.02 seconds
Extract time: 0.01 seconds
0.0
Embed time: 0.02 seconds
Extract time: 0.01 seconds
0.0
Embed time: 0.02 seconds
Extract time: 0.01 seconds
0.0
Embed time: 0.05 seconds
Extract time: 0.01 seconds
0.0
Embed time: 0.02 seconds
Extract time: 0.01 seconds
0.03333333333333333
Embed time: 0.02 seconds
Extract time: 0.01 seconds
0.0
Embed time: 0.02 seconds
Extract time: 0.01 seconds
0.0
Embed time: 0.02 seconds
Extract time: 0.01 seconds
0.0
Embed time: 0.09 seconds
Extract time: 0.03 seconds
0.0
Embed time: 0.02 seconds
Extract time: 0.02 seconds
0.0
Embed time: 0.02 seconds
Extract time: 0.01 seconds
0.0
Embed time: 0.02 seconds
Extract time: 0.01 seconds
0.0
Embed time: 0.02 seconds
Extract time: 0.01 seconds
0.03333333333333333
Embed time: 0.02 seconds
Extract time: 0.02 seconds
0.0
Embed time: 0.03 seconds
Extract time: 0.01 seconds
0.0
Embed time: 0.02 seconds
Extract time: 0.01 seconds
0.0
Embed time: 0.02 seconds
Extract time: 0.01 seconds
0.0
Embed time: 0.02 seconds
Extract time: 0.01 seconds
0.0
Embed time: 0.02 seconds
Extract time: 0.01 seconds
0.0
Embed time: 0.02 seconds
Extract time: 0.01 seconds
0.0
Embed time: 0.02 seconds
Extract time: 0.01 seconds
0.0
Embed time: 0.02 seconds
Extract time: 0.04 seconds
0.0
Embed time: 0.02 seconds
Extract time: 0.01 seconds
0.03333333333333333
Embed time: 0.02 seconds
Extract time: 0.01 seconds
0.03333333333333333
Embed time: 0.02 seconds
Extract time: 0.01 seconds
0.03333333333333333
Embed time: 0.03 seconds
Extract time: 0.02 seconds
0.0
Embed time: 0.02 seconds
Extract time: 0.01 seconds
0.0
Embed time: 0.02 seconds
Extract time: 0.01 seconds
0.03333333333333333
Embed time: 0.02 seconds
Extract time: 0.01 seconds
0.0
Embed time: 0.02 seconds
Extract time: 0.01 seconds
0.0
Embed time: 0.02 seconds
Extract time: 0.01 seconds
0.0
Embed time: 0.02 seconds
Extract time: 0.01 seconds
0.0
Embed time: 0.04 seconds
Extract time: 0.01 seconds
0.0
Embed time: 0.04 seconds
Extract time: 0.02 seconds
0.0
Embed time: 0.02 seconds
Extract time: 0.01 seconds
0.0
Embed time: 0.02 seconds
Extract time: 0.02 seconds
0.0
Embed time: 0.02 seconds
Extract time: 0.01 seconds
0.03333333333333333
Embed time: 0.02 seconds
Extract time: 0.01 seconds
0.0
Embed time: 0.02 seconds
Extract time: 0.01 seconds
0.0
Embed time: 0.02 seconds
Extract time: 0.01 seconds
0.03333333333333333
Embed time: 0.02 seconds
Extract time: 0.01 seconds
0.0
Embed time: 0.02 seconds
Extract time: 0.02 seconds
0.0
Embed time: 0.02 seconds
Extract time: 0.01 seconds
0.0
Embed time: 0.02 seconds
Extract time: 0.01 seconds
0.0
Embed time: 0.02 seconds
Extract time: 0.01 seconds
0.0
Embed time: 0.02 seconds
Extract time: 0.01 seconds
0.0
Embed time: 0.05 seconds
Extract time: 0.01 seconds
0.0
Embed time: 0.02 seconds
Extract time: 0.01 seconds
0.0
Embed time: 0.02 seconds
Extract time: 0.01 seconds
0.0
Embed time: 0.02 seconds
Extract time: 0.01 seconds
0.0
Embed time: 0.03 seconds
Extract time: 0.01 seconds
0.0
Embed time: 0.02 seconds
Extract time: 0.01 seconds
0.0
Embed time: 0.03 seconds
Extract time: 0.01 seconds
0.0
Embed time: 0.02 seconds
Extract time: 0.01 seconds
0.0
Embed time: 0.02 seconds
Extract time: 0.01 seconds
0.0
Embed time: 0.04 seconds
Extract time: 0.02 seconds
0.0
Embed time: 0.02 seconds
Extract time: 0.01 seconds
0.0
Embed time: 0.02 seconds
Extract time: 0.01 seconds
0.0
Embed time: 0.02 seconds
Extract time: 0.01 seconds
0.0
Embed time: 0.02 seconds
Extract time: 0.02 seconds
0.0
Embed time: 0.02 seconds
Extract time: 0.01 seconds
0.0
Embed time: 0.02 seconds
Extract time: 0.01 seconds
0.0
Embed time: 0.02 seconds
Extract time: 0.01 seconds
0.0
Embed time: 0.04 seconds
Extract time: 0.01 seconds
0.0
Embed time: 0.02 seconds
Extract time: 0.01 seconds
0.0
Embed time: 0.03 seconds
Extract time: 0.01 seconds
0.0
Embed time: 0.02 seconds
Extract time: 0.02 seconds
0.03333333333333333
Embed time: 0.02 seconds
Extract time: 0.01 seconds
0.0
Embed time: 0.02 seconds
Extract time: 0.02 seconds
0.0
Embed time: 0.02 seconds
Extract time: 0.01 seconds
0.0
Embed time: 0.02 seconds
Extract time: 0.02 seconds
0.0
Embed time: 0.02 seconds
Extract time: 0.01 seconds
0.0
Embed time: 0.02 seconds
Extract time: 0.02 seconds
0.0
Embed time: 0.02 seconds
Extract time: 0.01 seconds
0.0
Embed time: 0.02 seconds
Extract time: 0.03 seconds
0.0
Embed time: 0.02 seconds
Extract time: 0.01 seconds
0.0
Embed time: 0.02 seconds
Extract time: 0.01 seconds
0.03333333333333333
Embed time: 0.02 seconds
Extract time: 0.01 seconds
0.0
Embed time: 0.04 seconds
Extract time: 0.01 seconds
0.0
Embed time: 0.02 seconds
Extract time: 0.04 seconds
0.0
Embed time: 0.02 seconds
Extract time: 0.01 seconds
0.0
Embed time: 0.01 seconds
Extract time: 0.01 seconds
0.0
25-07-14 16:05:05.924 - INFO: # Validation Gaussian Noise for iteration 38000 # PSNR_Stego: 1.4013e+01, Bit_acc: 2.6300e-03
2025-07-14 16:05:05,924 - INFO - # Validation Gaussian Noise for iteration 38000 # PSNR_Stego: 1.4013e+01, Bit_acc: 2.6300e-03
25-07-14 16:05:05.925 - INFO: <epoch: 72, iter:  38,000> PSNR_Stego: 1.4013e+01, Bit_acc:  2.6300e-03
2025-07-14 16:05:05,925 - INFO - <epoch: 72, iter:  38,000> PSNR_Stego: 1.4013e+01, Bit_acc:  2.6300e-03
----- End Validation with Gaussian Noise 10 for iteration 38000 -----
25-07-14 16:05:05.926 - INFO: Saving models and training states.
2025-07-14 16:05:05,926 - INFO - Saving models and training states.
Checkpoint save path: /workspace/EditGuard-V1/experiments/train_ibsn_bit_64/models/38000_G.pth

===== Checkpoint State Path: /workspace/EditGuard-V1/experiments/train_ibsn_bit_64/training_state/38000.state =====

========== Epoch: 73 ==========
25-07-14 16:05:50.019 - INFO: <epoch: 73, iter:  38,100, lr:1.250e-05> l_forw_fit: 7.6262e+00 l_msg: 2.5926e-03 
2025-07-14 16:05:50,019 - INFO - <epoch: 73, iter:  38,100, lr:1.250e-05> l_forw_fit: 7.6262e+00 l_msg: 2.5926e-03 
25-07-14 16:06:15.840 - INFO: <epoch: 73, iter:  38,200, lr:1.250e-05> l_forw_fit: 9.0537e+00 l_msg: 3.5701e-02 
2025-07-14 16:06:15,840 - INFO - <epoch: 73, iter:  38,200, lr:1.250e-05> l_forw_fit: 9.0537e+00 l_msg: 3.5701e-02 
25-07-14 16:06:41.228 - INFO: <epoch: 73, iter:  38,300, lr:1.250e-05> l_forw_fit: 5.4669e+00 l_msg: 6.8477e-03 
2025-07-14 16:06:41,228 - INFO - <epoch: 73, iter:  38,300, lr:1.250e-05> l_forw_fit: 5.4669e+00 l_msg: 6.8477e-03 
25-07-14 16:07:06.331 - INFO: <epoch: 73, iter:  38,400, lr:1.250e-05> l_forw_fit: 7.8011e+00 l_msg: 5.8470e-03 
2025-07-14 16:07:06,331 - INFO - <epoch: 73, iter:  38,400, lr:1.250e-05> l_forw_fit: 7.8011e+00 l_msg: 5.8470e-03 
25-07-14 16:07:30.933 - INFO: <epoch: 73, iter:  38,500, lr:1.250e-05> l_forw_fit: 7.8914e+00 l_msg: 7.1292e-05 
2025-07-14 16:07:30,933 - INFO - <epoch: 73, iter:  38,500, lr:1.250e-05> l_forw_fit: 7.8914e+00 l_msg: 7.1292e-05 
----- Start Validation with JPEG 70 for iteration 38500 -----
Embed time: 0.03 seconds
Extract time: 0.02 seconds
0.03333333333333333
Embed time: 0.02 seconds
Extract time: 0.02 seconds
0.06666666666666667
Embed time: 0.02 seconds
Extract time: 0.02 seconds
0.2
Embed time: 0.02 seconds
Extract time: 0.02 seconds
0.13333333333333333
Embed time: 0.02 seconds
Extract time: 0.02 seconds
0.16666666666666666
Embed time: 0.02 seconds
Extract time: 0.02 seconds
0.2
Embed time: 0.07 seconds
Extract time: 0.02 seconds
0.1
Embed time: 0.02 seconds
Extract time: 0.02 seconds
0.03333333333333333
Embed time: 0.02 seconds
Extract time: 0.02 seconds
0.03333333333333333
Embed time: 0.02 seconds
Extract time: 0.02 seconds
0.03333333333333333
Embed time: 0.02 seconds
Extract time: 0.01 seconds
0.06666666666666667
Embed time: 0.01 seconds
Extract time: 0.01 seconds
0.0
Embed time: 0.02 seconds
Extract time: 0.01 seconds
0.0
Embed time: 0.02 seconds
Extract time: 0.01 seconds
0.03333333333333333
Embed time: 0.01 seconds
Extract time: 0.01 seconds
0.03333333333333333
Embed time: 0.01 seconds
Extract time: 0.01 seconds
0.06666666666666667
Embed time: 0.02 seconds
Extract time: 0.01 seconds
0.1
Embed time: 0.02 seconds
Extract time: 0.01 seconds
0.03333333333333333
Embed time: 0.01 seconds
Extract time: 0.01 seconds
0.03333333333333333
Embed time: 0.01 seconds
Extract time: 0.01 seconds
0.1
Embed time: 0.01 seconds
Extract time: 0.01 seconds
0.06666666666666667
Embed time: 0.01 seconds
Extract time: 0.01 seconds
0.06666666666666667
Embed time: 0.02 seconds
Extract time: 0.01 seconds
0.03333333333333333
Embed time: 0.01 seconds
Extract time: 0.01 seconds
0.03333333333333333
Embed time: 0.01 seconds
Extract time: 0.01 seconds
0.13333333333333333
Embed time: 0.01 seconds
Extract time: 0.01 seconds
0.06666666666666667
Embed time: 0.01 seconds
Extract time: 0.01 seconds
0.06666666666666667
Embed time: 0.01 seconds
Extract time: 0.01 seconds
0.03333333333333333
Embed time: 0.02 seconds
Extract time: 0.01 seconds
0.0
Embed time: 0.01 seconds
Extract time: 0.01 seconds
0.03333333333333333
Embed time: 0.01 seconds
Extract time: 0.01 seconds
0.16666666666666666
Embed time: 0.02 seconds
Extract time: 0.01 seconds
0.06666666666666667
Embed time: 0.01 seconds
Extract time: 0.01 seconds
0.1
Embed time: 0.01 seconds
Extract time: 0.01 seconds
0.1
Embed time: 0.01 seconds
Extract time: 0.01 seconds
0.0
Embed time: 0.01 seconds
Extract time: 0.01 seconds
0.03333333333333333
Embed time: 0.01 seconds
Extract time: 0.01 seconds
0.0
Embed time: 0.01 seconds
Extract time: 0.01 seconds
0.0
Embed time: 0.01 seconds
Extract time: 0.01 seconds
0.0
Embed time: 0.01 seconds
Extract time: 0.01 seconds
0.2
Embed time: 0.01 seconds
Extract time: 0.01 seconds
0.0
Embed time: 0.01 seconds
Extract time: 0.01 seconds
0.2
Embed time: 0.02 seconds
Extract time: 0.01 seconds
0.03333333333333333
Embed time: 0.01 seconds
Extract time: 0.01 seconds
0.1
Embed time: 0.01 seconds
Extract time: 0.01 seconds
0.0
Embed time: 0.01 seconds
Extract time: 0.01 seconds
0.06666666666666667
Embed time: 0.01 seconds
Extract time: 0.01 seconds
0.06666666666666667
Embed time: 0.01 seconds
Extract time: 0.01 seconds
0.16666666666666666
Embed time: 0.01 seconds
Extract time: 0.01 seconds
0.03333333333333333
Embed time: 0.01 seconds
Extract time: 0.01 seconds
0.16666666666666666
Embed time: 0.01 seconds
Extract time: 0.01 seconds
0.06666666666666667
Embed time: 0.01 seconds
Extract time: 0.01 seconds
0.03333333333333333
Embed time: 0.01 seconds
Extract time: 0.01 seconds
0.1
Embed time: 0.01 seconds
Extract time: 0.01 seconds
0.0
Embed time: 0.01 seconds
Extract time: 0.01 seconds
0.06666666666666667
Embed time: 0.01 seconds
Extract time: 0.01 seconds
0.1
Embed time: 0.02 seconds
Extract time: 0.01 seconds
0.1
Embed time: 0.01 seconds
Extract time: 0.01 seconds
0.1
Embed time: 0.01 seconds
Extract time: 0.01 seconds
0.0
Embed time: 0.01 seconds
Extract time: 0.01 seconds
0.03333333333333333
Embed time: 0.02 seconds
Extract time: 0.01 seconds
0.03333333333333333
Embed time: 0.02 seconds
Extract time: 0.01 seconds
0.0
Embed time: 0.02 seconds
Extract time: 0.01 seconds
0.06666666666666667
Embed time: 0.02 seconds
Extract time: 0.01 seconds
0.06666666666666667
Embed time: 0.01 seconds
Extract time: 0.01 seconds
0.1
Embed time: 0.01 seconds
Extract time: 0.01 seconds
0.1
Embed time: 0.01 seconds
Extract time: 0.01 seconds
0.1
Embed time: 0.01 seconds
Extract time: 0.01 seconds
0.06666666666666667
Embed time: 0.01 seconds
Extract time: 0.01 seconds
0.0
Embed time: 0.02 seconds
Extract time: 0.01 seconds
0.0
Embed time: 0.02 seconds
Extract time: 0.01 seconds
0.03333333333333333
Embed time: 0.02 seconds
Extract time: 0.01 seconds
0.1
Embed time: 0.02 seconds
Extract time: 0.01 seconds
0.16666666666666666
Embed time: 0.02 seconds
Extract time: 0.01 seconds
0.03333333333333333
Embed time: 0.02 seconds
Extract time: 0.01 seconds
0.06666666666666667
Embed time: 0.02 seconds
Extract time: 0.01 seconds
0.03333333333333333
Embed time: 0.01 seconds
Extract time: 0.01 seconds
0.03333333333333333
Embed time: 0.02 seconds
Extract time: 0.02 seconds
0.0
Embed time: 0.02 seconds
Extract time: 0.01 seconds
0.03333333333333333
Embed time: 0.02 seconds
Extract time: 0.02 seconds
0.13333333333333333
Embed time: 0.03 seconds
Extract time: 0.02 seconds
0.03333333333333333
Embed time: 0.02 seconds
Extract time: 0.02 seconds
0.0
Embed time: 0.02 seconds
Extract time: 0.02 seconds
0.03333333333333333
Embed time: 0.04 seconds
Extract time: 0.02 seconds
0.13333333333333333
Embed time: 0.03 seconds
Extract time: 0.02 seconds
0.03333333333333333
Embed time: 0.02 seconds
Extract time: 0.02 seconds
0.03333333333333333
Embed time: 0.02 seconds
Extract time: 0.02 seconds
0.03333333333333333
Embed time: 0.02 seconds
Extract time: 0.01 seconds
0.06666666666666667
Embed time: 0.02 seconds
Extract time: 0.01 seconds
0.06666666666666667
Embed time: 0.01 seconds
Extract time: 0.01 seconds
0.0
Embed time: 0.01 seconds
Extract time: 0.02 seconds
0.0
Embed time: 0.02 seconds
Extract time: 0.01 seconds
0.03333333333333333
Embed time: 0.02 seconds
Extract time: 0.01 seconds
0.0
Embed time: 0.01 seconds
Extract time: 0.01 seconds
0.03333333333333333
Embed time: 0.02 seconds
Extract time: 0.01 seconds
0.03333333333333333
Embed time: 0.01 seconds
Extract time: 0.01 seconds
0.06666666666666667
Embed time: 0.02 seconds
Extract time: 0.01 seconds
0.1
Embed time: 0.01 seconds
Extract time: 0.01 seconds
0.0
Embed time: 0.02 seconds
Extract time: 0.01 seconds
0.06666666666666667
Embed time: 0.02 seconds
Extract time: 0.01 seconds
0.13333333333333333
25-07-14 16:07:38.968 - INFO: # Validation JPEG for iteration 38500 # PSNR_Stego: 2.7627e+01, Bit_acc: 6.1667e-02
2025-07-14 16:07:38,968 - INFO - # Validation JPEG for iteration 38500 # PSNR_Stego: 2.7627e+01, Bit_acc: 6.1667e-02
25-07-14 16:07:38.970 - INFO: <epoch: 73, iter:  38,500> PSNR_Stego: 2.7627e+01, Bit_acc:  6.1667e-02
2025-07-14 16:07:38,970 - INFO - <epoch: 73, iter:  38,500> PSNR_Stego: 2.7627e+01, Bit_acc:  6.1667e-02
----- End Validation with JPEG 70 for iteration 38500 -----
----- Start Validation with Gaussian Noise 10 for iteration 38500 -----
Embed time: 0.02 seconds
Extract time: 0.01 seconds
0.0
Embed time: 0.02 seconds
Extract time: 0.01 seconds
0.0
Embed time: 0.04 seconds
Extract time: 0.01 seconds
0.03333333333333333
Embed time: 0.02 seconds
Extract time: 0.01 seconds
0.0
Embed time: 0.02 seconds
Extract time: 0.01 seconds
0.0
Embed time: 0.02 seconds
Extract time: 0.01 seconds
0.0
Embed time: 0.02 seconds
Extract time: 0.01 seconds
0.03333333333333333
Embed time: 0.02 seconds
Extract time: 0.01 seconds
0.0
Embed time: 0.02 seconds
Extract time: 0.01 seconds
0.0
Embed time: 0.02 seconds
Extract time: 0.01 seconds
0.0
Embed time: 0.02 seconds
Extract time: 0.01 seconds
0.0
Embed time: 0.02 seconds
Extract time: 0.01 seconds
0.0
Embed time: 0.02 seconds
Extract time: 0.01 seconds
0.0
Embed time: 0.02 seconds
Extract time: 0.01 seconds
0.0
Embed time: 0.02 seconds
Extract time: 0.01 seconds
0.0
Embed time: 0.02 seconds
Extract time: 0.01 seconds
0.0
Embed time: 0.02 seconds
Extract time: 0.01 seconds
0.0
Embed time: 0.02 seconds
Extract time: 0.01 seconds
0.0
Embed time: 0.02 seconds
Extract time: 0.01 seconds
0.0
Embed time: 0.01 seconds
Extract time: 0.01 seconds
0.0
Embed time: 0.02 seconds
Extract time: 0.01 seconds
0.03333333333333333
Embed time: 0.02 seconds
Extract time: 0.01 seconds
0.0
Embed time: 0.02 seconds
Extract time: 0.01 seconds
0.0
Embed time: 0.02 seconds
Extract time: 0.01 seconds
0.0
Embed time: 0.02 seconds
Extract time: 0.01 seconds
0.0
Embed time: 0.02 seconds
Extract time: 0.01 seconds
0.0
Embed time: 0.02 seconds
Extract time: 0.01 seconds
0.03333333333333333
Embed time: 0.02 seconds
Extract time: 0.01 seconds
0.0
Embed time: 0.01 seconds
Extract time: 0.01 seconds
0.0
Embed time: 0.02 seconds
Extract time: 0.01 seconds
0.0
Embed time: 0.02 seconds
Extract time: 0.01 seconds
0.0
Embed time: 0.02 seconds
Extract time: 0.01 seconds
0.0
Embed time: 0.03 seconds
Extract time: 0.01 seconds
0.0
Embed time: 0.01 seconds
Extract time: 0.01 seconds
0.0
Embed time: 0.02 seconds
Extract time: 0.01 seconds
0.0
Embed time: 0.02 seconds
Extract time: 0.01 seconds
0.0
Embed time: 0.02 seconds
Extract time: 0.01 seconds
0.0
Embed time: 0.02 seconds
Extract time: 0.01 seconds
0.0
Embed time: 0.03 seconds
Extract time: 0.01 seconds
0.0
Embed time: 0.01 seconds
Extract time: 0.01 seconds
0.0
Embed time: 0.03 seconds
Extract time: 0.01 seconds
0.03333333333333333
Embed time: 0.02 seconds
Extract time: 0.01 seconds
0.0
Embed time: 0.02 seconds
Extract time: 0.01 seconds
0.0
Embed time: 0.01 seconds
Extract time: 0.01 seconds
0.0
Embed time: 0.01 seconds
Extract time: 0.01 seconds
0.0
Embed time: 0.01 seconds
Extract time: 0.01 seconds
0.03333333333333333
Embed time: 0.01 seconds
Extract time: 0.02 seconds
0.0
Embed time: 0.01 seconds
Extract time: 0.01 seconds
0.03333333333333333
Embed time: 0.02 seconds
Extract time: 0.01 seconds
0.0
Embed time: 0.01 seconds
Extract time: 0.01 seconds
0.0
Embed time: 0.02 seconds
Extract time: 0.01 seconds
0.03333333333333333
Embed time: 0.02 seconds
Extract time: 0.01 seconds
0.0
Embed time: 0.02 seconds
Extract time: 0.01 seconds
0.0
Embed time: 0.02 seconds
Extract time: 0.01 seconds
0.0
Embed time: 0.02 seconds
Extract time: 0.02 seconds
0.03333333333333333
Embed time: 0.02 seconds
Extract time: 0.01 seconds
0.0
Embed time: 0.02 seconds
Extract time: 0.01 seconds
0.0
Embed time: 0.02 seconds
Extract time: 0.01 seconds
0.0
Embed time: 0.02 seconds
Extract time: 0.01 seconds
0.0
Embed time: 0.02 seconds
Extract time: 0.01 seconds
0.0
Embed time: 0.02 seconds
Extract time: 0.01 seconds
0.0
Embed time: 0.02 seconds
Extract time: 0.01 seconds
0.03333333333333333
Embed time: 0.02 seconds
Extract time: 0.01 seconds
0.0
Embed time: 0.02 seconds
Extract time: 0.01 seconds
0.0
Embed time: 0.02 seconds
Extract time: 0.01 seconds
0.03333333333333333
Embed time: 0.02 seconds
Extract time: 0.01 seconds
0.0
Embed time: 0.02 seconds
Extract time: 0.01 seconds
0.0
Embed time: 0.02 seconds
Extract time: 0.01 seconds
0.0
Embed time: 0.02 seconds
Extract time: 0.01 seconds
0.0
Embed time: 0.02 seconds
Extract time: 0.01 seconds
0.0
Embed time: 0.02 seconds
Extract time: 0.01 seconds
0.0
Embed time: 0.02 seconds
Extract time: 0.01 seconds
0.03333333333333333
Embed time: 0.02 seconds
Extract time: 0.01 seconds
0.0
Embed time: 0.03 seconds
Extract time: 0.01 seconds
0.0
Embed time: 0.02 seconds
Extract time: 0.01 seconds
0.0
Embed time: 0.03 seconds
Extract time: 0.01 seconds
0.0
Embed time: 0.02 seconds
Extract time: 0.01 seconds
0.0
Embed time: 0.02 seconds
Extract time: 0.01 seconds
0.0
Embed time: 0.02 seconds
Extract time: 0.01 seconds
0.0
Embed time: 0.02 seconds
Extract time: 0.01 seconds
0.03333333333333333
Embed time: 0.01 seconds
Extract time: 0.01 seconds
0.0
Embed time: 0.02 seconds
Extract time: 0.01 seconds
0.0
Embed time: 0.02 seconds
Extract time: 0.01 seconds
0.0
Embed time: 0.02 seconds
Extract time: 0.01 seconds
0.0
Embed time: 0.01 seconds
Extract time: 0.01 seconds
0.0
Embed time: 0.02 seconds
Extract time: 0.01 seconds
0.0
Embed time: 0.02 seconds
Extract time: 0.01 seconds
0.0
Embed time: 0.02 seconds
Extract time: 0.01 seconds
0.0
Embed time: 0.02 seconds
Extract time: 0.01 seconds
0.0
Embed time: 0.03 seconds
Extract time: 0.01 seconds
0.0
Embed time: 0.02 seconds
Extract time: 0.01 seconds
0.0
Embed time: 0.02 seconds
Extract time: 0.01 seconds
0.03333333333333333
Embed time: 0.02 seconds
Extract time: 0.01 seconds
0.0
Embed time: 0.02 seconds
Extract time: 0.01 seconds
0.0
Embed time: 0.02 seconds
Extract time: 0.01 seconds
0.0
Embed time: 0.02 seconds
Extract time: 0.01 seconds
0.0
Embed time: 0.01 seconds
Extract time: 0.01 seconds
0.0
Embed time: 0.02 seconds
Extract time: 0.01 seconds
0.0
Embed time: 0.01 seconds
Extract time: 0.01 seconds
0.0
Embed time: 0.01 seconds
Extract time: 0.02 seconds
0.0
25-07-14 16:07:44.102 - INFO: # Validation Gaussian Noise for iteration 38500 # PSNR_Stego: 1.4093e+01, Bit_acc: 2.6417e-03
2025-07-14 16:07:44,102 - INFO - # Validation Gaussian Noise for iteration 38500 # PSNR_Stego: 1.4093e+01, Bit_acc: 2.6417e-03
25-07-14 16:07:44.103 - INFO: <epoch: 73, iter:  38,500> PSNR_Stego: 1.4093e+01, Bit_acc:  2.6417e-03
2025-07-14 16:07:44,103 - INFO - <epoch: 73, iter:  38,500> PSNR_Stego: 1.4093e+01, Bit_acc:  2.6417e-03
----- End Validation with Gaussian Noise 10 for iteration 38500 -----
25-07-14 16:07:44.103 - INFO: Saving models and training states.
2025-07-14 16:07:44,103 - INFO - Saving models and training states.
Checkpoint save path: /workspace/EditGuard-V1/experiments/train_ibsn_bit_64/models/38500_G.pth

===== Checkpoint State Path: /workspace/EditGuard-V1/experiments/train_ibsn_bit_64/training_state/38500.state =====

========== Epoch: 74 ==========
25-07-14 16:08:28.714 - INFO: <epoch: 74, iter:  38,600, lr:1.250e-05> l_forw_fit: 7.4507e+00 l_msg: 3.8940e-03 
2025-07-14 16:08:28,714 - INFO - <epoch: 74, iter:  38,600, lr:1.250e-05> l_forw_fit: 7.4507e+00 l_msg: 3.8940e-03 
25-07-14 16:08:54.653 - INFO: <epoch: 74, iter:  38,700, lr:1.250e-05> l_forw_fit: 6.0577e+00 l_msg: 7.5975e-03 
2025-07-14 16:08:54,653 - INFO - <epoch: 74, iter:  38,700, lr:1.250e-05> l_forw_fit: 6.0577e+00 l_msg: 7.5975e-03 
25-07-14 16:09:20.789 - INFO: <epoch: 74, iter:  38,800, lr:1.250e-05> l_forw_fit: 6.1121e+00 l_msg: 1.0763e-04 
2025-07-14 16:09:20,789 - INFO - <epoch: 74, iter:  38,800, lr:1.250e-05> l_forw_fit: 6.1121e+00 l_msg: 1.0763e-04 
25-07-14 16:09:46.901 - INFO: <epoch: 74, iter:  38,900, lr:1.250e-05> l_forw_fit: 6.3812e+00 l_msg: 1.2056e-02 
2025-07-14 16:09:46,901 - INFO - <epoch: 74, iter:  38,900, lr:1.250e-05> l_forw_fit: 6.3812e+00 l_msg: 1.2056e-02 
25-07-14 16:10:12.194 - INFO: <epoch: 74, iter:  39,000, lr:1.250e-05> l_forw_fit: 9.2060e+00 l_msg: 1.4068e-04 
2025-07-14 16:10:12,194 - INFO - <epoch: 74, iter:  39,000, lr:1.250e-05> l_forw_fit: 9.2060e+00 l_msg: 1.4068e-04 
----- Start Validation with JPEG 70 for iteration 39000 -----
Embed time: 0.03 seconds
Extract time: 0.02 seconds
0.0
Embed time: 0.02 seconds
Extract time: 0.01 seconds
0.1
Embed time: 0.02 seconds
Extract time: 0.01 seconds
0.1
Embed time: 0.02 seconds
Extract time: 0.01 seconds
0.1
Embed time: 0.02 seconds
Extract time: 0.01 seconds
0.1
Embed time: 0.02 seconds
Extract time: 0.01 seconds
0.06666666666666667
Embed time: 0.02 seconds
Extract time: 0.01 seconds
0.1
Embed time: 0.02 seconds
Extract time: 0.01 seconds
0.0
Embed time: 0.02 seconds
Extract time: 0.01 seconds
0.06666666666666667
Embed time: 0.02 seconds
Extract time: 0.02 seconds
0.03333333333333333
Embed time: 0.02 seconds
Extract time: 0.02 seconds
0.06666666666666667
Embed time: 0.03 seconds
Extract time: 0.02 seconds
0.0
Embed time: 0.02 seconds
Extract time: 0.02 seconds
0.06666666666666667
Embed time: 0.02 seconds
Extract time: 0.02 seconds
0.03333333333333333
Embed time: 0.02 seconds
Extract time: 0.02 seconds
0.03333333333333333
Embed time: 0.02 seconds
Extract time: 0.02 seconds
0.06666666666666667
Embed time: 0.02 seconds
Extract time: 0.02 seconds
0.03333333333333333
Embed time: 0.02 seconds
Extract time: 0.02 seconds
0.0
Embed time: 0.02 seconds
Extract time: 0.02 seconds
0.06666666666666667
Embed time: 0.02 seconds
Extract time: 0.02 seconds
0.03333333333333333
Embed time: 0.02 seconds
Extract time: 0.02 seconds
0.0
Embed time: 0.02 seconds
Extract time: 0.02 seconds
0.03333333333333333
Embed time: 0.02 seconds
Extract time: 0.02 seconds
0.0
Embed time: 0.02 seconds
Extract time: 0.02 seconds
0.0
Embed time: 0.02 seconds
Extract time: 0.02 seconds
0.0
Embed time: 0.02 seconds
Extract time: 0.02 seconds
0.03333333333333333
Embed time: 0.02 seconds
Extract time: 0.02 seconds
0.06666666666666667
Embed time: 0.02 seconds
Extract time: 0.02 seconds
0.03333333333333333
Embed time: 0.02 seconds
Extract time: 0.02 seconds
0.06666666666666667
Embed time: 0.02 seconds
Extract time: 0.02 seconds
0.1
Embed time: 0.02 seconds
Extract time: 0.02 seconds
0.1
Embed time: 0.02 seconds
Extract time: 0.02 seconds
0.06666666666666667
Embed time: 0.02 seconds
Extract time: 0.02 seconds
0.23333333333333334
Embed time: 0.02 seconds
Extract time: 0.02 seconds
0.03333333333333333
Embed time: 0.02 seconds
Extract time: 0.02 seconds
0.13333333333333333
Embed time: 0.02 seconds
Extract time: 0.02 seconds
0.0
Embed time: 0.02 seconds
Extract time: 0.02 seconds
0.0
Embed time: 0.02 seconds
Extract time: 0.02 seconds
0.1
Embed time: 0.02 seconds
Extract time: 0.01 seconds
0.03333333333333333
Embed time: 0.02 seconds
Extract time: 0.01 seconds
0.2
Embed time: 0.02 seconds
Extract time: 0.01 seconds
0.06666666666666667
Embed time: 0.02 seconds
Extract time: 0.02 seconds
0.03333333333333333
Embed time: 0.02 seconds
Extract time: 0.01 seconds
0.06666666666666667
Embed time: 0.02 seconds
Extract time: 0.01 seconds
0.03333333333333333
Embed time: 0.02 seconds
Extract time: 0.01 seconds
0.0
Embed time: 0.02 seconds
Extract time: 0.01 seconds
0.13333333333333333
Embed time: 0.02 seconds
Extract time: 0.01 seconds
0.0
Embed time: 0.02 seconds
Extract time: 0.01 seconds
0.03333333333333333
Embed time: 0.02 seconds
Extract time: 0.01 seconds
0.0
Embed time: 0.02 seconds
Extract time: 0.01 seconds
0.1
Embed time: 0.02 seconds
Extract time: 0.01 seconds
0.06666666666666667
Embed time: 0.02 seconds
Extract time: 0.02 seconds
0.03333333333333333
Embed time: 0.02 seconds
Extract time: 0.02 seconds
0.06666666666666667
Embed time: 0.02 seconds
Extract time: 0.02 seconds
0.03333333333333333
Embed time: 0.02 seconds
Extract time: 0.02 seconds
0.03333333333333333
Embed time: 0.02 seconds
Extract time: 0.02 seconds
0.06666666666666667
Embed time: 0.02 seconds
Extract time: 0.01 seconds
0.06666666666666667
Embed time: 0.02 seconds
Extract time: 0.01 seconds
0.03333333333333333
Embed time: 0.02 seconds
Extract time: 0.01 seconds
0.03333333333333333
Embed time: 0.02 seconds
Extract time: 0.01 seconds
0.06666666666666667
Embed time: 0.02 seconds
Extract time: 0.01 seconds
0.03333333333333333
Embed time: 0.02 seconds
Extract time: 0.01 seconds
0.03333333333333333
Embed time: 0.02 seconds
Extract time: 0.01 seconds
0.0
Embed time: 0.02 seconds
Extract time: 0.01 seconds
0.1
Embed time: 0.02 seconds
Extract time: 0.01 seconds
0.06666666666666667
Embed time: 0.02 seconds
Extract time: 0.01 seconds
0.03333333333333333
Embed time: 0.02 seconds
Extract time: 0.01 seconds
0.0
Embed time: 0.02 seconds
Extract time: 0.01 seconds
0.0
Embed time: 0.02 seconds
Extract time: 0.01 seconds
0.0
Embed time: 0.02 seconds
Extract time: 0.01 seconds
0.0
Embed time: 0.02 seconds
Extract time: 0.02 seconds
0.0
Embed time: 0.02 seconds
Extract time: 0.02 seconds
0.03333333333333333
Embed time: 0.02 seconds
Extract time: 0.02 seconds
0.13333333333333333
Embed time: 0.02 seconds
Extract time: 0.02 seconds
0.0
Embed time: 0.02 seconds
Extract time: 0.02 seconds
0.03333333333333333
Embed time: 0.02 seconds
Extract time: 0.01 seconds
0.06666666666666667
Embed time: 0.02 seconds
Extract time: 0.01 seconds
0.0
Embed time: 0.02 seconds
Extract time: 0.01 seconds
0.0
Embed time: 0.02 seconds
Extract time: 0.01 seconds
0.03333333333333333
Embed time: 0.02 seconds
Extract time: 0.01 seconds
0.06666666666666667
Embed time: 0.02 seconds
Extract time: 0.01 seconds
0.06666666666666667
Embed time: 0.02 seconds
Extract time: 0.01 seconds
0.03333333333333333
Embed time: 0.02 seconds
Extract time: 0.01 seconds
0.23333333333333334
Embed time: 0.02 seconds
Extract time: 0.01 seconds
0.1
Embed time: 0.02 seconds
Extract time: 0.01 seconds
0.0
Embed time: 0.03 seconds
Extract time: 0.02 seconds
0.13333333333333333
Embed time: 0.02 seconds
Extract time: 0.02 seconds
0.0
Embed time: 0.02 seconds
Extract time: 0.02 seconds
0.06666666666666667
Embed time: 0.02 seconds
Extract time: 0.02 seconds
0.03333333333333333
Embed time: 0.02 seconds
Extract time: 0.02 seconds
0.0
Embed time: 0.02 seconds
Extract time: 0.02 seconds
0.0
Embed time: 0.02 seconds
Extract time: 0.01 seconds
0.03333333333333333
Embed time: 0.02 seconds
Extract time: 0.01 seconds
0.03333333333333333
Embed time: 0.02 seconds
Extract time: 0.01 seconds
0.06666666666666667
Embed time: 0.02 seconds
Extract time: 0.01 seconds
0.03333333333333333
Embed time: 0.02 seconds
Extract time: 0.01 seconds
0.06666666666666667
Embed time: 0.02 seconds
Extract time: 0.01 seconds
0.13333333333333333
Embed time: 0.02 seconds
Extract time: 0.01 seconds
0.0
Embed time: 0.02 seconds
Extract time: 0.01 seconds
0.03333333333333333
Embed time: 0.02 seconds
Extract time: 0.01 seconds
0.06666666666666667
25-07-14 16:10:20.674 - INFO: # Validation JPEG for iteration 39000 # PSNR_Stego: 2.7477e+01, Bit_acc: 5.0333e-02
2025-07-14 16:10:20,674 - INFO - # Validation JPEG for iteration 39000 # PSNR_Stego: 2.7477e+01, Bit_acc: 5.0333e-02
25-07-14 16:10:20.675 - INFO: <epoch: 74, iter:  39,000> PSNR_Stego: 2.7477e+01, Bit_acc:  5.0333e-02
2025-07-14 16:10:20,675 - INFO - <epoch: 74, iter:  39,000> PSNR_Stego: 2.7477e+01, Bit_acc:  5.0333e-02
----- End Validation with JPEG 70 for iteration 39000 -----
----- Start Validation with Gaussian Noise 10 for iteration 39000 -----
Embed time: 0.03 seconds
Extract time: 0.01 seconds
0.0
Embed time: 0.02 seconds
Extract time: 0.01 seconds
0.0
Embed time: 0.02 seconds
Extract time: 0.01 seconds
0.06666666666666667
Embed time: 0.02 seconds
Extract time: 0.01 seconds
0.0
Embed time: 0.02 seconds
Extract time: 0.01 seconds
0.0
Embed time: 0.02 seconds
Extract time: 0.01 seconds
0.0
Embed time: 0.02 seconds
Extract time: 0.01 seconds
0.0
Embed time: 0.02 seconds
Extract time: 0.01 seconds
0.0
Embed time: 0.02 seconds
Extract time: 0.01 seconds
0.03333333333333333
Embed time: 0.02 seconds
Extract time: 0.01 seconds
0.0
Embed time: 0.02 seconds
Extract time: 0.01 seconds
0.0
Embed time: 0.02 seconds
Extract time: 0.01 seconds
0.0
Embed time: 0.02 seconds
Extract time: 0.01 seconds
0.0
Embed time: 0.02 seconds
Extract time: 0.01 seconds
0.0
Embed time: 0.02 seconds
Extract time: 0.01 seconds
0.0
Embed time: 0.02 seconds
Extract time: 0.01 seconds
0.0
Embed time: 0.02 seconds
Extract time: 0.01 seconds
0.0
Embed time: 0.02 seconds
Extract time: 0.01 seconds
0.0
Embed time: 0.02 seconds
Extract time: 0.01 seconds
0.0
Embed time: 0.02 seconds
Extract time: 0.01 seconds
0.0
Embed time: 0.02 seconds
Extract time: 0.01 seconds
0.0
Embed time: 0.02 seconds
Extract time: 0.02 seconds
0.0
Embed time: 0.02 seconds
Extract time: 0.02 seconds
0.03333333333333333
Embed time: 0.02 seconds
Extract time: 0.02 seconds
0.0
Embed time: 0.02 seconds
Extract time: 0.02 seconds
0.0
Embed time: 0.02 seconds
Extract time: 0.02 seconds
0.0
Embed time: 0.02 seconds
Extract time: 0.02 seconds
0.0
Embed time: 0.02 seconds
Extract time: 0.02 seconds
0.0
Embed time: 0.02 seconds
Extract time: 0.01 seconds
0.0
Embed time: 0.02 seconds
Extract time: 0.01 seconds
0.0
Embed time: 0.02 seconds
Extract time: 0.01 seconds
0.0
Embed time: 0.02 seconds
Extract time: 0.01 seconds
0.0
Embed time: 0.02 seconds
Extract time: 0.02 seconds
0.0
Embed time: 0.02 seconds
Extract time: 0.01 seconds
0.0
Embed time: 0.02 seconds
Extract time: 0.02 seconds
0.03333333333333333
Embed time: 0.02 seconds
Extract time: 0.01 seconds
0.0
Embed time: 0.02 seconds
Extract time: 0.01 seconds
0.0
Embed time: 0.02 seconds
Extract time: 0.01 seconds
0.0
Embed time: 0.02 seconds
Extract time: 0.01 seconds
0.0
Embed time: 0.02 seconds
Extract time: 0.01 seconds
0.0
Embed time: 0.02 seconds
Extract time: 0.01 seconds
0.0
Embed time: 0.02 seconds
Extract time: 0.01 seconds
0.0
Embed time: 0.02 seconds
Extract time: 0.01 seconds
0.0
Embed time: 0.02 seconds
Extract time: 0.01 seconds
0.0
Embed time: 0.02 seconds
Extract time: 0.01 seconds
0.0
Embed time: 0.02 seconds
Extract time: 0.01 seconds
0.03333333333333333
Embed time: 0.02 seconds
Extract time: 0.01 seconds
0.0
Embed time: 0.02 seconds
Extract time: 0.01 seconds
0.03333333333333333
Embed time: 0.02 seconds
Extract time: 0.01 seconds
0.0
Embed time: 0.02 seconds
Extract time: 0.01 seconds
0.0
Embed time: 0.02 seconds
Extract time: 0.01 seconds
0.0
Embed time: 0.02 seconds
Extract time: 0.01 seconds
0.0
Embed time: 0.02 seconds
Extract time: 0.01 seconds
0.0
Embed time: 0.02 seconds
Extract time: 0.01 seconds
0.0
Embed time: 0.02 seconds
Extract time: 0.01 seconds
0.0
Embed time: 0.02 seconds
Extract time: 0.01 seconds
0.0
Embed time: 0.02 seconds
Extract time: 0.01 seconds
0.0
Embed time: 0.02 seconds
Extract time: 0.01 seconds
0.03333333333333333
Embed time: 0.02 seconds
Extract time: 0.02 seconds
0.0
Embed time: 0.02 seconds
Extract time: 0.01 seconds
0.0
Embed time: 0.02 seconds
Extract time: 0.01 seconds
0.0
Embed time: 0.02 seconds
Extract time: 0.02 seconds
0.0
Embed time: 0.02 seconds
Extract time: 0.01 seconds
0.0
Embed time: 0.02 seconds
Extract time: 0.02 seconds
0.03333333333333333
Embed time: 0.02 seconds
Extract time: 0.01 seconds
0.0
Embed time: 0.02 seconds
Extract time: 0.02 seconds
0.0
Embed time: 0.02 seconds
Extract time: 0.02 seconds
0.0
Embed time: 0.02 seconds
Extract time: 0.01 seconds
0.0
Embed time: 0.02 seconds
Extract time: 0.02 seconds
0.0
Embed time: 0.02 seconds
Extract time: 0.02 seconds
0.0
Embed time: 0.02 seconds
Extract time: 0.01 seconds
0.0
Embed time: 0.02 seconds
Extract time: 0.02 seconds
0.0
Embed time: 0.02 seconds
Extract time: 0.01 seconds
0.03333333333333333
Embed time: 0.02 seconds
Extract time: 0.01 seconds
0.0
Embed time: 0.02 seconds
Extract time: 0.01 seconds
0.0
Embed time: 0.02 seconds
Extract time: 0.01 seconds
0.03333333333333333
Embed time: 0.02 seconds
Extract time: 0.01 seconds
0.0
Embed time: 0.02 seconds
Extract time: 0.01 seconds
0.0
Embed time: 0.02 seconds
Extract time: 0.01 seconds
0.0
Embed time: 0.02 seconds
Extract time: 0.01 seconds
0.0
Embed time: 0.02 seconds
Extract time: 0.01 seconds
0.0
Embed time: 0.02 seconds
Extract time: 0.02 seconds
0.0
Embed time: 0.02 seconds
Extract time: 0.01 seconds
0.0
Embed time: 0.02 seconds
Extract time: 0.01 seconds
0.0
Embed time: 0.02 seconds
Extract time: 0.01 seconds
0.0
Embed time: 0.02 seconds
Extract time: 0.01 seconds
0.0
Embed time: 0.02 seconds
Extract time: 0.01 seconds
0.0
Embed time: 0.02 seconds
Extract time: 0.01 seconds
0.0
Embed time: 0.02 seconds
Extract time: 0.01 seconds
0.0
Embed time: 0.02 seconds
Extract time: 0.01 seconds
0.0
Embed time: 0.02 seconds
Extract time: 0.01 seconds
0.0
Embed time: 0.02 seconds
Extract time: 0.01 seconds
0.03333333333333333
Embed time: 0.02 seconds
Extract time: 0.01 seconds
0.0
Embed time: 0.02 seconds
Extract time: 0.01 seconds
0.0
Embed time: 0.02 seconds
Extract time: 0.01 seconds
0.0
Embed time: 0.02 seconds
Extract time: 0.01 seconds
0.0
Embed time: 0.02 seconds
Extract time: 0.01 seconds
0.0
Embed time: 0.02 seconds
Extract time: 0.02 seconds
0.0
Embed time: 0.02 seconds
Extract time: 0.02 seconds
0.0
Embed time: 0.02 seconds
Extract time: 0.01 seconds
0.0
25-07-14 16:10:26.183 - INFO: # Validation Gaussian Noise for iteration 39000 # PSNR_Stego: 1.4024e+01, Bit_acc: 2.2517e-03
2025-07-14 16:10:26,183 - INFO - # Validation Gaussian Noise for iteration 39000 # PSNR_Stego: 1.4024e+01, Bit_acc: 2.2517e-03
25-07-14 16:10:26.184 - INFO: <epoch: 74, iter:  39,000> PSNR_Stego: 1.4024e+01, Bit_acc:  2.2517e-03
2025-07-14 16:10:26,184 - INFO - <epoch: 74, iter:  39,000> PSNR_Stego: 1.4024e+01, Bit_acc:  2.2517e-03
----- End Validation with Gaussian Noise 10 for iteration 39000 -----
25-07-14 16:10:26.185 - INFO: Saving models and training states.
2025-07-14 16:10:26,185 - INFO - Saving models and training states.
Checkpoint save path: /workspace/EditGuard-V1/experiments/train_ibsn_bit_64/models/39000_G.pth

===== Checkpoint State Path: /workspace/EditGuard-V1/experiments/train_ibsn_bit_64/training_state/39000.state =====

========== Epoch: 75 ==========
25-07-14 16:11:10.637 - INFO: <epoch: 75, iter:  39,100, lr:1.250e-05> l_forw_fit: 7.7867e+00 l_msg: 5.3732e-03 
2025-07-14 16:11:10,637 - INFO - <epoch: 75, iter:  39,100, lr:1.250e-05> l_forw_fit: 7.7867e+00 l_msg: 5.3732e-03 
25-07-14 16:11:36.377 - INFO: <epoch: 75, iter:  39,200, lr:1.250e-05> l_forw_fit: 6.5965e+00 l_msg: 7.5469e-05 
2025-07-14 16:11:36,377 - INFO - <epoch: 75, iter:  39,200, lr:1.250e-05> l_forw_fit: 6.5965e+00 l_msg: 7.5469e-05 
25-07-14 16:12:02.250 - INFO: <epoch: 75, iter:  39,300, lr:1.250e-05> l_forw_fit: 5.8405e+00 l_msg: 9.9373e-03 
2025-07-14 16:12:02,250 - INFO - <epoch: 75, iter:  39,300, lr:1.250e-05> l_forw_fit: 5.8405e+00 l_msg: 9.9373e-03 
25-07-14 16:12:28.168 - INFO: <epoch: 75, iter:  39,400, lr:1.250e-05> l_forw_fit: 6.3487e+00 l_msg: 1.5511e-02 
2025-07-14 16:12:28,168 - INFO - <epoch: 75, iter:  39,400, lr:1.250e-05> l_forw_fit: 6.3487e+00 l_msg: 1.5511e-02 
25-07-14 16:12:53.666 - INFO: <epoch: 75, iter:  39,500, lr:1.250e-05> l_forw_fit: 7.2251e+00 l_msg: 2.1757e-03 
2025-07-14 16:12:53,666 - INFO - <epoch: 75, iter:  39,500, lr:1.250e-05> l_forw_fit: 7.2251e+00 l_msg: 2.1757e-03 
----- Start Validation with JPEG 70 for iteration 39500 -----
Embed time: 0.03 seconds
Extract time: 0.02 seconds
0.0
Embed time: 0.02 seconds
Extract time: 0.01 seconds
0.03333333333333333
Embed time: 0.02 seconds
Extract time: 0.01 seconds
0.1
Embed time: 0.02 seconds
Extract time: 0.01 seconds
0.0
Embed time: 0.02 seconds
Extract time: 0.01 seconds
0.03333333333333333
Embed time: 0.02 seconds
Extract time: 0.01 seconds
0.0
Embed time: 0.02 seconds
Extract time: 0.01 seconds
0.0
Embed time: 0.02 seconds
Extract time: 0.01 seconds
0.06666666666666667
Embed time: 0.02 seconds
Extract time: 0.01 seconds
0.0
Embed time: 0.02 seconds
Extract time: 0.01 seconds
0.0
Embed time: 0.02 seconds
Extract time: 0.01 seconds
0.03333333333333333
Embed time: 0.02 seconds
Extract time: 0.01 seconds
0.0
Embed time: 0.02 seconds
Extract time: 0.01 seconds
0.0
Embed time: 0.02 seconds
Extract time: 0.01 seconds
0.0
Embed time: 0.02 seconds
Extract time: 0.01 seconds
0.0
Embed time: 0.02 seconds
Extract time: 0.01 seconds
0.0
Embed time: 0.02 seconds
Extract time: 0.01 seconds
0.06666666666666667
Embed time: 0.02 seconds
Extract time: 0.01 seconds
0.03333333333333333
Embed time: 0.02 seconds
Extract time: 0.01 seconds
0.0
Embed time: 0.02 seconds
Extract time: 0.01 seconds
0.0
Embed time: 0.02 seconds
Extract time: 0.01 seconds
0.0
Embed time: 0.02 seconds
Extract time: 0.01 seconds
0.03333333333333333
Embed time: 0.02 seconds
Extract time: 0.01 seconds
0.03333333333333333
Embed time: 0.02 seconds
Extract time: 0.01 seconds
0.0
Embed time: 0.02 seconds
Extract time: 0.01 seconds
0.03333333333333333
Embed time: 0.02 seconds
Extract time: 0.01 seconds
0.03333333333333333
Embed time: 0.02 seconds
Extract time: 0.01 seconds
0.03333333333333333
Embed time: 0.02 seconds
Extract time: 0.01 seconds
0.0
Embed time: 0.02 seconds
Extract time: 0.01 seconds
0.03333333333333333
Embed time: 0.02 seconds
Extract time: 0.01 seconds
0.0
Embed time: 0.02 seconds
Extract time: 0.01 seconds
0.03333333333333333
Embed time: 0.02 seconds
Extract time: 0.01 seconds
0.03333333333333333
Embed time: 0.02 seconds
Extract time: 0.01 seconds
0.03333333333333333
Embed time: 0.02 seconds
Extract time: 0.01 seconds
0.0
Embed time: 0.02 seconds
Extract time: 0.01 seconds
0.03333333333333333
Embed time: 0.02 seconds
Extract time: 0.01 seconds
0.0
Embed time: 0.02 seconds
Extract time: 0.01 seconds
0.0
Embed time: 0.02 seconds
Extract time: 0.01 seconds
0.03333333333333333
Embed time: 0.02 seconds
Extract time: 0.01 seconds
0.03333333333333333
Embed time: 0.02 seconds
Extract time: 0.01 seconds
0.0
Embed time: 0.02 seconds
Extract time: 0.01 seconds
0.0
Embed time: 0.02 seconds
Extract time: 0.01 seconds
0.1
Embed time: 0.02 seconds
Extract time: 0.01 seconds
0.0
Embed time: 0.02 seconds
Extract time: 0.01 seconds
0.03333333333333333
Embed time: 0.02 seconds
Extract time: 0.01 seconds
0.0
Embed time: 0.02 seconds
Extract time: 0.01 seconds
0.0
Embed time: 0.02 seconds
Extract time: 0.01 seconds
0.06666666666666667
Embed time: 0.02 seconds
Extract time: 0.01 seconds
0.03333333333333333
Embed time: 0.02 seconds
Extract time: 0.01 seconds
0.03333333333333333
Embed time: 0.02 seconds
Extract time: 0.01 seconds
0.1
Embed time: 0.02 seconds
Extract time: 0.01 seconds
0.03333333333333333
Embed time: 0.02 seconds
Extract time: 0.01 seconds
0.0
Embed time: 0.02 seconds
Extract time: 0.02 seconds
0.03333333333333333
Embed time: 0.02 seconds
Extract time: 0.01 seconds
0.0
Embed time: 0.02 seconds
Extract time: 0.01 seconds
0.0
Embed time: 0.03 seconds
Extract time: 0.02 seconds
0.0
Embed time: 0.02 seconds
Extract time: 0.02 seconds
0.0
Embed time: 0.02 seconds
Extract time: 0.03 seconds
0.1
Embed time: 0.03 seconds
Extract time: 0.02 seconds
0.0
Embed time: 0.02 seconds
Extract time: 0.02 seconds
0.03333333333333333
Embed time: 0.02 seconds
Extract time: 0.02 seconds
0.0
Embed time: 0.02 seconds
Extract time: 0.02 seconds
0.03333333333333333
Embed time: 0.02 seconds
Extract time: 0.01 seconds
0.0
Embed time: 0.03 seconds
Extract time: 0.02 seconds
0.06666666666666667
Embed time: 0.02 seconds
Extract time: 0.02 seconds
0.0
Embed time: 0.02 seconds
Extract time: 0.02 seconds
0.03333333333333333
Embed time: 0.02 seconds
Extract time: 0.02 seconds
0.06666666666666667
Embed time: 0.02 seconds
Extract time: 0.02 seconds
0.0
Embed time: 0.02 seconds
Extract time: 0.02 seconds
0.03333333333333333
Embed time: 0.02 seconds
Extract time: 0.02 seconds
0.0
Embed time: 0.02 seconds
Extract time: 0.02 seconds
0.03333333333333333
Embed time: 0.02 seconds
Extract time: 0.02 seconds
0.03333333333333333
Embed time: 0.02 seconds
Extract time: 0.02 seconds
0.03333333333333333
Embed time: 0.02 seconds
Extract time: 0.02 seconds
0.0
Embed time: 0.02 seconds
Extract time: 0.02 seconds
0.0
Embed time: 0.02 seconds
Extract time: 0.02 seconds
0.06666666666666667
Embed time: 0.02 seconds
Extract time: 0.01 seconds
0.0
Embed time: 0.02 seconds
Extract time: 0.01 seconds
0.0
Embed time: 0.02 seconds
Extract time: 0.02 seconds
0.03333333333333333
Embed time: 0.02 seconds
Extract time: 0.02 seconds
0.06666666666666667
Embed time: 0.02 seconds
Extract time: 0.02 seconds
0.0
Embed time: 0.02 seconds
Extract time: 0.02 seconds
0.0
Embed time: 0.02 seconds
Extract time: 0.02 seconds
0.0
Embed time: 0.02 seconds
Extract time: 0.02 seconds
0.06666666666666667
Embed time: 0.02 seconds
Extract time: 0.02 seconds
0.03333333333333333
Embed time: 0.02 seconds
Extract time: 0.02 seconds
0.0
Embed time: 0.02 seconds
Extract time: 0.02 seconds
0.0
Embed time: 0.03 seconds
Extract time: 0.02 seconds
0.0
Embed time: 0.02 seconds
Extract time: 0.02 seconds
0.03333333333333333
Embed time: 0.02 seconds
Extract time: 0.02 seconds
0.0
Embed time: 0.02 seconds
Extract time: 0.02 seconds
0.03333333333333333
Embed time: 0.02 seconds
Extract time: 0.02 seconds
0.03333333333333333
Embed time: 0.02 seconds
Extract time: 0.02 seconds
0.0
Embed time: 0.02 seconds
Extract time: 0.02 seconds
0.0
Embed time: 0.02 seconds
Extract time: 0.02 seconds
0.03333333333333333
Embed time: 0.02 seconds
Extract time: 0.02 seconds
0.06666666666666667
Embed time: 0.02 seconds
Extract time: 0.02 seconds
0.03333333333333333
Embed time: 0.03 seconds
Extract time: 0.02 seconds
0.0
Embed time: 0.02 seconds
Extract time: 0.02 seconds
0.03333333333333333
Embed time: 0.02 seconds
Extract time: 0.01 seconds
0.03333333333333333
25-07-14 16:13:02.261 - INFO: # Validation JPEG for iteration 39500 # PSNR_Stego: 2.7570e+01, Bit_acc: 2.2333e-02
2025-07-14 16:13:02,261 - INFO - # Validation JPEG for iteration 39500 # PSNR_Stego: 2.7570e+01, Bit_acc: 2.2333e-02
25-07-14 16:13:02.262 - INFO: <epoch: 75, iter:  39,500> PSNR_Stego: 2.7570e+01, Bit_acc:  2.2333e-02
2025-07-14 16:13:02,262 - INFO - <epoch: 75, iter:  39,500> PSNR_Stego: 2.7570e+01, Bit_acc:  2.2333e-02
----- End Validation with JPEG 70 for iteration 39500 -----
----- Start Validation with Gaussian Noise 10 for iteration 39500 -----
Embed time: 0.03 seconds
Extract time: 0.02 seconds
0.0
Embed time: 0.02 seconds
Extract time: 0.01 seconds
0.0
Embed time: 0.02 seconds
Extract time: 0.01 seconds
0.03333333333333333
Embed time: 0.02 seconds
Extract time: 0.01 seconds
0.0
Embed time: 0.02 seconds
Extract time: 0.01 seconds
0.0
Embed time: 0.02 seconds
Extract time: 0.01 seconds
0.0
Embed time: 0.02 seconds
Extract time: 0.01 seconds
0.03333333333333333
Embed time: 0.02 seconds
Extract time: 0.01 seconds
0.0
Embed time: 0.02 seconds
Extract time: 0.01 seconds
0.0
Embed time: 0.02 seconds
Extract time: 0.01 seconds
0.0
Embed time: 0.02 seconds
Extract time: 0.01 seconds
0.0
Embed time: 0.02 seconds
Extract time: 0.02 seconds
0.0
Embed time: 0.02 seconds
Extract time: 0.01 seconds
0.0
Embed time: 0.02 seconds
Extract time: 0.01 seconds
0.0
Embed time: 0.02 seconds
Extract time: 0.01 seconds
0.0
Embed time: 0.02 seconds
Extract time: 0.01 seconds
0.0
Embed time: 0.02 seconds
Extract time: 0.01 seconds
0.0
Embed time: 0.02 seconds
Extract time: 0.01 seconds
0.0
Embed time: 0.02 seconds
Extract time: 0.01 seconds
0.0
Embed time: 0.02 seconds
Extract time: 0.01 seconds
0.0
Embed time: 0.02 seconds
Extract time: 0.01 seconds
0.0
Embed time: 0.02 seconds
Extract time: 0.01 seconds
0.0
Embed time: 0.02 seconds
Extract time: 0.01 seconds
0.0
Embed time: 0.02 seconds
Extract time: 0.01 seconds
0.0
Embed time: 0.02 seconds
Extract time: 0.01 seconds
0.0
Embed time: 0.02 seconds
Extract time: 0.01 seconds
0.0
Embed time: 0.02 seconds
Extract time: 0.01 seconds
0.03333333333333333
Embed time: 0.02 seconds
Extract time: 0.01 seconds
0.03333333333333333
Embed time: 0.02 seconds
Extract time: 0.01 seconds
0.0
Embed time: 0.02 seconds
Extract time: 0.01 seconds
0.0
Embed time: 0.02 seconds
Extract time: 0.01 seconds
0.0
Embed time: 0.02 seconds
Extract time: 0.01 seconds
0.0
Embed time: 0.02 seconds
Extract time: 0.01 seconds
0.0
Embed time: 0.02 seconds
Extract time: 0.01 seconds
0.0
Embed time: 0.02 seconds
Extract time: 0.01 seconds
0.0
Embed time: 0.02 seconds
Extract time: 0.01 seconds
0.0
Embed time: 0.02 seconds
Extract time: 0.01 seconds
0.0
Embed time: 0.02 seconds
Extract time: 0.01 seconds
0.0
Embed time: 0.02 seconds
Extract time: 0.01 seconds
0.0
Embed time: 0.02 seconds
Extract time: 0.01 seconds
0.0
Embed time: 0.02 seconds
Extract time: 0.01 seconds
0.0
Embed time: 0.02 seconds
Extract time: 0.01 seconds
0.0
Embed time: 0.02 seconds
Extract time: 0.02 seconds
0.03333333333333333
Embed time: 0.02 seconds
Extract time: 0.02 seconds
0.03333333333333333
Embed time: 0.02 seconds
Extract time: 0.02 seconds
0.0
Embed time: 0.02 seconds
Extract time: 0.02 seconds
0.0
Embed time: 0.02 seconds
Extract time: 0.02 seconds
0.0
Embed time: 0.02 seconds
Extract time: 0.02 seconds
0.0
Embed time: 0.02 seconds
Extract time: 0.02 seconds
0.0
Embed time: 0.02 seconds
Extract time: 0.02 seconds
0.0
Embed time: 0.02 seconds
Extract time: 0.02 seconds
0.0
Embed time: 0.02 seconds
Extract time: 0.01 seconds
0.0
Embed time: 0.02 seconds
Extract time: 0.01 seconds
0.0
Embed time: 0.03 seconds
Extract time: 0.02 seconds
0.0
Embed time: 0.02 seconds
Extract time: 0.01 seconds
0.0
Embed time: 0.02 seconds
Extract time: 0.01 seconds
0.0
Embed time: 0.02 seconds
Extract time: 0.01 seconds
0.0
Embed time: 0.02 seconds
Extract time: 0.02 seconds
0.0
Embed time: 0.02 seconds
Extract time: 0.01 seconds
0.0
Embed time: 0.02 seconds
Extract time: 0.01 seconds
0.0
Embed time: 0.02 seconds
Extract time: 0.01 seconds
0.0
Embed time: 0.02 seconds
Extract time: 0.01 seconds
0.0
Embed time: 0.02 seconds
Extract time: 0.01 seconds
0.0
Embed time: 0.02 seconds
Extract time: 0.01 seconds
0.0
Embed time: 0.02 seconds
Extract time: 0.01 seconds
0.0
Embed time: 0.02 seconds
Extract time: 0.02 seconds
0.0
Embed time: 0.02 seconds
Extract time: 0.02 seconds
0.0
Embed time: 0.02 seconds
Extract time: 0.02 seconds
0.0
Embed time: 0.02 seconds
Extract time: 0.02 seconds
0.0
Embed time: 0.03 seconds
Extract time: 0.02 seconds
0.0
Embed time: 0.02 seconds
Extract time: 0.01 seconds
0.0
Embed time: 0.02 seconds
Extract time: 0.01 seconds
0.0
Embed time: 0.02 seconds
Extract time: 0.02 seconds
0.0
Embed time: 0.03 seconds
Extract time: 0.02 seconds
0.0
Embed time: 0.02 seconds
Extract time: 0.02 seconds
0.0
Embed time: 0.02 seconds
Extract time: 0.02 seconds
0.0
Embed time: 0.02 seconds
Extract time: 0.02 seconds
0.0
Embed time: 0.02 seconds
Extract time: 0.01 seconds
0.0
Embed time: 0.02 seconds
Extract time: 0.01 seconds
0.0
Embed time: 0.02 seconds
Extract time: 0.01 seconds
0.03333333333333333
Embed time: 0.02 seconds
Extract time: 0.01 seconds
0.0
Embed time: 0.02 seconds
Extract time: 0.01 seconds
0.0
Embed time: 0.02 seconds
Extract time: 0.02 seconds
0.0
Embed time: 0.02 seconds
Extract time: 0.02 seconds
0.0
Embed time: 0.02 seconds
Extract time: 0.02 seconds
0.0
Embed time: 0.02 seconds
Extract time: 0.01 seconds
0.0
Embed time: 0.02 seconds
Extract time: 0.01 seconds
0.0
Embed time: 0.02 seconds
Extract time: 0.01 seconds
0.0
Embed time: 0.02 seconds
Extract time: 0.01 seconds
0.0
Embed time: 0.02 seconds
Extract time: 0.02 seconds
0.0
Embed time: 0.02 seconds
Extract time: 0.02 seconds
0.0
Embed time: 0.02 seconds
Extract time: 0.01 seconds
0.0
Embed time: 0.02 seconds
Extract time: 0.02 seconds
0.0
Embed time: 0.02 seconds
Extract time: 0.02 seconds
0.0
Embed time: 0.02 seconds
Extract time: 0.01 seconds
0.0
Embed time: 0.02 seconds
Extract time: 0.02 seconds
0.0
Embed time: 0.02 seconds
Extract time: 0.01 seconds
0.0
Embed time: 0.02 seconds
Extract time: 0.01 seconds
0.0
Embed time: 0.02 seconds
Extract time: 0.02 seconds
0.0
Embed time: 0.02 seconds
Extract time: 0.02 seconds
0.0
25-07-14 16:13:07.935 - INFO: # Validation Gaussian Noise for iteration 39500 # PSNR_Stego: 1.4063e+01, Bit_acc: 1.2783e-03
2025-07-14 16:13:07,935 - INFO - # Validation Gaussian Noise for iteration 39500 # PSNR_Stego: 1.4063e+01, Bit_acc: 1.2783e-03
25-07-14 16:13:07.937 - INFO: <epoch: 75, iter:  39,500> PSNR_Stego: 1.4063e+01, Bit_acc:  1.2783e-03
2025-07-14 16:13:07,937 - INFO - <epoch: 75, iter:  39,500> PSNR_Stego: 1.4063e+01, Bit_acc:  1.2783e-03
----- End Validation with Gaussian Noise 10 for iteration 39500 -----
25-07-14 16:13:07.938 - INFO: Saving models and training states.
2025-07-14 16:13:07,938 - INFO - Saving models and training states.
Checkpoint save path: /workspace/EditGuard-V1/experiments/train_ibsn_bit_64/models/39500_G.pth

===== Checkpoint State Path: /workspace/EditGuard-V1/experiments/train_ibsn_bit_64/training_state/39500.state =====

========== Epoch: 76 ==========
25-07-14 16:13:52.813 - INFO: <epoch: 76, iter:  39,600, lr:1.250e-05> l_forw_fit: 6.7818e+00 l_msg: 8.7336e-03 
2025-07-14 16:13:52,813 - INFO - <epoch: 76, iter:  39,600, lr:1.250e-05> l_forw_fit: 6.7818e+00 l_msg: 8.7336e-03 
25-07-14 16:14:18.773 - INFO: <epoch: 76, iter:  39,700, lr:1.250e-05> l_forw_fit: 7.1248e+00 l_msg: 1.7948e-02 
2025-07-14 16:14:18,773 - INFO - <epoch: 76, iter:  39,700, lr:1.250e-05> l_forw_fit: 7.1248e+00 l_msg: 1.7948e-02 
25-07-14 16:14:44.472 - INFO: <epoch: 76, iter:  39,800, lr:1.250e-05> l_forw_fit: 7.2682e+00 l_msg: 2.0214e-04 
2025-07-14 16:14:44,472 - INFO - <epoch: 76, iter:  39,800, lr:1.250e-05> l_forw_fit: 7.2682e+00 l_msg: 2.0214e-04 
25-07-14 16:15:10.394 - INFO: <epoch: 76, iter:  39,900, lr:1.250e-05> l_forw_fit: 9.3072e+00 l_msg: 5.3099e-03 
2025-07-14 16:15:10,394 - INFO - <epoch: 76, iter:  39,900, lr:1.250e-05> l_forw_fit: 9.3072e+00 l_msg: 5.3099e-03 
25-07-14 16:15:36.547 - INFO: <epoch: 76, iter:  40,000, lr:1.250e-05> l_forw_fit: 4.9691e+00 l_msg: 1.0175e-04 
2025-07-14 16:15:36,547 - INFO - <epoch: 76, iter:  40,000, lr:1.250e-05> l_forw_fit: 4.9691e+00 l_msg: 1.0175e-04 
----- Start Validation with JPEG 70 for iteration 40000 -----
Embed time: 0.03 seconds
Extract time: 0.02 seconds
0.0
Embed time: 0.03 seconds
Extract time: 0.02 seconds
0.1
Embed time: 0.02 seconds
Extract time: 0.02 seconds
0.13333333333333333
Embed time: 0.02 seconds
Extract time: 0.02 seconds
0.03333333333333333
Embed time: 0.02 seconds
Extract time: 0.02 seconds
0.0
Embed time: 0.02 seconds
Extract time: 0.02 seconds
0.0
Embed time: 0.02 seconds
Extract time: 0.02 seconds
0.0
Embed time: 0.02 seconds
Extract time: 0.01 seconds
0.06666666666666667
Embed time: 0.02 seconds
Extract time: 0.01 seconds
0.03333333333333333
Embed time: 0.02 seconds
Extract time: 0.01 seconds
0.0
Embed time: 0.02 seconds
Extract time: 0.01 seconds
0.03333333333333333
Embed time: 0.02 seconds
Extract time: 0.01 seconds
0.1
Embed time: 0.02 seconds
Extract time: 0.01 seconds
0.03333333333333333
Embed time: 0.02 seconds
Extract time: 0.01 seconds
0.0
Embed time: 0.02 seconds
Extract time: 0.01 seconds
0.0
Embed time: 0.02 seconds
Extract time: 0.01 seconds
0.0
Embed time: 0.02 seconds
Extract time: 0.01 seconds
0.03333333333333333
Embed time: 0.02 seconds
Extract time: 0.01 seconds
0.0
Embed time: 0.02 seconds
Extract time: 0.01 seconds
0.03333333333333333
Embed time: 0.02 seconds
Extract time: 0.01 seconds
0.03333333333333333
Embed time: 0.01 seconds
Extract time: 0.01 seconds
0.03333333333333333
Embed time: 0.01 seconds
Extract time: 0.01 seconds
0.0
Embed time: 0.02 seconds
Extract time: 0.01 seconds
0.03333333333333333
Embed time: 0.02 seconds
Extract time: 0.01 seconds
0.0
Embed time: 0.01 seconds
Extract time: 0.01 seconds
0.06666666666666667
Embed time: 0.02 seconds
Extract time: 0.01 seconds
0.0
Embed time: 0.02 seconds
Extract time: 0.01 seconds
0.1
Embed time: 0.02 seconds
Extract time: 0.01 seconds
0.03333333333333333
Embed time: 0.02 seconds
Extract time: 0.02 seconds
0.03333333333333333
Embed time: 0.02 seconds
Extract time: 0.01 seconds
0.03333333333333333
Embed time: 0.02 seconds
Extract time: 0.02 seconds
0.06666666666666667
Embed time: 0.02 seconds
Extract time: 0.01 seconds
0.2
Embed time: 0.02 seconds
Extract time: 0.01 seconds
0.0
Embed time: 0.02 seconds
Extract time: 0.01 seconds
0.03333333333333333
Embed time: 0.02 seconds
Extract time: 0.01 seconds
0.03333333333333333
Embed time: 0.02 seconds
Extract time: 0.02 seconds
0.03333333333333333
Embed time: 0.07 seconds
Extract time: 0.01 seconds
0.13333333333333333
Embed time: 0.02 seconds
Extract time: 0.01 seconds
0.03333333333333333
Embed time: 0.02 seconds
Extract time: 0.01 seconds
0.03333333333333333
Embed time: 0.02 seconds
Extract time: 0.01 seconds
0.1
Embed time: 0.02 seconds
Extract time: 0.01 seconds
0.03333333333333333
Embed time: 0.02 seconds
Extract time: 0.01 seconds
0.03333333333333333
Embed time: 0.02 seconds
Extract time: 0.01 seconds
0.03333333333333333
Embed time: 0.02 seconds
Extract time: 0.01 seconds
0.1
Embed time: 0.02 seconds
Extract time: 0.02 seconds
0.03333333333333333
Embed time: 0.02 seconds
Extract time: 0.01 seconds
0.0
Embed time: 0.02 seconds
Extract time: 0.01 seconds
0.0
Embed time: 0.02 seconds
Extract time: 0.01 seconds
0.0
Embed time: 0.02 seconds
Extract time: 0.01 seconds
0.0
Embed time: 0.02 seconds
Extract time: 0.01 seconds
0.0
Embed time: 0.03 seconds
Extract time: 0.02 seconds
0.03333333333333333
Embed time: 0.02 seconds
Extract time: 0.01 seconds
0.06666666666666667
Embed time: 0.02 seconds
Extract time: 0.02 seconds
0.03333333333333333
Embed time: 0.02 seconds
Extract time: 0.01 seconds
0.03333333333333333
Embed time: 0.02 seconds
Extract time: 0.01 seconds
0.03333333333333333
Embed time: 0.02 seconds
Extract time: 0.01 seconds
0.06666666666666667
Embed time: 0.02 seconds
Extract time: 0.01 seconds
0.0
Embed time: 0.02 seconds
Extract time: 0.01 seconds
0.03333333333333333
Embed time: 0.02 seconds
Extract time: 0.01 seconds
0.0
Embed time: 0.02 seconds
Extract time: 0.01 seconds
0.1
Embed time: 0.02 seconds
Extract time: 0.01 seconds
0.06666666666666667
Embed time: 0.02 seconds
Extract time: 0.01 seconds
0.03333333333333333
Embed time: 0.02 seconds
Extract time: 0.01 seconds
0.03333333333333333
Embed time: 0.02 seconds
Extract time: 0.01 seconds
0.06666666666666667
Embed time: 0.02 seconds
Extract time: 0.01 seconds
0.06666666666666667
Embed time: 0.02 seconds
Extract time: 0.01 seconds
0.06666666666666667
Embed time: 0.02 seconds
Extract time: 0.02 seconds
0.0
Embed time: 0.02 seconds
Extract time: 0.01 seconds
0.0
Embed time: 0.02 seconds
Extract time: 0.01 seconds
0.0
Embed time: 0.02 seconds
Extract time: 0.01 seconds
0.0
Embed time: 0.03 seconds
Extract time: 0.02 seconds
0.0
Embed time: 0.02 seconds
Extract time: 0.02 seconds
0.03333333333333333
Embed time: 0.02 seconds
Extract time: 0.02 seconds
0.03333333333333333
Embed time: 0.02 seconds
Extract time: 0.02 seconds
0.0
Embed time: 0.02 seconds
Extract time: 0.02 seconds
0.0
Embed time: 0.03 seconds
Extract time: 0.02 seconds
0.03333333333333333
Embed time: 0.02 seconds
Extract time: 0.02 seconds
0.0
Embed time: 0.02 seconds
Extract time: 0.01 seconds
0.0
Embed time: 0.02 seconds
Extract time: 0.02 seconds
0.06666666666666667
Embed time: 0.02 seconds
Extract time: 0.02 seconds
0.06666666666666667
Embed time: 0.02 seconds
Extract time: 0.01 seconds
0.03333333333333333
Embed time: 0.02 seconds
Extract time: 0.02 seconds
0.0
Embed time: 0.02 seconds
Extract time: 0.02 seconds
0.06666666666666667
Embed time: 0.02 seconds
Extract time: 0.02 seconds
0.03333333333333333
Embed time: 0.02 seconds
Extract time: 0.02 seconds
0.0
Embed time: 0.02 seconds
Extract time: 0.02 seconds
0.06666666666666667
Embed time: 0.02 seconds
Extract time: 0.01 seconds
0.0
Embed time: 0.02 seconds
Extract time: 0.01 seconds
0.03333333333333333
Embed time: 0.02 seconds
Extract time: 0.01 seconds
0.0
Embed time: 0.02 seconds
Extract time: 0.01 seconds
0.0
Embed time: 0.02 seconds
Extract time: 0.01 seconds
0.03333333333333333
Embed time: 0.02 seconds
Extract time: 0.02 seconds
0.1
Embed time: 0.03 seconds
Extract time: 0.02 seconds
0.03333333333333333
Embed time: 0.03 seconds
Extract time: 0.02 seconds
0.0
Embed time: 0.02 seconds
Extract time: 0.03 seconds
0.06666666666666667
Embed time: 0.02 seconds
Extract time: 0.02 seconds
0.0
Embed time: 0.02 seconds
Extract time: 0.02 seconds
0.0
Embed time: 0.02 seconds
Extract time: 0.02 seconds
0.0
Embed time: 0.02 seconds
Extract time: 0.02 seconds
0.03333333333333333
Embed time: 0.02 seconds
Extract time: 0.02 seconds
0.03333333333333333
25-07-14 16:15:45.347 - INFO: # Validation JPEG for iteration 40000 # PSNR_Stego: 2.7402e+01, Bit_acc: 3.3667e-02
2025-07-14 16:15:45,347 - INFO - # Validation JPEG for iteration 40000 # PSNR_Stego: 2.7402e+01, Bit_acc: 3.3667e-02
25-07-14 16:15:45.348 - INFO: <epoch: 76, iter:  40,000> PSNR_Stego: 2.7402e+01, Bit_acc:  3.3667e-02
2025-07-14 16:15:45,348 - INFO - <epoch: 76, iter:  40,000> PSNR_Stego: 2.7402e+01, Bit_acc:  3.3667e-02
----- End Validation with JPEG 70 for iteration 40000 -----
----- Start Validation with Gaussian Noise 10 for iteration 40000 -----
Embed time: 0.03 seconds
Extract time: 0.02 seconds
0.0
Embed time: 0.02 seconds
Extract time: 0.02 seconds
0.0
Embed time: 0.03 seconds
Extract time: 0.02 seconds
0.03333333333333333
Embed time: 0.02 seconds
Extract time: 0.02 seconds
0.0
Embed time: 0.02 seconds
Extract time: 0.01 seconds
0.0
Embed time: 0.02 seconds
Extract time: 0.02 seconds
0.0
Embed time: 0.02 seconds
Extract time: 0.02 seconds
0.0
Embed time: 0.02 seconds
Extract time: 0.02 seconds
0.0
Embed time: 0.02 seconds
Extract time: 0.01 seconds
0.0
Embed time: 0.02 seconds
Extract time: 0.01 seconds
0.0
Embed time: 0.02 seconds
Extract time: 0.01 seconds
0.0
Embed time: 0.03 seconds
Extract time: 0.02 seconds
0.0
Embed time: 0.02 seconds
Extract time: 0.02 seconds
0.0
Embed time: 0.02 seconds
Extract time: 0.02 seconds
0.0
Embed time: 0.03 seconds
Extract time: 0.02 seconds
0.0
Embed time: 0.02 seconds
Extract time: 0.02 seconds
0.0
Embed time: 0.02 seconds
Extract time: 0.01 seconds
0.0
Embed time: 0.02 seconds
Extract time: 0.02 seconds
0.0
Embed time: 0.02 seconds
Extract time: 0.01 seconds
0.0
Embed time: 0.02 seconds
Extract time: 0.02 seconds
0.0
Embed time: 0.02 seconds
Extract time: 0.02 seconds
0.0
Embed time: 0.02 seconds
Extract time: 0.02 seconds
0.0
Embed time: 0.02 seconds
Extract time: 0.02 seconds
0.0
Embed time: 0.03 seconds
Extract time: 0.01 seconds
0.0
Embed time: 0.02 seconds
Extract time: 0.02 seconds
0.0
Embed time: 0.02 seconds
Extract time: 0.02 seconds
0.0
Embed time: 0.03 seconds
Extract time: 0.02 seconds
0.03333333333333333
Embed time: 0.02 seconds
Extract time: 0.02 seconds
0.03333333333333333
Embed time: 0.02 seconds
Extract time: 0.01 seconds
0.0
Embed time: 0.02 seconds
Extract time: 0.02 seconds
0.0
Embed time: 0.02 seconds
Extract time: 0.01 seconds
0.0
Embed time: 0.04 seconds
Extract time: 0.02 seconds
0.0
Embed time: 0.02 seconds
Extract time: 0.01 seconds
0.0
Embed time: 0.02 seconds
Extract time: 0.01 seconds
0.0
Embed time: 0.02 seconds
Extract time: 0.02 seconds
0.03333333333333333
Embed time: 0.02 seconds
Extract time: 0.02 seconds
0.0
Embed time: 0.02 seconds
Extract time: 0.02 seconds
0.0
Embed time: 0.02 seconds
Extract time: 0.02 seconds
0.0
Embed time: 0.02 seconds
Extract time: 0.01 seconds
0.0
Embed time: 0.02 seconds
Extract time: 0.01 seconds
0.0
Embed time: 0.02 seconds
Extract time: 0.02 seconds
0.0
Embed time: 0.02 seconds
Extract time: 0.02 seconds
0.03333333333333333
Embed time: 0.02 seconds
Extract time: 0.02 seconds
0.0
Embed time: 0.02 seconds
Extract time: 0.02 seconds
0.0
Embed time: 0.02 seconds
Extract time: 0.01 seconds
0.0
Embed time: 0.02 seconds
Extract time: 0.01 seconds
0.0
Embed time: 0.02 seconds
Extract time: 0.01 seconds
0.0
Embed time: 0.02 seconds
Extract time: 0.01 seconds
0.0
Embed time: 0.02 seconds
Extract time: 0.01 seconds
0.0
Embed time: 0.02 seconds
Extract time: 0.01 seconds
0.0
Embed time: 0.02 seconds
Extract time: 0.01 seconds
0.0
Embed time: 0.02 seconds
Extract time: 0.01 seconds
0.0
Embed time: 0.02 seconds
Extract time: 0.01 seconds
0.0
Embed time: 0.02 seconds
Extract time: 0.02 seconds
0.0
Embed time: 0.02 seconds
Extract time: 0.02 seconds
0.0
Embed time: 0.02 seconds
Extract time: 0.02 seconds
0.0
Embed time: 0.02 seconds
Extract time: 0.01 seconds
0.0
Embed time: 0.02 seconds
Extract time: 0.02 seconds
0.0
Embed time: 0.02 seconds
Extract time: 0.01 seconds
0.0
Embed time: 0.02 seconds
Extract time: 0.01 seconds
0.0
Embed time: 0.02 seconds
Extract time: 0.02 seconds
0.0
Embed time: 0.02 seconds
Extract time: 0.02 seconds
0.0
Embed time: 0.02 seconds
Extract time: 0.01 seconds
0.0
Embed time: 0.02 seconds
Extract time: 0.01 seconds
0.03333333333333333
Embed time: 0.02 seconds
Extract time: 0.01 seconds
0.0
Embed time: 0.02 seconds
Extract time: 0.01 seconds
0.0
Embed time: 0.02 seconds
Extract time: 0.02 seconds
0.0
Embed time: 0.02 seconds
Extract time: 0.01 seconds
0.0
Embed time: 0.02 seconds
Extract time: 0.01 seconds
0.0
Embed time: 0.02 seconds
Extract time: 0.02 seconds
0.0
Embed time: 0.02 seconds
Extract time: 0.01 seconds
0.0
Embed time: 0.02 seconds
Extract time: 0.01 seconds
0.0
Embed time: 0.02 seconds
Extract time: 0.02 seconds
0.0
Embed time: 0.02 seconds
Extract time: 0.01 seconds
0.0
Embed time: 0.02 seconds
Extract time: 0.01 seconds
0.0
Embed time: 0.02 seconds
Extract time: 0.01 seconds
0.0
Embed time: 0.02 seconds
Extract time: 0.02 seconds
0.0
Embed time: 0.03 seconds
Extract time: 0.02 seconds
0.0
Embed time: 0.02 seconds
Extract time: 0.02 seconds
0.0
Embed time: 0.02 seconds
Extract time: 0.02 seconds
0.0
Embed time: 0.02 seconds
Extract time: 0.01 seconds
0.0
Embed time: 0.02 seconds
Extract time: 0.02 seconds
0.0
Embed time: 0.02 seconds
Extract time: 0.01 seconds
0.0
Embed time: 0.02 seconds
Extract time: 0.02 seconds
0.0
Embed time: 0.02 seconds
Extract time: 0.01 seconds
0.0
Embed time: 0.03 seconds
Extract time: 0.02 seconds
0.0
Embed time: 0.03 seconds
Extract time: 0.01 seconds
0.0
Embed time: 0.02 seconds
Extract time: 0.01 seconds
0.0
Embed time: 0.04 seconds
Extract time: 0.01 seconds
0.0
Embed time: 0.02 seconds
Extract time: 0.01 seconds
0.0
Embed time: 0.02 seconds
Extract time: 0.01 seconds
0.0
Embed time: 0.02 seconds
Extract time: 0.01 seconds
0.0
Embed time: 0.02 seconds
Extract time: 0.01 seconds
0.03333333333333333
Embed time: 0.02 seconds
Extract time: 0.02 seconds
0.03333333333333333
Embed time: 0.02 seconds
Extract time: 0.02 seconds
0.0
Embed time: 0.02 seconds
Extract time: 0.02 seconds
0.0
Embed time: 0.02 seconds
Extract time: 0.02 seconds
0.0
Embed time: 0.02 seconds
Extract time: 0.02 seconds
0.0
Embed time: 0.02 seconds
Extract time: 0.01 seconds
0.0
Embed time: 0.02 seconds
Extract time: 0.01 seconds
0.03333333333333333
25-07-14 16:15:51.452 - INFO: # Validation Gaussian Noise for iteration 40000 # PSNR_Stego: 1.3983e+01, Bit_acc: 1.6683e-03
2025-07-14 16:15:51,452 - INFO - # Validation Gaussian Noise for iteration 40000 # PSNR_Stego: 1.3983e+01, Bit_acc: 1.6683e-03
25-07-14 16:15:51.453 - INFO: <epoch: 76, iter:  40,000> PSNR_Stego: 1.3983e+01, Bit_acc:  1.6683e-03
2025-07-14 16:15:51,453 - INFO - <epoch: 76, iter:  40,000> PSNR_Stego: 1.3983e+01, Bit_acc:  1.6683e-03
----- End Validation with Gaussian Noise 10 for iteration 40000 -----
25-07-14 16:15:51.453 - INFO: Saving models and training states.
2025-07-14 16:15:51,453 - INFO - Saving models and training states.
Checkpoint save path: /workspace/EditGuard-V1/experiments/train_ibsn_bit_64/models/40000_G.pth

===== Checkpoint State Path: /workspace/EditGuard-V1/experiments/train_ibsn_bit_64/training_state/40000.state =====

========== Epoch: 77 ==========
25-07-14 16:16:36.427 - INFO: <epoch: 77, iter:  40,100, lr:1.250e-05> l_forw_fit: 7.6075e+00 l_msg: 2.2460e-04 
2025-07-14 16:16:36,427 - INFO - <epoch: 77, iter:  40,100, lr:1.250e-05> l_forw_fit: 7.6075e+00 l_msg: 2.2460e-04 
25-07-14 16:17:02.195 - INFO: <epoch: 77, iter:  40,200, lr:1.250e-05> l_forw_fit: 4.4780e+00 l_msg: 1.5075e-02 
2025-07-14 16:17:02,195 - INFO - <epoch: 77, iter:  40,200, lr:1.250e-05> l_forw_fit: 4.4780e+00 l_msg: 1.5075e-02 
25-07-14 16:17:28.182 - INFO: <epoch: 77, iter:  40,300, lr:1.250e-05> l_forw_fit: 6.6204e+00 l_msg: 1.5749e-02 
2025-07-14 16:17:28,182 - INFO - <epoch: 77, iter:  40,300, lr:1.250e-05> l_forw_fit: 6.6204e+00 l_msg: 1.5749e-02 
25-07-14 16:17:54.186 - INFO: <epoch: 77, iter:  40,400, lr:1.250e-05> l_forw_fit: 6.4869e+00 l_msg: 2.6293e-03 
2025-07-14 16:17:54,186 - INFO - <epoch: 77, iter:  40,400, lr:1.250e-05> l_forw_fit: 6.4869e+00 l_msg: 2.6293e-03 
25-07-14 16:18:19.578 - INFO: <epoch: 77, iter:  40,500, lr:1.250e-05> l_forw_fit: 5.4463e+00 l_msg: 2.1328e-04 
2025-07-14 16:18:19,578 - INFO - <epoch: 77, iter:  40,500, lr:1.250e-05> l_forw_fit: 5.4463e+00 l_msg: 2.1328e-04 
----- Start Validation with JPEG 70 for iteration 40500 -----
Embed time: 0.03 seconds
Extract time: 0.02 seconds
0.03333333333333333
Embed time: 0.02 seconds
Extract time: 0.02 seconds
0.3
Embed time: 0.02 seconds
Extract time: 0.02 seconds
0.03333333333333333
Embed time: 0.02 seconds
Extract time: 0.02 seconds
0.03333333333333333
Embed time: 0.02 seconds
Extract time: 0.02 seconds
0.03333333333333333
Embed time: 0.02 seconds
Extract time: 0.01 seconds
0.16666666666666666
Embed time: 0.02 seconds
Extract time: 0.02 seconds
0.0
Embed time: 0.02 seconds
Extract time: 0.02 seconds
0.1
Embed time: 0.02 seconds
Extract time: 0.01 seconds
0.03333333333333333
Embed time: 0.03 seconds
Extract time: 0.02 seconds
0.03333333333333333
Embed time: 0.02 seconds
Extract time: 0.02 seconds
0.0
Embed time: 0.02 seconds
Extract time: 0.02 seconds
0.03333333333333333
Embed time: 0.02 seconds
Extract time: 0.02 seconds
0.13333333333333333
Embed time: 0.03 seconds
Extract time: 0.01 seconds
0.06666666666666667
Embed time: 0.02 seconds
Extract time: 0.02 seconds
0.06666666666666667
Embed time: 0.02 seconds
Extract time: 0.02 seconds
0.1
Embed time: 0.02 seconds
Extract time: 0.01 seconds
0.03333333333333333
Embed time: 0.02 seconds
Extract time: 0.01 seconds
0.03333333333333333
Embed time: 0.02 seconds
Extract time: 0.02 seconds
0.0
Embed time: 0.02 seconds
Extract time: 0.02 seconds
0.03333333333333333
Embed time: 0.02 seconds
Extract time: 0.02 seconds
0.13333333333333333
Embed time: 0.02 seconds
Extract time: 0.02 seconds
0.06666666666666667
Embed time: 0.02 seconds
Extract time: 0.01 seconds
0.13333333333333333
Embed time: 0.02 seconds
Extract time: 0.02 seconds
0.0
Embed time: 0.02 seconds
Extract time: 0.02 seconds
0.06666666666666667
Embed time: 0.02 seconds
Extract time: 0.02 seconds
0.16666666666666666
Embed time: 0.02 seconds
Extract time: 0.01 seconds
0.06666666666666667
Embed time: 0.03 seconds
Extract time: 0.02 seconds
0.03333333333333333
Embed time: 0.02 seconds
Extract time: 0.02 seconds
0.06666666666666667
Embed time: 0.03 seconds
Extract time: 0.02 seconds
0.03333333333333333
Embed time: 0.02 seconds
Extract time: 0.02 seconds
0.06666666666666667
Embed time: 0.02 seconds
Extract time: 0.02 seconds
0.06666666666666667
Embed time: 0.02 seconds
Extract time: 0.02 seconds
0.1
Embed time: 0.02 seconds
Extract time: 0.02 seconds
0.23333333333333334
Embed time: 0.02 seconds
Extract time: 0.02 seconds
0.03333333333333333
Embed time: 0.02 seconds
Extract time: 0.02 seconds
0.0
Embed time: 0.02 seconds
Extract time: 0.02 seconds
0.06666666666666667
Embed time: 0.02 seconds
Extract time: 0.01 seconds
0.03333333333333333
Embed time: 0.02 seconds
Extract time: 0.01 seconds
0.0
Embed time: 0.02 seconds
Extract time: 0.02 seconds
0.16666666666666666
Embed time: 0.03 seconds
Extract time: 0.02 seconds
0.0
Embed time: 0.02 seconds
Extract time: 0.02 seconds
0.26666666666666666
Embed time: 0.02 seconds
Extract time: 0.02 seconds
0.03333333333333333
Embed time: 0.02 seconds
Extract time: 0.02 seconds
0.2
Embed time: 0.02 seconds
Extract time: 0.02 seconds
0.06666666666666667
Embed time: 0.02 seconds
Extract time: 0.02 seconds
0.06666666666666667
Embed time: 0.02 seconds
Extract time: 0.01 seconds
0.1
Embed time: 0.02 seconds
Extract time: 0.02 seconds
0.0
Embed time: 0.02 seconds
Extract time: 0.02 seconds
0.06666666666666667
Embed time: 0.02 seconds
Extract time: 0.02 seconds
0.13333333333333333
Embed time: 0.02 seconds
Extract time: 0.02 seconds
0.03333333333333333
Embed time: 0.02 seconds
Extract time: 0.01 seconds
0.03333333333333333
Embed time: 0.02 seconds
Extract time: 0.02 seconds
0.0
Embed time: 0.02 seconds
Extract time: 0.02 seconds
0.06666666666666667
Embed time: 0.03 seconds
Extract time: 0.02 seconds
0.1
Embed time: 0.02 seconds
Extract time: 0.01 seconds
0.03333333333333333
Embed time: 0.02 seconds
Extract time: 0.02 seconds
0.06666666666666667
Embed time: 0.02 seconds
Extract time: 0.01 seconds
0.03333333333333333
Embed time: 0.02 seconds
Extract time: 0.01 seconds
0.0
Embed time: 0.02 seconds
Extract time: 0.01 seconds
0.03333333333333333
Embed time: 0.02 seconds
Extract time: 0.01 seconds
0.03333333333333333
Embed time: 0.02 seconds
Extract time: 0.02 seconds
0.06666666666666667
Embed time: 0.02 seconds
Extract time: 0.02 seconds
0.06666666666666667
Embed time: 0.02 seconds
Extract time: 0.02 seconds
0.1
Embed time: 0.02 seconds
Extract time: 0.02 seconds
0.16666666666666666
Embed time: 0.02 seconds
Extract time: 0.02 seconds
0.03333333333333333
Embed time: 0.02 seconds
Extract time: 0.01 seconds
0.03333333333333333
Embed time: 0.02 seconds
Extract time: 0.01 seconds
0.1
Embed time: 0.02 seconds
Extract time: 0.02 seconds
0.0
Embed time: 0.03 seconds
Extract time: 0.02 seconds
0.13333333333333333
Embed time: 0.02 seconds
Extract time: 0.02 seconds
0.06666666666666667
Embed time: 0.02 seconds
Extract time: 0.02 seconds
0.03333333333333333
Embed time: 0.02 seconds
Extract time: 0.02 seconds
0.03333333333333333
Embed time: 0.02 seconds
Extract time: 0.01 seconds
0.03333333333333333
Embed time: 0.02 seconds
Extract time: 0.01 seconds
0.06666666666666667
Embed time: 0.02 seconds
Extract time: 0.02 seconds
0.06666666666666667
Embed time: 0.02 seconds
Extract time: 0.02 seconds
0.0
Embed time: 0.02 seconds
Extract time: 0.02 seconds
0.03333333333333333
Embed time: 0.02 seconds
Extract time: 0.02 seconds
0.1
Embed time: 0.02 seconds
Extract time: 0.02 seconds
0.06666666666666667
Embed time: 0.02 seconds
Extract time: 0.02 seconds
0.03333333333333333
Embed time: 0.02 seconds
Extract time: 0.02 seconds
0.0
Embed time: 0.02 seconds
Extract time: 0.02 seconds
0.06666666666666667
Embed time: 0.02 seconds
Extract time: 0.02 seconds
0.06666666666666667
Embed time: 0.02 seconds
Extract time: 0.01 seconds
0.03333333333333333
Embed time: 0.02 seconds
Extract time: 0.01 seconds
0.03333333333333333
Embed time: 0.02 seconds
Extract time: 0.02 seconds
0.03333333333333333
Embed time: 0.02 seconds
Extract time: 0.01 seconds
0.06666666666666667
Embed time: 0.02 seconds
Extract time: 0.01 seconds
0.03333333333333333
Embed time: 0.02 seconds
Extract time: 0.01 seconds
0.03333333333333333
Embed time: 0.02 seconds
Extract time: 0.02 seconds
0.13333333333333333
Embed time: 0.02 seconds
Extract time: 0.01 seconds
0.1
Embed time: 0.02 seconds
Extract time: 0.02 seconds
0.0
Embed time: 0.02 seconds
Extract time: 0.02 seconds
0.0
Embed time: 0.02 seconds
Extract time: 0.01 seconds
0.06666666666666667
Embed time: 0.02 seconds
Extract time: 0.02 seconds
0.03333333333333333
Embed time: 0.02 seconds
Extract time: 0.01 seconds
0.23333333333333334
Embed time: 0.02 seconds
Extract time: 0.02 seconds
0.03333333333333333
Embed time: 0.02 seconds
Extract time: 0.01 seconds
0.06666666666666667
Embed time: 0.02 seconds
Extract time: 0.02 seconds
0.1
25-07-14 16:18:29.044 - INFO: # Validation JPEG for iteration 40500 # PSNR_Stego: 2.7533e+01, Bit_acc: 6.5333e-02
2025-07-14 16:18:29,044 - INFO - # Validation JPEG for iteration 40500 # PSNR_Stego: 2.7533e+01, Bit_acc: 6.5333e-02
25-07-14 16:18:29.045 - INFO: <epoch: 77, iter:  40,500> PSNR_Stego: 2.7533e+01, Bit_acc:  6.5333e-02
2025-07-14 16:18:29,045 - INFO - <epoch: 77, iter:  40,500> PSNR_Stego: 2.7533e+01, Bit_acc:  6.5333e-02
----- End Validation with JPEG 70 for iteration 40500 -----
----- Start Validation with Gaussian Noise 10 for iteration 40500 -----
Embed time: 0.03 seconds
Extract time: 0.02 seconds
0.0
Embed time: 0.02 seconds
Extract time: 0.02 seconds
0.0
Embed time: 0.02 seconds
Extract time: 0.01 seconds
0.0
Embed time: 0.02 seconds
Extract time: 0.01 seconds
0.06666666666666667
Embed time: 0.02 seconds
Extract time: 0.01 seconds
0.0
Embed time: 0.02 seconds
Extract time: 0.02 seconds
0.0
Embed time: 0.02 seconds
Extract time: 0.01 seconds
0.03333333333333333
Embed time: 0.02 seconds
Extract time: 0.01 seconds
0.0
Embed time: 0.02 seconds
Extract time: 0.01 seconds
0.03333333333333333
Embed time: 0.02 seconds
Extract time: 0.02 seconds
0.0
Embed time: 0.02 seconds
Extract time: 0.02 seconds
0.0
Embed time: 0.02 seconds
Extract time: 0.02 seconds
0.0
Embed time: 0.03 seconds
Extract time: 0.01 seconds
0.0
Embed time: 0.02 seconds
Extract time: 0.02 seconds
0.0
Embed time: 0.02 seconds
Extract time: 0.02 seconds
0.0
Embed time: 0.02 seconds
Extract time: 0.02 seconds
0.0
Embed time: 0.02 seconds
Extract time: 0.02 seconds
0.0
Embed time: 0.02 seconds
Extract time: 0.02 seconds
0.0
Embed time: 0.02 seconds
Extract time: 0.02 seconds
0.0
Embed time: 0.02 seconds
Extract time: 0.02 seconds
0.0
Embed time: 0.02 seconds
Extract time: 0.02 seconds
0.0
Embed time: 0.02 seconds
Extract time: 0.01 seconds
0.0
Embed time: 0.02 seconds
Extract time: 0.01 seconds
0.0
Embed time: 0.02 seconds
Extract time: 0.01 seconds
0.0
Embed time: 0.02 seconds
Extract time: 0.01 seconds
0.0
Embed time: 0.02 seconds
Extract time: 0.01 seconds
0.0
Embed time: 0.02 seconds
Extract time: 0.01 seconds
0.0
Embed time: 0.02 seconds
Extract time: 0.01 seconds
0.0
Embed time: 0.02 seconds
Extract time: 0.01 seconds
0.0
Embed time: 0.02 seconds
Extract time: 0.01 seconds
0.0
Embed time: 0.02 seconds
Extract time: 0.02 seconds
0.0
Embed time: 0.02 seconds
Extract time: 0.02 seconds
0.0
Embed time: 0.02 seconds
Extract time: 0.01 seconds
0.0
Embed time: 0.02 seconds
Extract time: 0.01 seconds
0.0
Embed time: 0.02 seconds
Extract time: 0.01 seconds
0.03333333333333333
Embed time: 0.02 seconds
Extract time: 0.01 seconds
0.0
Embed time: 0.02 seconds
Extract time: 0.01 seconds
0.0
Embed time: 0.02 seconds
Extract time: 0.02 seconds
0.0
Embed time: 0.02 seconds
Extract time: 0.01 seconds
0.03333333333333333
Embed time: 0.02 seconds
Extract time: 0.02 seconds
0.0
Embed time: 0.02 seconds
Extract time: 0.01 seconds
0.0
Embed time: 0.02 seconds
Extract time: 0.02 seconds
0.0
Embed time: 0.02 seconds
Extract time: 0.01 seconds
0.0
Embed time: 0.02 seconds
Extract time: 0.01 seconds
0.06666666666666667
Embed time: 0.02 seconds
Extract time: 0.01 seconds
0.0
Embed time: 0.02 seconds
Extract time: 0.02 seconds
0.03333333333333333
Embed time: 0.02 seconds
Extract time: 0.01 seconds
0.0
Embed time: 0.02 seconds
Extract time: 0.01 seconds
0.0
Embed time: 0.02 seconds
Extract time: 0.02 seconds
0.0
Embed time: 0.02 seconds
Extract time: 0.02 seconds
0.0
Embed time: 0.02 seconds
Extract time: 0.02 seconds
0.03333333333333333
Embed time: 0.02 seconds
Extract time: 0.01 seconds
0.0
Embed time: 0.02 seconds
Extract time: 0.01 seconds
0.0
Embed time: 0.02 seconds
Extract time: 0.01 seconds
0.0
Embed time: 0.02 seconds
Extract time: 0.02 seconds
0.0
Embed time: 0.02 seconds
Extract time: 0.01 seconds
0.0
Embed time: 0.02 seconds
Extract time: 0.01 seconds
0.0
Embed time: 0.02 seconds
Extract time: 0.01 seconds
0.03333333333333333
Embed time: 0.02 seconds
Extract time: 0.01 seconds
0.0
Embed time: 0.02 seconds
Extract time: 0.02 seconds
0.0
Embed time: 0.02 seconds
Extract time: 0.02 seconds
0.0
Embed time: 0.02 seconds
Extract time: 0.02 seconds
0.0
Embed time: 0.02 seconds
Extract time: 0.01 seconds
0.0
Embed time: 0.02 seconds
Extract time: 0.02 seconds
0.0
Embed time: 0.02 seconds
Extract time: 0.02 seconds
0.0
Embed time: 0.02 seconds
Extract time: 0.02 seconds
0.0
Embed time: 0.02 seconds
Extract time: 0.02 seconds
0.0
Embed time: 0.02 seconds
Extract time: 0.01 seconds
0.0
Embed time: 0.02 seconds
Extract time: 0.01 seconds
0.0
Embed time: 0.02 seconds
Extract time: 0.01 seconds
0.0
Embed time: 0.02 seconds
Extract time: 0.01 seconds
0.0
Embed time: 0.02 seconds
Extract time: 0.01 seconds
0.03333333333333333
Embed time: 0.02 seconds
Extract time: 0.01 seconds
0.0
Embed time: 0.02 seconds
Extract time: 0.01 seconds
0.0
Embed time: 0.02 seconds
Extract time: 0.01 seconds
0.0
Embed time: 0.02 seconds
Extract time: 0.01 seconds
0.0
Embed time: 0.02 seconds
Extract time: 0.01 seconds
0.0
Embed time: 0.02 seconds
Extract time: 0.01 seconds
0.0
Embed time: 0.02 seconds
Extract time: 0.01 seconds
0.0
Embed time: 0.02 seconds
Extract time: 0.01 seconds
0.03333333333333333
Embed time: 0.02 seconds
Extract time: 0.01 seconds
0.0
Embed time: 0.02 seconds
Extract time: 0.01 seconds
0.0
Embed time: 0.02 seconds
Extract time: 0.01 seconds
0.0
Embed time: 0.02 seconds
Extract time: 0.01 seconds
0.0
Embed time: 0.02 seconds
Extract time: 0.01 seconds
0.0
Embed time: 0.02 seconds
Extract time: 0.02 seconds
0.03333333333333333
Embed time: 0.02 seconds
Extract time: 0.01 seconds
0.0
Embed time: 0.02 seconds
Extract time: 0.01 seconds
0.03333333333333333
Embed time: 0.02 seconds
Extract time: 0.01 seconds
0.0
Embed time: 0.02 seconds
Extract time: 0.02 seconds
0.0
Embed time: 0.02 seconds
Extract time: 0.01 seconds
0.0
Embed time: 0.02 seconds
Extract time: 0.01 seconds
0.0
Embed time: 0.02 seconds
Extract time: 0.01 seconds
0.0
Embed time: 0.02 seconds
Extract time: 0.02 seconds
0.0
Embed time: 0.02 seconds
Extract time: 0.01 seconds
0.03333333333333333
Embed time: 0.02 seconds
Extract time: 0.01 seconds
0.0
Embed time: 0.02 seconds
Extract time: 0.02 seconds
0.0
Embed time: 0.02 seconds
Extract time: 0.01 seconds
0.0
Embed time: 0.02 seconds
Extract time: 0.01 seconds
0.0
Embed time: 0.02 seconds
Extract time: 0.01 seconds
0.0
25-07-14 16:18:34.867 - INFO: # Validation Gaussian Noise for iteration 40500 # PSNR_Stego: 1.4041e+01, Bit_acc: 2.9933e-03
2025-07-14 16:18:34,867 - INFO - # Validation Gaussian Noise for iteration 40500 # PSNR_Stego: 1.4041e+01, Bit_acc: 2.9933e-03
25-07-14 16:18:34.868 - INFO: <epoch: 77, iter:  40,500> PSNR_Stego: 1.4041e+01, Bit_acc:  2.9933e-03
2025-07-14 16:18:34,868 - INFO - <epoch: 77, iter:  40,500> PSNR_Stego: 1.4041e+01, Bit_acc:  2.9933e-03
----- End Validation with Gaussian Noise 10 for iteration 40500 -----
25-07-14 16:18:34.869 - INFO: Saving models and training states.
2025-07-14 16:18:34,869 - INFO - Saving models and training states.
Checkpoint save path: /workspace/EditGuard-V1/experiments/train_ibsn_bit_64/models/40500_G.pth

===== Checkpoint State Path: /workspace/EditGuard-V1/experiments/train_ibsn_bit_64/training_state/40500.state =====

========== Epoch: 78 ==========
25-07-14 16:19:19.842 - INFO: <epoch: 78, iter:  40,600, lr:1.250e-05> l_forw_fit: 6.5311e+00 l_msg: 2.1377e-02 
2025-07-14 16:19:19,842 - INFO - <epoch: 78, iter:  40,600, lr:1.250e-05> l_forw_fit: 6.5311e+00 l_msg: 2.1377e-02 
25-07-14 16:19:45.766 - INFO: <epoch: 78, iter:  40,700, lr:1.250e-05> l_forw_fit: 4.9604e+00 l_msg: 2.5015e-03 
2025-07-14 16:19:45,766 - INFO - <epoch: 78, iter:  40,700, lr:1.250e-05> l_forw_fit: 4.9604e+00 l_msg: 2.5015e-03 
25-07-14 16:20:11.760 - INFO: <epoch: 78, iter:  40,800, lr:1.250e-05> l_forw_fit: 6.2275e+00 l_msg: 0.0000e+00 
2025-07-14 16:20:11,760 - INFO - <epoch: 78, iter:  40,800, lr:1.250e-05> l_forw_fit: 6.2275e+00 l_msg: 0.0000e+00 
25-07-14 16:20:37.449 - INFO: <epoch: 78, iter:  40,900, lr:1.250e-05> l_forw_fit: 5.3454e+00 l_msg: 8.8706e-04 
2025-07-14 16:20:37,449 - INFO - <epoch: 78, iter:  40,900, lr:1.250e-05> l_forw_fit: 5.3454e+00 l_msg: 8.8706e-04 
25-07-14 16:21:02.552 - INFO: <epoch: 78, iter:  41,000, lr:1.250e-05> l_forw_fit: 5.1524e+00 l_msg: 1.0432e-03 
2025-07-14 16:21:02,552 - INFO - <epoch: 78, iter:  41,000, lr:1.250e-05> l_forw_fit: 5.1524e+00 l_msg: 1.0432e-03 
----- Start Validation with JPEG 70 for iteration 41000 -----
Embed time: 0.03 seconds
Extract time: 0.02 seconds
0.03333333333333333
Embed time: 0.02 seconds
Extract time: 0.01 seconds
0.26666666666666666
Embed time: 0.02 seconds
Extract time: 0.01 seconds
0.13333333333333333
Embed time: 0.02 seconds
Extract time: 0.02 seconds
0.06666666666666667
Embed time: 0.02 seconds
Extract time: 0.02 seconds
0.13333333333333333
Embed time: 0.02 seconds
Extract time: 0.02 seconds
0.16666666666666666
Embed time: 0.02 seconds
Extract time: 0.02 seconds
0.03333333333333333
Embed time: 0.02 seconds
Extract time: 0.02 seconds
0.0
Embed time: 0.02 seconds
Extract time: 0.02 seconds
0.06666666666666667
Embed time: 0.02 seconds
Extract time: 0.02 seconds
0.0
Embed time: 0.02 seconds
Extract time: 0.01 seconds
0.03333333333333333
Embed time: 0.02 seconds
Extract time: 0.02 seconds
0.1
Embed time: 0.02 seconds
Extract time: 0.02 seconds
0.0
Embed time: 0.02 seconds
Extract time: 0.02 seconds
0.1
Embed time: 0.02 seconds
Extract time: 0.02 seconds
0.06666666666666667
Embed time: 0.02 seconds
Extract time: 0.02 seconds
0.03333333333333333
Embed time: 0.02 seconds
Extract time: 0.02 seconds
0.0
Embed time: 0.02 seconds
Extract time: 0.02 seconds
0.0
Embed time: 0.02 seconds
Extract time: 0.02 seconds
0.0
Embed time: 0.02 seconds
Extract time: 0.02 seconds
0.03333333333333333
Embed time: 0.02 seconds
Extract time: 0.02 seconds
0.1
Embed time: 0.02 seconds
Extract time: 0.01 seconds
0.03333333333333333
Embed time: 0.02 seconds
Extract time: 0.02 seconds
0.1
Embed time: 0.02 seconds
Extract time: 0.01 seconds
0.0
Embed time: 0.02 seconds
Extract time: 0.02 seconds
0.3
Embed time: 0.02 seconds
Extract time: 0.01 seconds
0.0
Embed time: 0.02 seconds
Extract time: 0.01 seconds
0.1
Embed time: 0.02 seconds
Extract time: 0.01 seconds
0.06666666666666667
Embed time: 0.02 seconds
Extract time: 0.02 seconds
0.03333333333333333
Embed time: 0.02 seconds
Extract time: 0.02 seconds
0.03333333333333333
Embed time: 0.02 seconds
Extract time: 0.02 seconds
0.13333333333333333
Embed time: 0.03 seconds
Extract time: 0.02 seconds
0.06666666666666667
Embed time: 0.02 seconds
Extract time: 0.02 seconds
0.06666666666666667
Embed time: 0.03 seconds
Extract time: 0.02 seconds
0.13333333333333333
Embed time: 0.03 seconds
Extract time: 0.02 seconds
0.1
Embed time: 0.03 seconds
Extract time: 0.02 seconds
0.03333333333333333
Embed time: 0.03 seconds
Extract time: 0.02 seconds
0.1
Embed time: 0.02 seconds
Extract time: 0.02 seconds
0.1
Embed time: 0.03 seconds
Extract time: 0.02 seconds
0.0
Embed time: 0.02 seconds
Extract time: 0.01 seconds
0.4
Embed time: 0.02 seconds
Extract time: 0.02 seconds
0.0
Embed time: 0.02 seconds
Extract time: 0.01 seconds
0.23333333333333334
Embed time: 0.02 seconds
Extract time: 0.02 seconds
0.06666666666666667
Embed time: 0.02 seconds
Extract time: 0.01 seconds
0.1
Embed time: 0.02 seconds
Extract time: 0.01 seconds
0.16666666666666666
Embed time: 0.02 seconds
Extract time: 0.02 seconds
0.1
Embed time: 0.02 seconds
Extract time: 0.02 seconds
0.03333333333333333
Embed time: 0.02 seconds
Extract time: 0.01 seconds
0.03333333333333333
Embed time: 0.02 seconds
Extract time: 0.02 seconds
0.0
Embed time: 0.02 seconds
Extract time: 0.02 seconds
0.13333333333333333
Embed time: 0.02 seconds
Extract time: 0.02 seconds
0.1
Embed time: 0.02 seconds
Extract time: 0.02 seconds
0.03333333333333333
Embed time: 0.02 seconds
Extract time: 0.02 seconds
0.0
Embed time: 0.02 seconds
Extract time: 0.02 seconds
0.0
Embed time: 0.02 seconds
Extract time: 0.02 seconds
0.2
Embed time: 0.02 seconds
Extract time: 0.02 seconds
0.06666666666666667
Embed time: 0.02 seconds
Extract time: 0.02 seconds
0.06666666666666667
Embed time: 0.03 seconds
Extract time: 0.02 seconds
0.06666666666666667
Embed time: 0.02 seconds
Extract time: 0.02 seconds
0.0
Embed time: 0.02 seconds
Extract time: 0.02 seconds
0.1
Embed time: 0.02 seconds
Extract time: 0.02 seconds
0.03333333333333333
Embed time: 0.02 seconds
Extract time: 0.02 seconds
0.0
Embed time: 0.02 seconds
Extract time: 0.02 seconds
0.03333333333333333
Embed time: 0.02 seconds
Extract time: 0.02 seconds
0.06666666666666667
Embed time: 0.02 seconds
Extract time: 0.02 seconds
0.03333333333333333
Embed time: 0.02 seconds
Extract time: 0.02 seconds
0.06666666666666667
Embed time: 0.02 seconds
Extract time: 0.02 seconds
0.03333333333333333
Embed time: 0.02 seconds
Extract time: 0.02 seconds
0.06666666666666667
Embed time: 0.02 seconds
Extract time: 0.02 seconds
0.03333333333333333
Embed time: 0.02 seconds
Extract time: 0.02 seconds
0.2
Embed time: 0.02 seconds
Extract time: 0.02 seconds
0.13333333333333333
Embed time: 0.02 seconds
Extract time: 0.02 seconds
0.06666666666666667
Embed time: 0.02 seconds
Extract time: 0.02 seconds
0.06666666666666667
Embed time: 0.02 seconds
Extract time: 0.01 seconds
0.0
Embed time: 0.02 seconds
Extract time: 0.02 seconds
0.06666666666666667
Embed time: 0.02 seconds
Extract time: 0.02 seconds
0.03333333333333333
Embed time: 0.02 seconds
Extract time: 0.02 seconds
0.0
Embed time: 0.02 seconds
Extract time: 0.02 seconds
0.06666666666666667
Embed time: 0.02 seconds
Extract time: 0.02 seconds
0.0
Embed time: 0.02 seconds
Extract time: 0.02 seconds
0.16666666666666666
Embed time: 0.02 seconds
Extract time: 0.02 seconds
0.1
Embed time: 0.02 seconds
Extract time: 0.02 seconds
0.1
Embed time: 0.02 seconds
Extract time: 0.02 seconds
0.0
Embed time: 0.02 seconds
Extract time: 0.02 seconds
0.1
Embed time: 0.02 seconds
Extract time: 0.02 seconds
0.06666666666666667
Embed time: 0.02 seconds
Extract time: 0.02 seconds
0.03333333333333333
Embed time: 0.02 seconds
Extract time: 0.02 seconds
0.03333333333333333
Embed time: 0.02 seconds
Extract time: 0.02 seconds
0.03333333333333333
Embed time: 0.02 seconds
Extract time: 0.02 seconds
0.1
Embed time: 0.02 seconds
Extract time: 0.02 seconds
0.03333333333333333
Embed time: 0.02 seconds
Extract time: 0.02 seconds
0.06666666666666667
Embed time: 0.02 seconds
Extract time: 0.02 seconds
0.03333333333333333
Embed time: 0.02 seconds
Extract time: 0.02 seconds
0.06666666666666667
Embed time: 0.02 seconds
Extract time: 0.02 seconds
0.0
Embed time: 0.02 seconds
Extract time: 0.02 seconds
0.03333333333333333
Embed time: 0.03 seconds
Extract time: 0.02 seconds
0.06666666666666667
Embed time: 0.02 seconds
Extract time: 0.02 seconds
0.13333333333333333
Embed time: 0.02 seconds
Extract time: 0.02 seconds
0.03333333333333333
Embed time: 0.02 seconds
Extract time: 0.02 seconds
0.1
Embed time: 0.02 seconds
Extract time: 0.01 seconds
0.13333333333333333
25-07-14 16:21:11.625 - INFO: # Validation JPEG for iteration 41000 # PSNR_Stego: 2.7426e+01, Bit_acc: 7.1000e-02
2025-07-14 16:21:11,625 - INFO - # Validation JPEG for iteration 41000 # PSNR_Stego: 2.7426e+01, Bit_acc: 7.1000e-02
25-07-14 16:21:11.626 - INFO: <epoch: 78, iter:  41,000> PSNR_Stego: 2.7426e+01, Bit_acc:  7.1000e-02
2025-07-14 16:21:11,626 - INFO - <epoch: 78, iter:  41,000> PSNR_Stego: 2.7426e+01, Bit_acc:  7.1000e-02
----- End Validation with JPEG 70 for iteration 41000 -----
----- Start Validation with Gaussian Noise 10 for iteration 41000 -----
Embed time: 0.03 seconds
Extract time: 0.02 seconds
0.0
Embed time: 0.02 seconds
Extract time: 0.01 seconds
0.0
Embed time: 0.02 seconds
Extract time: 0.02 seconds
0.0
Embed time: 0.02 seconds
Extract time: 0.01 seconds
0.0
Embed time: 0.02 seconds
Extract time: 0.02 seconds
0.0
Embed time: 0.02 seconds
Extract time: 0.01 seconds
0.0
Embed time: 0.02 seconds
Extract time: 0.02 seconds
0.0
Embed time: 0.02 seconds
Extract time: 0.02 seconds
0.0
Embed time: 0.02 seconds
Extract time: 0.01 seconds
0.0
Embed time: 0.02 seconds
Extract time: 0.01 seconds
0.0
Embed time: 0.02 seconds
Extract time: 0.01 seconds
0.0
Embed time: 0.02 seconds
Extract time: 0.01 seconds
0.0
Embed time: 0.02 seconds
Extract time: 0.02 seconds
0.0
Embed time: 0.02 seconds
Extract time: 0.02 seconds
0.0
Embed time: 0.02 seconds
Extract time: 0.02 seconds
0.0
Embed time: 0.02 seconds
Extract time: 0.02 seconds
0.0
Embed time: 0.03 seconds
Extract time: 0.02 seconds
0.0
Embed time: 0.02 seconds
Extract time: 0.02 seconds
0.06666666666666667
Embed time: 0.02 seconds
Extract time: 0.02 seconds
0.0
Embed time: 0.02 seconds
Extract time: 0.02 seconds
0.0
Embed time: 0.02 seconds
Extract time: 0.02 seconds
0.0
Embed time: 0.02 seconds
Extract time: 0.02 seconds
0.0
Embed time: 0.03 seconds
Extract time: 0.02 seconds
0.0
Embed time: 0.02 seconds
Extract time: 0.02 seconds
0.0
Embed time: 0.02 seconds
Extract time: 0.02 seconds
0.03333333333333333
Embed time: 0.02 seconds
Extract time: 0.02 seconds
0.0
Embed time: 0.03 seconds
Extract time: 0.01 seconds
0.0
Embed time: 0.02 seconds
Extract time: 0.01 seconds
0.0
Embed time: 0.02 seconds
Extract time: 0.01 seconds
0.0
Embed time: 0.02 seconds
Extract time: 0.01 seconds
0.0
Embed time: 0.02 seconds
Extract time: 0.01 seconds
0.03333333333333333
Embed time: 0.04 seconds
Extract time: 0.02 seconds
0.03333333333333333
Embed time: 0.02 seconds
Extract time: 0.02 seconds
0.0
Embed time: 0.02 seconds
Extract time: 0.02 seconds
0.0
Embed time: 0.02 seconds
Extract time: 0.01 seconds
0.03333333333333333
Embed time: 0.02 seconds
Extract time: 0.02 seconds
0.0
Embed time: 0.02 seconds
Extract time: 0.01 seconds
0.0
Embed time: 0.03 seconds
Extract time: 0.02 seconds
0.0
Embed time: 0.02 seconds
Extract time: 0.01 seconds
0.0
Embed time: 0.02 seconds
Extract time: 0.02 seconds
0.0
Embed time: 0.02 seconds
Extract time: 0.01 seconds
0.0
Embed time: 0.02 seconds
Extract time: 0.02 seconds
0.03333333333333333
Embed time: 0.02 seconds
Extract time: 0.02 seconds
0.0
Embed time: 0.02 seconds
Extract time: 0.02 seconds
0.0
Embed time: 0.02 seconds
Extract time: 0.02 seconds
0.0
Embed time: 0.02 seconds
Extract time: 0.02 seconds
0.03333333333333333
Embed time: 0.02 seconds
Extract time: 0.01 seconds
0.0
Embed time: 0.02 seconds
Extract time: 0.01 seconds
0.03333333333333333
Embed time: 0.02 seconds
Extract time: 0.01 seconds
0.0
Embed time: 0.02 seconds
Extract time: 0.01 seconds
0.0
Embed time: 0.02 seconds
Extract time: 0.02 seconds
0.0
Embed time: 0.02 seconds
Extract time: 0.01 seconds
0.0
Embed time: 0.02 seconds
Extract time: 0.01 seconds
0.0
Embed time: 0.02 seconds
Extract time: 0.01 seconds
0.0
Embed time: 0.02 seconds
Extract time: 0.01 seconds
0.0
Embed time: 0.02 seconds
Extract time: 0.01 seconds
0.0
Embed time: 0.02 seconds
Extract time: 0.01 seconds
0.03333333333333333
Embed time: 0.02 seconds
Extract time: 0.01 seconds
0.0
Embed time: 0.02 seconds
Extract time: 0.01 seconds
0.0
Embed time: 0.02 seconds
Extract time: 0.01 seconds
0.0
Embed time: 0.02 seconds
Extract time: 0.02 seconds
0.0
Embed time: 0.02 seconds
Extract time: 0.01 seconds
0.0
Embed time: 0.02 seconds
Extract time: 0.02 seconds
0.0
Embed time: 0.02 seconds
Extract time: 0.01 seconds
0.0
Embed time: 0.02 seconds
Extract time: 0.01 seconds
0.0
Embed time: 0.02 seconds
Extract time: 0.01 seconds
0.0
Embed time: 0.02 seconds
Extract time: 0.02 seconds
0.0
Embed time: 0.02 seconds
Extract time: 0.01 seconds
0.0
Embed time: 0.03 seconds
Extract time: 0.02 seconds
0.0
Embed time: 0.02 seconds
Extract time: 0.01 seconds
0.0
Embed time: 0.02 seconds
Extract time: 0.02 seconds
0.0
Embed time: 0.02 seconds
Extract time: 0.02 seconds
0.0
Embed time: 0.02 seconds
Extract time: 0.01 seconds
0.0
Embed time: 0.02 seconds
Extract time: 0.01 seconds
0.0
Embed time: 0.02 seconds
Extract time: 0.02 seconds
0.0
Embed time: 0.02 seconds
Extract time: 0.02 seconds
0.0
Embed time: 0.02 seconds
Extract time: 0.01 seconds
0.0
Embed time: 0.02 seconds
Extract time: 0.01 seconds
0.0
Embed time: 0.02 seconds
Extract time: 0.01 seconds
0.03333333333333333
Embed time: 0.02 seconds
Extract time: 0.01 seconds
0.06666666666666667
Embed time: 0.02 seconds
Extract time: 0.01 seconds
0.0
Embed time: 0.02 seconds
Extract time: 0.01 seconds
0.0
Embed time: 0.02 seconds
Extract time: 0.01 seconds
0.0
Embed time: 0.02 seconds
Extract time: 0.01 seconds
0.0
Embed time: 0.02 seconds
Extract time: 0.01 seconds
0.0
Embed time: 0.02 seconds
Extract time: 0.01 seconds
0.0
Embed time: 0.02 seconds
Extract time: 0.01 seconds
0.03333333333333333
Embed time: 0.02 seconds
Extract time: 0.01 seconds
0.0
Embed time: 0.02 seconds
Extract time: 0.01 seconds
0.0
Embed time: 0.02 seconds
Extract time: 0.01 seconds
0.0
Embed time: 0.02 seconds
Extract time: 0.02 seconds
0.0
Embed time: 0.02 seconds
Extract time: 0.01 seconds
0.0
Embed time: 0.02 seconds
Extract time: 0.01 seconds
0.0
Embed time: 0.02 seconds
Extract time: 0.01 seconds
0.0
Embed time: 0.03 seconds
Extract time: 0.02 seconds
0.0
Embed time: 0.02 seconds
Extract time: 0.01 seconds
0.0
Embed time: 0.03 seconds
Extract time: 0.01 seconds
0.0
Embed time: 0.02 seconds
Extract time: 0.02 seconds
0.0
Embed time: 0.02 seconds
Extract time: 0.02 seconds
0.0
Embed time: 0.02 seconds
Extract time: 0.02 seconds
0.0
25-07-14 16:21:17.535 - INFO: # Validation Gaussian Noise for iteration 41000 # PSNR_Stego: 1.3997e+01, Bit_acc: 2.6883e-03
2025-07-14 16:21:17,535 - INFO - # Validation Gaussian Noise for iteration 41000 # PSNR_Stego: 1.3997e+01, Bit_acc: 2.6883e-03
25-07-14 16:21:17.536 - INFO: <epoch: 78, iter:  41,000> PSNR_Stego: 1.3997e+01, Bit_acc:  2.6883e-03
2025-07-14 16:21:17,536 - INFO - <epoch: 78, iter:  41,000> PSNR_Stego: 1.3997e+01, Bit_acc:  2.6883e-03
----- End Validation with Gaussian Noise 10 for iteration 41000 -----
25-07-14 16:21:17.536 - INFO: Saving models and training states.
2025-07-14 16:21:17,536 - INFO - Saving models and training states.
Checkpoint save path: /workspace/EditGuard-V1/experiments/train_ibsn_bit_64/models/41000_G.pth

===== Checkpoint State Path: /workspace/EditGuard-V1/experiments/train_ibsn_bit_64/training_state/41000.state =====

========== Epoch: 79 ==========
25-07-14 16:22:02.238 - INFO: <epoch: 79, iter:  41,100, lr:1.250e-05> l_forw_fit: 5.6712e+00 l_msg: 2.7642e-03 
2025-07-14 16:22:02,238 - INFO - <epoch: 79, iter:  41,100, lr:1.250e-05> l_forw_fit: 5.6712e+00 l_msg: 2.7642e-03 
25-07-14 16:22:27.985 - INFO: <epoch: 79, iter:  41,200, lr:1.250e-05> l_forw_fit: 6.7972e+00 l_msg: 5.3063e-03 
2025-07-14 16:22:27,985 - INFO - <epoch: 79, iter:  41,200, lr:1.250e-05> l_forw_fit: 6.7972e+00 l_msg: 5.3063e-03 
25-07-14 16:22:53.803 - INFO: <epoch: 79, iter:  41,300, lr:1.250e-05> l_forw_fit: 8.5093e+00 l_msg: 1.3960e-02 
2025-07-14 16:22:53,803 - INFO - <epoch: 79, iter:  41,300, lr:1.250e-05> l_forw_fit: 8.5093e+00 l_msg: 1.3960e-02 
25-07-14 16:23:19.921 - INFO: <epoch: 79, iter:  41,400, lr:1.250e-05> l_forw_fit: 8.6536e+00 l_msg: 2.6989e-04 
2025-07-14 16:23:19,921 - INFO - <epoch: 79, iter:  41,400, lr:1.250e-05> l_forw_fit: 8.6536e+00 l_msg: 2.6989e-04 
25-07-14 16:23:44.892 - INFO: <epoch: 79, iter:  41,500, lr:1.250e-05> l_forw_fit: 5.7155e+00 l_msg: 9.8093e-04 
2025-07-14 16:23:44,892 - INFO - <epoch: 79, iter:  41,500, lr:1.250e-05> l_forw_fit: 5.7155e+00 l_msg: 9.8093e-04 
----- Start Validation with JPEG 70 for iteration 41500 -----
Embed time: 0.03 seconds
Extract time: 0.02 seconds
0.0
Embed time: 0.02 seconds
Extract time: 0.02 seconds
0.06666666666666667
Embed time: 0.02 seconds
Extract time: 0.02 seconds
0.2
Embed time: 0.02 seconds
Extract time: 0.01 seconds
0.06666666666666667
Embed time: 0.02 seconds
Extract time: 0.02 seconds
0.1
Embed time: 0.02 seconds
Extract time: 0.02 seconds
0.06666666666666667
Embed time: 0.02 seconds
Extract time: 0.02 seconds
0.06666666666666667
Embed time: 0.02 seconds
Extract time: 0.02 seconds
0.06666666666666667
Embed time: 0.02 seconds
Extract time: 0.02 seconds
0.03333333333333333
Embed time: 0.02 seconds
Extract time: 0.02 seconds
0.06666666666666667
Embed time: 0.02 seconds
Extract time: 0.01 seconds
0.13333333333333333
Embed time: 0.02 seconds
Extract time: 0.03 seconds
0.03333333333333333
Embed time: 0.02 seconds
Extract time: 0.02 seconds
0.13333333333333333
Embed time: 0.03 seconds
Extract time: 0.02 seconds
0.16666666666666666
Embed time: 0.02 seconds
Extract time: 0.02 seconds
0.0
Embed time: 0.02 seconds
Extract time: 0.02 seconds
0.03333333333333333
Embed time: 0.02 seconds
Extract time: 0.02 seconds
0.16666666666666666
Embed time: 0.02 seconds
Extract time: 0.02 seconds
0.03333333333333333
Embed time: 0.02 seconds
Extract time: 0.02 seconds
0.03333333333333333
Embed time: 0.02 seconds
Extract time: 0.02 seconds
0.1
Embed time: 0.02 seconds
Extract time: 0.02 seconds
0.0
Embed time: 0.02 seconds
Extract time: 0.02 seconds
0.06666666666666667
Embed time: 0.02 seconds
Extract time: 0.02 seconds
0.03333333333333333
Embed time: 0.02 seconds
Extract time: 0.02 seconds
0.0
Embed time: 0.02 seconds
Extract time: 0.01 seconds
0.13333333333333333
Embed time: 0.02 seconds
Extract time: 0.02 seconds
0.06666666666666667
Embed time: 0.02 seconds
Extract time: 0.02 seconds
0.1
Embed time: 0.03 seconds
Extract time: 0.02 seconds
0.13333333333333333
Embed time: 0.03 seconds
Extract time: 0.02 seconds
0.1
Embed time: 0.02 seconds
Extract time: 0.02 seconds
0.0
Embed time: 0.02 seconds
Extract time: 0.02 seconds
0.1
Embed time: 0.02 seconds
Extract time: 0.01 seconds
0.2
Embed time: 0.03 seconds
Extract time: 0.02 seconds
0.03333333333333333
Embed time: 0.02 seconds
Extract time: 0.02 seconds
0.26666666666666666
Embed time: 0.02 seconds
Extract time: 0.02 seconds
0.03333333333333333
Embed time: 0.02 seconds
Extract time: 0.02 seconds
0.06666666666666667
Embed time: 0.02 seconds
Extract time: 0.02 seconds
0.1
Embed time: 0.02 seconds
Extract time: 0.02 seconds
0.03333333333333333
Embed time: 0.02 seconds
Extract time: 0.02 seconds
0.06666666666666667
Embed time: 0.03 seconds
Extract time: 0.02 seconds
0.23333333333333334
Embed time: 0.02 seconds
Extract time: 0.02 seconds
0.03333333333333333
Embed time: 0.02 seconds
Extract time: 0.02 seconds
0.23333333333333334
Embed time: 0.03 seconds
Extract time: 0.02 seconds
0.1
Embed time: 0.02 seconds
Extract time: 0.02 seconds
0.03333333333333333
Embed time: 0.03 seconds
Extract time: 0.02 seconds
0.13333333333333333
Embed time: 0.02 seconds
Extract time: 0.02 seconds
0.13333333333333333
Embed time: 0.02 seconds
Extract time: 0.02 seconds
0.03333333333333333
Embed time: 0.02 seconds
Extract time: 0.02 seconds
0.03333333333333333
Embed time: 0.02 seconds
Extract time: 0.02 seconds
0.0
Embed time: 0.02 seconds
Extract time: 0.02 seconds
0.13333333333333333
Embed time: 0.03 seconds
Extract time: 0.02 seconds
0.1
Embed time: 0.02 seconds
Extract time: 0.02 seconds
0.06666666666666667
Embed time: 0.02 seconds
Extract time: 0.02 seconds
0.03333333333333333
Embed time: 0.02 seconds
Extract time: 0.02 seconds
0.0
Embed time: 0.02 seconds
Extract time: 0.02 seconds
0.0
Embed time: 0.02 seconds
Extract time: 0.02 seconds
0.03333333333333333
Embed time: 0.02 seconds
Extract time: 0.02 seconds
0.1
Embed time: 0.02 seconds
Extract time: 0.02 seconds
0.13333333333333333
Embed time: 0.02 seconds
Extract time: 0.02 seconds
0.06666666666666667
Embed time: 0.02 seconds
Extract time: 0.02 seconds
0.03333333333333333
Embed time: 0.02 seconds
Extract time: 0.02 seconds
0.03333333333333333
Embed time: 0.02 seconds
Extract time: 0.02 seconds
0.03333333333333333
Embed time: 0.02 seconds
Extract time: 0.02 seconds
0.0
Embed time: 0.02 seconds
Extract time: 0.01 seconds
0.1
Embed time: 0.02 seconds
Extract time: 0.02 seconds
0.13333333333333333
Embed time: 0.02 seconds
Extract time: 0.01 seconds
0.1
Embed time: 0.03 seconds
Extract time: 0.01 seconds
0.1
Embed time: 0.02 seconds
Extract time: 0.02 seconds
0.1
Embed time: 0.03 seconds
Extract time: 0.02 seconds
0.06666666666666667
Embed time: 0.02 seconds
Extract time: 0.02 seconds
0.03333333333333333
Embed time: 0.03 seconds
Extract time: 0.02 seconds
0.0
Embed time: 0.02 seconds
Extract time: 0.02 seconds
0.13333333333333333
Embed time: 0.02 seconds
Extract time: 0.01 seconds
0.16666666666666666
Embed time: 0.02 seconds
Extract time: 0.02 seconds
0.03333333333333333
Embed time: 0.02 seconds
Extract time: 0.01 seconds
0.1
Embed time: 0.02 seconds
Extract time: 0.01 seconds
0.06666666666666667
Embed time: 0.02 seconds
Extract time: 0.01 seconds
0.0
Embed time: 0.02 seconds
Extract time: 0.02 seconds
0.0
Embed time: 0.03 seconds
Extract time: 0.02 seconds
0.03333333333333333
Embed time: 0.03 seconds
Extract time: 0.02 seconds
0.1
Embed time: 0.02 seconds
Extract time: 0.01 seconds
0.1
Embed time: 0.02 seconds
Extract time: 0.02 seconds
0.03333333333333333
Embed time: 0.02 seconds
Extract time: 0.01 seconds
0.1
Embed time: 0.02 seconds
Extract time: 0.02 seconds
0.1
Embed time: 0.02 seconds
Extract time: 0.02 seconds
0.06666666666666667
Embed time: 0.02 seconds
Extract time: 0.02 seconds
0.1
Embed time: 0.02 seconds
Extract time: 0.02 seconds
0.06666666666666667
Embed time: 0.02 seconds
Extract time: 0.02 seconds
0.13333333333333333
Embed time: 0.03 seconds
Extract time: 0.02 seconds
0.06666666666666667
Embed time: 0.03 seconds
Extract time: 0.02 seconds
0.0
Embed time: 0.02 seconds
Extract time: 0.02 seconds
0.1
Embed time: 0.02 seconds
Extract time: 0.02 seconds
0.13333333333333333
Embed time: 0.02 seconds
Extract time: 0.02 seconds
0.0
Embed time: 0.02 seconds
Extract time: 0.02 seconds
0.06666666666666667
Embed time: 0.02 seconds
Extract time: 0.02 seconds
0.06666666666666667
Embed time: 0.02 seconds
Extract time: 0.02 seconds
0.1
Embed time: 0.02 seconds
Extract time: 0.02 seconds
0.3
Embed time: 0.02 seconds
Extract time: 0.02 seconds
0.0
Embed time: 0.02 seconds
Extract time: 0.02 seconds
0.03333333333333333
Embed time: 0.02 seconds
Extract time: 0.02 seconds
0.1
25-07-14 16:23:54.865 - INFO: # Validation JPEG for iteration 41500 # PSNR_Stego: 2.7672e+01, Bit_acc: 7.7667e-02
2025-07-14 16:23:54,865 - INFO - # Validation JPEG for iteration 41500 # PSNR_Stego: 2.7672e+01, Bit_acc: 7.7667e-02
25-07-14 16:23:54.866 - INFO: <epoch: 79, iter:  41,500> PSNR_Stego: 2.7672e+01, Bit_acc:  7.7667e-02
2025-07-14 16:23:54,866 - INFO - <epoch: 79, iter:  41,500> PSNR_Stego: 2.7672e+01, Bit_acc:  7.7667e-02
----- End Validation with JPEG 70 for iteration 41500 -----
----- Start Validation with Gaussian Noise 10 for iteration 41500 -----
Embed time: 0.03 seconds
Extract time: 0.02 seconds
0.0
Embed time: 0.02 seconds
Extract time: 0.01 seconds
0.0
Embed time: 0.02 seconds
Extract time: 0.01 seconds
0.06666666666666667
Embed time: 0.02 seconds
Extract time: 0.01 seconds
0.0
Embed time: 0.02 seconds
Extract time: 0.01 seconds
0.0
Embed time: 0.02 seconds
Extract time: 0.01 seconds
0.0
Embed time: 0.02 seconds
Extract time: 0.01 seconds
0.0
Embed time: 0.02 seconds
Extract time: 0.01 seconds
0.03333333333333333
Embed time: 0.02 seconds
Extract time: 0.01 seconds
0.0
Embed time: 0.02 seconds
Extract time: 0.01 seconds
0.0
Embed time: 0.02 seconds
Extract time: 0.01 seconds
0.03333333333333333
Embed time: 0.02 seconds
Extract time: 0.01 seconds
0.0
Embed time: 0.02 seconds
Extract time: 0.01 seconds
0.0
Embed time: 0.02 seconds
Extract time: 0.01 seconds
0.0
Embed time: 0.02 seconds
Extract time: 0.01 seconds
0.0
Embed time: 0.02 seconds
Extract time: 0.01 seconds
0.0
Embed time: 0.02 seconds
Extract time: 0.01 seconds
0.0
Embed time: 0.02 seconds
Extract time: 0.01 seconds
0.0
Embed time: 0.02 seconds
Extract time: 0.01 seconds
0.03333333333333333
Embed time: 0.02 seconds
Extract time: 0.01 seconds
0.03333333333333333
Embed time: 0.03 seconds
Extract time: 0.02 seconds
0.0
Embed time: 0.02 seconds
Extract time: 0.02 seconds
0.0
Embed time: 0.02 seconds
Extract time: 0.02 seconds
0.03333333333333333
Embed time: 0.02 seconds
Extract time: 0.02 seconds
0.0
Embed time: 0.02 seconds
Extract time: 0.02 seconds
0.0
Embed time: 0.02 seconds
Extract time: 0.02 seconds
0.0
Embed time: 0.02 seconds
Extract time: 0.02 seconds
0.0
Embed time: 0.02 seconds
Extract time: 0.02 seconds
0.0
Embed time: 0.02 seconds
Extract time: 0.02 seconds
0.03333333333333333
Embed time: 0.02 seconds
Extract time: 0.02 seconds
0.03333333333333333
Embed time: 0.02 seconds
Extract time: 0.01 seconds
0.0
Embed time: 0.02 seconds
Extract time: 0.01 seconds
0.0
Embed time: 0.02 seconds
Extract time: 0.01 seconds
0.0
Embed time: 0.02 seconds
Extract time: 0.01 seconds
0.0
Embed time: 0.02 seconds
Extract time: 0.01 seconds
0.0
Embed time: 0.02 seconds
Extract time: 0.01 seconds
0.0
Embed time: 0.02 seconds
Extract time: 0.01 seconds
0.0
Embed time: 0.02 seconds
Extract time: 0.01 seconds
0.0
Embed time: 0.02 seconds
Extract time: 0.01 seconds
0.0
Embed time: 0.02 seconds
Extract time: 0.01 seconds
0.0
Embed time: 0.02 seconds
Extract time: 0.01 seconds
0.0
Embed time: 0.02 seconds
Extract time: 0.01 seconds
0.03333333333333333
Embed time: 0.02 seconds
Extract time: 0.01 seconds
0.0
Embed time: 0.02 seconds
Extract time: 0.01 seconds
0.0
Embed time: 0.02 seconds
Extract time: 0.01 seconds
0.0
Embed time: 0.02 seconds
Extract time: 0.01 seconds
0.0
Embed time: 0.02 seconds
Extract time: 0.01 seconds
0.0
Embed time: 0.02 seconds
Extract time: 0.01 seconds
0.0
Embed time: 0.02 seconds
Extract time: 0.01 seconds
0.0
Embed time: 0.02 seconds
Extract time: 0.01 seconds
0.0
Embed time: 0.02 seconds
Extract time: 0.01 seconds
0.0
Embed time: 0.02 seconds
Extract time: 0.01 seconds
0.0
Embed time: 0.02 seconds
Extract time: 0.01 seconds
0.03333333333333333
Embed time: 0.02 seconds
Extract time: 0.01 seconds
0.03333333333333333
Embed time: 0.02 seconds
Extract time: 0.01 seconds
0.03333333333333333
Embed time: 0.02 seconds
Extract time: 0.01 seconds
0.0
Embed time: 0.02 seconds
Extract time: 0.01 seconds
0.0
Embed time: 0.02 seconds
Extract time: 0.01 seconds
0.06666666666666667
Embed time: 0.02 seconds
Extract time: 0.01 seconds
0.0
Embed time: 0.02 seconds
Extract time: 0.01 seconds
0.03333333333333333
Embed time: 0.02 seconds
Extract time: 0.01 seconds
0.0
Embed time: 0.02 seconds
Extract time: 0.01 seconds
0.0
Embed time: 0.02 seconds
Extract time: 0.01 seconds
0.0
Embed time: 0.02 seconds
Extract time: 0.01 seconds
0.06666666666666667
Embed time: 0.02 seconds
Extract time: 0.01 seconds
0.03333333333333333
Embed time: 0.02 seconds
Extract time: 0.01 seconds
0.0
Embed time: 0.02 seconds
Extract time: 0.01 seconds
0.03333333333333333
Embed time: 0.02 seconds
Extract time: 0.01 seconds
0.0
Embed time: 0.02 seconds
Extract time: 0.01 seconds
0.0
Embed time: 0.02 seconds
Extract time: 0.01 seconds
0.0
Embed time: 0.02 seconds
Extract time: 0.01 seconds
0.0
Embed time: 0.02 seconds
Extract time: 0.01 seconds
0.0
Embed time: 0.02 seconds
Extract time: 0.01 seconds
0.06666666666666667
Embed time: 0.02 seconds
Extract time: 0.01 seconds
0.0
Embed time: 0.02 seconds
Extract time: 0.01 seconds
0.0
Embed time: 0.02 seconds
Extract time: 0.01 seconds
0.0
Embed time: 0.02 seconds
Extract time: 0.01 seconds
0.0
Embed time: 0.02 seconds
Extract time: 0.01 seconds
0.0
Embed time: 0.02 seconds
Extract time: 0.01 seconds
0.0
Embed time: 0.02 seconds
Extract time: 0.01 seconds
0.03333333333333333
Embed time: 0.02 seconds
Extract time: 0.01 seconds
0.0
Embed time: 0.02 seconds
Extract time: 0.01 seconds
0.0
Embed time: 0.02 seconds
Extract time: 0.01 seconds
0.0
Embed time: 0.02 seconds
Extract time: 0.01 seconds
0.0
Embed time: 0.02 seconds
Extract time: 0.01 seconds
0.0
Embed time: 0.02 seconds
Extract time: 0.01 seconds
0.0
Embed time: 0.02 seconds
Extract time: 0.01 seconds
0.0
Embed time: 0.02 seconds
Extract time: 0.01 seconds
0.03333333333333333
Embed time: 0.02 seconds
Extract time: 0.01 seconds
0.0
Embed time: 0.02 seconds
Extract time: 0.01 seconds
0.0
Embed time: 0.02 seconds
Extract time: 0.01 seconds
0.0
Embed time: 0.02 seconds
Extract time: 0.01 seconds
0.0
Embed time: 0.02 seconds
Extract time: 0.01 seconds
0.06666666666666667
Embed time: 0.02 seconds
Extract time: 0.01 seconds
0.0
Embed time: 0.02 seconds
Extract time: 0.01 seconds
0.0
Embed time: 0.02 seconds
Extract time: 0.01 seconds
0.0
Embed time: 0.02 seconds
Extract time: 0.01 seconds
0.0
Embed time: 0.02 seconds
Extract time: 0.01 seconds
0.0
Embed time: 0.02 seconds
Extract time: 0.01 seconds
0.0
Embed time: 0.02 seconds
Extract time: 0.01 seconds
0.03333333333333333
25-07-14 16:24:00.260 - INFO: # Validation Gaussian Noise for iteration 41500 # PSNR_Stego: 1.4113e+01, Bit_acc: 4.8883e-03
2025-07-14 16:24:00,260 - INFO - # Validation Gaussian Noise for iteration 41500 # PSNR_Stego: 1.4113e+01, Bit_acc: 4.8883e-03
25-07-14 16:24:00.261 - INFO: <epoch: 79, iter:  41,500> PSNR_Stego: 1.4113e+01, Bit_acc:  4.8883e-03
2025-07-14 16:24:00,261 - INFO - <epoch: 79, iter:  41,500> PSNR_Stego: 1.4113e+01, Bit_acc:  4.8883e-03
----- End Validation with Gaussian Noise 10 for iteration 41500 -----
25-07-14 16:24:00.262 - INFO: Saving models and training states.
2025-07-14 16:24:00,262 - INFO - Saving models and training states.
Checkpoint save path: /workspace/EditGuard-V1/experiments/train_ibsn_bit_64/models/41500_G.pth

===== Checkpoint State Path: /workspace/EditGuard-V1/experiments/train_ibsn_bit_64/training_state/41500.state =====

========== Epoch: 80 ==========
25-07-14 16:24:45.255 - INFO: <epoch: 80, iter:  41,600, lr:1.250e-05> l_forw_fit: 5.4015e+00 l_msg: 5.4765e-04 
2025-07-14 16:24:45,255 - INFO - <epoch: 80, iter:  41,600, lr:1.250e-05> l_forw_fit: 5.4015e+00 l_msg: 5.4765e-04 
25-07-14 16:25:11.307 - INFO: <epoch: 80, iter:  41,700, lr:1.250e-05> l_forw_fit: 5.6878e+00 l_msg: 2.2350e-04 
2025-07-14 16:25:11,307 - INFO - <epoch: 80, iter:  41,700, lr:1.250e-05> l_forw_fit: 5.6878e+00 l_msg: 2.2350e-04 
25-07-14 16:25:37.618 - INFO: <epoch: 80, iter:  41,800, lr:1.250e-05> l_forw_fit: 4.9827e+00 l_msg: 6.1746e-03 
2025-07-14 16:25:37,618 - INFO - <epoch: 80, iter:  41,800, lr:1.250e-05> l_forw_fit: 4.9827e+00 l_msg: 6.1746e-03 
25-07-14 16:26:03.517 - INFO: <epoch: 80, iter:  41,900, lr:1.250e-05> l_forw_fit: 1.1170e+01 l_msg: 1.6024e-02 
2025-07-14 16:26:03,517 - INFO - <epoch: 80, iter:  41,900, lr:1.250e-05> l_forw_fit: 1.1170e+01 l_msg: 1.6024e-02 
25-07-14 16:26:29.419 - INFO: <epoch: 80, iter:  42,000, lr:1.250e-05> l_forw_fit: 4.9871e+00 l_msg: 6.2699e-05 
2025-07-14 16:26:29,419 - INFO - <epoch: 80, iter:  42,000, lr:1.250e-05> l_forw_fit: 4.9871e+00 l_msg: 6.2699e-05 
----- Start Validation with JPEG 70 for iteration 42000 -----
Embed time: 0.03 seconds
Extract time: 0.02 seconds
0.03333333333333333
Embed time: 0.02 seconds
Extract time: 0.02 seconds
0.2
Embed time: 0.02 seconds
Extract time: 0.02 seconds
0.06666666666666667
Embed time: 0.02 seconds
Extract time: 0.01 seconds
0.03333333333333333
Embed time: 0.02 seconds
Extract time: 0.01 seconds
0.03333333333333333
Embed time: 0.02 seconds
Extract time: 0.02 seconds
0.03333333333333333
Embed time: 0.02 seconds
Extract time: 0.02 seconds
0.1
Embed time: 0.02 seconds
Extract time: 0.01 seconds
0.06666666666666667
Embed time: 0.02 seconds
Extract time: 0.01 seconds
0.03333333333333333
Embed time: 0.02 seconds
Extract time: 0.02 seconds
0.03333333333333333
Embed time: 0.02 seconds
Extract time: 0.02 seconds
0.06666666666666667
Embed time: 0.02 seconds
Extract time: 0.02 seconds
0.03333333333333333
Embed time: 0.02 seconds
Extract time: 0.02 seconds
0.16666666666666666
Embed time: 0.08 seconds
Extract time: 0.02 seconds
0.2
Embed time: 0.03 seconds
Extract time: 0.02 seconds
0.03333333333333333
Embed time: 0.02 seconds
Extract time: 0.02 seconds
0.13333333333333333
Embed time: 0.02 seconds
Extract time: 0.02 seconds
0.1
Embed time: 0.02 seconds
Extract time: 0.02 seconds
0.0
Embed time: 0.02 seconds
Extract time: 0.02 seconds
0.0
Embed time: 0.02 seconds
Extract time: 0.02 seconds
0.06666666666666667
Embed time: 0.02 seconds
Extract time: 0.02 seconds
0.1
Embed time: 0.02 seconds
Extract time: 0.02 seconds
0.1
Embed time: 0.02 seconds
Extract time: 0.02 seconds
0.06666666666666667
Embed time: 0.03 seconds
Extract time: 0.02 seconds
0.03333333333333333
Embed time: 0.02 seconds
Extract time: 0.02 seconds
0.13333333333333333
Embed time: 0.03 seconds
Extract time: 0.02 seconds
0.1
Embed time: 0.02 seconds
Extract time: 0.02 seconds
0.13333333333333333
Embed time: 0.02 seconds
Extract time: 0.02 seconds
0.03333333333333333
Embed time: 0.02 seconds
Extract time: 0.02 seconds
0.1
Embed time: 0.02 seconds
Extract time: 0.02 seconds
0.06666666666666667
Embed time: 0.02 seconds
Extract time: 0.02 seconds
0.1
Embed time: 0.02 seconds
Extract time: 0.02 seconds
0.06666666666666667
Embed time: 0.02 seconds
Extract time: 0.02 seconds
0.2
Embed time: 0.02 seconds
Extract time: 0.02 seconds
0.13333333333333333
Embed time: 0.02 seconds
Extract time: 0.02 seconds
0.06666666666666667
Embed time: 0.02 seconds
Extract time: 0.02 seconds
0.0
Embed time: 0.02 seconds
Extract time: 0.02 seconds
0.06666666666666667
Embed time: 0.02 seconds
Extract time: 0.02 seconds
0.0
Embed time: 0.02 seconds
Extract time: 0.02 seconds
0.0
Embed time: 0.02 seconds
Extract time: 0.04 seconds
0.3
Embed time: 0.02 seconds
Extract time: 0.01 seconds
0.0
Embed time: 0.02 seconds
Extract time: 0.02 seconds
0.13333333333333333
Embed time: 0.02 seconds
Extract time: 0.02 seconds
0.0
Embed time: 0.02 seconds
Extract time: 0.02 seconds
0.1
Embed time: 0.02 seconds
Extract time: 0.02 seconds
0.1
Embed time: 0.02 seconds
Extract time: 0.02 seconds
0.03333333333333333
Embed time: 0.02 seconds
Extract time: 0.02 seconds
0.0
Embed time: 0.02 seconds
Extract time: 0.01 seconds
0.03333333333333333
Embed time: 0.02 seconds
Extract time: 0.01 seconds
0.03333333333333333
Embed time: 0.02 seconds
Extract time: 0.01 seconds
0.1
Embed time: 0.02 seconds
Extract time: 0.01 seconds
0.0
Embed time: 0.02 seconds
Extract time: 0.01 seconds
0.0
Embed time: 0.02 seconds
Extract time: 0.02 seconds
0.0
Embed time: 0.02 seconds
Extract time: 0.02 seconds
0.03333333333333333
Embed time: 0.02 seconds
Extract time: 0.02 seconds
0.1
Embed time: 0.02 seconds
Extract time: 0.02 seconds
0.0
Embed time: 0.02 seconds
Extract time: 0.01 seconds
0.16666666666666666
Embed time: 0.02 seconds
Extract time: 0.01 seconds
0.1
Embed time: 0.02 seconds
Extract time: 0.02 seconds
0.0
Embed time: 0.02 seconds
Extract time: 0.01 seconds
0.16666666666666666
Embed time: 0.02 seconds
Extract time: 0.01 seconds
0.03333333333333333
Embed time: 0.02 seconds
Extract time: 0.01 seconds
0.03333333333333333
Embed time: 0.02 seconds
Extract time: 0.01 seconds
0.03333333333333333
Embed time: 0.02 seconds
Extract time: 0.02 seconds
0.13333333333333333
Embed time: 0.02 seconds
Extract time: 0.02 seconds
0.1
Embed time: 0.02 seconds
Extract time: 0.02 seconds
0.06666666666666667
Embed time: 0.02 seconds
Extract time: 0.01 seconds
0.1
Embed time: 0.02 seconds
Extract time: 0.02 seconds
0.03333333333333333
Embed time: 0.02 seconds
Extract time: 0.01 seconds
0.0
Embed time: 0.02 seconds
Extract time: 0.01 seconds
0.0
Embed time: 0.02 seconds
Extract time: 0.01 seconds
0.03333333333333333
Embed time: 0.02 seconds
Extract time: 0.01 seconds
0.06666666666666667
Embed time: 0.02 seconds
Extract time: 0.01 seconds
0.16666666666666666
Embed time: 0.02 seconds
Extract time: 0.01 seconds
0.0
Embed time: 0.02 seconds
Extract time: 0.01 seconds
0.06666666666666667
Embed time: 0.02 seconds
Extract time: 0.01 seconds
0.06666666666666667
Embed time: 0.02 seconds
Extract time: 0.01 seconds
0.03333333333333333
Embed time: 0.02 seconds
Extract time: 0.01 seconds
0.1
Embed time: 0.02 seconds
Extract time: 0.01 seconds
0.0
Embed time: 0.02 seconds
Extract time: 0.02 seconds
0.2
Embed time: 0.02 seconds
Extract time: 0.02 seconds
0.1
Embed time: 0.02 seconds
Extract time: 0.02 seconds
0.03333333333333333
Embed time: 0.02 seconds
Extract time: 0.02 seconds
0.1
Embed time: 0.02 seconds
Extract time: 0.02 seconds
0.0
Embed time: 0.02 seconds
Extract time: 0.02 seconds
0.06666666666666667
Embed time: 0.02 seconds
Extract time: 0.01 seconds
0.16666666666666666
Embed time: 0.02 seconds
Extract time: 0.01 seconds
0.06666666666666667
Embed time: 0.02 seconds
Extract time: 0.01 seconds
0.06666666666666667
Embed time: 0.02 seconds
Extract time: 0.01 seconds
0.0
Embed time: 0.02 seconds
Extract time: 0.01 seconds
0.06666666666666667
Embed time: 0.02 seconds
Extract time: 0.01 seconds
0.16666666666666666
Embed time: 0.02 seconds
Extract time: 0.01 seconds
0.06666666666666667
Embed time: 0.02 seconds
Extract time: 0.01 seconds
0.03333333333333333
Embed time: 0.02 seconds
Extract time: 0.01 seconds
0.03333333333333333
Embed time: 0.02 seconds
Extract time: 0.01 seconds
0.06666666666666667
Embed time: 0.02 seconds
Extract time: 0.01 seconds
0.2
Embed time: 0.02 seconds
Extract time: 0.01 seconds
0.26666666666666666
Embed time: 0.02 seconds
Extract time: 0.01 seconds
0.03333333333333333
Embed time: 0.02 seconds
Extract time: 0.02 seconds
0.03333333333333333
Embed time: 0.02 seconds
Extract time: 0.01 seconds
0.13333333333333333
25-07-14 16:26:38.296 - INFO: # Validation JPEG for iteration 42000 # PSNR_Stego: 2.7506e+01, Bit_acc: 7.3000e-02
2025-07-14 16:26:38,296 - INFO - # Validation JPEG for iteration 42000 # PSNR_Stego: 2.7506e+01, Bit_acc: 7.3000e-02
25-07-14 16:26:38.298 - INFO: <epoch: 80, iter:  42,000> PSNR_Stego: 2.7506e+01, Bit_acc:  7.3000e-02
2025-07-14 16:26:38,298 - INFO - <epoch: 80, iter:  42,000> PSNR_Stego: 2.7506e+01, Bit_acc:  7.3000e-02
----- End Validation with JPEG 70 for iteration 42000 -----
----- Start Validation with Gaussian Noise 10 for iteration 42000 -----
Embed time: 0.03 seconds
Extract time: 0.02 seconds
0.0
Embed time: 0.02 seconds
Extract time: 0.01 seconds
0.0
Embed time: 0.02 seconds
Extract time: 0.01 seconds
0.1
Embed time: 0.02 seconds
Extract time: 0.01 seconds
0.0
Embed time: 0.02 seconds
Extract time: 0.01 seconds
0.0
Embed time: 0.02 seconds
Extract time: 0.01 seconds
0.0
Embed time: 0.02 seconds
Extract time: 0.02 seconds
0.03333333333333333
Embed time: 0.02 seconds
Extract time: 0.01 seconds
0.0
Embed time: 0.02 seconds
Extract time: 0.02 seconds
0.03333333333333333
Embed time: 0.02 seconds
Extract time: 0.01 seconds
0.0
Embed time: 0.02 seconds
Extract time: 0.02 seconds
0.03333333333333333
Embed time: 0.02 seconds
Extract time: 0.02 seconds
0.0
Embed time: 0.02 seconds
Extract time: 0.01 seconds
0.0
Embed time: 0.03 seconds
Extract time: 0.02 seconds
0.0
Embed time: 0.02 seconds
Extract time: 0.02 seconds
0.0
Embed time: 0.02 seconds
Extract time: 0.01 seconds
0.0
Embed time: 0.02 seconds
Extract time: 0.01 seconds
0.0
Embed time: 0.02 seconds
Extract time: 0.02 seconds
0.0
Embed time: 0.02 seconds
Extract time: 0.01 seconds
0.0
Embed time: 0.02 seconds
Extract time: 0.01 seconds
0.0
Embed time: 0.02 seconds
Extract time: 0.01 seconds
0.0
Embed time: 0.02 seconds
Extract time: 0.01 seconds
0.0
Embed time: 0.02 seconds
Extract time: 0.01 seconds
0.0
Embed time: 0.02 seconds
Extract time: 0.02 seconds
0.0
Embed time: 0.03 seconds
Extract time: 0.02 seconds
0.0
Embed time: 0.02 seconds
Extract time: 0.02 seconds
0.0
Embed time: 0.02 seconds
Extract time: 0.01 seconds
0.0
Embed time: 0.02 seconds
Extract time: 0.01 seconds
0.0
Embed time: 0.02 seconds
Extract time: 0.02 seconds
0.0
Embed time: 0.02 seconds
Extract time: 0.01 seconds
0.0
Embed time: 0.02 seconds
Extract time: 0.01 seconds
0.0
Embed time: 0.02 seconds
Extract time: 0.01 seconds
0.0
Embed time: 0.02 seconds
Extract time: 0.02 seconds
0.0
Embed time: 0.02 seconds
Extract time: 0.01 seconds
0.0
Embed time: 0.02 seconds
Extract time: 0.01 seconds
0.0
Embed time: 0.02 seconds
Extract time: 0.01 seconds
0.03333333333333333
Embed time: 0.02 seconds
Extract time: 0.01 seconds
0.0
Embed time: 0.02 seconds
Extract time: 0.01 seconds
0.0
Embed time: 0.02 seconds
Extract time: 0.02 seconds
0.0
Embed time: 0.02 seconds
Extract time: 0.02 seconds
0.0
Embed time: 0.02 seconds
Extract time: 0.01 seconds
0.0
Embed time: 0.02 seconds
Extract time: 0.01 seconds
0.03333333333333333
Embed time: 0.02 seconds
Extract time: 0.01 seconds
0.0
Embed time: 0.02 seconds
Extract time: 0.01 seconds
0.0
Embed time: 0.02 seconds
Extract time: 0.01 seconds
0.0
Embed time: 0.02 seconds
Extract time: 0.01 seconds
0.0
Embed time: 0.02 seconds
Extract time: 0.01 seconds
0.0
Embed time: 0.02 seconds
Extract time: 0.02 seconds
0.03333333333333333
Embed time: 0.02 seconds
Extract time: 0.01 seconds
0.0
Embed time: 0.02 seconds
Extract time: 0.01 seconds
0.03333333333333333
Embed time: 0.02 seconds
Extract time: 0.01 seconds
0.0
Embed time: 0.02 seconds
Extract time: 0.01 seconds
0.0
Embed time: 0.02 seconds
Extract time: 0.01 seconds
0.0
Embed time: 0.02 seconds
Extract time: 0.01 seconds
0.0
Embed time: 0.02 seconds
Extract time: 0.01 seconds
0.0
Embed time: 0.02 seconds
Extract time: 0.01 seconds
0.0
Embed time: 0.02 seconds
Extract time: 0.01 seconds
0.0
Embed time: 0.02 seconds
Extract time: 0.01 seconds
0.03333333333333333
Embed time: 0.02 seconds
Extract time: 0.01 seconds
0.0
Embed time: 0.02 seconds
Extract time: 0.01 seconds
0.13333333333333333
Embed time: 0.02 seconds
Extract time: 0.01 seconds
0.0
Embed time: 0.03 seconds
Extract time: 0.01 seconds
0.0
Embed time: 0.02 seconds
Extract time: 0.01 seconds
0.0
Embed time: 0.02 seconds
Extract time: 0.01 seconds
0.0
Embed time: 0.02 seconds
Extract time: 0.01 seconds
0.0
Embed time: 0.02 seconds
Extract time: 0.01 seconds
0.0
Embed time: 0.02 seconds
Extract time: 0.01 seconds
0.0
Embed time: 0.02 seconds
Extract time: 0.01 seconds
0.0
Embed time: 0.02 seconds
Extract time: 0.01 seconds
0.0
Embed time: 0.02 seconds
Extract time: 0.01 seconds
0.0
Embed time: 0.02 seconds
Extract time: 0.01 seconds
0.0
Embed time: 0.02 seconds
Extract time: 0.01 seconds
0.0
Embed time: 0.02 seconds
Extract time: 0.01 seconds
0.0
Embed time: 0.02 seconds
Extract time: 0.01 seconds
0.0
Embed time: 0.02 seconds
Extract time: 0.01 seconds
0.0
Embed time: 0.02 seconds
Extract time: 0.01 seconds
0.03333333333333333
Embed time: 0.02 seconds
Extract time: 0.01 seconds
0.0
Embed time: 0.02 seconds
Extract time: 0.01 seconds
0.0
Embed time: 0.02 seconds
Extract time: 0.01 seconds
0.0
Embed time: 0.02 seconds
Extract time: 0.01 seconds
0.03333333333333333
Embed time: 0.02 seconds
Extract time: 0.01 seconds
0.0
Embed time: 0.02 seconds
Extract time: 0.01 seconds
0.0
Embed time: 0.02 seconds
Extract time: 0.01 seconds
0.03333333333333333
Embed time: 0.02 seconds
Extract time: 0.01 seconds
0.0
Embed time: 0.02 seconds
Extract time: 0.01 seconds
0.0
Embed time: 0.02 seconds
Extract time: 0.01 seconds
0.0
Embed time: 0.02 seconds
Extract time: 0.01 seconds
0.0
Embed time: 0.02 seconds
Extract time: 0.01 seconds
0.03333333333333333
Embed time: 0.02 seconds
Extract time: 0.01 seconds
0.0
Embed time: 0.02 seconds
Extract time: 0.01 seconds
0.0
Embed time: 0.02 seconds
Extract time: 0.01 seconds
0.0
Embed time: 0.02 seconds
Extract time: 0.01 seconds
0.03333333333333333
Embed time: 0.02 seconds
Extract time: 0.01 seconds
0.0
Embed time: 0.02 seconds
Extract time: 0.01 seconds
0.0
Embed time: 0.02 seconds
Extract time: 0.01 seconds
0.0
Embed time: 0.01 seconds
Extract time: 0.01 seconds
0.0
Embed time: 0.02 seconds
Extract time: 0.01 seconds
0.0
Embed time: 0.02 seconds
Extract time: 0.01 seconds
0.0
Embed time: 0.02 seconds
Extract time: 0.01 seconds
0.0
Embed time: 0.02 seconds
Extract time: 0.01 seconds
0.0
25-07-14 16:26:43.613 - INFO: # Validation Gaussian Noise for iteration 42000 # PSNR_Stego: 1.4040e+01, Bit_acc: 3.6983e-03
2025-07-14 16:26:43,613 - INFO - # Validation Gaussian Noise for iteration 42000 # PSNR_Stego: 1.4040e+01, Bit_acc: 3.6983e-03
25-07-14 16:26:43.614 - INFO: <epoch: 80, iter:  42,000> PSNR_Stego: 1.4040e+01, Bit_acc:  3.6983e-03
2025-07-14 16:26:43,614 - INFO - <epoch: 80, iter:  42,000> PSNR_Stego: 1.4040e+01, Bit_acc:  3.6983e-03
----- End Validation with Gaussian Noise 10 for iteration 42000 -----
25-07-14 16:26:43.615 - INFO: Saving models and training states.
2025-07-14 16:26:43,615 - INFO - Saving models and training states.
Checkpoint save path: /workspace/EditGuard-V1/experiments/train_ibsn_bit_64/models/42000_G.pth

===== Checkpoint State Path: /workspace/EditGuard-V1/experiments/train_ibsn_bit_64/training_state/42000.state =====

========== Epoch: 81 ==========
25-07-14 16:27:28.952 - INFO: <epoch: 81, iter:  42,100, lr:1.250e-05> l_forw_fit: 4.9735e+00 l_msg: 5.1466e-04 
2025-07-14 16:27:28,952 - INFO - <epoch: 81, iter:  42,100, lr:1.250e-05> l_forw_fit: 4.9735e+00 l_msg: 5.1466e-04 
25-07-14 16:27:55.203 - INFO: <epoch: 81, iter:  42,200, lr:1.250e-05> l_forw_fit: 6.3223e+00 l_msg: 1.8353e-04 
2025-07-14 16:27:55,203 - INFO - <epoch: 81, iter:  42,200, lr:1.250e-05> l_forw_fit: 6.3223e+00 l_msg: 1.8353e-04 
25-07-14 16:28:22.124 - INFO: <epoch: 81, iter:  42,300, lr:1.250e-05> l_forw_fit: 4.6552e+00 l_msg: 3.0961e-04 
2025-07-14 16:28:22,124 - INFO - <epoch: 81, iter:  42,300, lr:1.250e-05> l_forw_fit: 4.6552e+00 l_msg: 3.0961e-04 
25-07-14 16:28:48.253 - INFO: <epoch: 81, iter:  42,400, lr:1.250e-05> l_forw_fit: 4.8964e+00 l_msg: 8.8595e-03 
2025-07-14 16:28:48,253 - INFO - <epoch: 81, iter:  42,400, lr:1.250e-05> l_forw_fit: 4.8964e+00 l_msg: 8.8595e-03 
25-07-14 16:29:13.500 - INFO: <epoch: 81, iter:  42,500, lr:1.250e-05> l_forw_fit: 8.5870e+00 l_msg: 2.4225e-02 
2025-07-14 16:29:13,500 - INFO - <epoch: 81, iter:  42,500, lr:1.250e-05> l_forw_fit: 8.5870e+00 l_msg: 2.4225e-02 
----- Start Validation with JPEG 70 for iteration 42500 -----
Embed time: 0.03 seconds
Extract time: 0.02 seconds
0.06666666666666667
Embed time: 0.02 seconds
Extract time: 0.01 seconds
0.43333333333333335
Embed time: 0.02 seconds
Extract time: 0.01 seconds
0.16666666666666666
Embed time: 0.02 seconds
Extract time: 0.01 seconds
0.03333333333333333
Embed time: 0.02 seconds
Extract time: 0.01 seconds
0.06666666666666667
Embed time: 0.02 seconds
Extract time: 0.01 seconds
0.06666666666666667
Embed time: 0.02 seconds
Extract time: 0.01 seconds
0.06666666666666667
Embed time: 0.02 seconds
Extract time: 0.01 seconds
0.06666666666666667
Embed time: 0.02 seconds
Extract time: 0.01 seconds
0.06666666666666667
Embed time: 0.02 seconds
Extract time: 0.01 seconds
0.03333333333333333
Embed time: 0.02 seconds
Extract time: 0.01 seconds
0.06666666666666667
Embed time: 0.02 seconds
Extract time: 0.01 seconds
0.0
Embed time: 0.02 seconds
Extract time: 0.01 seconds
0.06666666666666667
Embed time: 0.02 seconds
Extract time: 0.01 seconds
0.1
Embed time: 0.02 seconds
Extract time: 0.01 seconds
0.03333333333333333
Embed time: 0.02 seconds
Extract time: 0.01 seconds
0.06666666666666667
Embed time: 0.02 seconds
Extract time: 0.01 seconds
0.1
Embed time: 0.02 seconds
Extract time: 0.01 seconds
0.0
Embed time: 0.02 seconds
Extract time: 0.01 seconds
0.0
Embed time: 0.02 seconds
Extract time: 0.01 seconds
0.03333333333333333
Embed time: 0.02 seconds
Extract time: 0.01 seconds
0.06666666666666667
Embed time: 0.02 seconds
Extract time: 0.01 seconds
0.03333333333333333
Embed time: 0.02 seconds
Extract time: 0.01 seconds
0.06666666666666667
Embed time: 0.02 seconds
Extract time: 0.01 seconds
0.0
Embed time: 0.02 seconds
Extract time: 0.01 seconds
0.13333333333333333
Embed time: 0.02 seconds
Extract time: 0.01 seconds
0.1
Embed time: 0.02 seconds
Extract time: 0.01 seconds
0.0
Embed time: 0.02 seconds
Extract time: 0.01 seconds
0.06666666666666667
Embed time: 0.02 seconds
Extract time: 0.01 seconds
0.03333333333333333
Embed time: 0.02 seconds
Extract time: 0.01 seconds
0.16666666666666666
Embed time: 0.02 seconds
Extract time: 0.01 seconds
0.1
Embed time: 0.02 seconds
Extract time: 0.01 seconds
0.06666666666666667
Embed time: 0.02 seconds
Extract time: 0.01 seconds
0.1
Embed time: 0.02 seconds
Extract time: 0.01 seconds
0.13333333333333333
Embed time: 0.02 seconds
Extract time: 0.01 seconds
0.0
Embed time: 0.02 seconds
Extract time: 0.02 seconds
0.0
Embed time: 0.02 seconds
Extract time: 0.02 seconds
0.03333333333333333
Embed time: 0.02 seconds
Extract time: 0.01 seconds
0.1
Embed time: 0.02 seconds
Extract time: 0.01 seconds
0.0
Embed time: 0.02 seconds
Extract time: 0.01 seconds
0.1
Embed time: 0.02 seconds
Extract time: 0.02 seconds
0.03333333333333333
Embed time: 0.02 seconds
Extract time: 0.02 seconds
0.2
Embed time: 0.02 seconds
Extract time: 0.02 seconds
0.03333333333333333
Embed time: 0.02 seconds
Extract time: 0.02 seconds
0.1
Embed time: 0.02 seconds
Extract time: 0.02 seconds
0.0
Embed time: 0.02 seconds
Extract time: 0.01 seconds
0.06666666666666667
Embed time: 0.02 seconds
Extract time: 0.01 seconds
0.0
Embed time: 0.02 seconds
Extract time: 0.01 seconds
0.1
Embed time: 0.02 seconds
Extract time: 0.02 seconds
0.03333333333333333
Embed time: 0.02 seconds
Extract time: 0.01 seconds
0.13333333333333333
Embed time: 0.02 seconds
Extract time: 0.02 seconds
0.1
Embed time: 0.02 seconds
Extract time: 0.02 seconds
0.1
Embed time: 0.02 seconds
Extract time: 0.02 seconds
0.06666666666666667
Embed time: 0.02 seconds
Extract time: 0.02 seconds
0.06666666666666667
Embed time: 0.02 seconds
Extract time: 0.02 seconds
0.03333333333333333
Embed time: 0.02 seconds
Extract time: 0.02 seconds
0.06666666666666667
Embed time: 0.02 seconds
Extract time: 0.01 seconds
0.03333333333333333
Embed time: 0.02 seconds
Extract time: 0.01 seconds
0.06666666666666667
Embed time: 0.02 seconds
Extract time: 0.01 seconds
0.0
Embed time: 0.02 seconds
Extract time: 0.01 seconds
0.6
Embed time: 0.02 seconds
Extract time: 0.01 seconds
0.03333333333333333
Embed time: 0.02 seconds
Extract time: 0.01 seconds
0.06666666666666667
Embed time: 0.02 seconds
Extract time: 0.02 seconds
0.0
Embed time: 0.02 seconds
Extract time: 0.01 seconds
0.16666666666666666
Embed time: 0.02 seconds
Extract time: 0.01 seconds
0.06666666666666667
Embed time: 0.02 seconds
Extract time: 0.01 seconds
0.1
Embed time: 0.02 seconds
Extract time: 0.01 seconds
0.06666666666666667
Embed time: 0.02 seconds
Extract time: 0.01 seconds
0.0
Embed time: 0.02 seconds
Extract time: 0.01 seconds
0.03333333333333333
Embed time: 0.02 seconds
Extract time: 0.01 seconds
0.2
Embed time: 0.02 seconds
Extract time: 0.02 seconds
0.0
Embed time: 0.02 seconds
Extract time: 0.02 seconds
0.1
Embed time: 0.02 seconds
Extract time: 0.02 seconds
0.13333333333333333
Embed time: 0.02 seconds
Extract time: 0.01 seconds
0.03333333333333333
Embed time: 0.02 seconds
Extract time: 0.02 seconds
0.1
Embed time: 0.02 seconds
Extract time: 0.01 seconds
0.06666666666666667
Embed time: 0.02 seconds
Extract time: 0.01 seconds
0.0
Embed time: 0.02 seconds
Extract time: 0.01 seconds
0.13333333333333333
Embed time: 0.02 seconds
Extract time: 0.01 seconds
0.03333333333333333
Embed time: 0.02 seconds
Extract time: 0.01 seconds
0.13333333333333333
Embed time: 0.02 seconds
Extract time: 0.01 seconds
0.03333333333333333
Embed time: 0.02 seconds
Extract time: 0.01 seconds
0.0
Embed time: 0.02 seconds
Extract time: 0.01 seconds
0.03333333333333333
Embed time: 0.02 seconds
Extract time: 0.01 seconds
0.1
Embed time: 0.02 seconds
Extract time: 0.01 seconds
0.03333333333333333
Embed time: 0.02 seconds
Extract time: 0.01 seconds
0.06666666666666667
Embed time: 0.02 seconds
Extract time: 0.01 seconds
0.1
Embed time: 0.02 seconds
Extract time: 0.01 seconds
0.03333333333333333
Embed time: 0.02 seconds
Extract time: 0.01 seconds
0.03333333333333333
Embed time: 0.02 seconds
Extract time: 0.01 seconds
0.03333333333333333
Embed time: 0.02 seconds
Extract time: 0.01 seconds
0.16666666666666666
Embed time: 0.02 seconds
Extract time: 0.01 seconds
0.1
Embed time: 0.02 seconds
Extract time: 0.01 seconds
0.06666666666666667
Embed time: 0.02 seconds
Extract time: 0.01 seconds
0.03333333333333333
Embed time: 0.02 seconds
Extract time: 0.01 seconds
0.06666666666666667
Embed time: 0.02 seconds
Extract time: 0.01 seconds
0.23333333333333334
Embed time: 0.02 seconds
Extract time: 0.01 seconds
0.36666666666666664
Embed time: 0.02 seconds
Extract time: 0.01 seconds
0.06666666666666667
Embed time: 0.02 seconds
Extract time: 0.01 seconds
0.16666666666666666
Embed time: 0.02 seconds
Extract time: 0.01 seconds
0.03333333333333333
25-07-14 16:29:21.693 - INFO: # Validation JPEG for iteration 42500 # PSNR_Stego: 2.7114e+01, Bit_acc: 7.9000e-02
2025-07-14 16:29:21,693 - INFO - # Validation JPEG for iteration 42500 # PSNR_Stego: 2.7114e+01, Bit_acc: 7.9000e-02
25-07-14 16:29:21.695 - INFO: <epoch: 81, iter:  42,500> PSNR_Stego: 2.7114e+01, Bit_acc:  7.9000e-02
2025-07-14 16:29:21,695 - INFO - <epoch: 81, iter:  42,500> PSNR_Stego: 2.7114e+01, Bit_acc:  7.9000e-02
----- End Validation with JPEG 70 for iteration 42500 -----
----- Start Validation with Gaussian Noise 10 for iteration 42500 -----
Embed time: 0.02 seconds
Extract time: 0.01 seconds
0.0
Embed time: 0.02 seconds
Extract time: 0.01 seconds
0.0
Embed time: 0.02 seconds
Extract time: 0.01 seconds
0.0
Embed time: 0.02 seconds
Extract time: 0.01 seconds
0.0
Embed time: 0.02 seconds
Extract time: 0.01 seconds
0.0
Embed time: 0.02 seconds
Extract time: 0.01 seconds
0.0
Embed time: 0.02 seconds
Extract time: 0.01 seconds
0.0
Embed time: 0.02 seconds
Extract time: 0.01 seconds
0.03333333333333333
Embed time: 0.02 seconds
Extract time: 0.01 seconds
0.0
Embed time: 0.02 seconds
Extract time: 0.01 seconds
0.0
Embed time: 0.02 seconds
Extract time: 0.02 seconds
0.0
Embed time: 0.03 seconds
Extract time: 0.02 seconds
0.0
Embed time: 0.02 seconds
Extract time: 0.01 seconds
0.0
Embed time: 0.02 seconds
Extract time: 0.01 seconds
0.0
Embed time: 0.02 seconds
Extract time: 0.01 seconds
0.0
Embed time: 0.02 seconds
Extract time: 0.01 seconds
0.0
Embed time: 0.02 seconds
Extract time: 0.01 seconds
0.0
Embed time: 0.02 seconds
Extract time: 0.01 seconds
0.0
Embed time: 0.02 seconds
Extract time: 0.01 seconds
0.0
Embed time: 0.02 seconds
Extract time: 0.01 seconds
0.03333333333333333
Embed time: 0.02 seconds
Extract time: 0.01 seconds
0.0
Embed time: 0.02 seconds
Extract time: 0.01 seconds
0.0
Embed time: 0.02 seconds
Extract time: 0.01 seconds
0.03333333333333333
Embed time: 0.02 seconds
Extract time: 0.01 seconds
0.0
Embed time: 0.02 seconds
Extract time: 0.01 seconds
0.0
Embed time: 0.02 seconds
Extract time: 0.01 seconds
0.0
Embed time: 0.02 seconds
Extract time: 0.01 seconds
0.03333333333333333
Embed time: 0.02 seconds
Extract time: 0.01 seconds
0.0
Embed time: 0.02 seconds
Extract time: 0.01 seconds
0.03333333333333333
Embed time: 0.02 seconds
Extract time: 0.01 seconds
0.0
Embed time: 0.02 seconds
Extract time: 0.01 seconds
0.0
Embed time: 0.02 seconds
Extract time: 0.01 seconds
0.0
Embed time: 0.02 seconds
Extract time: 0.01 seconds
0.03333333333333333
Embed time: 0.02 seconds
Extract time: 0.01 seconds
0.0
Embed time: 0.02 seconds
Extract time: 0.01 seconds
0.0
Embed time: 0.02 seconds
Extract time: 0.01 seconds
0.0
Embed time: 0.02 seconds
Extract time: 0.01 seconds
0.0
Embed time: 0.02 seconds
Extract time: 0.01 seconds
0.0
Embed time: 0.02 seconds
Extract time: 0.01 seconds
0.0
Embed time: 0.02 seconds
Extract time: 0.01 seconds
0.0
Embed time: 0.02 seconds
Extract time: 0.01 seconds
0.0
Embed time: 0.02 seconds
Extract time: 0.01 seconds
0.06666666666666667
Embed time: 0.02 seconds
Extract time: 0.01 seconds
0.03333333333333333
Embed time: 0.02 seconds
Extract time: 0.01 seconds
0.0
Embed time: 0.02 seconds
Extract time: 0.01 seconds
0.0
Embed time: 0.02 seconds
Extract time: 0.01 seconds
0.0
Embed time: 0.02 seconds
Extract time: 0.01 seconds
0.0
Embed time: 0.02 seconds
Extract time: 0.01 seconds
0.0
Embed time: 0.02 seconds
Extract time: 0.01 seconds
0.0
Embed time: 0.02 seconds
Extract time: 0.01 seconds
0.0
Embed time: 0.02 seconds
Extract time: 0.01 seconds
0.0
Embed time: 0.02 seconds
Extract time: 0.01 seconds
0.0
Embed time: 0.02 seconds
Extract time: 0.01 seconds
0.0
Embed time: 0.02 seconds
Extract time: 0.01 seconds
0.0
Embed time: 0.02 seconds
Extract time: 0.01 seconds
0.03333333333333333
Embed time: 0.02 seconds
Extract time: 0.01 seconds
0.0
Embed time: 0.02 seconds
Extract time: 0.01 seconds
0.03333333333333333
Embed time: 0.02 seconds
Extract time: 0.01 seconds
0.0
Embed time: 0.02 seconds
Extract time: 0.01 seconds
0.0
Embed time: 0.02 seconds
Extract time: 0.01 seconds
0.5
Embed time: 0.03 seconds
Extract time: 0.02 seconds
0.0
Embed time: 0.03 seconds
Extract time: 0.02 seconds
0.03333333333333333
Embed time: 0.02 seconds
Extract time: 0.01 seconds
0.0
Embed time: 0.03 seconds
Extract time: 0.02 seconds
0.03333333333333333
Embed time: 0.02 seconds
Extract time: 0.02 seconds
0.0
Embed time: 0.02 seconds
Extract time: 0.01 seconds
0.0
Embed time: 0.02 seconds
Extract time: 0.01 seconds
0.0
Embed time: 0.02 seconds
Extract time: 0.01 seconds
0.0
Embed time: 0.02 seconds
Extract time: 0.02 seconds
0.0
Embed time: 0.02 seconds
Extract time: 0.02 seconds
0.0
Embed time: 0.02 seconds
Extract time: 0.01 seconds
0.0
Embed time: 0.02 seconds
Extract time: 0.01 seconds
0.03333333333333333
Embed time: 0.02 seconds
Extract time: 0.02 seconds
0.0
Embed time: 0.02 seconds
Extract time: 0.01 seconds
0.0
Embed time: 0.02 seconds
Extract time: 0.01 seconds
0.0
Embed time: 0.02 seconds
Extract time: 0.02 seconds
0.03333333333333333
Embed time: 0.03 seconds
Extract time: 0.01 seconds
0.0
Embed time: 0.02 seconds
Extract time: 0.01 seconds
0.0
Embed time: 0.02 seconds
Extract time: 0.01 seconds
0.0
Embed time: 0.02 seconds
Extract time: 0.01 seconds
0.0
Embed time: 0.02 seconds
Extract time: 0.02 seconds
0.0
Embed time: 0.02 seconds
Extract time: 0.01 seconds
0.0
Embed time: 0.02 seconds
Extract time: 0.01 seconds
0.0
Embed time: 0.02 seconds
Extract time: 0.01 seconds
0.0
Embed time: 0.02 seconds
Extract time: 0.01 seconds
0.03333333333333333
Embed time: 0.02 seconds
Extract time: 0.02 seconds
0.0
Embed time: 0.02 seconds
Extract time: 0.01 seconds
0.0
Embed time: 0.02 seconds
Extract time: 0.01 seconds
0.03333333333333333
Embed time: 0.02 seconds
Extract time: 0.01 seconds
0.0
Embed time: 0.02 seconds
Extract time: 0.01 seconds
0.0
Embed time: 0.02 seconds
Extract time: 0.01 seconds
0.0
Embed time: 0.02 seconds
Extract time: 0.02 seconds
0.03333333333333333
Embed time: 0.02 seconds
Extract time: 0.02 seconds
0.0
Embed time: 0.02 seconds
Extract time: 0.01 seconds
0.0
Embed time: 0.02 seconds
Extract time: 0.01 seconds
0.0
Embed time: 0.02 seconds
Extract time: 0.01 seconds
0.0
Embed time: 0.02 seconds
Extract time: 0.01 seconds
0.0
Embed time: 0.02 seconds
Extract time: 0.01 seconds
0.0
Embed time: 0.02 seconds
Extract time: 0.01 seconds
0.0
Embed time: 0.02 seconds
Extract time: 0.01 seconds
0.0
25-07-14 16:29:27.040 - INFO: # Validation Gaussian Noise for iteration 42500 # PSNR_Stego: 1.3843e+01, Bit_acc: 5.8950e-03
2025-07-14 16:29:27,040 - INFO - # Validation Gaussian Noise for iteration 42500 # PSNR_Stego: 1.3843e+01, Bit_acc: 5.8950e-03
25-07-14 16:29:27.041 - INFO: <epoch: 81, iter:  42,500> PSNR_Stego: 1.3843e+01, Bit_acc:  5.8950e-03
2025-07-14 16:29:27,041 - INFO - <epoch: 81, iter:  42,500> PSNR_Stego: 1.3843e+01, Bit_acc:  5.8950e-03
----- End Validation with Gaussian Noise 10 for iteration 42500 -----
25-07-14 16:29:27.041 - INFO: Saving models and training states.
2025-07-14 16:29:27,041 - INFO - Saving models and training states.
Checkpoint save path: /workspace/EditGuard-V1/experiments/train_ibsn_bit_64/models/42500_G.pth

===== Checkpoint State Path: /workspace/EditGuard-V1/experiments/train_ibsn_bit_64/training_state/42500.state =====

========== Epoch: 82 ==========
25-07-14 16:30:11.221 - INFO: <epoch: 82, iter:  42,600, lr:1.250e-05> l_forw_fit: 5.1322e+00 l_msg: 1.9879e-02 
2025-07-14 16:30:11,221 - INFO - <epoch: 82, iter:  42,600, lr:1.250e-05> l_forw_fit: 5.1322e+00 l_msg: 1.9879e-02 
25-07-14 16:30:37.087 - INFO: <epoch: 82, iter:  42,700, lr:1.250e-05> l_forw_fit: 6.6550e+00 l_msg: 5.1718e-02 
2025-07-14 16:30:37,087 - INFO - <epoch: 82, iter:  42,700, lr:1.250e-05> l_forw_fit: 6.6550e+00 l_msg: 5.1718e-02 
25-07-14 16:31:02.932 - INFO: <epoch: 82, iter:  42,800, lr:1.250e-05> l_forw_fit: 4.3385e+00 l_msg: 4.5148e-03 
2025-07-14 16:31:02,932 - INFO - <epoch: 82, iter:  42,800, lr:1.250e-05> l_forw_fit: 4.3385e+00 l_msg: 4.5148e-03 
25-07-14 16:31:28.757 - INFO: <epoch: 82, iter:  42,900, lr:1.250e-05> l_forw_fit: 7.5670e+00 l_msg: 3.4157e-02 
2025-07-14 16:31:28,757 - INFO - <epoch: 82, iter:  42,900, lr:1.250e-05> l_forw_fit: 7.5670e+00 l_msg: 3.4157e-02 
25-07-14 16:31:54.557 - INFO: <epoch: 82, iter:  43,000, lr:1.250e-05> l_forw_fit: 5.7419e+00 l_msg: 3.7602e-03 
2025-07-14 16:31:54,557 - INFO - <epoch: 82, iter:  43,000, lr:1.250e-05> l_forw_fit: 5.7419e+00 l_msg: 3.7602e-03 
----- Start Validation with JPEG 70 for iteration 43000 -----
Embed time: 0.04 seconds
Extract time: 0.02 seconds
0.1
Embed time: 0.02 seconds
Extract time: 0.02 seconds
0.4
Embed time: 0.02 seconds
Extract time: 0.02 seconds
0.26666666666666666
Embed time: 0.02 seconds
Extract time: 0.02 seconds
0.06666666666666667
Embed time: 0.02 seconds
Extract time: 0.02 seconds
0.06666666666666667
Embed time: 0.02 seconds
Extract time: 0.02 seconds
0.1
Embed time: 0.02 seconds
Extract time: 0.01 seconds
0.13333333333333333
Embed time: 0.02 seconds
Extract time: 0.02 seconds
0.03333333333333333
Embed time: 0.02 seconds
Extract time: 0.02 seconds
0.03333333333333333
Embed time: 0.02 seconds
Extract time: 0.01 seconds
0.06666666666666667
Embed time: 0.02 seconds
Extract time: 0.01 seconds
0.0
Embed time: 0.02 seconds
Extract time: 0.02 seconds
0.0
Embed time: 0.02 seconds
Extract time: 0.02 seconds
0.03333333333333333
Embed time: 0.02 seconds
Extract time: 0.02 seconds
0.1
Embed time: 0.02 seconds
Extract time: 0.02 seconds
0.1
Embed time: 0.02 seconds
Extract time: 0.02 seconds
0.1
Embed time: 0.02 seconds
Extract time: 0.02 seconds
0.16666666666666666
Embed time: 0.02 seconds
Extract time: 0.02 seconds
0.03333333333333333
Embed time: 0.02 seconds
Extract time: 0.02 seconds
0.06666666666666667
Embed time: 0.02 seconds
Extract time: 0.02 seconds
0.16666666666666666
Embed time: 0.02 seconds
Extract time: 0.02 seconds
0.03333333333333333
Embed time: 0.02 seconds
Extract time: 0.02 seconds
0.13333333333333333
Embed time: 0.02 seconds
Extract time: 0.02 seconds
0.13333333333333333
Embed time: 0.02 seconds
Extract time: 0.02 seconds
0.03333333333333333
Embed time: 0.02 seconds
Extract time: 0.01 seconds
0.16666666666666666
Embed time: 0.02 seconds
Extract time: 0.02 seconds
0.16666666666666666
Embed time: 0.02 seconds
Extract time: 0.02 seconds
0.1
Embed time: 0.02 seconds
Extract time: 0.02 seconds
0.1
Embed time: 0.02 seconds
Extract time: 0.02 seconds
0.1
Embed time: 0.02 seconds
Extract time: 0.02 seconds
0.03333333333333333
Embed time: 0.02 seconds
Extract time: 0.02 seconds
0.13333333333333333
Embed time: 0.02 seconds
Extract time: 0.02 seconds
0.16666666666666666
Embed time: 0.02 seconds
Extract time: 0.02 seconds
0.06666666666666667
Embed time: 0.02 seconds
Extract time: 0.02 seconds
0.2
Embed time: 0.02 seconds
Extract time: 0.02 seconds
0.16666666666666666
Embed time: 0.02 seconds
Extract time: 0.01 seconds
0.0
Embed time: 0.02 seconds
Extract time: 0.02 seconds
0.06666666666666667
Embed time: 0.02 seconds
Extract time: 0.02 seconds
0.2
Embed time: 0.02 seconds
Extract time: 0.02 seconds
0.06666666666666667
Embed time: 0.02 seconds
Extract time: 0.02 seconds
0.3
Embed time: 0.02 seconds
Extract time: 0.02 seconds
0.06666666666666667
Embed time: 0.02 seconds
Extract time: 0.02 seconds
0.16666666666666666
Embed time: 0.02 seconds
Extract time: 0.02 seconds
0.03333333333333333
Embed time: 0.02 seconds
Extract time: 0.02 seconds
0.2
Embed time: 0.02 seconds
Extract time: 0.02 seconds
0.06666666666666667
Embed time: 0.02 seconds
Extract time: 0.02 seconds
0.03333333333333333
Embed time: 0.02 seconds
Extract time: 0.02 seconds
0.06666666666666667
Embed time: 0.02 seconds
Extract time: 0.02 seconds
0.03333333333333333
Embed time: 0.02 seconds
Extract time: 0.02 seconds
0.06666666666666667
Embed time: 0.02 seconds
Extract time: 0.02 seconds
0.13333333333333333
Embed time: 0.02 seconds
Extract time: 0.02 seconds
0.03333333333333333
Embed time: 0.02 seconds
Extract time: 0.02 seconds
0.1
Embed time: 0.02 seconds
Extract time: 0.02 seconds
0.03333333333333333
Embed time: 0.02 seconds
Extract time: 0.02 seconds
0.06666666666666667
Embed time: 0.02 seconds
Extract time: 0.02 seconds
0.16666666666666666
Embed time: 0.02 seconds
Extract time: 0.02 seconds
0.1
Embed time: 0.02 seconds
Extract time: 0.02 seconds
0.06666666666666667
Embed time: 0.02 seconds
Extract time: 0.02 seconds
0.16666666666666666
Embed time: 0.02 seconds
Extract time: 0.02 seconds
0.1
Embed time: 0.02 seconds
Extract time: 0.02 seconds
0.0
Embed time: 0.02 seconds
Extract time: 0.02 seconds
0.1
Embed time: 0.02 seconds
Extract time: 0.02 seconds
0.03333333333333333
Embed time: 0.02 seconds
Extract time: 0.02 seconds
0.1
Embed time: 0.02 seconds
Extract time: 0.02 seconds
0.2
Embed time: 0.02 seconds
Extract time: 0.02 seconds
0.06666666666666667
Embed time: 0.02 seconds
Extract time: 0.02 seconds
0.13333333333333333
Embed time: 0.02 seconds
Extract time: 0.02 seconds
0.13333333333333333
Embed time: 0.02 seconds
Extract time: 0.02 seconds
0.13333333333333333
Embed time: 0.02 seconds
Extract time: 0.02 seconds
0.03333333333333333
Embed time: 0.02 seconds
Extract time: 0.02 seconds
0.5333333333333333
Embed time: 0.02 seconds
Extract time: 0.02 seconds
0.0
Embed time: 0.02 seconds
Extract time: 0.02 seconds
0.13333333333333333
Embed time: 0.02 seconds
Extract time: 0.01 seconds
0.13333333333333333
Embed time: 0.02 seconds
Extract time: 0.02 seconds
0.06666666666666667
Embed time: 0.02 seconds
Extract time: 0.02 seconds
0.06666666666666667
Embed time: 0.02 seconds
Extract time: 0.02 seconds
0.06666666666666667
Embed time: 0.02 seconds
Extract time: 0.02 seconds
0.06666666666666667
Embed time: 0.02 seconds
Extract time: 0.02 seconds
0.03333333333333333
Embed time: 0.02 seconds
Extract time: 0.01 seconds
0.06666666666666667
Embed time: 0.02 seconds
Extract time: 0.02 seconds
0.1
Embed time: 0.02 seconds
Extract time: 0.02 seconds
0.0
Embed time: 0.02 seconds
Extract time: 0.01 seconds
0.03333333333333333
Embed time: 0.02 seconds
Extract time: 0.02 seconds
0.1
Embed time: 0.02 seconds
Extract time: 0.01 seconds
0.23333333333333334
Embed time: 0.02 seconds
Extract time: 0.02 seconds
0.0
Embed time: 0.02 seconds
Extract time: 0.02 seconds
0.03333333333333333
Embed time: 0.02 seconds
Extract time: 0.01 seconds
0.16666666666666666
Embed time: 0.02 seconds
Extract time: 0.02 seconds
0.03333333333333333
Embed time: 0.02 seconds
Extract time: 0.01 seconds
0.0
Embed time: 0.02 seconds
Extract time: 0.01 seconds
0.13333333333333333
Embed time: 0.02 seconds
Extract time: 0.02 seconds
0.3
Embed time: 0.02 seconds
Extract time: 0.01 seconds
0.1
Embed time: 0.02 seconds
Extract time: 0.02 seconds
0.06666666666666667
Embed time: 0.02 seconds
Extract time: 0.01 seconds
0.13333333333333333
Embed time: 0.02 seconds
Extract time: 0.02 seconds
0.06666666666666667
Embed time: 0.02 seconds
Extract time: 0.02 seconds
0.23333333333333334
Embed time: 0.02 seconds
Extract time: 0.02 seconds
0.3333333333333333
Embed time: 0.02 seconds
Extract time: 0.02 seconds
0.0
Embed time: 0.02 seconds
Extract time: 0.02 seconds
0.16666666666666666
Embed time: 0.02 seconds
Extract time: 0.02 seconds
0.03333333333333333
25-07-14 16:32:03.602 - INFO: # Validation JPEG for iteration 43000 # PSNR_Stego: 2.7513e+01, Bit_acc: 1.0467e-01
2025-07-14 16:32:03,602 - INFO - # Validation JPEG for iteration 43000 # PSNR_Stego: 2.7513e+01, Bit_acc: 1.0467e-01
25-07-14 16:32:03.603 - INFO: <epoch: 82, iter:  43,000> PSNR_Stego: 2.7513e+01, Bit_acc:  1.0467e-01
2025-07-14 16:32:03,603 - INFO - <epoch: 82, iter:  43,000> PSNR_Stego: 2.7513e+01, Bit_acc:  1.0467e-01
----- End Validation with JPEG 70 for iteration 43000 -----
----- Start Validation with Gaussian Noise 10 for iteration 43000 -----
Embed time: 0.03 seconds
Extract time: 0.02 seconds
0.0
Embed time: 0.02 seconds
Extract time: 0.02 seconds
0.0
Embed time: 0.02 seconds
Extract time: 0.01 seconds
0.03333333333333333
Embed time: 0.02 seconds
Extract time: 0.02 seconds
0.0
Embed time: 0.02 seconds
Extract time: 0.02 seconds
0.0
Embed time: 0.02 seconds
Extract time: 0.02 seconds
0.0
Embed time: 0.02 seconds
Extract time: 0.02 seconds
0.06666666666666667
Embed time: 0.02 seconds
Extract time: 0.01 seconds
0.03333333333333333
Embed time: 0.02 seconds
Extract time: 0.01 seconds
0.0
Embed time: 0.02 seconds
Extract time: 0.02 seconds
0.0
Embed time: 0.02 seconds
Extract time: 0.01 seconds
0.0
Embed time: 0.02 seconds
Extract time: 0.02 seconds
0.0
Embed time: 0.02 seconds
Extract time: 0.01 seconds
0.0
Embed time: 0.02 seconds
Extract time: 0.02 seconds
0.0
Embed time: 0.02 seconds
Extract time: 0.01 seconds
0.0
Embed time: 0.02 seconds
Extract time: 0.01 seconds
0.03333333333333333
Embed time: 0.02 seconds
Extract time: 0.01 seconds
0.03333333333333333
Embed time: 0.02 seconds
Extract time: 0.02 seconds
0.0
Embed time: 0.02 seconds
Extract time: 0.01 seconds
0.03333333333333333
Embed time: 0.03 seconds
Extract time: 0.05 seconds
0.0
Embed time: 0.02 seconds
Extract time: 0.05 seconds
0.03333333333333333
Embed time: 0.02 seconds
Extract time: 0.06 seconds
0.06666666666666667
Embed time: 0.03 seconds
Extract time: 0.02 seconds
0.0
Embed time: 0.02 seconds
Extract time: 0.02 seconds
0.0
Embed time: 0.02 seconds
Extract time: 0.02 seconds
0.03333333333333333
Embed time: 0.03 seconds
Extract time: 0.01 seconds
0.0
Embed time: 0.02 seconds
Extract time: 0.01 seconds
0.03333333333333333
Embed time: 0.02 seconds
Extract time: 0.02 seconds
0.03333333333333333
Embed time: 0.02 seconds
Extract time: 0.02 seconds
0.0
Embed time: 0.03 seconds
Extract time: 0.01 seconds
0.0
Embed time: 0.02 seconds
Extract time: 0.01 seconds
0.03333333333333333
Embed time: 0.02 seconds
Extract time: 0.01 seconds
0.0
Embed time: 0.02 seconds
Extract time: 0.02 seconds
0.0
Embed time: 0.02 seconds
Extract time: 0.02 seconds
0.0
Embed time: 0.02 seconds
Extract time: 0.02 seconds
0.0
Embed time: 0.02 seconds
Extract time: 0.02 seconds
0.0
Embed time: 0.02 seconds
Extract time: 0.01 seconds
0.0
Embed time: 0.02 seconds
Extract time: 0.02 seconds
0.0
Embed time: 0.02 seconds
Extract time: 0.02 seconds
0.0
Embed time: 0.02 seconds
Extract time: 0.02 seconds
0.0
Embed time: 0.02 seconds
Extract time: 0.01 seconds
0.1
Embed time: 0.02 seconds
Extract time: 0.01 seconds
0.0
Embed time: 0.02 seconds
Extract time: 0.02 seconds
0.0
Embed time: 0.02 seconds
Extract time: 0.01 seconds
0.0
Embed time: 0.02 seconds
Extract time: 0.02 seconds
0.0
Embed time: 0.02 seconds
Extract time: 0.02 seconds
0.03333333333333333
Embed time: 0.02 seconds
Extract time: 0.01 seconds
0.0
Embed time: 0.02 seconds
Extract time: 0.02 seconds
0.0
Embed time: 0.02 seconds
Extract time: 0.01 seconds
0.0
Embed time: 0.02 seconds
Extract time: 0.02 seconds
0.06666666666666667
Embed time: 0.02 seconds
Extract time: 0.01 seconds
0.0
Embed time: 0.02 seconds
Extract time: 0.01 seconds
0.0
Embed time: 0.02 seconds
Extract time: 0.01 seconds
0.06666666666666667
Embed time: 0.02 seconds
Extract time: 0.01 seconds
0.0
Embed time: 0.02 seconds
Extract time: 0.01 seconds
0.0
Embed time: 0.02 seconds
Extract time: 0.01 seconds
0.0
Embed time: 0.02 seconds
Extract time: 0.02 seconds
0.0
Embed time: 0.02 seconds
Extract time: 0.01 seconds
0.06666666666666667
Embed time: 0.02 seconds
Extract time: 0.02 seconds
0.0
Embed time: 0.02 seconds
Extract time: 0.01 seconds
0.0
Embed time: 0.02 seconds
Extract time: 0.02 seconds
0.03333333333333333
Embed time: 0.02 seconds
Extract time: 0.02 seconds
0.0
Embed time: 0.03 seconds
Extract time: 0.02 seconds
0.0
Embed time: 0.03 seconds
Extract time: 0.02 seconds
0.0
Embed time: 0.02 seconds
Extract time: 0.02 seconds
0.0
Embed time: 0.02 seconds
Extract time: 0.02 seconds
0.0
Embed time: 0.02 seconds
Extract time: 0.02 seconds
0.0
Embed time: 0.02 seconds
Extract time: 0.02 seconds
0.0
Embed time: 0.03 seconds
Extract time: 0.01 seconds
0.0
Embed time: 0.03 seconds
Extract time: 0.01 seconds
0.06666666666666667
Embed time: 0.03 seconds
Extract time: 0.01 seconds
0.0
Embed time: 0.02 seconds
Extract time: 0.02 seconds
0.0
Embed time: 0.02 seconds
Extract time: 0.02 seconds
0.03333333333333333
Embed time: 0.02 seconds
Extract time: 0.02 seconds
0.0
Embed time: 0.02 seconds
Extract time: 0.02 seconds
0.0
Embed time: 0.02 seconds
Extract time: 0.01 seconds
0.06666666666666667
Embed time: 0.02 seconds
Extract time: 0.01 seconds
0.0
Embed time: 0.03 seconds
Extract time: 0.01 seconds
0.0
Embed time: 0.02 seconds
Extract time: 0.02 seconds
0.0
Embed time: 0.02 seconds
Extract time: 0.01 seconds
0.03333333333333333
Embed time: 0.03 seconds
Extract time: 0.02 seconds
0.0
Embed time: 0.02 seconds
Extract time: 0.01 seconds
0.0
Embed time: 0.02 seconds
Extract time: 0.02 seconds
0.03333333333333333
Embed time: 0.02 seconds
Extract time: 0.01 seconds
0.0
Embed time: 0.03 seconds
Extract time: 0.02 seconds
0.03333333333333333
Embed time: 0.02 seconds
Extract time: 0.02 seconds
0.06666666666666667
Embed time: 0.02 seconds
Extract time: 0.02 seconds
0.06666666666666667
Embed time: 0.03 seconds
Extract time: 0.01 seconds
0.03333333333333333
Embed time: 0.02 seconds
Extract time: 0.02 seconds
0.0
Embed time: 0.02 seconds
Extract time: 0.01 seconds
0.03333333333333333
Embed time: 0.02 seconds
Extract time: 0.02 seconds
0.0
Embed time: 0.02 seconds
Extract time: 0.01 seconds
0.03333333333333333
Embed time: 0.02 seconds
Extract time: 0.02 seconds
0.0
Embed time: 0.02 seconds
Extract time: 0.02 seconds
0.0
Embed time: 0.02 seconds
Extract time: 0.01 seconds
0.06666666666666667
Embed time: 0.02 seconds
Extract time: 0.02 seconds
0.0
Embed time: 0.02 seconds
Extract time: 0.01 seconds
0.0
Embed time: 0.02 seconds
Extract time: 0.01 seconds
0.0
Embed time: 0.02 seconds
Extract time: 0.01 seconds
0.03333333333333333
Embed time: 0.02 seconds
Extract time: 0.01 seconds
0.03333333333333333
25-07-14 16:32:09.942 - INFO: # Validation Gaussian Noise for iteration 43000 # PSNR_Stego: 1.4042e+01, Bit_acc: 7.8567e-03
2025-07-14 16:32:09,942 - INFO - # Validation Gaussian Noise for iteration 43000 # PSNR_Stego: 1.4042e+01, Bit_acc: 7.8567e-03
25-07-14 16:32:09.943 - INFO: <epoch: 82, iter:  43,000> PSNR_Stego: 1.4042e+01, Bit_acc:  7.8567e-03
2025-07-14 16:32:09,943 - INFO - <epoch: 82, iter:  43,000> PSNR_Stego: 1.4042e+01, Bit_acc:  7.8567e-03
----- End Validation with Gaussian Noise 10 for iteration 43000 -----
25-07-14 16:32:09.943 - INFO: Saving models and training states.
2025-07-14 16:32:09,943 - INFO - Saving models and training states.
Checkpoint save path: /workspace/EditGuard-V1/experiments/train_ibsn_bit_64/models/43000_G.pth

===== Checkpoint State Path: /workspace/EditGuard-V1/experiments/train_ibsn_bit_64/training_state/43000.state =====

========== Epoch: 83 ==========
25-07-14 16:32:55.276 - INFO: <epoch: 83, iter:  43,100, lr:1.250e-05> l_forw_fit: 6.2002e+00 l_msg: 5.1607e-03 
2025-07-14 16:32:55,276 - INFO - <epoch: 83, iter:  43,100, lr:1.250e-05> l_forw_fit: 6.2002e+00 l_msg: 5.1607e-03 
25-07-14 16:33:21.309 - INFO: <epoch: 83, iter:  43,200, lr:1.250e-05> l_forw_fit: 1.0612e+01 l_msg: 5.3360e-04 
2025-07-14 16:33:21,309 - INFO - <epoch: 83, iter:  43,200, lr:1.250e-05> l_forw_fit: 1.0612e+01 l_msg: 5.3360e-04 
25-07-14 16:33:47.249 - INFO: <epoch: 83, iter:  43,300, lr:1.250e-05> l_forw_fit: 6.3804e+00 l_msg: 2.5890e-04 
2025-07-14 16:33:47,249 - INFO - <epoch: 83, iter:  43,300, lr:1.250e-05> l_forw_fit: 6.3804e+00 l_msg: 2.5890e-04 
25-07-14 16:34:13.409 - INFO: <epoch: 83, iter:  43,400, lr:1.250e-05> l_forw_fit: 6.9655e+00 l_msg: 1.3840e-05 
2025-07-14 16:34:13,409 - INFO - <epoch: 83, iter:  43,400, lr:1.250e-05> l_forw_fit: 6.9655e+00 l_msg: 1.3840e-05 
25-07-14 16:34:39.057 - INFO: <epoch: 83, iter:  43,500, lr:1.250e-05> l_forw_fit: 5.0834e+00 l_msg: 7.9704e-03 
2025-07-14 16:34:39,057 - INFO - <epoch: 83, iter:  43,500, lr:1.250e-05> l_forw_fit: 5.0834e+00 l_msg: 7.9704e-03 
----- Start Validation with JPEG 70 for iteration 43500 -----
Embed time: 0.03 seconds
Extract time: 0.02 seconds
0.0
Embed time: 0.02 seconds
Extract time: 0.02 seconds
0.16666666666666666
Embed time: 0.02 seconds
Extract time: 0.02 seconds
0.13333333333333333
Embed time: 0.02 seconds
Extract time: 0.02 seconds
0.0
Embed time: 0.02 seconds
Extract time: 0.02 seconds
0.03333333333333333
Embed time: 0.02 seconds
Extract time: 0.02 seconds
0.13333333333333333
Embed time: 0.02 seconds
Extract time: 0.02 seconds
0.2
Embed time: 0.02 seconds
Extract time: 0.02 seconds
0.03333333333333333
Embed time: 0.02 seconds
Extract time: 0.02 seconds
0.03333333333333333
Embed time: 0.02 seconds
Extract time: 0.02 seconds
0.03333333333333333
Embed time: 0.02 seconds
Extract time: 0.02 seconds
0.03333333333333333
Embed time: 0.02 seconds
Extract time: 0.02 seconds
0.0
Embed time: 0.02 seconds
Extract time: 0.02 seconds
0.06666666666666667
Embed time: 0.02 seconds
Extract time: 0.02 seconds
0.03333333333333333
Embed time: 0.02 seconds
Extract time: 0.02 seconds
0.03333333333333333
Embed time: 0.02 seconds
Extract time: 0.02 seconds
0.0
Embed time: 0.02 seconds
Extract time: 0.02 seconds
0.1
Embed time: 0.02 seconds
Extract time: 0.02 seconds
0.03333333333333333
Embed time: 0.02 seconds
Extract time: 0.02 seconds
0.03333333333333333
Embed time: 0.02 seconds
Extract time: 0.02 seconds
0.0
Embed time: 0.02 seconds
Extract time: 0.02 seconds
0.06666666666666667
Embed time: 0.02 seconds
Extract time: 0.02 seconds
0.03333333333333333
Embed time: 0.02 seconds
Extract time: 0.02 seconds
0.06666666666666667
Embed time: 0.02 seconds
Extract time: 0.02 seconds
0.0
Embed time: 0.02 seconds
Extract time: 0.02 seconds
0.13333333333333333
Embed time: 0.02 seconds
Extract time: 0.02 seconds
0.06666666666666667
Embed time: 0.02 seconds
Extract time: 0.02 seconds
0.16666666666666666
Embed time: 0.02 seconds
Extract time: 0.02 seconds
0.06666666666666667
Embed time: 0.02 seconds
Extract time: 0.02 seconds
0.06666666666666667
Embed time: 0.02 seconds
Extract time: 0.02 seconds
0.0
Embed time: 0.02 seconds
Extract time: 0.02 seconds
0.1
Embed time: 0.02 seconds
Extract time: 0.02 seconds
0.1
Embed time: 0.02 seconds
Extract time: 0.02 seconds
0.06666666666666667
Embed time: 0.02 seconds
Extract time: 0.02 seconds
0.03333333333333333
Embed time: 0.02 seconds
Extract time: 0.01 seconds
0.03333333333333333
Embed time: 0.02 seconds
Extract time: 0.02 seconds
0.0
Embed time: 0.02 seconds
Extract time: 0.01 seconds
0.0
Embed time: 0.02 seconds
Extract time: 0.01 seconds
0.03333333333333333
Embed time: 0.02 seconds
Extract time: 0.02 seconds
0.03333333333333333
Embed time: 0.02 seconds
Extract time: 0.02 seconds
0.1
Embed time: 0.02 seconds
Extract time: 0.02 seconds
0.0
Embed time: 0.02 seconds
Extract time: 0.02 seconds
0.06666666666666667
Embed time: 0.02 seconds
Extract time: 0.02 seconds
0.0
Embed time: 0.02 seconds
Extract time: 0.02 seconds
0.03333333333333333
Embed time: 0.02 seconds
Extract time: 0.01 seconds
0.06666666666666667
Embed time: 0.02 seconds
Extract time: 0.02 seconds
0.03333333333333333
Embed time: 0.02 seconds
Extract time: 0.01 seconds
0.0
Embed time: 0.02 seconds
Extract time: 0.02 seconds
0.06666666666666667
Embed time: 0.02 seconds
Extract time: 0.02 seconds
0.03333333333333333
Embed time: 0.02 seconds
Extract time: 0.02 seconds
0.13333333333333333
Embed time: 0.02 seconds
Extract time: 0.02 seconds
0.1
Embed time: 0.02 seconds
Extract time: 0.02 seconds
0.03333333333333333
Embed time: 0.02 seconds
Extract time: 0.02 seconds
0.03333333333333333
Embed time: 0.02 seconds
Extract time: 0.02 seconds
0.03333333333333333
Embed time: 0.02 seconds
Extract time: 0.02 seconds
0.1
Embed time: 0.02 seconds
Extract time: 0.01 seconds
0.03333333333333333
Embed time: 0.02 seconds
Extract time: 0.02 seconds
0.06666666666666667
Embed time: 0.02 seconds
Extract time: 0.02 seconds
0.1
Embed time: 0.02 seconds
Extract time: 0.02 seconds
0.0
Embed time: 0.02 seconds
Extract time: 0.02 seconds
0.06666666666666667
Embed time: 0.02 seconds
Extract time: 0.02 seconds
0.0
Embed time: 0.02 seconds
Extract time: 0.02 seconds
0.0
Embed time: 0.02 seconds
Extract time: 0.02 seconds
0.03333333333333333
Embed time: 0.02 seconds
Extract time: 0.02 seconds
0.1
Embed time: 0.02 seconds
Extract time: 0.01 seconds
0.0
Embed time: 0.02 seconds
Extract time: 0.02 seconds
0.1
Embed time: 0.02 seconds
Extract time: 0.01 seconds
0.0
Embed time: 0.02 seconds
Extract time: 0.01 seconds
0.06666666666666667
Embed time: 0.02 seconds
Extract time: 0.02 seconds
0.0
Embed time: 0.02 seconds
Extract time: 0.02 seconds
0.0
Embed time: 0.02 seconds
Extract time: 0.02 seconds
0.0
Embed time: 0.02 seconds
Extract time: 0.02 seconds
0.06666666666666667
Embed time: 0.02 seconds
Extract time: 0.02 seconds
0.03333333333333333
Embed time: 0.02 seconds
Extract time: 0.02 seconds
0.03333333333333333
Embed time: 0.02 seconds
Extract time: 0.02 seconds
0.03333333333333333
Embed time: 0.02 seconds
Extract time: 0.02 seconds
0.03333333333333333
Embed time: 0.02 seconds
Extract time: 0.02 seconds
0.0
Embed time: 0.02 seconds
Extract time: 0.01 seconds
0.03333333333333333
Embed time: 0.02 seconds
Extract time: 0.02 seconds
0.0
Embed time: 0.02 seconds
Extract time: 0.01 seconds
0.16666666666666666
Embed time: 0.02 seconds
Extract time: 0.01 seconds
0.03333333333333333
Embed time: 0.02 seconds
Extract time: 0.01 seconds
0.0
Embed time: 0.02 seconds
Extract time: 0.01 seconds
0.06666666666666667
Embed time: 0.02 seconds
Extract time: 0.02 seconds
0.0
Embed time: 0.02 seconds
Extract time: 0.01 seconds
0.03333333333333333
Embed time: 0.02 seconds
Extract time: 0.02 seconds
0.13333333333333333
Embed time: 0.02 seconds
Extract time: 0.01 seconds
0.03333333333333333
Embed time: 0.02 seconds
Extract time: 0.01 seconds
0.0
Embed time: 0.02 seconds
Extract time: 0.01 seconds
0.06666666666666667
Embed time: 0.02 seconds
Extract time: 0.01 seconds
0.03333333333333333
Embed time: 0.02 seconds
Extract time: 0.02 seconds
0.0
Embed time: 0.02 seconds
Extract time: 0.02 seconds
0.0
Embed time: 0.02 seconds
Extract time: 0.02 seconds
0.03333333333333333
Embed time: 0.03 seconds
Extract time: 0.02 seconds
0.03333333333333333
Embed time: 0.02 seconds
Extract time: 0.02 seconds
0.0
Embed time: 0.02 seconds
Extract time: 0.02 seconds
0.16666666666666666
Embed time: 0.02 seconds
Extract time: 0.01 seconds
0.2
Embed time: 0.02 seconds
Extract time: 0.01 seconds
0.0
Embed time: 0.02 seconds
Extract time: 0.01 seconds
0.06666666666666667
Embed time: 0.02 seconds
Extract time: 0.02 seconds
0.2
25-07-14 16:34:48.428 - INFO: # Validation JPEG for iteration 43500 # PSNR_Stego: 2.7509e+01, Bit_acc: 5.0667e-02
2025-07-14 16:34:48,428 - INFO - # Validation JPEG for iteration 43500 # PSNR_Stego: 2.7509e+01, Bit_acc: 5.0667e-02
25-07-14 16:34:48.430 - INFO: <epoch: 83, iter:  43,500> PSNR_Stego: 2.7509e+01, Bit_acc:  5.0667e-02
2025-07-14 16:34:48,430 - INFO - <epoch: 83, iter:  43,500> PSNR_Stego: 2.7509e+01, Bit_acc:  5.0667e-02
----- End Validation with JPEG 70 for iteration 43500 -----
----- Start Validation with Gaussian Noise 10 for iteration 43500 -----
Embed time: 0.03 seconds
Extract time: 0.01 seconds
0.0
Embed time: 0.02 seconds
Extract time: 0.02 seconds
0.0
Embed time: 0.02 seconds
Extract time: 0.03 seconds
0.03333333333333333
Embed time: 0.02 seconds
Extract time: 0.01 seconds
0.0
Embed time: 0.02 seconds
Extract time: 0.01 seconds
0.03333333333333333
Embed time: 0.02 seconds
Extract time: 0.01 seconds
0.0
Embed time: 0.02 seconds
Extract time: 0.01 seconds
0.03333333333333333
Embed time: 0.02 seconds
Extract time: 0.01 seconds
0.03333333333333333
Embed time: 0.02 seconds
Extract time: 0.01 seconds
0.0
Embed time: 0.02 seconds
Extract time: 0.01 seconds
0.0
Embed time: 0.02 seconds
Extract time: 0.01 seconds
0.0
Embed time: 0.02 seconds
Extract time: 0.01 seconds
0.0
Embed time: 0.02 seconds
Extract time: 0.01 seconds
0.0
Embed time: 0.02 seconds
Extract time: 0.01 seconds
0.0
Embed time: 0.02 seconds
Extract time: 0.01 seconds
0.0
Embed time: 0.02 seconds
Extract time: 0.01 seconds
0.0
Embed time: 0.02 seconds
Extract time: 0.01 seconds
0.0
Embed time: 0.02 seconds
Extract time: 0.01 seconds
0.0
Embed time: 0.02 seconds
Extract time: 0.01 seconds
0.0
Embed time: 0.02 seconds
Extract time: 0.01 seconds
0.0
Embed time: 0.02 seconds
Extract time: 0.01 seconds
0.03333333333333333
Embed time: 0.02 seconds
Extract time: 0.01 seconds
0.0
Embed time: 0.02 seconds
Extract time: 0.01 seconds
0.0
Embed time: 0.02 seconds
Extract time: 0.01 seconds
0.0
Embed time: 0.02 seconds
Extract time: 0.01 seconds
0.0
Embed time: 0.02 seconds
Extract time: 0.01 seconds
0.0
Embed time: 0.02 seconds
Extract time: 0.01 seconds
0.0
Embed time: 0.02 seconds
Extract time: 0.01 seconds
0.0
Embed time: 0.02 seconds
Extract time: 0.01 seconds
0.0
Embed time: 0.02 seconds
Extract time: 0.01 seconds
0.0
Embed time: 0.02 seconds
Extract time: 0.01 seconds
0.0
Embed time: 0.02 seconds
Extract time: 0.01 seconds
0.0
Embed time: 0.02 seconds
Extract time: 0.01 seconds
0.0
Embed time: 0.02 seconds
Extract time: 0.01 seconds
0.0
Embed time: 0.02 seconds
Extract time: 0.01 seconds
0.0
Embed time: 0.02 seconds
Extract time: 0.01 seconds
0.0
Embed time: 0.02 seconds
Extract time: 0.01 seconds
0.0
Embed time: 0.02 seconds
Extract time: 0.01 seconds
0.0
Embed time: 0.02 seconds
Extract time: 0.01 seconds
0.0
Embed time: 0.02 seconds
Extract time: 0.01 seconds
0.0
Embed time: 0.02 seconds
Extract time: 0.01 seconds
0.0
Embed time: 0.02 seconds
Extract time: 0.01 seconds
0.06666666666666667
Embed time: 0.02 seconds
Extract time: 0.01 seconds
0.0
Embed time: 0.02 seconds
Extract time: 0.01 seconds
0.0
Embed time: 0.02 seconds
Extract time: 0.01 seconds
0.0
Embed time: 0.02 seconds
Extract time: 0.01 seconds
0.0
Embed time: 0.02 seconds
Extract time: 0.01 seconds
0.0
Embed time: 0.02 seconds
Extract time: 0.01 seconds
0.0
Embed time: 0.02 seconds
Extract time: 0.01 seconds
0.0
Embed time: 0.02 seconds
Extract time: 0.02 seconds
0.03333333333333333
Embed time: 0.02 seconds
Extract time: 0.02 seconds
0.0
Embed time: 0.02 seconds
Extract time: 0.02 seconds
0.0
Embed time: 0.02 seconds
Extract time: 0.02 seconds
0.0
Embed time: 0.02 seconds
Extract time: 0.01 seconds
0.0
Embed time: 0.02 seconds
Extract time: 0.01 seconds
0.03333333333333333
Embed time: 0.02 seconds
Extract time: 0.01 seconds
0.0
Embed time: 0.02 seconds
Extract time: 0.01 seconds
0.0
Embed time: 0.02 seconds
Extract time: 0.01 seconds
0.0
Embed time: 0.02 seconds
Extract time: 0.01 seconds
0.0
Embed time: 0.02 seconds
Extract time: 0.01 seconds
0.06666666666666667
Embed time: 0.02 seconds
Extract time: 0.01 seconds
0.0
Embed time: 0.02 seconds
Extract time: 0.01 seconds
0.0
Embed time: 0.02 seconds
Extract time: 0.01 seconds
0.0
Embed time: 0.02 seconds
Extract time: 0.01 seconds
0.0
Embed time: 0.02 seconds
Extract time: 0.01 seconds
0.0
Embed time: 0.02 seconds
Extract time: 0.01 seconds
0.0
Embed time: 0.02 seconds
Extract time: 0.01 seconds
0.0
Embed time: 0.02 seconds
Extract time: 0.01 seconds
0.0
Embed time: 0.02 seconds
Extract time: 0.01 seconds
0.0
Embed time: 0.02 seconds
Extract time: 0.01 seconds
0.0
Embed time: 0.02 seconds
Extract time: 0.02 seconds
0.0
Embed time: 0.02 seconds
Extract time: 0.01 seconds
0.0
Embed time: 0.02 seconds
Extract time: 0.01 seconds
0.0
Embed time: 0.02 seconds
Extract time: 0.01 seconds
0.0
Embed time: 0.02 seconds
Extract time: 0.01 seconds
0.0
Embed time: 0.02 seconds
Extract time: 0.01 seconds
0.1
Embed time: 0.02 seconds
Extract time: 0.01 seconds
0.0
Embed time: 0.02 seconds
Extract time: 0.01 seconds
0.0
Embed time: 0.02 seconds
Extract time: 0.01 seconds
0.0
Embed time: 0.02 seconds
Extract time: 0.01 seconds
0.0
Embed time: 0.02 seconds
Extract time: 0.01 seconds
0.0
Embed time: 0.02 seconds
Extract time: 0.02 seconds
0.0
Embed time: 0.02 seconds
Extract time: 0.01 seconds
0.0
Embed time: 0.02 seconds
Extract time: 0.01 seconds
0.0
Embed time: 0.02 seconds
Extract time: 0.01 seconds
0.0
Embed time: 0.02 seconds
Extract time: 0.01 seconds
0.0
Embed time: 0.02 seconds
Extract time: 0.01 seconds
0.0
Embed time: 0.02 seconds
Extract time: 0.01 seconds
0.03333333333333333
Embed time: 0.02 seconds
Extract time: 0.01 seconds
0.0
Embed time: 0.02 seconds
Extract time: 0.01 seconds
0.0
Embed time: 0.02 seconds
Extract time: 0.01 seconds
0.0
Embed time: 0.02 seconds
Extract time: 0.01 seconds
0.03333333333333333
Embed time: 0.02 seconds
Extract time: 0.01 seconds
0.0
Embed time: 0.02 seconds
Extract time: 0.01 seconds
0.0
Embed time: 0.02 seconds
Extract time: 0.01 seconds
0.03333333333333333
Embed time: 0.02 seconds
Extract time: 0.01 seconds
0.0
Embed time: 0.02 seconds
Extract time: 0.01 seconds
0.0
Embed time: 0.02 seconds
Extract time: 0.01 seconds
0.0
Embed time: 0.02 seconds
Extract time: 0.02 seconds
0.0
Embed time: 0.02 seconds
Extract time: 0.01 seconds
0.03333333333333333
25-07-14 16:34:53.803 - INFO: # Validation Gaussian Noise for iteration 43500 # PSNR_Stego: 1.4038e+01, Bit_acc: 3.2533e-03
2025-07-14 16:34:53,803 - INFO - # Validation Gaussian Noise for iteration 43500 # PSNR_Stego: 1.4038e+01, Bit_acc: 3.2533e-03
25-07-14 16:34:53.804 - INFO: <epoch: 83, iter:  43,500> PSNR_Stego: 1.4038e+01, Bit_acc:  3.2533e-03
2025-07-14 16:34:53,804 - INFO - <epoch: 83, iter:  43,500> PSNR_Stego: 1.4038e+01, Bit_acc:  3.2533e-03
----- End Validation with Gaussian Noise 10 for iteration 43500 -----
25-07-14 16:34:53.804 - INFO: Saving models and training states.
2025-07-14 16:34:53,804 - INFO - Saving models and training states.
Checkpoint save path: /workspace/EditGuard-V1/experiments/train_ibsn_bit_64/models/43500_G.pth

===== Checkpoint State Path: /workspace/EditGuard-V1/experiments/train_ibsn_bit_64/training_state/43500.state =====

========== Epoch: 84 ==========
25-07-14 16:35:38.879 - INFO: <epoch: 84, iter:  43,600, lr:1.250e-05> l_forw_fit: 4.6562e+00 l_msg: 1.0198e-03 
2025-07-14 16:35:38,879 - INFO - <epoch: 84, iter:  43,600, lr:1.250e-05> l_forw_fit: 4.6562e+00 l_msg: 1.0198e-03 
25-07-14 16:36:04.526 - INFO: <epoch: 84, iter:  43,700, lr:1.250e-05> l_forw_fit: 6.0166e+00 l_msg: 3.2972e-04 
2025-07-14 16:36:04,526 - INFO - <epoch: 84, iter:  43,700, lr:1.250e-05> l_forw_fit: 6.0166e+00 l_msg: 3.2972e-04 
25-07-14 16:36:30.395 - INFO: <epoch: 84, iter:  43,800, lr:1.250e-05> l_forw_fit: 7.5351e+00 l_msg: 3.2642e-03 
2025-07-14 16:36:30,395 - INFO - <epoch: 84, iter:  43,800, lr:1.250e-05> l_forw_fit: 7.5351e+00 l_msg: 3.2642e-03 
25-07-14 16:36:56.636 - INFO: <epoch: 84, iter:  43,900, lr:1.250e-05> l_forw_fit: 9.9924e+00 l_msg: 3.4094e-03 
2025-07-14 16:36:56,636 - INFO - <epoch: 84, iter:  43,900, lr:1.250e-05> l_forw_fit: 9.9924e+00 l_msg: 3.4094e-03 
25-07-14 16:37:22.754 - INFO: <epoch: 84, iter:  44,000, lr:1.250e-05> l_forw_fit: 6.6317e+00 l_msg: 9.6484e-05 
2025-07-14 16:37:22,754 - INFO - <epoch: 84, iter:  44,000, lr:1.250e-05> l_forw_fit: 6.6317e+00 l_msg: 9.6484e-05 
----- Start Validation with JPEG 70 for iteration 44000 -----
Embed time: 0.03 seconds
Extract time: 0.02 seconds
0.0
Embed time: 0.02 seconds
Extract time: 0.01 seconds
0.13333333333333333
Embed time: 0.02 seconds
Extract time: 0.02 seconds
0.13333333333333333
Embed time: 0.02 seconds
Extract time: 0.02 seconds
0.03333333333333333
Embed time: 0.02 seconds
Extract time: 0.02 seconds
0.03333333333333333
Embed time: 0.02 seconds
Extract time: 0.02 seconds
0.03333333333333333
Embed time: 0.02 seconds
Extract time: 0.02 seconds
0.0
Embed time: 0.02 seconds
Extract time: 0.01 seconds
0.03333333333333333
Embed time: 0.02 seconds
Extract time: 0.01 seconds
0.03333333333333333
Embed time: 0.02 seconds
Extract time: 0.01 seconds
0.06666666666666667
Embed time: 0.02 seconds
Extract time: 0.01 seconds
0.03333333333333333
Embed time: 0.02 seconds
Extract time: 0.01 seconds
0.0
Embed time: 0.02 seconds
Extract time: 0.01 seconds
0.03333333333333333
Embed time: 0.02 seconds
Extract time: 0.01 seconds
0.03333333333333333
Embed time: 0.02 seconds
Extract time: 0.01 seconds
0.1
Embed time: 0.02 seconds
Extract time: 0.01 seconds
0.0
Embed time: 0.02 seconds
Extract time: 0.01 seconds
0.03333333333333333
Embed time: 0.02 seconds
Extract time: 0.01 seconds
0.0
Embed time: 0.01 seconds
Extract time: 0.01 seconds
0.0
Embed time: 0.02 seconds
Extract time: 0.02 seconds
0.0
Embed time: 0.02 seconds
Extract time: 0.01 seconds
0.06666666666666667
Embed time: 0.02 seconds
Extract time: 0.01 seconds
0.0
Embed time: 0.02 seconds
Extract time: 0.01 seconds
0.03333333333333333
Embed time: 0.02 seconds
Extract time: 0.01 seconds
0.0
Embed time: 0.02 seconds
Extract time: 0.01 seconds
0.06666666666666667
Embed time: 0.02 seconds
Extract time: 0.01 seconds
0.0
Embed time: 0.02 seconds
Extract time: 0.01 seconds
0.06666666666666667
Embed time: 0.02 seconds
Extract time: 0.01 seconds
0.03333333333333333
Embed time: 0.02 seconds
Extract time: 0.01 seconds
0.1
Embed time: 0.02 seconds
Extract time: 0.01 seconds
0.06666666666666667
Embed time: 0.02 seconds
Extract time: 0.01 seconds
0.13333333333333333
Embed time: 0.02 seconds
Extract time: 0.01 seconds
0.03333333333333333
Embed time: 0.02 seconds
Extract time: 0.01 seconds
0.16666666666666666
Embed time: 0.02 seconds
Extract time: 0.01 seconds
0.16666666666666666
Embed time: 0.02 seconds
Extract time: 0.01 seconds
0.03333333333333333
Embed time: 0.02 seconds
Extract time: 0.01 seconds
0.06666666666666667
Embed time: 0.02 seconds
Extract time: 0.01 seconds
0.0
Embed time: 0.02 seconds
Extract time: 0.01 seconds
0.0
Embed time: 0.02 seconds
Extract time: 0.01 seconds
0.0
Embed time: 0.02 seconds
Extract time: 0.01 seconds
0.0
Embed time: 0.02 seconds
Extract time: 0.01 seconds
0.0
Embed time: 0.02 seconds
Extract time: 0.01 seconds
0.23333333333333334
Embed time: 0.02 seconds
Extract time: 0.01 seconds
0.03333333333333333
Embed time: 0.02 seconds
Extract time: 0.01 seconds
0.03333333333333333
Embed time: 0.02 seconds
Extract time: 0.01 seconds
0.06666666666666667
Embed time: 0.02 seconds
Extract time: 0.01 seconds
0.03333333333333333
Embed time: 0.02 seconds
Extract time: 0.01 seconds
0.03333333333333333
Embed time: 0.02 seconds
Extract time: 0.01 seconds
0.03333333333333333
Embed time: 0.02 seconds
Extract time: 0.01 seconds
0.03333333333333333
Embed time: 0.02 seconds
Extract time: 0.02 seconds
0.1
Embed time: 0.02 seconds
Extract time: 0.01 seconds
0.13333333333333333
Embed time: 0.02 seconds
Extract time: 0.01 seconds
0.1
Embed time: 0.02 seconds
Extract time: 0.01 seconds
0.06666666666666667
Embed time: 0.02 seconds
Extract time: 0.01 seconds
0.0
Embed time: 0.02 seconds
Extract time: 0.01 seconds
0.1
Embed time: 0.02 seconds
Extract time: 0.01 seconds
0.03333333333333333
Embed time: 0.02 seconds
Extract time: 0.01 seconds
0.03333333333333333
Embed time: 0.02 seconds
Extract time: 0.01 seconds
0.13333333333333333
Embed time: 0.01 seconds
Extract time: 0.01 seconds
0.03333333333333333
Embed time: 0.02 seconds
Extract time: 0.01 seconds
0.13333333333333333
Embed time: 0.02 seconds
Extract time: 0.01 seconds
0.0
Embed time: 0.02 seconds
Extract time: 0.01 seconds
0.06666666666666667
Embed time: 0.02 seconds
Extract time: 0.02 seconds
0.0
Embed time: 0.02 seconds
Extract time: 0.01 seconds
0.1
Embed time: 0.02 seconds
Extract time: 0.02 seconds
0.0
Embed time: 0.02 seconds
Extract time: 0.02 seconds
0.1
Embed time: 0.03 seconds
Extract time: 0.03 seconds
0.03333333333333333
Embed time: 0.06 seconds
Extract time: 0.02 seconds
0.0
Embed time: 0.02 seconds
Extract time: 0.02 seconds
0.0
Embed time: 0.02 seconds
Extract time: 0.02 seconds
0.0
Embed time: 0.02 seconds
Extract time: 0.02 seconds
0.03333333333333333
Embed time: 0.02 seconds
Extract time: 0.03 seconds
0.03333333333333333
Embed time: 0.02 seconds
Extract time: 0.02 seconds
0.13333333333333333
Embed time: 0.02 seconds
Extract time: 0.02 seconds
0.0
Embed time: 0.02 seconds
Extract time: 0.02 seconds
0.1
Embed time: 0.02 seconds
Extract time: 0.02 seconds
0.1
Embed time: 0.02 seconds
Extract time: 0.02 seconds
0.0
Embed time: 0.02 seconds
Extract time: 0.02 seconds
0.03333333333333333
Embed time: 0.02 seconds
Extract time: 0.02 seconds
0.0
Embed time: 0.02 seconds
Extract time: 0.02 seconds
0.1
Embed time: 0.02 seconds
Extract time: 0.02 seconds
0.03333333333333333
Embed time: 0.02 seconds
Extract time: 0.02 seconds
0.13333333333333333
Embed time: 0.03 seconds
Extract time: 0.02 seconds
0.03333333333333333
Embed time: 0.03 seconds
Extract time: 0.02 seconds
0.03333333333333333
Embed time: 0.02 seconds
Extract time: 0.02 seconds
0.0
Embed time: 0.02 seconds
Extract time: 0.02 seconds
0.1
Embed time: 0.04 seconds
Extract time: 0.02 seconds
0.06666666666666667
Embed time: 0.02 seconds
Extract time: 0.02 seconds
0.03333333333333333
Embed time: 0.02 seconds
Extract time: 0.02 seconds
0.03333333333333333
Embed time: 0.02 seconds
Extract time: 0.02 seconds
0.0
Embed time: 0.02 seconds
Extract time: 0.02 seconds
0.03333333333333333
Embed time: 0.02 seconds
Extract time: 0.02 seconds
0.03333333333333333
Embed time: 0.02 seconds
Extract time: 0.02 seconds
0.03333333333333333
Embed time: 0.02 seconds
Extract time: 0.02 seconds
0.03333333333333333
Embed time: 0.03 seconds
Extract time: 0.02 seconds
0.06666666666666667
Embed time: 0.02 seconds
Extract time: 0.02 seconds
0.06666666666666667
Embed time: 0.02 seconds
Extract time: 0.02 seconds
0.06666666666666667
Embed time: 0.02 seconds
Extract time: 0.02 seconds
0.06666666666666667
Embed time: 0.02 seconds
Extract time: 0.02 seconds
0.0
Embed time: 0.02 seconds
Extract time: 0.02 seconds
0.03333333333333333
25-07-14 16:37:31.779 - INFO: # Validation JPEG for iteration 44000 # PSNR_Stego: 2.7392e+01, Bit_acc: 4.8667e-02
2025-07-14 16:37:31,779 - INFO - # Validation JPEG for iteration 44000 # PSNR_Stego: 2.7392e+01, Bit_acc: 4.8667e-02
25-07-14 16:37:31.780 - INFO: <epoch: 84, iter:  44,000> PSNR_Stego: 2.7392e+01, Bit_acc:  4.8667e-02
2025-07-14 16:37:31,780 - INFO - <epoch: 84, iter:  44,000> PSNR_Stego: 2.7392e+01, Bit_acc:  4.8667e-02
----- End Validation with JPEG 70 for iteration 44000 -----
----- Start Validation with Gaussian Noise 10 for iteration 44000 -----
Embed time: 0.03 seconds
Extract time: 0.01 seconds
0.0
Embed time: 0.02 seconds
Extract time: 0.01 seconds
0.0
Embed time: 0.02 seconds
Extract time: 0.01 seconds
0.0
Embed time: 0.02 seconds
Extract time: 0.01 seconds
0.0
Embed time: 0.02 seconds
Extract time: 0.01 seconds
0.0
Embed time: 0.02 seconds
Extract time: 0.01 seconds
0.0
Embed time: 0.02 seconds
Extract time: 0.01 seconds
0.0
Embed time: 0.02 seconds
Extract time: 0.01 seconds
0.0
Embed time: 0.02 seconds
Extract time: 0.01 seconds
0.0
Embed time: 0.02 seconds
Extract time: 0.01 seconds
0.0
Embed time: 0.02 seconds
Extract time: 0.01 seconds
0.0
Embed time: 0.02 seconds
Extract time: 0.01 seconds
0.0
Embed time: 0.02 seconds
Extract time: 0.02 seconds
0.0
Embed time: 0.02 seconds
Extract time: 0.01 seconds
0.0
Embed time: 0.02 seconds
Extract time: 0.02 seconds
0.0
Embed time: 0.02 seconds
Extract time: 0.02 seconds
0.0
Embed time: 0.02 seconds
Extract time: 0.02 seconds
0.0
Embed time: 0.02 seconds
Extract time: 0.02 seconds
0.0
Embed time: 0.02 seconds
Extract time: 0.02 seconds
0.0
Embed time: 0.02 seconds
Extract time: 0.07 seconds
0.0
Embed time: 0.07 seconds
Extract time: 0.03 seconds
0.0
Embed time: 0.09 seconds
Extract time: 0.02 seconds
0.0
Embed time: 0.02 seconds
Extract time: 0.02 seconds
0.0
Embed time: 0.02 seconds
Extract time: 0.02 seconds
0.0
Embed time: 0.02 seconds
Extract time: 0.02 seconds
0.0
Embed time: 0.02 seconds
Extract time: 0.02 seconds
0.0
Embed time: 0.02 seconds
Extract time: 0.02 seconds
0.03333333333333333
Embed time: 0.02 seconds
Extract time: 0.01 seconds
0.0
Embed time: 0.03 seconds
Extract time: 0.02 seconds
0.0
Embed time: 0.02 seconds
Extract time: 0.01 seconds
0.0
Embed time: 0.02 seconds
Extract time: 0.01 seconds
0.0
Embed time: 0.02 seconds
Extract time: 0.01 seconds
0.0
Embed time: 0.02 seconds
Extract time: 0.01 seconds
0.0
Embed time: 0.02 seconds
Extract time: 0.01 seconds
0.0
Embed time: 0.02 seconds
Extract time: 0.01 seconds
0.0
Embed time: 0.02 seconds
Extract time: 0.01 seconds
0.0
Embed time: 0.02 seconds
Extract time: 0.01 seconds
0.0
Embed time: 0.02 seconds
Extract time: 0.01 seconds
0.0
Embed time: 0.02 seconds
Extract time: 0.01 seconds
0.0
Embed time: 0.02 seconds
Extract time: 0.02 seconds
0.0
Embed time: 0.02 seconds
Extract time: 0.01 seconds
0.0
Embed time: 0.02 seconds
Extract time: 0.01 seconds
0.03333333333333333
Embed time: 0.02 seconds
Extract time: 0.01 seconds
0.03333333333333333
Embed time: 0.02 seconds
Extract time: 0.01 seconds
0.03333333333333333
Embed time: 0.02 seconds
Extract time: 0.02 seconds
0.0
Embed time: 0.02 seconds
Extract time: 0.01 seconds
0.0
Embed time: 0.02 seconds
Extract time: 0.01 seconds
0.0
Embed time: 0.02 seconds
Extract time: 0.01 seconds
0.0
Embed time: 0.02 seconds
Extract time: 0.01 seconds
0.0
Embed time: 0.02 seconds
Extract time: 0.02 seconds
0.0
Embed time: 0.02 seconds
Extract time: 0.02 seconds
0.03333333333333333
Embed time: 0.02 seconds
Extract time: 0.02 seconds
0.0
Embed time: 0.02 seconds
Extract time: 0.02 seconds
0.0
Embed time: 0.02 seconds
Extract time: 0.01 seconds
0.0
Embed time: 0.02 seconds
Extract time: 0.01 seconds
0.03333333333333333
Embed time: 0.02 seconds
Extract time: 0.01 seconds
0.0
Embed time: 0.02 seconds
Extract time: 0.01 seconds
0.0
Embed time: 0.02 seconds
Extract time: 0.01 seconds
0.03333333333333333
Embed time: 0.02 seconds
Extract time: 0.01 seconds
0.0
Embed time: 0.02 seconds
Extract time: 0.02 seconds
0.0
Embed time: 0.02 seconds
Extract time: 0.01 seconds
0.0
Embed time: 0.02 seconds
Extract time: 0.02 seconds
0.0
Embed time: 0.02 seconds
Extract time: 0.01 seconds
0.0
Embed time: 0.02 seconds
Extract time: 0.01 seconds
0.0
Embed time: 0.02 seconds
Extract time: 0.01 seconds
0.0
Embed time: 0.02 seconds
Extract time: 0.01 seconds
0.0
Embed time: 0.02 seconds
Extract time: 0.01 seconds
0.0
Embed time: 0.02 seconds
Extract time: 0.01 seconds
0.0
Embed time: 0.02 seconds
Extract time: 0.01 seconds
0.0
Embed time: 0.02 seconds
Extract time: 0.01 seconds
0.0
Embed time: 0.02 seconds
Extract time: 0.01 seconds
0.0
Embed time: 0.02 seconds
Extract time: 0.01 seconds
0.03333333333333333
Embed time: 0.02 seconds
Extract time: 0.01 seconds
0.0
Embed time: 0.02 seconds
Extract time: 0.01 seconds
0.0
Embed time: 0.02 seconds
Extract time: 0.01 seconds
0.0
Embed time: 0.02 seconds
Extract time: 0.01 seconds
0.0
Embed time: 0.02 seconds
Extract time: 0.01 seconds
0.0
Embed time: 0.02 seconds
Extract time: 0.01 seconds
0.0
Embed time: 0.02 seconds
Extract time: 0.01 seconds
0.0
Embed time: 0.02 seconds
Extract time: 0.01 seconds
0.0
Embed time: 0.02 seconds
Extract time: 0.01 seconds
0.0
Embed time: 0.02 seconds
Extract time: 0.01 seconds
0.03333333333333333
Embed time: 0.02 seconds
Extract time: 0.01 seconds
0.0
Embed time: 0.02 seconds
Extract time: 0.01 seconds
0.0
Embed time: 0.02 seconds
Extract time: 0.02 seconds
0.0
Embed time: 0.02 seconds
Extract time: 0.01 seconds
0.0
Embed time: 0.02 seconds
Extract time: 0.01 seconds
0.0
Embed time: 0.02 seconds
Extract time: 0.01 seconds
0.0
Embed time: 0.02 seconds
Extract time: 0.01 seconds
0.0
Embed time: 0.02 seconds
Extract time: 0.02 seconds
0.0
Embed time: 0.02 seconds
Extract time: 0.02 seconds
0.0
Embed time: 0.02 seconds
Extract time: 0.01 seconds
0.0
Embed time: 0.02 seconds
Extract time: 0.02 seconds
0.0
Embed time: 0.02 seconds
Extract time: 0.02 seconds
0.0
Embed time: 0.02 seconds
Extract time: 0.02 seconds
0.0
Embed time: 0.02 seconds
Extract time: 0.02 seconds
0.0
Embed time: 0.02 seconds
Extract time: 0.01 seconds
0.0
Embed time: 0.02 seconds
Extract time: 0.02 seconds
0.03333333333333333
Embed time: 0.02 seconds
Extract time: 0.01 seconds
0.0
Embed time: 0.02 seconds
Extract time: 0.01 seconds
0.03333333333333333
25-07-14 16:37:37.725 - INFO: # Validation Gaussian Noise for iteration 44000 # PSNR_Stego: 1.3979e+01, Bit_acc: 2.0767e-03
2025-07-14 16:37:37,725 - INFO - # Validation Gaussian Noise for iteration 44000 # PSNR_Stego: 1.3979e+01, Bit_acc: 2.0767e-03
25-07-14 16:37:37.726 - INFO: <epoch: 84, iter:  44,000> PSNR_Stego: 1.3979e+01, Bit_acc:  2.0767e-03
2025-07-14 16:37:37,726 - INFO - <epoch: 84, iter:  44,000> PSNR_Stego: 1.3979e+01, Bit_acc:  2.0767e-03
----- End Validation with Gaussian Noise 10 for iteration 44000 -----
25-07-14 16:37:37.727 - INFO: Saving models and training states.
2025-07-14 16:37:37,727 - INFO - Saving models and training states.
Checkpoint save path: /workspace/EditGuard-V1/experiments/train_ibsn_bit_64/models/44000_G.pth

===== Checkpoint State Path: /workspace/EditGuard-V1/experiments/train_ibsn_bit_64/training_state/44000.state =====

========== Epoch: 85 ==========
25-07-14 16:38:24.153 - INFO: <epoch: 85, iter:  44,100, lr:1.250e-05> l_forw_fit: 8.8901e+00 l_msg: 0.0000e+00 
2025-07-14 16:38:24,153 - INFO - <epoch: 85, iter:  44,100, lr:1.250e-05> l_forw_fit: 8.8901e+00 l_msg: 0.0000e+00 
25-07-14 16:38:49.769 - INFO: <epoch: 85, iter:  44,200, lr:1.250e-05> l_forw_fit: 4.7191e+00 l_msg: 1.1461e-04 
2025-07-14 16:38:49,769 - INFO - <epoch: 85, iter:  44,200, lr:1.250e-05> l_forw_fit: 4.7191e+00 l_msg: 1.1461e-04 
25-07-14 16:39:15.146 - INFO: <epoch: 85, iter:  44,300, lr:1.250e-05> l_forw_fit: 5.1981e+00 l_msg: 7.3833e-02 
2025-07-14 16:39:15,146 - INFO - <epoch: 85, iter:  44,300, lr:1.250e-05> l_forw_fit: 5.1981e+00 l_msg: 7.3833e-02 
25-07-14 16:39:40.333 - INFO: <epoch: 85, iter:  44,400, lr:1.250e-05> l_forw_fit: 1.5332e+01 l_msg: 4.2229e-02 
2025-07-14 16:39:40,333 - INFO - <epoch: 85, iter:  44,400, lr:1.250e-05> l_forw_fit: 1.5332e+01 l_msg: 4.2229e-02 
25-07-14 16:40:05.104 - INFO: <epoch: 85, iter:  44,500, lr:1.250e-05> l_forw_fit: 7.4718e+00 l_msg: 7.9401e-04 
2025-07-14 16:40:05,104 - INFO - <epoch: 85, iter:  44,500, lr:1.250e-05> l_forw_fit: 7.4718e+00 l_msg: 7.9401e-04 
----- Start Validation with JPEG 70 for iteration 44500 -----
Embed time: 0.03 seconds
Extract time: 0.02 seconds
0.0
Embed time: 0.02 seconds
Extract time: 0.02 seconds
0.06666666666666667
Embed time: 0.02 seconds
Extract time: 0.02 seconds
0.06666666666666667
Embed time: 0.02 seconds
Extract time: 0.02 seconds
0.03333333333333333
Embed time: 0.02 seconds
Extract time: 0.02 seconds
0.0
Embed time: 0.02 seconds
Extract time: 0.01 seconds
0.13333333333333333
Embed time: 0.02 seconds
Extract time: 0.01 seconds
0.03333333333333333
Embed time: 0.02 seconds
Extract time: 0.01 seconds
0.13333333333333333
Embed time: 0.02 seconds
Extract time: 0.01 seconds
0.03333333333333333
Embed time: 0.02 seconds
Extract time: 0.01 seconds
0.06666666666666667
Embed time: 0.02 seconds
Extract time: 0.02 seconds
0.0
Embed time: 0.02 seconds
Extract time: 0.02 seconds
0.0
Embed time: 0.02 seconds
Extract time: 0.01 seconds
0.0
Embed time: 0.02 seconds
Extract time: 0.02 seconds
0.03333333333333333
Embed time: 0.02 seconds
Extract time: 0.02 seconds
0.03333333333333333
Embed time: 0.02 seconds
Extract time: 0.01 seconds
0.06666666666666667
Embed time: 0.02 seconds
Extract time: 0.01 seconds
0.06666666666666667
Embed time: 0.02 seconds
Extract time: 0.01 seconds
0.03333333333333333
Embed time: 0.02 seconds
Extract time: 0.01 seconds
0.03333333333333333
Embed time: 0.02 seconds
Extract time: 0.01 seconds
0.1
Embed time: 0.02 seconds
Extract time: 0.01 seconds
0.03333333333333333
Embed time: 0.02 seconds
Extract time: 0.01 seconds
0.06666666666666667
Embed time: 0.02 seconds
Extract time: 0.01 seconds
0.03333333333333333
Embed time: 0.02 seconds
Extract time: 0.01 seconds
0.03333333333333333
Embed time: 0.01 seconds
Extract time: 0.01 seconds
0.06666666666666667
Embed time: 0.02 seconds
Extract time: 0.01 seconds
0.06666666666666667
Embed time: 0.02 seconds
Extract time: 0.01 seconds
0.0
Embed time: 0.02 seconds
Extract time: 0.01 seconds
0.06666666666666667
Embed time: 0.02 seconds
Extract time: 0.01 seconds
0.03333333333333333
Embed time: 0.02 seconds
Extract time: 0.01 seconds
0.13333333333333333
Embed time: 0.02 seconds
Extract time: 0.01 seconds
0.1
Embed time: 0.02 seconds
Extract time: 0.01 seconds
0.06666666666666667
Embed time: 0.02 seconds
Extract time: 0.01 seconds
0.03333333333333333
Embed time: 0.02 seconds
Extract time: 0.01 seconds
0.13333333333333333
Embed time: 0.02 seconds
Extract time: 0.01 seconds
0.1
Embed time: 0.02 seconds
Extract time: 0.01 seconds
0.06666666666666667
Embed time: 0.02 seconds
Extract time: 0.01 seconds
0.0
Embed time: 0.02 seconds
Extract time: 0.01 seconds
0.13333333333333333
Embed time: 0.01 seconds
Extract time: 0.01 seconds
0.0
Embed time: 0.01 seconds
Extract time: 0.01 seconds
0.1
Embed time: 0.01 seconds
Extract time: 0.01 seconds
0.03333333333333333
Embed time: 0.02 seconds
Extract time: 0.02 seconds
0.2
Embed time: 0.02 seconds
Extract time: 0.01 seconds
0.03333333333333333
Embed time: 0.02 seconds
Extract time: 0.02 seconds
0.03333333333333333
Embed time: 0.02 seconds
Extract time: 0.02 seconds
0.06666666666666667
Embed time: 0.02 seconds
Extract time: 0.02 seconds
0.03333333333333333
Embed time: 0.02 seconds
Extract time: 0.02 seconds
0.06666666666666667
Embed time: 0.01 seconds
Extract time: 0.01 seconds
0.06666666666666667
Embed time: 0.01 seconds
Extract time: 0.01 seconds
0.06666666666666667
Embed time: 0.01 seconds
Extract time: 0.01 seconds
0.23333333333333334
Embed time: 0.01 seconds
Extract time: 0.01 seconds
0.03333333333333333
Embed time: 0.01 seconds
Extract time: 0.01 seconds
0.0
Embed time: 0.02 seconds
Extract time: 0.01 seconds
0.0
Embed time: 0.02 seconds
Extract time: 0.01 seconds
0.0
Embed time: 0.02 seconds
Extract time: 0.01 seconds
0.03333333333333333
Embed time: 0.02 seconds
Extract time: 0.01 seconds
0.0
Embed time: 0.01 seconds
Extract time: 0.01 seconds
0.03333333333333333
Embed time: 0.01 seconds
Extract time: 0.01 seconds
0.1
Embed time: 0.01 seconds
Extract time: 0.01 seconds
0.0
Embed time: 0.01 seconds
Extract time: 0.01 seconds
0.0
Embed time: 0.01 seconds
Extract time: 0.01 seconds
0.0
Embed time: 0.01 seconds
Extract time: 0.01 seconds
0.06666666666666667
Embed time: 0.01 seconds
Extract time: 0.01 seconds
0.0
Embed time: 0.02 seconds
Extract time: 0.01 seconds
0.06666666666666667
Embed time: 0.01 seconds
Extract time: 0.01 seconds
0.0
Embed time: 0.01 seconds
Extract time: 0.01 seconds
0.0
Embed time: 0.03 seconds
Extract time: 0.01 seconds
0.06666666666666667
Embed time: 0.02 seconds
Extract time: 0.01 seconds
0.0
Embed time: 0.02 seconds
Extract time: 0.01 seconds
0.03333333333333333
Embed time: 0.02 seconds
Extract time: 0.01 seconds
0.0
Embed time: 0.02 seconds
Extract time: 0.01 seconds
0.0
Embed time: 0.02 seconds
Extract time: 0.01 seconds
0.2
Embed time: 0.02 seconds
Extract time: 0.01 seconds
0.06666666666666667
Embed time: 0.02 seconds
Extract time: 0.01 seconds
0.03333333333333333
Embed time: 0.02 seconds
Extract time: 0.01 seconds
0.06666666666666667
Embed time: 0.03 seconds
Extract time: 0.02 seconds
0.06666666666666667
Embed time: 0.02 seconds
Extract time: 0.02 seconds
0.03333333333333333
Embed time: 0.02 seconds
Extract time: 0.02 seconds
0.06666666666666667
Embed time: 0.02 seconds
Extract time: 0.02 seconds
0.06666666666666667
Embed time: 0.02 seconds
Extract time: 0.02 seconds
0.06666666666666667
Embed time: 0.02 seconds
Extract time: 0.02 seconds
0.06666666666666667
Embed time: 0.02 seconds
Extract time: 0.01 seconds
0.06666666666666667
Embed time: 0.02 seconds
Extract time: 0.01 seconds
0.06666666666666667
Embed time: 0.02 seconds
Extract time: 0.01 seconds
0.1
Embed time: 0.02 seconds
Extract time: 0.01 seconds
0.0
Embed time: 0.03 seconds
Extract time: 0.01 seconds
0.06666666666666667
Embed time: 0.02 seconds
Extract time: 0.01 seconds
0.06666666666666667
Embed time: 0.02 seconds
Extract time: 0.01 seconds
0.03333333333333333
Embed time: 0.02 seconds
Extract time: 0.02 seconds
0.0
Embed time: 0.02 seconds
Extract time: 0.02 seconds
0.0
Embed time: 0.02 seconds
Extract time: 0.02 seconds
0.0
Embed time: 0.02 seconds
Extract time: 0.02 seconds
0.03333333333333333
Embed time: 0.02 seconds
Extract time: 0.02 seconds
0.06666666666666667
Embed time: 0.02 seconds
Extract time: 0.02 seconds
0.03333333333333333
Embed time: 0.02 seconds
Extract time: 0.01 seconds
0.06666666666666667
Embed time: 0.02 seconds
Extract time: 0.01 seconds
0.06666666666666667
Embed time: 0.02 seconds
Extract time: 0.01 seconds
0.1
Embed time: 0.02 seconds
Extract time: 0.01 seconds
0.03333333333333333
Embed time: 0.02 seconds
Extract time: 0.01 seconds
0.03333333333333333
Embed time: 0.02 seconds
Extract time: 0.01 seconds
0.03333333333333333
25-07-14 16:40:13.378 - INFO: # Validation JPEG for iteration 44500 # PSNR_Stego: 2.7665e+01, Bit_acc: 5.0667e-02
2025-07-14 16:40:13,378 - INFO - # Validation JPEG for iteration 44500 # PSNR_Stego: 2.7665e+01, Bit_acc: 5.0667e-02
25-07-14 16:40:13.379 - INFO: <epoch: 85, iter:  44,500> PSNR_Stego: 2.7665e+01, Bit_acc:  5.0667e-02
2025-07-14 16:40:13,379 - INFO - <epoch: 85, iter:  44,500> PSNR_Stego: 2.7665e+01, Bit_acc:  5.0667e-02
----- End Validation with JPEG 70 for iteration 44500 -----
----- Start Validation with Gaussian Noise 10 for iteration 44500 -----
Embed time: 0.03 seconds
Extract time: 0.01 seconds
0.0
Embed time: 0.02 seconds
Extract time: 0.01 seconds
0.0
Embed time: 0.02 seconds
Extract time: 0.01 seconds
0.03333333333333333
Embed time: 0.02 seconds
Extract time: 0.01 seconds
0.0
Embed time: 0.02 seconds
Extract time: 0.01 seconds
0.0
Embed time: 0.02 seconds
Extract time: 0.01 seconds
0.0
Embed time: 0.02 seconds
Extract time: 0.01 seconds
0.03333333333333333
Embed time: 0.02 seconds
Extract time: 0.01 seconds
0.03333333333333333
Embed time: 0.03 seconds
Extract time: 0.01 seconds
0.0
Embed time: 0.02 seconds
Extract time: 0.01 seconds
0.0
Embed time: 0.02 seconds
Extract time: 0.01 seconds
0.0
Embed time: 0.02 seconds
Extract time: 0.01 seconds
0.0
Embed time: 0.02 seconds
Extract time: 0.01 seconds
0.0
Embed time: 0.02 seconds
Extract time: 0.01 seconds
0.0
Embed time: 0.02 seconds
Extract time: 0.01 seconds
0.0
Embed time: 0.02 seconds
Extract time: 0.01 seconds
0.0
Embed time: 0.02 seconds
Extract time: 0.01 seconds
0.0
Embed time: 0.02 seconds
Extract time: 0.01 seconds
0.03333333333333333
Embed time: 0.02 seconds
Extract time: 0.01 seconds
0.0
Embed time: 0.02 seconds
Extract time: 0.01 seconds
0.0
Embed time: 0.02 seconds
Extract time: 0.01 seconds
0.0
Embed time: 0.02 seconds
Extract time: 0.01 seconds
0.0
Embed time: 0.02 seconds
Extract time: 0.01 seconds
0.03333333333333333
Embed time: 0.02 seconds
Extract time: 0.01 seconds
0.0
Embed time: 0.02 seconds
Extract time: 0.01 seconds
0.0
Embed time: 0.02 seconds
Extract time: 0.01 seconds
0.0
Embed time: 0.02 seconds
Extract time: 0.01 seconds
0.0
Embed time: 0.02 seconds
Extract time: 0.01 seconds
0.03333333333333333
Embed time: 0.02 seconds
Extract time: 0.01 seconds
0.0
Embed time: 0.02 seconds
Extract time: 0.01 seconds
0.0
Embed time: 0.02 seconds
Extract time: 0.01 seconds
0.1
Embed time: 0.02 seconds
Extract time: 0.01 seconds
0.03333333333333333
Embed time: 0.02 seconds
Extract time: 0.01 seconds
0.0
Embed time: 0.02 seconds
Extract time: 0.01 seconds
0.0
Embed time: 0.02 seconds
Extract time: 0.01 seconds
0.0
Embed time: 0.02 seconds
Extract time: 0.01 seconds
0.0
Embed time: 0.02 seconds
Extract time: 0.01 seconds
0.0
Embed time: 0.02 seconds
Extract time: 0.01 seconds
0.0
Embed time: 0.02 seconds
Extract time: 0.01 seconds
0.0
Embed time: 0.02 seconds
Extract time: 0.01 seconds
0.0
Embed time: 0.02 seconds
Extract time: 0.01 seconds
0.0
Embed time: 0.02 seconds
Extract time: 0.01 seconds
0.03333333333333333
Embed time: 0.02 seconds
Extract time: 0.01 seconds
0.0
Embed time: 0.02 seconds
Extract time: 0.01 seconds
0.03333333333333333
Embed time: 0.02 seconds
Extract time: 0.01 seconds
0.0
Embed time: 0.02 seconds
Extract time: 0.01 seconds
0.0
Embed time: 0.02 seconds
Extract time: 0.01 seconds
0.0
Embed time: 0.02 seconds
Extract time: 0.01 seconds
0.0
Embed time: 0.02 seconds
Extract time: 0.01 seconds
0.0
Embed time: 0.02 seconds
Extract time: 0.01 seconds
0.0
Embed time: 0.02 seconds
Extract time: 0.01 seconds
0.0
Embed time: 0.02 seconds
Extract time: 0.01 seconds
0.0
Embed time: 0.02 seconds
Extract time: 0.02 seconds
0.0
Embed time: 0.02 seconds
Extract time: 0.01 seconds
0.0
Embed time: 0.02 seconds
Extract time: 0.01 seconds
0.0
Embed time: 0.02 seconds
Extract time: 0.01 seconds
0.0
Embed time: 0.02 seconds
Extract time: 0.01 seconds
0.0
Embed time: 0.02 seconds
Extract time: 0.01 seconds
0.0
Embed time: 0.02 seconds
Extract time: 0.01 seconds
0.0
Embed time: 0.02 seconds
Extract time: 0.01 seconds
0.0
Embed time: 0.02 seconds
Extract time: 0.01 seconds
0.0
Embed time: 0.02 seconds
Extract time: 0.01 seconds
0.03333333333333333
Embed time: 0.02 seconds
Extract time: 0.01 seconds
0.0
Embed time: 0.02 seconds
Extract time: 0.01 seconds
0.0
Embed time: 0.02 seconds
Extract time: 0.01 seconds
0.0
Embed time: 0.02 seconds
Extract time: 0.01 seconds
0.0
Embed time: 0.02 seconds
Extract time: 0.01 seconds
0.0
Embed time: 0.02 seconds
Extract time: 0.01 seconds
0.0
Embed time: 0.02 seconds
Extract time: 0.01 seconds
0.0
Embed time: 0.02 seconds
Extract time: 0.01 seconds
0.0
Embed time: 0.02 seconds
Extract time: 0.01 seconds
0.0
Embed time: 0.02 seconds
Extract time: 0.01 seconds
0.0
Embed time: 0.02 seconds
Extract time: 0.01 seconds
0.03333333333333333
Embed time: 0.02 seconds
Extract time: 0.01 seconds
0.0
Embed time: 0.02 seconds
Extract time: 0.01 seconds
0.0
Embed time: 0.02 seconds
Extract time: 0.01 seconds
0.03333333333333333
Embed time: 0.03 seconds
Extract time: 0.01 seconds
0.0
Embed time: 0.02 seconds
Extract time: 0.01 seconds
0.0
Embed time: 0.02 seconds
Extract time: 0.01 seconds
0.0
Embed time: 0.02 seconds
Extract time: 0.01 seconds
0.0
Embed time: 0.02 seconds
Extract time: 0.01 seconds
0.0
Embed time: 0.02 seconds
Extract time: 0.01 seconds
0.0
Embed time: 0.02 seconds
Extract time: 0.01 seconds
0.0
Embed time: 0.02 seconds
Extract time: 0.01 seconds
0.0
Embed time: 0.03 seconds
Extract time: 0.01 seconds
0.0
Embed time: 0.02 seconds
Extract time: 0.01 seconds
0.0
Embed time: 0.02 seconds
Extract time: 0.01 seconds
0.0
Embed time: 0.02 seconds
Extract time: 0.01 seconds
0.0
Embed time: 0.02 seconds
Extract time: 0.01 seconds
0.0
Embed time: 0.02 seconds
Extract time: 0.01 seconds
0.03333333333333333
Embed time: 0.03 seconds
Extract time: 0.02 seconds
0.0
Embed time: 0.01 seconds
Extract time: 0.01 seconds
0.0
Embed time: 0.02 seconds
Extract time: 0.01 seconds
0.0
Embed time: 0.02 seconds
Extract time: 0.01 seconds
0.0
Embed time: 0.03 seconds
Extract time: 0.01 seconds
0.03333333333333333
Embed time: 0.01 seconds
Extract time: 0.01 seconds
0.0
Embed time: 0.02 seconds
Extract time: 0.01 seconds
0.0
Embed time: 0.01 seconds
Extract time: 0.01 seconds
0.0
Embed time: 0.02 seconds
Extract time: 0.01 seconds
0.0
Embed time: 0.01 seconds
Extract time: 0.01 seconds
0.03333333333333333
25-07-14 16:40:18.566 - INFO: # Validation Gaussian Noise for iteration 44500 # PSNR_Stego: 1.4116e+01, Bit_acc: 3.2533e-03
2025-07-14 16:40:18,566 - INFO - # Validation Gaussian Noise for iteration 44500 # PSNR_Stego: 1.4116e+01, Bit_acc: 3.2533e-03
25-07-14 16:40:18.567 - INFO: <epoch: 85, iter:  44,500> PSNR_Stego: 1.4116e+01, Bit_acc:  3.2533e-03
2025-07-14 16:40:18,567 - INFO - <epoch: 85, iter:  44,500> PSNR_Stego: 1.4116e+01, Bit_acc:  3.2533e-03
----- End Validation with Gaussian Noise 10 for iteration 44500 -----
25-07-14 16:40:18.568 - INFO: Saving models and training states.
2025-07-14 16:40:18,568 - INFO - Saving models and training states.
Checkpoint save path: /workspace/EditGuard-V1/experiments/train_ibsn_bit_64/models/44500_G.pth

===== Checkpoint State Path: /workspace/EditGuard-V1/experiments/train_ibsn_bit_64/training_state/44500.state =====

========== Epoch: 86 ==========
25-07-14 16:41:05.273 - INFO: <epoch: 86, iter:  44,600, lr:1.250e-05> l_forw_fit: 9.9787e+00 l_msg: 3.2321e-02 
2025-07-14 16:41:05,273 - INFO - <epoch: 86, iter:  44,600, lr:1.250e-05> l_forw_fit: 9.9787e+00 l_msg: 3.2321e-02 
25-07-14 16:41:30.728 - INFO: <epoch: 86, iter:  44,700, lr:1.250e-05> l_forw_fit: 6.7919e+00 l_msg: 1.0322e-04 
2025-07-14 16:41:30,728 - INFO - <epoch: 86, iter:  44,700, lr:1.250e-05> l_forw_fit: 6.7919e+00 l_msg: 1.0322e-04 
25-07-14 16:41:56.048 - INFO: <epoch: 86, iter:  44,800, lr:1.250e-05> l_forw_fit: 5.4994e+00 l_msg: 5.7298e-04 
2025-07-14 16:41:56,048 - INFO - <epoch: 86, iter:  44,800, lr:1.250e-05> l_forw_fit: 5.4994e+00 l_msg: 5.7298e-04 
25-07-14 16:42:21.616 - INFO: <epoch: 86, iter:  44,900, lr:1.250e-05> l_forw_fit: 7.0407e+00 l_msg: 7.5574e-06 
2025-07-14 16:42:21,616 - INFO - <epoch: 86, iter:  44,900, lr:1.250e-05> l_forw_fit: 7.0407e+00 l_msg: 7.5574e-06 
25-07-14 16:42:46.930 - INFO: <epoch: 86, iter:  45,000, lr:1.250e-05> l_forw_fit: 5.7110e+00 l_msg: 2.1102e-04 
2025-07-14 16:42:46,930 - INFO - <epoch: 86, iter:  45,000, lr:1.250e-05> l_forw_fit: 5.7110e+00 l_msg: 2.1102e-04 
----- Start Validation with JPEG 70 for iteration 45000 -----
Embed time: 0.03 seconds
Extract time: 0.02 seconds
0.0
Embed time: 0.02 seconds
Extract time: 0.01 seconds
0.43333333333333335
Embed time: 0.02 seconds
Extract time: 0.01 seconds
0.26666666666666666
Embed time: 0.02 seconds
Extract time: 0.01 seconds
0.06666666666666667
Embed time: 0.02 seconds
Extract time: 0.01 seconds
0.1
Embed time: 0.02 seconds
Extract time: 0.01 seconds
0.4
Embed time: 0.02 seconds
Extract time: 0.01 seconds
0.2
Embed time: 0.02 seconds
Extract time: 0.01 seconds
0.1
Embed time: 0.02 seconds
Extract time: 0.01 seconds
0.06666666666666667
Embed time: 0.02 seconds
Extract time: 0.01 seconds
0.03333333333333333
Embed time: 0.02 seconds
Extract time: 0.01 seconds
0.03333333333333333
Embed time: 0.02 seconds
Extract time: 0.01 seconds
0.1
Embed time: 0.02 seconds
Extract time: 0.01 seconds
0.06666666666666667
Embed time: 0.02 seconds
Extract time: 0.01 seconds
0.1
Embed time: 0.01 seconds
Extract time: 0.01 seconds
0.03333333333333333
Embed time: 0.01 seconds
Extract time: 0.01 seconds
0.13333333333333333
Embed time: 0.01 seconds
Extract time: 0.01 seconds
0.06666666666666667
Embed time: 0.01 seconds
Extract time: 0.01 seconds
0.0
Embed time: 0.01 seconds
Extract time: 0.01 seconds
0.06666666666666667
Embed time: 0.01 seconds
Extract time: 0.01 seconds
0.13333333333333333
Embed time: 0.01 seconds
Extract time: 0.01 seconds
0.13333333333333333
Embed time: 0.02 seconds
Extract time: 0.01 seconds
0.2
Embed time: 0.02 seconds
Extract time: 0.01 seconds
0.1
Embed time: 0.01 seconds
Extract time: 0.01 seconds
0.1
Embed time: 0.02 seconds
Extract time: 0.01 seconds
0.16666666666666666
Embed time: 0.02 seconds
Extract time: 0.01 seconds
0.16666666666666666
Embed time: 0.02 seconds
Extract time: 0.01 seconds
0.1
Embed time: 0.02 seconds
Extract time: 0.01 seconds
0.06666666666666667
Embed time: 0.01 seconds
Extract time: 0.01 seconds
0.03333333333333333
Embed time: 0.02 seconds
Extract time: 0.01 seconds
0.13333333333333333
Embed time: 0.01 seconds
Extract time: 0.01 seconds
0.1
Embed time: 0.02 seconds
Extract time: 0.01 seconds
0.2
Embed time: 0.02 seconds
Extract time: 0.01 seconds
0.13333333333333333
Embed time: 0.01 seconds
Extract time: 0.01 seconds
0.2
Embed time: 0.01 seconds
Extract time: 0.01 seconds
0.13333333333333333
Embed time: 0.02 seconds
Extract time: 0.01 seconds
0.03333333333333333
Embed time: 0.02 seconds
Extract time: 0.01 seconds
0.06666666666666667
Embed time: 0.02 seconds
Extract time: 0.01 seconds
0.13333333333333333
Embed time: 0.02 seconds
Extract time: 0.01 seconds
0.03333333333333333
Embed time: 0.02 seconds
Extract time: 0.01 seconds
0.1
Embed time: 0.02 seconds
Extract time: 0.01 seconds
0.13333333333333333
Embed time: 0.02 seconds
Extract time: 0.01 seconds
0.16666666666666666
Embed time: 0.02 seconds
Extract time: 0.01 seconds
0.1
Embed time: 0.02 seconds
Extract time: 0.01 seconds
0.16666666666666666
Embed time: 0.02 seconds
Extract time: 0.01 seconds
0.1
Embed time: 0.01 seconds
Extract time: 0.01 seconds
0.06666666666666667
Embed time: 0.02 seconds
Extract time: 0.01 seconds
0.1
Embed time: 0.02 seconds
Extract time: 0.01 seconds
0.16666666666666666
Embed time: 0.01 seconds
Extract time: 0.01 seconds
0.1
Embed time: 0.02 seconds
Extract time: 0.01 seconds
0.16666666666666666
Embed time: 0.02 seconds
Extract time: 0.01 seconds
0.23333333333333334
Embed time: 0.02 seconds
Extract time: 0.01 seconds
0.1
Embed time: 0.01 seconds
Extract time: 0.01 seconds
0.0
Embed time: 0.02 seconds
Extract time: 0.01 seconds
0.13333333333333333
Embed time: 0.02 seconds
Extract time: 0.01 seconds
0.2
Embed time: 0.02 seconds
Extract time: 0.01 seconds
0.06666666666666667
Embed time: 0.02 seconds
Extract time: 0.01 seconds
0.16666666666666666
Embed time: 0.02 seconds
Extract time: 0.01 seconds
0.16666666666666666
Embed time: 0.02 seconds
Extract time: 0.01 seconds
0.0
Embed time: 0.02 seconds
Extract time: 0.01 seconds
0.13333333333333333
Embed time: 0.02 seconds
Extract time: 0.01 seconds
0.1
Embed time: 0.02 seconds
Extract time: 0.01 seconds
0.1
Embed time: 0.02 seconds
Extract time: 0.01 seconds
0.06666666666666667
Embed time: 0.02 seconds
Extract time: 0.01 seconds
0.13333333333333333
Embed time: 0.02 seconds
Extract time: 0.01 seconds
0.13333333333333333
Embed time: 0.02 seconds
Extract time: 0.01 seconds
0.13333333333333333
Embed time: 0.02 seconds
Extract time: 0.01 seconds
0.1
Embed time: 0.02 seconds
Extract time: 0.01 seconds
0.2
Embed time: 0.02 seconds
Extract time: 0.01 seconds
0.13333333333333333
Embed time: 0.02 seconds
Extract time: 0.01 seconds
0.2
Embed time: 0.02 seconds
Extract time: 0.01 seconds
0.06666666666666667
Embed time: 0.02 seconds
Extract time: 0.01 seconds
0.13333333333333333
Embed time: 0.02 seconds
Extract time: 0.01 seconds
0.16666666666666666
Embed time: 0.02 seconds
Extract time: 0.01 seconds
0.1
Embed time: 0.02 seconds
Extract time: 0.01 seconds
0.1
Embed time: 0.02 seconds
Extract time: 0.01 seconds
0.06666666666666667
Embed time: 0.02 seconds
Extract time: 0.01 seconds
0.03333333333333333
Embed time: 0.02 seconds
Extract time: 0.01 seconds
0.0
Embed time: 0.02 seconds
Extract time: 0.01 seconds
0.2
Embed time: 0.02 seconds
Extract time: 0.01 seconds
0.2
Embed time: 0.02 seconds
Extract time: 0.01 seconds
0.1
Embed time: 0.02 seconds
Extract time: 0.01 seconds
0.03333333333333333
Embed time: 0.02 seconds
Extract time: 0.01 seconds
0.13333333333333333
Embed time: 0.02 seconds
Extract time: 0.01 seconds
0.13333333333333333
Embed time: 0.02 seconds
Extract time: 0.01 seconds
0.1
Embed time: 0.02 seconds
Extract time: 0.01 seconds
0.23333333333333334
Embed time: 0.02 seconds
Extract time: 0.01 seconds
0.03333333333333333
Embed time: 0.02 seconds
Extract time: 0.01 seconds
0.13333333333333333
Embed time: 0.02 seconds
Extract time: 0.01 seconds
0.06666666666666667
Embed time: 0.02 seconds
Extract time: 0.01 seconds
0.03333333333333333
Embed time: 0.02 seconds
Extract time: 0.01 seconds
0.3
Embed time: 0.02 seconds
Extract time: 0.01 seconds
0.16666666666666666
Embed time: 0.02 seconds
Extract time: 0.01 seconds
0.13333333333333333
Embed time: 0.02 seconds
Extract time: 0.01 seconds
0.06666666666666667
Embed time: 0.02 seconds
Extract time: 0.01 seconds
0.23333333333333334
Embed time: 0.02 seconds
Extract time: 0.01 seconds
0.26666666666666666
Embed time: 0.02 seconds
Extract time: 0.01 seconds
0.43333333333333335
Embed time: 0.02 seconds
Extract time: 0.01 seconds
0.03333333333333333
Embed time: 0.02 seconds
Extract time: 0.01 seconds
0.03333333333333333
Embed time: 0.01 seconds
Extract time: 0.01 seconds
0.1
25-07-14 16:42:54.526 - INFO: # Validation JPEG for iteration 45000 # PSNR_Stego: 2.7669e+01, Bit_acc: 1.2333e-01
2025-07-14 16:42:54,526 - INFO - # Validation JPEG for iteration 45000 # PSNR_Stego: 2.7669e+01, Bit_acc: 1.2333e-01
25-07-14 16:42:54.527 - INFO: <epoch: 86, iter:  45,000> PSNR_Stego: 2.7669e+01, Bit_acc:  1.2333e-01
2025-07-14 16:42:54,527 - INFO - <epoch: 86, iter:  45,000> PSNR_Stego: 2.7669e+01, Bit_acc:  1.2333e-01
----- End Validation with JPEG 70 for iteration 45000 -----
----- Start Validation with Gaussian Noise 10 for iteration 45000 -----
Embed time: 0.04 seconds
Extract time: 0.02 seconds
0.03333333333333333
Embed time: 0.02 seconds
Extract time: 0.02 seconds
0.0
Embed time: 0.02 seconds
Extract time: 0.01 seconds
0.03333333333333333
Embed time: 0.02 seconds
Extract time: 0.01 seconds
0.0
Embed time: 0.02 seconds
Extract time: 0.02 seconds
0.0
Embed time: 0.02 seconds
Extract time: 0.01 seconds
0.0
Embed time: 0.02 seconds
Extract time: 0.01 seconds
0.06666666666666667
Embed time: 0.02 seconds
Extract time: 0.02 seconds
0.0
Embed time: 0.03 seconds
Extract time: 0.01 seconds
0.0
Embed time: 0.02 seconds
Extract time: 0.01 seconds
0.0
Embed time: 0.03 seconds
Extract time: 0.01 seconds
0.0
Embed time: 0.02 seconds
Extract time: 0.01 seconds
0.03333333333333333
Embed time: 0.02 seconds
Extract time: 0.01 seconds
0.0
Embed time: 0.02 seconds
Extract time: 0.01 seconds
0.0
Embed time: 0.02 seconds
Extract time: 0.01 seconds
0.0
Embed time: 0.02 seconds
Extract time: 0.01 seconds
0.0
Embed time: 0.02 seconds
Extract time: 0.01 seconds
0.0
Embed time: 0.02 seconds
Extract time: 0.01 seconds
0.03333333333333333
Embed time: 0.02 seconds
Extract time: 0.01 seconds
0.0
Embed time: 0.02 seconds
Extract time: 0.01 seconds
0.0
Embed time: 0.02 seconds
Extract time: 0.01 seconds
0.06666666666666667
Embed time: 0.02 seconds
Extract time: 0.01 seconds
0.0
Embed time: 0.02 seconds
Extract time: 0.01 seconds
0.1
Embed time: 0.02 seconds
Extract time: 0.01 seconds
0.0
Embed time: 0.02 seconds
Extract time: 0.01 seconds
0.03333333333333333
Embed time: 0.02 seconds
Extract time: 0.01 seconds
0.0
Embed time: 0.02 seconds
Extract time: 0.01 seconds
0.13333333333333333
Embed time: 0.02 seconds
Extract time: 0.01 seconds
0.0
Embed time: 0.02 seconds
Extract time: 0.01 seconds
0.0
Embed time: 0.02 seconds
Extract time: 0.01 seconds
0.0
Embed time: 0.02 seconds
Extract time: 0.01 seconds
0.0
Embed time: 0.02 seconds
Extract time: 0.01 seconds
0.06666666666666667
Embed time: 0.02 seconds
Extract time: 0.01 seconds
0.0
Embed time: 0.02 seconds
Extract time: 0.01 seconds
0.0
Embed time: 0.03 seconds
Extract time: 0.01 seconds
0.03333333333333333
Embed time: 0.02 seconds
Extract time: 0.01 seconds
0.0
Embed time: 0.02 seconds
Extract time: 0.01 seconds
0.0
Embed time: 0.02 seconds
Extract time: 0.01 seconds
0.0
Embed time: 0.02 seconds
Extract time: 0.01 seconds
0.03333333333333333
Embed time: 0.02 seconds
Extract time: 0.01 seconds
0.0
Embed time: 0.02 seconds
Extract time: 0.01 seconds
0.0
Embed time: 0.02 seconds
Extract time: 0.01 seconds
0.1
Embed time: 0.02 seconds
Extract time: 0.01 seconds
0.06666666666666667
Embed time: 0.02 seconds
Extract time: 0.01 seconds
0.0
Embed time: 0.02 seconds
Extract time: 0.01 seconds
0.0
Embed time: 0.02 seconds
Extract time: 0.01 seconds
0.06666666666666667
Embed time: 0.02 seconds
Extract time: 0.01 seconds
0.0
Embed time: 0.02 seconds
Extract time: 0.01 seconds
0.03333333333333333
Embed time: 0.02 seconds
Extract time: 0.01 seconds
0.0
Embed time: 0.02 seconds
Extract time: 0.01 seconds
0.03333333333333333
Embed time: 0.02 seconds
Extract time: 0.01 seconds
0.03333333333333333
Embed time: 0.02 seconds
Extract time: 0.01 seconds
0.0
Embed time: 0.02 seconds
Extract time: 0.01 seconds
0.0
Embed time: 0.02 seconds
Extract time: 0.01 seconds
0.0
Embed time: 0.02 seconds
Extract time: 0.01 seconds
0.0
Embed time: 0.02 seconds
Extract time: 0.01 seconds
0.0
Embed time: 0.02 seconds
Extract time: 0.01 seconds
0.0
Embed time: 0.02 seconds
Extract time: 0.01 seconds
0.06666666666666667
Embed time: 0.02 seconds
Extract time: 0.01 seconds
0.0
Embed time: 0.02 seconds
Extract time: 0.01 seconds
0.0
Embed time: 0.01 seconds
Extract time: 0.01 seconds
0.0
Embed time: 0.01 seconds
Extract time: 0.01 seconds
0.03333333333333333
Embed time: 0.01 seconds
Extract time: 0.01 seconds
0.0
Embed time: 0.02 seconds
Extract time: 0.01 seconds
0.03333333333333333
Embed time: 0.02 seconds
Extract time: 0.01 seconds
0.0
Embed time: 0.02 seconds
Extract time: 0.01 seconds
0.0
Embed time: 0.02 seconds
Extract time: 0.01 seconds
0.0
Embed time: 0.02 seconds
Extract time: 0.01 seconds
0.0
Embed time: 0.02 seconds
Extract time: 0.01 seconds
0.0
Embed time: 0.01 seconds
Extract time: 0.01 seconds
0.0
Embed time: 0.03 seconds
Extract time: 0.01 seconds
0.0
Embed time: 0.01 seconds
Extract time: 0.01 seconds
0.0
Embed time: 0.02 seconds
Extract time: 0.01 seconds
0.0
Embed time: 0.01 seconds
Extract time: 0.01 seconds
0.0
Embed time: 0.03 seconds
Extract time: 0.01 seconds
0.0
Embed time: 0.01 seconds
Extract time: 0.01 seconds
0.1
Embed time: 0.01 seconds
Extract time: 0.02 seconds
0.0
Embed time: 0.01 seconds
Extract time: 0.01 seconds
0.0
Embed time: 0.01 seconds
Extract time: 0.02 seconds
0.0
Embed time: 0.01 seconds
Extract time: 0.01 seconds
0.0
Embed time: 0.01 seconds
Extract time: 0.01 seconds
0.0
Embed time: 0.01 seconds
Extract time: 0.01 seconds
0.0
Embed time: 0.01 seconds
Extract time: 0.01 seconds
0.0
Embed time: 0.01 seconds
Extract time: 0.01 seconds
0.03333333333333333
Embed time: 0.02 seconds
Extract time: 0.01 seconds
0.0
Embed time: 0.02 seconds
Extract time: 0.01 seconds
0.03333333333333333
Embed time: 0.01 seconds
Extract time: 0.01 seconds
0.0
Embed time: 0.03 seconds
Extract time: 0.01 seconds
0.03333333333333333
Embed time: 0.02 seconds
Extract time: 0.01 seconds
0.0
Embed time: 0.03 seconds
Extract time: 0.01 seconds
0.0
Embed time: 0.01 seconds
Extract time: 0.01 seconds
0.0
Embed time: 0.03 seconds
Extract time: 0.01 seconds
0.0
Embed time: 0.01 seconds
Extract time: 0.01 seconds
0.03333333333333333
Embed time: 0.02 seconds
Extract time: 0.01 seconds
0.0
Embed time: 0.02 seconds
Extract time: 0.01 seconds
0.06666666666666667
Embed time: 0.01 seconds
Extract time: 0.02 seconds
0.0
Embed time: 0.01 seconds
Extract time: 0.01 seconds
0.0
Embed time: 0.01 seconds
Extract time: 0.02 seconds
0.03333333333333333
Embed time: 0.01 seconds
Extract time: 0.01 seconds
0.0
Embed time: 0.01 seconds
Extract time: 0.01 seconds
0.06666666666666667
25-07-14 16:42:59.895 - INFO: # Validation Gaussian Noise for iteration 45000 # PSNR_Stego: 1.4119e+01, Bit_acc: 8.2833e-03
2025-07-14 16:42:59,895 - INFO - # Validation Gaussian Noise for iteration 45000 # PSNR_Stego: 1.4119e+01, Bit_acc: 8.2833e-03
25-07-14 16:42:59.895 - INFO: <epoch: 86, iter:  45,000> PSNR_Stego: 1.4119e+01, Bit_acc:  8.2833e-03
2025-07-14 16:42:59,895 - INFO - <epoch: 86, iter:  45,000> PSNR_Stego: 1.4119e+01, Bit_acc:  8.2833e-03
----- End Validation with Gaussian Noise 10 for iteration 45000 -----
25-07-14 16:42:59.896 - INFO: Saving models and training states.
2025-07-14 16:42:59,896 - INFO - Saving models and training states.
Checkpoint save path: /workspace/EditGuard-V1/experiments/train_ibsn_bit_64/models/45000_G.pth

===== Checkpoint State Path: /workspace/EditGuard-V1/experiments/train_ibsn_bit_64/training_state/45000.state =====

========== Epoch: 87 ==========
========== Epoch: 88 ==========
========== Epoch: 89 ==========
========== Epoch: 90 ==========
25-07-14 16:44:13.590 - INFO: Saving the final model.
2025-07-14 16:44:13,590 - INFO - Saving the final model.
Checkpoint save path: /workspace/EditGuard-V1/experiments/train_ibsn_bit_64/models/latest_G.pth
25-07-14 16:44:13.776 - INFO: End of training.
2025-07-14 16:44:13,776 - INFO - End of training.
