export CUDA_VISIBLE_DEVICES=0,1
Disabled distributed training.
Path already exists. Rename it to [/workspace/EditGuard-V1/experiments/train_ibsn_bit_64_archived_250713-130036]
2025-07-13 13:00:36,909 - INFO - Path already exists. Rename it to [/workspace/EditGuard-V1/experiments/train_ibsn_bit_64_archived_250713-130036]
25-07-13 13:00:36.910 - INFO:   name: train_ibsn_bit_64
  use_tb_logger: True
  model: MIMO-VRN-h
  distortion: sr
  scale: 4
  gpu_ids: [0, 1]
  gop: 1
  num_image: 1
  noisesigma_val: 10
  jpegfactor_val: 70
  addnoise: False
  noisesigma: 0.05
  addjpeg: False
  jpegfactor: 90
  addpossion: False
  addblur: False
  addcolorjitter: False
  sdinpaint: False
  controlnetinpaint: False
  sdxl: False
  repaint: False
  sdprompt: False
  sdxlprompt: False
  faceswap: False
  hide: True
  bithide: True
  degrade_shuffle: True
  prompt: True
  prompt_len: 3
  message_length: 30
  losstype: mse
  mode: bit
  datasets:[
    train:[
      image_size: 128
      name: Vimeo90K
      mode: train
      interval_list: [1]
      random_reverse: False
      border_mode: False
      data_path: ../../COCO-30000-images
      txt_path: ../dataset/COCO-16000-images.txt
      dataroot_LQ: /root/vimeo90k/vimeo90k_train_LR7frames.lmdb
      cache_keys: Vimeo90K_train_keys.pkl
      num_image: 1
      N_frames: 7
      use_shuffle: True
      n_workers: 24
      batch_size: 32
      GT_size: 400
      LQ_size: 36
      use_flip: True
      use_rot: True
      color: RGB
      phase: train
      scale: 4
      data_type: lmdb
    ]
    val:[
      image_size: 128
      num_image: 1
      name: Vid4
      mode: test
      data_path: ../dataset/valAGE-Set
      txt_path: ../dataset/sep_vallist.txt
      N_frames: 1
      padding: new_info
      pred_interval: -1
      phase: val
      scale: 4
      data_type: img
    ]
  ]
  network_G:[
    which_model_G:[
      subnet_type: DBNet
    ]
    in_nc: 12
    out_nc: 12
    block_num: [6, 6]
    scale: 4
    init: xavier_group
    block_num_rbm: 8
    block_num_trans: 4
  ]
  path:[
    pretrain_model_G: None
    models: /workspace/EditGuard-V1/experiments/train_ibsn_bit_64/models
    strict_load: True
    resume_state: None
    root: /workspace/EditGuard-V1
    experiments_root: /workspace/EditGuard-V1/experiments/train_ibsn_bit_64
    training_state: /workspace/EditGuard-V1/experiments/train_ibsn_bit_64/training_state
    log: /workspace/EditGuard-V1/experiments/train_ibsn_bit_64
    val_images: /workspace/EditGuard-V1/experiments/train_ibsn_bit_64/val_images
  ]
  train:[
    lr_G: 0.0001
    beta1: 0.9
    beta2: 0.5
    niter: 30000
    warmup_iter: -1
    lr_scheme: MultiStepLR
    lr_steps: [10000, 20000, 25000]
    lr_gamma: 0.5
    pixel_criterion_forw: l2
    pixel_criterion_back: l1
    manual_seed: 10
    val_freq: 500.0
    lambda_fit_forw: 1.0
    lambda_rec_back: 1
    lambda_center: 0
    lambda_msg: 100.0
    progressive: False
    weight_decay_G: 1e-12
    gradient_clipping: 10
  ]
  logger:[
    print_freq: 100
    save_checkpoint_freq: 500.0
  ]
  is_train: True
  dist: False

2025-07-13 13:00:36,910 - INFO -   name: train_ibsn_bit_64
  use_tb_logger: True
  model: MIMO-VRN-h
  distortion: sr
  scale: 4
  gpu_ids: [0, 1]
  gop: 1
  num_image: 1
  noisesigma_val: 10
  jpegfactor_val: 70
  addnoise: False
  noisesigma: 0.05
  addjpeg: False
  jpegfactor: 90
  addpossion: False
  addblur: False
  addcolorjitter: False
  sdinpaint: False
  controlnetinpaint: False
  sdxl: False
  repaint: False
  sdprompt: False
  sdxlprompt: False
  faceswap: False
  hide: True
  bithide: True
  degrade_shuffle: True
  prompt: True
  prompt_len: 3
  message_length: 30
  losstype: mse
  mode: bit
  datasets:[
    train:[
      image_size: 128
      name: Vimeo90K
      mode: train
      interval_list: [1]
      random_reverse: False
      border_mode: False
      data_path: ../../COCO-30000-images
      txt_path: ../dataset/COCO-16000-images.txt
      dataroot_LQ: /root/vimeo90k/vimeo90k_train_LR7frames.lmdb
      cache_keys: Vimeo90K_train_keys.pkl
      num_image: 1
      N_frames: 7
      use_shuffle: True
      n_workers: 24
      batch_size: 32
      GT_size: 400
      LQ_size: 36
      use_flip: True
      use_rot: True
      color: RGB
      phase: train
      scale: 4
      data_type: lmdb
    ]
    val:[
      image_size: 128
      num_image: 1
      name: Vid4
      mode: test
      data_path: ../dataset/valAGE-Set
      txt_path: ../dataset/sep_vallist.txt
      N_frames: 1
      padding: new_info
      pred_interval: -1
      phase: val
      scale: 4
      data_type: img
    ]
  ]
  network_G:[
    which_model_G:[
      subnet_type: DBNet
    ]
    in_nc: 12
    out_nc: 12
    block_num: [6, 6]
    scale: 4
    init: xavier_group
    block_num_rbm: 8
    block_num_trans: 4
  ]
  path:[
    pretrain_model_G: None
    models: /workspace/EditGuard-V1/experiments/train_ibsn_bit_64/models
    strict_load: True
    resume_state: None
    root: /workspace/EditGuard-V1
    experiments_root: /workspace/EditGuard-V1/experiments/train_ibsn_bit_64
    training_state: /workspace/EditGuard-V1/experiments/train_ibsn_bit_64/training_state
    log: /workspace/EditGuard-V1/experiments/train_ibsn_bit_64
    val_images: /workspace/EditGuard-V1/experiments/train_ibsn_bit_64/val_images
  ]
  train:[
    lr_G: 0.0001
    beta1: 0.9
    beta2: 0.5
    niter: 30000
    warmup_iter: -1
    lr_scheme: MultiStepLR
    lr_steps: [10000, 20000, 25000]
    lr_gamma: 0.5
    pixel_criterion_forw: l2
    pixel_criterion_back: l1
    manual_seed: 10
    val_freq: 500.0
    lambda_fit_forw: 1.0
    lambda_rec_back: 1
    lambda_center: 0
    lambda_msg: 100.0
    progressive: False
    weight_decay_G: 1e-12
    gradient_clipping: 10
  ]
  logger:[
    print_freq: 100
    save_checkpoint_freq: 500.0
  ]
  is_train: True
  dist: False

25-07-13 13:00:36.985 - INFO: Random seed: 10
2025-07-13 13:00:36,985 - INFO - Random seed: 10
train
25-07-13 13:00:36.991 - INFO: Temporal augmentation interval list: [1], with random reverse is False.
2025-07-13 13:00:36,991 - INFO - Temporal augmentation interval list: [1], with random reverse is False.
25-07-13 13:00:36.995 - INFO: Dataset [CoCoDataset - Vimeo90K] is created.
2025-07-13 13:00:36,995 - INFO - Dataset [CoCoDataset - Vimeo90K] is created.
25-07-13 13:00:36.996 - INFO: Number of train images: 16,000, iters: 500
2025-07-13 13:00:36,996 - INFO - Number of train images: 16,000, iters: 500
25-07-13 13:00:36.996 - INFO: Total epochs needed: 60 for iters 30,000
2025-07-13 13:00:36,996 - INFO - Total epochs needed: 60 for iters 30,000
test
25-07-13 13:00:36.996 - INFO: Dataset [imageTestDataset - Vid4] is created.
2025-07-13 13:00:36,996 - INFO - Dataset [imageTestDataset - Vid4] is created.
25-07-13 13:00:36.996 - INFO: Number of val images in [Vid4]: 100
2025-07-13 13:00:36,996 - INFO - Number of val images in [Vid4]: 100
SEAttention
SEAttention
SEAttention
SEAttention
SEAttention
SEAttention
SEAttention
SEAttention
SEAttention
SEAttention
SEAttention
SEAttention
25-07-13 13:00:39.729 - INFO: Network G structure: DataParallel - VSN, with parameters: 4,571,765
2025-07-13 13:00:39,729 - INFO - Network G structure: DataParallel - VSN, with parameters: 4,571,765
25-07-13 13:00:39.729 - INFO: VSN(
  (bitencoder): DW_Encoder(
    (conv1): ConvBlock(
      (layers): Sequential(
        (0): ConvINRelu(
          (layers): Sequential(
            (0): Conv2d(3, 16, kernel_size=(3, 3), stride=(1, 1), padding=(1, 1))
            (1): BatchNorm2d(16, eps=1e-05, momentum=0.1, affine=True, track_running_stats=True)
            (2): ReLU(inplace=True)
          )
        )
        (1): ConvINRelu(
          (layers): Sequential(
            (0): Conv2d(16, 16, kernel_size=(3, 3), stride=(1, 1), padding=(1, 1))
            (1): BatchNorm2d(16, eps=1e-05, momentum=0.1, affine=True, track_running_stats=True)
            (2): ReLU(inplace=True)
          )
        )
      )
    )
    (down1): Down(
      (layer): Sequential(
        (0): ConvBlock(
          (layers): Sequential(
            (0): ConvINRelu(
              (layers): Sequential(
                (0): Conv2d(16, 16, kernel_size=(3, 3), stride=(2, 2), padding=(1, 1))
                (1): BatchNorm2d(16, eps=1e-05, momentum=0.1, affine=True, track_running_stats=True)
                (2): ReLU(inplace=True)
              )
            )
          )
        )
        (1): ConvBlock(
          (layers): Sequential(
            (0): ConvINRelu(
              (layers): Sequential(
                (0): Conv2d(16, 32, kernel_size=(3, 3), stride=(1, 1), padding=(1, 1))
                (1): BatchNorm2d(32, eps=1e-05, momentum=0.1, affine=True, track_running_stats=True)
                (2): ReLU(inplace=True)
              )
            )
            (1): ConvINRelu(
              (layers): Sequential(
                (0): Conv2d(32, 32, kernel_size=(3, 3), stride=(1, 1), padding=(1, 1))
                (1): BatchNorm2d(32, eps=1e-05, momentum=0.1, affine=True, track_running_stats=True)
                (2): ReLU(inplace=True)
              )
            )
          )
        )
      )
    )
    (down2): Down(
      (layer): Sequential(
        (0): ConvBlock(
          (layers): Sequential(
            (0): ConvINRelu(
              (layers): Sequential(
                (0): Conv2d(32, 32, kernel_size=(3, 3), stride=(2, 2), padding=(1, 1))
                (1): BatchNorm2d(32, eps=1e-05, momentum=0.1, affine=True, track_running_stats=True)
                (2): ReLU(inplace=True)
              )
            )
          )
        )
        (1): ConvBlock(
          (layers): Sequential(
            (0): ConvINRelu(
              (layers): Sequential(
                (0): Conv2d(32, 64, kernel_size=(3, 3), stride=(1, 1), padding=(1, 1))
                (1): BatchNorm2d(64, eps=1e-05, momentum=0.1, affine=True, track_running_stats=True)
                (2): ReLU(inplace=True)
              )
            )
            (1): ConvINRelu(
              (layers): Sequential(
                (0): Conv2d(64, 64, kernel_size=(3, 3), stride=(1, 1), padding=(1, 1))
                (1): BatchNorm2d(64, eps=1e-05, momentum=0.1, affine=True, track_running_stats=True)
                (2): ReLU(inplace=True)
              )
            )
          )
        )
      )
    )
    (down3): Down(
      (layer): Sequential(
        (0): ConvBlock(
          (layers): Sequential(
            (0): ConvINRelu(
              (layers): Sequential(
                (0): Conv2d(64, 64, kernel_size=(3, 3), stride=(2, 2), padding=(1, 1))
                (1): BatchNorm2d(64, eps=1e-05, momentum=0.1, affine=True, track_running_stats=True)
                (2): ReLU(inplace=True)
              )
            )
          )
        )
        (1): ConvBlock(
          (layers): Sequential(
            (0): ConvINRelu(
              (layers): Sequential(
                (0): Conv2d(64, 128, kernel_size=(3, 3), stride=(1, 1), padding=(1, 1))
                (1): BatchNorm2d(128, eps=1e-05, momentum=0.1, affine=True, track_running_stats=True)
                (2): ReLU(inplace=True)
              )
            )
            (1): ConvINRelu(
              (layers): Sequential(
                (0): Conv2d(128, 128, kernel_size=(3, 3), stride=(1, 1), padding=(1, 1))
                (1): BatchNorm2d(128, eps=1e-05, momentum=0.1, affine=True, track_running_stats=True)
                (2): ReLU(inplace=True)
              )
            )
          )
        )
      )
    )
    (up2): UP(
      (conv): ConvBlock(
        (layers): Sequential(
          (0): ConvINRelu(
            (layers): Sequential(
              (0): Conv2d(128, 64, kernel_size=(3, 3), stride=(1, 1), padding=(1, 1))
              (1): BatchNorm2d(64, eps=1e-05, momentum=0.1, affine=True, track_running_stats=True)
              (2): ReLU(inplace=True)
            )
          )
        )
      )
    )
    (linear2): Linear(in_features=30, out_features=900, bias=True)
    (Conv_message2): ConvBlock(
      (layers): Sequential(
        (0): ConvINRelu(
          (layers): Sequential(
            (0): Conv2d(1, 64, kernel_size=(3, 3), stride=(1, 1), padding=(1, 1))
            (1): BatchNorm2d(64, eps=1e-05, momentum=0.1, affine=True, track_running_stats=True)
            (2): ReLU(inplace=True)
          )
        )
        (1): ConvINRelu(
          (layers): Sequential(
            (0): Conv2d(64, 64, kernel_size=(3, 3), stride=(1, 1), padding=(1, 1))
            (1): BatchNorm2d(64, eps=1e-05, momentum=0.1, affine=True, track_running_stats=True)
            (2): ReLU(inplace=True)
          )
        )
      )
    )
    (att2): ResBlock(
      (layers): Sequential(
        (0): BottleneckBlock(
          (change): Sequential(
            (0): Conv2d(192, 64, kernel_size=(1, 1), stride=(1, 1), bias=False)
            (1): BatchNorm2d(64, eps=1e-05, momentum=0.1, affine=True, track_running_stats=True)
          )
          (left): Sequential(
            (0): Conv2d(192, 64, kernel_size=(1, 1), stride=(1, 1), bias=False)
            (1): BatchNorm2d(64, eps=1e-05, momentum=0.1, affine=True, track_running_stats=True)
            (2): ReLU(inplace=True)
            (3): Conv2d(64, 64, kernel_size=(3, 3), stride=(1, 1), padding=(1, 1), bias=False)
            (4): BatchNorm2d(64, eps=1e-05, momentum=0.1, affine=True, track_running_stats=True)
            (5): ReLU(inplace=True)
            (6): Conv2d(64, 64, kernel_size=(1, 1), stride=(1, 1), bias=False)
            (7): BatchNorm2d(64, eps=1e-05, momentum=0.1, affine=True, track_running_stats=True)
          )
          (attention): SEAttention(
            (se): Sequential(
              (0): AdaptiveAvgPool2d(output_size=(1, 1))
              (1): Conv2d(64, 8, kernel_size=(1, 1), stride=(1, 1), bias=False)
              (2): ReLU(inplace=True)
              (3): Conv2d(8, 64, kernel_size=(1, 1), stride=(1, 1), bias=False)
              (4): Sigmoid()
            )
          )
        )
        (1): BottleneckBlock(
          (left): Sequential(
            (0): Conv2d(64, 64, kernel_size=(1, 1), stride=(1, 1), bias=False)
            (1): BatchNorm2d(64, eps=1e-05, momentum=0.1, affine=True, track_running_stats=True)
            (2): ReLU(inplace=True)
            (3): Conv2d(64, 64, kernel_size=(3, 3), stride=(1, 1), padding=(1, 1), bias=False)
            (4): BatchNorm2d(64, eps=1e-05, momentum=0.1, affine=True, track_running_stats=True)
            (5): ReLU(inplace=True)
            (6): Conv2d(64, 64, kernel_size=(1, 1), stride=(1, 1), bias=False)
            (7): BatchNorm2d(64, eps=1e-05, momentum=0.1, affine=True, track_running_stats=True)
          )
          (attention): SEAttention(
            (se): Sequential(
              (0): AdaptiveAvgPool2d(output_size=(1, 1))
              (1): Conv2d(64, 8, kernel_size=(1, 1), stride=(1, 1), bias=False)
              (2): ReLU(inplace=True)
              (3): Conv2d(8, 64, kernel_size=(1, 1), stride=(1, 1), bias=False)
              (4): Sigmoid()
            )
          )
        )
      )
    )
    (up1): UP(
      (conv): ConvBlock(
        (layers): Sequential(
          (0): ConvINRelu(
            (layers): Sequential(
              (0): Conv2d(64, 32, kernel_size=(3, 3), stride=(1, 1), padding=(1, 1))
              (1): BatchNorm2d(32, eps=1e-05, momentum=0.1, affine=True, track_running_stats=True)
              (2): ReLU(inplace=True)
            )
          )
        )
      )
    )
    (linear1): Linear(in_features=30, out_features=900, bias=True)
    (Conv_message1): ConvBlock(
      (layers): Sequential(
        (0): ConvINRelu(
          (layers): Sequential(
            (0): Conv2d(1, 64, kernel_size=(3, 3), stride=(1, 1), padding=(1, 1))
            (1): BatchNorm2d(64, eps=1e-05, momentum=0.1, affine=True, track_running_stats=True)
            (2): ReLU(inplace=True)
          )
        )
        (1): ConvINRelu(
          (layers): Sequential(
            (0): Conv2d(64, 64, kernel_size=(3, 3), stride=(1, 1), padding=(1, 1))
            (1): BatchNorm2d(64, eps=1e-05, momentum=0.1, affine=True, track_running_stats=True)
            (2): ReLU(inplace=True)
          )
        )
      )
    )
    (att1): ResBlock(
      (layers): Sequential(
        (0): BottleneckBlock(
          (change): Sequential(
            (0): Conv2d(128, 32, kernel_size=(1, 1), stride=(1, 1), bias=False)
            (1): BatchNorm2d(32, eps=1e-05, momentum=0.1, affine=True, track_running_stats=True)
          )
          (left): Sequential(
            (0): Conv2d(128, 32, kernel_size=(1, 1), stride=(1, 1), bias=False)
            (1): BatchNorm2d(32, eps=1e-05, momentum=0.1, affine=True, track_running_stats=True)
            (2): ReLU(inplace=True)
            (3): Conv2d(32, 32, kernel_size=(3, 3), stride=(1, 1), padding=(1, 1), bias=False)
            (4): BatchNorm2d(32, eps=1e-05, momentum=0.1, affine=True, track_running_stats=True)
            (5): ReLU(inplace=True)
            (6): Conv2d(32, 32, kernel_size=(1, 1), stride=(1, 1), bias=False)
            (7): BatchNorm2d(32, eps=1e-05, momentum=0.1, affine=True, track_running_stats=True)
          )
          (attention): SEAttention(
            (se): Sequential(
              (0): AdaptiveAvgPool2d(output_size=(1, 1))
              (1): Conv2d(32, 4, kernel_size=(1, 1), stride=(1, 1), bias=False)
              (2): ReLU(inplace=True)
              (3): Conv2d(4, 32, kernel_size=(1, 1), stride=(1, 1), bias=False)
              (4): Sigmoid()
            )
          )
        )
        (1): BottleneckBlock(
          (left): Sequential(
            (0): Conv2d(32, 32, kernel_size=(1, 1), stride=(1, 1), bias=False)
            (1): BatchNorm2d(32, eps=1e-05, momentum=0.1, affine=True, track_running_stats=True)
            (2): ReLU(inplace=True)
            (3): Conv2d(32, 32, kernel_size=(3, 3), stride=(1, 1), padding=(1, 1), bias=False)
            (4): BatchNorm2d(32, eps=1e-05, momentum=0.1, affine=True, track_running_stats=True)
            (5): ReLU(inplace=True)
            (6): Conv2d(32, 32, kernel_size=(1, 1), stride=(1, 1), bias=False)
            (7): BatchNorm2d(32, eps=1e-05, momentum=0.1, affine=True, track_running_stats=True)
          )
          (attention): SEAttention(
            (se): Sequential(
              (0): AdaptiveAvgPool2d(output_size=(1, 1))
              (1): Conv2d(32, 4, kernel_size=(1, 1), stride=(1, 1), bias=False)
              (2): ReLU(inplace=True)
              (3): Conv2d(4, 32, kernel_size=(1, 1), stride=(1, 1), bias=False)
              (4): Sigmoid()
            )
          )
        )
      )
    )
    (up0): UP(
      (conv): ConvBlock(
        (layers): Sequential(
          (0): ConvINRelu(
            (layers): Sequential(
              (0): Conv2d(32, 16, kernel_size=(3, 3), stride=(1, 1), padding=(1, 1))
              (1): BatchNorm2d(16, eps=1e-05, momentum=0.1, affine=True, track_running_stats=True)
              (2): ReLU(inplace=True)
            )
          )
        )
      )
    )
    (linear0): Linear(in_features=30, out_features=900, bias=True)
    (Conv_message0): ConvBlock(
      (layers): Sequential(
        (0): ConvINRelu(
          (layers): Sequential(
            (0): Conv2d(1, 64, kernel_size=(3, 3), stride=(1, 1), padding=(1, 1))
            (1): BatchNorm2d(64, eps=1e-05, momentum=0.1, affine=True, track_running_stats=True)
            (2): ReLU(inplace=True)
          )
        )
        (1): ConvINRelu(
          (layers): Sequential(
            (0): Conv2d(64, 64, kernel_size=(3, 3), stride=(1, 1), padding=(1, 1))
            (1): BatchNorm2d(64, eps=1e-05, momentum=0.1, affine=True, track_running_stats=True)
            (2): ReLU(inplace=True)
          )
        )
      )
    )
    (att0): ResBlock(
      (layers): Sequential(
        (0): BottleneckBlock(
          (change): Sequential(
            (0): Conv2d(96, 16, kernel_size=(1, 1), stride=(1, 1), bias=False)
            (1): BatchNorm2d(16, eps=1e-05, momentum=0.1, affine=True, track_running_stats=True)
          )
          (left): Sequential(
            (0): Conv2d(96, 16, kernel_size=(1, 1), stride=(1, 1), bias=False)
            (1): BatchNorm2d(16, eps=1e-05, momentum=0.1, affine=True, track_running_stats=True)
            (2): ReLU(inplace=True)
            (3): Conv2d(16, 16, kernel_size=(3, 3), stride=(1, 1), padding=(1, 1), bias=False)
            (4): BatchNorm2d(16, eps=1e-05, momentum=0.1, affine=True, track_running_stats=True)
            (5): ReLU(inplace=True)
            (6): Conv2d(16, 16, kernel_size=(1, 1), stride=(1, 1), bias=False)
            (7): BatchNorm2d(16, eps=1e-05, momentum=0.1, affine=True, track_running_stats=True)
          )
          (attention): SEAttention(
            (se): Sequential(
              (0): AdaptiveAvgPool2d(output_size=(1, 1))
              (1): Conv2d(16, 2, kernel_size=(1, 1), stride=(1, 1), bias=False)
              (2): ReLU(inplace=True)
              (3): Conv2d(2, 16, kernel_size=(1, 1), stride=(1, 1), bias=False)
              (4): Sigmoid()
            )
          )
        )
        (1): BottleneckBlock(
          (left): Sequential(
            (0): Conv2d(16, 16, kernel_size=(1, 1), stride=(1, 1), bias=False)
            (1): BatchNorm2d(16, eps=1e-05, momentum=0.1, affine=True, track_running_stats=True)
            (2): ReLU(inplace=True)
            (3): Conv2d(16, 16, kernel_size=(3, 3), stride=(1, 1), padding=(1, 1), bias=False)
            (4): BatchNorm2d(16, eps=1e-05, momentum=0.1, affine=True, track_running_stats=True)
            (5): ReLU(inplace=True)
            (6): Conv2d(16, 16, kernel_size=(1, 1), stride=(1, 1), bias=False)
            (7): BatchNorm2d(16, eps=1e-05, momentum=0.1, affine=True, track_running_stats=True)
          )
          (attention): SEAttention(
            (se): Sequential(
              (0): AdaptiveAvgPool2d(output_size=(1, 1))
              (1): Conv2d(16, 2, kernel_size=(1, 1), stride=(1, 1), bias=False)
              (2): ReLU(inplace=True)
              (3): Conv2d(2, 16, kernel_size=(1, 1), stride=(1, 1), bias=False)
              (4): Sigmoid()
            )
          )
        )
      )
    )
    (Conv_1x1): Conv2d(19, 3, kernel_size=(1, 1), stride=(1, 1))
  )
  (bitdecoder): DW_Decoder(
    (conv1): ConvBlock(
      (layers): Sequential(
        (0): ConvINRelu(
          (layers): Sequential(
            (0): Conv2d(3, 16, kernel_size=(3, 3), stride=(1, 1), padding=(1, 1))
            (1): BatchNorm2d(16, eps=1e-05, momentum=0.1, affine=True, track_running_stats=True)
            (2): ReLU(inplace=True)
          )
        )
        (1): ConvINRelu(
          (layers): Sequential(
            (0): Conv2d(16, 16, kernel_size=(3, 3), stride=(1, 1), padding=(1, 1))
            (1): BatchNorm2d(16, eps=1e-05, momentum=0.1, affine=True, track_running_stats=True)
            (2): ReLU(inplace=True)
          )
        )
      )
    )
    (down1): Down(
      (layer): Sequential(
        (0): ConvBlock(
          (layers): Sequential(
            (0): ConvINRelu(
              (layers): Sequential(
                (0): Conv2d(16, 16, kernel_size=(3, 3), stride=(2, 2), padding=(1, 1))
                (1): BatchNorm2d(16, eps=1e-05, momentum=0.1, affine=True, track_running_stats=True)
                (2): ReLU(inplace=True)
              )
            )
          )
        )
        (1): ConvBlock(
          (layers): Sequential(
            (0): ConvINRelu(
              (layers): Sequential(
                (0): Conv2d(16, 32, kernel_size=(3, 3), stride=(1, 1), padding=(1, 1))
                (1): BatchNorm2d(32, eps=1e-05, momentum=0.1, affine=True, track_running_stats=True)
                (2): ReLU(inplace=True)
              )
            )
            (1): ConvINRelu(
              (layers): Sequential(
                (0): Conv2d(32, 32, kernel_size=(3, 3), stride=(1, 1), padding=(1, 1))
                (1): BatchNorm2d(32, eps=1e-05, momentum=0.1, affine=True, track_running_stats=True)
                (2): ReLU(inplace=True)
              )
            )
          )
        )
      )
    )
    (down2): Down(
      (layer): Sequential(
        (0): ConvBlock(
          (layers): Sequential(
            (0): ConvINRelu(
              (layers): Sequential(
                (0): Conv2d(32, 32, kernel_size=(3, 3), stride=(2, 2), padding=(1, 1))
                (1): BatchNorm2d(32, eps=1e-05, momentum=0.1, affine=True, track_running_stats=True)
                (2): ReLU(inplace=True)
              )
            )
          )
        )
        (1): ConvBlock(
          (layers): Sequential(
            (0): ConvINRelu(
              (layers): Sequential(
                (0): Conv2d(32, 64, kernel_size=(3, 3), stride=(1, 1), padding=(1, 1))
                (1): BatchNorm2d(64, eps=1e-05, momentum=0.1, affine=True, track_running_stats=True)
                (2): ReLU(inplace=True)
              )
            )
            (1): ConvINRelu(
              (layers): Sequential(
                (0): Conv2d(64, 64, kernel_size=(3, 3), stride=(1, 1), padding=(1, 1))
                (1): BatchNorm2d(64, eps=1e-05, momentum=0.1, affine=True, track_running_stats=True)
                (2): ReLU(inplace=True)
              )
            )
          )
        )
      )
    )
    (down3): Down(
      (layer): Sequential(
        (0): ConvBlock(
          (layers): Sequential(
            (0): ConvINRelu(
              (layers): Sequential(
                (0): Conv2d(64, 64, kernel_size=(3, 3), stride=(2, 2), padding=(1, 1))
                (1): BatchNorm2d(64, eps=1e-05, momentum=0.1, affine=True, track_running_stats=True)
                (2): ReLU(inplace=True)
              )
            )
          )
        )
        (1): ConvBlock(
          (layers): Sequential(
            (0): ConvINRelu(
              (layers): Sequential(
                (0): Conv2d(64, 128, kernel_size=(3, 3), stride=(1, 1), padding=(1, 1))
                (1): BatchNorm2d(128, eps=1e-05, momentum=0.1, affine=True, track_running_stats=True)
                (2): ReLU(inplace=True)
              )
            )
            (1): ConvINRelu(
              (layers): Sequential(
                (0): Conv2d(128, 128, kernel_size=(3, 3), stride=(1, 1), padding=(1, 1))
                (1): BatchNorm2d(128, eps=1e-05, momentum=0.1, affine=True, track_running_stats=True)
                (2): ReLU(inplace=True)
              )
            )
          )
        )
      )
    )
    (up2): UP(
      (conv): ConvBlock(
        (layers): Sequential(
          (0): ConvINRelu(
            (layers): Sequential(
              (0): Conv2d(128, 64, kernel_size=(3, 3), stride=(1, 1), padding=(1, 1))
              (1): BatchNorm2d(64, eps=1e-05, momentum=0.1, affine=True, track_running_stats=True)
              (2): ReLU(inplace=True)
            )
          )
        )
      )
    )
    (att2): ResBlock(
      (layers): Sequential(
        (0): BottleneckBlock(
          (change): Sequential(
            (0): Conv2d(128, 64, kernel_size=(1, 1), stride=(1, 1), bias=False)
            (1): BatchNorm2d(64, eps=1e-05, momentum=0.1, affine=True, track_running_stats=True)
          )
          (left): Sequential(
            (0): Conv2d(128, 64, kernel_size=(1, 1), stride=(1, 1), bias=False)
            (1): BatchNorm2d(64, eps=1e-05, momentum=0.1, affine=True, track_running_stats=True)
            (2): ReLU(inplace=True)
            (3): Conv2d(64, 64, kernel_size=(3, 3), stride=(1, 1), padding=(1, 1), bias=False)
            (4): BatchNorm2d(64, eps=1e-05, momentum=0.1, affine=True, track_running_stats=True)
            (5): ReLU(inplace=True)
            (6): Conv2d(64, 64, kernel_size=(1, 1), stride=(1, 1), bias=False)
            (7): BatchNorm2d(64, eps=1e-05, momentum=0.1, affine=True, track_running_stats=True)
          )
          (attention): SEAttention(
            (se): Sequential(
              (0): AdaptiveAvgPool2d(output_size=(1, 1))
              (1): Conv2d(64, 8, kernel_size=(1, 1), stride=(1, 1), bias=False)
              (2): ReLU(inplace=True)
              (3): Conv2d(8, 64, kernel_size=(1, 1), stride=(1, 1), bias=False)
              (4): Sigmoid()
            )
          )
        )
        (1): BottleneckBlock(
          (left): Sequential(
            (0): Conv2d(64, 64, kernel_size=(1, 1), stride=(1, 1), bias=False)
            (1): BatchNorm2d(64, eps=1e-05, momentum=0.1, affine=True, track_running_stats=True)
            (2): ReLU(inplace=True)
            (3): Conv2d(64, 64, kernel_size=(3, 3), stride=(1, 1), padding=(1, 1), bias=False)
            (4): BatchNorm2d(64, eps=1e-05, momentum=0.1, affine=True, track_running_stats=True)
            (5): ReLU(inplace=True)
            (6): Conv2d(64, 64, kernel_size=(1, 1), stride=(1, 1), bias=False)
            (7): BatchNorm2d(64, eps=1e-05, momentum=0.1, affine=True, track_running_stats=True)
          )
          (attention): SEAttention(
            (se): Sequential(
              (0): AdaptiveAvgPool2d(output_size=(1, 1))
              (1): Conv2d(64, 8, kernel_size=(1, 1), stride=(1, 1), bias=False)
              (2): ReLU(inplace=True)
              (3): Conv2d(8, 64, kernel_size=(1, 1), stride=(1, 1), bias=False)
              (4): Sigmoid()
            )
          )
        )
      )
    )
    (up1): UP(
      (conv): ConvBlock(
        (layers): Sequential(
          (0): ConvINRelu(
            (layers): Sequential(
              (0): Conv2d(64, 32, kernel_size=(3, 3), stride=(1, 1), padding=(1, 1))
              (1): BatchNorm2d(32, eps=1e-05, momentum=0.1, affine=True, track_running_stats=True)
              (2): ReLU(inplace=True)
            )
          )
        )
      )
    )
    (att1): ResBlock(
      (layers): Sequential(
        (0): BottleneckBlock(
          (change): Sequential(
            (0): Conv2d(64, 32, kernel_size=(1, 1), stride=(1, 1), bias=False)
            (1): BatchNorm2d(32, eps=1e-05, momentum=0.1, affine=True, track_running_stats=True)
          )
          (left): Sequential(
            (0): Conv2d(64, 32, kernel_size=(1, 1), stride=(1, 1), bias=False)
            (1): BatchNorm2d(32, eps=1e-05, momentum=0.1, affine=True, track_running_stats=True)
            (2): ReLU(inplace=True)
            (3): Conv2d(32, 32, kernel_size=(3, 3), stride=(1, 1), padding=(1, 1), bias=False)
            (4): BatchNorm2d(32, eps=1e-05, momentum=0.1, affine=True, track_running_stats=True)
            (5): ReLU(inplace=True)
            (6): Conv2d(32, 32, kernel_size=(1, 1), stride=(1, 1), bias=False)
            (7): BatchNorm2d(32, eps=1e-05, momentum=0.1, affine=True, track_running_stats=True)
          )
          (attention): SEAttention(
            (se): Sequential(
              (0): AdaptiveAvgPool2d(output_size=(1, 1))
              (1): Conv2d(32, 4, kernel_size=(1, 1), stride=(1, 1), bias=False)
              (2): ReLU(inplace=True)
              (3): Conv2d(4, 32, kernel_size=(1, 1), stride=(1, 1), bias=False)
              (4): Sigmoid()
            )
          )
        )
        (1): BottleneckBlock(
          (left): Sequential(
            (0): Conv2d(32, 32, kernel_size=(1, 1), stride=(1, 1), bias=False)
            (1): BatchNorm2d(32, eps=1e-05, momentum=0.1, affine=True, track_running_stats=True)
            (2): ReLU(inplace=True)
            (3): Conv2d(32, 32, kernel_size=(3, 3), stride=(1, 1), padding=(1, 1), bias=False)
            (4): BatchNorm2d(32, eps=1e-05, momentum=0.1, affine=True, track_running_stats=True)
            (5): ReLU(inplace=True)
            (6): Conv2d(32, 32, kernel_size=(1, 1), stride=(1, 1), bias=False)
            (7): BatchNorm2d(32, eps=1e-05, momentum=0.1, affine=True, track_running_stats=True)
          )
          (attention): SEAttention(
            (se): Sequential(
              (0): AdaptiveAvgPool2d(output_size=(1, 1))
              (1): Conv2d(32, 4, kernel_size=(1, 1), stride=(1, 1), bias=False)
              (2): ReLU(inplace=True)
              (3): Conv2d(4, 32, kernel_size=(1, 1), stride=(1, 1), bias=False)
              (4): Sigmoid()
            )
          )
        )
      )
    )
    (up0): UP(
      (conv): ConvBlock(
        (layers): Sequential(
          (0): ConvINRelu(
            (layers): Sequential(
              (0): Conv2d(32, 16, kernel_size=(3, 3), stride=(1, 1), padding=(1, 1))
              (1): BatchNorm2d(16, eps=1e-05, momentum=0.1, affine=True, track_running_stats=True)
              (2): ReLU(inplace=True)
            )
          )
        )
      )
    )
    (att0): ResBlock(
      (layers): Sequential(
        (0): BottleneckBlock(
          (change): Sequential(
            (0): Conv2d(32, 16, kernel_size=(1, 1), stride=(1, 1), bias=False)
            (1): BatchNorm2d(16, eps=1e-05, momentum=0.1, affine=True, track_running_stats=True)
          )
          (left): Sequential(
            (0): Conv2d(32, 16, kernel_size=(1, 1), stride=(1, 1), bias=False)
            (1): BatchNorm2d(16, eps=1e-05, momentum=0.1, affine=True, track_running_stats=True)
            (2): ReLU(inplace=True)
            (3): Conv2d(16, 16, kernel_size=(3, 3), stride=(1, 1), padding=(1, 1), bias=False)
            (4): BatchNorm2d(16, eps=1e-05, momentum=0.1, affine=True, track_running_stats=True)
            (5): ReLU(inplace=True)
            (6): Conv2d(16, 16, kernel_size=(1, 1), stride=(1, 1), bias=False)
            (7): BatchNorm2d(16, eps=1e-05, momentum=0.1, affine=True, track_running_stats=True)
          )
          (attention): SEAttention(
            (se): Sequential(
              (0): AdaptiveAvgPool2d(output_size=(1, 1))
              (1): Conv2d(16, 2, kernel_size=(1, 1), stride=(1, 1), bias=False)
              (2): ReLU(inplace=True)
              (3): Conv2d(2, 16, kernel_size=(1, 1), stride=(1, 1), bias=False)
              (4): Sigmoid()
            )
          )
        )
        (1): BottleneckBlock(
          (left): Sequential(
            (0): Conv2d(16, 16, kernel_size=(1, 1), stride=(1, 1), bias=False)
            (1): BatchNorm2d(16, eps=1e-05, momentum=0.1, affine=True, track_running_stats=True)
            (2): ReLU(inplace=True)
            (3): Conv2d(16, 16, kernel_size=(3, 3), stride=(1, 1), padding=(1, 1), bias=False)
            (4): BatchNorm2d(16, eps=1e-05, momentum=0.1, affine=True, track_running_stats=True)
            (5): ReLU(inplace=True)
            (6): Conv2d(16, 16, kernel_size=(1, 1), stride=(1, 1), bias=False)
            (7): BatchNorm2d(16, eps=1e-05, momentum=0.1, affine=True, track_running_stats=True)
          )
          (attention): SEAttention(
            (se): Sequential(
              (0): AdaptiveAvgPool2d(output_size=(1, 1))
              (1): Conv2d(16, 2, kernel_size=(1, 1), stride=(1, 1), bias=False)
              (2): ReLU(inplace=True)
              (3): Conv2d(2, 16, kernel_size=(1, 1), stride=(1, 1), bias=False)
              (4): Sigmoid()
            )
          )
        )
      )
    )
    (Conv_1x1): Conv2d(16, 1, kernel_size=(1, 1), stride=(1, 1), bias=False)
    (message_layer): Linear(in_features=900, out_features=30, bias=True)
  )
  (irn): InvNN(
    (operations): ModuleList(
      (0-11): 12 x InvBlock(
        (F): DenseBlock(
          (conv1): Conv2d(12, 32, kernel_size=(3, 3), stride=(1, 1), padding=(1, 1))
          (conv2): Conv2d(44, 32, kernel_size=(3, 3), stride=(1, 1), padding=(1, 1))
          (conv3): Conv2d(76, 32, kernel_size=(3, 3), stride=(1, 1), padding=(1, 1))
          (conv4): Conv2d(108, 32, kernel_size=(3, 3), stride=(1, 1), padding=(1, 1))
          (conv5): Conv2d(140, 12, kernel_size=(3, 3), stride=(1, 1), padding=(1, 1))
          (lrelu): LeakyReLU(negative_slope=0.2, inplace=True)
        )
        (NF): NAFBlock(
          (conv1): Conv2d(12, 24, kernel_size=(1, 1), stride=(1, 1))
          (conv2): Conv2d(24, 24, kernel_size=(3, 3), stride=(1, 1), padding=(1, 1), groups=24)
          (conv3): Conv2d(12, 12, kernel_size=(1, 1), stride=(1, 1))
          (sca): Sequential(
            (0): AdaptiveAvgPool2d(output_size=1)
            (1): Conv2d(12, 12, kernel_size=(1, 1), stride=(1, 1))
          )
          (sg): SimpleGate()
          (conv4): Conv2d(12, 24, kernel_size=(1, 1), stride=(1, 1))
          (conv5): Conv2d(12, 12, kernel_size=(1, 1), stride=(1, 1))
          (norm1): LayerNorm2d()
          (norm2): LayerNorm2d()
          (dropout1): Identity()
          (dropout2): Identity()
        )
        (G): DenseBlock(
          (conv1): Conv2d(12, 32, kernel_size=(3, 3), stride=(1, 1), padding=(1, 1))
          (conv2): Conv2d(44, 32, kernel_size=(3, 3), stride=(1, 1), padding=(1, 1))
          (conv3): Conv2d(76, 32, kernel_size=(3, 3), stride=(1, 1), padding=(1, 1))
          (conv4): Conv2d(108, 32, kernel_size=(3, 3), stride=(1, 1), padding=(1, 1))
          (conv5): Conv2d(140, 12, kernel_size=(3, 3), stride=(1, 1), padding=(1, 1))
          (lrelu): LeakyReLU(negative_slope=0.2, inplace=True)
        )
        (NG): NAFBlock(
          (conv1): Conv2d(12, 24, kernel_size=(1, 1), stride=(1, 1))
          (conv2): Conv2d(24, 24, kernel_size=(3, 3), stride=(1, 1), padding=(1, 1), groups=24)
          (conv3): Conv2d(12, 12, kernel_size=(1, 1), stride=(1, 1))
          (sca): Sequential(
            (0): AdaptiveAvgPool2d(output_size=1)
            (1): Conv2d(12, 12, kernel_size=(1, 1), stride=(1, 1))
          )
          (sg): SimpleGate()
          (conv4): Conv2d(12, 24, kernel_size=(1, 1), stride=(1, 1))
          (conv5): Conv2d(12, 12, kernel_size=(1, 1), stride=(1, 1))
          (norm1): LayerNorm2d()
          (norm2): LayerNorm2d()
          (dropout1): Identity()
          (dropout2): Identity()
        )
        (H): DenseBlock(
          (conv1): Conv2d(12, 32, kernel_size=(3, 3), stride=(1, 1), padding=(1, 1))
          (conv2): Conv2d(44, 32, kernel_size=(3, 3), stride=(1, 1), padding=(1, 1))
          (conv3): Conv2d(76, 32, kernel_size=(3, 3), stride=(1, 1), padding=(1, 1))
          (conv4): Conv2d(108, 32, kernel_size=(3, 3), stride=(1, 1), padding=(1, 1))
          (conv5): Conv2d(140, 12, kernel_size=(3, 3), stride=(1, 1), padding=(1, 1))
          (lrelu): LeakyReLU(negative_slope=0.2, inplace=True)
        )
        (NH): NAFBlock(
          (conv1): Conv2d(12, 24, kernel_size=(1, 1), stride=(1, 1))
          (conv2): Conv2d(24, 24, kernel_size=(3, 3), stride=(1, 1), padding=(1, 1), groups=24)
          (conv3): Conv2d(12, 12, kernel_size=(1, 1), stride=(1, 1))
          (sca): Sequential(
            (0): AdaptiveAvgPool2d(output_size=1)
            (1): Conv2d(12, 12, kernel_size=(1, 1), stride=(1, 1))
          )
          (sg): SimpleGate()
          (conv4): Conv2d(12, 24, kernel_size=(1, 1), stride=(1, 1))
          (conv5): Conv2d(12, 12, kernel_size=(1, 1), stride=(1, 1))
          (norm1): LayerNorm2d()
          (norm2): LayerNorm2d()
          (dropout1): Identity()
          (dropout2): Identity()
        )
      )
    )
  )
  (pm): PredictiveModuleMIMO_prompt(
    (conv_in): Conv2d(12, 12, kernel_size=(3, 3), stride=(1, 1), padding=(1, 1))
    (res_block): Sequential(
      (0): ResidualBlockNoBN(
        (conv1): Conv2d(12, 12, kernel_size=(3, 3), stride=(1, 1), padding=(1, 1))
        (conv2): Conv2d(12, 12, kernel_size=(3, 3), stride=(1, 1), padding=(1, 1))
        (relu): LeakyReLU(negative_slope=0.2, inplace=True)
      )
      (1): ResidualBlockNoBN(
        (conv1): Conv2d(12, 12, kernel_size=(3, 3), stride=(1, 1), padding=(1, 1))
        (conv2): Conv2d(12, 12, kernel_size=(3, 3), stride=(1, 1), padding=(1, 1))
        (relu): LeakyReLU(negative_slope=0.2, inplace=True)
      )
      (2): ResidualBlockNoBN(
        (conv1): Conv2d(12, 12, kernel_size=(3, 3), stride=(1, 1), padding=(1, 1))
        (conv2): Conv2d(12, 12, kernel_size=(3, 3), stride=(1, 1), padding=(1, 1))
        (relu): LeakyReLU(negative_slope=0.2, inplace=True)
      )
      (3): ResidualBlockNoBN(
        (conv1): Conv2d(12, 12, kernel_size=(3, 3), stride=(1, 1), padding=(1, 1))
        (conv2): Conv2d(12, 12, kernel_size=(3, 3), stride=(1, 1), padding=(1, 1))
        (relu): LeakyReLU(negative_slope=0.2, inplace=True)
      )
      (4): ResidualBlockNoBN(
        (conv1): Conv2d(12, 12, kernel_size=(3, 3), stride=(1, 1), padding=(1, 1))
        (conv2): Conv2d(12, 12, kernel_size=(3, 3), stride=(1, 1), padding=(1, 1))
        (relu): LeakyReLU(negative_slope=0.2, inplace=True)
      )
      (5): ResidualBlockNoBN(
        (conv1): Conv2d(12, 12, kernel_size=(3, 3), stride=(1, 1), padding=(1, 1))
        (conv2): Conv2d(12, 12, kernel_size=(3, 3), stride=(1, 1), padding=(1, 1))
        (relu): LeakyReLU(negative_slope=0.2, inplace=True)
      )
      (6): ResidualBlockNoBN(
        (conv1): Conv2d(12, 12, kernel_size=(3, 3), stride=(1, 1), padding=(1, 1))
        (conv2): Conv2d(12, 12, kernel_size=(3, 3), stride=(1, 1), padding=(1, 1))
        (relu): LeakyReLU(negative_slope=0.2, inplace=True)
      )
      (7): ResidualBlockNoBN(
        (conv1): Conv2d(12, 12, kernel_size=(3, 3), stride=(1, 1), padding=(1, 1))
        (conv2): Conv2d(12, 12, kernel_size=(3, 3), stride=(1, 1), padding=(1, 1))
        (relu): LeakyReLU(negative_slope=0.2, inplace=True)
      )
    )
    (transformer_block): Sequential(
      (0): TransformerBlock(
        (norm1): LayerNorm(
          (body): WithBias_LayerNorm()
        )
        (attn): Attention(
          (qkv): Conv2d(12, 36, kernel_size=(1, 1), stride=(1, 1), bias=False)
          (qkv_dwconv): Conv2d(36, 36, kernel_size=(3, 3), stride=(1, 1), padding=(1, 1), groups=36, bias=False)
          (project_out): Conv2d(12, 12, kernel_size=(1, 1), stride=(1, 1), bias=False)
        )
        (norm2): LayerNorm(
          (body): WithBias_LayerNorm()
        )
        (ffn): FeedForward(
          (project_in): Conv2d(12, 96, kernel_size=(1, 1), stride=(1, 1), bias=False)
          (dwconv): Conv2d(96, 96, kernel_size=(3, 3), stride=(1, 1), padding=(1, 1), groups=96, bias=False)
          (project_out): Conv2d(48, 12, kernel_size=(1, 1), stride=(1, 1), bias=False)
        )
      )
      (1): TransformerBlock(
        (norm1): LayerNorm(
          (body): WithBias_LayerNorm()
        )
        (attn): Attention(
          (qkv): Conv2d(12, 36, kernel_size=(1, 1), stride=(1, 1), bias=False)
          (qkv_dwconv): Conv2d(36, 36, kernel_size=(3, 3), stride=(1, 1), padding=(1, 1), groups=36, bias=False)
          (project_out): Conv2d(12, 12, kernel_size=(1, 1), stride=(1, 1), bias=False)
        )
        (norm2): LayerNorm(
          (body): WithBias_LayerNorm()
        )
        (ffn): FeedForward(
          (project_in): Conv2d(12, 96, kernel_size=(1, 1), stride=(1, 1), bias=False)
          (dwconv): Conv2d(96, 96, kernel_size=(3, 3), stride=(1, 1), padding=(1, 1), groups=96, bias=False)
          (project_out): Conv2d(48, 12, kernel_size=(1, 1), stride=(1, 1), bias=False)
        )
      )
      (2): TransformerBlock(
        (norm1): LayerNorm(
          (body): WithBias_LayerNorm()
        )
        (attn): Attention(
          (qkv): Conv2d(12, 36, kernel_size=(1, 1), stride=(1, 1), bias=False)
          (qkv_dwconv): Conv2d(36, 36, kernel_size=(3, 3), stride=(1, 1), padding=(1, 1), groups=36, bias=False)
          (project_out): Conv2d(12, 12, kernel_size=(1, 1), stride=(1, 1), bias=False)
        )
        (norm2): LayerNorm(
          (body): WithBias_LayerNorm()
        )
        (ffn): FeedForward(
          (project_in): Conv2d(12, 96, kernel_size=(1, 1), stride=(1, 1), bias=False)
          (dwconv): Conv2d(96, 96, kernel_size=(3, 3), stride=(1, 1), padding=(1, 1), groups=96, bias=False)
          (project_out): Conv2d(48, 12, kernel_size=(1, 1), stride=(1, 1), bias=False)
        )
      )
      (3): TransformerBlock(
        (norm1): LayerNorm(
          (body): WithBias_LayerNorm()
        )
        (attn): Attention(
          (qkv): Conv2d(12, 36, kernel_size=(1, 1), stride=(1, 1), bias=False)
          (qkv_dwconv): Conv2d(36, 36, kernel_size=(3, 3), stride=(1, 1), padding=(1, 1), groups=36, bias=False)
          (project_out): Conv2d(12, 12, kernel_size=(1, 1), stride=(1, 1), bias=False)
        )
        (norm2): LayerNorm(
          (body): WithBias_LayerNorm()
        )
        (ffn): FeedForward(
          (project_in): Conv2d(12, 96, kernel_size=(1, 1), stride=(1, 1), bias=False)
          (dwconv): Conv2d(96, 96, kernel_size=(3, 3), stride=(1, 1), padding=(1, 1), groups=96, bias=False)
          (project_out): Conv2d(48, 12, kernel_size=(1, 1), stride=(1, 1), bias=False)
        )
      )
    )
    (prompt): PromptGenBlock(
      (linear_layer): Linear(in_features=12, out_features=3, bias=True)
      (conv3x3): Conv2d(12, 12, kernel_size=(3, 3), stride=(1, 1), padding=(1, 1), bias=False)
    )
    (fuse): Conv2d(24, 12, kernel_size=(3, 3), stride=(1, 1), padding=(1, 1))
  )
)
2025-07-13 13:00:39,729 - INFO - VSN(
  (bitencoder): DW_Encoder(
    (conv1): ConvBlock(
      (layers): Sequential(
        (0): ConvINRelu(
          (layers): Sequential(
            (0): Conv2d(3, 16, kernel_size=(3, 3), stride=(1, 1), padding=(1, 1))
            (1): BatchNorm2d(16, eps=1e-05, momentum=0.1, affine=True, track_running_stats=True)
            (2): ReLU(inplace=True)
          )
        )
        (1): ConvINRelu(
          (layers): Sequential(
            (0): Conv2d(16, 16, kernel_size=(3, 3), stride=(1, 1), padding=(1, 1))
            (1): BatchNorm2d(16, eps=1e-05, momentum=0.1, affine=True, track_running_stats=True)
            (2): ReLU(inplace=True)
          )
        )
      )
    )
    (down1): Down(
      (layer): Sequential(
        (0): ConvBlock(
          (layers): Sequential(
            (0): ConvINRelu(
              (layers): Sequential(
                (0): Conv2d(16, 16, kernel_size=(3, 3), stride=(2, 2), padding=(1, 1))
                (1): BatchNorm2d(16, eps=1e-05, momentum=0.1, affine=True, track_running_stats=True)
                (2): ReLU(inplace=True)
              )
            )
          )
        )
        (1): ConvBlock(
          (layers): Sequential(
            (0): ConvINRelu(
              (layers): Sequential(
                (0): Conv2d(16, 32, kernel_size=(3, 3), stride=(1, 1), padding=(1, 1))
                (1): BatchNorm2d(32, eps=1e-05, momentum=0.1, affine=True, track_running_stats=True)
                (2): ReLU(inplace=True)
              )
            )
            (1): ConvINRelu(
              (layers): Sequential(
                (0): Conv2d(32, 32, kernel_size=(3, 3), stride=(1, 1), padding=(1, 1))
                (1): BatchNorm2d(32, eps=1e-05, momentum=0.1, affine=True, track_running_stats=True)
                (2): ReLU(inplace=True)
              )
            )
          )
        )
      )
    )
    (down2): Down(
      (layer): Sequential(
        (0): ConvBlock(
          (layers): Sequential(
            (0): ConvINRelu(
              (layers): Sequential(
                (0): Conv2d(32, 32, kernel_size=(3, 3), stride=(2, 2), padding=(1, 1))
                (1): BatchNorm2d(32, eps=1e-05, momentum=0.1, affine=True, track_running_stats=True)
                (2): ReLU(inplace=True)
              )
            )
          )
        )
        (1): ConvBlock(
          (layers): Sequential(
            (0): ConvINRelu(
              (layers): Sequential(
                (0): Conv2d(32, 64, kernel_size=(3, 3), stride=(1, 1), padding=(1, 1))
                (1): BatchNorm2d(64, eps=1e-05, momentum=0.1, affine=True, track_running_stats=True)
                (2): ReLU(inplace=True)
              )
            )
            (1): ConvINRelu(
              (layers): Sequential(
                (0): Conv2d(64, 64, kernel_size=(3, 3), stride=(1, 1), padding=(1, 1))
                (1): BatchNorm2d(64, eps=1e-05, momentum=0.1, affine=True, track_running_stats=True)
                (2): ReLU(inplace=True)
              )
            )
          )
        )
      )
    )
    (down3): Down(
      (layer): Sequential(
        (0): ConvBlock(
          (layers): Sequential(
            (0): ConvINRelu(
              (layers): Sequential(
                (0): Conv2d(64, 64, kernel_size=(3, 3), stride=(2, 2), padding=(1, 1))
                (1): BatchNorm2d(64, eps=1e-05, momentum=0.1, affine=True, track_running_stats=True)
                (2): ReLU(inplace=True)
              )
            )
          )
        )
        (1): ConvBlock(
          (layers): Sequential(
            (0): ConvINRelu(
              (layers): Sequential(
                (0): Conv2d(64, 128, kernel_size=(3, 3), stride=(1, 1), padding=(1, 1))
                (1): BatchNorm2d(128, eps=1e-05, momentum=0.1, affine=True, track_running_stats=True)
                (2): ReLU(inplace=True)
              )
            )
            (1): ConvINRelu(
              (layers): Sequential(
                (0): Conv2d(128, 128, kernel_size=(3, 3), stride=(1, 1), padding=(1, 1))
                (1): BatchNorm2d(128, eps=1e-05, momentum=0.1, affine=True, track_running_stats=True)
                (2): ReLU(inplace=True)
              )
            )
          )
        )
      )
    )
    (up2): UP(
      (conv): ConvBlock(
        (layers): Sequential(
          (0): ConvINRelu(
            (layers): Sequential(
              (0): Conv2d(128, 64, kernel_size=(3, 3), stride=(1, 1), padding=(1, 1))
              (1): BatchNorm2d(64, eps=1e-05, momentum=0.1, affine=True, track_running_stats=True)
              (2): ReLU(inplace=True)
            )
          )
        )
      )
    )
    (linear2): Linear(in_features=30, out_features=900, bias=True)
    (Conv_message2): ConvBlock(
      (layers): Sequential(
        (0): ConvINRelu(
          (layers): Sequential(
            (0): Conv2d(1, 64, kernel_size=(3, 3), stride=(1, 1), padding=(1, 1))
            (1): BatchNorm2d(64, eps=1e-05, momentum=0.1, affine=True, track_running_stats=True)
            (2): ReLU(inplace=True)
          )
        )
        (1): ConvINRelu(
          (layers): Sequential(
            (0): Conv2d(64, 64, kernel_size=(3, 3), stride=(1, 1), padding=(1, 1))
            (1): BatchNorm2d(64, eps=1e-05, momentum=0.1, affine=True, track_running_stats=True)
            (2): ReLU(inplace=True)
          )
        )
      )
    )
    (att2): ResBlock(
      (layers): Sequential(
        (0): BottleneckBlock(
          (change): Sequential(
            (0): Conv2d(192, 64, kernel_size=(1, 1), stride=(1, 1), bias=False)
            (1): BatchNorm2d(64, eps=1e-05, momentum=0.1, affine=True, track_running_stats=True)
          )
          (left): Sequential(
            (0): Conv2d(192, 64, kernel_size=(1, 1), stride=(1, 1), bias=False)
            (1): BatchNorm2d(64, eps=1e-05, momentum=0.1, affine=True, track_running_stats=True)
            (2): ReLU(inplace=True)
            (3): Conv2d(64, 64, kernel_size=(3, 3), stride=(1, 1), padding=(1, 1), bias=False)
            (4): BatchNorm2d(64, eps=1e-05, momentum=0.1, affine=True, track_running_stats=True)
            (5): ReLU(inplace=True)
            (6): Conv2d(64, 64, kernel_size=(1, 1), stride=(1, 1), bias=False)
            (7): BatchNorm2d(64, eps=1e-05, momentum=0.1, affine=True, track_running_stats=True)
          )
          (attention): SEAttention(
            (se): Sequential(
              (0): AdaptiveAvgPool2d(output_size=(1, 1))
              (1): Conv2d(64, 8, kernel_size=(1, 1), stride=(1, 1), bias=False)
              (2): ReLU(inplace=True)
              (3): Conv2d(8, 64, kernel_size=(1, 1), stride=(1, 1), bias=False)
              (4): Sigmoid()
            )
          )
        )
        (1): BottleneckBlock(
          (left): Sequential(
            (0): Conv2d(64, 64, kernel_size=(1, 1), stride=(1, 1), bias=False)
            (1): BatchNorm2d(64, eps=1e-05, momentum=0.1, affine=True, track_running_stats=True)
            (2): ReLU(inplace=True)
            (3): Conv2d(64, 64, kernel_size=(3, 3), stride=(1, 1), padding=(1, 1), bias=False)
            (4): BatchNorm2d(64, eps=1e-05, momentum=0.1, affine=True, track_running_stats=True)
            (5): ReLU(inplace=True)
            (6): Conv2d(64, 64, kernel_size=(1, 1), stride=(1, 1), bias=False)
            (7): BatchNorm2d(64, eps=1e-05, momentum=0.1, affine=True, track_running_stats=True)
          )
          (attention): SEAttention(
            (se): Sequential(
              (0): AdaptiveAvgPool2d(output_size=(1, 1))
              (1): Conv2d(64, 8, kernel_size=(1, 1), stride=(1, 1), bias=False)
              (2): ReLU(inplace=True)
              (3): Conv2d(8, 64, kernel_size=(1, 1), stride=(1, 1), bias=False)
              (4): Sigmoid()
            )
          )
        )
      )
    )
    (up1): UP(
      (conv): ConvBlock(
        (layers): Sequential(
          (0): ConvINRelu(
            (layers): Sequential(
              (0): Conv2d(64, 32, kernel_size=(3, 3), stride=(1, 1), padding=(1, 1))
              (1): BatchNorm2d(32, eps=1e-05, momentum=0.1, affine=True, track_running_stats=True)
              (2): ReLU(inplace=True)
            )
          )
        )
      )
    )
    (linear1): Linear(in_features=30, out_features=900, bias=True)
    (Conv_message1): ConvBlock(
      (layers): Sequential(
        (0): ConvINRelu(
          (layers): Sequential(
            (0): Conv2d(1, 64, kernel_size=(3, 3), stride=(1, 1), padding=(1, 1))
            (1): BatchNorm2d(64, eps=1e-05, momentum=0.1, affine=True, track_running_stats=True)
            (2): ReLU(inplace=True)
          )
        )
        (1): ConvINRelu(
          (layers): Sequential(
            (0): Conv2d(64, 64, kernel_size=(3, 3), stride=(1, 1), padding=(1, 1))
            (1): BatchNorm2d(64, eps=1e-05, momentum=0.1, affine=True, track_running_stats=True)
            (2): ReLU(inplace=True)
          )
        )
      )
    )
    (att1): ResBlock(
      (layers): Sequential(
        (0): BottleneckBlock(
          (change): Sequential(
            (0): Conv2d(128, 32, kernel_size=(1, 1), stride=(1, 1), bias=False)
            (1): BatchNorm2d(32, eps=1e-05, momentum=0.1, affine=True, track_running_stats=True)
          )
          (left): Sequential(
            (0): Conv2d(128, 32, kernel_size=(1, 1), stride=(1, 1), bias=False)
            (1): BatchNorm2d(32, eps=1e-05, momentum=0.1, affine=True, track_running_stats=True)
            (2): ReLU(inplace=True)
            (3): Conv2d(32, 32, kernel_size=(3, 3), stride=(1, 1), padding=(1, 1), bias=False)
            (4): BatchNorm2d(32, eps=1e-05, momentum=0.1, affine=True, track_running_stats=True)
            (5): ReLU(inplace=True)
            (6): Conv2d(32, 32, kernel_size=(1, 1), stride=(1, 1), bias=False)
            (7): BatchNorm2d(32, eps=1e-05, momentum=0.1, affine=True, track_running_stats=True)
          )
          (attention): SEAttention(
            (se): Sequential(
              (0): AdaptiveAvgPool2d(output_size=(1, 1))
              (1): Conv2d(32, 4, kernel_size=(1, 1), stride=(1, 1), bias=False)
              (2): ReLU(inplace=True)
              (3): Conv2d(4, 32, kernel_size=(1, 1), stride=(1, 1), bias=False)
              (4): Sigmoid()
            )
          )
        )
        (1): BottleneckBlock(
          (left): Sequential(
            (0): Conv2d(32, 32, kernel_size=(1, 1), stride=(1, 1), bias=False)
            (1): BatchNorm2d(32, eps=1e-05, momentum=0.1, affine=True, track_running_stats=True)
            (2): ReLU(inplace=True)
            (3): Conv2d(32, 32, kernel_size=(3, 3), stride=(1, 1), padding=(1, 1), bias=False)
            (4): BatchNorm2d(32, eps=1e-05, momentum=0.1, affine=True, track_running_stats=True)
            (5): ReLU(inplace=True)
            (6): Conv2d(32, 32, kernel_size=(1, 1), stride=(1, 1), bias=False)
            (7): BatchNorm2d(32, eps=1e-05, momentum=0.1, affine=True, track_running_stats=True)
          )
          (attention): SEAttention(
            (se): Sequential(
              (0): AdaptiveAvgPool2d(output_size=(1, 1))
              (1): Conv2d(32, 4, kernel_size=(1, 1), stride=(1, 1), bias=False)
              (2): ReLU(inplace=True)
              (3): Conv2d(4, 32, kernel_size=(1, 1), stride=(1, 1), bias=False)
              (4): Sigmoid()
            )
          )
        )
      )
    )
    (up0): UP(
      (conv): ConvBlock(
        (layers): Sequential(
          (0): ConvINRelu(
            (layers): Sequential(
              (0): Conv2d(32, 16, kernel_size=(3, 3), stride=(1, 1), padding=(1, 1))
              (1): BatchNorm2d(16, eps=1e-05, momentum=0.1, affine=True, track_running_stats=True)
              (2): ReLU(inplace=True)
            )
          )
        )
      )
    )
    (linear0): Linear(in_features=30, out_features=900, bias=True)
    (Conv_message0): ConvBlock(
      (layers): Sequential(
        (0): ConvINRelu(
          (layers): Sequential(
            (0): Conv2d(1, 64, kernel_size=(3, 3), stride=(1, 1), padding=(1, 1))
            (1): BatchNorm2d(64, eps=1e-05, momentum=0.1, affine=True, track_running_stats=True)
            (2): ReLU(inplace=True)
          )
        )
        (1): ConvINRelu(
          (layers): Sequential(
            (0): Conv2d(64, 64, kernel_size=(3, 3), stride=(1, 1), padding=(1, 1))
            (1): BatchNorm2d(64, eps=1e-05, momentum=0.1, affine=True, track_running_stats=True)
            (2): ReLU(inplace=True)
          )
        )
      )
    )
    (att0): ResBlock(
      (layers): Sequential(
        (0): BottleneckBlock(
          (change): Sequential(
            (0): Conv2d(96, 16, kernel_size=(1, 1), stride=(1, 1), bias=False)
            (1): BatchNorm2d(16, eps=1e-05, momentum=0.1, affine=True, track_running_stats=True)
          )
          (left): Sequential(
            (0): Conv2d(96, 16, kernel_size=(1, 1), stride=(1, 1), bias=False)
            (1): BatchNorm2d(16, eps=1e-05, momentum=0.1, affine=True, track_running_stats=True)
            (2): ReLU(inplace=True)
            (3): Conv2d(16, 16, kernel_size=(3, 3), stride=(1, 1), padding=(1, 1), bias=False)
            (4): BatchNorm2d(16, eps=1e-05, momentum=0.1, affine=True, track_running_stats=True)
            (5): ReLU(inplace=True)
            (6): Conv2d(16, 16, kernel_size=(1, 1), stride=(1, 1), bias=False)
            (7): BatchNorm2d(16, eps=1e-05, momentum=0.1, affine=True, track_running_stats=True)
          )
          (attention): SEAttention(
            (se): Sequential(
              (0): AdaptiveAvgPool2d(output_size=(1, 1))
              (1): Conv2d(16, 2, kernel_size=(1, 1), stride=(1, 1), bias=False)
              (2): ReLU(inplace=True)
              (3): Conv2d(2, 16, kernel_size=(1, 1), stride=(1, 1), bias=False)
              (4): Sigmoid()
            )
          )
        )
        (1): BottleneckBlock(
          (left): Sequential(
            (0): Conv2d(16, 16, kernel_size=(1, 1), stride=(1, 1), bias=False)
            (1): BatchNorm2d(16, eps=1e-05, momentum=0.1, affine=True, track_running_stats=True)
            (2): ReLU(inplace=True)
            (3): Conv2d(16, 16, kernel_size=(3, 3), stride=(1, 1), padding=(1, 1), bias=False)
            (4): BatchNorm2d(16, eps=1e-05, momentum=0.1, affine=True, track_running_stats=True)
            (5): ReLU(inplace=True)
            (6): Conv2d(16, 16, kernel_size=(1, 1), stride=(1, 1), bias=False)
            (7): BatchNorm2d(16, eps=1e-05, momentum=0.1, affine=True, track_running_stats=True)
          )
          (attention): SEAttention(
            (se): Sequential(
              (0): AdaptiveAvgPool2d(output_size=(1, 1))
              (1): Conv2d(16, 2, kernel_size=(1, 1), stride=(1, 1), bias=False)
              (2): ReLU(inplace=True)
              (3): Conv2d(2, 16, kernel_size=(1, 1), stride=(1, 1), bias=False)
              (4): Sigmoid()
            )
          )
        )
      )
    )
    (Conv_1x1): Conv2d(19, 3, kernel_size=(1, 1), stride=(1, 1))
  )
  (bitdecoder): DW_Decoder(
    (conv1): ConvBlock(
      (layers): Sequential(
        (0): ConvINRelu(
          (layers): Sequential(
            (0): Conv2d(3, 16, kernel_size=(3, 3), stride=(1, 1), padding=(1, 1))
            (1): BatchNorm2d(16, eps=1e-05, momentum=0.1, affine=True, track_running_stats=True)
            (2): ReLU(inplace=True)
          )
        )
        (1): ConvINRelu(
          (layers): Sequential(
            (0): Conv2d(16, 16, kernel_size=(3, 3), stride=(1, 1), padding=(1, 1))
            (1): BatchNorm2d(16, eps=1e-05, momentum=0.1, affine=True, track_running_stats=True)
            (2): ReLU(inplace=True)
          )
        )
      )
    )
    (down1): Down(
      (layer): Sequential(
        (0): ConvBlock(
          (layers): Sequential(
            (0): ConvINRelu(
              (layers): Sequential(
                (0): Conv2d(16, 16, kernel_size=(3, 3), stride=(2, 2), padding=(1, 1))
                (1): BatchNorm2d(16, eps=1e-05, momentum=0.1, affine=True, track_running_stats=True)
                (2): ReLU(inplace=True)
              )
            )
          )
        )
        (1): ConvBlock(
          (layers): Sequential(
            (0): ConvINRelu(
              (layers): Sequential(
                (0): Conv2d(16, 32, kernel_size=(3, 3), stride=(1, 1), padding=(1, 1))
                (1): BatchNorm2d(32, eps=1e-05, momentum=0.1, affine=True, track_running_stats=True)
                (2): ReLU(inplace=True)
              )
            )
            (1): ConvINRelu(
              (layers): Sequential(
                (0): Conv2d(32, 32, kernel_size=(3, 3), stride=(1, 1), padding=(1, 1))
                (1): BatchNorm2d(32, eps=1e-05, momentum=0.1, affine=True, track_running_stats=True)
                (2): ReLU(inplace=True)
              )
            )
          )
        )
      )
    )
    (down2): Down(
      (layer): Sequential(
        (0): ConvBlock(
          (layers): Sequential(
            (0): ConvINRelu(
              (layers): Sequential(
                (0): Conv2d(32, 32, kernel_size=(3, 3), stride=(2, 2), padding=(1, 1))
                (1): BatchNorm2d(32, eps=1e-05, momentum=0.1, affine=True, track_running_stats=True)
                (2): ReLU(inplace=True)
              )
            )
          )
        )
        (1): ConvBlock(
          (layers): Sequential(
            (0): ConvINRelu(
              (layers): Sequential(
                (0): Conv2d(32, 64, kernel_size=(3, 3), stride=(1, 1), padding=(1, 1))
                (1): BatchNorm2d(64, eps=1e-05, momentum=0.1, affine=True, track_running_stats=True)
                (2): ReLU(inplace=True)
              )
            )
            (1): ConvINRelu(
              (layers): Sequential(
                (0): Conv2d(64, 64, kernel_size=(3, 3), stride=(1, 1), padding=(1, 1))
                (1): BatchNorm2d(64, eps=1e-05, momentum=0.1, affine=True, track_running_stats=True)
                (2): ReLU(inplace=True)
              )
            )
          )
        )
      )
    )
    (down3): Down(
      (layer): Sequential(
        (0): ConvBlock(
          (layers): Sequential(
            (0): ConvINRelu(
              (layers): Sequential(
                (0): Conv2d(64, 64, kernel_size=(3, 3), stride=(2, 2), padding=(1, 1))
                (1): BatchNorm2d(64, eps=1e-05, momentum=0.1, affine=True, track_running_stats=True)
                (2): ReLU(inplace=True)
              )
            )
          )
        )
        (1): ConvBlock(
          (layers): Sequential(
            (0): ConvINRelu(
              (layers): Sequential(
                (0): Conv2d(64, 128, kernel_size=(3, 3), stride=(1, 1), padding=(1, 1))
                (1): BatchNorm2d(128, eps=1e-05, momentum=0.1, affine=True, track_running_stats=True)
                (2): ReLU(inplace=True)
              )
            )
            (1): ConvINRelu(
              (layers): Sequential(
                (0): Conv2d(128, 128, kernel_size=(3, 3), stride=(1, 1), padding=(1, 1))
                (1): BatchNorm2d(128, eps=1e-05, momentum=0.1, affine=True, track_running_stats=True)
                (2): ReLU(inplace=True)
              )
            )
          )
        )
      )
    )
    (up2): UP(
      (conv): ConvBlock(
        (layers): Sequential(
          (0): ConvINRelu(
            (layers): Sequential(
              (0): Conv2d(128, 64, kernel_size=(3, 3), stride=(1, 1), padding=(1, 1))
              (1): BatchNorm2d(64, eps=1e-05, momentum=0.1, affine=True, track_running_stats=True)
              (2): ReLU(inplace=True)
            )
          )
        )
      )
    )
    (att2): ResBlock(
      (layers): Sequential(
        (0): BottleneckBlock(
          (change): Sequential(
            (0): Conv2d(128, 64, kernel_size=(1, 1), stride=(1, 1), bias=False)
            (1): BatchNorm2d(64, eps=1e-05, momentum=0.1, affine=True, track_running_stats=True)
          )
          (left): Sequential(
            (0): Conv2d(128, 64, kernel_size=(1, 1), stride=(1, 1), bias=False)
            (1): BatchNorm2d(64, eps=1e-05, momentum=0.1, affine=True, track_running_stats=True)
            (2): ReLU(inplace=True)
            (3): Conv2d(64, 64, kernel_size=(3, 3), stride=(1, 1), padding=(1, 1), bias=False)
            (4): BatchNorm2d(64, eps=1e-05, momentum=0.1, affine=True, track_running_stats=True)
            (5): ReLU(inplace=True)
            (6): Conv2d(64, 64, kernel_size=(1, 1), stride=(1, 1), bias=False)
            (7): BatchNorm2d(64, eps=1e-05, momentum=0.1, affine=True, track_running_stats=True)
          )
          (attention): SEAttention(
            (se): Sequential(
              (0): AdaptiveAvgPool2d(output_size=(1, 1))
              (1): Conv2d(64, 8, kernel_size=(1, 1), stride=(1, 1), bias=False)
              (2): ReLU(inplace=True)
              (3): Conv2d(8, 64, kernel_size=(1, 1), stride=(1, 1), bias=False)
              (4): Sigmoid()
            )
          )
        )
        (1): BottleneckBlock(
          (left): Sequential(
            (0): Conv2d(64, 64, kernel_size=(1, 1), stride=(1, 1), bias=False)
            (1): BatchNorm2d(64, eps=1e-05, momentum=0.1, affine=True, track_running_stats=True)
            (2): ReLU(inplace=True)
            (3): Conv2d(64, 64, kernel_size=(3, 3), stride=(1, 1), padding=(1, 1), bias=False)
            (4): BatchNorm2d(64, eps=1e-05, momentum=0.1, affine=True, track_running_stats=True)
            (5): ReLU(inplace=True)
            (6): Conv2d(64, 64, kernel_size=(1, 1), stride=(1, 1), bias=False)
            (7): BatchNorm2d(64, eps=1e-05, momentum=0.1, affine=True, track_running_stats=True)
          )
          (attention): SEAttention(
            (se): Sequential(
              (0): AdaptiveAvgPool2d(output_size=(1, 1))
              (1): Conv2d(64, 8, kernel_size=(1, 1), stride=(1, 1), bias=False)
              (2): ReLU(inplace=True)
              (3): Conv2d(8, 64, kernel_size=(1, 1), stride=(1, 1), bias=False)
              (4): Sigmoid()
            )
          )
        )
      )
    )
    (up1): UP(
      (conv): ConvBlock(
        (layers): Sequential(
          (0): ConvINRelu(
            (layers): Sequential(
              (0): Conv2d(64, 32, kernel_size=(3, 3), stride=(1, 1), padding=(1, 1))
              (1): BatchNorm2d(32, eps=1e-05, momentum=0.1, affine=True, track_running_stats=True)
              (2): ReLU(inplace=True)
            )
          )
        )
      )
    )
    (att1): ResBlock(
      (layers): Sequential(
        (0): BottleneckBlock(
          (change): Sequential(
            (0): Conv2d(64, 32, kernel_size=(1, 1), stride=(1, 1), bias=False)
            (1): BatchNorm2d(32, eps=1e-05, momentum=0.1, affine=True, track_running_stats=True)
          )
          (left): Sequential(
            (0): Conv2d(64, 32, kernel_size=(1, 1), stride=(1, 1), bias=False)
            (1): BatchNorm2d(32, eps=1e-05, momentum=0.1, affine=True, track_running_stats=True)
            (2): ReLU(inplace=True)
            (3): Conv2d(32, 32, kernel_size=(3, 3), stride=(1, 1), padding=(1, 1), bias=False)
            (4): BatchNorm2d(32, eps=1e-05, momentum=0.1, affine=True, track_running_stats=True)
            (5): ReLU(inplace=True)
            (6): Conv2d(32, 32, kernel_size=(1, 1), stride=(1, 1), bias=False)
            (7): BatchNorm2d(32, eps=1e-05, momentum=0.1, affine=True, track_running_stats=True)
          )
          (attention): SEAttention(
            (se): Sequential(
              (0): AdaptiveAvgPool2d(output_size=(1, 1))
              (1): Conv2d(32, 4, kernel_size=(1, 1), stride=(1, 1), bias=False)
              (2): ReLU(inplace=True)
              (3): Conv2d(4, 32, kernel_size=(1, 1), stride=(1, 1), bias=False)
              (4): Sigmoid()
            )
          )
        )
        (1): BottleneckBlock(
          (left): Sequential(
            (0): Conv2d(32, 32, kernel_size=(1, 1), stride=(1, 1), bias=False)
            (1): BatchNorm2d(32, eps=1e-05, momentum=0.1, affine=True, track_running_stats=True)
            (2): ReLU(inplace=True)
            (3): Conv2d(32, 32, kernel_size=(3, 3), stride=(1, 1), padding=(1, 1), bias=False)
            (4): BatchNorm2d(32, eps=1e-05, momentum=0.1, affine=True, track_running_stats=True)
            (5): ReLU(inplace=True)
            (6): Conv2d(32, 32, kernel_size=(1, 1), stride=(1, 1), bias=False)
            (7): BatchNorm2d(32, eps=1e-05, momentum=0.1, affine=True, track_running_stats=True)
          )
          (attention): SEAttention(
            (se): Sequential(
              (0): AdaptiveAvgPool2d(output_size=(1, 1))
              (1): Conv2d(32, 4, kernel_size=(1, 1), stride=(1, 1), bias=False)
              (2): ReLU(inplace=True)
              (3): Conv2d(4, 32, kernel_size=(1, 1), stride=(1, 1), bias=False)
              (4): Sigmoid()
            )
          )
        )
      )
    )
    (up0): UP(
      (conv): ConvBlock(
        (layers): Sequential(
          (0): ConvINRelu(
            (layers): Sequential(
              (0): Conv2d(32, 16, kernel_size=(3, 3), stride=(1, 1), padding=(1, 1))
              (1): BatchNorm2d(16, eps=1e-05, momentum=0.1, affine=True, track_running_stats=True)
              (2): ReLU(inplace=True)
            )
          )
        )
      )
    )
    (att0): ResBlock(
      (layers): Sequential(
        (0): BottleneckBlock(
          (change): Sequential(
            (0): Conv2d(32, 16, kernel_size=(1, 1), stride=(1, 1), bias=False)
            (1): BatchNorm2d(16, eps=1e-05, momentum=0.1, affine=True, track_running_stats=True)
          )
          (left): Sequential(
            (0): Conv2d(32, 16, kernel_size=(1, 1), stride=(1, 1), bias=False)
            (1): BatchNorm2d(16, eps=1e-05, momentum=0.1, affine=True, track_running_stats=True)
            (2): ReLU(inplace=True)
            (3): Conv2d(16, 16, kernel_size=(3, 3), stride=(1, 1), padding=(1, 1), bias=False)
            (4): BatchNorm2d(16, eps=1e-05, momentum=0.1, affine=True, track_running_stats=True)
            (5): ReLU(inplace=True)
            (6): Conv2d(16, 16, kernel_size=(1, 1), stride=(1, 1), bias=False)
            (7): BatchNorm2d(16, eps=1e-05, momentum=0.1, affine=True, track_running_stats=True)
          )
          (attention): SEAttention(
            (se): Sequential(
              (0): AdaptiveAvgPool2d(output_size=(1, 1))
              (1): Conv2d(16, 2, kernel_size=(1, 1), stride=(1, 1), bias=False)
              (2): ReLU(inplace=True)
              (3): Conv2d(2, 16, kernel_size=(1, 1), stride=(1, 1), bias=False)
              (4): Sigmoid()
            )
          )
        )
        (1): BottleneckBlock(
          (left): Sequential(
            (0): Conv2d(16, 16, kernel_size=(1, 1), stride=(1, 1), bias=False)
            (1): BatchNorm2d(16, eps=1e-05, momentum=0.1, affine=True, track_running_stats=True)
            (2): ReLU(inplace=True)
            (3): Conv2d(16, 16, kernel_size=(3, 3), stride=(1, 1), padding=(1, 1), bias=False)
            (4): BatchNorm2d(16, eps=1e-05, momentum=0.1, affine=True, track_running_stats=True)
            (5): ReLU(inplace=True)
            (6): Conv2d(16, 16, kernel_size=(1, 1), stride=(1, 1), bias=False)
            (7): BatchNorm2d(16, eps=1e-05, momentum=0.1, affine=True, track_running_stats=True)
          )
          (attention): SEAttention(
            (se): Sequential(
              (0): AdaptiveAvgPool2d(output_size=(1, 1))
              (1): Conv2d(16, 2, kernel_size=(1, 1), stride=(1, 1), bias=False)
              (2): ReLU(inplace=True)
              (3): Conv2d(2, 16, kernel_size=(1, 1), stride=(1, 1), bias=False)
              (4): Sigmoid()
            )
          )
        )
      )
    )
    (Conv_1x1): Conv2d(16, 1, kernel_size=(1, 1), stride=(1, 1), bias=False)
    (message_layer): Linear(in_features=900, out_features=30, bias=True)
  )
  (irn): InvNN(
    (operations): ModuleList(
      (0-11): 12 x InvBlock(
        (F): DenseBlock(
          (conv1): Conv2d(12, 32, kernel_size=(3, 3), stride=(1, 1), padding=(1, 1))
          (conv2): Conv2d(44, 32, kernel_size=(3, 3), stride=(1, 1), padding=(1, 1))
          (conv3): Conv2d(76, 32, kernel_size=(3, 3), stride=(1, 1), padding=(1, 1))
          (conv4): Conv2d(108, 32, kernel_size=(3, 3), stride=(1, 1), padding=(1, 1))
          (conv5): Conv2d(140, 12, kernel_size=(3, 3), stride=(1, 1), padding=(1, 1))
          (lrelu): LeakyReLU(negative_slope=0.2, inplace=True)
        )
        (NF): NAFBlock(
          (conv1): Conv2d(12, 24, kernel_size=(1, 1), stride=(1, 1))
          (conv2): Conv2d(24, 24, kernel_size=(3, 3), stride=(1, 1), padding=(1, 1), groups=24)
          (conv3): Conv2d(12, 12, kernel_size=(1, 1), stride=(1, 1))
          (sca): Sequential(
            (0): AdaptiveAvgPool2d(output_size=1)
            (1): Conv2d(12, 12, kernel_size=(1, 1), stride=(1, 1))
          )
          (sg): SimpleGate()
          (conv4): Conv2d(12, 24, kernel_size=(1, 1), stride=(1, 1))
          (conv5): Conv2d(12, 12, kernel_size=(1, 1), stride=(1, 1))
          (norm1): LayerNorm2d()
          (norm2): LayerNorm2d()
          (dropout1): Identity()
          (dropout2): Identity()
        )
        (G): DenseBlock(
          (conv1): Conv2d(12, 32, kernel_size=(3, 3), stride=(1, 1), padding=(1, 1))
          (conv2): Conv2d(44, 32, kernel_size=(3, 3), stride=(1, 1), padding=(1, 1))
          (conv3): Conv2d(76, 32, kernel_size=(3, 3), stride=(1, 1), padding=(1, 1))
          (conv4): Conv2d(108, 32, kernel_size=(3, 3), stride=(1, 1), padding=(1, 1))
          (conv5): Conv2d(140, 12, kernel_size=(3, 3), stride=(1, 1), padding=(1, 1))
          (lrelu): LeakyReLU(negative_slope=0.2, inplace=True)
        )
        (NG): NAFBlock(
          (conv1): Conv2d(12, 24, kernel_size=(1, 1), stride=(1, 1))
          (conv2): Conv2d(24, 24, kernel_size=(3, 3), stride=(1, 1), padding=(1, 1), groups=24)
          (conv3): Conv2d(12, 12, kernel_size=(1, 1), stride=(1, 1))
          (sca): Sequential(
            (0): AdaptiveAvgPool2d(output_size=1)
            (1): Conv2d(12, 12, kernel_size=(1, 1), stride=(1, 1))
          )
          (sg): SimpleGate()
          (conv4): Conv2d(12, 24, kernel_size=(1, 1), stride=(1, 1))
          (conv5): Conv2d(12, 12, kernel_size=(1, 1), stride=(1, 1))
          (norm1): LayerNorm2d()
          (norm2): LayerNorm2d()
          (dropout1): Identity()
          (dropout2): Identity()
        )
        (H): DenseBlock(
          (conv1): Conv2d(12, 32, kernel_size=(3, 3), stride=(1, 1), padding=(1, 1))
          (conv2): Conv2d(44, 32, kernel_size=(3, 3), stride=(1, 1), padding=(1, 1))
          (conv3): Conv2d(76, 32, kernel_size=(3, 3), stride=(1, 1), padding=(1, 1))
          (conv4): Conv2d(108, 32, kernel_size=(3, 3), stride=(1, 1), padding=(1, 1))
          (conv5): Conv2d(140, 12, kernel_size=(3, 3), stride=(1, 1), padding=(1, 1))
          (lrelu): LeakyReLU(negative_slope=0.2, inplace=True)
        )
        (NH): NAFBlock(
          (conv1): Conv2d(12, 24, kernel_size=(1, 1), stride=(1, 1))
          (conv2): Conv2d(24, 24, kernel_size=(3, 3), stride=(1, 1), padding=(1, 1), groups=24)
          (conv3): Conv2d(12, 12, kernel_size=(1, 1), stride=(1, 1))
          (sca): Sequential(
            (0): AdaptiveAvgPool2d(output_size=1)
            (1): Conv2d(12, 12, kernel_size=(1, 1), stride=(1, 1))
          )
          (sg): SimpleGate()
          (conv4): Conv2d(12, 24, kernel_size=(1, 1), stride=(1, 1))
          (conv5): Conv2d(12, 12, kernel_size=(1, 1), stride=(1, 1))
          (norm1): LayerNorm2d()
          (norm2): LayerNorm2d()
          (dropout1): Identity()
          (dropout2): Identity()
        )
      )
    )
  )
  (pm): PredictiveModuleMIMO_prompt(
    (conv_in): Conv2d(12, 12, kernel_size=(3, 3), stride=(1, 1), padding=(1, 1))
    (res_block): Sequential(
      (0): ResidualBlockNoBN(
        (conv1): Conv2d(12, 12, kernel_size=(3, 3), stride=(1, 1), padding=(1, 1))
        (conv2): Conv2d(12, 12, kernel_size=(3, 3), stride=(1, 1), padding=(1, 1))
        (relu): LeakyReLU(negative_slope=0.2, inplace=True)
      )
      (1): ResidualBlockNoBN(
        (conv1): Conv2d(12, 12, kernel_size=(3, 3), stride=(1, 1), padding=(1, 1))
        (conv2): Conv2d(12, 12, kernel_size=(3, 3), stride=(1, 1), padding=(1, 1))
        (relu): LeakyReLU(negative_slope=0.2, inplace=True)
      )
      (2): ResidualBlockNoBN(
        (conv1): Conv2d(12, 12, kernel_size=(3, 3), stride=(1, 1), padding=(1, 1))
        (conv2): Conv2d(12, 12, kernel_size=(3, 3), stride=(1, 1), padding=(1, 1))
        (relu): LeakyReLU(negative_slope=0.2, inplace=True)
      )
      (3): ResidualBlockNoBN(
        (conv1): Conv2d(12, 12, kernel_size=(3, 3), stride=(1, 1), padding=(1, 1))
        (conv2): Conv2d(12, 12, kernel_size=(3, 3), stride=(1, 1), padding=(1, 1))
        (relu): LeakyReLU(negative_slope=0.2, inplace=True)
      )
      (4): ResidualBlockNoBN(
        (conv1): Conv2d(12, 12, kernel_size=(3, 3), stride=(1, 1), padding=(1, 1))
        (conv2): Conv2d(12, 12, kernel_size=(3, 3), stride=(1, 1), padding=(1, 1))
        (relu): LeakyReLU(negative_slope=0.2, inplace=True)
      )
      (5): ResidualBlockNoBN(
        (conv1): Conv2d(12, 12, kernel_size=(3, 3), stride=(1, 1), padding=(1, 1))
        (conv2): Conv2d(12, 12, kernel_size=(3, 3), stride=(1, 1), padding=(1, 1))
        (relu): LeakyReLU(negative_slope=0.2, inplace=True)
      )
      (6): ResidualBlockNoBN(
        (conv1): Conv2d(12, 12, kernel_size=(3, 3), stride=(1, 1), padding=(1, 1))
        (conv2): Conv2d(12, 12, kernel_size=(3, 3), stride=(1, 1), padding=(1, 1))
        (relu): LeakyReLU(negative_slope=0.2, inplace=True)
      )
      (7): ResidualBlockNoBN(
        (conv1): Conv2d(12, 12, kernel_size=(3, 3), stride=(1, 1), padding=(1, 1))
        (conv2): Conv2d(12, 12, kernel_size=(3, 3), stride=(1, 1), padding=(1, 1))
        (relu): LeakyReLU(negative_slope=0.2, inplace=True)
      )
    )
    (transformer_block): Sequential(
      (0): TransformerBlock(
        (norm1): LayerNorm(
          (body): WithBias_LayerNorm()
        )
        (attn): Attention(
          (qkv): Conv2d(12, 36, kernel_size=(1, 1), stride=(1, 1), bias=False)
          (qkv_dwconv): Conv2d(36, 36, kernel_size=(3, 3), stride=(1, 1), padding=(1, 1), groups=36, bias=False)
          (project_out): Conv2d(12, 12, kernel_size=(1, 1), stride=(1, 1), bias=False)
        )
        (norm2): LayerNorm(
          (body): WithBias_LayerNorm()
        )
        (ffn): FeedForward(
          (project_in): Conv2d(12, 96, kernel_size=(1, 1), stride=(1, 1), bias=False)
          (dwconv): Conv2d(96, 96, kernel_size=(3, 3), stride=(1, 1), padding=(1, 1), groups=96, bias=False)
          (project_out): Conv2d(48, 12, kernel_size=(1, 1), stride=(1, 1), bias=False)
        )
      )
      (1): TransformerBlock(
        (norm1): LayerNorm(
          (body): WithBias_LayerNorm()
        )
        (attn): Attention(
          (qkv): Conv2d(12, 36, kernel_size=(1, 1), stride=(1, 1), bias=False)
          (qkv_dwconv): Conv2d(36, 36, kernel_size=(3, 3), stride=(1, 1), padding=(1, 1), groups=36, bias=False)
          (project_out): Conv2d(12, 12, kernel_size=(1, 1), stride=(1, 1), bias=False)
        )
        (norm2): LayerNorm(
          (body): WithBias_LayerNorm()
        )
        (ffn): FeedForward(
          (project_in): Conv2d(12, 96, kernel_size=(1, 1), stride=(1, 1), bias=False)
          (dwconv): Conv2d(96, 96, kernel_size=(3, 3), stride=(1, 1), padding=(1, 1), groups=96, bias=False)
          (project_out): Conv2d(48, 12, kernel_size=(1, 1), stride=(1, 1), bias=False)
        )
      )
      (2): TransformerBlock(
        (norm1): LayerNorm(
          (body): WithBias_LayerNorm()
        )
        (attn): Attention(
          (qkv): Conv2d(12, 36, kernel_size=(1, 1), stride=(1, 1), bias=False)
          (qkv_dwconv): Conv2d(36, 36, kernel_size=(3, 3), stride=(1, 1), padding=(1, 1), groups=36, bias=False)
          (project_out): Conv2d(12, 12, kernel_size=(1, 1), stride=(1, 1), bias=False)
        )
        (norm2): LayerNorm(
          (body): WithBias_LayerNorm()
        )
        (ffn): FeedForward(
          (project_in): Conv2d(12, 96, kernel_size=(1, 1), stride=(1, 1), bias=False)
          (dwconv): Conv2d(96, 96, kernel_size=(3, 3), stride=(1, 1), padding=(1, 1), groups=96, bias=False)
          (project_out): Conv2d(48, 12, kernel_size=(1, 1), stride=(1, 1), bias=False)
        )
      )
      (3): TransformerBlock(
        (norm1): LayerNorm(
          (body): WithBias_LayerNorm()
        )
        (attn): Attention(
          (qkv): Conv2d(12, 36, kernel_size=(1, 1), stride=(1, 1), bias=False)
          (qkv_dwconv): Conv2d(36, 36, kernel_size=(3, 3), stride=(1, 1), padding=(1, 1), groups=36, bias=False)
          (project_out): Conv2d(12, 12, kernel_size=(1, 1), stride=(1, 1), bias=False)
        )
        (norm2): LayerNorm(
          (body): WithBias_LayerNorm()
        )
        (ffn): FeedForward(
          (project_in): Conv2d(12, 96, kernel_size=(1, 1), stride=(1, 1), bias=False)
          (dwconv): Conv2d(96, 96, kernel_size=(3, 3), stride=(1, 1), padding=(1, 1), groups=96, bias=False)
          (project_out): Conv2d(48, 12, kernel_size=(1, 1), stride=(1, 1), bias=False)
        )
      )
    )
    (prompt): PromptGenBlock(
      (linear_layer): Linear(in_features=12, out_features=3, bias=True)
      (conv3x3): Conv2d(12, 12, kernel_size=(3, 3), stride=(1, 1), padding=(1, 1), bias=False)
    )
    (fuse): Conv2d(24, 12, kernel_size=(3, 3), stride=(1, 1), padding=(1, 1))
  )
)
25-07-13 13:00:39.734 - WARNING: Params [module.irn.operations.0.F.conv1.weight] will not optimize.
2025-07-13 13:00:39,734 - WARNING - Params [module.irn.operations.0.F.conv1.weight] will not optimize.
25-07-13 13:00:39.734 - WARNING: Params [module.irn.operations.0.F.conv1.bias] will not optimize.
2025-07-13 13:00:39,734 - WARNING - Params [module.irn.operations.0.F.conv1.bias] will not optimize.
25-07-13 13:00:39.734 - WARNING: Params [module.irn.operations.0.F.conv2.weight] will not optimize.
2025-07-13 13:00:39,734 - WARNING - Params [module.irn.operations.0.F.conv2.weight] will not optimize.
25-07-13 13:00:39.734 - WARNING: Params [module.irn.operations.0.F.conv2.bias] will not optimize.
2025-07-13 13:00:39,734 - WARNING - Params [module.irn.operations.0.F.conv2.bias] will not optimize.
25-07-13 13:00:39.734 - WARNING: Params [module.irn.operations.0.F.conv3.weight] will not optimize.
2025-07-13 13:00:39,734 - WARNING - Params [module.irn.operations.0.F.conv3.weight] will not optimize.
25-07-13 13:00:39.734 - WARNING: Params [module.irn.operations.0.F.conv3.bias] will not optimize.
2025-07-13 13:00:39,734 - WARNING - Params [module.irn.operations.0.F.conv3.bias] will not optimize.
25-07-13 13:00:39.734 - WARNING: Params [module.irn.operations.0.F.conv4.weight] will not optimize.
2025-07-13 13:00:39,734 - WARNING - Params [module.irn.operations.0.F.conv4.weight] will not optimize.
25-07-13 13:00:39.735 - WARNING: Params [module.irn.operations.0.F.conv4.bias] will not optimize.
2025-07-13 13:00:39,735 - WARNING - Params [module.irn.operations.0.F.conv4.bias] will not optimize.
25-07-13 13:00:39.735 - WARNING: Params [module.irn.operations.0.F.conv5.weight] will not optimize.
2025-07-13 13:00:39,735 - WARNING - Params [module.irn.operations.0.F.conv5.weight] will not optimize.
25-07-13 13:00:39.735 - WARNING: Params [module.irn.operations.0.F.conv5.bias] will not optimize.
2025-07-13 13:00:39,735 - WARNING - Params [module.irn.operations.0.F.conv5.bias] will not optimize.
25-07-13 13:00:39.735 - WARNING: Params [module.irn.operations.0.NF.beta] will not optimize.
2025-07-13 13:00:39,735 - WARNING - Params [module.irn.operations.0.NF.beta] will not optimize.
25-07-13 13:00:39.735 - WARNING: Params [module.irn.operations.0.NF.gamma] will not optimize.
2025-07-13 13:00:39,735 - WARNING - Params [module.irn.operations.0.NF.gamma] will not optimize.
25-07-13 13:00:39.735 - WARNING: Params [module.irn.operations.0.NF.conv1.weight] will not optimize.
2025-07-13 13:00:39,735 - WARNING - Params [module.irn.operations.0.NF.conv1.weight] will not optimize.
25-07-13 13:00:39.735 - WARNING: Params [module.irn.operations.0.NF.conv1.bias] will not optimize.
2025-07-13 13:00:39,735 - WARNING - Params [module.irn.operations.0.NF.conv1.bias] will not optimize.
25-07-13 13:00:39.735 - WARNING: Params [module.irn.operations.0.NF.conv2.weight] will not optimize.
2025-07-13 13:00:39,735 - WARNING - Params [module.irn.operations.0.NF.conv2.weight] will not optimize.
25-07-13 13:00:39.735 - WARNING: Params [module.irn.operations.0.NF.conv2.bias] will not optimize.
2025-07-13 13:00:39,735 - WARNING - Params [module.irn.operations.0.NF.conv2.bias] will not optimize.
25-07-13 13:00:39.735 - WARNING: Params [module.irn.operations.0.NF.conv3.weight] will not optimize.
2025-07-13 13:00:39,735 - WARNING - Params [module.irn.operations.0.NF.conv3.weight] will not optimize.
25-07-13 13:00:39.735 - WARNING: Params [module.irn.operations.0.NF.conv3.bias] will not optimize.
2025-07-13 13:00:39,735 - WARNING - Params [module.irn.operations.0.NF.conv3.bias] will not optimize.
25-07-13 13:00:39.735 - WARNING: Params [module.irn.operations.0.NF.sca.1.weight] will not optimize.
2025-07-13 13:00:39,735 - WARNING - Params [module.irn.operations.0.NF.sca.1.weight] will not optimize.
25-07-13 13:00:39.735 - WARNING: Params [module.irn.operations.0.NF.sca.1.bias] will not optimize.
2025-07-13 13:00:39,735 - WARNING - Params [module.irn.operations.0.NF.sca.1.bias] will not optimize.
25-07-13 13:00:39.735 - WARNING: Params [module.irn.operations.0.NF.conv4.weight] will not optimize.
2025-07-13 13:00:39,735 - WARNING - Params [module.irn.operations.0.NF.conv4.weight] will not optimize.
25-07-13 13:00:39.735 - WARNING: Params [module.irn.operations.0.NF.conv4.bias] will not optimize.
2025-07-13 13:00:39,735 - WARNING - Params [module.irn.operations.0.NF.conv4.bias] will not optimize.
25-07-13 13:00:39.735 - WARNING: Params [module.irn.operations.0.NF.conv5.weight] will not optimize.
2025-07-13 13:00:39,735 - WARNING - Params [module.irn.operations.0.NF.conv5.weight] will not optimize.
25-07-13 13:00:39.735 - WARNING: Params [module.irn.operations.0.NF.conv5.bias] will not optimize.
2025-07-13 13:00:39,735 - WARNING - Params [module.irn.operations.0.NF.conv5.bias] will not optimize.
25-07-13 13:00:39.735 - WARNING: Params [module.irn.operations.0.NF.norm1.weight] will not optimize.
2025-07-13 13:00:39,735 - WARNING - Params [module.irn.operations.0.NF.norm1.weight] will not optimize.
25-07-13 13:00:39.735 - WARNING: Params [module.irn.operations.0.NF.norm1.bias] will not optimize.
2025-07-13 13:00:39,735 - WARNING - Params [module.irn.operations.0.NF.norm1.bias] will not optimize.
25-07-13 13:00:39.735 - WARNING: Params [module.irn.operations.0.NF.norm2.weight] will not optimize.
2025-07-13 13:00:39,735 - WARNING - Params [module.irn.operations.0.NF.norm2.weight] will not optimize.
25-07-13 13:00:39.735 - WARNING: Params [module.irn.operations.0.NF.norm2.bias] will not optimize.
2025-07-13 13:00:39,735 - WARNING - Params [module.irn.operations.0.NF.norm2.bias] will not optimize.
25-07-13 13:00:39.736 - WARNING: Params [module.irn.operations.0.G.conv1.weight] will not optimize.
2025-07-13 13:00:39,736 - WARNING - Params [module.irn.operations.0.G.conv1.weight] will not optimize.
25-07-13 13:00:39.736 - WARNING: Params [module.irn.operations.0.G.conv1.bias] will not optimize.
2025-07-13 13:00:39,736 - WARNING - Params [module.irn.operations.0.G.conv1.bias] will not optimize.
25-07-13 13:00:39.736 - WARNING: Params [module.irn.operations.0.G.conv2.weight] will not optimize.
2025-07-13 13:00:39,736 - WARNING - Params [module.irn.operations.0.G.conv2.weight] will not optimize.
25-07-13 13:00:39.736 - WARNING: Params [module.irn.operations.0.G.conv2.bias] will not optimize.
2025-07-13 13:00:39,736 - WARNING - Params [module.irn.operations.0.G.conv2.bias] will not optimize.
25-07-13 13:00:39.736 - WARNING: Params [module.irn.operations.0.G.conv3.weight] will not optimize.
2025-07-13 13:00:39,736 - WARNING - Params [module.irn.operations.0.G.conv3.weight] will not optimize.
25-07-13 13:00:39.736 - WARNING: Params [module.irn.operations.0.G.conv3.bias] will not optimize.
2025-07-13 13:00:39,736 - WARNING - Params [module.irn.operations.0.G.conv3.bias] will not optimize.
25-07-13 13:00:39.736 - WARNING: Params [module.irn.operations.0.G.conv4.weight] will not optimize.
2025-07-13 13:00:39,736 - WARNING - Params [module.irn.operations.0.G.conv4.weight] will not optimize.
25-07-13 13:00:39.736 - WARNING: Params [module.irn.operations.0.G.conv4.bias] will not optimize.
2025-07-13 13:00:39,736 - WARNING - Params [module.irn.operations.0.G.conv4.bias] will not optimize.
25-07-13 13:00:39.736 - WARNING: Params [module.irn.operations.0.G.conv5.weight] will not optimize.
2025-07-13 13:00:39,736 - WARNING - Params [module.irn.operations.0.G.conv5.weight] will not optimize.
25-07-13 13:00:39.736 - WARNING: Params [module.irn.operations.0.G.conv5.bias] will not optimize.
2025-07-13 13:00:39,736 - WARNING - Params [module.irn.operations.0.G.conv5.bias] will not optimize.
25-07-13 13:00:39.736 - WARNING: Params [module.irn.operations.0.NG.beta] will not optimize.
2025-07-13 13:00:39,736 - WARNING - Params [module.irn.operations.0.NG.beta] will not optimize.
25-07-13 13:00:39.736 - WARNING: Params [module.irn.operations.0.NG.gamma] will not optimize.
2025-07-13 13:00:39,736 - WARNING - Params [module.irn.operations.0.NG.gamma] will not optimize.
25-07-13 13:00:39.736 - WARNING: Params [module.irn.operations.0.NG.conv1.weight] will not optimize.
2025-07-13 13:00:39,736 - WARNING - Params [module.irn.operations.0.NG.conv1.weight] will not optimize.
25-07-13 13:00:39.736 - WARNING: Params [module.irn.operations.0.NG.conv1.bias] will not optimize.
2025-07-13 13:00:39,736 - WARNING - Params [module.irn.operations.0.NG.conv1.bias] will not optimize.
25-07-13 13:00:39.736 - WARNING: Params [module.irn.operations.0.NG.conv2.weight] will not optimize.
2025-07-13 13:00:39,736 - WARNING - Params [module.irn.operations.0.NG.conv2.weight] will not optimize.
25-07-13 13:00:39.736 - WARNING: Params [module.irn.operations.0.NG.conv2.bias] will not optimize.
2025-07-13 13:00:39,736 - WARNING - Params [module.irn.operations.0.NG.conv2.bias] will not optimize.
25-07-13 13:00:39.736 - WARNING: Params [module.irn.operations.0.NG.conv3.weight] will not optimize.
2025-07-13 13:00:39,736 - WARNING - Params [module.irn.operations.0.NG.conv3.weight] will not optimize.
25-07-13 13:00:39.736 - WARNING: Params [module.irn.operations.0.NG.conv3.bias] will not optimize.
2025-07-13 13:00:39,736 - WARNING - Params [module.irn.operations.0.NG.conv3.bias] will not optimize.
25-07-13 13:00:39.736 - WARNING: Params [module.irn.operations.0.NG.sca.1.weight] will not optimize.
2025-07-13 13:00:39,736 - WARNING - Params [module.irn.operations.0.NG.sca.1.weight] will not optimize.
25-07-13 13:00:39.736 - WARNING: Params [module.irn.operations.0.NG.sca.1.bias] will not optimize.
2025-07-13 13:00:39,736 - WARNING - Params [module.irn.operations.0.NG.sca.1.bias] will not optimize.
25-07-13 13:00:39.736 - WARNING: Params [module.irn.operations.0.NG.conv4.weight] will not optimize.
2025-07-13 13:00:39,736 - WARNING - Params [module.irn.operations.0.NG.conv4.weight] will not optimize.
25-07-13 13:00:39.737 - WARNING: Params [module.irn.operations.0.NG.conv4.bias] will not optimize.
2025-07-13 13:00:39,737 - WARNING - Params [module.irn.operations.0.NG.conv4.bias] will not optimize.
25-07-13 13:00:39.737 - WARNING: Params [module.irn.operations.0.NG.conv5.weight] will not optimize.
2025-07-13 13:00:39,737 - WARNING - Params [module.irn.operations.0.NG.conv5.weight] will not optimize.
25-07-13 13:00:39.737 - WARNING: Params [module.irn.operations.0.NG.conv5.bias] will not optimize.
2025-07-13 13:00:39,737 - WARNING - Params [module.irn.operations.0.NG.conv5.bias] will not optimize.
25-07-13 13:00:39.737 - WARNING: Params [module.irn.operations.0.NG.norm1.weight] will not optimize.
2025-07-13 13:00:39,737 - WARNING - Params [module.irn.operations.0.NG.norm1.weight] will not optimize.
25-07-13 13:00:39.737 - WARNING: Params [module.irn.operations.0.NG.norm1.bias] will not optimize.
2025-07-13 13:00:39,737 - WARNING - Params [module.irn.operations.0.NG.norm1.bias] will not optimize.
25-07-13 13:00:39.737 - WARNING: Params [module.irn.operations.0.NG.norm2.weight] will not optimize.
2025-07-13 13:00:39,737 - WARNING - Params [module.irn.operations.0.NG.norm2.weight] will not optimize.
25-07-13 13:00:39.737 - WARNING: Params [module.irn.operations.0.NG.norm2.bias] will not optimize.
2025-07-13 13:00:39,737 - WARNING - Params [module.irn.operations.0.NG.norm2.bias] will not optimize.
25-07-13 13:00:39.737 - WARNING: Params [module.irn.operations.0.H.conv1.weight] will not optimize.
2025-07-13 13:00:39,737 - WARNING - Params [module.irn.operations.0.H.conv1.weight] will not optimize.
25-07-13 13:00:39.737 - WARNING: Params [module.irn.operations.0.H.conv1.bias] will not optimize.
2025-07-13 13:00:39,737 - WARNING - Params [module.irn.operations.0.H.conv1.bias] will not optimize.
25-07-13 13:00:39.737 - WARNING: Params [module.irn.operations.0.H.conv2.weight] will not optimize.
2025-07-13 13:00:39,737 - WARNING - Params [module.irn.operations.0.H.conv2.weight] will not optimize.
25-07-13 13:00:39.737 - WARNING: Params [module.irn.operations.0.H.conv2.bias] will not optimize.
2025-07-13 13:00:39,737 - WARNING - Params [module.irn.operations.0.H.conv2.bias] will not optimize.
25-07-13 13:00:39.737 - WARNING: Params [module.irn.operations.0.H.conv3.weight] will not optimize.
2025-07-13 13:00:39,737 - WARNING - Params [module.irn.operations.0.H.conv3.weight] will not optimize.
25-07-13 13:00:39.737 - WARNING: Params [module.irn.operations.0.H.conv3.bias] will not optimize.
2025-07-13 13:00:39,737 - WARNING - Params [module.irn.operations.0.H.conv3.bias] will not optimize.
25-07-13 13:00:39.737 - WARNING: Params [module.irn.operations.0.H.conv4.weight] will not optimize.
2025-07-13 13:00:39,737 - WARNING - Params [module.irn.operations.0.H.conv4.weight] will not optimize.
25-07-13 13:00:39.737 - WARNING: Params [module.irn.operations.0.H.conv4.bias] will not optimize.
2025-07-13 13:00:39,737 - WARNING - Params [module.irn.operations.0.H.conv4.bias] will not optimize.
25-07-13 13:00:39.737 - WARNING: Params [module.irn.operations.0.H.conv5.weight] will not optimize.
2025-07-13 13:00:39,737 - WARNING - Params [module.irn.operations.0.H.conv5.weight] will not optimize.
25-07-13 13:00:39.737 - WARNING: Params [module.irn.operations.0.H.conv5.bias] will not optimize.
2025-07-13 13:00:39,737 - WARNING - Params [module.irn.operations.0.H.conv5.bias] will not optimize.
25-07-13 13:00:39.737 - WARNING: Params [module.irn.operations.0.NH.beta] will not optimize.
2025-07-13 13:00:39,737 - WARNING - Params [module.irn.operations.0.NH.beta] will not optimize.
25-07-13 13:00:39.737 - WARNING: Params [module.irn.operations.0.NH.gamma] will not optimize.
2025-07-13 13:00:39,737 - WARNING - Params [module.irn.operations.0.NH.gamma] will not optimize.
25-07-13 13:00:39.737 - WARNING: Params [module.irn.operations.0.NH.conv1.weight] will not optimize.
2025-07-13 13:00:39,737 - WARNING - Params [module.irn.operations.0.NH.conv1.weight] will not optimize.
25-07-13 13:00:39.737 - WARNING: Params [module.irn.operations.0.NH.conv1.bias] will not optimize.
2025-07-13 13:00:39,737 - WARNING - Params [module.irn.operations.0.NH.conv1.bias] will not optimize.
25-07-13 13:00:39.737 - WARNING: Params [module.irn.operations.0.NH.conv2.weight] will not optimize.
2025-07-13 13:00:39,737 - WARNING - Params [module.irn.operations.0.NH.conv2.weight] will not optimize.
25-07-13 13:00:39.737 - WARNING: Params [module.irn.operations.0.NH.conv2.bias] will not optimize.
2025-07-13 13:00:39,737 - WARNING - Params [module.irn.operations.0.NH.conv2.bias] will not optimize.
25-07-13 13:00:39.738 - WARNING: Params [module.irn.operations.0.NH.conv3.weight] will not optimize.
2025-07-13 13:00:39,738 - WARNING - Params [module.irn.operations.0.NH.conv3.weight] will not optimize.
25-07-13 13:00:39.738 - WARNING: Params [module.irn.operations.0.NH.conv3.bias] will not optimize.
2025-07-13 13:00:39,738 - WARNING - Params [module.irn.operations.0.NH.conv3.bias] will not optimize.
25-07-13 13:00:39.738 - WARNING: Params [module.irn.operations.0.NH.sca.1.weight] will not optimize.
2025-07-13 13:00:39,738 - WARNING - Params [module.irn.operations.0.NH.sca.1.weight] will not optimize.
25-07-13 13:00:39.738 - WARNING: Params [module.irn.operations.0.NH.sca.1.bias] will not optimize.
2025-07-13 13:00:39,738 - WARNING - Params [module.irn.operations.0.NH.sca.1.bias] will not optimize.
25-07-13 13:00:39.738 - WARNING: Params [module.irn.operations.0.NH.conv4.weight] will not optimize.
2025-07-13 13:00:39,738 - WARNING - Params [module.irn.operations.0.NH.conv4.weight] will not optimize.
25-07-13 13:00:39.738 - WARNING: Params [module.irn.operations.0.NH.conv4.bias] will not optimize.
2025-07-13 13:00:39,738 - WARNING - Params [module.irn.operations.0.NH.conv4.bias] will not optimize.
25-07-13 13:00:39.738 - WARNING: Params [module.irn.operations.0.NH.conv5.weight] will not optimize.
2025-07-13 13:00:39,738 - WARNING - Params [module.irn.operations.0.NH.conv5.weight] will not optimize.
25-07-13 13:00:39.738 - WARNING: Params [module.irn.operations.0.NH.conv5.bias] will not optimize.
2025-07-13 13:00:39,738 - WARNING - Params [module.irn.operations.0.NH.conv5.bias] will not optimize.
25-07-13 13:00:39.738 - WARNING: Params [module.irn.operations.0.NH.norm1.weight] will not optimize.
2025-07-13 13:00:39,738 - WARNING - Params [module.irn.operations.0.NH.norm1.weight] will not optimize.
25-07-13 13:00:39.738 - WARNING: Params [module.irn.operations.0.NH.norm1.bias] will not optimize.
2025-07-13 13:00:39,738 - WARNING - Params [module.irn.operations.0.NH.norm1.bias] will not optimize.
25-07-13 13:00:39.738 - WARNING: Params [module.irn.operations.0.NH.norm2.weight] will not optimize.
2025-07-13 13:00:39,738 - WARNING - Params [module.irn.operations.0.NH.norm2.weight] will not optimize.
25-07-13 13:00:39.738 - WARNING: Params [module.irn.operations.0.NH.norm2.bias] will not optimize.
2025-07-13 13:00:39,738 - WARNING - Params [module.irn.operations.0.NH.norm2.bias] will not optimize.
25-07-13 13:00:39.738 - WARNING: Params [module.irn.operations.1.F.conv1.weight] will not optimize.
2025-07-13 13:00:39,738 - WARNING - Params [module.irn.operations.1.F.conv1.weight] will not optimize.
25-07-13 13:00:39.738 - WARNING: Params [module.irn.operations.1.F.conv1.bias] will not optimize.
2025-07-13 13:00:39,738 - WARNING - Params [module.irn.operations.1.F.conv1.bias] will not optimize.
25-07-13 13:00:39.738 - WARNING: Params [module.irn.operations.1.F.conv2.weight] will not optimize.
2025-07-13 13:00:39,738 - WARNING - Params [module.irn.operations.1.F.conv2.weight] will not optimize.
25-07-13 13:00:39.738 - WARNING: Params [module.irn.operations.1.F.conv2.bias] will not optimize.
2025-07-13 13:00:39,738 - WARNING - Params [module.irn.operations.1.F.conv2.bias] will not optimize.
25-07-13 13:00:39.738 - WARNING: Params [module.irn.operations.1.F.conv3.weight] will not optimize.
2025-07-13 13:00:39,738 - WARNING - Params [module.irn.operations.1.F.conv3.weight] will not optimize.
25-07-13 13:00:39.738 - WARNING: Params [module.irn.operations.1.F.conv3.bias] will not optimize.
2025-07-13 13:00:39,738 - WARNING - Params [module.irn.operations.1.F.conv3.bias] will not optimize.
25-07-13 13:00:39.738 - WARNING: Params [module.irn.operations.1.F.conv4.weight] will not optimize.
2025-07-13 13:00:39,738 - WARNING - Params [module.irn.operations.1.F.conv4.weight] will not optimize.
25-07-13 13:00:39.738 - WARNING: Params [module.irn.operations.1.F.conv4.bias] will not optimize.
2025-07-13 13:00:39,738 - WARNING - Params [module.irn.operations.1.F.conv4.bias] will not optimize.
25-07-13 13:00:39.738 - WARNING: Params [module.irn.operations.1.F.conv5.weight] will not optimize.
2025-07-13 13:00:39,738 - WARNING - Params [module.irn.operations.1.F.conv5.weight] will not optimize.
25-07-13 13:00:39.738 - WARNING: Params [module.irn.operations.1.F.conv5.bias] will not optimize.
2025-07-13 13:00:39,738 - WARNING - Params [module.irn.operations.1.F.conv5.bias] will not optimize.
25-07-13 13:00:39.739 - WARNING: Params [module.irn.operations.1.NF.beta] will not optimize.
2025-07-13 13:00:39,739 - WARNING - Params [module.irn.operations.1.NF.beta] will not optimize.
25-07-13 13:00:39.739 - WARNING: Params [module.irn.operations.1.NF.gamma] will not optimize.
2025-07-13 13:00:39,739 - WARNING - Params [module.irn.operations.1.NF.gamma] will not optimize.
25-07-13 13:00:39.739 - WARNING: Params [module.irn.operations.1.NF.conv1.weight] will not optimize.
2025-07-13 13:00:39,739 - WARNING - Params [module.irn.operations.1.NF.conv1.weight] will not optimize.
25-07-13 13:00:39.739 - WARNING: Params [module.irn.operations.1.NF.conv1.bias] will not optimize.
2025-07-13 13:00:39,739 - WARNING - Params [module.irn.operations.1.NF.conv1.bias] will not optimize.
25-07-13 13:00:39.739 - WARNING: Params [module.irn.operations.1.NF.conv2.weight] will not optimize.
2025-07-13 13:00:39,739 - WARNING - Params [module.irn.operations.1.NF.conv2.weight] will not optimize.
25-07-13 13:00:39.739 - WARNING: Params [module.irn.operations.1.NF.conv2.bias] will not optimize.
2025-07-13 13:00:39,739 - WARNING - Params [module.irn.operations.1.NF.conv2.bias] will not optimize.
25-07-13 13:00:39.739 - WARNING: Params [module.irn.operations.1.NF.conv3.weight] will not optimize.
2025-07-13 13:00:39,739 - WARNING - Params [module.irn.operations.1.NF.conv3.weight] will not optimize.
25-07-13 13:00:39.739 - WARNING: Params [module.irn.operations.1.NF.conv3.bias] will not optimize.
2025-07-13 13:00:39,739 - WARNING - Params [module.irn.operations.1.NF.conv3.bias] will not optimize.
25-07-13 13:00:39.739 - WARNING: Params [module.irn.operations.1.NF.sca.1.weight] will not optimize.
2025-07-13 13:00:39,739 - WARNING - Params [module.irn.operations.1.NF.sca.1.weight] will not optimize.
25-07-13 13:00:39.739 - WARNING: Params [module.irn.operations.1.NF.sca.1.bias] will not optimize.
2025-07-13 13:00:39,739 - WARNING - Params [module.irn.operations.1.NF.sca.1.bias] will not optimize.
25-07-13 13:00:39.739 - WARNING: Params [module.irn.operations.1.NF.conv4.weight] will not optimize.
2025-07-13 13:00:39,739 - WARNING - Params [module.irn.operations.1.NF.conv4.weight] will not optimize.
25-07-13 13:00:39.739 - WARNING: Params [module.irn.operations.1.NF.conv4.bias] will not optimize.
2025-07-13 13:00:39,739 - WARNING - Params [module.irn.operations.1.NF.conv4.bias] will not optimize.
25-07-13 13:00:39.739 - WARNING: Params [module.irn.operations.1.NF.conv5.weight] will not optimize.
2025-07-13 13:00:39,739 - WARNING - Params [module.irn.operations.1.NF.conv5.weight] will not optimize.
25-07-13 13:00:39.739 - WARNING: Params [module.irn.operations.1.NF.conv5.bias] will not optimize.
2025-07-13 13:00:39,739 - WARNING - Params [module.irn.operations.1.NF.conv5.bias] will not optimize.
25-07-13 13:00:39.739 - WARNING: Params [module.irn.operations.1.NF.norm1.weight] will not optimize.
2025-07-13 13:00:39,739 - WARNING - Params [module.irn.operations.1.NF.norm1.weight] will not optimize.
25-07-13 13:00:39.739 - WARNING: Params [module.irn.operations.1.NF.norm1.bias] will not optimize.
2025-07-13 13:00:39,739 - WARNING - Params [module.irn.operations.1.NF.norm1.bias] will not optimize.
25-07-13 13:00:39.739 - WARNING: Params [module.irn.operations.1.NF.norm2.weight] will not optimize.
2025-07-13 13:00:39,739 - WARNING - Params [module.irn.operations.1.NF.norm2.weight] will not optimize.
25-07-13 13:00:39.739 - WARNING: Params [module.irn.operations.1.NF.norm2.bias] will not optimize.
2025-07-13 13:00:39,739 - WARNING - Params [module.irn.operations.1.NF.norm2.bias] will not optimize.
25-07-13 13:00:39.739 - WARNING: Params [module.irn.operations.1.G.conv1.weight] will not optimize.
2025-07-13 13:00:39,739 - WARNING - Params [module.irn.operations.1.G.conv1.weight] will not optimize.
25-07-13 13:00:39.739 - WARNING: Params [module.irn.operations.1.G.conv1.bias] will not optimize.
2025-07-13 13:00:39,739 - WARNING - Params [module.irn.operations.1.G.conv1.bias] will not optimize.
25-07-13 13:00:39.739 - WARNING: Params [module.irn.operations.1.G.conv2.weight] will not optimize.
2025-07-13 13:00:39,739 - WARNING - Params [module.irn.operations.1.G.conv2.weight] will not optimize.
25-07-13 13:00:39.739 - WARNING: Params [module.irn.operations.1.G.conv2.bias] will not optimize.
2025-07-13 13:00:39,739 - WARNING - Params [module.irn.operations.1.G.conv2.bias] will not optimize.
25-07-13 13:00:39.740 - WARNING: Params [module.irn.operations.1.G.conv3.weight] will not optimize.
2025-07-13 13:00:39,740 - WARNING - Params [module.irn.operations.1.G.conv3.weight] will not optimize.
25-07-13 13:00:39.740 - WARNING: Params [module.irn.operations.1.G.conv3.bias] will not optimize.
2025-07-13 13:00:39,740 - WARNING - Params [module.irn.operations.1.G.conv3.bias] will not optimize.
25-07-13 13:00:39.740 - WARNING: Params [module.irn.operations.1.G.conv4.weight] will not optimize.
2025-07-13 13:00:39,740 - WARNING - Params [module.irn.operations.1.G.conv4.weight] will not optimize.
25-07-13 13:00:39.740 - WARNING: Params [module.irn.operations.1.G.conv4.bias] will not optimize.
2025-07-13 13:00:39,740 - WARNING - Params [module.irn.operations.1.G.conv4.bias] will not optimize.
25-07-13 13:00:39.740 - WARNING: Params [module.irn.operations.1.G.conv5.weight] will not optimize.
2025-07-13 13:00:39,740 - WARNING - Params [module.irn.operations.1.G.conv5.weight] will not optimize.
25-07-13 13:00:39.740 - WARNING: Params [module.irn.operations.1.G.conv5.bias] will not optimize.
2025-07-13 13:00:39,740 - WARNING - Params [module.irn.operations.1.G.conv5.bias] will not optimize.
25-07-13 13:00:39.740 - WARNING: Params [module.irn.operations.1.NG.beta] will not optimize.
2025-07-13 13:00:39,740 - WARNING - Params [module.irn.operations.1.NG.beta] will not optimize.
25-07-13 13:00:39.740 - WARNING: Params [module.irn.operations.1.NG.gamma] will not optimize.
2025-07-13 13:00:39,740 - WARNING - Params [module.irn.operations.1.NG.gamma] will not optimize.
25-07-13 13:00:39.740 - WARNING: Params [module.irn.operations.1.NG.conv1.weight] will not optimize.
2025-07-13 13:00:39,740 - WARNING - Params [module.irn.operations.1.NG.conv1.weight] will not optimize.
25-07-13 13:00:39.740 - WARNING: Params [module.irn.operations.1.NG.conv1.bias] will not optimize.
2025-07-13 13:00:39,740 - WARNING - Params [module.irn.operations.1.NG.conv1.bias] will not optimize.
25-07-13 13:00:39.740 - WARNING: Params [module.irn.operations.1.NG.conv2.weight] will not optimize.
2025-07-13 13:00:39,740 - WARNING - Params [module.irn.operations.1.NG.conv2.weight] will not optimize.
25-07-13 13:00:39.740 - WARNING: Params [module.irn.operations.1.NG.conv2.bias] will not optimize.
2025-07-13 13:00:39,740 - WARNING - Params [module.irn.operations.1.NG.conv2.bias] will not optimize.
25-07-13 13:00:39.740 - WARNING: Params [module.irn.operations.1.NG.conv3.weight] will not optimize.
2025-07-13 13:00:39,740 - WARNING - Params [module.irn.operations.1.NG.conv3.weight] will not optimize.
25-07-13 13:00:39.740 - WARNING: Params [module.irn.operations.1.NG.conv3.bias] will not optimize.
2025-07-13 13:00:39,740 - WARNING - Params [module.irn.operations.1.NG.conv3.bias] will not optimize.
25-07-13 13:00:39.740 - WARNING: Params [module.irn.operations.1.NG.sca.1.weight] will not optimize.
2025-07-13 13:00:39,740 - WARNING - Params [module.irn.operations.1.NG.sca.1.weight] will not optimize.
25-07-13 13:00:39.740 - WARNING: Params [module.irn.operations.1.NG.sca.1.bias] will not optimize.
2025-07-13 13:00:39,740 - WARNING - Params [module.irn.operations.1.NG.sca.1.bias] will not optimize.
25-07-13 13:00:39.740 - WARNING: Params [module.irn.operations.1.NG.conv4.weight] will not optimize.
2025-07-13 13:00:39,740 - WARNING - Params [module.irn.operations.1.NG.conv4.weight] will not optimize.
25-07-13 13:00:39.740 - WARNING: Params [module.irn.operations.1.NG.conv4.bias] will not optimize.
2025-07-13 13:00:39,740 - WARNING - Params [module.irn.operations.1.NG.conv4.bias] will not optimize.
25-07-13 13:00:39.740 - WARNING: Params [module.irn.operations.1.NG.conv5.weight] will not optimize.
2025-07-13 13:00:39,740 - WARNING - Params [module.irn.operations.1.NG.conv5.weight] will not optimize.
25-07-13 13:00:39.740 - WARNING: Params [module.irn.operations.1.NG.conv5.bias] will not optimize.
2025-07-13 13:00:39,740 - WARNING - Params [module.irn.operations.1.NG.conv5.bias] will not optimize.
25-07-13 13:00:39.740 - WARNING: Params [module.irn.operations.1.NG.norm1.weight] will not optimize.
2025-07-13 13:00:39,740 - WARNING - Params [module.irn.operations.1.NG.norm1.weight] will not optimize.
25-07-13 13:00:39.740 - WARNING: Params [module.irn.operations.1.NG.norm1.bias] will not optimize.
2025-07-13 13:00:39,740 - WARNING - Params [module.irn.operations.1.NG.norm1.bias] will not optimize.
25-07-13 13:00:39.741 - WARNING: Params [module.irn.operations.1.NG.norm2.weight] will not optimize.
2025-07-13 13:00:39,741 - WARNING - Params [module.irn.operations.1.NG.norm2.weight] will not optimize.
25-07-13 13:00:39.741 - WARNING: Params [module.irn.operations.1.NG.norm2.bias] will not optimize.
2025-07-13 13:00:39,741 - WARNING - Params [module.irn.operations.1.NG.norm2.bias] will not optimize.
25-07-13 13:00:39.741 - WARNING: Params [module.irn.operations.1.H.conv1.weight] will not optimize.
2025-07-13 13:00:39,741 - WARNING - Params [module.irn.operations.1.H.conv1.weight] will not optimize.
25-07-13 13:00:39.741 - WARNING: Params [module.irn.operations.1.H.conv1.bias] will not optimize.
2025-07-13 13:00:39,741 - WARNING - Params [module.irn.operations.1.H.conv1.bias] will not optimize.
25-07-13 13:00:39.741 - WARNING: Params [module.irn.operations.1.H.conv2.weight] will not optimize.
2025-07-13 13:00:39,741 - WARNING - Params [module.irn.operations.1.H.conv2.weight] will not optimize.
25-07-13 13:00:39.741 - WARNING: Params [module.irn.operations.1.H.conv2.bias] will not optimize.
2025-07-13 13:00:39,741 - WARNING - Params [module.irn.operations.1.H.conv2.bias] will not optimize.
25-07-13 13:00:39.741 - WARNING: Params [module.irn.operations.1.H.conv3.weight] will not optimize.
2025-07-13 13:00:39,741 - WARNING - Params [module.irn.operations.1.H.conv3.weight] will not optimize.
25-07-13 13:00:39.741 - WARNING: Params [module.irn.operations.1.H.conv3.bias] will not optimize.
2025-07-13 13:00:39,741 - WARNING - Params [module.irn.operations.1.H.conv3.bias] will not optimize.
25-07-13 13:00:39.741 - WARNING: Params [module.irn.operations.1.H.conv4.weight] will not optimize.
2025-07-13 13:00:39,741 - WARNING - Params [module.irn.operations.1.H.conv4.weight] will not optimize.
25-07-13 13:00:39.741 - WARNING: Params [module.irn.operations.1.H.conv4.bias] will not optimize.
2025-07-13 13:00:39,741 - WARNING - Params [module.irn.operations.1.H.conv4.bias] will not optimize.
25-07-13 13:00:39.741 - WARNING: Params [module.irn.operations.1.H.conv5.weight] will not optimize.
2025-07-13 13:00:39,741 - WARNING - Params [module.irn.operations.1.H.conv5.weight] will not optimize.
25-07-13 13:00:39.741 - WARNING: Params [module.irn.operations.1.H.conv5.bias] will not optimize.
2025-07-13 13:00:39,741 - WARNING - Params [module.irn.operations.1.H.conv5.bias] will not optimize.
25-07-13 13:00:39.741 - WARNING: Params [module.irn.operations.1.NH.beta] will not optimize.
2025-07-13 13:00:39,741 - WARNING - Params [module.irn.operations.1.NH.beta] will not optimize.
25-07-13 13:00:39.741 - WARNING: Params [module.irn.operations.1.NH.gamma] will not optimize.
2025-07-13 13:00:39,741 - WARNING - Params [module.irn.operations.1.NH.gamma] will not optimize.
25-07-13 13:00:39.741 - WARNING: Params [module.irn.operations.1.NH.conv1.weight] will not optimize.
2025-07-13 13:00:39,741 - WARNING - Params [module.irn.operations.1.NH.conv1.weight] will not optimize.
25-07-13 13:00:39.741 - WARNING: Params [module.irn.operations.1.NH.conv1.bias] will not optimize.
2025-07-13 13:00:39,741 - WARNING - Params [module.irn.operations.1.NH.conv1.bias] will not optimize.
25-07-13 13:00:39.741 - WARNING: Params [module.irn.operations.1.NH.conv2.weight] will not optimize.
2025-07-13 13:00:39,741 - WARNING - Params [module.irn.operations.1.NH.conv2.weight] will not optimize.
25-07-13 13:00:39.741 - WARNING: Params [module.irn.operations.1.NH.conv2.bias] will not optimize.
2025-07-13 13:00:39,741 - WARNING - Params [module.irn.operations.1.NH.conv2.bias] will not optimize.
25-07-13 13:00:39.741 - WARNING: Params [module.irn.operations.1.NH.conv3.weight] will not optimize.
2025-07-13 13:00:39,741 - WARNING - Params [module.irn.operations.1.NH.conv3.weight] will not optimize.
25-07-13 13:00:39.741 - WARNING: Params [module.irn.operations.1.NH.conv3.bias] will not optimize.
2025-07-13 13:00:39,741 - WARNING - Params [module.irn.operations.1.NH.conv3.bias] will not optimize.
25-07-13 13:00:39.741 - WARNING: Params [module.irn.operations.1.NH.sca.1.weight] will not optimize.
2025-07-13 13:00:39,741 - WARNING - Params [module.irn.operations.1.NH.sca.1.weight] will not optimize.
25-07-13 13:00:39.741 - WARNING: Params [module.irn.operations.1.NH.sca.1.bias] will not optimize.
2025-07-13 13:00:39,741 - WARNING - Params [module.irn.operations.1.NH.sca.1.bias] will not optimize.
25-07-13 13:00:39.742 - WARNING: Params [module.irn.operations.1.NH.conv4.weight] will not optimize.
2025-07-13 13:00:39,742 - WARNING - Params [module.irn.operations.1.NH.conv4.weight] will not optimize.
25-07-13 13:00:39.742 - WARNING: Params [module.irn.operations.1.NH.conv4.bias] will not optimize.
2025-07-13 13:00:39,742 - WARNING - Params [module.irn.operations.1.NH.conv4.bias] will not optimize.
25-07-13 13:00:39.742 - WARNING: Params [module.irn.operations.1.NH.conv5.weight] will not optimize.
2025-07-13 13:00:39,742 - WARNING - Params [module.irn.operations.1.NH.conv5.weight] will not optimize.
25-07-13 13:00:39.742 - WARNING: Params [module.irn.operations.1.NH.conv5.bias] will not optimize.
2025-07-13 13:00:39,742 - WARNING - Params [module.irn.operations.1.NH.conv5.bias] will not optimize.
25-07-13 13:00:39.742 - WARNING: Params [module.irn.operations.1.NH.norm1.weight] will not optimize.
2025-07-13 13:00:39,742 - WARNING - Params [module.irn.operations.1.NH.norm1.weight] will not optimize.
25-07-13 13:00:39.742 - WARNING: Params [module.irn.operations.1.NH.norm1.bias] will not optimize.
2025-07-13 13:00:39,742 - WARNING - Params [module.irn.operations.1.NH.norm1.bias] will not optimize.
25-07-13 13:00:39.742 - WARNING: Params [module.irn.operations.1.NH.norm2.weight] will not optimize.
2025-07-13 13:00:39,742 - WARNING - Params [module.irn.operations.1.NH.norm2.weight] will not optimize.
25-07-13 13:00:39.742 - WARNING: Params [module.irn.operations.1.NH.norm2.bias] will not optimize.
2025-07-13 13:00:39,742 - WARNING - Params [module.irn.operations.1.NH.norm2.bias] will not optimize.
25-07-13 13:00:39.742 - WARNING: Params [module.irn.operations.2.F.conv1.weight] will not optimize.
2025-07-13 13:00:39,742 - WARNING - Params [module.irn.operations.2.F.conv1.weight] will not optimize.
25-07-13 13:00:39.742 - WARNING: Params [module.irn.operations.2.F.conv1.bias] will not optimize.
2025-07-13 13:00:39,742 - WARNING - Params [module.irn.operations.2.F.conv1.bias] will not optimize.
25-07-13 13:00:39.742 - WARNING: Params [module.irn.operations.2.F.conv2.weight] will not optimize.
2025-07-13 13:00:39,742 - WARNING - Params [module.irn.operations.2.F.conv2.weight] will not optimize.
25-07-13 13:00:39.742 - WARNING: Params [module.irn.operations.2.F.conv2.bias] will not optimize.
2025-07-13 13:00:39,742 - WARNING - Params [module.irn.operations.2.F.conv2.bias] will not optimize.
25-07-13 13:00:39.742 - WARNING: Params [module.irn.operations.2.F.conv3.weight] will not optimize.
2025-07-13 13:00:39,742 - WARNING - Params [module.irn.operations.2.F.conv3.weight] will not optimize.
25-07-13 13:00:39.742 - WARNING: Params [module.irn.operations.2.F.conv3.bias] will not optimize.
2025-07-13 13:00:39,742 - WARNING - Params [module.irn.operations.2.F.conv3.bias] will not optimize.
25-07-13 13:00:39.742 - WARNING: Params [module.irn.operations.2.F.conv4.weight] will not optimize.
2025-07-13 13:00:39,742 - WARNING - Params [module.irn.operations.2.F.conv4.weight] will not optimize.
25-07-13 13:00:39.742 - WARNING: Params [module.irn.operations.2.F.conv4.bias] will not optimize.
2025-07-13 13:00:39,742 - WARNING - Params [module.irn.operations.2.F.conv4.bias] will not optimize.
25-07-13 13:00:39.742 - WARNING: Params [module.irn.operations.2.F.conv5.weight] will not optimize.
2025-07-13 13:00:39,742 - WARNING - Params [module.irn.operations.2.F.conv5.weight] will not optimize.
25-07-13 13:00:39.742 - WARNING: Params [module.irn.operations.2.F.conv5.bias] will not optimize.
2025-07-13 13:00:39,742 - WARNING - Params [module.irn.operations.2.F.conv5.bias] will not optimize.
25-07-13 13:00:39.742 - WARNING: Params [module.irn.operations.2.NF.beta] will not optimize.
2025-07-13 13:00:39,742 - WARNING - Params [module.irn.operations.2.NF.beta] will not optimize.
25-07-13 13:00:39.742 - WARNING: Params [module.irn.operations.2.NF.gamma] will not optimize.
2025-07-13 13:00:39,742 - WARNING - Params [module.irn.operations.2.NF.gamma] will not optimize.
25-07-13 13:00:39.742 - WARNING: Params [module.irn.operations.2.NF.conv1.weight] will not optimize.
2025-07-13 13:00:39,742 - WARNING - Params [module.irn.operations.2.NF.conv1.weight] will not optimize.
25-07-13 13:00:39.743 - WARNING: Params [module.irn.operations.2.NF.conv1.bias] will not optimize.
2025-07-13 13:00:39,743 - WARNING - Params [module.irn.operations.2.NF.conv1.bias] will not optimize.
25-07-13 13:00:39.743 - WARNING: Params [module.irn.operations.2.NF.conv2.weight] will not optimize.
2025-07-13 13:00:39,743 - WARNING - Params [module.irn.operations.2.NF.conv2.weight] will not optimize.
25-07-13 13:00:39.743 - WARNING: Params [module.irn.operations.2.NF.conv2.bias] will not optimize.
2025-07-13 13:00:39,743 - WARNING - Params [module.irn.operations.2.NF.conv2.bias] will not optimize.
25-07-13 13:00:39.743 - WARNING: Params [module.irn.operations.2.NF.conv3.weight] will not optimize.
2025-07-13 13:00:39,743 - WARNING - Params [module.irn.operations.2.NF.conv3.weight] will not optimize.
25-07-13 13:00:39.743 - WARNING: Params [module.irn.operations.2.NF.conv3.bias] will not optimize.
2025-07-13 13:00:39,743 - WARNING - Params [module.irn.operations.2.NF.conv3.bias] will not optimize.
25-07-13 13:00:39.743 - WARNING: Params [module.irn.operations.2.NF.sca.1.weight] will not optimize.
2025-07-13 13:00:39,743 - WARNING - Params [module.irn.operations.2.NF.sca.1.weight] will not optimize.
25-07-13 13:00:39.743 - WARNING: Params [module.irn.operations.2.NF.sca.1.bias] will not optimize.
2025-07-13 13:00:39,743 - WARNING - Params [module.irn.operations.2.NF.sca.1.bias] will not optimize.
25-07-13 13:00:39.743 - WARNING: Params [module.irn.operations.2.NF.conv4.weight] will not optimize.
2025-07-13 13:00:39,743 - WARNING - Params [module.irn.operations.2.NF.conv4.weight] will not optimize.
25-07-13 13:00:39.743 - WARNING: Params [module.irn.operations.2.NF.conv4.bias] will not optimize.
2025-07-13 13:00:39,743 - WARNING - Params [module.irn.operations.2.NF.conv4.bias] will not optimize.
25-07-13 13:00:39.743 - WARNING: Params [module.irn.operations.2.NF.conv5.weight] will not optimize.
2025-07-13 13:00:39,743 - WARNING - Params [module.irn.operations.2.NF.conv5.weight] will not optimize.
25-07-13 13:00:39.743 - WARNING: Params [module.irn.operations.2.NF.conv5.bias] will not optimize.
2025-07-13 13:00:39,743 - WARNING - Params [module.irn.operations.2.NF.conv5.bias] will not optimize.
25-07-13 13:00:39.743 - WARNING: Params [module.irn.operations.2.NF.norm1.weight] will not optimize.
2025-07-13 13:00:39,743 - WARNING - Params [module.irn.operations.2.NF.norm1.weight] will not optimize.
25-07-13 13:00:39.743 - WARNING: Params [module.irn.operations.2.NF.norm1.bias] will not optimize.
2025-07-13 13:00:39,743 - WARNING - Params [module.irn.operations.2.NF.norm1.bias] will not optimize.
25-07-13 13:00:39.743 - WARNING: Params [module.irn.operations.2.NF.norm2.weight] will not optimize.
2025-07-13 13:00:39,743 - WARNING - Params [module.irn.operations.2.NF.norm2.weight] will not optimize.
25-07-13 13:00:39.743 - WARNING: Params [module.irn.operations.2.NF.norm2.bias] will not optimize.
2025-07-13 13:00:39,743 - WARNING - Params [module.irn.operations.2.NF.norm2.bias] will not optimize.
25-07-13 13:00:39.743 - WARNING: Params [module.irn.operations.2.G.conv1.weight] will not optimize.
2025-07-13 13:00:39,743 - WARNING - Params [module.irn.operations.2.G.conv1.weight] will not optimize.
25-07-13 13:00:39.743 - WARNING: Params [module.irn.operations.2.G.conv1.bias] will not optimize.
2025-07-13 13:00:39,743 - WARNING - Params [module.irn.operations.2.G.conv1.bias] will not optimize.
25-07-13 13:00:39.743 - WARNING: Params [module.irn.operations.2.G.conv2.weight] will not optimize.
2025-07-13 13:00:39,743 - WARNING - Params [module.irn.operations.2.G.conv2.weight] will not optimize.
25-07-13 13:00:39.743 - WARNING: Params [module.irn.operations.2.G.conv2.bias] will not optimize.
2025-07-13 13:00:39,743 - WARNING - Params [module.irn.operations.2.G.conv2.bias] will not optimize.
25-07-13 13:00:39.743 - WARNING: Params [module.irn.operations.2.G.conv3.weight] will not optimize.
2025-07-13 13:00:39,743 - WARNING - Params [module.irn.operations.2.G.conv3.weight] will not optimize.
25-07-13 13:00:39.743 - WARNING: Params [module.irn.operations.2.G.conv3.bias] will not optimize.
2025-07-13 13:00:39,743 - WARNING - Params [module.irn.operations.2.G.conv3.bias] will not optimize.
25-07-13 13:00:39.743 - WARNING: Params [module.irn.operations.2.G.conv4.weight] will not optimize.
2025-07-13 13:00:39,743 - WARNING - Params [module.irn.operations.2.G.conv4.weight] will not optimize.
25-07-13 13:00:39.744 - WARNING: Params [module.irn.operations.2.G.conv4.bias] will not optimize.
2025-07-13 13:00:39,744 - WARNING - Params [module.irn.operations.2.G.conv4.bias] will not optimize.
25-07-13 13:00:39.744 - WARNING: Params [module.irn.operations.2.G.conv5.weight] will not optimize.
2025-07-13 13:00:39,744 - WARNING - Params [module.irn.operations.2.G.conv5.weight] will not optimize.
25-07-13 13:00:39.744 - WARNING: Params [module.irn.operations.2.G.conv5.bias] will not optimize.
2025-07-13 13:00:39,744 - WARNING - Params [module.irn.operations.2.G.conv5.bias] will not optimize.
25-07-13 13:00:39.744 - WARNING: Params [module.irn.operations.2.NG.beta] will not optimize.
2025-07-13 13:00:39,744 - WARNING - Params [module.irn.operations.2.NG.beta] will not optimize.
25-07-13 13:00:39.744 - WARNING: Params [module.irn.operations.2.NG.gamma] will not optimize.
2025-07-13 13:00:39,744 - WARNING - Params [module.irn.operations.2.NG.gamma] will not optimize.
25-07-13 13:00:39.744 - WARNING: Params [module.irn.operations.2.NG.conv1.weight] will not optimize.
2025-07-13 13:00:39,744 - WARNING - Params [module.irn.operations.2.NG.conv1.weight] will not optimize.
25-07-13 13:00:39.744 - WARNING: Params [module.irn.operations.2.NG.conv1.bias] will not optimize.
2025-07-13 13:00:39,744 - WARNING - Params [module.irn.operations.2.NG.conv1.bias] will not optimize.
25-07-13 13:00:39.744 - WARNING: Params [module.irn.operations.2.NG.conv2.weight] will not optimize.
2025-07-13 13:00:39,744 - WARNING - Params [module.irn.operations.2.NG.conv2.weight] will not optimize.
25-07-13 13:00:39.744 - WARNING: Params [module.irn.operations.2.NG.conv2.bias] will not optimize.
2025-07-13 13:00:39,744 - WARNING - Params [module.irn.operations.2.NG.conv2.bias] will not optimize.
25-07-13 13:00:39.744 - WARNING: Params [module.irn.operations.2.NG.conv3.weight] will not optimize.
2025-07-13 13:00:39,744 - WARNING - Params [module.irn.operations.2.NG.conv3.weight] will not optimize.
25-07-13 13:00:39.744 - WARNING: Params [module.irn.operations.2.NG.conv3.bias] will not optimize.
2025-07-13 13:00:39,744 - WARNING - Params [module.irn.operations.2.NG.conv3.bias] will not optimize.
25-07-13 13:00:39.744 - WARNING: Params [module.irn.operations.2.NG.sca.1.weight] will not optimize.
2025-07-13 13:00:39,744 - WARNING - Params [module.irn.operations.2.NG.sca.1.weight] will not optimize.
25-07-13 13:00:39.744 - WARNING: Params [module.irn.operations.2.NG.sca.1.bias] will not optimize.
2025-07-13 13:00:39,744 - WARNING - Params [module.irn.operations.2.NG.sca.1.bias] will not optimize.
25-07-13 13:00:39.744 - WARNING: Params [module.irn.operations.2.NG.conv4.weight] will not optimize.
2025-07-13 13:00:39,744 - WARNING - Params [module.irn.operations.2.NG.conv4.weight] will not optimize.
25-07-13 13:00:39.744 - WARNING: Params [module.irn.operations.2.NG.conv4.bias] will not optimize.
2025-07-13 13:00:39,744 - WARNING - Params [module.irn.operations.2.NG.conv4.bias] will not optimize.
25-07-13 13:00:39.744 - WARNING: Params [module.irn.operations.2.NG.conv5.weight] will not optimize.
2025-07-13 13:00:39,744 - WARNING - Params [module.irn.operations.2.NG.conv5.weight] will not optimize.
25-07-13 13:00:39.744 - WARNING: Params [module.irn.operations.2.NG.conv5.bias] will not optimize.
2025-07-13 13:00:39,744 - WARNING - Params [module.irn.operations.2.NG.conv5.bias] will not optimize.
25-07-13 13:00:39.744 - WARNING: Params [module.irn.operations.2.NG.norm1.weight] will not optimize.
2025-07-13 13:00:39,744 - WARNING - Params [module.irn.operations.2.NG.norm1.weight] will not optimize.
25-07-13 13:00:39.744 - WARNING: Params [module.irn.operations.2.NG.norm1.bias] will not optimize.
2025-07-13 13:00:39,744 - WARNING - Params [module.irn.operations.2.NG.norm1.bias] will not optimize.
25-07-13 13:00:39.744 - WARNING: Params [module.irn.operations.2.NG.norm2.weight] will not optimize.
2025-07-13 13:00:39,744 - WARNING - Params [module.irn.operations.2.NG.norm2.weight] will not optimize.
25-07-13 13:00:39.744 - WARNING: Params [module.irn.operations.2.NG.norm2.bias] will not optimize.
2025-07-13 13:00:39,744 - WARNING - Params [module.irn.operations.2.NG.norm2.bias] will not optimize.
25-07-13 13:00:39.744 - WARNING: Params [module.irn.operations.2.H.conv1.weight] will not optimize.
2025-07-13 13:00:39,744 - WARNING - Params [module.irn.operations.2.H.conv1.weight] will not optimize.
25-07-13 13:00:39.745 - WARNING: Params [module.irn.operations.2.H.conv1.bias] will not optimize.
2025-07-13 13:00:39,745 - WARNING - Params [module.irn.operations.2.H.conv1.bias] will not optimize.
25-07-13 13:00:39.745 - WARNING: Params [module.irn.operations.2.H.conv2.weight] will not optimize.
2025-07-13 13:00:39,745 - WARNING - Params [module.irn.operations.2.H.conv2.weight] will not optimize.
25-07-13 13:00:39.745 - WARNING: Params [module.irn.operations.2.H.conv2.bias] will not optimize.
2025-07-13 13:00:39,745 - WARNING - Params [module.irn.operations.2.H.conv2.bias] will not optimize.
25-07-13 13:00:39.745 - WARNING: Params [module.irn.operations.2.H.conv3.weight] will not optimize.
2025-07-13 13:00:39,745 - WARNING - Params [module.irn.operations.2.H.conv3.weight] will not optimize.
25-07-13 13:00:39.745 - WARNING: Params [module.irn.operations.2.H.conv3.bias] will not optimize.
2025-07-13 13:00:39,745 - WARNING - Params [module.irn.operations.2.H.conv3.bias] will not optimize.
25-07-13 13:00:39.745 - WARNING: Params [module.irn.operations.2.H.conv4.weight] will not optimize.
2025-07-13 13:00:39,745 - WARNING - Params [module.irn.operations.2.H.conv4.weight] will not optimize.
25-07-13 13:00:39.745 - WARNING: Params [module.irn.operations.2.H.conv4.bias] will not optimize.
2025-07-13 13:00:39,745 - WARNING - Params [module.irn.operations.2.H.conv4.bias] will not optimize.
25-07-13 13:00:39.745 - WARNING: Params [module.irn.operations.2.H.conv5.weight] will not optimize.
2025-07-13 13:00:39,745 - WARNING - Params [module.irn.operations.2.H.conv5.weight] will not optimize.
25-07-13 13:00:39.745 - WARNING: Params [module.irn.operations.2.H.conv5.bias] will not optimize.
2025-07-13 13:00:39,745 - WARNING - Params [module.irn.operations.2.H.conv5.bias] will not optimize.
25-07-13 13:00:39.745 - WARNING: Params [module.irn.operations.2.NH.beta] will not optimize.
2025-07-13 13:00:39,745 - WARNING - Params [module.irn.operations.2.NH.beta] will not optimize.
25-07-13 13:00:39.745 - WARNING: Params [module.irn.operations.2.NH.gamma] will not optimize.
2025-07-13 13:00:39,745 - WARNING - Params [module.irn.operations.2.NH.gamma] will not optimize.
25-07-13 13:00:39.745 - WARNING: Params [module.irn.operations.2.NH.conv1.weight] will not optimize.
2025-07-13 13:00:39,745 - WARNING - Params [module.irn.operations.2.NH.conv1.weight] will not optimize.
25-07-13 13:00:39.745 - WARNING: Params [module.irn.operations.2.NH.conv1.bias] will not optimize.
2025-07-13 13:00:39,745 - WARNING - Params [module.irn.operations.2.NH.conv1.bias] will not optimize.
25-07-13 13:00:39.745 - WARNING: Params [module.irn.operations.2.NH.conv2.weight] will not optimize.
2025-07-13 13:00:39,745 - WARNING - Params [module.irn.operations.2.NH.conv2.weight] will not optimize.
25-07-13 13:00:39.745 - WARNING: Params [module.irn.operations.2.NH.conv2.bias] will not optimize.
2025-07-13 13:00:39,745 - WARNING - Params [module.irn.operations.2.NH.conv2.bias] will not optimize.
25-07-13 13:00:39.745 - WARNING: Params [module.irn.operations.2.NH.conv3.weight] will not optimize.
2025-07-13 13:00:39,745 - WARNING - Params [module.irn.operations.2.NH.conv3.weight] will not optimize.
25-07-13 13:00:39.745 - WARNING: Params [module.irn.operations.2.NH.conv3.bias] will not optimize.
2025-07-13 13:00:39,745 - WARNING - Params [module.irn.operations.2.NH.conv3.bias] will not optimize.
25-07-13 13:00:39.745 - WARNING: Params [module.irn.operations.2.NH.sca.1.weight] will not optimize.
2025-07-13 13:00:39,745 - WARNING - Params [module.irn.operations.2.NH.sca.1.weight] will not optimize.
25-07-13 13:00:39.745 - WARNING: Params [module.irn.operations.2.NH.sca.1.bias] will not optimize.
2025-07-13 13:00:39,745 - WARNING - Params [module.irn.operations.2.NH.sca.1.bias] will not optimize.
25-07-13 13:00:39.745 - WARNING: Params [module.irn.operations.2.NH.conv4.weight] will not optimize.
2025-07-13 13:00:39,745 - WARNING - Params [module.irn.operations.2.NH.conv4.weight] will not optimize.
25-07-13 13:00:39.745 - WARNING: Params [module.irn.operations.2.NH.conv4.bias] will not optimize.
2025-07-13 13:00:39,745 - WARNING - Params [module.irn.operations.2.NH.conv4.bias] will not optimize.
25-07-13 13:00:39.745 - WARNING: Params [module.irn.operations.2.NH.conv5.weight] will not optimize.
2025-07-13 13:00:39,745 - WARNING - Params [module.irn.operations.2.NH.conv5.weight] will not optimize.
25-07-13 13:00:39.746 - WARNING: Params [module.irn.operations.2.NH.conv5.bias] will not optimize.
2025-07-13 13:00:39,746 - WARNING - Params [module.irn.operations.2.NH.conv5.bias] will not optimize.
25-07-13 13:00:39.746 - WARNING: Params [module.irn.operations.2.NH.norm1.weight] will not optimize.
2025-07-13 13:00:39,746 - WARNING - Params [module.irn.operations.2.NH.norm1.weight] will not optimize.
25-07-13 13:00:39.746 - WARNING: Params [module.irn.operations.2.NH.norm1.bias] will not optimize.
2025-07-13 13:00:39,746 - WARNING - Params [module.irn.operations.2.NH.norm1.bias] will not optimize.
25-07-13 13:00:39.746 - WARNING: Params [module.irn.operations.2.NH.norm2.weight] will not optimize.
2025-07-13 13:00:39,746 - WARNING - Params [module.irn.operations.2.NH.norm2.weight] will not optimize.
25-07-13 13:00:39.746 - WARNING: Params [module.irn.operations.2.NH.norm2.bias] will not optimize.
2025-07-13 13:00:39,746 - WARNING - Params [module.irn.operations.2.NH.norm2.bias] will not optimize.
25-07-13 13:00:39.746 - WARNING: Params [module.irn.operations.3.F.conv1.weight] will not optimize.
2025-07-13 13:00:39,746 - WARNING - Params [module.irn.operations.3.F.conv1.weight] will not optimize.
25-07-13 13:00:39.746 - WARNING: Params [module.irn.operations.3.F.conv1.bias] will not optimize.
2025-07-13 13:00:39,746 - WARNING - Params [module.irn.operations.3.F.conv1.bias] will not optimize.
25-07-13 13:00:39.746 - WARNING: Params [module.irn.operations.3.F.conv2.weight] will not optimize.
2025-07-13 13:00:39,746 - WARNING - Params [module.irn.operations.3.F.conv2.weight] will not optimize.
25-07-13 13:00:39.746 - WARNING: Params [module.irn.operations.3.F.conv2.bias] will not optimize.
2025-07-13 13:00:39,746 - WARNING - Params [module.irn.operations.3.F.conv2.bias] will not optimize.
25-07-13 13:00:39.746 - WARNING: Params [module.irn.operations.3.F.conv3.weight] will not optimize.
2025-07-13 13:00:39,746 - WARNING - Params [module.irn.operations.3.F.conv3.weight] will not optimize.
25-07-13 13:00:39.746 - WARNING: Params [module.irn.operations.3.F.conv3.bias] will not optimize.
2025-07-13 13:00:39,746 - WARNING - Params [module.irn.operations.3.F.conv3.bias] will not optimize.
25-07-13 13:00:39.746 - WARNING: Params [module.irn.operations.3.F.conv4.weight] will not optimize.
2025-07-13 13:00:39,746 - WARNING - Params [module.irn.operations.3.F.conv4.weight] will not optimize.
25-07-13 13:00:39.746 - WARNING: Params [module.irn.operations.3.F.conv4.bias] will not optimize.
2025-07-13 13:00:39,746 - WARNING - Params [module.irn.operations.3.F.conv4.bias] will not optimize.
25-07-13 13:00:39.746 - WARNING: Params [module.irn.operations.3.F.conv5.weight] will not optimize.
2025-07-13 13:00:39,746 - WARNING - Params [module.irn.operations.3.F.conv5.weight] will not optimize.
25-07-13 13:00:39.746 - WARNING: Params [module.irn.operations.3.F.conv5.bias] will not optimize.
2025-07-13 13:00:39,746 - WARNING - Params [module.irn.operations.3.F.conv5.bias] will not optimize.
25-07-13 13:00:39.746 - WARNING: Params [module.irn.operations.3.NF.beta] will not optimize.
2025-07-13 13:00:39,746 - WARNING - Params [module.irn.operations.3.NF.beta] will not optimize.
25-07-13 13:00:39.746 - WARNING: Params [module.irn.operations.3.NF.gamma] will not optimize.
2025-07-13 13:00:39,746 - WARNING - Params [module.irn.operations.3.NF.gamma] will not optimize.
25-07-13 13:00:39.746 - WARNING: Params [module.irn.operations.3.NF.conv1.weight] will not optimize.
2025-07-13 13:00:39,746 - WARNING - Params [module.irn.operations.3.NF.conv1.weight] will not optimize.
25-07-13 13:00:39.746 - WARNING: Params [module.irn.operations.3.NF.conv1.bias] will not optimize.
2025-07-13 13:00:39,746 - WARNING - Params [module.irn.operations.3.NF.conv1.bias] will not optimize.
25-07-13 13:00:39.746 - WARNING: Params [module.irn.operations.3.NF.conv2.weight] will not optimize.
2025-07-13 13:00:39,746 - WARNING - Params [module.irn.operations.3.NF.conv2.weight] will not optimize.
25-07-13 13:00:39.747 - WARNING: Params [module.irn.operations.3.NF.conv2.bias] will not optimize.
2025-07-13 13:00:39,747 - WARNING - Params [module.irn.operations.3.NF.conv2.bias] will not optimize.
25-07-13 13:00:39.747 - WARNING: Params [module.irn.operations.3.NF.conv3.weight] will not optimize.
2025-07-13 13:00:39,747 - WARNING - Params [module.irn.operations.3.NF.conv3.weight] will not optimize.
25-07-13 13:00:39.747 - WARNING: Params [module.irn.operations.3.NF.conv3.bias] will not optimize.
2025-07-13 13:00:39,747 - WARNING - Params [module.irn.operations.3.NF.conv3.bias] will not optimize.
25-07-13 13:00:39.747 - WARNING: Params [module.irn.operations.3.NF.sca.1.weight] will not optimize.
2025-07-13 13:00:39,747 - WARNING - Params [module.irn.operations.3.NF.sca.1.weight] will not optimize.
25-07-13 13:00:39.747 - WARNING: Params [module.irn.operations.3.NF.sca.1.bias] will not optimize.
2025-07-13 13:00:39,747 - WARNING - Params [module.irn.operations.3.NF.sca.1.bias] will not optimize.
25-07-13 13:00:39.747 - WARNING: Params [module.irn.operations.3.NF.conv4.weight] will not optimize.
2025-07-13 13:00:39,747 - WARNING - Params [module.irn.operations.3.NF.conv4.weight] will not optimize.
25-07-13 13:00:39.747 - WARNING: Params [module.irn.operations.3.NF.conv4.bias] will not optimize.
2025-07-13 13:00:39,747 - WARNING - Params [module.irn.operations.3.NF.conv4.bias] will not optimize.
25-07-13 13:00:39.747 - WARNING: Params [module.irn.operations.3.NF.conv5.weight] will not optimize.
2025-07-13 13:00:39,747 - WARNING - Params [module.irn.operations.3.NF.conv5.weight] will not optimize.
25-07-13 13:00:39.747 - WARNING: Params [module.irn.operations.3.NF.conv5.bias] will not optimize.
2025-07-13 13:00:39,747 - WARNING - Params [module.irn.operations.3.NF.conv5.bias] will not optimize.
25-07-13 13:00:39.747 - WARNING: Params [module.irn.operations.3.NF.norm1.weight] will not optimize.
2025-07-13 13:00:39,747 - WARNING - Params [module.irn.operations.3.NF.norm1.weight] will not optimize.
25-07-13 13:00:39.747 - WARNING: Params [module.irn.operations.3.NF.norm1.bias] will not optimize.
2025-07-13 13:00:39,747 - WARNING - Params [module.irn.operations.3.NF.norm1.bias] will not optimize.
25-07-13 13:00:39.747 - WARNING: Params [module.irn.operations.3.NF.norm2.weight] will not optimize.
2025-07-13 13:00:39,747 - WARNING - Params [module.irn.operations.3.NF.norm2.weight] will not optimize.
25-07-13 13:00:39.747 - WARNING: Params [module.irn.operations.3.NF.norm2.bias] will not optimize.
2025-07-13 13:00:39,747 - WARNING - Params [module.irn.operations.3.NF.norm2.bias] will not optimize.
25-07-13 13:00:39.747 - WARNING: Params [module.irn.operations.3.G.conv1.weight] will not optimize.
2025-07-13 13:00:39,747 - WARNING - Params [module.irn.operations.3.G.conv1.weight] will not optimize.
25-07-13 13:00:39.747 - WARNING: Params [module.irn.operations.3.G.conv1.bias] will not optimize.
2025-07-13 13:00:39,747 - WARNING - Params [module.irn.operations.3.G.conv1.bias] will not optimize.
25-07-13 13:00:39.747 - WARNING: Params [module.irn.operations.3.G.conv2.weight] will not optimize.
2025-07-13 13:00:39,747 - WARNING - Params [module.irn.operations.3.G.conv2.weight] will not optimize.
25-07-13 13:00:39.747 - WARNING: Params [module.irn.operations.3.G.conv2.bias] will not optimize.
2025-07-13 13:00:39,747 - WARNING - Params [module.irn.operations.3.G.conv2.bias] will not optimize.
25-07-13 13:00:39.747 - WARNING: Params [module.irn.operations.3.G.conv3.weight] will not optimize.
2025-07-13 13:00:39,747 - WARNING - Params [module.irn.operations.3.G.conv3.weight] will not optimize.
25-07-13 13:00:39.747 - WARNING: Params [module.irn.operations.3.G.conv3.bias] will not optimize.
2025-07-13 13:00:39,747 - WARNING - Params [module.irn.operations.3.G.conv3.bias] will not optimize.
25-07-13 13:00:39.747 - WARNING: Params [module.irn.operations.3.G.conv4.weight] will not optimize.
2025-07-13 13:00:39,747 - WARNING - Params [module.irn.operations.3.G.conv4.weight] will not optimize.
25-07-13 13:00:39.747 - WARNING: Params [module.irn.operations.3.G.conv4.bias] will not optimize.
2025-07-13 13:00:39,747 - WARNING - Params [module.irn.operations.3.G.conv4.bias] will not optimize.
25-07-13 13:00:39.748 - WARNING: Params [module.irn.operations.3.G.conv5.weight] will not optimize.
2025-07-13 13:00:39,748 - WARNING - Params [module.irn.operations.3.G.conv5.weight] will not optimize.
25-07-13 13:00:39.748 - WARNING: Params [module.irn.operations.3.G.conv5.bias] will not optimize.
2025-07-13 13:00:39,748 - WARNING - Params [module.irn.operations.3.G.conv5.bias] will not optimize.
25-07-13 13:00:39.748 - WARNING: Params [module.irn.operations.3.NG.beta] will not optimize.
2025-07-13 13:00:39,748 - WARNING - Params [module.irn.operations.3.NG.beta] will not optimize.
25-07-13 13:00:39.748 - WARNING: Params [module.irn.operations.3.NG.gamma] will not optimize.
2025-07-13 13:00:39,748 - WARNING - Params [module.irn.operations.3.NG.gamma] will not optimize.
25-07-13 13:00:39.748 - WARNING: Params [module.irn.operations.3.NG.conv1.weight] will not optimize.
2025-07-13 13:00:39,748 - WARNING - Params [module.irn.operations.3.NG.conv1.weight] will not optimize.
25-07-13 13:00:39.748 - WARNING: Params [module.irn.operations.3.NG.conv1.bias] will not optimize.
2025-07-13 13:00:39,748 - WARNING - Params [module.irn.operations.3.NG.conv1.bias] will not optimize.
25-07-13 13:00:39.748 - WARNING: Params [module.irn.operations.3.NG.conv2.weight] will not optimize.
2025-07-13 13:00:39,748 - WARNING - Params [module.irn.operations.3.NG.conv2.weight] will not optimize.
25-07-13 13:00:39.748 - WARNING: Params [module.irn.operations.3.NG.conv2.bias] will not optimize.
2025-07-13 13:00:39,748 - WARNING - Params [module.irn.operations.3.NG.conv2.bias] will not optimize.
25-07-13 13:00:39.748 - WARNING: Params [module.irn.operations.3.NG.conv3.weight] will not optimize.
2025-07-13 13:00:39,748 - WARNING - Params [module.irn.operations.3.NG.conv3.weight] will not optimize.
25-07-13 13:00:39.748 - WARNING: Params [module.irn.operations.3.NG.conv3.bias] will not optimize.
2025-07-13 13:00:39,748 - WARNING - Params [module.irn.operations.3.NG.conv3.bias] will not optimize.
25-07-13 13:00:39.748 - WARNING: Params [module.irn.operations.3.NG.sca.1.weight] will not optimize.
2025-07-13 13:00:39,748 - WARNING - Params [module.irn.operations.3.NG.sca.1.weight] will not optimize.
25-07-13 13:00:39.748 - WARNING: Params [module.irn.operations.3.NG.sca.1.bias] will not optimize.
2025-07-13 13:00:39,748 - WARNING - Params [module.irn.operations.3.NG.sca.1.bias] will not optimize.
25-07-13 13:00:39.748 - WARNING: Params [module.irn.operations.3.NG.conv4.weight] will not optimize.
2025-07-13 13:00:39,748 - WARNING - Params [module.irn.operations.3.NG.conv4.weight] will not optimize.
25-07-13 13:00:39.748 - WARNING: Params [module.irn.operations.3.NG.conv4.bias] will not optimize.
2025-07-13 13:00:39,748 - WARNING - Params [module.irn.operations.3.NG.conv4.bias] will not optimize.
25-07-13 13:00:39.748 - WARNING: Params [module.irn.operations.3.NG.conv5.weight] will not optimize.
2025-07-13 13:00:39,748 - WARNING - Params [module.irn.operations.3.NG.conv5.weight] will not optimize.
25-07-13 13:00:39.748 - WARNING: Params [module.irn.operations.3.NG.conv5.bias] will not optimize.
2025-07-13 13:00:39,748 - WARNING - Params [module.irn.operations.3.NG.conv5.bias] will not optimize.
25-07-13 13:00:39.748 - WARNING: Params [module.irn.operations.3.NG.norm1.weight] will not optimize.
2025-07-13 13:00:39,748 - WARNING - Params [module.irn.operations.3.NG.norm1.weight] will not optimize.
25-07-13 13:00:39.748 - WARNING: Params [module.irn.operations.3.NG.norm1.bias] will not optimize.
2025-07-13 13:00:39,748 - WARNING - Params [module.irn.operations.3.NG.norm1.bias] will not optimize.
25-07-13 13:00:39.748 - WARNING: Params [module.irn.operations.3.NG.norm2.weight] will not optimize.
2025-07-13 13:00:39,748 - WARNING - Params [module.irn.operations.3.NG.norm2.weight] will not optimize.
25-07-13 13:00:39.748 - WARNING: Params [module.irn.operations.3.NG.norm2.bias] will not optimize.
2025-07-13 13:00:39,748 - WARNING - Params [module.irn.operations.3.NG.norm2.bias] will not optimize.
25-07-13 13:00:39.748 - WARNING: Params [module.irn.operations.3.H.conv1.weight] will not optimize.
2025-07-13 13:00:39,748 - WARNING - Params [module.irn.operations.3.H.conv1.weight] will not optimize.
25-07-13 13:00:39.749 - WARNING: Params [module.irn.operations.3.H.conv1.bias] will not optimize.
2025-07-13 13:00:39,749 - WARNING - Params [module.irn.operations.3.H.conv1.bias] will not optimize.
25-07-13 13:00:39.749 - WARNING: Params [module.irn.operations.3.H.conv2.weight] will not optimize.
2025-07-13 13:00:39,749 - WARNING - Params [module.irn.operations.3.H.conv2.weight] will not optimize.
25-07-13 13:00:39.749 - WARNING: Params [module.irn.operations.3.H.conv2.bias] will not optimize.
2025-07-13 13:00:39,749 - WARNING - Params [module.irn.operations.3.H.conv2.bias] will not optimize.
25-07-13 13:00:39.749 - WARNING: Params [module.irn.operations.3.H.conv3.weight] will not optimize.
2025-07-13 13:00:39,749 - WARNING - Params [module.irn.operations.3.H.conv3.weight] will not optimize.
25-07-13 13:00:39.749 - WARNING: Params [module.irn.operations.3.H.conv3.bias] will not optimize.
2025-07-13 13:00:39,749 - WARNING - Params [module.irn.operations.3.H.conv3.bias] will not optimize.
25-07-13 13:00:39.749 - WARNING: Params [module.irn.operations.3.H.conv4.weight] will not optimize.
2025-07-13 13:00:39,749 - WARNING - Params [module.irn.operations.3.H.conv4.weight] will not optimize.
25-07-13 13:00:39.749 - WARNING: Params [module.irn.operations.3.H.conv4.bias] will not optimize.
2025-07-13 13:00:39,749 - WARNING - Params [module.irn.operations.3.H.conv4.bias] will not optimize.
25-07-13 13:00:39.749 - WARNING: Params [module.irn.operations.3.H.conv5.weight] will not optimize.
2025-07-13 13:00:39,749 - WARNING - Params [module.irn.operations.3.H.conv5.weight] will not optimize.
25-07-13 13:00:39.749 - WARNING: Params [module.irn.operations.3.H.conv5.bias] will not optimize.
2025-07-13 13:00:39,749 - WARNING - Params [module.irn.operations.3.H.conv5.bias] will not optimize.
25-07-13 13:00:39.749 - WARNING: Params [module.irn.operations.3.NH.beta] will not optimize.
2025-07-13 13:00:39,749 - WARNING - Params [module.irn.operations.3.NH.beta] will not optimize.
25-07-13 13:00:39.749 - WARNING: Params [module.irn.operations.3.NH.gamma] will not optimize.
2025-07-13 13:00:39,749 - WARNING - Params [module.irn.operations.3.NH.gamma] will not optimize.
25-07-13 13:00:39.749 - WARNING: Params [module.irn.operations.3.NH.conv1.weight] will not optimize.
2025-07-13 13:00:39,749 - WARNING - Params [module.irn.operations.3.NH.conv1.weight] will not optimize.
25-07-13 13:00:39.749 - WARNING: Params [module.irn.operations.3.NH.conv1.bias] will not optimize.
2025-07-13 13:00:39,749 - WARNING - Params [module.irn.operations.3.NH.conv1.bias] will not optimize.
25-07-13 13:00:39.749 - WARNING: Params [module.irn.operations.3.NH.conv2.weight] will not optimize.
2025-07-13 13:00:39,749 - WARNING - Params [module.irn.operations.3.NH.conv2.weight] will not optimize.
25-07-13 13:00:39.749 - WARNING: Params [module.irn.operations.3.NH.conv2.bias] will not optimize.
2025-07-13 13:00:39,749 - WARNING - Params [module.irn.operations.3.NH.conv2.bias] will not optimize.
25-07-13 13:00:39.749 - WARNING: Params [module.irn.operations.3.NH.conv3.weight] will not optimize.
2025-07-13 13:00:39,749 - WARNING - Params [module.irn.operations.3.NH.conv3.weight] will not optimize.
25-07-13 13:00:39.749 - WARNING: Params [module.irn.operations.3.NH.conv3.bias] will not optimize.
2025-07-13 13:00:39,749 - WARNING - Params [module.irn.operations.3.NH.conv3.bias] will not optimize.
25-07-13 13:00:39.749 - WARNING: Params [module.irn.operations.3.NH.sca.1.weight] will not optimize.
2025-07-13 13:00:39,749 - WARNING - Params [module.irn.operations.3.NH.sca.1.weight] will not optimize.
25-07-13 13:00:39.749 - WARNING: Params [module.irn.operations.3.NH.sca.1.bias] will not optimize.
2025-07-13 13:00:39,749 - WARNING - Params [module.irn.operations.3.NH.sca.1.bias] will not optimize.
25-07-13 13:00:39.749 - WARNING: Params [module.irn.operations.3.NH.conv4.weight] will not optimize.
2025-07-13 13:00:39,749 - WARNING - Params [module.irn.operations.3.NH.conv4.weight] will not optimize.
25-07-13 13:00:39.749 - WARNING: Params [module.irn.operations.3.NH.conv4.bias] will not optimize.
2025-07-13 13:00:39,749 - WARNING - Params [module.irn.operations.3.NH.conv4.bias] will not optimize.
25-07-13 13:00:39.749 - WARNING: Params [module.irn.operations.3.NH.conv5.weight] will not optimize.
2025-07-13 13:00:39,749 - WARNING - Params [module.irn.operations.3.NH.conv5.weight] will not optimize.
25-07-13 13:00:39.750 - WARNING: Params [module.irn.operations.3.NH.conv5.bias] will not optimize.
2025-07-13 13:00:39,750 - WARNING - Params [module.irn.operations.3.NH.conv5.bias] will not optimize.
25-07-13 13:00:39.750 - WARNING: Params [module.irn.operations.3.NH.norm1.weight] will not optimize.
2025-07-13 13:00:39,750 - WARNING - Params [module.irn.operations.3.NH.norm1.weight] will not optimize.
25-07-13 13:00:39.750 - WARNING: Params [module.irn.operations.3.NH.norm1.bias] will not optimize.
2025-07-13 13:00:39,750 - WARNING - Params [module.irn.operations.3.NH.norm1.bias] will not optimize.
25-07-13 13:00:39.750 - WARNING: Params [module.irn.operations.3.NH.norm2.weight] will not optimize.
2025-07-13 13:00:39,750 - WARNING - Params [module.irn.operations.3.NH.norm2.weight] will not optimize.
25-07-13 13:00:39.750 - WARNING: Params [module.irn.operations.3.NH.norm2.bias] will not optimize.
2025-07-13 13:00:39,750 - WARNING - Params [module.irn.operations.3.NH.norm2.bias] will not optimize.
25-07-13 13:00:39.750 - WARNING: Params [module.irn.operations.4.F.conv1.weight] will not optimize.
2025-07-13 13:00:39,750 - WARNING - Params [module.irn.operations.4.F.conv1.weight] will not optimize.
25-07-13 13:00:39.750 - WARNING: Params [module.irn.operations.4.F.conv1.bias] will not optimize.
2025-07-13 13:00:39,750 - WARNING - Params [module.irn.operations.4.F.conv1.bias] will not optimize.
25-07-13 13:00:39.750 - WARNING: Params [module.irn.operations.4.F.conv2.weight] will not optimize.
2025-07-13 13:00:39,750 - WARNING - Params [module.irn.operations.4.F.conv2.weight] will not optimize.
25-07-13 13:00:39.750 - WARNING: Params [module.irn.operations.4.F.conv2.bias] will not optimize.
2025-07-13 13:00:39,750 - WARNING - Params [module.irn.operations.4.F.conv2.bias] will not optimize.
25-07-13 13:00:39.750 - WARNING: Params [module.irn.operations.4.F.conv3.weight] will not optimize.
2025-07-13 13:00:39,750 - WARNING - Params [module.irn.operations.4.F.conv3.weight] will not optimize.
25-07-13 13:00:39.750 - WARNING: Params [module.irn.operations.4.F.conv3.bias] will not optimize.
2025-07-13 13:00:39,750 - WARNING - Params [module.irn.operations.4.F.conv3.bias] will not optimize.
25-07-13 13:00:39.750 - WARNING: Params [module.irn.operations.4.F.conv4.weight] will not optimize.
2025-07-13 13:00:39,750 - WARNING - Params [module.irn.operations.4.F.conv4.weight] will not optimize.
25-07-13 13:00:39.750 - WARNING: Params [module.irn.operations.4.F.conv4.bias] will not optimize.
2025-07-13 13:00:39,750 - WARNING - Params [module.irn.operations.4.F.conv4.bias] will not optimize.
25-07-13 13:00:39.750 - WARNING: Params [module.irn.operations.4.F.conv5.weight] will not optimize.
2025-07-13 13:00:39,750 - WARNING - Params [module.irn.operations.4.F.conv5.weight] will not optimize.
25-07-13 13:00:39.750 - WARNING: Params [module.irn.operations.4.F.conv5.bias] will not optimize.
2025-07-13 13:00:39,750 - WARNING - Params [module.irn.operations.4.F.conv5.bias] will not optimize.
25-07-13 13:00:39.750 - WARNING: Params [module.irn.operations.4.NF.beta] will not optimize.
2025-07-13 13:00:39,750 - WARNING - Params [module.irn.operations.4.NF.beta] will not optimize.
25-07-13 13:00:39.750 - WARNING: Params [module.irn.operations.4.NF.gamma] will not optimize.
2025-07-13 13:00:39,750 - WARNING - Params [module.irn.operations.4.NF.gamma] will not optimize.
25-07-13 13:00:39.750 - WARNING: Params [module.irn.operations.4.NF.conv1.weight] will not optimize.
2025-07-13 13:00:39,750 - WARNING - Params [module.irn.operations.4.NF.conv1.weight] will not optimize.
25-07-13 13:00:39.750 - WARNING: Params [module.irn.operations.4.NF.conv1.bias] will not optimize.
2025-07-13 13:00:39,750 - WARNING - Params [module.irn.operations.4.NF.conv1.bias] will not optimize.
25-07-13 13:00:39.750 - WARNING: Params [module.irn.operations.4.NF.conv2.weight] will not optimize.
2025-07-13 13:00:39,750 - WARNING - Params [module.irn.operations.4.NF.conv2.weight] will not optimize.
25-07-13 13:00:39.750 - WARNING: Params [module.irn.operations.4.NF.conv2.bias] will not optimize.
2025-07-13 13:00:39,750 - WARNING - Params [module.irn.operations.4.NF.conv2.bias] will not optimize.
25-07-13 13:00:39.750 - WARNING: Params [module.irn.operations.4.NF.conv3.weight] will not optimize.
2025-07-13 13:00:39,750 - WARNING - Params [module.irn.operations.4.NF.conv3.weight] will not optimize.
25-07-13 13:00:39.751 - WARNING: Params [module.irn.operations.4.NF.conv3.bias] will not optimize.
2025-07-13 13:00:39,751 - WARNING - Params [module.irn.operations.4.NF.conv3.bias] will not optimize.
25-07-13 13:00:39.751 - WARNING: Params [module.irn.operations.4.NF.sca.1.weight] will not optimize.
2025-07-13 13:00:39,751 - WARNING - Params [module.irn.operations.4.NF.sca.1.weight] will not optimize.
25-07-13 13:00:39.751 - WARNING: Params [module.irn.operations.4.NF.sca.1.bias] will not optimize.
2025-07-13 13:00:39,751 - WARNING - Params [module.irn.operations.4.NF.sca.1.bias] will not optimize.
25-07-13 13:00:39.751 - WARNING: Params [module.irn.operations.4.NF.conv4.weight] will not optimize.
2025-07-13 13:00:39,751 - WARNING - Params [module.irn.operations.4.NF.conv4.weight] will not optimize.
25-07-13 13:00:39.751 - WARNING: Params [module.irn.operations.4.NF.conv4.bias] will not optimize.
2025-07-13 13:00:39,751 - WARNING - Params [module.irn.operations.4.NF.conv4.bias] will not optimize.
25-07-13 13:00:39.751 - WARNING: Params [module.irn.operations.4.NF.conv5.weight] will not optimize.
2025-07-13 13:00:39,751 - WARNING - Params [module.irn.operations.4.NF.conv5.weight] will not optimize.
25-07-13 13:00:39.751 - WARNING: Params [module.irn.operations.4.NF.conv5.bias] will not optimize.
2025-07-13 13:00:39,751 - WARNING - Params [module.irn.operations.4.NF.conv5.bias] will not optimize.
25-07-13 13:00:39.751 - WARNING: Params [module.irn.operations.4.NF.norm1.weight] will not optimize.
2025-07-13 13:00:39,751 - WARNING - Params [module.irn.operations.4.NF.norm1.weight] will not optimize.
25-07-13 13:00:39.751 - WARNING: Params [module.irn.operations.4.NF.norm1.bias] will not optimize.
2025-07-13 13:00:39,751 - WARNING - Params [module.irn.operations.4.NF.norm1.bias] will not optimize.
25-07-13 13:00:39.751 - WARNING: Params [module.irn.operations.4.NF.norm2.weight] will not optimize.
2025-07-13 13:00:39,751 - WARNING - Params [module.irn.operations.4.NF.norm2.weight] will not optimize.
25-07-13 13:00:39.751 - WARNING: Params [module.irn.operations.4.NF.norm2.bias] will not optimize.
2025-07-13 13:00:39,751 - WARNING - Params [module.irn.operations.4.NF.norm2.bias] will not optimize.
25-07-13 13:00:39.751 - WARNING: Params [module.irn.operations.4.G.conv1.weight] will not optimize.
2025-07-13 13:00:39,751 - WARNING - Params [module.irn.operations.4.G.conv1.weight] will not optimize.
25-07-13 13:00:39.751 - WARNING: Params [module.irn.operations.4.G.conv1.bias] will not optimize.
2025-07-13 13:00:39,751 - WARNING - Params [module.irn.operations.4.G.conv1.bias] will not optimize.
25-07-13 13:00:39.751 - WARNING: Params [module.irn.operations.4.G.conv2.weight] will not optimize.
2025-07-13 13:00:39,751 - WARNING - Params [module.irn.operations.4.G.conv2.weight] will not optimize.
25-07-13 13:00:39.751 - WARNING: Params [module.irn.operations.4.G.conv2.bias] will not optimize.
2025-07-13 13:00:39,751 - WARNING - Params [module.irn.operations.4.G.conv2.bias] will not optimize.
25-07-13 13:00:39.751 - WARNING: Params [module.irn.operations.4.G.conv3.weight] will not optimize.
2025-07-13 13:00:39,751 - WARNING - Params [module.irn.operations.4.G.conv3.weight] will not optimize.
25-07-13 13:00:39.751 - WARNING: Params [module.irn.operations.4.G.conv3.bias] will not optimize.
2025-07-13 13:00:39,751 - WARNING - Params [module.irn.operations.4.G.conv3.bias] will not optimize.
25-07-13 13:00:39.751 - WARNING: Params [module.irn.operations.4.G.conv4.weight] will not optimize.
2025-07-13 13:00:39,751 - WARNING - Params [module.irn.operations.4.G.conv4.weight] will not optimize.
25-07-13 13:00:39.751 - WARNING: Params [module.irn.operations.4.G.conv4.bias] will not optimize.
2025-07-13 13:00:39,751 - WARNING - Params [module.irn.operations.4.G.conv4.bias] will not optimize.
25-07-13 13:00:39.751 - WARNING: Params [module.irn.operations.4.G.conv5.weight] will not optimize.
2025-07-13 13:00:39,751 - WARNING - Params [module.irn.operations.4.G.conv5.weight] will not optimize.
25-07-13 13:00:39.751 - WARNING: Params [module.irn.operations.4.G.conv5.bias] will not optimize.
2025-07-13 13:00:39,751 - WARNING - Params [module.irn.operations.4.G.conv5.bias] will not optimize.
25-07-13 13:00:39.751 - WARNING: Params [module.irn.operations.4.NG.beta] will not optimize.
2025-07-13 13:00:39,751 - WARNING - Params [module.irn.operations.4.NG.beta] will not optimize.
25-07-13 13:00:39.752 - WARNING: Params [module.irn.operations.4.NG.gamma] will not optimize.
2025-07-13 13:00:39,752 - WARNING - Params [module.irn.operations.4.NG.gamma] will not optimize.
25-07-13 13:00:39.752 - WARNING: Params [module.irn.operations.4.NG.conv1.weight] will not optimize.
2025-07-13 13:00:39,752 - WARNING - Params [module.irn.operations.4.NG.conv1.weight] will not optimize.
25-07-13 13:00:39.752 - WARNING: Params [module.irn.operations.4.NG.conv1.bias] will not optimize.
2025-07-13 13:00:39,752 - WARNING - Params [module.irn.operations.4.NG.conv1.bias] will not optimize.
25-07-13 13:00:39.752 - WARNING: Params [module.irn.operations.4.NG.conv2.weight] will not optimize.
2025-07-13 13:00:39,752 - WARNING - Params [module.irn.operations.4.NG.conv2.weight] will not optimize.
25-07-13 13:00:39.752 - WARNING: Params [module.irn.operations.4.NG.conv2.bias] will not optimize.
2025-07-13 13:00:39,752 - WARNING - Params [module.irn.operations.4.NG.conv2.bias] will not optimize.
25-07-13 13:00:39.752 - WARNING: Params [module.irn.operations.4.NG.conv3.weight] will not optimize.
2025-07-13 13:00:39,752 - WARNING - Params [module.irn.operations.4.NG.conv3.weight] will not optimize.
25-07-13 13:00:39.752 - WARNING: Params [module.irn.operations.4.NG.conv3.bias] will not optimize.
2025-07-13 13:00:39,752 - WARNING - Params [module.irn.operations.4.NG.conv3.bias] will not optimize.
25-07-13 13:00:39.752 - WARNING: Params [module.irn.operations.4.NG.sca.1.weight] will not optimize.
2025-07-13 13:00:39,752 - WARNING - Params [module.irn.operations.4.NG.sca.1.weight] will not optimize.
25-07-13 13:00:39.752 - WARNING: Params [module.irn.operations.4.NG.sca.1.bias] will not optimize.
2025-07-13 13:00:39,752 - WARNING - Params [module.irn.operations.4.NG.sca.1.bias] will not optimize.
25-07-13 13:00:39.752 - WARNING: Params [module.irn.operations.4.NG.conv4.weight] will not optimize.
2025-07-13 13:00:39,752 - WARNING - Params [module.irn.operations.4.NG.conv4.weight] will not optimize.
25-07-13 13:00:39.752 - WARNING: Params [module.irn.operations.4.NG.conv4.bias] will not optimize.
2025-07-13 13:00:39,752 - WARNING - Params [module.irn.operations.4.NG.conv4.bias] will not optimize.
25-07-13 13:00:39.752 - WARNING: Params [module.irn.operations.4.NG.conv5.weight] will not optimize.
2025-07-13 13:00:39,752 - WARNING - Params [module.irn.operations.4.NG.conv5.weight] will not optimize.
25-07-13 13:00:39.752 - WARNING: Params [module.irn.operations.4.NG.conv5.bias] will not optimize.
2025-07-13 13:00:39,752 - WARNING - Params [module.irn.operations.4.NG.conv5.bias] will not optimize.
25-07-13 13:00:39.752 - WARNING: Params [module.irn.operations.4.NG.norm1.weight] will not optimize.
2025-07-13 13:00:39,752 - WARNING - Params [module.irn.operations.4.NG.norm1.weight] will not optimize.
25-07-13 13:00:39.752 - WARNING: Params [module.irn.operations.4.NG.norm1.bias] will not optimize.
2025-07-13 13:00:39,752 - WARNING - Params [module.irn.operations.4.NG.norm1.bias] will not optimize.
25-07-13 13:00:39.752 - WARNING: Params [module.irn.operations.4.NG.norm2.weight] will not optimize.
2025-07-13 13:00:39,752 - WARNING - Params [module.irn.operations.4.NG.norm2.weight] will not optimize.
25-07-13 13:00:39.752 - WARNING: Params [module.irn.operations.4.NG.norm2.bias] will not optimize.
2025-07-13 13:00:39,752 - WARNING - Params [module.irn.operations.4.NG.norm2.bias] will not optimize.
25-07-13 13:00:39.752 - WARNING: Params [module.irn.operations.4.H.conv1.weight] will not optimize.
2025-07-13 13:00:39,752 - WARNING - Params [module.irn.operations.4.H.conv1.weight] will not optimize.
25-07-13 13:00:39.752 - WARNING: Params [module.irn.operations.4.H.conv1.bias] will not optimize.
2025-07-13 13:00:39,752 - WARNING - Params [module.irn.operations.4.H.conv1.bias] will not optimize.
25-07-13 13:00:39.752 - WARNING: Params [module.irn.operations.4.H.conv2.weight] will not optimize.
2025-07-13 13:00:39,752 - WARNING - Params [module.irn.operations.4.H.conv2.weight] will not optimize.
25-07-13 13:00:39.752 - WARNING: Params [module.irn.operations.4.H.conv2.bias] will not optimize.
2025-07-13 13:00:39,752 - WARNING - Params [module.irn.operations.4.H.conv2.bias] will not optimize.
25-07-13 13:00:39.752 - WARNING: Params [module.irn.operations.4.H.conv3.weight] will not optimize.
2025-07-13 13:00:39,752 - WARNING - Params [module.irn.operations.4.H.conv3.weight] will not optimize.
25-07-13 13:00:39.753 - WARNING: Params [module.irn.operations.4.H.conv3.bias] will not optimize.
2025-07-13 13:00:39,753 - WARNING - Params [module.irn.operations.4.H.conv3.bias] will not optimize.
25-07-13 13:00:39.753 - WARNING: Params [module.irn.operations.4.H.conv4.weight] will not optimize.
2025-07-13 13:00:39,753 - WARNING - Params [module.irn.operations.4.H.conv4.weight] will not optimize.
25-07-13 13:00:39.753 - WARNING: Params [module.irn.operations.4.H.conv4.bias] will not optimize.
2025-07-13 13:00:39,753 - WARNING - Params [module.irn.operations.4.H.conv4.bias] will not optimize.
25-07-13 13:00:39.753 - WARNING: Params [module.irn.operations.4.H.conv5.weight] will not optimize.
2025-07-13 13:00:39,753 - WARNING - Params [module.irn.operations.4.H.conv5.weight] will not optimize.
25-07-13 13:00:39.753 - WARNING: Params [module.irn.operations.4.H.conv5.bias] will not optimize.
2025-07-13 13:00:39,753 - WARNING - Params [module.irn.operations.4.H.conv5.bias] will not optimize.
25-07-13 13:00:39.753 - WARNING: Params [module.irn.operations.4.NH.beta] will not optimize.
2025-07-13 13:00:39,753 - WARNING - Params [module.irn.operations.4.NH.beta] will not optimize.
25-07-13 13:00:39.753 - WARNING: Params [module.irn.operations.4.NH.gamma] will not optimize.
2025-07-13 13:00:39,753 - WARNING - Params [module.irn.operations.4.NH.gamma] will not optimize.
25-07-13 13:00:39.753 - WARNING: Params [module.irn.operations.4.NH.conv1.weight] will not optimize.
2025-07-13 13:00:39,753 - WARNING - Params [module.irn.operations.4.NH.conv1.weight] will not optimize.
25-07-13 13:00:39.753 - WARNING: Params [module.irn.operations.4.NH.conv1.bias] will not optimize.
2025-07-13 13:00:39,753 - WARNING - Params [module.irn.operations.4.NH.conv1.bias] will not optimize.
25-07-13 13:00:39.753 - WARNING: Params [module.irn.operations.4.NH.conv2.weight] will not optimize.
2025-07-13 13:00:39,753 - WARNING - Params [module.irn.operations.4.NH.conv2.weight] will not optimize.
25-07-13 13:00:39.753 - WARNING: Params [module.irn.operations.4.NH.conv2.bias] will not optimize.
2025-07-13 13:00:39,753 - WARNING - Params [module.irn.operations.4.NH.conv2.bias] will not optimize.
25-07-13 13:00:39.753 - WARNING: Params [module.irn.operations.4.NH.conv3.weight] will not optimize.
2025-07-13 13:00:39,753 - WARNING - Params [module.irn.operations.4.NH.conv3.weight] will not optimize.
25-07-13 13:00:39.753 - WARNING: Params [module.irn.operations.4.NH.conv3.bias] will not optimize.
2025-07-13 13:00:39,753 - WARNING - Params [module.irn.operations.4.NH.conv3.bias] will not optimize.
25-07-13 13:00:39.753 - WARNING: Params [module.irn.operations.4.NH.sca.1.weight] will not optimize.
2025-07-13 13:00:39,753 - WARNING - Params [module.irn.operations.4.NH.sca.1.weight] will not optimize.
25-07-13 13:00:39.753 - WARNING: Params [module.irn.operations.4.NH.sca.1.bias] will not optimize.
2025-07-13 13:00:39,753 - WARNING - Params [module.irn.operations.4.NH.sca.1.bias] will not optimize.
25-07-13 13:00:39.753 - WARNING: Params [module.irn.operations.4.NH.conv4.weight] will not optimize.
2025-07-13 13:00:39,753 - WARNING - Params [module.irn.operations.4.NH.conv4.weight] will not optimize.
25-07-13 13:00:39.753 - WARNING: Params [module.irn.operations.4.NH.conv4.bias] will not optimize.
2025-07-13 13:00:39,753 - WARNING - Params [module.irn.operations.4.NH.conv4.bias] will not optimize.
25-07-13 13:00:39.753 - WARNING: Params [module.irn.operations.4.NH.conv5.weight] will not optimize.
2025-07-13 13:00:39,753 - WARNING - Params [module.irn.operations.4.NH.conv5.weight] will not optimize.
25-07-13 13:00:39.753 - WARNING: Params [module.irn.operations.4.NH.conv5.bias] will not optimize.
2025-07-13 13:00:39,753 - WARNING - Params [module.irn.operations.4.NH.conv5.bias] will not optimize.
25-07-13 13:00:39.753 - WARNING: Params [module.irn.operations.4.NH.norm1.weight] will not optimize.
2025-07-13 13:00:39,753 - WARNING - Params [module.irn.operations.4.NH.norm1.weight] will not optimize.
25-07-13 13:00:39.753 - WARNING: Params [module.irn.operations.4.NH.norm1.bias] will not optimize.
2025-07-13 13:00:39,753 - WARNING - Params [module.irn.operations.4.NH.norm1.bias] will not optimize.
25-07-13 13:00:39.754 - WARNING: Params [module.irn.operations.4.NH.norm2.weight] will not optimize.
2025-07-13 13:00:39,754 - WARNING - Params [module.irn.operations.4.NH.norm2.weight] will not optimize.
25-07-13 13:00:39.754 - WARNING: Params [module.irn.operations.4.NH.norm2.bias] will not optimize.
2025-07-13 13:00:39,754 - WARNING - Params [module.irn.operations.4.NH.norm2.bias] will not optimize.
25-07-13 13:00:39.754 - WARNING: Params [module.irn.operations.5.F.conv1.weight] will not optimize.
2025-07-13 13:00:39,754 - WARNING - Params [module.irn.operations.5.F.conv1.weight] will not optimize.
25-07-13 13:00:39.754 - WARNING: Params [module.irn.operations.5.F.conv1.bias] will not optimize.
2025-07-13 13:00:39,754 - WARNING - Params [module.irn.operations.5.F.conv1.bias] will not optimize.
25-07-13 13:00:39.754 - WARNING: Params [module.irn.operations.5.F.conv2.weight] will not optimize.
2025-07-13 13:00:39,754 - WARNING - Params [module.irn.operations.5.F.conv2.weight] will not optimize.
25-07-13 13:00:39.754 - WARNING: Params [module.irn.operations.5.F.conv2.bias] will not optimize.
2025-07-13 13:00:39,754 - WARNING - Params [module.irn.operations.5.F.conv2.bias] will not optimize.
25-07-13 13:00:39.754 - WARNING: Params [module.irn.operations.5.F.conv3.weight] will not optimize.
2025-07-13 13:00:39,754 - WARNING - Params [module.irn.operations.5.F.conv3.weight] will not optimize.
25-07-13 13:00:39.754 - WARNING: Params [module.irn.operations.5.F.conv3.bias] will not optimize.
2025-07-13 13:00:39,754 - WARNING - Params [module.irn.operations.5.F.conv3.bias] will not optimize.
25-07-13 13:00:39.754 - WARNING: Params [module.irn.operations.5.F.conv4.weight] will not optimize.
2025-07-13 13:00:39,754 - WARNING - Params [module.irn.operations.5.F.conv4.weight] will not optimize.
25-07-13 13:00:39.754 - WARNING: Params [module.irn.operations.5.F.conv4.bias] will not optimize.
2025-07-13 13:00:39,754 - WARNING - Params [module.irn.operations.5.F.conv4.bias] will not optimize.
25-07-13 13:00:39.754 - WARNING: Params [module.irn.operations.5.F.conv5.weight] will not optimize.
2025-07-13 13:00:39,754 - WARNING - Params [module.irn.operations.5.F.conv5.weight] will not optimize.
25-07-13 13:00:39.754 - WARNING: Params [module.irn.operations.5.F.conv5.bias] will not optimize.
2025-07-13 13:00:39,754 - WARNING - Params [module.irn.operations.5.F.conv5.bias] will not optimize.
25-07-13 13:00:39.754 - WARNING: Params [module.irn.operations.5.NF.beta] will not optimize.
2025-07-13 13:00:39,754 - WARNING - Params [module.irn.operations.5.NF.beta] will not optimize.
25-07-13 13:00:39.754 - WARNING: Params [module.irn.operations.5.NF.gamma] will not optimize.
2025-07-13 13:00:39,754 - WARNING - Params [module.irn.operations.5.NF.gamma] will not optimize.
25-07-13 13:00:39.754 - WARNING: Params [module.irn.operations.5.NF.conv1.weight] will not optimize.
2025-07-13 13:00:39,754 - WARNING - Params [module.irn.operations.5.NF.conv1.weight] will not optimize.
25-07-13 13:00:39.754 - WARNING: Params [module.irn.operations.5.NF.conv1.bias] will not optimize.
2025-07-13 13:00:39,754 - WARNING - Params [module.irn.operations.5.NF.conv1.bias] will not optimize.
25-07-13 13:00:39.754 - WARNING: Params [module.irn.operations.5.NF.conv2.weight] will not optimize.
2025-07-13 13:00:39,754 - WARNING - Params [module.irn.operations.5.NF.conv2.weight] will not optimize.
25-07-13 13:00:39.754 - WARNING: Params [module.irn.operations.5.NF.conv2.bias] will not optimize.
2025-07-13 13:00:39,754 - WARNING - Params [module.irn.operations.5.NF.conv2.bias] will not optimize.
25-07-13 13:00:39.754 - WARNING: Params [module.irn.operations.5.NF.conv3.weight] will not optimize.
2025-07-13 13:00:39,754 - WARNING - Params [module.irn.operations.5.NF.conv3.weight] will not optimize.
25-07-13 13:00:39.754 - WARNING: Params [module.irn.operations.5.NF.conv3.bias] will not optimize.
2025-07-13 13:00:39,754 - WARNING - Params [module.irn.operations.5.NF.conv3.bias] will not optimize.
25-07-13 13:00:39.754 - WARNING: Params [module.irn.operations.5.NF.sca.1.weight] will not optimize.
2025-07-13 13:00:39,754 - WARNING - Params [module.irn.operations.5.NF.sca.1.weight] will not optimize.
25-07-13 13:00:39.754 - WARNING: Params [module.irn.operations.5.NF.sca.1.bias] will not optimize.
2025-07-13 13:00:39,754 - WARNING - Params [module.irn.operations.5.NF.sca.1.bias] will not optimize.
25-07-13 13:00:39.755 - WARNING: Params [module.irn.operations.5.NF.conv4.weight] will not optimize.
2025-07-13 13:00:39,755 - WARNING - Params [module.irn.operations.5.NF.conv4.weight] will not optimize.
25-07-13 13:00:39.755 - WARNING: Params [module.irn.operations.5.NF.conv4.bias] will not optimize.
2025-07-13 13:00:39,755 - WARNING - Params [module.irn.operations.5.NF.conv4.bias] will not optimize.
25-07-13 13:00:39.755 - WARNING: Params [module.irn.operations.5.NF.conv5.weight] will not optimize.
2025-07-13 13:00:39,755 - WARNING - Params [module.irn.operations.5.NF.conv5.weight] will not optimize.
25-07-13 13:00:39.755 - WARNING: Params [module.irn.operations.5.NF.conv5.bias] will not optimize.
2025-07-13 13:00:39,755 - WARNING - Params [module.irn.operations.5.NF.conv5.bias] will not optimize.
25-07-13 13:00:39.755 - WARNING: Params [module.irn.operations.5.NF.norm1.weight] will not optimize.
2025-07-13 13:00:39,755 - WARNING - Params [module.irn.operations.5.NF.norm1.weight] will not optimize.
25-07-13 13:00:39.755 - WARNING: Params [module.irn.operations.5.NF.norm1.bias] will not optimize.
2025-07-13 13:00:39,755 - WARNING - Params [module.irn.operations.5.NF.norm1.bias] will not optimize.
25-07-13 13:00:39.755 - WARNING: Params [module.irn.operations.5.NF.norm2.weight] will not optimize.
2025-07-13 13:00:39,755 - WARNING - Params [module.irn.operations.5.NF.norm2.weight] will not optimize.
25-07-13 13:00:39.755 - WARNING: Params [module.irn.operations.5.NF.norm2.bias] will not optimize.
2025-07-13 13:00:39,755 - WARNING - Params [module.irn.operations.5.NF.norm2.bias] will not optimize.
25-07-13 13:00:39.755 - WARNING: Params [module.irn.operations.5.G.conv1.weight] will not optimize.
2025-07-13 13:00:39,755 - WARNING - Params [module.irn.operations.5.G.conv1.weight] will not optimize.
25-07-13 13:00:39.755 - WARNING: Params [module.irn.operations.5.G.conv1.bias] will not optimize.
2025-07-13 13:00:39,755 - WARNING - Params [module.irn.operations.5.G.conv1.bias] will not optimize.
25-07-13 13:00:39.755 - WARNING: Params [module.irn.operations.5.G.conv2.weight] will not optimize.
2025-07-13 13:00:39,755 - WARNING - Params [module.irn.operations.5.G.conv2.weight] will not optimize.
25-07-13 13:00:39.755 - WARNING: Params [module.irn.operations.5.G.conv2.bias] will not optimize.
2025-07-13 13:00:39,755 - WARNING - Params [module.irn.operations.5.G.conv2.bias] will not optimize.
25-07-13 13:00:39.755 - WARNING: Params [module.irn.operations.5.G.conv3.weight] will not optimize.
2025-07-13 13:00:39,755 - WARNING - Params [module.irn.operations.5.G.conv3.weight] will not optimize.
25-07-13 13:00:39.755 - WARNING: Params [module.irn.operations.5.G.conv3.bias] will not optimize.
2025-07-13 13:00:39,755 - WARNING - Params [module.irn.operations.5.G.conv3.bias] will not optimize.
25-07-13 13:00:39.755 - WARNING: Params [module.irn.operations.5.G.conv4.weight] will not optimize.
2025-07-13 13:00:39,755 - WARNING - Params [module.irn.operations.5.G.conv4.weight] will not optimize.
25-07-13 13:00:39.755 - WARNING: Params [module.irn.operations.5.G.conv4.bias] will not optimize.
2025-07-13 13:00:39,755 - WARNING - Params [module.irn.operations.5.G.conv4.bias] will not optimize.
25-07-13 13:00:39.755 - WARNING: Params [module.irn.operations.5.G.conv5.weight] will not optimize.
2025-07-13 13:00:39,755 - WARNING - Params [module.irn.operations.5.G.conv5.weight] will not optimize.
25-07-13 13:00:39.755 - WARNING: Params [module.irn.operations.5.G.conv5.bias] will not optimize.
2025-07-13 13:00:39,755 - WARNING - Params [module.irn.operations.5.G.conv5.bias] will not optimize.
25-07-13 13:00:39.755 - WARNING: Params [module.irn.operations.5.NG.beta] will not optimize.
2025-07-13 13:00:39,755 - WARNING - Params [module.irn.operations.5.NG.beta] will not optimize.
25-07-13 13:00:39.755 - WARNING: Params [module.irn.operations.5.NG.gamma] will not optimize.
2025-07-13 13:00:39,755 - WARNING - Params [module.irn.operations.5.NG.gamma] will not optimize.
25-07-13 13:00:39.755 - WARNING: Params [module.irn.operations.5.NG.conv1.weight] will not optimize.
2025-07-13 13:00:39,755 - WARNING - Params [module.irn.operations.5.NG.conv1.weight] will not optimize.
25-07-13 13:00:39.755 - WARNING: Params [module.irn.operations.5.NG.conv1.bias] will not optimize.
2025-07-13 13:00:39,755 - WARNING - Params [module.irn.operations.5.NG.conv1.bias] will not optimize.
25-07-13 13:00:39.756 - WARNING: Params [module.irn.operations.5.NG.conv2.weight] will not optimize.
2025-07-13 13:00:39,756 - WARNING - Params [module.irn.operations.5.NG.conv2.weight] will not optimize.
25-07-13 13:00:39.756 - WARNING: Params [module.irn.operations.5.NG.conv2.bias] will not optimize.
2025-07-13 13:00:39,756 - WARNING - Params [module.irn.operations.5.NG.conv2.bias] will not optimize.
25-07-13 13:00:39.756 - WARNING: Params [module.irn.operations.5.NG.conv3.weight] will not optimize.
2025-07-13 13:00:39,756 - WARNING - Params [module.irn.operations.5.NG.conv3.weight] will not optimize.
25-07-13 13:00:39.756 - WARNING: Params [module.irn.operations.5.NG.conv3.bias] will not optimize.
2025-07-13 13:00:39,756 - WARNING - Params [module.irn.operations.5.NG.conv3.bias] will not optimize.
25-07-13 13:00:39.756 - WARNING: Params [module.irn.operations.5.NG.sca.1.weight] will not optimize.
2025-07-13 13:00:39,756 - WARNING - Params [module.irn.operations.5.NG.sca.1.weight] will not optimize.
25-07-13 13:00:39.756 - WARNING: Params [module.irn.operations.5.NG.sca.1.bias] will not optimize.
2025-07-13 13:00:39,756 - WARNING - Params [module.irn.operations.5.NG.sca.1.bias] will not optimize.
25-07-13 13:00:39.756 - WARNING: Params [module.irn.operations.5.NG.conv4.weight] will not optimize.
2025-07-13 13:00:39,756 - WARNING - Params [module.irn.operations.5.NG.conv4.weight] will not optimize.
25-07-13 13:00:39.756 - WARNING: Params [module.irn.operations.5.NG.conv4.bias] will not optimize.
2025-07-13 13:00:39,756 - WARNING - Params [module.irn.operations.5.NG.conv4.bias] will not optimize.
25-07-13 13:00:39.756 - WARNING: Params [module.irn.operations.5.NG.conv5.weight] will not optimize.
2025-07-13 13:00:39,756 - WARNING - Params [module.irn.operations.5.NG.conv5.weight] will not optimize.
25-07-13 13:00:39.756 - WARNING: Params [module.irn.operations.5.NG.conv5.bias] will not optimize.
2025-07-13 13:00:39,756 - WARNING - Params [module.irn.operations.5.NG.conv5.bias] will not optimize.
25-07-13 13:00:39.756 - WARNING: Params [module.irn.operations.5.NG.norm1.weight] will not optimize.
2025-07-13 13:00:39,756 - WARNING - Params [module.irn.operations.5.NG.norm1.weight] will not optimize.
25-07-13 13:00:39.756 - WARNING: Params [module.irn.operations.5.NG.norm1.bias] will not optimize.
2025-07-13 13:00:39,756 - WARNING - Params [module.irn.operations.5.NG.norm1.bias] will not optimize.
25-07-13 13:00:39.756 - WARNING: Params [module.irn.operations.5.NG.norm2.weight] will not optimize.
2025-07-13 13:00:39,756 - WARNING - Params [module.irn.operations.5.NG.norm2.weight] will not optimize.
25-07-13 13:00:39.756 - WARNING: Params [module.irn.operations.5.NG.norm2.bias] will not optimize.
2025-07-13 13:00:39,756 - WARNING - Params [module.irn.operations.5.NG.norm2.bias] will not optimize.
25-07-13 13:00:39.756 - WARNING: Params [module.irn.operations.5.H.conv1.weight] will not optimize.
2025-07-13 13:00:39,756 - WARNING - Params [module.irn.operations.5.H.conv1.weight] will not optimize.
25-07-13 13:00:39.756 - WARNING: Params [module.irn.operations.5.H.conv1.bias] will not optimize.
2025-07-13 13:00:39,756 - WARNING - Params [module.irn.operations.5.H.conv1.bias] will not optimize.
25-07-13 13:00:39.756 - WARNING: Params [module.irn.operations.5.H.conv2.weight] will not optimize.
2025-07-13 13:00:39,756 - WARNING - Params [module.irn.operations.5.H.conv2.weight] will not optimize.
25-07-13 13:00:39.756 - WARNING: Params [module.irn.operations.5.H.conv2.bias] will not optimize.
2025-07-13 13:00:39,756 - WARNING - Params [module.irn.operations.5.H.conv2.bias] will not optimize.
25-07-13 13:00:39.756 - WARNING: Params [module.irn.operations.5.H.conv3.weight] will not optimize.
2025-07-13 13:00:39,756 - WARNING - Params [module.irn.operations.5.H.conv3.weight] will not optimize.
25-07-13 13:00:39.756 - WARNING: Params [module.irn.operations.5.H.conv3.bias] will not optimize.
2025-07-13 13:00:39,756 - WARNING - Params [module.irn.operations.5.H.conv3.bias] will not optimize.
25-07-13 13:00:39.756 - WARNING: Params [module.irn.operations.5.H.conv4.weight] will not optimize.
2025-07-13 13:00:39,756 - WARNING - Params [module.irn.operations.5.H.conv4.weight] will not optimize.
25-07-13 13:00:39.756 - WARNING: Params [module.irn.operations.5.H.conv4.bias] will not optimize.
2025-07-13 13:00:39,756 - WARNING - Params [module.irn.operations.5.H.conv4.bias] will not optimize.
25-07-13 13:00:39.757 - WARNING: Params [module.irn.operations.5.H.conv5.weight] will not optimize.
2025-07-13 13:00:39,757 - WARNING - Params [module.irn.operations.5.H.conv5.weight] will not optimize.
25-07-13 13:00:39.757 - WARNING: Params [module.irn.operations.5.H.conv5.bias] will not optimize.
2025-07-13 13:00:39,757 - WARNING - Params [module.irn.operations.5.H.conv5.bias] will not optimize.
25-07-13 13:00:39.757 - WARNING: Params [module.irn.operations.5.NH.beta] will not optimize.
2025-07-13 13:00:39,757 - WARNING - Params [module.irn.operations.5.NH.beta] will not optimize.
25-07-13 13:00:39.757 - WARNING: Params [module.irn.operations.5.NH.gamma] will not optimize.
2025-07-13 13:00:39,757 - WARNING - Params [module.irn.operations.5.NH.gamma] will not optimize.
25-07-13 13:00:39.757 - WARNING: Params [module.irn.operations.5.NH.conv1.weight] will not optimize.
2025-07-13 13:00:39,757 - WARNING - Params [module.irn.operations.5.NH.conv1.weight] will not optimize.
25-07-13 13:00:39.757 - WARNING: Params [module.irn.operations.5.NH.conv1.bias] will not optimize.
2025-07-13 13:00:39,757 - WARNING - Params [module.irn.operations.5.NH.conv1.bias] will not optimize.
25-07-13 13:00:39.757 - WARNING: Params [module.irn.operations.5.NH.conv2.weight] will not optimize.
2025-07-13 13:00:39,757 - WARNING - Params [module.irn.operations.5.NH.conv2.weight] will not optimize.
25-07-13 13:00:39.757 - WARNING: Params [module.irn.operations.5.NH.conv2.bias] will not optimize.
2025-07-13 13:00:39,757 - WARNING - Params [module.irn.operations.5.NH.conv2.bias] will not optimize.
25-07-13 13:00:39.757 - WARNING: Params [module.irn.operations.5.NH.conv3.weight] will not optimize.
2025-07-13 13:00:39,757 - WARNING - Params [module.irn.operations.5.NH.conv3.weight] will not optimize.
25-07-13 13:00:39.757 - WARNING: Params [module.irn.operations.5.NH.conv3.bias] will not optimize.
2025-07-13 13:00:39,757 - WARNING - Params [module.irn.operations.5.NH.conv3.bias] will not optimize.
25-07-13 13:00:39.757 - WARNING: Params [module.irn.operations.5.NH.sca.1.weight] will not optimize.
2025-07-13 13:00:39,757 - WARNING - Params [module.irn.operations.5.NH.sca.1.weight] will not optimize.
25-07-13 13:00:39.757 - WARNING: Params [module.irn.operations.5.NH.sca.1.bias] will not optimize.
2025-07-13 13:00:39,757 - WARNING - Params [module.irn.operations.5.NH.sca.1.bias] will not optimize.
25-07-13 13:00:39.757 - WARNING: Params [module.irn.operations.5.NH.conv4.weight] will not optimize.
2025-07-13 13:00:39,757 - WARNING - Params [module.irn.operations.5.NH.conv4.weight] will not optimize.
25-07-13 13:00:39.757 - WARNING: Params [module.irn.operations.5.NH.conv4.bias] will not optimize.
2025-07-13 13:00:39,757 - WARNING - Params [module.irn.operations.5.NH.conv4.bias] will not optimize.
25-07-13 13:00:39.757 - WARNING: Params [module.irn.operations.5.NH.conv5.weight] will not optimize.
2025-07-13 13:00:39,757 - WARNING - Params [module.irn.operations.5.NH.conv5.weight] will not optimize.
25-07-13 13:00:39.757 - WARNING: Params [module.irn.operations.5.NH.conv5.bias] will not optimize.
2025-07-13 13:00:39,757 - WARNING - Params [module.irn.operations.5.NH.conv5.bias] will not optimize.
25-07-13 13:00:39.757 - WARNING: Params [module.irn.operations.5.NH.norm1.weight] will not optimize.
2025-07-13 13:00:39,757 - WARNING - Params [module.irn.operations.5.NH.norm1.weight] will not optimize.
25-07-13 13:00:39.757 - WARNING: Params [module.irn.operations.5.NH.norm1.bias] will not optimize.
2025-07-13 13:00:39,757 - WARNING - Params [module.irn.operations.5.NH.norm1.bias] will not optimize.
25-07-13 13:00:39.757 - WARNING: Params [module.irn.operations.5.NH.norm2.weight] will not optimize.
2025-07-13 13:00:39,757 - WARNING - Params [module.irn.operations.5.NH.norm2.weight] will not optimize.
25-07-13 13:00:39.757 - WARNING: Params [module.irn.operations.5.NH.norm2.bias] will not optimize.
2025-07-13 13:00:39,757 - WARNING - Params [module.irn.operations.5.NH.norm2.bias] will not optimize.
25-07-13 13:00:39.757 - WARNING: Params [module.irn.operations.6.F.conv1.weight] will not optimize.
2025-07-13 13:00:39,757 - WARNING - Params [module.irn.operations.6.F.conv1.weight] will not optimize.
25-07-13 13:00:39.757 - WARNING: Params [module.irn.operations.6.F.conv1.bias] will not optimize.
2025-07-13 13:00:39,757 - WARNING - Params [module.irn.operations.6.F.conv1.bias] will not optimize.
25-07-13 13:00:39.758 - WARNING: Params [module.irn.operations.6.F.conv2.weight] will not optimize.
2025-07-13 13:00:39,758 - WARNING - Params [module.irn.operations.6.F.conv2.weight] will not optimize.
25-07-13 13:00:39.758 - WARNING: Params [module.irn.operations.6.F.conv2.bias] will not optimize.
2025-07-13 13:00:39,758 - WARNING - Params [module.irn.operations.6.F.conv2.bias] will not optimize.
25-07-13 13:00:39.758 - WARNING: Params [module.irn.operations.6.F.conv3.weight] will not optimize.
2025-07-13 13:00:39,758 - WARNING - Params [module.irn.operations.6.F.conv3.weight] will not optimize.
25-07-13 13:00:39.758 - WARNING: Params [module.irn.operations.6.F.conv3.bias] will not optimize.
2025-07-13 13:00:39,758 - WARNING - Params [module.irn.operations.6.F.conv3.bias] will not optimize.
25-07-13 13:00:39.758 - WARNING: Params [module.irn.operations.6.F.conv4.weight] will not optimize.
2025-07-13 13:00:39,758 - WARNING - Params [module.irn.operations.6.F.conv4.weight] will not optimize.
25-07-13 13:00:39.758 - WARNING: Params [module.irn.operations.6.F.conv4.bias] will not optimize.
2025-07-13 13:00:39,758 - WARNING - Params [module.irn.operations.6.F.conv4.bias] will not optimize.
25-07-13 13:00:39.758 - WARNING: Params [module.irn.operations.6.F.conv5.weight] will not optimize.
2025-07-13 13:00:39,758 - WARNING - Params [module.irn.operations.6.F.conv5.weight] will not optimize.
25-07-13 13:00:39.758 - WARNING: Params [module.irn.operations.6.F.conv5.bias] will not optimize.
2025-07-13 13:00:39,758 - WARNING - Params [module.irn.operations.6.F.conv5.bias] will not optimize.
25-07-13 13:00:39.758 - WARNING: Params [module.irn.operations.6.NF.beta] will not optimize.
2025-07-13 13:00:39,758 - WARNING - Params [module.irn.operations.6.NF.beta] will not optimize.
25-07-13 13:00:39.758 - WARNING: Params [module.irn.operations.6.NF.gamma] will not optimize.
2025-07-13 13:00:39,758 - WARNING - Params [module.irn.operations.6.NF.gamma] will not optimize.
25-07-13 13:00:39.758 - WARNING: Params [module.irn.operations.6.NF.conv1.weight] will not optimize.
2025-07-13 13:00:39,758 - WARNING - Params [module.irn.operations.6.NF.conv1.weight] will not optimize.
25-07-13 13:00:39.758 - WARNING: Params [module.irn.operations.6.NF.conv1.bias] will not optimize.
2025-07-13 13:00:39,758 - WARNING - Params [module.irn.operations.6.NF.conv1.bias] will not optimize.
25-07-13 13:00:39.758 - WARNING: Params [module.irn.operations.6.NF.conv2.weight] will not optimize.
2025-07-13 13:00:39,758 - WARNING - Params [module.irn.operations.6.NF.conv2.weight] will not optimize.
25-07-13 13:00:39.758 - WARNING: Params [module.irn.operations.6.NF.conv2.bias] will not optimize.
2025-07-13 13:00:39,758 - WARNING - Params [module.irn.operations.6.NF.conv2.bias] will not optimize.
25-07-13 13:00:39.758 - WARNING: Params [module.irn.operations.6.NF.conv3.weight] will not optimize.
2025-07-13 13:00:39,758 - WARNING - Params [module.irn.operations.6.NF.conv3.weight] will not optimize.
25-07-13 13:00:39.758 - WARNING: Params [module.irn.operations.6.NF.conv3.bias] will not optimize.
2025-07-13 13:00:39,758 - WARNING - Params [module.irn.operations.6.NF.conv3.bias] will not optimize.
25-07-13 13:00:39.758 - WARNING: Params [module.irn.operations.6.NF.sca.1.weight] will not optimize.
2025-07-13 13:00:39,758 - WARNING - Params [module.irn.operations.6.NF.sca.1.weight] will not optimize.
25-07-13 13:00:39.758 - WARNING: Params [module.irn.operations.6.NF.sca.1.bias] will not optimize.
2025-07-13 13:00:39,758 - WARNING - Params [module.irn.operations.6.NF.sca.1.bias] will not optimize.
25-07-13 13:00:39.758 - WARNING: Params [module.irn.operations.6.NF.conv4.weight] will not optimize.
2025-07-13 13:00:39,758 - WARNING - Params [module.irn.operations.6.NF.conv4.weight] will not optimize.
25-07-13 13:00:39.758 - WARNING: Params [module.irn.operations.6.NF.conv4.bias] will not optimize.
2025-07-13 13:00:39,758 - WARNING - Params [module.irn.operations.6.NF.conv4.bias] will not optimize.
25-07-13 13:00:39.758 - WARNING: Params [module.irn.operations.6.NF.conv5.weight] will not optimize.
2025-07-13 13:00:39,758 - WARNING - Params [module.irn.operations.6.NF.conv5.weight] will not optimize.
25-07-13 13:00:39.759 - WARNING: Params [module.irn.operations.6.NF.conv5.bias] will not optimize.
2025-07-13 13:00:39,759 - WARNING - Params [module.irn.operations.6.NF.conv5.bias] will not optimize.
25-07-13 13:00:39.759 - WARNING: Params [module.irn.operations.6.NF.norm1.weight] will not optimize.
2025-07-13 13:00:39,759 - WARNING - Params [module.irn.operations.6.NF.norm1.weight] will not optimize.
25-07-13 13:00:39.759 - WARNING: Params [module.irn.operations.6.NF.norm1.bias] will not optimize.
2025-07-13 13:00:39,759 - WARNING - Params [module.irn.operations.6.NF.norm1.bias] will not optimize.
25-07-13 13:00:39.759 - WARNING: Params [module.irn.operations.6.NF.norm2.weight] will not optimize.
2025-07-13 13:00:39,759 - WARNING - Params [module.irn.operations.6.NF.norm2.weight] will not optimize.
25-07-13 13:00:39.759 - WARNING: Params [module.irn.operations.6.NF.norm2.bias] will not optimize.
2025-07-13 13:00:39,759 - WARNING - Params [module.irn.operations.6.NF.norm2.bias] will not optimize.
25-07-13 13:00:39.759 - WARNING: Params [module.irn.operations.6.G.conv1.weight] will not optimize.
2025-07-13 13:00:39,759 - WARNING - Params [module.irn.operations.6.G.conv1.weight] will not optimize.
25-07-13 13:00:39.759 - WARNING: Params [module.irn.operations.6.G.conv1.bias] will not optimize.
2025-07-13 13:00:39,759 - WARNING - Params [module.irn.operations.6.G.conv1.bias] will not optimize.
25-07-13 13:00:39.759 - WARNING: Params [module.irn.operations.6.G.conv2.weight] will not optimize.
2025-07-13 13:00:39,759 - WARNING - Params [module.irn.operations.6.G.conv2.weight] will not optimize.
25-07-13 13:00:39.759 - WARNING: Params [module.irn.operations.6.G.conv2.bias] will not optimize.
2025-07-13 13:00:39,759 - WARNING - Params [module.irn.operations.6.G.conv2.bias] will not optimize.
25-07-13 13:00:39.759 - WARNING: Params [module.irn.operations.6.G.conv3.weight] will not optimize.
2025-07-13 13:00:39,759 - WARNING - Params [module.irn.operations.6.G.conv3.weight] will not optimize.
25-07-13 13:00:39.759 - WARNING: Params [module.irn.operations.6.G.conv3.bias] will not optimize.
2025-07-13 13:00:39,759 - WARNING - Params [module.irn.operations.6.G.conv3.bias] will not optimize.
25-07-13 13:00:39.759 - WARNING: Params [module.irn.operations.6.G.conv4.weight] will not optimize.
2025-07-13 13:00:39,759 - WARNING - Params [module.irn.operations.6.G.conv4.weight] will not optimize.
25-07-13 13:00:39.759 - WARNING: Params [module.irn.operations.6.G.conv4.bias] will not optimize.
2025-07-13 13:00:39,759 - WARNING - Params [module.irn.operations.6.G.conv4.bias] will not optimize.
25-07-13 13:00:39.759 - WARNING: Params [module.irn.operations.6.G.conv5.weight] will not optimize.
2025-07-13 13:00:39,759 - WARNING - Params [module.irn.operations.6.G.conv5.weight] will not optimize.
25-07-13 13:00:39.759 - WARNING: Params [module.irn.operations.6.G.conv5.bias] will not optimize.
2025-07-13 13:00:39,759 - WARNING - Params [module.irn.operations.6.G.conv5.bias] will not optimize.
25-07-13 13:00:39.759 - WARNING: Params [module.irn.operations.6.NG.beta] will not optimize.
2025-07-13 13:00:39,759 - WARNING - Params [module.irn.operations.6.NG.beta] will not optimize.
25-07-13 13:00:39.759 - WARNING: Params [module.irn.operations.6.NG.gamma] will not optimize.
2025-07-13 13:00:39,759 - WARNING - Params [module.irn.operations.6.NG.gamma] will not optimize.
25-07-13 13:00:39.759 - WARNING: Params [module.irn.operations.6.NG.conv1.weight] will not optimize.
2025-07-13 13:00:39,759 - WARNING - Params [module.irn.operations.6.NG.conv1.weight] will not optimize.
25-07-13 13:00:39.759 - WARNING: Params [module.irn.operations.6.NG.conv1.bias] will not optimize.
2025-07-13 13:00:39,759 - WARNING - Params [module.irn.operations.6.NG.conv1.bias] will not optimize.
25-07-13 13:00:39.759 - WARNING: Params [module.irn.operations.6.NG.conv2.weight] will not optimize.
2025-07-13 13:00:39,759 - WARNING - Params [module.irn.operations.6.NG.conv2.weight] will not optimize.
25-07-13 13:00:39.759 - WARNING: Params [module.irn.operations.6.NG.conv2.bias] will not optimize.
2025-07-13 13:00:39,759 - WARNING - Params [module.irn.operations.6.NG.conv2.bias] will not optimize.
25-07-13 13:00:39.759 - WARNING: Params [module.irn.operations.6.NG.conv3.weight] will not optimize.
2025-07-13 13:00:39,759 - WARNING - Params [module.irn.operations.6.NG.conv3.weight] will not optimize.
25-07-13 13:00:39.760 - WARNING: Params [module.irn.operations.6.NG.conv3.bias] will not optimize.
2025-07-13 13:00:39,760 - WARNING - Params [module.irn.operations.6.NG.conv3.bias] will not optimize.
25-07-13 13:00:39.760 - WARNING: Params [module.irn.operations.6.NG.sca.1.weight] will not optimize.
2025-07-13 13:00:39,760 - WARNING - Params [module.irn.operations.6.NG.sca.1.weight] will not optimize.
25-07-13 13:00:39.760 - WARNING: Params [module.irn.operations.6.NG.sca.1.bias] will not optimize.
2025-07-13 13:00:39,760 - WARNING - Params [module.irn.operations.6.NG.sca.1.bias] will not optimize.
25-07-13 13:00:39.760 - WARNING: Params [module.irn.operations.6.NG.conv4.weight] will not optimize.
2025-07-13 13:00:39,760 - WARNING - Params [module.irn.operations.6.NG.conv4.weight] will not optimize.
25-07-13 13:00:39.760 - WARNING: Params [module.irn.operations.6.NG.conv4.bias] will not optimize.
2025-07-13 13:00:39,760 - WARNING - Params [module.irn.operations.6.NG.conv4.bias] will not optimize.
25-07-13 13:00:39.760 - WARNING: Params [module.irn.operations.6.NG.conv5.weight] will not optimize.
2025-07-13 13:00:39,760 - WARNING - Params [module.irn.operations.6.NG.conv5.weight] will not optimize.
25-07-13 13:00:39.760 - WARNING: Params [module.irn.operations.6.NG.conv5.bias] will not optimize.
2025-07-13 13:00:39,760 - WARNING - Params [module.irn.operations.6.NG.conv5.bias] will not optimize.
25-07-13 13:00:39.760 - WARNING: Params [module.irn.operations.6.NG.norm1.weight] will not optimize.
2025-07-13 13:00:39,760 - WARNING - Params [module.irn.operations.6.NG.norm1.weight] will not optimize.
25-07-13 13:00:39.760 - WARNING: Params [module.irn.operations.6.NG.norm1.bias] will not optimize.
2025-07-13 13:00:39,760 - WARNING - Params [module.irn.operations.6.NG.norm1.bias] will not optimize.
25-07-13 13:00:39.760 - WARNING: Params [module.irn.operations.6.NG.norm2.weight] will not optimize.
2025-07-13 13:00:39,760 - WARNING - Params [module.irn.operations.6.NG.norm2.weight] will not optimize.
25-07-13 13:00:39.760 - WARNING: Params [module.irn.operations.6.NG.norm2.bias] will not optimize.
2025-07-13 13:00:39,760 - WARNING - Params [module.irn.operations.6.NG.norm2.bias] will not optimize.
25-07-13 13:00:39.760 - WARNING: Params [module.irn.operations.6.H.conv1.weight] will not optimize.
2025-07-13 13:00:39,760 - WARNING - Params [module.irn.operations.6.H.conv1.weight] will not optimize.
25-07-13 13:00:39.760 - WARNING: Params [module.irn.operations.6.H.conv1.bias] will not optimize.
2025-07-13 13:00:39,760 - WARNING - Params [module.irn.operations.6.H.conv1.bias] will not optimize.
25-07-13 13:00:39.760 - WARNING: Params [module.irn.operations.6.H.conv2.weight] will not optimize.
2025-07-13 13:00:39,760 - WARNING - Params [module.irn.operations.6.H.conv2.weight] will not optimize.
25-07-13 13:00:39.760 - WARNING: Params [module.irn.operations.6.H.conv2.bias] will not optimize.
2025-07-13 13:00:39,760 - WARNING - Params [module.irn.operations.6.H.conv2.bias] will not optimize.
25-07-13 13:00:39.760 - WARNING: Params [module.irn.operations.6.H.conv3.weight] will not optimize.
2025-07-13 13:00:39,760 - WARNING - Params [module.irn.operations.6.H.conv3.weight] will not optimize.
25-07-13 13:00:39.760 - WARNING: Params [module.irn.operations.6.H.conv3.bias] will not optimize.
2025-07-13 13:00:39,760 - WARNING - Params [module.irn.operations.6.H.conv3.bias] will not optimize.
25-07-13 13:00:39.760 - WARNING: Params [module.irn.operations.6.H.conv4.weight] will not optimize.
2025-07-13 13:00:39,760 - WARNING - Params [module.irn.operations.6.H.conv4.weight] will not optimize.
25-07-13 13:00:39.760 - WARNING: Params [module.irn.operations.6.H.conv4.bias] will not optimize.
2025-07-13 13:00:39,760 - WARNING - Params [module.irn.operations.6.H.conv4.bias] will not optimize.
25-07-13 13:00:39.760 - WARNING: Params [module.irn.operations.6.H.conv5.weight] will not optimize.
2025-07-13 13:00:39,760 - WARNING - Params [module.irn.operations.6.H.conv5.weight] will not optimize.
25-07-13 13:00:39.760 - WARNING: Params [module.irn.operations.6.H.conv5.bias] will not optimize.
2025-07-13 13:00:39,760 - WARNING - Params [module.irn.operations.6.H.conv5.bias] will not optimize.
25-07-13 13:00:39.761 - WARNING: Params [module.irn.operations.6.NH.beta] will not optimize.
2025-07-13 13:00:39,761 - WARNING - Params [module.irn.operations.6.NH.beta] will not optimize.
25-07-13 13:00:39.761 - WARNING: Params [module.irn.operations.6.NH.gamma] will not optimize.
2025-07-13 13:00:39,761 - WARNING - Params [module.irn.operations.6.NH.gamma] will not optimize.
25-07-13 13:00:39.761 - WARNING: Params [module.irn.operations.6.NH.conv1.weight] will not optimize.
2025-07-13 13:00:39,761 - WARNING - Params [module.irn.operations.6.NH.conv1.weight] will not optimize.
25-07-13 13:00:39.761 - WARNING: Params [module.irn.operations.6.NH.conv1.bias] will not optimize.
2025-07-13 13:00:39,761 - WARNING - Params [module.irn.operations.6.NH.conv1.bias] will not optimize.
25-07-13 13:00:39.761 - WARNING: Params [module.irn.operations.6.NH.conv2.weight] will not optimize.
2025-07-13 13:00:39,761 - WARNING - Params [module.irn.operations.6.NH.conv2.weight] will not optimize.
25-07-13 13:00:39.761 - WARNING: Params [module.irn.operations.6.NH.conv2.bias] will not optimize.
2025-07-13 13:00:39,761 - WARNING - Params [module.irn.operations.6.NH.conv2.bias] will not optimize.
25-07-13 13:00:39.761 - WARNING: Params [module.irn.operations.6.NH.conv3.weight] will not optimize.
2025-07-13 13:00:39,761 - WARNING - Params [module.irn.operations.6.NH.conv3.weight] will not optimize.
25-07-13 13:00:39.761 - WARNING: Params [module.irn.operations.6.NH.conv3.bias] will not optimize.
2025-07-13 13:00:39,761 - WARNING - Params [module.irn.operations.6.NH.conv3.bias] will not optimize.
25-07-13 13:00:39.761 - WARNING: Params [module.irn.operations.6.NH.sca.1.weight] will not optimize.
2025-07-13 13:00:39,761 - WARNING - Params [module.irn.operations.6.NH.sca.1.weight] will not optimize.
25-07-13 13:00:39.761 - WARNING: Params [module.irn.operations.6.NH.sca.1.bias] will not optimize.
2025-07-13 13:00:39,761 - WARNING - Params [module.irn.operations.6.NH.sca.1.bias] will not optimize.
25-07-13 13:00:39.761 - WARNING: Params [module.irn.operations.6.NH.conv4.weight] will not optimize.
2025-07-13 13:00:39,761 - WARNING - Params [module.irn.operations.6.NH.conv4.weight] will not optimize.
25-07-13 13:00:39.761 - WARNING: Params [module.irn.operations.6.NH.conv4.bias] will not optimize.
2025-07-13 13:00:39,761 - WARNING - Params [module.irn.operations.6.NH.conv4.bias] will not optimize.
25-07-13 13:00:39.761 - WARNING: Params [module.irn.operations.6.NH.conv5.weight] will not optimize.
2025-07-13 13:00:39,761 - WARNING - Params [module.irn.operations.6.NH.conv5.weight] will not optimize.
25-07-13 13:00:39.761 - WARNING: Params [module.irn.operations.6.NH.conv5.bias] will not optimize.
2025-07-13 13:00:39,761 - WARNING - Params [module.irn.operations.6.NH.conv5.bias] will not optimize.
25-07-13 13:00:39.761 - WARNING: Params [module.irn.operations.6.NH.norm1.weight] will not optimize.
2025-07-13 13:00:39,761 - WARNING - Params [module.irn.operations.6.NH.norm1.weight] will not optimize.
25-07-13 13:00:39.761 - WARNING: Params [module.irn.operations.6.NH.norm1.bias] will not optimize.
2025-07-13 13:00:39,761 - WARNING - Params [module.irn.operations.6.NH.norm1.bias] will not optimize.
25-07-13 13:00:39.761 - WARNING: Params [module.irn.operations.6.NH.norm2.weight] will not optimize.
2025-07-13 13:00:39,761 - WARNING - Params [module.irn.operations.6.NH.norm2.weight] will not optimize.
25-07-13 13:00:39.761 - WARNING: Params [module.irn.operations.6.NH.norm2.bias] will not optimize.
2025-07-13 13:00:39,761 - WARNING - Params [module.irn.operations.6.NH.norm2.bias] will not optimize.
25-07-13 13:00:39.761 - WARNING: Params [module.irn.operations.7.F.conv1.weight] will not optimize.
2025-07-13 13:00:39,761 - WARNING - Params [module.irn.operations.7.F.conv1.weight] will not optimize.
25-07-13 13:00:39.761 - WARNING: Params [module.irn.operations.7.F.conv1.bias] will not optimize.
2025-07-13 13:00:39,761 - WARNING - Params [module.irn.operations.7.F.conv1.bias] will not optimize.
25-07-13 13:00:39.761 - WARNING: Params [module.irn.operations.7.F.conv2.weight] will not optimize.
2025-07-13 13:00:39,761 - WARNING - Params [module.irn.operations.7.F.conv2.weight] will not optimize.
25-07-13 13:00:39.761 - WARNING: Params [module.irn.operations.7.F.conv2.bias] will not optimize.
2025-07-13 13:00:39,761 - WARNING - Params [module.irn.operations.7.F.conv2.bias] will not optimize.
25-07-13 13:00:39.762 - WARNING: Params [module.irn.operations.7.F.conv3.weight] will not optimize.
2025-07-13 13:00:39,762 - WARNING - Params [module.irn.operations.7.F.conv3.weight] will not optimize.
25-07-13 13:00:39.762 - WARNING: Params [module.irn.operations.7.F.conv3.bias] will not optimize.
2025-07-13 13:00:39,762 - WARNING - Params [module.irn.operations.7.F.conv3.bias] will not optimize.
25-07-13 13:00:39.762 - WARNING: Params [module.irn.operations.7.F.conv4.weight] will not optimize.
2025-07-13 13:00:39,762 - WARNING - Params [module.irn.operations.7.F.conv4.weight] will not optimize.
25-07-13 13:00:39.762 - WARNING: Params [module.irn.operations.7.F.conv4.bias] will not optimize.
2025-07-13 13:00:39,762 - WARNING - Params [module.irn.operations.7.F.conv4.bias] will not optimize.
25-07-13 13:00:39.762 - WARNING: Params [module.irn.operations.7.F.conv5.weight] will not optimize.
2025-07-13 13:00:39,762 - WARNING - Params [module.irn.operations.7.F.conv5.weight] will not optimize.
25-07-13 13:00:39.762 - WARNING: Params [module.irn.operations.7.F.conv5.bias] will not optimize.
2025-07-13 13:00:39,762 - WARNING - Params [module.irn.operations.7.F.conv5.bias] will not optimize.
25-07-13 13:00:39.762 - WARNING: Params [module.irn.operations.7.NF.beta] will not optimize.
2025-07-13 13:00:39,762 - WARNING - Params [module.irn.operations.7.NF.beta] will not optimize.
25-07-13 13:00:39.762 - WARNING: Params [module.irn.operations.7.NF.gamma] will not optimize.
2025-07-13 13:00:39,762 - WARNING - Params [module.irn.operations.7.NF.gamma] will not optimize.
25-07-13 13:00:39.762 - WARNING: Params [module.irn.operations.7.NF.conv1.weight] will not optimize.
2025-07-13 13:00:39,762 - WARNING - Params [module.irn.operations.7.NF.conv1.weight] will not optimize.
25-07-13 13:00:39.762 - WARNING: Params [module.irn.operations.7.NF.conv1.bias] will not optimize.
2025-07-13 13:00:39,762 - WARNING - Params [module.irn.operations.7.NF.conv1.bias] will not optimize.
25-07-13 13:00:39.762 - WARNING: Params [module.irn.operations.7.NF.conv2.weight] will not optimize.
2025-07-13 13:00:39,762 - WARNING - Params [module.irn.operations.7.NF.conv2.weight] will not optimize.
25-07-13 13:00:39.762 - WARNING: Params [module.irn.operations.7.NF.conv2.bias] will not optimize.
2025-07-13 13:00:39,762 - WARNING - Params [module.irn.operations.7.NF.conv2.bias] will not optimize.
25-07-13 13:00:39.762 - WARNING: Params [module.irn.operations.7.NF.conv3.weight] will not optimize.
2025-07-13 13:00:39,762 - WARNING - Params [module.irn.operations.7.NF.conv3.weight] will not optimize.
25-07-13 13:00:39.762 - WARNING: Params [module.irn.operations.7.NF.conv3.bias] will not optimize.
2025-07-13 13:00:39,762 - WARNING - Params [module.irn.operations.7.NF.conv3.bias] will not optimize.
25-07-13 13:00:39.762 - WARNING: Params [module.irn.operations.7.NF.sca.1.weight] will not optimize.
2025-07-13 13:00:39,762 - WARNING - Params [module.irn.operations.7.NF.sca.1.weight] will not optimize.
25-07-13 13:00:39.762 - WARNING: Params [module.irn.operations.7.NF.sca.1.bias] will not optimize.
2025-07-13 13:00:39,762 - WARNING - Params [module.irn.operations.7.NF.sca.1.bias] will not optimize.
25-07-13 13:00:39.762 - WARNING: Params [module.irn.operations.7.NF.conv4.weight] will not optimize.
2025-07-13 13:00:39,762 - WARNING - Params [module.irn.operations.7.NF.conv4.weight] will not optimize.
25-07-13 13:00:39.762 - WARNING: Params [module.irn.operations.7.NF.conv4.bias] will not optimize.
2025-07-13 13:00:39,762 - WARNING - Params [module.irn.operations.7.NF.conv4.bias] will not optimize.
25-07-13 13:00:39.762 - WARNING: Params [module.irn.operations.7.NF.conv5.weight] will not optimize.
2025-07-13 13:00:39,762 - WARNING - Params [module.irn.operations.7.NF.conv5.weight] will not optimize.
25-07-13 13:00:39.762 - WARNING: Params [module.irn.operations.7.NF.conv5.bias] will not optimize.
2025-07-13 13:00:39,762 - WARNING - Params [module.irn.operations.7.NF.conv5.bias] will not optimize.
25-07-13 13:00:39.762 - WARNING: Params [module.irn.operations.7.NF.norm1.weight] will not optimize.
2025-07-13 13:00:39,762 - WARNING - Params [module.irn.operations.7.NF.norm1.weight] will not optimize.
25-07-13 13:00:39.762 - WARNING: Params [module.irn.operations.7.NF.norm1.bias] will not optimize.
2025-07-13 13:00:39,762 - WARNING - Params [module.irn.operations.7.NF.norm1.bias] will not optimize.
25-07-13 13:00:39.763 - WARNING: Params [module.irn.operations.7.NF.norm2.weight] will not optimize.
2025-07-13 13:00:39,763 - WARNING - Params [module.irn.operations.7.NF.norm2.weight] will not optimize.
25-07-13 13:00:39.763 - WARNING: Params [module.irn.operations.7.NF.norm2.bias] will not optimize.
2025-07-13 13:00:39,763 - WARNING - Params [module.irn.operations.7.NF.norm2.bias] will not optimize.
25-07-13 13:00:39.763 - WARNING: Params [module.irn.operations.7.G.conv1.weight] will not optimize.
2025-07-13 13:00:39,763 - WARNING - Params [module.irn.operations.7.G.conv1.weight] will not optimize.
25-07-13 13:00:39.763 - WARNING: Params [module.irn.operations.7.G.conv1.bias] will not optimize.
2025-07-13 13:00:39,763 - WARNING - Params [module.irn.operations.7.G.conv1.bias] will not optimize.
25-07-13 13:00:39.763 - WARNING: Params [module.irn.operations.7.G.conv2.weight] will not optimize.
2025-07-13 13:00:39,763 - WARNING - Params [module.irn.operations.7.G.conv2.weight] will not optimize.
25-07-13 13:00:39.763 - WARNING: Params [module.irn.operations.7.G.conv2.bias] will not optimize.
2025-07-13 13:00:39,763 - WARNING - Params [module.irn.operations.7.G.conv2.bias] will not optimize.
25-07-13 13:00:39.763 - WARNING: Params [module.irn.operations.7.G.conv3.weight] will not optimize.
2025-07-13 13:00:39,763 - WARNING - Params [module.irn.operations.7.G.conv3.weight] will not optimize.
25-07-13 13:00:39.763 - WARNING: Params [module.irn.operations.7.G.conv3.bias] will not optimize.
2025-07-13 13:00:39,763 - WARNING - Params [module.irn.operations.7.G.conv3.bias] will not optimize.
25-07-13 13:00:39.763 - WARNING: Params [module.irn.operations.7.G.conv4.weight] will not optimize.
2025-07-13 13:00:39,763 - WARNING - Params [module.irn.operations.7.G.conv4.weight] will not optimize.
25-07-13 13:00:39.763 - WARNING: Params [module.irn.operations.7.G.conv4.bias] will not optimize.
2025-07-13 13:00:39,763 - WARNING - Params [module.irn.operations.7.G.conv4.bias] will not optimize.
25-07-13 13:00:39.763 - WARNING: Params [module.irn.operations.7.G.conv5.weight] will not optimize.
2025-07-13 13:00:39,763 - WARNING - Params [module.irn.operations.7.G.conv5.weight] will not optimize.
25-07-13 13:00:39.763 - WARNING: Params [module.irn.operations.7.G.conv5.bias] will not optimize.
2025-07-13 13:00:39,763 - WARNING - Params [module.irn.operations.7.G.conv5.bias] will not optimize.
25-07-13 13:00:39.763 - WARNING: Params [module.irn.operations.7.NG.beta] will not optimize.
2025-07-13 13:00:39,763 - WARNING - Params [module.irn.operations.7.NG.beta] will not optimize.
25-07-13 13:00:39.763 - WARNING: Params [module.irn.operations.7.NG.gamma] will not optimize.
2025-07-13 13:00:39,763 - WARNING - Params [module.irn.operations.7.NG.gamma] will not optimize.
25-07-13 13:00:39.763 - WARNING: Params [module.irn.operations.7.NG.conv1.weight] will not optimize.
2025-07-13 13:00:39,763 - WARNING - Params [module.irn.operations.7.NG.conv1.weight] will not optimize.
25-07-13 13:00:39.763 - WARNING: Params [module.irn.operations.7.NG.conv1.bias] will not optimize.
2025-07-13 13:00:39,763 - WARNING - Params [module.irn.operations.7.NG.conv1.bias] will not optimize.
25-07-13 13:00:39.763 - WARNING: Params [module.irn.operations.7.NG.conv2.weight] will not optimize.
2025-07-13 13:00:39,763 - WARNING - Params [module.irn.operations.7.NG.conv2.weight] will not optimize.
25-07-13 13:00:39.763 - WARNING: Params [module.irn.operations.7.NG.conv2.bias] will not optimize.
2025-07-13 13:00:39,763 - WARNING - Params [module.irn.operations.7.NG.conv2.bias] will not optimize.
25-07-13 13:00:39.763 - WARNING: Params [module.irn.operations.7.NG.conv3.weight] will not optimize.
2025-07-13 13:00:39,763 - WARNING - Params [module.irn.operations.7.NG.conv3.weight] will not optimize.
25-07-13 13:00:39.763 - WARNING: Params [module.irn.operations.7.NG.conv3.bias] will not optimize.
2025-07-13 13:00:39,763 - WARNING - Params [module.irn.operations.7.NG.conv3.bias] will not optimize.
25-07-13 13:00:39.763 - WARNING: Params [module.irn.operations.7.NG.sca.1.weight] will not optimize.
2025-07-13 13:00:39,763 - WARNING - Params [module.irn.operations.7.NG.sca.1.weight] will not optimize.
25-07-13 13:00:39.763 - WARNING: Params [module.irn.operations.7.NG.sca.1.bias] will not optimize.
2025-07-13 13:00:39,763 - WARNING - Params [module.irn.operations.7.NG.sca.1.bias] will not optimize.
25-07-13 13:00:39.764 - WARNING: Params [module.irn.operations.7.NG.conv4.weight] will not optimize.
2025-07-13 13:00:39,764 - WARNING - Params [module.irn.operations.7.NG.conv4.weight] will not optimize.
25-07-13 13:00:39.764 - WARNING: Params [module.irn.operations.7.NG.conv4.bias] will not optimize.
2025-07-13 13:00:39,764 - WARNING - Params [module.irn.operations.7.NG.conv4.bias] will not optimize.
25-07-13 13:00:39.764 - WARNING: Params [module.irn.operations.7.NG.conv5.weight] will not optimize.
2025-07-13 13:00:39,764 - WARNING - Params [module.irn.operations.7.NG.conv5.weight] will not optimize.
25-07-13 13:00:39.764 - WARNING: Params [module.irn.operations.7.NG.conv5.bias] will not optimize.
2025-07-13 13:00:39,764 - WARNING - Params [module.irn.operations.7.NG.conv5.bias] will not optimize.
25-07-13 13:00:39.764 - WARNING: Params [module.irn.operations.7.NG.norm1.weight] will not optimize.
2025-07-13 13:00:39,764 - WARNING - Params [module.irn.operations.7.NG.norm1.weight] will not optimize.
25-07-13 13:00:39.764 - WARNING: Params [module.irn.operations.7.NG.norm1.bias] will not optimize.
2025-07-13 13:00:39,764 - WARNING - Params [module.irn.operations.7.NG.norm1.bias] will not optimize.
25-07-13 13:00:39.764 - WARNING: Params [module.irn.operations.7.NG.norm2.weight] will not optimize.
2025-07-13 13:00:39,764 - WARNING - Params [module.irn.operations.7.NG.norm2.weight] will not optimize.
25-07-13 13:00:39.764 - WARNING: Params [module.irn.operations.7.NG.norm2.bias] will not optimize.
2025-07-13 13:00:39,764 - WARNING - Params [module.irn.operations.7.NG.norm2.bias] will not optimize.
25-07-13 13:00:39.764 - WARNING: Params [module.irn.operations.7.H.conv1.weight] will not optimize.
2025-07-13 13:00:39,764 - WARNING - Params [module.irn.operations.7.H.conv1.weight] will not optimize.
25-07-13 13:00:39.764 - WARNING: Params [module.irn.operations.7.H.conv1.bias] will not optimize.
2025-07-13 13:00:39,764 - WARNING - Params [module.irn.operations.7.H.conv1.bias] will not optimize.
25-07-13 13:00:39.764 - WARNING: Params [module.irn.operations.7.H.conv2.weight] will not optimize.
2025-07-13 13:00:39,764 - WARNING - Params [module.irn.operations.7.H.conv2.weight] will not optimize.
25-07-13 13:00:39.764 - WARNING: Params [module.irn.operations.7.H.conv2.bias] will not optimize.
2025-07-13 13:00:39,764 - WARNING - Params [module.irn.operations.7.H.conv2.bias] will not optimize.
25-07-13 13:00:39.764 - WARNING: Params [module.irn.operations.7.H.conv3.weight] will not optimize.
2025-07-13 13:00:39,764 - WARNING - Params [module.irn.operations.7.H.conv3.weight] will not optimize.
25-07-13 13:00:39.764 - WARNING: Params [module.irn.operations.7.H.conv3.bias] will not optimize.
2025-07-13 13:00:39,764 - WARNING - Params [module.irn.operations.7.H.conv3.bias] will not optimize.
25-07-13 13:00:39.764 - WARNING: Params [module.irn.operations.7.H.conv4.weight] will not optimize.
2025-07-13 13:00:39,764 - WARNING - Params [module.irn.operations.7.H.conv4.weight] will not optimize.
25-07-13 13:00:39.764 - WARNING: Params [module.irn.operations.7.H.conv4.bias] will not optimize.
2025-07-13 13:00:39,764 - WARNING - Params [module.irn.operations.7.H.conv4.bias] will not optimize.
25-07-13 13:00:39.764 - WARNING: Params [module.irn.operations.7.H.conv5.weight] will not optimize.
2025-07-13 13:00:39,764 - WARNING - Params [module.irn.operations.7.H.conv5.weight] will not optimize.
25-07-13 13:00:39.764 - WARNING: Params [module.irn.operations.7.H.conv5.bias] will not optimize.
2025-07-13 13:00:39,764 - WARNING - Params [module.irn.operations.7.H.conv5.bias] will not optimize.
25-07-13 13:00:39.764 - WARNING: Params [module.irn.operations.7.NH.beta] will not optimize.
2025-07-13 13:00:39,764 - WARNING - Params [module.irn.operations.7.NH.beta] will not optimize.
25-07-13 13:00:39.764 - WARNING: Params [module.irn.operations.7.NH.gamma] will not optimize.
2025-07-13 13:00:39,764 - WARNING - Params [module.irn.operations.7.NH.gamma] will not optimize.
25-07-13 13:00:39.764 - WARNING: Params [module.irn.operations.7.NH.conv1.weight] will not optimize.
2025-07-13 13:00:39,764 - WARNING - Params [module.irn.operations.7.NH.conv1.weight] will not optimize.
25-07-13 13:00:39.764 - WARNING: Params [module.irn.operations.7.NH.conv1.bias] will not optimize.
2025-07-13 13:00:39,764 - WARNING - Params [module.irn.operations.7.NH.conv1.bias] will not optimize.
25-07-13 13:00:39.765 - WARNING: Params [module.irn.operations.7.NH.conv2.weight] will not optimize.
2025-07-13 13:00:39,765 - WARNING - Params [module.irn.operations.7.NH.conv2.weight] will not optimize.
25-07-13 13:00:39.765 - WARNING: Params [module.irn.operations.7.NH.conv2.bias] will not optimize.
2025-07-13 13:00:39,765 - WARNING - Params [module.irn.operations.7.NH.conv2.bias] will not optimize.
25-07-13 13:00:39.765 - WARNING: Params [module.irn.operations.7.NH.conv3.weight] will not optimize.
2025-07-13 13:00:39,765 - WARNING - Params [module.irn.operations.7.NH.conv3.weight] will not optimize.
25-07-13 13:00:39.765 - WARNING: Params [module.irn.operations.7.NH.conv3.bias] will not optimize.
2025-07-13 13:00:39,765 - WARNING - Params [module.irn.operations.7.NH.conv3.bias] will not optimize.
25-07-13 13:00:39.765 - WARNING: Params [module.irn.operations.7.NH.sca.1.weight] will not optimize.
2025-07-13 13:00:39,765 - WARNING - Params [module.irn.operations.7.NH.sca.1.weight] will not optimize.
25-07-13 13:00:39.765 - WARNING: Params [module.irn.operations.7.NH.sca.1.bias] will not optimize.
2025-07-13 13:00:39,765 - WARNING - Params [module.irn.operations.7.NH.sca.1.bias] will not optimize.
25-07-13 13:00:39.765 - WARNING: Params [module.irn.operations.7.NH.conv4.weight] will not optimize.
2025-07-13 13:00:39,765 - WARNING - Params [module.irn.operations.7.NH.conv4.weight] will not optimize.
25-07-13 13:00:39.765 - WARNING: Params [module.irn.operations.7.NH.conv4.bias] will not optimize.
2025-07-13 13:00:39,765 - WARNING - Params [module.irn.operations.7.NH.conv4.bias] will not optimize.
25-07-13 13:00:39.765 - WARNING: Params [module.irn.operations.7.NH.conv5.weight] will not optimize.
2025-07-13 13:00:39,765 - WARNING - Params [module.irn.operations.7.NH.conv5.weight] will not optimize.
25-07-13 13:00:39.765 - WARNING: Params [module.irn.operations.7.NH.conv5.bias] will not optimize.
2025-07-13 13:00:39,765 - WARNING - Params [module.irn.operations.7.NH.conv5.bias] will not optimize.
25-07-13 13:00:39.765 - WARNING: Params [module.irn.operations.7.NH.norm1.weight] will not optimize.
2025-07-13 13:00:39,765 - WARNING - Params [module.irn.operations.7.NH.norm1.weight] will not optimize.
25-07-13 13:00:39.765 - WARNING: Params [module.irn.operations.7.NH.norm1.bias] will not optimize.
2025-07-13 13:00:39,765 - WARNING - Params [module.irn.operations.7.NH.norm1.bias] will not optimize.
25-07-13 13:00:39.765 - WARNING: Params [module.irn.operations.7.NH.norm2.weight] will not optimize.
2025-07-13 13:00:39,765 - WARNING - Params [module.irn.operations.7.NH.norm2.weight] will not optimize.
25-07-13 13:00:39.765 - WARNING: Params [module.irn.operations.7.NH.norm2.bias] will not optimize.
2025-07-13 13:00:39,765 - WARNING - Params [module.irn.operations.7.NH.norm2.bias] will not optimize.
25-07-13 13:00:39.765 - WARNING: Params [module.irn.operations.8.F.conv1.weight] will not optimize.
2025-07-13 13:00:39,765 - WARNING - Params [module.irn.operations.8.F.conv1.weight] will not optimize.
25-07-13 13:00:39.765 - WARNING: Params [module.irn.operations.8.F.conv1.bias] will not optimize.
2025-07-13 13:00:39,765 - WARNING - Params [module.irn.operations.8.F.conv1.bias] will not optimize.
25-07-13 13:00:39.765 - WARNING: Params [module.irn.operations.8.F.conv2.weight] will not optimize.
2025-07-13 13:00:39,765 - WARNING - Params [module.irn.operations.8.F.conv2.weight] will not optimize.
25-07-13 13:00:39.765 - WARNING: Params [module.irn.operations.8.F.conv2.bias] will not optimize.
2025-07-13 13:00:39,765 - WARNING - Params [module.irn.operations.8.F.conv2.bias] will not optimize.
25-07-13 13:00:39.765 - WARNING: Params [module.irn.operations.8.F.conv3.weight] will not optimize.
2025-07-13 13:00:39,765 - WARNING - Params [module.irn.operations.8.F.conv3.weight] will not optimize.
25-07-13 13:00:39.765 - WARNING: Params [module.irn.operations.8.F.conv3.bias] will not optimize.
2025-07-13 13:00:39,765 - WARNING - Params [module.irn.operations.8.F.conv3.bias] will not optimize.
25-07-13 13:00:39.765 - WARNING: Params [module.irn.operations.8.F.conv4.weight] will not optimize.
2025-07-13 13:00:39,765 - WARNING - Params [module.irn.operations.8.F.conv4.weight] will not optimize.
25-07-13 13:00:39.766 - WARNING: Params [module.irn.operations.8.F.conv4.bias] will not optimize.
2025-07-13 13:00:39,766 - WARNING - Params [module.irn.operations.8.F.conv4.bias] will not optimize.
25-07-13 13:00:39.766 - WARNING: Params [module.irn.operations.8.F.conv5.weight] will not optimize.
2025-07-13 13:00:39,766 - WARNING - Params [module.irn.operations.8.F.conv5.weight] will not optimize.
25-07-13 13:00:39.766 - WARNING: Params [module.irn.operations.8.F.conv5.bias] will not optimize.
2025-07-13 13:00:39,766 - WARNING - Params [module.irn.operations.8.F.conv5.bias] will not optimize.
25-07-13 13:00:39.766 - WARNING: Params [module.irn.operations.8.NF.beta] will not optimize.
2025-07-13 13:00:39,766 - WARNING - Params [module.irn.operations.8.NF.beta] will not optimize.
25-07-13 13:00:39.766 - WARNING: Params [module.irn.operations.8.NF.gamma] will not optimize.
2025-07-13 13:00:39,766 - WARNING - Params [module.irn.operations.8.NF.gamma] will not optimize.
25-07-13 13:00:39.766 - WARNING: Params [module.irn.operations.8.NF.conv1.weight] will not optimize.
2025-07-13 13:00:39,766 - WARNING - Params [module.irn.operations.8.NF.conv1.weight] will not optimize.
25-07-13 13:00:39.766 - WARNING: Params [module.irn.operations.8.NF.conv1.bias] will not optimize.
2025-07-13 13:00:39,766 - WARNING - Params [module.irn.operations.8.NF.conv1.bias] will not optimize.
25-07-13 13:00:39.766 - WARNING: Params [module.irn.operations.8.NF.conv2.weight] will not optimize.
2025-07-13 13:00:39,766 - WARNING - Params [module.irn.operations.8.NF.conv2.weight] will not optimize.
25-07-13 13:00:39.766 - WARNING: Params [module.irn.operations.8.NF.conv2.bias] will not optimize.
2025-07-13 13:00:39,766 - WARNING - Params [module.irn.operations.8.NF.conv2.bias] will not optimize.
25-07-13 13:00:39.766 - WARNING: Params [module.irn.operations.8.NF.conv3.weight] will not optimize.
2025-07-13 13:00:39,766 - WARNING - Params [module.irn.operations.8.NF.conv3.weight] will not optimize.
25-07-13 13:00:39.766 - WARNING: Params [module.irn.operations.8.NF.conv3.bias] will not optimize.
2025-07-13 13:00:39,766 - WARNING - Params [module.irn.operations.8.NF.conv3.bias] will not optimize.
25-07-13 13:00:39.766 - WARNING: Params [module.irn.operations.8.NF.sca.1.weight] will not optimize.
2025-07-13 13:00:39,766 - WARNING - Params [module.irn.operations.8.NF.sca.1.weight] will not optimize.
25-07-13 13:00:39.766 - WARNING: Params [module.irn.operations.8.NF.sca.1.bias] will not optimize.
2025-07-13 13:00:39,766 - WARNING - Params [module.irn.operations.8.NF.sca.1.bias] will not optimize.
25-07-13 13:00:39.766 - WARNING: Params [module.irn.operations.8.NF.conv4.weight] will not optimize.
2025-07-13 13:00:39,766 - WARNING - Params [module.irn.operations.8.NF.conv4.weight] will not optimize.
25-07-13 13:00:39.766 - WARNING: Params [module.irn.operations.8.NF.conv4.bias] will not optimize.
2025-07-13 13:00:39,766 - WARNING - Params [module.irn.operations.8.NF.conv4.bias] will not optimize.
25-07-13 13:00:39.766 - WARNING: Params [module.irn.operations.8.NF.conv5.weight] will not optimize.
2025-07-13 13:00:39,766 - WARNING - Params [module.irn.operations.8.NF.conv5.weight] will not optimize.
25-07-13 13:00:39.766 - WARNING: Params [module.irn.operations.8.NF.conv5.bias] will not optimize.
2025-07-13 13:00:39,766 - WARNING - Params [module.irn.operations.8.NF.conv5.bias] will not optimize.
25-07-13 13:00:39.766 - WARNING: Params [module.irn.operations.8.NF.norm1.weight] will not optimize.
2025-07-13 13:00:39,766 - WARNING - Params [module.irn.operations.8.NF.norm1.weight] will not optimize.
25-07-13 13:00:39.766 - WARNING: Params [module.irn.operations.8.NF.norm1.bias] will not optimize.
2025-07-13 13:00:39,766 - WARNING - Params [module.irn.operations.8.NF.norm1.bias] will not optimize.
25-07-13 13:00:39.766 - WARNING: Params [module.irn.operations.8.NF.norm2.weight] will not optimize.
2025-07-13 13:00:39,766 - WARNING - Params [module.irn.operations.8.NF.norm2.weight] will not optimize.
25-07-13 13:00:39.766 - WARNING: Params [module.irn.operations.8.NF.norm2.bias] will not optimize.
2025-07-13 13:00:39,766 - WARNING - Params [module.irn.operations.8.NF.norm2.bias] will not optimize.
25-07-13 13:00:39.766 - WARNING: Params [module.irn.operations.8.G.conv1.weight] will not optimize.
2025-07-13 13:00:39,766 - WARNING - Params [module.irn.operations.8.G.conv1.weight] will not optimize.
25-07-13 13:00:39.767 - WARNING: Params [module.irn.operations.8.G.conv1.bias] will not optimize.
2025-07-13 13:00:39,767 - WARNING - Params [module.irn.operations.8.G.conv1.bias] will not optimize.
25-07-13 13:00:39.767 - WARNING: Params [module.irn.operations.8.G.conv2.weight] will not optimize.
2025-07-13 13:00:39,767 - WARNING - Params [module.irn.operations.8.G.conv2.weight] will not optimize.
25-07-13 13:00:39.767 - WARNING: Params [module.irn.operations.8.G.conv2.bias] will not optimize.
2025-07-13 13:00:39,767 - WARNING - Params [module.irn.operations.8.G.conv2.bias] will not optimize.
25-07-13 13:00:39.767 - WARNING: Params [module.irn.operations.8.G.conv3.weight] will not optimize.
2025-07-13 13:00:39,767 - WARNING - Params [module.irn.operations.8.G.conv3.weight] will not optimize.
25-07-13 13:00:39.767 - WARNING: Params [module.irn.operations.8.G.conv3.bias] will not optimize.
2025-07-13 13:00:39,767 - WARNING - Params [module.irn.operations.8.G.conv3.bias] will not optimize.
25-07-13 13:00:39.767 - WARNING: Params [module.irn.operations.8.G.conv4.weight] will not optimize.
2025-07-13 13:00:39,767 - WARNING - Params [module.irn.operations.8.G.conv4.weight] will not optimize.
25-07-13 13:00:39.767 - WARNING: Params [module.irn.operations.8.G.conv4.bias] will not optimize.
2025-07-13 13:00:39,767 - WARNING - Params [module.irn.operations.8.G.conv4.bias] will not optimize.
25-07-13 13:00:39.767 - WARNING: Params [module.irn.operations.8.G.conv5.weight] will not optimize.
2025-07-13 13:00:39,767 - WARNING - Params [module.irn.operations.8.G.conv5.weight] will not optimize.
25-07-13 13:00:39.767 - WARNING: Params [module.irn.operations.8.G.conv5.bias] will not optimize.
2025-07-13 13:00:39,767 - WARNING - Params [module.irn.operations.8.G.conv5.bias] will not optimize.
25-07-13 13:00:39.767 - WARNING: Params [module.irn.operations.8.NG.beta] will not optimize.
2025-07-13 13:00:39,767 - WARNING - Params [module.irn.operations.8.NG.beta] will not optimize.
25-07-13 13:00:39.767 - WARNING: Params [module.irn.operations.8.NG.gamma] will not optimize.
2025-07-13 13:00:39,767 - WARNING - Params [module.irn.operations.8.NG.gamma] will not optimize.
25-07-13 13:00:39.767 - WARNING: Params [module.irn.operations.8.NG.conv1.weight] will not optimize.
2025-07-13 13:00:39,767 - WARNING - Params [module.irn.operations.8.NG.conv1.weight] will not optimize.
25-07-13 13:00:39.767 - WARNING: Params [module.irn.operations.8.NG.conv1.bias] will not optimize.
2025-07-13 13:00:39,767 - WARNING - Params [module.irn.operations.8.NG.conv1.bias] will not optimize.
25-07-13 13:00:39.767 - WARNING: Params [module.irn.operations.8.NG.conv2.weight] will not optimize.
2025-07-13 13:00:39,767 - WARNING - Params [module.irn.operations.8.NG.conv2.weight] will not optimize.
25-07-13 13:00:39.767 - WARNING: Params [module.irn.operations.8.NG.conv2.bias] will not optimize.
2025-07-13 13:00:39,767 - WARNING - Params [module.irn.operations.8.NG.conv2.bias] will not optimize.
25-07-13 13:00:39.767 - WARNING: Params [module.irn.operations.8.NG.conv3.weight] will not optimize.
2025-07-13 13:00:39,767 - WARNING - Params [module.irn.operations.8.NG.conv3.weight] will not optimize.
25-07-13 13:00:39.767 - WARNING: Params [module.irn.operations.8.NG.conv3.bias] will not optimize.
2025-07-13 13:00:39,767 - WARNING - Params [module.irn.operations.8.NG.conv3.bias] will not optimize.
25-07-13 13:00:39.767 - WARNING: Params [module.irn.operations.8.NG.sca.1.weight] will not optimize.
2025-07-13 13:00:39,767 - WARNING - Params [module.irn.operations.8.NG.sca.1.weight] will not optimize.
25-07-13 13:00:39.767 - WARNING: Params [module.irn.operations.8.NG.sca.1.bias] will not optimize.
2025-07-13 13:00:39,767 - WARNING - Params [module.irn.operations.8.NG.sca.1.bias] will not optimize.
25-07-13 13:00:39.767 - WARNING: Params [module.irn.operations.8.NG.conv4.weight] will not optimize.
2025-07-13 13:00:39,767 - WARNING - Params [module.irn.operations.8.NG.conv4.weight] will not optimize.
25-07-13 13:00:39.767 - WARNING: Params [module.irn.operations.8.NG.conv4.bias] will not optimize.
2025-07-13 13:00:39,767 - WARNING - Params [module.irn.operations.8.NG.conv4.bias] will not optimize.
25-07-13 13:00:39.767 - WARNING: Params [module.irn.operations.8.NG.conv5.weight] will not optimize.
2025-07-13 13:00:39,767 - WARNING - Params [module.irn.operations.8.NG.conv5.weight] will not optimize.
25-07-13 13:00:39.768 - WARNING: Params [module.irn.operations.8.NG.conv5.bias] will not optimize.
2025-07-13 13:00:39,768 - WARNING - Params [module.irn.operations.8.NG.conv5.bias] will not optimize.
25-07-13 13:00:39.768 - WARNING: Params [module.irn.operations.8.NG.norm1.weight] will not optimize.
2025-07-13 13:00:39,768 - WARNING - Params [module.irn.operations.8.NG.norm1.weight] will not optimize.
25-07-13 13:00:39.768 - WARNING: Params [module.irn.operations.8.NG.norm1.bias] will not optimize.
2025-07-13 13:00:39,768 - WARNING - Params [module.irn.operations.8.NG.norm1.bias] will not optimize.
25-07-13 13:00:39.768 - WARNING: Params [module.irn.operations.8.NG.norm2.weight] will not optimize.
2025-07-13 13:00:39,768 - WARNING - Params [module.irn.operations.8.NG.norm2.weight] will not optimize.
25-07-13 13:00:39.768 - WARNING: Params [module.irn.operations.8.NG.norm2.bias] will not optimize.
2025-07-13 13:00:39,768 - WARNING - Params [module.irn.operations.8.NG.norm2.bias] will not optimize.
25-07-13 13:00:39.768 - WARNING: Params [module.irn.operations.8.H.conv1.weight] will not optimize.
2025-07-13 13:00:39,768 - WARNING - Params [module.irn.operations.8.H.conv1.weight] will not optimize.
25-07-13 13:00:39.768 - WARNING: Params [module.irn.operations.8.H.conv1.bias] will not optimize.
2025-07-13 13:00:39,768 - WARNING - Params [module.irn.operations.8.H.conv1.bias] will not optimize.
25-07-13 13:00:39.768 - WARNING: Params [module.irn.operations.8.H.conv2.weight] will not optimize.
2025-07-13 13:00:39,768 - WARNING - Params [module.irn.operations.8.H.conv2.weight] will not optimize.
25-07-13 13:00:39.768 - WARNING: Params [module.irn.operations.8.H.conv2.bias] will not optimize.
2025-07-13 13:00:39,768 - WARNING - Params [module.irn.operations.8.H.conv2.bias] will not optimize.
25-07-13 13:00:39.768 - WARNING: Params [module.irn.operations.8.H.conv3.weight] will not optimize.
2025-07-13 13:00:39,768 - WARNING - Params [module.irn.operations.8.H.conv3.weight] will not optimize.
25-07-13 13:00:39.768 - WARNING: Params [module.irn.operations.8.H.conv3.bias] will not optimize.
2025-07-13 13:00:39,768 - WARNING - Params [module.irn.operations.8.H.conv3.bias] will not optimize.
25-07-13 13:00:39.768 - WARNING: Params [module.irn.operations.8.H.conv4.weight] will not optimize.
2025-07-13 13:00:39,768 - WARNING - Params [module.irn.operations.8.H.conv4.weight] will not optimize.
25-07-13 13:00:39.768 - WARNING: Params [module.irn.operations.8.H.conv4.bias] will not optimize.
2025-07-13 13:00:39,768 - WARNING - Params [module.irn.operations.8.H.conv4.bias] will not optimize.
25-07-13 13:00:39.768 - WARNING: Params [module.irn.operations.8.H.conv5.weight] will not optimize.
2025-07-13 13:00:39,768 - WARNING - Params [module.irn.operations.8.H.conv5.weight] will not optimize.
25-07-13 13:00:39.768 - WARNING: Params [module.irn.operations.8.H.conv5.bias] will not optimize.
2025-07-13 13:00:39,768 - WARNING - Params [module.irn.operations.8.H.conv5.bias] will not optimize.
25-07-13 13:00:39.768 - WARNING: Params [module.irn.operations.8.NH.beta] will not optimize.
2025-07-13 13:00:39,768 - WARNING - Params [module.irn.operations.8.NH.beta] will not optimize.
25-07-13 13:00:39.768 - WARNING: Params [module.irn.operations.8.NH.gamma] will not optimize.
2025-07-13 13:00:39,768 - WARNING - Params [module.irn.operations.8.NH.gamma] will not optimize.
25-07-13 13:00:39.768 - WARNING: Params [module.irn.operations.8.NH.conv1.weight] will not optimize.
2025-07-13 13:00:39,768 - WARNING - Params [module.irn.operations.8.NH.conv1.weight] will not optimize.
25-07-13 13:00:39.768 - WARNING: Params [module.irn.operations.8.NH.conv1.bias] will not optimize.
2025-07-13 13:00:39,768 - WARNING - Params [module.irn.operations.8.NH.conv1.bias] will not optimize.
25-07-13 13:00:39.768 - WARNING: Params [module.irn.operations.8.NH.conv2.weight] will not optimize.
2025-07-13 13:00:39,768 - WARNING - Params [module.irn.operations.8.NH.conv2.weight] will not optimize.
25-07-13 13:00:39.768 - WARNING: Params [module.irn.operations.8.NH.conv2.bias] will not optimize.
2025-07-13 13:00:39,768 - WARNING - Params [module.irn.operations.8.NH.conv2.bias] will not optimize.
25-07-13 13:00:39.769 - WARNING: Params [module.irn.operations.8.NH.conv3.weight] will not optimize.
2025-07-13 13:00:39,769 - WARNING - Params [module.irn.operations.8.NH.conv3.weight] will not optimize.
25-07-13 13:00:39.769 - WARNING: Params [module.irn.operations.8.NH.conv3.bias] will not optimize.
2025-07-13 13:00:39,769 - WARNING - Params [module.irn.operations.8.NH.conv3.bias] will not optimize.
25-07-13 13:00:39.769 - WARNING: Params [module.irn.operations.8.NH.sca.1.weight] will not optimize.
2025-07-13 13:00:39,769 - WARNING - Params [module.irn.operations.8.NH.sca.1.weight] will not optimize.
25-07-13 13:00:39.769 - WARNING: Params [module.irn.operations.8.NH.sca.1.bias] will not optimize.
2025-07-13 13:00:39,769 - WARNING - Params [module.irn.operations.8.NH.sca.1.bias] will not optimize.
25-07-13 13:00:39.769 - WARNING: Params [module.irn.operations.8.NH.conv4.weight] will not optimize.
2025-07-13 13:00:39,769 - WARNING - Params [module.irn.operations.8.NH.conv4.weight] will not optimize.
25-07-13 13:00:39.769 - WARNING: Params [module.irn.operations.8.NH.conv4.bias] will not optimize.
2025-07-13 13:00:39,769 - WARNING - Params [module.irn.operations.8.NH.conv4.bias] will not optimize.
25-07-13 13:00:39.769 - WARNING: Params [module.irn.operations.8.NH.conv5.weight] will not optimize.
2025-07-13 13:00:39,769 - WARNING - Params [module.irn.operations.8.NH.conv5.weight] will not optimize.
25-07-13 13:00:39.769 - WARNING: Params [module.irn.operations.8.NH.conv5.bias] will not optimize.
2025-07-13 13:00:39,769 - WARNING - Params [module.irn.operations.8.NH.conv5.bias] will not optimize.
25-07-13 13:00:39.769 - WARNING: Params [module.irn.operations.8.NH.norm1.weight] will not optimize.
2025-07-13 13:00:39,769 - WARNING - Params [module.irn.operations.8.NH.norm1.weight] will not optimize.
25-07-13 13:00:39.769 - WARNING: Params [module.irn.operations.8.NH.norm1.bias] will not optimize.
2025-07-13 13:00:39,769 - WARNING - Params [module.irn.operations.8.NH.norm1.bias] will not optimize.
25-07-13 13:00:39.769 - WARNING: Params [module.irn.operations.8.NH.norm2.weight] will not optimize.
2025-07-13 13:00:39,769 - WARNING - Params [module.irn.operations.8.NH.norm2.weight] will not optimize.
25-07-13 13:00:39.769 - WARNING: Params [module.irn.operations.8.NH.norm2.bias] will not optimize.
2025-07-13 13:00:39,769 - WARNING - Params [module.irn.operations.8.NH.norm2.bias] will not optimize.
25-07-13 13:00:39.769 - WARNING: Params [module.irn.operations.9.F.conv1.weight] will not optimize.
2025-07-13 13:00:39,769 - WARNING - Params [module.irn.operations.9.F.conv1.weight] will not optimize.
25-07-13 13:00:39.769 - WARNING: Params [module.irn.operations.9.F.conv1.bias] will not optimize.
2025-07-13 13:00:39,769 - WARNING - Params [module.irn.operations.9.F.conv1.bias] will not optimize.
25-07-13 13:00:39.769 - WARNING: Params [module.irn.operations.9.F.conv2.weight] will not optimize.
2025-07-13 13:00:39,769 - WARNING - Params [module.irn.operations.9.F.conv2.weight] will not optimize.
25-07-13 13:00:39.769 - WARNING: Params [module.irn.operations.9.F.conv2.bias] will not optimize.
2025-07-13 13:00:39,769 - WARNING - Params [module.irn.operations.9.F.conv2.bias] will not optimize.
25-07-13 13:00:39.769 - WARNING: Params [module.irn.operations.9.F.conv3.weight] will not optimize.
2025-07-13 13:00:39,769 - WARNING - Params [module.irn.operations.9.F.conv3.weight] will not optimize.
25-07-13 13:00:39.769 - WARNING: Params [module.irn.operations.9.F.conv3.bias] will not optimize.
2025-07-13 13:00:39,769 - WARNING - Params [module.irn.operations.9.F.conv3.bias] will not optimize.
25-07-13 13:00:39.769 - WARNING: Params [module.irn.operations.9.F.conv4.weight] will not optimize.
2025-07-13 13:00:39,769 - WARNING - Params [module.irn.operations.9.F.conv4.weight] will not optimize.
25-07-13 13:00:39.769 - WARNING: Params [module.irn.operations.9.F.conv4.bias] will not optimize.
2025-07-13 13:00:39,769 - WARNING - Params [module.irn.operations.9.F.conv4.bias] will not optimize.
25-07-13 13:00:39.769 - WARNING: Params [module.irn.operations.9.F.conv5.weight] will not optimize.
2025-07-13 13:00:39,769 - WARNING - Params [module.irn.operations.9.F.conv5.weight] will not optimize.
25-07-13 13:00:39.769 - WARNING: Params [module.irn.operations.9.F.conv5.bias] will not optimize.
2025-07-13 13:00:39,769 - WARNING - Params [module.irn.operations.9.F.conv5.bias] will not optimize.
25-07-13 13:00:39.770 - WARNING: Params [module.irn.operations.9.NF.beta] will not optimize.
2025-07-13 13:00:39,770 - WARNING - Params [module.irn.operations.9.NF.beta] will not optimize.
25-07-13 13:00:39.770 - WARNING: Params [module.irn.operations.9.NF.gamma] will not optimize.
2025-07-13 13:00:39,770 - WARNING - Params [module.irn.operations.9.NF.gamma] will not optimize.
25-07-13 13:00:39.770 - WARNING: Params [module.irn.operations.9.NF.conv1.weight] will not optimize.
2025-07-13 13:00:39,770 - WARNING - Params [module.irn.operations.9.NF.conv1.weight] will not optimize.
25-07-13 13:00:39.770 - WARNING: Params [module.irn.operations.9.NF.conv1.bias] will not optimize.
2025-07-13 13:00:39,770 - WARNING - Params [module.irn.operations.9.NF.conv1.bias] will not optimize.
25-07-13 13:00:39.770 - WARNING: Params [module.irn.operations.9.NF.conv2.weight] will not optimize.
2025-07-13 13:00:39,770 - WARNING - Params [module.irn.operations.9.NF.conv2.weight] will not optimize.
25-07-13 13:00:39.770 - WARNING: Params [module.irn.operations.9.NF.conv2.bias] will not optimize.
2025-07-13 13:00:39,770 - WARNING - Params [module.irn.operations.9.NF.conv2.bias] will not optimize.
25-07-13 13:00:39.770 - WARNING: Params [module.irn.operations.9.NF.conv3.weight] will not optimize.
2025-07-13 13:00:39,770 - WARNING - Params [module.irn.operations.9.NF.conv3.weight] will not optimize.
25-07-13 13:00:39.770 - WARNING: Params [module.irn.operations.9.NF.conv3.bias] will not optimize.
2025-07-13 13:00:39,770 - WARNING - Params [module.irn.operations.9.NF.conv3.bias] will not optimize.
25-07-13 13:00:39.770 - WARNING: Params [module.irn.operations.9.NF.sca.1.weight] will not optimize.
2025-07-13 13:00:39,770 - WARNING - Params [module.irn.operations.9.NF.sca.1.weight] will not optimize.
25-07-13 13:00:39.770 - WARNING: Params [module.irn.operations.9.NF.sca.1.bias] will not optimize.
2025-07-13 13:00:39,770 - WARNING - Params [module.irn.operations.9.NF.sca.1.bias] will not optimize.
25-07-13 13:00:39.770 - WARNING: Params [module.irn.operations.9.NF.conv4.weight] will not optimize.
2025-07-13 13:00:39,770 - WARNING - Params [module.irn.operations.9.NF.conv4.weight] will not optimize.
25-07-13 13:00:39.770 - WARNING: Params [module.irn.operations.9.NF.conv4.bias] will not optimize.
2025-07-13 13:00:39,770 - WARNING - Params [module.irn.operations.9.NF.conv4.bias] will not optimize.
25-07-13 13:00:39.770 - WARNING: Params [module.irn.operations.9.NF.conv5.weight] will not optimize.
2025-07-13 13:00:39,770 - WARNING - Params [module.irn.operations.9.NF.conv5.weight] will not optimize.
25-07-13 13:00:39.770 - WARNING: Params [module.irn.operations.9.NF.conv5.bias] will not optimize.
2025-07-13 13:00:39,770 - WARNING - Params [module.irn.operations.9.NF.conv5.bias] will not optimize.
25-07-13 13:00:39.770 - WARNING: Params [module.irn.operations.9.NF.norm1.weight] will not optimize.
2025-07-13 13:00:39,770 - WARNING - Params [module.irn.operations.9.NF.norm1.weight] will not optimize.
25-07-13 13:00:39.770 - WARNING: Params [module.irn.operations.9.NF.norm1.bias] will not optimize.
2025-07-13 13:00:39,770 - WARNING - Params [module.irn.operations.9.NF.norm1.bias] will not optimize.
25-07-13 13:00:39.770 - WARNING: Params [module.irn.operations.9.NF.norm2.weight] will not optimize.
2025-07-13 13:00:39,770 - WARNING - Params [module.irn.operations.9.NF.norm2.weight] will not optimize.
25-07-13 13:00:39.770 - WARNING: Params [module.irn.operations.9.NF.norm2.bias] will not optimize.
2025-07-13 13:00:39,770 - WARNING - Params [module.irn.operations.9.NF.norm2.bias] will not optimize.
25-07-13 13:00:39.770 - WARNING: Params [module.irn.operations.9.G.conv1.weight] will not optimize.
2025-07-13 13:00:39,770 - WARNING - Params [module.irn.operations.9.G.conv1.weight] will not optimize.
25-07-13 13:00:39.770 - WARNING: Params [module.irn.operations.9.G.conv1.bias] will not optimize.
2025-07-13 13:00:39,770 - WARNING - Params [module.irn.operations.9.G.conv1.bias] will not optimize.
25-07-13 13:00:39.770 - WARNING: Params [module.irn.operations.9.G.conv2.weight] will not optimize.
2025-07-13 13:00:39,770 - WARNING - Params [module.irn.operations.9.G.conv2.weight] will not optimize.
25-07-13 13:00:39.770 - WARNING: Params [module.irn.operations.9.G.conv2.bias] will not optimize.
2025-07-13 13:00:39,770 - WARNING - Params [module.irn.operations.9.G.conv2.bias] will not optimize.
25-07-13 13:00:39.771 - WARNING: Params [module.irn.operations.9.G.conv3.weight] will not optimize.
2025-07-13 13:00:39,771 - WARNING - Params [module.irn.operations.9.G.conv3.weight] will not optimize.
25-07-13 13:00:39.771 - WARNING: Params [module.irn.operations.9.G.conv3.bias] will not optimize.
2025-07-13 13:00:39,771 - WARNING - Params [module.irn.operations.9.G.conv3.bias] will not optimize.
25-07-13 13:00:39.771 - WARNING: Params [module.irn.operations.9.G.conv4.weight] will not optimize.
2025-07-13 13:00:39,771 - WARNING - Params [module.irn.operations.9.G.conv4.weight] will not optimize.
25-07-13 13:00:39.771 - WARNING: Params [module.irn.operations.9.G.conv4.bias] will not optimize.
2025-07-13 13:00:39,771 - WARNING - Params [module.irn.operations.9.G.conv4.bias] will not optimize.
25-07-13 13:00:39.771 - WARNING: Params [module.irn.operations.9.G.conv5.weight] will not optimize.
2025-07-13 13:00:39,771 - WARNING - Params [module.irn.operations.9.G.conv5.weight] will not optimize.
25-07-13 13:00:39.771 - WARNING: Params [module.irn.operations.9.G.conv5.bias] will not optimize.
2025-07-13 13:00:39,771 - WARNING - Params [module.irn.operations.9.G.conv5.bias] will not optimize.
25-07-13 13:00:39.771 - WARNING: Params [module.irn.operations.9.NG.beta] will not optimize.
2025-07-13 13:00:39,771 - WARNING - Params [module.irn.operations.9.NG.beta] will not optimize.
25-07-13 13:00:39.771 - WARNING: Params [module.irn.operations.9.NG.gamma] will not optimize.
2025-07-13 13:00:39,771 - WARNING - Params [module.irn.operations.9.NG.gamma] will not optimize.
25-07-13 13:00:39.771 - WARNING: Params [module.irn.operations.9.NG.conv1.weight] will not optimize.
2025-07-13 13:00:39,771 - WARNING - Params [module.irn.operations.9.NG.conv1.weight] will not optimize.
25-07-13 13:00:39.771 - WARNING: Params [module.irn.operations.9.NG.conv1.bias] will not optimize.
2025-07-13 13:00:39,771 - WARNING - Params [module.irn.operations.9.NG.conv1.bias] will not optimize.
25-07-13 13:00:39.771 - WARNING: Params [module.irn.operations.9.NG.conv2.weight] will not optimize.
2025-07-13 13:00:39,771 - WARNING - Params [module.irn.operations.9.NG.conv2.weight] will not optimize.
25-07-13 13:00:39.771 - WARNING: Params [module.irn.operations.9.NG.conv2.bias] will not optimize.
2025-07-13 13:00:39,771 - WARNING - Params [module.irn.operations.9.NG.conv2.bias] will not optimize.
25-07-13 13:00:39.771 - WARNING: Params [module.irn.operations.9.NG.conv3.weight] will not optimize.
2025-07-13 13:00:39,771 - WARNING - Params [module.irn.operations.9.NG.conv3.weight] will not optimize.
25-07-13 13:00:39.771 - WARNING: Params [module.irn.operations.9.NG.conv3.bias] will not optimize.
2025-07-13 13:00:39,771 - WARNING - Params [module.irn.operations.9.NG.conv3.bias] will not optimize.
25-07-13 13:00:39.771 - WARNING: Params [module.irn.operations.9.NG.sca.1.weight] will not optimize.
2025-07-13 13:00:39,771 - WARNING - Params [module.irn.operations.9.NG.sca.1.weight] will not optimize.
25-07-13 13:00:39.771 - WARNING: Params [module.irn.operations.9.NG.sca.1.bias] will not optimize.
2025-07-13 13:00:39,771 - WARNING - Params [module.irn.operations.9.NG.sca.1.bias] will not optimize.
25-07-13 13:00:39.771 - WARNING: Params [module.irn.operations.9.NG.conv4.weight] will not optimize.
2025-07-13 13:00:39,771 - WARNING - Params [module.irn.operations.9.NG.conv4.weight] will not optimize.
25-07-13 13:00:39.771 - WARNING: Params [module.irn.operations.9.NG.conv4.bias] will not optimize.
2025-07-13 13:00:39,771 - WARNING - Params [module.irn.operations.9.NG.conv4.bias] will not optimize.
25-07-13 13:00:39.771 - WARNING: Params [module.irn.operations.9.NG.conv5.weight] will not optimize.
2025-07-13 13:00:39,771 - WARNING - Params [module.irn.operations.9.NG.conv5.weight] will not optimize.
25-07-13 13:00:39.771 - WARNING: Params [module.irn.operations.9.NG.conv5.bias] will not optimize.
2025-07-13 13:00:39,771 - WARNING - Params [module.irn.operations.9.NG.conv5.bias] will not optimize.
25-07-13 13:00:39.771 - WARNING: Params [module.irn.operations.9.NG.norm1.weight] will not optimize.
2025-07-13 13:00:39,771 - WARNING - Params [module.irn.operations.9.NG.norm1.weight] will not optimize.
25-07-13 13:00:39.772 - WARNING: Params [module.irn.operations.9.NG.norm1.bias] will not optimize.
2025-07-13 13:00:39,772 - WARNING - Params [module.irn.operations.9.NG.norm1.bias] will not optimize.
25-07-13 13:00:39.772 - WARNING: Params [module.irn.operations.9.NG.norm2.weight] will not optimize.
2025-07-13 13:00:39,772 - WARNING - Params [module.irn.operations.9.NG.norm2.weight] will not optimize.
25-07-13 13:00:39.772 - WARNING: Params [module.irn.operations.9.NG.norm2.bias] will not optimize.
2025-07-13 13:00:39,772 - WARNING - Params [module.irn.operations.9.NG.norm2.bias] will not optimize.
25-07-13 13:00:39.772 - WARNING: Params [module.irn.operations.9.H.conv1.weight] will not optimize.
2025-07-13 13:00:39,772 - WARNING - Params [module.irn.operations.9.H.conv1.weight] will not optimize.
25-07-13 13:00:39.772 - WARNING: Params [module.irn.operations.9.H.conv1.bias] will not optimize.
2025-07-13 13:00:39,772 - WARNING - Params [module.irn.operations.9.H.conv1.bias] will not optimize.
25-07-13 13:00:39.772 - WARNING: Params [module.irn.operations.9.H.conv2.weight] will not optimize.
2025-07-13 13:00:39,772 - WARNING - Params [module.irn.operations.9.H.conv2.weight] will not optimize.
25-07-13 13:00:39.772 - WARNING: Params [module.irn.operations.9.H.conv2.bias] will not optimize.
2025-07-13 13:00:39,772 - WARNING - Params [module.irn.operations.9.H.conv2.bias] will not optimize.
25-07-13 13:00:39.772 - WARNING: Params [module.irn.operations.9.H.conv3.weight] will not optimize.
2025-07-13 13:00:39,772 - WARNING - Params [module.irn.operations.9.H.conv3.weight] will not optimize.
25-07-13 13:00:39.772 - WARNING: Params [module.irn.operations.9.H.conv3.bias] will not optimize.
2025-07-13 13:00:39,772 - WARNING - Params [module.irn.operations.9.H.conv3.bias] will not optimize.
25-07-13 13:00:39.772 - WARNING: Params [module.irn.operations.9.H.conv4.weight] will not optimize.
2025-07-13 13:00:39,772 - WARNING - Params [module.irn.operations.9.H.conv4.weight] will not optimize.
25-07-13 13:00:39.772 - WARNING: Params [module.irn.operations.9.H.conv4.bias] will not optimize.
2025-07-13 13:00:39,772 - WARNING - Params [module.irn.operations.9.H.conv4.bias] will not optimize.
25-07-13 13:00:39.772 - WARNING: Params [module.irn.operations.9.H.conv5.weight] will not optimize.
2025-07-13 13:00:39,772 - WARNING - Params [module.irn.operations.9.H.conv5.weight] will not optimize.
25-07-13 13:00:39.772 - WARNING: Params [module.irn.operations.9.H.conv5.bias] will not optimize.
2025-07-13 13:00:39,772 - WARNING - Params [module.irn.operations.9.H.conv5.bias] will not optimize.
25-07-13 13:00:39.772 - WARNING: Params [module.irn.operations.9.NH.beta] will not optimize.
2025-07-13 13:00:39,772 - WARNING - Params [module.irn.operations.9.NH.beta] will not optimize.
25-07-13 13:00:39.772 - WARNING: Params [module.irn.operations.9.NH.gamma] will not optimize.
2025-07-13 13:00:39,772 - WARNING - Params [module.irn.operations.9.NH.gamma] will not optimize.
25-07-13 13:00:39.772 - WARNING: Params [module.irn.operations.9.NH.conv1.weight] will not optimize.
2025-07-13 13:00:39,772 - WARNING - Params [module.irn.operations.9.NH.conv1.weight] will not optimize.
25-07-13 13:00:39.772 - WARNING: Params [module.irn.operations.9.NH.conv1.bias] will not optimize.
2025-07-13 13:00:39,772 - WARNING - Params [module.irn.operations.9.NH.conv1.bias] will not optimize.
25-07-13 13:00:39.772 - WARNING: Params [module.irn.operations.9.NH.conv2.weight] will not optimize.
2025-07-13 13:00:39,772 - WARNING - Params [module.irn.operations.9.NH.conv2.weight] will not optimize.
25-07-13 13:00:39.772 - WARNING: Params [module.irn.operations.9.NH.conv2.bias] will not optimize.
2025-07-13 13:00:39,772 - WARNING - Params [module.irn.operations.9.NH.conv2.bias] will not optimize.
25-07-13 13:00:39.772 - WARNING: Params [module.irn.operations.9.NH.conv3.weight] will not optimize.
2025-07-13 13:00:39,772 - WARNING - Params [module.irn.operations.9.NH.conv3.weight] will not optimize.
25-07-13 13:00:39.772 - WARNING: Params [module.irn.operations.9.NH.conv3.bias] will not optimize.
2025-07-13 13:00:39,772 - WARNING - Params [module.irn.operations.9.NH.conv3.bias] will not optimize.
25-07-13 13:00:39.772 - WARNING: Params [module.irn.operations.9.NH.sca.1.weight] will not optimize.
2025-07-13 13:00:39,772 - WARNING - Params [module.irn.operations.9.NH.sca.1.weight] will not optimize.
25-07-13 13:00:39.773 - WARNING: Params [module.irn.operations.9.NH.sca.1.bias] will not optimize.
2025-07-13 13:00:39,773 - WARNING - Params [module.irn.operations.9.NH.sca.1.bias] will not optimize.
25-07-13 13:00:39.773 - WARNING: Params [module.irn.operations.9.NH.conv4.weight] will not optimize.
2025-07-13 13:00:39,773 - WARNING - Params [module.irn.operations.9.NH.conv4.weight] will not optimize.
25-07-13 13:00:39.773 - WARNING: Params [module.irn.operations.9.NH.conv4.bias] will not optimize.
2025-07-13 13:00:39,773 - WARNING - Params [module.irn.operations.9.NH.conv4.bias] will not optimize.
25-07-13 13:00:39.773 - WARNING: Params [module.irn.operations.9.NH.conv5.weight] will not optimize.
2025-07-13 13:00:39,773 - WARNING - Params [module.irn.operations.9.NH.conv5.weight] will not optimize.
25-07-13 13:00:39.773 - WARNING: Params [module.irn.operations.9.NH.conv5.bias] will not optimize.
2025-07-13 13:00:39,773 - WARNING - Params [module.irn.operations.9.NH.conv5.bias] will not optimize.
25-07-13 13:00:39.773 - WARNING: Params [module.irn.operations.9.NH.norm1.weight] will not optimize.
2025-07-13 13:00:39,773 - WARNING - Params [module.irn.operations.9.NH.norm1.weight] will not optimize.
25-07-13 13:00:39.773 - WARNING: Params [module.irn.operations.9.NH.norm1.bias] will not optimize.
2025-07-13 13:00:39,773 - WARNING - Params [module.irn.operations.9.NH.norm1.bias] will not optimize.
25-07-13 13:00:39.773 - WARNING: Params [module.irn.operations.9.NH.norm2.weight] will not optimize.
2025-07-13 13:00:39,773 - WARNING - Params [module.irn.operations.9.NH.norm2.weight] will not optimize.
25-07-13 13:00:39.773 - WARNING: Params [module.irn.operations.9.NH.norm2.bias] will not optimize.
2025-07-13 13:00:39,773 - WARNING - Params [module.irn.operations.9.NH.norm2.bias] will not optimize.
25-07-13 13:00:39.773 - WARNING: Params [module.irn.operations.10.F.conv1.weight] will not optimize.
2025-07-13 13:00:39,773 - WARNING - Params [module.irn.operations.10.F.conv1.weight] will not optimize.
25-07-13 13:00:39.773 - WARNING: Params [module.irn.operations.10.F.conv1.bias] will not optimize.
2025-07-13 13:00:39,773 - WARNING - Params [module.irn.operations.10.F.conv1.bias] will not optimize.
25-07-13 13:00:39.773 - WARNING: Params [module.irn.operations.10.F.conv2.weight] will not optimize.
2025-07-13 13:00:39,773 - WARNING - Params [module.irn.operations.10.F.conv2.weight] will not optimize.
25-07-13 13:00:39.773 - WARNING: Params [module.irn.operations.10.F.conv2.bias] will not optimize.
2025-07-13 13:00:39,773 - WARNING - Params [module.irn.operations.10.F.conv2.bias] will not optimize.
25-07-13 13:00:39.773 - WARNING: Params [module.irn.operations.10.F.conv3.weight] will not optimize.
2025-07-13 13:00:39,773 - WARNING - Params [module.irn.operations.10.F.conv3.weight] will not optimize.
25-07-13 13:00:39.773 - WARNING: Params [module.irn.operations.10.F.conv3.bias] will not optimize.
2025-07-13 13:00:39,773 - WARNING - Params [module.irn.operations.10.F.conv3.bias] will not optimize.
25-07-13 13:00:39.773 - WARNING: Params [module.irn.operations.10.F.conv4.weight] will not optimize.
2025-07-13 13:00:39,773 - WARNING - Params [module.irn.operations.10.F.conv4.weight] will not optimize.
25-07-13 13:00:39.773 - WARNING: Params [module.irn.operations.10.F.conv4.bias] will not optimize.
2025-07-13 13:00:39,773 - WARNING - Params [module.irn.operations.10.F.conv4.bias] will not optimize.
25-07-13 13:00:39.773 - WARNING: Params [module.irn.operations.10.F.conv5.weight] will not optimize.
2025-07-13 13:00:39,773 - WARNING - Params [module.irn.operations.10.F.conv5.weight] will not optimize.
25-07-13 13:00:39.773 - WARNING: Params [module.irn.operations.10.F.conv5.bias] will not optimize.
2025-07-13 13:00:39,773 - WARNING - Params [module.irn.operations.10.F.conv5.bias] will not optimize.
25-07-13 13:00:39.773 - WARNING: Params [module.irn.operations.10.NF.beta] will not optimize.
2025-07-13 13:00:39,773 - WARNING - Params [module.irn.operations.10.NF.beta] will not optimize.
25-07-13 13:00:39.773 - WARNING: Params [module.irn.operations.10.NF.gamma] will not optimize.
2025-07-13 13:00:39,773 - WARNING - Params [module.irn.operations.10.NF.gamma] will not optimize.
25-07-13 13:00:39.773 - WARNING: Params [module.irn.operations.10.NF.conv1.weight] will not optimize.
2025-07-13 13:00:39,773 - WARNING - Params [module.irn.operations.10.NF.conv1.weight] will not optimize.
25-07-13 13:00:39.774 - WARNING: Params [module.irn.operations.10.NF.conv1.bias] will not optimize.
2025-07-13 13:00:39,774 - WARNING - Params [module.irn.operations.10.NF.conv1.bias] will not optimize.
25-07-13 13:00:39.774 - WARNING: Params [module.irn.operations.10.NF.conv2.weight] will not optimize.
2025-07-13 13:00:39,774 - WARNING - Params [module.irn.operations.10.NF.conv2.weight] will not optimize.
25-07-13 13:00:39.774 - WARNING: Params [module.irn.operations.10.NF.conv2.bias] will not optimize.
2025-07-13 13:00:39,774 - WARNING - Params [module.irn.operations.10.NF.conv2.bias] will not optimize.
25-07-13 13:00:39.774 - WARNING: Params [module.irn.operations.10.NF.conv3.weight] will not optimize.
2025-07-13 13:00:39,774 - WARNING - Params [module.irn.operations.10.NF.conv3.weight] will not optimize.
25-07-13 13:00:39.774 - WARNING: Params [module.irn.operations.10.NF.conv3.bias] will not optimize.
2025-07-13 13:00:39,774 - WARNING - Params [module.irn.operations.10.NF.conv3.bias] will not optimize.
25-07-13 13:00:39.774 - WARNING: Params [module.irn.operations.10.NF.sca.1.weight] will not optimize.
2025-07-13 13:00:39,774 - WARNING - Params [module.irn.operations.10.NF.sca.1.weight] will not optimize.
25-07-13 13:00:39.774 - WARNING: Params [module.irn.operations.10.NF.sca.1.bias] will not optimize.
2025-07-13 13:00:39,774 - WARNING - Params [module.irn.operations.10.NF.sca.1.bias] will not optimize.
25-07-13 13:00:39.774 - WARNING: Params [module.irn.operations.10.NF.conv4.weight] will not optimize.
2025-07-13 13:00:39,774 - WARNING - Params [module.irn.operations.10.NF.conv4.weight] will not optimize.
25-07-13 13:00:39.774 - WARNING: Params [module.irn.operations.10.NF.conv4.bias] will not optimize.
2025-07-13 13:00:39,774 - WARNING - Params [module.irn.operations.10.NF.conv4.bias] will not optimize.
25-07-13 13:00:39.774 - WARNING: Params [module.irn.operations.10.NF.conv5.weight] will not optimize.
2025-07-13 13:00:39,774 - WARNING - Params [module.irn.operations.10.NF.conv5.weight] will not optimize.
25-07-13 13:00:39.774 - WARNING: Params [module.irn.operations.10.NF.conv5.bias] will not optimize.
2025-07-13 13:00:39,774 - WARNING - Params [module.irn.operations.10.NF.conv5.bias] will not optimize.
25-07-13 13:00:39.774 - WARNING: Params [module.irn.operations.10.NF.norm1.weight] will not optimize.
2025-07-13 13:00:39,774 - WARNING - Params [module.irn.operations.10.NF.norm1.weight] will not optimize.
25-07-13 13:00:39.774 - WARNING: Params [module.irn.operations.10.NF.norm1.bias] will not optimize.
2025-07-13 13:00:39,774 - WARNING - Params [module.irn.operations.10.NF.norm1.bias] will not optimize.
25-07-13 13:00:39.774 - WARNING: Params [module.irn.operations.10.NF.norm2.weight] will not optimize.
2025-07-13 13:00:39,774 - WARNING - Params [module.irn.operations.10.NF.norm2.weight] will not optimize.
25-07-13 13:00:39.774 - WARNING: Params [module.irn.operations.10.NF.norm2.bias] will not optimize.
2025-07-13 13:00:39,774 - WARNING - Params [module.irn.operations.10.NF.norm2.bias] will not optimize.
25-07-13 13:00:39.774 - WARNING: Params [module.irn.operations.10.G.conv1.weight] will not optimize.
2025-07-13 13:00:39,774 - WARNING - Params [module.irn.operations.10.G.conv1.weight] will not optimize.
25-07-13 13:00:39.774 - WARNING: Params [module.irn.operations.10.G.conv1.bias] will not optimize.
2025-07-13 13:00:39,774 - WARNING - Params [module.irn.operations.10.G.conv1.bias] will not optimize.
25-07-13 13:00:39.774 - WARNING: Params [module.irn.operations.10.G.conv2.weight] will not optimize.
2025-07-13 13:00:39,774 - WARNING - Params [module.irn.operations.10.G.conv2.weight] will not optimize.
25-07-13 13:00:39.774 - WARNING: Params [module.irn.operations.10.G.conv2.bias] will not optimize.
2025-07-13 13:00:39,774 - WARNING - Params [module.irn.operations.10.G.conv2.bias] will not optimize.
25-07-13 13:00:39.774 - WARNING: Params [module.irn.operations.10.G.conv3.weight] will not optimize.
2025-07-13 13:00:39,774 - WARNING - Params [module.irn.operations.10.G.conv3.weight] will not optimize.
25-07-13 13:00:39.774 - WARNING: Params [module.irn.operations.10.G.conv3.bias] will not optimize.
2025-07-13 13:00:39,774 - WARNING - Params [module.irn.operations.10.G.conv3.bias] will not optimize.
25-07-13 13:00:39.775 - WARNING: Params [module.irn.operations.10.G.conv4.weight] will not optimize.
2025-07-13 13:00:39,775 - WARNING - Params [module.irn.operations.10.G.conv4.weight] will not optimize.
25-07-13 13:00:39.775 - WARNING: Params [module.irn.operations.10.G.conv4.bias] will not optimize.
2025-07-13 13:00:39,775 - WARNING - Params [module.irn.operations.10.G.conv4.bias] will not optimize.
25-07-13 13:00:39.775 - WARNING: Params [module.irn.operations.10.G.conv5.weight] will not optimize.
2025-07-13 13:00:39,775 - WARNING - Params [module.irn.operations.10.G.conv5.weight] will not optimize.
25-07-13 13:00:39.775 - WARNING: Params [module.irn.operations.10.G.conv5.bias] will not optimize.
2025-07-13 13:00:39,775 - WARNING - Params [module.irn.operations.10.G.conv5.bias] will not optimize.
25-07-13 13:00:39.775 - WARNING: Params [module.irn.operations.10.NG.beta] will not optimize.
2025-07-13 13:00:39,775 - WARNING - Params [module.irn.operations.10.NG.beta] will not optimize.
25-07-13 13:00:39.775 - WARNING: Params [module.irn.operations.10.NG.gamma] will not optimize.
2025-07-13 13:00:39,775 - WARNING - Params [module.irn.operations.10.NG.gamma] will not optimize.
25-07-13 13:00:39.775 - WARNING: Params [module.irn.operations.10.NG.conv1.weight] will not optimize.
2025-07-13 13:00:39,775 - WARNING - Params [module.irn.operations.10.NG.conv1.weight] will not optimize.
25-07-13 13:00:39.775 - WARNING: Params [module.irn.operations.10.NG.conv1.bias] will not optimize.
2025-07-13 13:00:39,775 - WARNING - Params [module.irn.operations.10.NG.conv1.bias] will not optimize.
25-07-13 13:00:39.775 - WARNING: Params [module.irn.operations.10.NG.conv2.weight] will not optimize.
2025-07-13 13:00:39,775 - WARNING - Params [module.irn.operations.10.NG.conv2.weight] will not optimize.
25-07-13 13:00:39.775 - WARNING: Params [module.irn.operations.10.NG.conv2.bias] will not optimize.
2025-07-13 13:00:39,775 - WARNING - Params [module.irn.operations.10.NG.conv2.bias] will not optimize.
25-07-13 13:00:39.775 - WARNING: Params [module.irn.operations.10.NG.conv3.weight] will not optimize.
2025-07-13 13:00:39,775 - WARNING - Params [module.irn.operations.10.NG.conv3.weight] will not optimize.
25-07-13 13:00:39.775 - WARNING: Params [module.irn.operations.10.NG.conv3.bias] will not optimize.
2025-07-13 13:00:39,775 - WARNING - Params [module.irn.operations.10.NG.conv3.bias] will not optimize.
25-07-13 13:00:39.775 - WARNING: Params [module.irn.operations.10.NG.sca.1.weight] will not optimize.
2025-07-13 13:00:39,775 - WARNING - Params [module.irn.operations.10.NG.sca.1.weight] will not optimize.
25-07-13 13:00:39.775 - WARNING: Params [module.irn.operations.10.NG.sca.1.bias] will not optimize.
2025-07-13 13:00:39,775 - WARNING - Params [module.irn.operations.10.NG.sca.1.bias] will not optimize.
25-07-13 13:00:39.775 - WARNING: Params [module.irn.operations.10.NG.conv4.weight] will not optimize.
2025-07-13 13:00:39,775 - WARNING - Params [module.irn.operations.10.NG.conv4.weight] will not optimize.
25-07-13 13:00:39.775 - WARNING: Params [module.irn.operations.10.NG.conv4.bias] will not optimize.
2025-07-13 13:00:39,775 - WARNING - Params [module.irn.operations.10.NG.conv4.bias] will not optimize.
25-07-13 13:00:39.775 - WARNING: Params [module.irn.operations.10.NG.conv5.weight] will not optimize.
2025-07-13 13:00:39,775 - WARNING - Params [module.irn.operations.10.NG.conv5.weight] will not optimize.
25-07-13 13:00:39.775 - WARNING: Params [module.irn.operations.10.NG.conv5.bias] will not optimize.
2025-07-13 13:00:39,775 - WARNING - Params [module.irn.operations.10.NG.conv5.bias] will not optimize.
25-07-13 13:00:39.775 - WARNING: Params [module.irn.operations.10.NG.norm1.weight] will not optimize.
2025-07-13 13:00:39,775 - WARNING - Params [module.irn.operations.10.NG.norm1.weight] will not optimize.
25-07-13 13:00:39.775 - WARNING: Params [module.irn.operations.10.NG.norm1.bias] will not optimize.
2025-07-13 13:00:39,775 - WARNING - Params [module.irn.operations.10.NG.norm1.bias] will not optimize.
25-07-13 13:00:39.775 - WARNING: Params [module.irn.operations.10.NG.norm2.weight] will not optimize.
2025-07-13 13:00:39,775 - WARNING - Params [module.irn.operations.10.NG.norm2.weight] will not optimize.
25-07-13 13:00:39.775 - WARNING: Params [module.irn.operations.10.NG.norm2.bias] will not optimize.
2025-07-13 13:00:39,775 - WARNING - Params [module.irn.operations.10.NG.norm2.bias] will not optimize.
25-07-13 13:00:39.776 - WARNING: Params [module.irn.operations.10.H.conv1.weight] will not optimize.
2025-07-13 13:00:39,776 - WARNING - Params [module.irn.operations.10.H.conv1.weight] will not optimize.
25-07-13 13:00:39.776 - WARNING: Params [module.irn.operations.10.H.conv1.bias] will not optimize.
2025-07-13 13:00:39,776 - WARNING - Params [module.irn.operations.10.H.conv1.bias] will not optimize.
25-07-13 13:00:39.776 - WARNING: Params [module.irn.operations.10.H.conv2.weight] will not optimize.
2025-07-13 13:00:39,776 - WARNING - Params [module.irn.operations.10.H.conv2.weight] will not optimize.
25-07-13 13:00:39.776 - WARNING: Params [module.irn.operations.10.H.conv2.bias] will not optimize.
2025-07-13 13:00:39,776 - WARNING - Params [module.irn.operations.10.H.conv2.bias] will not optimize.
25-07-13 13:00:39.776 - WARNING: Params [module.irn.operations.10.H.conv3.weight] will not optimize.
2025-07-13 13:00:39,776 - WARNING - Params [module.irn.operations.10.H.conv3.weight] will not optimize.
25-07-13 13:00:39.776 - WARNING: Params [module.irn.operations.10.H.conv3.bias] will not optimize.
2025-07-13 13:00:39,776 - WARNING - Params [module.irn.operations.10.H.conv3.bias] will not optimize.
25-07-13 13:00:39.776 - WARNING: Params [module.irn.operations.10.H.conv4.weight] will not optimize.
2025-07-13 13:00:39,776 - WARNING - Params [module.irn.operations.10.H.conv4.weight] will not optimize.
25-07-13 13:00:39.776 - WARNING: Params [module.irn.operations.10.H.conv4.bias] will not optimize.
2025-07-13 13:00:39,776 - WARNING - Params [module.irn.operations.10.H.conv4.bias] will not optimize.
25-07-13 13:00:39.776 - WARNING: Params [module.irn.operations.10.H.conv5.weight] will not optimize.
2025-07-13 13:00:39,776 - WARNING - Params [module.irn.operations.10.H.conv5.weight] will not optimize.
25-07-13 13:00:39.776 - WARNING: Params [module.irn.operations.10.H.conv5.bias] will not optimize.
2025-07-13 13:00:39,776 - WARNING - Params [module.irn.operations.10.H.conv5.bias] will not optimize.
25-07-13 13:00:39.776 - WARNING: Params [module.irn.operations.10.NH.beta] will not optimize.
2025-07-13 13:00:39,776 - WARNING - Params [module.irn.operations.10.NH.beta] will not optimize.
25-07-13 13:00:39.776 - WARNING: Params [module.irn.operations.10.NH.gamma] will not optimize.
2025-07-13 13:00:39,776 - WARNING - Params [module.irn.operations.10.NH.gamma] will not optimize.
25-07-13 13:00:39.776 - WARNING: Params [module.irn.operations.10.NH.conv1.weight] will not optimize.
2025-07-13 13:00:39,776 - WARNING - Params [module.irn.operations.10.NH.conv1.weight] will not optimize.
25-07-13 13:00:39.776 - WARNING: Params [module.irn.operations.10.NH.conv1.bias] will not optimize.
2025-07-13 13:00:39,776 - WARNING - Params [module.irn.operations.10.NH.conv1.bias] will not optimize.
25-07-13 13:00:39.776 - WARNING: Params [module.irn.operations.10.NH.conv2.weight] will not optimize.
2025-07-13 13:00:39,776 - WARNING - Params [module.irn.operations.10.NH.conv2.weight] will not optimize.
25-07-13 13:00:39.776 - WARNING: Params [module.irn.operations.10.NH.conv2.bias] will not optimize.
2025-07-13 13:00:39,776 - WARNING - Params [module.irn.operations.10.NH.conv2.bias] will not optimize.
25-07-13 13:00:39.776 - WARNING: Params [module.irn.operations.10.NH.conv3.weight] will not optimize.
2025-07-13 13:00:39,776 - WARNING - Params [module.irn.operations.10.NH.conv3.weight] will not optimize.
25-07-13 13:00:39.776 - WARNING: Params [module.irn.operations.10.NH.conv3.bias] will not optimize.
2025-07-13 13:00:39,776 - WARNING - Params [module.irn.operations.10.NH.conv3.bias] will not optimize.
25-07-13 13:00:39.776 - WARNING: Params [module.irn.operations.10.NH.sca.1.weight] will not optimize.
2025-07-13 13:00:39,776 - WARNING - Params [module.irn.operations.10.NH.sca.1.weight] will not optimize.
25-07-13 13:00:39.776 - WARNING: Params [module.irn.operations.10.NH.sca.1.bias] will not optimize.
2025-07-13 13:00:39,776 - WARNING - Params [module.irn.operations.10.NH.sca.1.bias] will not optimize.
25-07-13 13:00:39.776 - WARNING: Params [module.irn.operations.10.NH.conv4.weight] will not optimize.
2025-07-13 13:00:39,776 - WARNING - Params [module.irn.operations.10.NH.conv4.weight] will not optimize.
25-07-13 13:00:39.777 - WARNING: Params [module.irn.operations.10.NH.conv4.bias] will not optimize.
2025-07-13 13:00:39,777 - WARNING - Params [module.irn.operations.10.NH.conv4.bias] will not optimize.
25-07-13 13:00:39.777 - WARNING: Params [module.irn.operations.10.NH.conv5.weight] will not optimize.
2025-07-13 13:00:39,777 - WARNING - Params [module.irn.operations.10.NH.conv5.weight] will not optimize.
25-07-13 13:00:39.777 - WARNING: Params [module.irn.operations.10.NH.conv5.bias] will not optimize.
2025-07-13 13:00:39,777 - WARNING - Params [module.irn.operations.10.NH.conv5.bias] will not optimize.
25-07-13 13:00:39.777 - WARNING: Params [module.irn.operations.10.NH.norm1.weight] will not optimize.
2025-07-13 13:00:39,777 - WARNING - Params [module.irn.operations.10.NH.norm1.weight] will not optimize.
25-07-13 13:00:39.777 - WARNING: Params [module.irn.operations.10.NH.norm1.bias] will not optimize.
2025-07-13 13:00:39,777 - WARNING - Params [module.irn.operations.10.NH.norm1.bias] will not optimize.
25-07-13 13:00:39.777 - WARNING: Params [module.irn.operations.10.NH.norm2.weight] will not optimize.
2025-07-13 13:00:39,777 - WARNING - Params [module.irn.operations.10.NH.norm2.weight] will not optimize.
25-07-13 13:00:39.777 - WARNING: Params [module.irn.operations.10.NH.norm2.bias] will not optimize.
2025-07-13 13:00:39,777 - WARNING - Params [module.irn.operations.10.NH.norm2.bias] will not optimize.
25-07-13 13:00:39.777 - WARNING: Params [module.irn.operations.11.F.conv1.weight] will not optimize.
2025-07-13 13:00:39,777 - WARNING - Params [module.irn.operations.11.F.conv1.weight] will not optimize.
25-07-13 13:00:39.777 - WARNING: Params [module.irn.operations.11.F.conv1.bias] will not optimize.
2025-07-13 13:00:39,777 - WARNING - Params [module.irn.operations.11.F.conv1.bias] will not optimize.
25-07-13 13:00:39.777 - WARNING: Params [module.irn.operations.11.F.conv2.weight] will not optimize.
2025-07-13 13:00:39,777 - WARNING - Params [module.irn.operations.11.F.conv2.weight] will not optimize.
25-07-13 13:00:39.777 - WARNING: Params [module.irn.operations.11.F.conv2.bias] will not optimize.
2025-07-13 13:00:39,777 - WARNING - Params [module.irn.operations.11.F.conv2.bias] will not optimize.
25-07-13 13:00:39.777 - WARNING: Params [module.irn.operations.11.F.conv3.weight] will not optimize.
2025-07-13 13:00:39,777 - WARNING - Params [module.irn.operations.11.F.conv3.weight] will not optimize.
25-07-13 13:00:39.777 - WARNING: Params [module.irn.operations.11.F.conv3.bias] will not optimize.
2025-07-13 13:00:39,777 - WARNING - Params [module.irn.operations.11.F.conv3.bias] will not optimize.
25-07-13 13:00:39.777 - WARNING: Params [module.irn.operations.11.F.conv4.weight] will not optimize.
2025-07-13 13:00:39,777 - WARNING - Params [module.irn.operations.11.F.conv4.weight] will not optimize.
25-07-13 13:00:39.777 - WARNING: Params [module.irn.operations.11.F.conv4.bias] will not optimize.
2025-07-13 13:00:39,777 - WARNING - Params [module.irn.operations.11.F.conv4.bias] will not optimize.
25-07-13 13:00:39.777 - WARNING: Params [module.irn.operations.11.F.conv5.weight] will not optimize.
2025-07-13 13:00:39,777 - WARNING - Params [module.irn.operations.11.F.conv5.weight] will not optimize.
25-07-13 13:00:39.777 - WARNING: Params [module.irn.operations.11.F.conv5.bias] will not optimize.
2025-07-13 13:00:39,777 - WARNING - Params [module.irn.operations.11.F.conv5.bias] will not optimize.
25-07-13 13:00:39.777 - WARNING: Params [module.irn.operations.11.NF.beta] will not optimize.
2025-07-13 13:00:39,777 - WARNING - Params [module.irn.operations.11.NF.beta] will not optimize.
25-07-13 13:00:39.777 - WARNING: Params [module.irn.operations.11.NF.gamma] will not optimize.
2025-07-13 13:00:39,777 - WARNING - Params [module.irn.operations.11.NF.gamma] will not optimize.
25-07-13 13:00:39.778 - WARNING: Params [module.irn.operations.11.NF.conv1.weight] will not optimize.
2025-07-13 13:00:39,778 - WARNING - Params [module.irn.operations.11.NF.conv1.weight] will not optimize.
25-07-13 13:00:39.778 - WARNING: Params [module.irn.operations.11.NF.conv1.bias] will not optimize.
2025-07-13 13:00:39,778 - WARNING - Params [module.irn.operations.11.NF.conv1.bias] will not optimize.
25-07-13 13:00:39.778 - WARNING: Params [module.irn.operations.11.NF.conv2.weight] will not optimize.
2025-07-13 13:00:39,778 - WARNING - Params [module.irn.operations.11.NF.conv2.weight] will not optimize.
25-07-13 13:00:39.778 - WARNING: Params [module.irn.operations.11.NF.conv2.bias] will not optimize.
2025-07-13 13:00:39,778 - WARNING - Params [module.irn.operations.11.NF.conv2.bias] will not optimize.
25-07-13 13:00:39.778 - WARNING: Params [module.irn.operations.11.NF.conv3.weight] will not optimize.
2025-07-13 13:00:39,778 - WARNING - Params [module.irn.operations.11.NF.conv3.weight] will not optimize.
25-07-13 13:00:39.778 - WARNING: Params [module.irn.operations.11.NF.conv3.bias] will not optimize.
2025-07-13 13:00:39,778 - WARNING - Params [module.irn.operations.11.NF.conv3.bias] will not optimize.
25-07-13 13:00:39.778 - WARNING: Params [module.irn.operations.11.NF.sca.1.weight] will not optimize.
2025-07-13 13:00:39,778 - WARNING - Params [module.irn.operations.11.NF.sca.1.weight] will not optimize.
25-07-13 13:00:39.778 - WARNING: Params [module.irn.operations.11.NF.sca.1.bias] will not optimize.
2025-07-13 13:00:39,778 - WARNING - Params [module.irn.operations.11.NF.sca.1.bias] will not optimize.
25-07-13 13:00:39.778 - WARNING: Params [module.irn.operations.11.NF.conv4.weight] will not optimize.
2025-07-13 13:00:39,778 - WARNING - Params [module.irn.operations.11.NF.conv4.weight] will not optimize.
25-07-13 13:00:39.778 - WARNING: Params [module.irn.operations.11.NF.conv4.bias] will not optimize.
2025-07-13 13:00:39,778 - WARNING - Params [module.irn.operations.11.NF.conv4.bias] will not optimize.
25-07-13 13:00:39.778 - WARNING: Params [module.irn.operations.11.NF.conv5.weight] will not optimize.
2025-07-13 13:00:39,778 - WARNING - Params [module.irn.operations.11.NF.conv5.weight] will not optimize.
25-07-13 13:00:39.778 - WARNING: Params [module.irn.operations.11.NF.conv5.bias] will not optimize.
2025-07-13 13:00:39,778 - WARNING - Params [module.irn.operations.11.NF.conv5.bias] will not optimize.
25-07-13 13:00:39.778 - WARNING: Params [module.irn.operations.11.NF.norm1.weight] will not optimize.
2025-07-13 13:00:39,778 - WARNING - Params [module.irn.operations.11.NF.norm1.weight] will not optimize.
25-07-13 13:00:39.778 - WARNING: Params [module.irn.operations.11.NF.norm1.bias] will not optimize.
2025-07-13 13:00:39,778 - WARNING - Params [module.irn.operations.11.NF.norm1.bias] will not optimize.
25-07-13 13:00:39.778 - WARNING: Params [module.irn.operations.11.NF.norm2.weight] will not optimize.
2025-07-13 13:00:39,778 - WARNING - Params [module.irn.operations.11.NF.norm2.weight] will not optimize.
25-07-13 13:00:39.778 - WARNING: Params [module.irn.operations.11.NF.norm2.bias] will not optimize.
2025-07-13 13:00:39,778 - WARNING - Params [module.irn.operations.11.NF.norm2.bias] will not optimize.
25-07-13 13:00:39.778 - WARNING: Params [module.irn.operations.11.G.conv1.weight] will not optimize.
2025-07-13 13:00:39,778 - WARNING - Params [module.irn.operations.11.G.conv1.weight] will not optimize.
25-07-13 13:00:39.778 - WARNING: Params [module.irn.operations.11.G.conv1.bias] will not optimize.
2025-07-13 13:00:39,778 - WARNING - Params [module.irn.operations.11.G.conv1.bias] will not optimize.
25-07-13 13:00:39.778 - WARNING: Params [module.irn.operations.11.G.conv2.weight] will not optimize.
2025-07-13 13:00:39,778 - WARNING - Params [module.irn.operations.11.G.conv2.weight] will not optimize.
25-07-13 13:00:39.778 - WARNING: Params [module.irn.operations.11.G.conv2.bias] will not optimize.
2025-07-13 13:00:39,778 - WARNING - Params [module.irn.operations.11.G.conv2.bias] will not optimize.
25-07-13 13:00:39.778 - WARNING: Params [module.irn.operations.11.G.conv3.weight] will not optimize.
2025-07-13 13:00:39,778 - WARNING - Params [module.irn.operations.11.G.conv3.weight] will not optimize.
25-07-13 13:00:39.778 - WARNING: Params [module.irn.operations.11.G.conv3.bias] will not optimize.
2025-07-13 13:00:39,778 - WARNING - Params [module.irn.operations.11.G.conv3.bias] will not optimize.
25-07-13 13:00:39.779 - WARNING: Params [module.irn.operations.11.G.conv4.weight] will not optimize.
2025-07-13 13:00:39,779 - WARNING - Params [module.irn.operations.11.G.conv4.weight] will not optimize.
25-07-13 13:00:39.779 - WARNING: Params [module.irn.operations.11.G.conv4.bias] will not optimize.
2025-07-13 13:00:39,779 - WARNING - Params [module.irn.operations.11.G.conv4.bias] will not optimize.
25-07-13 13:00:39.779 - WARNING: Params [module.irn.operations.11.G.conv5.weight] will not optimize.
2025-07-13 13:00:39,779 - WARNING - Params [module.irn.operations.11.G.conv5.weight] will not optimize.
25-07-13 13:00:39.779 - WARNING: Params [module.irn.operations.11.G.conv5.bias] will not optimize.
2025-07-13 13:00:39,779 - WARNING - Params [module.irn.operations.11.G.conv5.bias] will not optimize.
25-07-13 13:00:39.779 - WARNING: Params [module.irn.operations.11.NG.beta] will not optimize.
2025-07-13 13:00:39,779 - WARNING - Params [module.irn.operations.11.NG.beta] will not optimize.
25-07-13 13:00:39.779 - WARNING: Params [module.irn.operations.11.NG.gamma] will not optimize.
2025-07-13 13:00:39,779 - WARNING - Params [module.irn.operations.11.NG.gamma] will not optimize.
25-07-13 13:00:39.779 - WARNING: Params [module.irn.operations.11.NG.conv1.weight] will not optimize.
2025-07-13 13:00:39,779 - WARNING - Params [module.irn.operations.11.NG.conv1.weight] will not optimize.
25-07-13 13:00:39.779 - WARNING: Params [module.irn.operations.11.NG.conv1.bias] will not optimize.
2025-07-13 13:00:39,779 - WARNING - Params [module.irn.operations.11.NG.conv1.bias] will not optimize.
25-07-13 13:00:39.779 - WARNING: Params [module.irn.operations.11.NG.conv2.weight] will not optimize.
2025-07-13 13:00:39,779 - WARNING - Params [module.irn.operations.11.NG.conv2.weight] will not optimize.
25-07-13 13:00:39.779 - WARNING: Params [module.irn.operations.11.NG.conv2.bias] will not optimize.
2025-07-13 13:00:39,779 - WARNING - Params [module.irn.operations.11.NG.conv2.bias] will not optimize.
25-07-13 13:00:39.779 - WARNING: Params [module.irn.operations.11.NG.conv3.weight] will not optimize.
2025-07-13 13:00:39,779 - WARNING - Params [module.irn.operations.11.NG.conv3.weight] will not optimize.
25-07-13 13:00:39.779 - WARNING: Params [module.irn.operations.11.NG.conv3.bias] will not optimize.
2025-07-13 13:00:39,779 - WARNING - Params [module.irn.operations.11.NG.conv3.bias] will not optimize.
25-07-13 13:00:39.779 - WARNING: Params [module.irn.operations.11.NG.sca.1.weight] will not optimize.
2025-07-13 13:00:39,779 - WARNING - Params [module.irn.operations.11.NG.sca.1.weight] will not optimize.
25-07-13 13:00:39.779 - WARNING: Params [module.irn.operations.11.NG.sca.1.bias] will not optimize.
2025-07-13 13:00:39,779 - WARNING - Params [module.irn.operations.11.NG.sca.1.bias] will not optimize.
25-07-13 13:00:39.779 - WARNING: Params [module.irn.operations.11.NG.conv4.weight] will not optimize.
2025-07-13 13:00:39,779 - WARNING - Params [module.irn.operations.11.NG.conv4.weight] will not optimize.
25-07-13 13:00:39.779 - WARNING: Params [module.irn.operations.11.NG.conv4.bias] will not optimize.
2025-07-13 13:00:39,779 - WARNING - Params [module.irn.operations.11.NG.conv4.bias] will not optimize.
25-07-13 13:00:39.779 - WARNING: Params [module.irn.operations.11.NG.conv5.weight] will not optimize.
2025-07-13 13:00:39,779 - WARNING - Params [module.irn.operations.11.NG.conv5.weight] will not optimize.
25-07-13 13:00:39.779 - WARNING: Params [module.irn.operations.11.NG.conv5.bias] will not optimize.
2025-07-13 13:00:39,779 - WARNING - Params [module.irn.operations.11.NG.conv5.bias] will not optimize.
25-07-13 13:00:39.779 - WARNING: Params [module.irn.operations.11.NG.norm1.weight] will not optimize.
2025-07-13 13:00:39,779 - WARNING - Params [module.irn.operations.11.NG.norm1.weight] will not optimize.
25-07-13 13:00:39.779 - WARNING: Params [module.irn.operations.11.NG.norm1.bias] will not optimize.
2025-07-13 13:00:39,779 - WARNING - Params [module.irn.operations.11.NG.norm1.bias] will not optimize.
25-07-13 13:00:39.779 - WARNING: Params [module.irn.operations.11.NG.norm2.weight] will not optimize.
2025-07-13 13:00:39,779 - WARNING - Params [module.irn.operations.11.NG.norm2.weight] will not optimize.
25-07-13 13:00:39.779 - WARNING: Params [module.irn.operations.11.NG.norm2.bias] will not optimize.
2025-07-13 13:00:39,779 - WARNING - Params [module.irn.operations.11.NG.norm2.bias] will not optimize.
25-07-13 13:00:39.780 - WARNING: Params [module.irn.operations.11.H.conv1.weight] will not optimize.
2025-07-13 13:00:39,780 - WARNING - Params [module.irn.operations.11.H.conv1.weight] will not optimize.
25-07-13 13:00:39.780 - WARNING: Params [module.irn.operations.11.H.conv1.bias] will not optimize.
2025-07-13 13:00:39,780 - WARNING - Params [module.irn.operations.11.H.conv1.bias] will not optimize.
25-07-13 13:00:39.780 - WARNING: Params [module.irn.operations.11.H.conv2.weight] will not optimize.
2025-07-13 13:00:39,780 - WARNING - Params [module.irn.operations.11.H.conv2.weight] will not optimize.
25-07-13 13:00:39.780 - WARNING: Params [module.irn.operations.11.H.conv2.bias] will not optimize.
2025-07-13 13:00:39,780 - WARNING - Params [module.irn.operations.11.H.conv2.bias] will not optimize.
25-07-13 13:00:39.780 - WARNING: Params [module.irn.operations.11.H.conv3.weight] will not optimize.
2025-07-13 13:00:39,780 - WARNING - Params [module.irn.operations.11.H.conv3.weight] will not optimize.
25-07-13 13:00:39.780 - WARNING: Params [module.irn.operations.11.H.conv3.bias] will not optimize.
2025-07-13 13:00:39,780 - WARNING - Params [module.irn.operations.11.H.conv3.bias] will not optimize.
25-07-13 13:00:39.780 - WARNING: Params [module.irn.operations.11.H.conv4.weight] will not optimize.
2025-07-13 13:00:39,780 - WARNING - Params [module.irn.operations.11.H.conv4.weight] will not optimize.
25-07-13 13:00:39.780 - WARNING: Params [module.irn.operations.11.H.conv4.bias] will not optimize.
2025-07-13 13:00:39,780 - WARNING - Params [module.irn.operations.11.H.conv4.bias] will not optimize.
25-07-13 13:00:39.780 - WARNING: Params [module.irn.operations.11.H.conv5.weight] will not optimize.
2025-07-13 13:00:39,780 - WARNING - Params [module.irn.operations.11.H.conv5.weight] will not optimize.
25-07-13 13:00:39.780 - WARNING: Params [module.irn.operations.11.H.conv5.bias] will not optimize.
2025-07-13 13:00:39,780 - WARNING - Params [module.irn.operations.11.H.conv5.bias] will not optimize.
25-07-13 13:00:39.780 - WARNING: Params [module.irn.operations.11.NH.beta] will not optimize.
2025-07-13 13:00:39,780 - WARNING - Params [module.irn.operations.11.NH.beta] will not optimize.
25-07-13 13:00:39.780 - WARNING: Params [module.irn.operations.11.NH.gamma] will not optimize.
2025-07-13 13:00:39,780 - WARNING - Params [module.irn.operations.11.NH.gamma] will not optimize.
25-07-13 13:00:39.780 - WARNING: Params [module.irn.operations.11.NH.conv1.weight] will not optimize.
2025-07-13 13:00:39,780 - WARNING - Params [module.irn.operations.11.NH.conv1.weight] will not optimize.
25-07-13 13:00:39.780 - WARNING: Params [module.irn.operations.11.NH.conv1.bias] will not optimize.
2025-07-13 13:00:39,780 - WARNING - Params [module.irn.operations.11.NH.conv1.bias] will not optimize.
25-07-13 13:00:39.780 - WARNING: Params [module.irn.operations.11.NH.conv2.weight] will not optimize.
2025-07-13 13:00:39,780 - WARNING - Params [module.irn.operations.11.NH.conv2.weight] will not optimize.
25-07-13 13:00:39.780 - WARNING: Params [module.irn.operations.11.NH.conv2.bias] will not optimize.
2025-07-13 13:00:39,780 - WARNING - Params [module.irn.operations.11.NH.conv2.bias] will not optimize.
25-07-13 13:00:39.780 - WARNING: Params [module.irn.operations.11.NH.conv3.weight] will not optimize.
2025-07-13 13:00:39,780 - WARNING - Params [module.irn.operations.11.NH.conv3.weight] will not optimize.
25-07-13 13:00:39.780 - WARNING: Params [module.irn.operations.11.NH.conv3.bias] will not optimize.
2025-07-13 13:00:39,780 - WARNING - Params [module.irn.operations.11.NH.conv3.bias] will not optimize.
25-07-13 13:00:39.780 - WARNING: Params [module.irn.operations.11.NH.sca.1.weight] will not optimize.
2025-07-13 13:00:39,780 - WARNING - Params [module.irn.operations.11.NH.sca.1.weight] will not optimize.
25-07-13 13:00:39.780 - WARNING: Params [module.irn.operations.11.NH.sca.1.bias] will not optimize.
2025-07-13 13:00:39,780 - WARNING - Params [module.irn.operations.11.NH.sca.1.bias] will not optimize.
25-07-13 13:00:39.781 - WARNING: Params [module.irn.operations.11.NH.conv4.weight] will not optimize.
2025-07-13 13:00:39,781 - WARNING - Params [module.irn.operations.11.NH.conv4.weight] will not optimize.
25-07-13 13:00:39.781 - WARNING: Params [module.irn.operations.11.NH.conv4.bias] will not optimize.
2025-07-13 13:00:39,781 - WARNING - Params [module.irn.operations.11.NH.conv4.bias] will not optimize.
25-07-13 13:00:39.781 - WARNING: Params [module.irn.operations.11.NH.conv5.weight] will not optimize.
2025-07-13 13:00:39,781 - WARNING - Params [module.irn.operations.11.NH.conv5.weight] will not optimize.
25-07-13 13:00:39.781 - WARNING: Params [module.irn.operations.11.NH.conv5.bias] will not optimize.
2025-07-13 13:00:39,781 - WARNING - Params [module.irn.operations.11.NH.conv5.bias] will not optimize.
25-07-13 13:00:39.781 - WARNING: Params [module.irn.operations.11.NH.norm1.weight] will not optimize.
2025-07-13 13:00:39,781 - WARNING - Params [module.irn.operations.11.NH.norm1.weight] will not optimize.
25-07-13 13:00:39.781 - WARNING: Params [module.irn.operations.11.NH.norm1.bias] will not optimize.
2025-07-13 13:00:39,781 - WARNING - Params [module.irn.operations.11.NH.norm1.bias] will not optimize.
25-07-13 13:00:39.781 - WARNING: Params [module.irn.operations.11.NH.norm2.weight] will not optimize.
2025-07-13 13:00:39,781 - WARNING - Params [module.irn.operations.11.NH.norm2.weight] will not optimize.
25-07-13 13:00:39.781 - WARNING: Params [module.irn.operations.11.NH.norm2.bias] will not optimize.
2025-07-13 13:00:39,781 - WARNING - Params [module.irn.operations.11.NH.norm2.bias] will not optimize.
25-07-13 13:00:39.781 - WARNING: Params [module.pm.conv_in.weight] will not optimize.
2025-07-13 13:00:39,781 - WARNING - Params [module.pm.conv_in.weight] will not optimize.
25-07-13 13:00:39.781 - WARNING: Params [module.pm.conv_in.bias] will not optimize.
2025-07-13 13:00:39,781 - WARNING - Params [module.pm.conv_in.bias] will not optimize.
25-07-13 13:00:39.781 - WARNING: Params [module.pm.res_block.0.conv1.weight] will not optimize.
2025-07-13 13:00:39,781 - WARNING - Params [module.pm.res_block.0.conv1.weight] will not optimize.
25-07-13 13:00:39.781 - WARNING: Params [module.pm.res_block.0.conv1.bias] will not optimize.
2025-07-13 13:00:39,781 - WARNING - Params [module.pm.res_block.0.conv1.bias] will not optimize.
25-07-13 13:00:39.781 - WARNING: Params [module.pm.res_block.0.conv2.weight] will not optimize.
2025-07-13 13:00:39,781 - WARNING - Params [module.pm.res_block.0.conv2.weight] will not optimize.
25-07-13 13:00:39.781 - WARNING: Params [module.pm.res_block.0.conv2.bias] will not optimize.
2025-07-13 13:00:39,781 - WARNING - Params [module.pm.res_block.0.conv2.bias] will not optimize.
25-07-13 13:00:39.781 - WARNING: Params [module.pm.res_block.1.conv1.weight] will not optimize.
2025-07-13 13:00:39,781 - WARNING - Params [module.pm.res_block.1.conv1.weight] will not optimize.
25-07-13 13:00:39.781 - WARNING: Params [module.pm.res_block.1.conv1.bias] will not optimize.
2025-07-13 13:00:39,781 - WARNING - Params [module.pm.res_block.1.conv1.bias] will not optimize.
25-07-13 13:00:39.781 - WARNING: Params [module.pm.res_block.1.conv2.weight] will not optimize.
2025-07-13 13:00:39,781 - WARNING - Params [module.pm.res_block.1.conv2.weight] will not optimize.
25-07-13 13:00:39.781 - WARNING: Params [module.pm.res_block.1.conv2.bias] will not optimize.
2025-07-13 13:00:39,781 - WARNING - Params [module.pm.res_block.1.conv2.bias] will not optimize.
25-07-13 13:00:39.781 - WARNING: Params [module.pm.res_block.2.conv1.weight] will not optimize.
2025-07-13 13:00:39,781 - WARNING - Params [module.pm.res_block.2.conv1.weight] will not optimize.
25-07-13 13:00:39.781 - WARNING: Params [module.pm.res_block.2.conv1.bias] will not optimize.
2025-07-13 13:00:39,781 - WARNING - Params [module.pm.res_block.2.conv1.bias] will not optimize.
25-07-13 13:00:39.781 - WARNING: Params [module.pm.res_block.2.conv2.weight] will not optimize.
2025-07-13 13:00:39,781 - WARNING - Params [module.pm.res_block.2.conv2.weight] will not optimize.
25-07-13 13:00:39.782 - WARNING: Params [module.pm.res_block.2.conv2.bias] will not optimize.
2025-07-13 13:00:39,782 - WARNING - Params [module.pm.res_block.2.conv2.bias] will not optimize.
25-07-13 13:00:39.782 - WARNING: Params [module.pm.res_block.3.conv1.weight] will not optimize.
2025-07-13 13:00:39,782 - WARNING - Params [module.pm.res_block.3.conv1.weight] will not optimize.
25-07-13 13:00:39.782 - WARNING: Params [module.pm.res_block.3.conv1.bias] will not optimize.
2025-07-13 13:00:39,782 - WARNING - Params [module.pm.res_block.3.conv1.bias] will not optimize.
25-07-13 13:00:39.782 - WARNING: Params [module.pm.res_block.3.conv2.weight] will not optimize.
2025-07-13 13:00:39,782 - WARNING - Params [module.pm.res_block.3.conv2.weight] will not optimize.
25-07-13 13:00:39.782 - WARNING: Params [module.pm.res_block.3.conv2.bias] will not optimize.
2025-07-13 13:00:39,782 - WARNING - Params [module.pm.res_block.3.conv2.bias] will not optimize.
25-07-13 13:00:39.782 - WARNING: Params [module.pm.res_block.4.conv1.weight] will not optimize.
2025-07-13 13:00:39,782 - WARNING - Params [module.pm.res_block.4.conv1.weight] will not optimize.
25-07-13 13:00:39.782 - WARNING: Params [module.pm.res_block.4.conv1.bias] will not optimize.
2025-07-13 13:00:39,782 - WARNING - Params [module.pm.res_block.4.conv1.bias] will not optimize.
25-07-13 13:00:39.782 - WARNING: Params [module.pm.res_block.4.conv2.weight] will not optimize.
2025-07-13 13:00:39,782 - WARNING - Params [module.pm.res_block.4.conv2.weight] will not optimize.
25-07-13 13:00:39.782 - WARNING: Params [module.pm.res_block.4.conv2.bias] will not optimize.
2025-07-13 13:00:39,782 - WARNING - Params [module.pm.res_block.4.conv2.bias] will not optimize.
25-07-13 13:00:39.782 - WARNING: Params [module.pm.res_block.5.conv1.weight] will not optimize.
2025-07-13 13:00:39,782 - WARNING - Params [module.pm.res_block.5.conv1.weight] will not optimize.
25-07-13 13:00:39.782 - WARNING: Params [module.pm.res_block.5.conv1.bias] will not optimize.
2025-07-13 13:00:39,782 - WARNING - Params [module.pm.res_block.5.conv1.bias] will not optimize.
25-07-13 13:00:39.782 - WARNING: Params [module.pm.res_block.5.conv2.weight] will not optimize.
2025-07-13 13:00:39,782 - WARNING - Params [module.pm.res_block.5.conv2.weight] will not optimize.
25-07-13 13:00:39.782 - WARNING: Params [module.pm.res_block.5.conv2.bias] will not optimize.
2025-07-13 13:00:39,782 - WARNING - Params [module.pm.res_block.5.conv2.bias] will not optimize.
25-07-13 13:00:39.782 - WARNING: Params [module.pm.res_block.6.conv1.weight] will not optimize.
2025-07-13 13:00:39,782 - WARNING - Params [module.pm.res_block.6.conv1.weight] will not optimize.
25-07-13 13:00:39.782 - WARNING: Params [module.pm.res_block.6.conv1.bias] will not optimize.
2025-07-13 13:00:39,782 - WARNING - Params [module.pm.res_block.6.conv1.bias] will not optimize.
25-07-13 13:00:39.782 - WARNING: Params [module.pm.res_block.6.conv2.weight] will not optimize.
2025-07-13 13:00:39,782 - WARNING - Params [module.pm.res_block.6.conv2.weight] will not optimize.
25-07-13 13:00:39.782 - WARNING: Params [module.pm.res_block.6.conv2.bias] will not optimize.
2025-07-13 13:00:39,782 - WARNING - Params [module.pm.res_block.6.conv2.bias] will not optimize.
25-07-13 13:00:39.782 - WARNING: Params [module.pm.res_block.7.conv1.weight] will not optimize.
2025-07-13 13:00:39,782 - WARNING - Params [module.pm.res_block.7.conv1.weight] will not optimize.
25-07-13 13:00:39.782 - WARNING: Params [module.pm.res_block.7.conv1.bias] will not optimize.
2025-07-13 13:00:39,782 - WARNING - Params [module.pm.res_block.7.conv1.bias] will not optimize.
25-07-13 13:00:39.782 - WARNING: Params [module.pm.res_block.7.conv2.weight] will not optimize.
2025-07-13 13:00:39,782 - WARNING - Params [module.pm.res_block.7.conv2.weight] will not optimize.
25-07-13 13:00:39.782 - WARNING: Params [module.pm.res_block.7.conv2.bias] will not optimize.
2025-07-13 13:00:39,782 - WARNING - Params [module.pm.res_block.7.conv2.bias] will not optimize.
25-07-13 13:00:39.783 - WARNING: Params [module.pm.transformer_block.0.norm1.body.weight] will not optimize.
2025-07-13 13:00:39,783 - WARNING - Params [module.pm.transformer_block.0.norm1.body.weight] will not optimize.
25-07-13 13:00:39.783 - WARNING: Params [module.pm.transformer_block.0.norm1.body.bias] will not optimize.
2025-07-13 13:00:39,783 - WARNING - Params [module.pm.transformer_block.0.norm1.body.bias] will not optimize.
25-07-13 13:00:39.783 - WARNING: Params [module.pm.transformer_block.0.attn.temperature] will not optimize.
2025-07-13 13:00:39,783 - WARNING - Params [module.pm.transformer_block.0.attn.temperature] will not optimize.
25-07-13 13:00:39.783 - WARNING: Params [module.pm.transformer_block.0.attn.qkv.weight] will not optimize.
2025-07-13 13:00:39,783 - WARNING - Params [module.pm.transformer_block.0.attn.qkv.weight] will not optimize.
25-07-13 13:00:39.783 - WARNING: Params [module.pm.transformer_block.0.attn.qkv_dwconv.weight] will not optimize.
2025-07-13 13:00:39,783 - WARNING - Params [module.pm.transformer_block.0.attn.qkv_dwconv.weight] will not optimize.
25-07-13 13:00:39.783 - WARNING: Params [module.pm.transformer_block.0.attn.project_out.weight] will not optimize.
2025-07-13 13:00:39,783 - WARNING - Params [module.pm.transformer_block.0.attn.project_out.weight] will not optimize.
25-07-13 13:00:39.783 - WARNING: Params [module.pm.transformer_block.0.norm2.body.weight] will not optimize.
2025-07-13 13:00:39,783 - WARNING - Params [module.pm.transformer_block.0.norm2.body.weight] will not optimize.
25-07-13 13:00:39.783 - WARNING: Params [module.pm.transformer_block.0.norm2.body.bias] will not optimize.
2025-07-13 13:00:39,783 - WARNING - Params [module.pm.transformer_block.0.norm2.body.bias] will not optimize.
25-07-13 13:00:39.783 - WARNING: Params [module.pm.transformer_block.0.ffn.project_in.weight] will not optimize.
2025-07-13 13:00:39,783 - WARNING - Params [module.pm.transformer_block.0.ffn.project_in.weight] will not optimize.
25-07-13 13:00:39.783 - WARNING: Params [module.pm.transformer_block.0.ffn.dwconv.weight] will not optimize.
2025-07-13 13:00:39,783 - WARNING - Params [module.pm.transformer_block.0.ffn.dwconv.weight] will not optimize.
25-07-13 13:00:39.783 - WARNING: Params [module.pm.transformer_block.0.ffn.project_out.weight] will not optimize.
2025-07-13 13:00:39,783 - WARNING - Params [module.pm.transformer_block.0.ffn.project_out.weight] will not optimize.
25-07-13 13:00:39.783 - WARNING: Params [module.pm.transformer_block.1.norm1.body.weight] will not optimize.
2025-07-13 13:00:39,783 - WARNING - Params [module.pm.transformer_block.1.norm1.body.weight] will not optimize.
25-07-13 13:00:39.783 - WARNING: Params [module.pm.transformer_block.1.norm1.body.bias] will not optimize.
2025-07-13 13:00:39,783 - WARNING - Params [module.pm.transformer_block.1.norm1.body.bias] will not optimize.
25-07-13 13:00:39.783 - WARNING: Params [module.pm.transformer_block.1.attn.temperature] will not optimize.
2025-07-13 13:00:39,783 - WARNING - Params [module.pm.transformer_block.1.attn.temperature] will not optimize.
25-07-13 13:00:39.783 - WARNING: Params [module.pm.transformer_block.1.attn.qkv.weight] will not optimize.
2025-07-13 13:00:39,783 - WARNING - Params [module.pm.transformer_block.1.attn.qkv.weight] will not optimize.
25-07-13 13:00:39.783 - WARNING: Params [module.pm.transformer_block.1.attn.qkv_dwconv.weight] will not optimize.
2025-07-13 13:00:39,783 - WARNING - Params [module.pm.transformer_block.1.attn.qkv_dwconv.weight] will not optimize.
25-07-13 13:00:39.783 - WARNING: Params [module.pm.transformer_block.1.attn.project_out.weight] will not optimize.
2025-07-13 13:00:39,783 - WARNING - Params [module.pm.transformer_block.1.attn.project_out.weight] will not optimize.
25-07-13 13:00:39.783 - WARNING: Params [module.pm.transformer_block.1.norm2.body.weight] will not optimize.
2025-07-13 13:00:39,783 - WARNING - Params [module.pm.transformer_block.1.norm2.body.weight] will not optimize.
25-07-13 13:00:39.783 - WARNING: Params [module.pm.transformer_block.1.norm2.body.bias] will not optimize.
2025-07-13 13:00:39,783 - WARNING - Params [module.pm.transformer_block.1.norm2.body.bias] will not optimize.
25-07-13 13:00:39.783 - WARNING: Params [module.pm.transformer_block.1.ffn.project_in.weight] will not optimize.
2025-07-13 13:00:39,783 - WARNING - Params [module.pm.transformer_block.1.ffn.project_in.weight] will not optimize.
25-07-13 13:00:39.783 - WARNING: Params [module.pm.transformer_block.1.ffn.dwconv.weight] will not optimize.
2025-07-13 13:00:39,783 - WARNING - Params [module.pm.transformer_block.1.ffn.dwconv.weight] will not optimize.
25-07-13 13:00:39.784 - WARNING: Params [module.pm.transformer_block.1.ffn.project_out.weight] will not optimize.
2025-07-13 13:00:39,784 - WARNING - Params [module.pm.transformer_block.1.ffn.project_out.weight] will not optimize.
25-07-13 13:00:39.784 - WARNING: Params [module.pm.transformer_block.2.norm1.body.weight] will not optimize.
2025-07-13 13:00:39,784 - WARNING - Params [module.pm.transformer_block.2.norm1.body.weight] will not optimize.
25-07-13 13:00:39.784 - WARNING: Params [module.pm.transformer_block.2.norm1.body.bias] will not optimize.
2025-07-13 13:00:39,784 - WARNING - Params [module.pm.transformer_block.2.norm1.body.bias] will not optimize.
25-07-13 13:00:39.784 - WARNING: Params [module.pm.transformer_block.2.attn.temperature] will not optimize.
2025-07-13 13:00:39,784 - WARNING - Params [module.pm.transformer_block.2.attn.temperature] will not optimize.
25-07-13 13:00:39.784 - WARNING: Params [module.pm.transformer_block.2.attn.qkv.weight] will not optimize.
2025-07-13 13:00:39,784 - WARNING - Params [module.pm.transformer_block.2.attn.qkv.weight] will not optimize.
25-07-13 13:00:39.784 - WARNING: Params [module.pm.transformer_block.2.attn.qkv_dwconv.weight] will not optimize.
2025-07-13 13:00:39,784 - WARNING - Params [module.pm.transformer_block.2.attn.qkv_dwconv.weight] will not optimize.
25-07-13 13:00:39.784 - WARNING: Params [module.pm.transformer_block.2.attn.project_out.weight] will not optimize.
2025-07-13 13:00:39,784 - WARNING - Params [module.pm.transformer_block.2.attn.project_out.weight] will not optimize.
25-07-13 13:00:39.784 - WARNING: Params [module.pm.transformer_block.2.norm2.body.weight] will not optimize.
2025-07-13 13:00:39,784 - WARNING - Params [module.pm.transformer_block.2.norm2.body.weight] will not optimize.
25-07-13 13:00:39.784 - WARNING: Params [module.pm.transformer_block.2.norm2.body.bias] will not optimize.
2025-07-13 13:00:39,784 - WARNING - Params [module.pm.transformer_block.2.norm2.body.bias] will not optimize.
25-07-13 13:00:39.784 - WARNING: Params [module.pm.transformer_block.2.ffn.project_in.weight] will not optimize.
2025-07-13 13:00:39,784 - WARNING - Params [module.pm.transformer_block.2.ffn.project_in.weight] will not optimize.
25-07-13 13:00:39.784 - WARNING: Params [module.pm.transformer_block.2.ffn.dwconv.weight] will not optimize.
2025-07-13 13:00:39,784 - WARNING - Params [module.pm.transformer_block.2.ffn.dwconv.weight] will not optimize.
25-07-13 13:00:39.784 - WARNING: Params [module.pm.transformer_block.2.ffn.project_out.weight] will not optimize.
2025-07-13 13:00:39,784 - WARNING - Params [module.pm.transformer_block.2.ffn.project_out.weight] will not optimize.
25-07-13 13:00:39.784 - WARNING: Params [module.pm.transformer_block.3.norm1.body.weight] will not optimize.
2025-07-13 13:00:39,784 - WARNING - Params [module.pm.transformer_block.3.norm1.body.weight] will not optimize.
25-07-13 13:00:39.784 - WARNING: Params [module.pm.transformer_block.3.norm1.body.bias] will not optimize.
2025-07-13 13:00:39,784 - WARNING - Params [module.pm.transformer_block.3.norm1.body.bias] will not optimize.
25-07-13 13:00:39.784 - WARNING: Params [module.pm.transformer_block.3.attn.temperature] will not optimize.
2025-07-13 13:00:39,784 - WARNING - Params [module.pm.transformer_block.3.attn.temperature] will not optimize.
25-07-13 13:00:39.784 - WARNING: Params [module.pm.transformer_block.3.attn.qkv.weight] will not optimize.
2025-07-13 13:00:39,784 - WARNING - Params [module.pm.transformer_block.3.attn.qkv.weight] will not optimize.
25-07-13 13:00:39.784 - WARNING: Params [module.pm.transformer_block.3.attn.qkv_dwconv.weight] will not optimize.
2025-07-13 13:00:39,784 - WARNING - Params [module.pm.transformer_block.3.attn.qkv_dwconv.weight] will not optimize.
25-07-13 13:00:39.784 - WARNING: Params [module.pm.transformer_block.3.attn.project_out.weight] will not optimize.
2025-07-13 13:00:39,784 - WARNING - Params [module.pm.transformer_block.3.attn.project_out.weight] will not optimize.
25-07-13 13:00:39.784 - WARNING: Params [module.pm.transformer_block.3.norm2.body.weight] will not optimize.
2025-07-13 13:00:39,784 - WARNING - Params [module.pm.transformer_block.3.norm2.body.weight] will not optimize.
25-07-13 13:00:39.784 - WARNING: Params [module.pm.transformer_block.3.norm2.body.bias] will not optimize.
2025-07-13 13:00:39,784 - WARNING - Params [module.pm.transformer_block.3.norm2.body.bias] will not optimize.
25-07-13 13:00:39.784 - WARNING: Params [module.pm.transformer_block.3.ffn.project_in.weight] will not optimize.
2025-07-13 13:00:39,784 - WARNING - Params [module.pm.transformer_block.3.ffn.project_in.weight] will not optimize.
25-07-13 13:00:39.785 - WARNING: Params [module.pm.transformer_block.3.ffn.dwconv.weight] will not optimize.
2025-07-13 13:00:39,785 - WARNING - Params [module.pm.transformer_block.3.ffn.dwconv.weight] will not optimize.
25-07-13 13:00:39.785 - WARNING: Params [module.pm.transformer_block.3.ffn.project_out.weight] will not optimize.
2025-07-13 13:00:39,785 - WARNING - Params [module.pm.transformer_block.3.ffn.project_out.weight] will not optimize.
25-07-13 13:00:39.785 - WARNING: Params [module.pm.prompt.prompt_param] will not optimize.
2025-07-13 13:00:39,785 - WARNING - Params [module.pm.prompt.prompt_param] will not optimize.
25-07-13 13:00:39.785 - WARNING: Params [module.pm.prompt.linear_layer.weight] will not optimize.
2025-07-13 13:00:39,785 - WARNING - Params [module.pm.prompt.linear_layer.weight] will not optimize.
25-07-13 13:00:39.785 - WARNING: Params [module.pm.prompt.linear_layer.bias] will not optimize.
2025-07-13 13:00:39,785 - WARNING - Params [module.pm.prompt.linear_layer.bias] will not optimize.
25-07-13 13:00:39.785 - WARNING: Params [module.pm.prompt.conv3x3.weight] will not optimize.
2025-07-13 13:00:39,785 - WARNING - Params [module.pm.prompt.conv3x3.weight] will not optimize.
25-07-13 13:00:39.785 - WARNING: Params [module.pm.fuse.weight] will not optimize.
2025-07-13 13:00:39,785 - WARNING - Params [module.pm.fuse.weight] will not optimize.
25-07-13 13:00:39.785 - WARNING: Params [module.pm.fuse.bias] will not optimize.
2025-07-13 13:00:39,785 - WARNING - Params [module.pm.fuse.bias] will not optimize.
25-07-13 13:00:39.786 - INFO: Model [Model_VSN] is created.
2025-07-13 13:00:39,786 - INFO - Model [Model_VSN] is created.
25-07-13 13:00:39.786 - INFO: Start training from epoch: 0, iter: 0
2025-07-13 13:00:39,786 - INFO - Start training from epoch: 0, iter: 0
========== Epoch: 0 ==========
25-07-13 13:02:59.384 - INFO: <epoch:  0, iter:     100, lr:1.000e-04> l_forw_fit: 1.0098e+03 l_msg: 2.5779e-01 
2025-07-13 13:02:59,384 - INFO - <epoch:  0, iter:     100, lr:1.000e-04> l_forw_fit: 1.0098e+03 l_msg: 2.5779e-01 
25-07-13 13:03:33.783 - INFO: <epoch:  0, iter:     200, lr:1.000e-04> l_forw_fit: 4.1885e+02 l_msg: 2.5719e-01 
2025-07-13 13:03:33,783 - INFO - <epoch:  0, iter:     200, lr:1.000e-04> l_forw_fit: 4.1885e+02 l_msg: 2.5719e-01 
25-07-13 13:04:06.643 - INFO: <epoch:  0, iter:     300, lr:1.000e-04> l_forw_fit: 2.5855e+02 l_msg: 2.5032e-01 
2025-07-13 13:04:06,643 - INFO - <epoch:  0, iter:     300, lr:1.000e-04> l_forw_fit: 2.5855e+02 l_msg: 2.5032e-01 
25-07-13 13:04:44.654 - INFO: <epoch:  0, iter:     400, lr:1.000e-04> l_forw_fit: 1.8891e+02 l_msg: 2.5224e-01 
2025-07-13 13:04:44,654 - INFO - <epoch:  0, iter:     400, lr:1.000e-04> l_forw_fit: 1.8891e+02 l_msg: 2.5224e-01 
25-07-13 13:05:06.301 - INFO: <epoch:  0, iter:     500, lr:1.000e-04> l_forw_fit: 1.3235e+02 l_msg: 2.5040e-01 
2025-07-13 13:05:06,301 - INFO - <epoch:  0, iter:     500, lr:1.000e-04> l_forw_fit: 1.3235e+02 l_msg: 2.5040e-01 
----- Start Validation with JPEG 70 for iteration 500 -----
Embed time: 0.22 seconds
Extract time: 0.08 seconds
0.5
Embed time: 0.04 seconds
Extract time: 0.01 seconds
0.5
Embed time: 0.01 seconds
Extract time: 0.01 seconds
0.5
Embed time: 0.01 seconds
Extract time: 0.01 seconds
0.6
Embed time: 0.06 seconds
Extract time: 0.01 seconds
0.4
Embed time: 0.01 seconds
Extract time: 0.01 seconds
0.4
Embed time: 0.06 seconds
Extract time: 0.01 seconds
0.4
Embed time: 0.06 seconds
Extract time: 0.01 seconds
0.5333333333333333
Embed time: 0.01 seconds
Extract time: 0.01 seconds
0.5333333333333333
Embed time: 0.06 seconds
Extract time: 0.01 seconds
0.6666666666666666
Embed time: 0.05 seconds
Extract time: 0.01 seconds
0.5
Embed time: 0.01 seconds
Extract time: 0.01 seconds
0.6
Embed time: 0.07 seconds
Extract time: 0.01 seconds
0.5666666666666667
Embed time: 0.06 seconds
Extract time: 0.01 seconds
0.4666666666666667
Embed time: 0.01 seconds
Extract time: 0.01 seconds
0.4666666666666667
Embed time: 0.06 seconds
Extract time: 0.01 seconds
0.4666666666666667
Embed time: 0.01 seconds
Extract time: 0.01 seconds
0.6333333333333333
Embed time: 0.06 seconds
Extract time: 0.01 seconds
0.5
Embed time: 0.06 seconds
Extract time: 0.01 seconds
0.5333333333333333
Embed time: 0.01 seconds
Extract time: 0.01 seconds
0.4666666666666667
Embed time: 0.06 seconds
Extract time: 0.01 seconds
0.5333333333333333
Embed time: 0.01 seconds
Extract time: 0.01 seconds
0.5
Embed time: 0.01 seconds
Extract time: 0.01 seconds
0.36666666666666664
Embed time: 0.05 seconds
Extract time: 0.01 seconds
0.5
Embed time: 0.06 seconds
Extract time: 0.01 seconds
0.3
Embed time: 0.01 seconds
Extract time: 0.01 seconds
0.4666666666666667
Embed time: 0.06 seconds
Extract time: 0.02 seconds
0.5
Embed time: 0.09 seconds
Extract time: 0.01 seconds
0.5333333333333333
Embed time: 0.05 seconds
Extract time: 0.01 seconds
0.4666666666666667
Embed time: 0.01 seconds
Extract time: 0.01 seconds
0.5
Embed time: 0.05 seconds
Extract time: 0.01 seconds
0.4666666666666667
Embed time: 0.06 seconds
Extract time: 0.01 seconds
0.43333333333333335
Embed time: 0.01 seconds
Extract time: 0.01 seconds
0.43333333333333335
Embed time: 0.06 seconds
Extract time: 0.01 seconds
0.5
Embed time: 0.01 seconds
Extract time: 0.01 seconds
0.36666666666666664
Embed time: 0.07 seconds
Extract time: 0.01 seconds
0.5333333333333333
Embed time: 0.06 seconds
Extract time: 0.01 seconds
0.6
Embed time: 0.01 seconds
Extract time: 0.01 seconds
0.5333333333333333
Embed time: 0.06 seconds
Extract time: 0.01 seconds
0.43333333333333335
Embed time: 0.06 seconds
Extract time: 0.01 seconds
0.43333333333333335
Embed time: 0.01 seconds
Extract time: 0.01 seconds
0.5666666666666667
Embed time: 0.05 seconds
Extract time: 0.01 seconds
0.43333333333333335
Embed time: 0.06 seconds
Extract time: 0.01 seconds
0.6333333333333333
Embed time: 0.02 seconds
Extract time: 0.01 seconds
0.4
Embed time: 0.06 seconds
Extract time: 0.01 seconds
0.4666666666666667
Embed time: 0.01 seconds
Extract time: 0.01 seconds
0.5
Embed time: 0.05 seconds
Extract time: 0.01 seconds
0.43333333333333335
Embed time: 0.01 seconds
Extract time: 0.01 seconds
0.36666666666666664
Embed time: 0.06 seconds
Extract time: 0.02 seconds
0.4666666666666667
Embed time: 0.09 seconds
Extract time: 0.01 seconds
0.3333333333333333
Embed time: 0.06 seconds
Extract time: 0.01 seconds
0.5666666666666667
Embed time: 0.01 seconds
Extract time: 0.01 seconds
0.5
Embed time: 0.05 seconds
Extract time: 0.01 seconds
0.6333333333333333
Embed time: 0.01 seconds
Extract time: 0.01 seconds
0.5
Embed time: 0.06 seconds
Extract time: 0.01 seconds
0.6
Embed time: 0.01 seconds
Extract time: 0.01 seconds
0.6333333333333333
Embed time: 0.06 seconds
Extract time: 0.01 seconds
0.5333333333333333
Embed time: 0.05 seconds
Extract time: 0.01 seconds
0.4
Embed time: 0.01 seconds
Extract time: 0.01 seconds
0.5
Embed time: 0.06 seconds
Extract time: 0.01 seconds
0.4
Embed time: 0.01 seconds
Extract time: 0.01 seconds
0.4
Embed time: 0.05 seconds
Extract time: 0.01 seconds
0.4666666666666667
Embed time: 0.06 seconds
Extract time: 0.01 seconds
0.43333333333333335
Embed time: 0.01 seconds
Extract time: 0.02 seconds
0.5333333333333333
Embed time: 0.05 seconds
Extract time: 0.01 seconds
0.4666666666666667
Embed time: 0.01 seconds
Extract time: 0.01 seconds
0.4666666666666667
Embed time: 0.06 seconds
Extract time: 0.01 seconds
0.4666666666666667
Embed time: 0.02 seconds
Extract time: 0.02 seconds
0.5
Embed time: 0.04 seconds
Extract time: 0.01 seconds
0.5333333333333333
Embed time: 0.01 seconds
Extract time: 0.01 seconds
0.5333333333333333
Embed time: 0.05 seconds
Extract time: 0.01 seconds
0.5333333333333333
Embed time: 0.01 seconds
Extract time: 0.01 seconds
0.5
Embed time: 0.06 seconds
Extract time: 0.01 seconds
0.5333333333333333
Embed time: 0.01 seconds
Extract time: 0.01 seconds
0.4666666666666667
Embed time: 0.06 seconds
Extract time: 0.01 seconds
0.5
Embed time: 0.05 seconds
Extract time: 0.01 seconds
0.6666666666666666
Embed time: 0.01 seconds
Extract time: 0.01 seconds
0.6
Embed time: 0.06 seconds
Extract time: 0.01 seconds
0.7
Embed time: 0.01 seconds
Extract time: 0.01 seconds
0.36666666666666664
Embed time: 0.06 seconds
Extract time: 0.01 seconds
0.6666666666666666
Embed time: 0.01 seconds
Extract time: 0.01 seconds
0.6333333333333333
Embed time: 0.01 seconds
Extract time: 0.01 seconds
0.36666666666666664
Embed time: 0.06 seconds
Extract time: 0.01 seconds
0.3
Embed time: 0.01 seconds
Extract time: 0.01 seconds
0.4
Embed time: 0.06 seconds
Extract time: 0.01 seconds
0.5666666666666667
Embed time: 0.05 seconds
Extract time: 0.01 seconds
0.4666666666666667
Embed time: 0.01 seconds
Extract time: 0.01 seconds
0.5
Embed time: 0.06 seconds
Extract time: 0.01 seconds
0.5333333333333333
Embed time: 0.06 seconds
Extract time: 0.01 seconds
0.6333333333333333
Embed time: 0.01 seconds
Extract time: 0.01 seconds
0.36666666666666664
Embed time: 0.06 seconds
Extract time: 0.01 seconds
0.43333333333333335
Embed time: 0.06 seconds
Extract time: 0.01 seconds
0.5
Embed time: 0.01 seconds
Extract time: 0.01 seconds
0.5666666666666667
Embed time: 0.06 seconds
Extract time: 0.01 seconds
0.5666666666666667
Embed time: 0.01 seconds
Extract time: 0.01 seconds
0.43333333333333335
Embed time: 0.06 seconds
Extract time: 0.01 seconds
0.5
Embed time: 0.06 seconds
Extract time: 0.01 seconds
0.6
Embed time: 0.01 seconds
Extract time: 0.01 seconds
0.5333333333333333
Embed time: 0.06 seconds
Extract time: 0.01 seconds
0.5
Embed time: 0.01 seconds
Extract time: 0.01 seconds
0.4
25-07-13 13:05:20.743 - INFO: # Validation JPEG for iteration 500 # PSNR_Stego: 2.4038e+01, Bit_acc: 4.9633e-01
2025-07-13 13:05:20,743 - INFO - # Validation JPEG for iteration 500 # PSNR_Stego: 2.4038e+01, Bit_acc: 4.9633e-01
25-07-13 13:05:20.744 - INFO: <epoch:  0, iter:     500> PSNR_Stego: 2.4038e+01, Bit_acc:  4.9633e-01
2025-07-13 13:05:20,744 - INFO - <epoch:  0, iter:     500> PSNR_Stego: 2.4038e+01, Bit_acc:  4.9633e-01
----- End Validation with JPEG 70 for iteration 500 -----
----- Start Validation with Gaussian Noise 10 for iteration 500 -----
Embed time: 0.03 seconds
Extract time: 0.03 seconds
0.4
Embed time: 0.08 seconds
Extract time: 0.01 seconds
0.43333333333333335
Embed time: 0.01 seconds
Extract time: 0.09 seconds
0.3333333333333333
Embed time: 0.09 seconds
Extract time: 0.01 seconds
0.5666666666666667
Embed time: 0.08 seconds
Extract time: 0.01 seconds
0.5
Embed time: 0.08 seconds
Extract time: 0.01 seconds
0.6333333333333333
Embed time: 0.01 seconds
Extract time: 0.01 seconds
0.3
Embed time: 0.01 seconds
Extract time: 0.01 seconds
0.6
Embed time: 0.01 seconds
Extract time: 0.01 seconds
0.5
Embed time: 0.08 seconds
Extract time: 0.01 seconds
0.7
Embed time: 0.08 seconds
Extract time: 0.01 seconds
0.4666666666666667
Embed time: 0.08 seconds
Extract time: 0.01 seconds
0.43333333333333335
Embed time: 0.07 seconds
Extract time: 0.01 seconds
0.43333333333333335
Embed time: 0.01 seconds
Extract time: 0.01 seconds
0.5
Embed time: 0.01 seconds
Extract time: 0.01 seconds
0.4
Embed time: 0.01 seconds
Extract time: 0.01 seconds
0.5666666666666667
Embed time: 0.01 seconds
Extract time: 0.02 seconds
0.5666666666666667
Embed time: 0.02 seconds
Extract time: 0.08 seconds
0.6
Embed time: 0.07 seconds
Extract time: 0.01 seconds
0.4666666666666667
Embed time: 0.07 seconds
Extract time: 0.01 seconds
0.6
Embed time: 0.08 seconds
Extract time: 0.01 seconds
0.5
Embed time: 0.08 seconds
Extract time: 0.01 seconds
0.23333333333333334
Embed time: 0.08 seconds
Extract time: 0.01 seconds
0.3333333333333333
Embed time: 0.01 seconds
Extract time: 0.01 seconds
0.5666666666666667
Embed time: 0.10 seconds
Extract time: 0.01 seconds
0.5
Embed time: 0.07 seconds
Extract time: 0.01 seconds
0.5333333333333333
Embed time: 0.08 seconds
Extract time: 0.01 seconds
0.4666666666666667
Embed time: 0.01 seconds
Extract time: 0.01 seconds
0.5333333333333333
Embed time: 0.09 seconds
Extract time: 0.01 seconds
0.4
Embed time: 0.08 seconds
Extract time: 0.01 seconds
0.6
Embed time: 0.07 seconds
Extract time: 0.01 seconds
0.6
Embed time: 0.01 seconds
Extract time: 0.01 seconds
0.4
Embed time: 0.01 seconds
Extract time: 0.09 seconds
0.3333333333333333
Embed time: 0.08 seconds
Extract time: 0.01 seconds
0.5666666666666667
Embed time: 0.01 seconds
Extract time: 0.09 seconds
0.6
Embed time: 0.01 seconds
Extract time: 0.08 seconds
0.4
Embed time: 0.08 seconds
Extract time: 0.01 seconds
0.6
Embed time: 0.07 seconds
Extract time: 0.01 seconds
0.6
Embed time: 0.08 seconds
Extract time: 0.01 seconds
0.5333333333333333
Embed time: 0.01 seconds
Extract time: 0.01 seconds
0.5333333333333333
Embed time: 0.01 seconds
Extract time: 0.01 seconds
0.43333333333333335
Embed time: 0.01 seconds
Extract time: 0.09 seconds
0.4666666666666667
Embed time: 0.08 seconds
Extract time: 0.01 seconds
0.5666666666666667
Embed time: 0.08 seconds
Extract time: 0.01 seconds
0.5
Embed time: 0.08 seconds
Extract time: 0.01 seconds
0.5
Embed time: 0.08 seconds
Extract time: 0.01 seconds
0.4
Embed time: 0.08 seconds
Extract time: 0.01 seconds
0.5
Embed time: 0.07 seconds
Extract time: 0.01 seconds
0.6333333333333333
Embed time: 0.01 seconds
Extract time: 0.01 seconds
0.6
Embed time: 0.01 seconds
Extract time: 0.01 seconds
0.5
Embed time: 0.01 seconds
Extract time: 0.09 seconds
0.4666666666666667
Embed time: 0.08 seconds
Extract time: 0.01 seconds
0.5333333333333333
Embed time: 0.07 seconds
Extract time: 0.01 seconds
0.6
Embed time: 0.07 seconds
Extract time: 0.01 seconds
0.5666666666666667
Embed time: 0.01 seconds
Extract time: 0.01 seconds
0.43333333333333335
Embed time: 0.01 seconds
Extract time: 0.09 seconds
0.43333333333333335
Embed time: 0.08 seconds
Extract time: 0.02 seconds
0.6
Embed time: 0.07 seconds
Extract time: 0.02 seconds
0.6333333333333333
Embed time: 0.01 seconds
Extract time: 0.08 seconds
0.5333333333333333
Embed time: 0.09 seconds
Extract time: 0.02 seconds
0.43333333333333335
Embed time: 0.02 seconds
Extract time: 0.01 seconds
0.6333333333333333
Embed time: 0.09 seconds
Extract time: 0.01 seconds
0.6
Embed time: 0.08 seconds
Extract time: 0.01 seconds
0.3
Embed time: 0.09 seconds
Extract time: 0.01 seconds
0.43333333333333335
Embed time: 0.07 seconds
Extract time: 0.01 seconds
0.36666666666666664
Embed time: 0.01 seconds
Extract time: 0.01 seconds
0.5666666666666667
Embed time: 0.01 seconds
Extract time: 0.01 seconds
0.6333333333333333
Embed time: 0.08 seconds
Extract time: 0.01 seconds
0.4666666666666667
Embed time: 0.08 seconds
Extract time: 0.01 seconds
0.4666666666666667
Embed time: 0.01 seconds
Extract time: 0.01 seconds
0.36666666666666664
Embed time: 0.01 seconds
Extract time: 0.09 seconds
0.4
Embed time: 0.01 seconds
Extract time: 0.01 seconds
0.5666666666666667
Embed time: 0.08 seconds
Extract time: 0.01 seconds
0.6
Embed time: 0.08 seconds
Extract time: 0.01 seconds
0.26666666666666666
Embed time: 0.08 seconds
Extract time: 0.01 seconds
0.6333333333333333
Embed time: 0.08 seconds
Extract time: 0.01 seconds
0.4666666666666667
Embed time: 0.08 seconds
Extract time: 0.01 seconds
0.5
Embed time: 0.07 seconds
Extract time: 0.01 seconds
0.6666666666666666
Embed time: 0.08 seconds
Extract time: 0.01 seconds
0.5666666666666667
Embed time: 0.01 seconds
Extract time: 0.01 seconds
0.43333333333333335
Embed time: 0.01 seconds
Extract time: 0.01 seconds
0.5
Embed time: 0.01 seconds
Extract time: 0.08 seconds
0.6
Embed time: 0.01 seconds
Extract time: 0.08 seconds
0.5333333333333333
Embed time: 0.07 seconds
Extract time: 0.01 seconds
0.4
Embed time: 0.08 seconds
Extract time: 0.01 seconds
0.6666666666666666
Embed time: 0.01 seconds
Extract time: 0.08 seconds
0.43333333333333335
Embed time: 0.01 seconds
Extract time: 0.01 seconds
0.3333333333333333
Embed time: 0.08 seconds
Extract time: 0.01 seconds
0.6333333333333333
Embed time: 0.01 seconds
Extract time: 0.01 seconds
0.4
Embed time: 0.09 seconds
Extract time: 0.01 seconds
0.4
Embed time: 0.08 seconds
Extract time: 0.01 seconds
0.36666666666666664
Embed time: 0.08 seconds
Extract time: 0.01 seconds
0.5
Embed time: 0.01 seconds
Extract time: 0.01 seconds
0.4666666666666667
Embed time: 0.08 seconds
Extract time: 0.01 seconds
0.36666666666666664
Embed time: 0.01 seconds
Extract time: 0.01 seconds
0.6
Embed time: 0.01 seconds
Extract time: 0.08 seconds
0.5
Embed time: 0.01 seconds
Extract time: 0.01 seconds
0.4
Embed time: 0.07 seconds
Extract time: 0.01 seconds
0.6333333333333333
Embed time: 0.08 seconds
Extract time: 0.01 seconds
0.5666666666666667
Embed time: 0.07 seconds
Extract time: 0.01 seconds
0.5333333333333333
25-07-13 13:05:33.018 - INFO: # Validation Gaussian Noise for iteration 500 # PSNR_Stego: 1.1506e+01, Bit_acc: 2.5215e-01
2025-07-13 13:05:33,018 - INFO - # Validation Gaussian Noise for iteration 500 # PSNR_Stego: 1.1506e+01, Bit_acc: 2.5215e-01
25-07-13 13:05:33.018 - INFO: <epoch:  0, iter:     500> PSNR_Stego: 1.1506e+01, Bit_acc:  2.5215e-01
2025-07-13 13:05:33,018 - INFO - <epoch:  0, iter:     500> PSNR_Stego: 1.1506e+01, Bit_acc:  2.5215e-01
----- End Validation with Gaussian Noise 10 for iteration 500 -----
25-07-13 13:05:33.019 - INFO: Saving models and training states.
2025-07-13 13:05:33,019 - INFO - Saving models and training states.
Checkpoint save path: /workspace/EditGuard-V1/experiments/train_ibsn_bit_64/models/500_G.pth

===== Checkpoint State Path: /workspace/EditGuard-V1/experiments/train_ibsn_bit_64/training_state/500.state =====

========== Epoch: 1 ==========
25-07-13 13:07:38.200 - INFO: <epoch:  1, iter:     600, lr:1.000e-04> l_forw_fit: 1.4270e+02 l_msg: 2.5201e-01 
2025-07-13 13:07:38,200 - INFO - <epoch:  1, iter:     600, lr:1.000e-04> l_forw_fit: 1.4270e+02 l_msg: 2.5201e-01 
25-07-13 13:08:04.975 - INFO: <epoch:  1, iter:     700, lr:1.000e-04> l_forw_fit: 1.0403e+02 l_msg: 2.4955e-01 
2025-07-13 13:08:04,975 - INFO - <epoch:  1, iter:     700, lr:1.000e-04> l_forw_fit: 1.0403e+02 l_msg: 2.4955e-01 
25-07-13 13:08:30.351 - INFO: <epoch:  1, iter:     800, lr:1.000e-04> l_forw_fit: 8.7189e+01 l_msg: 2.4973e-01 
2025-07-13 13:08:30,351 - INFO - <epoch:  1, iter:     800, lr:1.000e-04> l_forw_fit: 8.7189e+01 l_msg: 2.4973e-01 
25-07-13 13:09:02.102 - INFO: <epoch:  1, iter:     900, lr:1.000e-04> l_forw_fit: 1.0670e+02 l_msg: 2.4604e-01 
2025-07-13 13:09:02,102 - INFO - <epoch:  1, iter:     900, lr:1.000e-04> l_forw_fit: 1.0670e+02 l_msg: 2.4604e-01 
25-07-13 13:09:23.832 - INFO: <epoch:  1, iter:   1,000, lr:1.000e-04> l_forw_fit: 1.3012e+02 l_msg: 2.4392e-01 
2025-07-13 13:09:23,832 - INFO - <epoch:  1, iter:   1,000, lr:1.000e-04> l_forw_fit: 1.3012e+02 l_msg: 2.4392e-01 
----- Start Validation with JPEG 70 for iteration 1000 -----
Embed time: 0.03 seconds
Extract time: 0.01 seconds
0.36666666666666664
Embed time: 0.08 seconds
Extract time: 0.01 seconds
0.5
Embed time: 0.02 seconds
Extract time: 0.01 seconds
0.36666666666666664
Embed time: 0.06 seconds
Extract time: 0.02 seconds
0.3333333333333333
Embed time: 0.01 seconds
Extract time: 0.01 seconds
0.5
Embed time: 0.05 seconds
Extract time: 0.01 seconds
0.5333333333333333
Embed time: 0.02 seconds
Extract time: 0.01 seconds
0.3333333333333333
Embed time: 0.06 seconds
Extract time: 0.02 seconds
0.3333333333333333
Embed time: 0.01 seconds
Extract time: 0.01 seconds
0.4666666666666667
Embed time: 0.05 seconds
Extract time: 0.01 seconds
0.3333333333333333
Embed time: 0.01 seconds
Extract time: 0.02 seconds
0.36666666666666664
Embed time: 0.02 seconds
Extract time: 0.02 seconds
0.23333333333333334
Embed time: 0.02 seconds
Extract time: 0.02 seconds
0.4
Embed time: 0.02 seconds
Extract time: 0.01 seconds
0.5
Embed time: 0.01 seconds
Extract time: 0.01 seconds
0.3333333333333333
Embed time: 0.06 seconds
Extract time: 0.01 seconds
0.4666666666666667
Embed time: 0.06 seconds
Extract time: 0.01 seconds
0.36666666666666664
Embed time: 0.01 seconds
Extract time: 0.01 seconds
0.3333333333333333
Embed time: 0.01 seconds
Extract time: 0.01 seconds
0.36666666666666664
Embed time: 0.06 seconds
Extract time: 0.01 seconds
0.3333333333333333
Embed time: 0.01 seconds
Extract time: 0.01 seconds
0.4666666666666667
Embed time: 0.01 seconds
Extract time: 0.01 seconds
0.6333333333333333
Embed time: 0.06 seconds
Extract time: 0.01 seconds
0.5
Embed time: 0.01 seconds
Extract time: 0.01 seconds
0.4666666666666667
Embed time: 0.07 seconds
Extract time: 0.01 seconds
0.43333333333333335
Embed time: 0.06 seconds
Extract time: 0.01 seconds
0.26666666666666666
Embed time: 0.01 seconds
Extract time: 0.01 seconds
0.6
Embed time: 0.06 seconds
Extract time: 0.01 seconds
0.43333333333333335
Embed time: 0.04 seconds
Extract time: 0.02 seconds
0.6
Embed time: 0.06 seconds
Extract time: 0.02 seconds
0.6
Embed time: 0.01 seconds
Extract time: 0.01 seconds
0.4666666666666667
Embed time: 0.06 seconds
Extract time: 0.01 seconds
0.4666666666666667
Embed time: 0.05 seconds
Extract time: 0.01 seconds
0.5666666666666667
Embed time: 0.01 seconds
Extract time: 0.01 seconds
0.6
Embed time: 0.03 seconds
Extract time: 0.01 seconds
0.4
Embed time: 0.01 seconds
Extract time: 0.01 seconds
0.3333333333333333
Embed time: 0.04 seconds
Extract time: 0.01 seconds
0.5333333333333333
Embed time: 0.05 seconds
Extract time: 0.01 seconds
0.4666666666666667
Embed time: 0.10 seconds
Extract time: 0.01 seconds
0.4666666666666667
Embed time: 0.05 seconds
Extract time: 0.01 seconds
0.5333333333333333
Embed time: 0.01 seconds
Extract time: 0.01 seconds
0.4
Embed time: 0.05 seconds
Extract time: 0.02 seconds
0.5333333333333333
Embed time: 0.02 seconds
Extract time: 0.01 seconds
0.5333333333333333
Embed time: 0.06 seconds
Extract time: 0.01 seconds
0.43333333333333335
Embed time: 0.05 seconds
Extract time: 0.01 seconds
0.43333333333333335
Embed time: 0.01 seconds
Extract time: 0.01 seconds
0.43333333333333335
Embed time: 0.06 seconds
Extract time: 0.01 seconds
0.26666666666666666
Embed time: 0.01 seconds
Extract time: 0.01 seconds
0.26666666666666666
Embed time: 0.05 seconds
Extract time: 0.01 seconds
0.4666666666666667
Embed time: 0.06 seconds
Extract time: 0.01 seconds
0.4666666666666667
Embed time: 0.01 seconds
Extract time: 0.02 seconds
0.6
Embed time: 0.05 seconds
Extract time: 0.02 seconds
0.6666666666666666
Embed time: 0.08 seconds
Extract time: 0.01 seconds
0.4
Embed time: 0.05 seconds
Extract time: 0.01 seconds
0.5
Embed time: 0.01 seconds
Extract time: 0.01 seconds
0.4666666666666667
Embed time: 0.06 seconds
Extract time: 0.01 seconds
0.4
Embed time: 0.05 seconds
Extract time: 0.01 seconds
0.5
Embed time: 0.01 seconds
Extract time: 0.01 seconds
0.6333333333333333
Embed time: 0.05 seconds
Extract time: 0.01 seconds
0.5333333333333333
Embed time: 0.05 seconds
Extract time: 0.01 seconds
0.43333333333333335
Embed time: 0.10 seconds
Extract time: 0.01 seconds
0.26666666666666666
Embed time: 0.04 seconds
Extract time: 0.01 seconds
0.4
Embed time: 0.10 seconds
Extract time: 0.01 seconds
0.43333333333333335
Embed time: 0.04 seconds
Extract time: 0.01 seconds
0.5666666666666667
Embed time: 0.01 seconds
Extract time: 0.01 seconds
0.4
Embed time: 0.06 seconds
Extract time: 0.01 seconds
0.5
Embed time: 0.05 seconds
Extract time: 0.01 seconds
0.7333333333333333
Embed time: 0.10 seconds
Extract time: 0.01 seconds
0.5
Embed time: 0.05 seconds
Extract time: 0.01 seconds
0.6
Embed time: 0.01 seconds
Extract time: 0.01 seconds
0.5333333333333333
Embed time: 0.08 seconds
Extract time: 0.02 seconds
0.43333333333333335
Embed time: 0.01 seconds
Extract time: 0.01 seconds
0.4666666666666667
Embed time: 0.05 seconds
Extract time: 0.01 seconds
0.6
Embed time: 0.01 seconds
Extract time: 0.01 seconds
0.43333333333333335
Embed time: 0.06 seconds
Extract time: 0.01 seconds
0.3333333333333333
Embed time: 0.06 seconds
Extract time: 0.01 seconds
0.5
Embed time: 0.01 seconds
Extract time: 0.01 seconds
0.6
Embed time: 0.06 seconds
Extract time: 0.02 seconds
0.3333333333333333
Embed time: 0.01 seconds
Extract time: 0.01 seconds
0.3333333333333333
Embed time: 0.01 seconds
Extract time: 0.01 seconds
0.3333333333333333
Embed time: 0.05 seconds
Extract time: 0.01 seconds
0.5
Embed time: 0.05 seconds
Extract time: 0.01 seconds
0.3333333333333333
Embed time: 0.01 seconds
Extract time: 0.01 seconds
0.4666666666666667
Embed time: 0.06 seconds
Extract time: 0.02 seconds
0.6333333333333333
Embed time: 0.01 seconds
Extract time: 0.02 seconds
0.3
Embed time: 0.04 seconds
Extract time: 0.01 seconds
0.5
Embed time: 0.05 seconds
Extract time: 0.01 seconds
0.4
Embed time: 0.02 seconds
Extract time: 0.02 seconds
0.4666666666666667
Embed time: 0.02 seconds
Extract time: 0.02 seconds
0.36666666666666664
Embed time: 0.09 seconds
Extract time: 0.02 seconds
0.4
Embed time: 0.02 seconds
Extract time: 0.02 seconds
0.5333333333333333
Embed time: 0.10 seconds
Extract time: 0.02 seconds
0.5666666666666667
Embed time: 0.08 seconds
Extract time: 0.02 seconds
0.43333333333333335
Embed time: 0.02 seconds
Extract time: 0.01 seconds
0.5
Embed time: 0.03 seconds
Extract time: 0.02 seconds
0.5666666666666667
Embed time: 0.02 seconds
Extract time: 0.02 seconds
0.3
Embed time: 0.05 seconds
Extract time: 0.01 seconds
0.6333333333333333
Embed time: 0.09 seconds
Extract time: 0.01 seconds
0.4666666666666667
Embed time: 0.01 seconds
Extract time: 0.01 seconds
0.36666666666666664
Embed time: 0.05 seconds
Extract time: 0.01 seconds
0.43333333333333335
25-07-13 13:09:38.413 - INFO: # Validation JPEG for iteration 1000 # PSNR_Stego: 2.6552e+01, Bit_acc: 4.5433e-01
2025-07-13 13:09:38,413 - INFO - # Validation JPEG for iteration 1000 # PSNR_Stego: 2.6552e+01, Bit_acc: 4.5433e-01
25-07-13 13:09:38.414 - INFO: <epoch:  1, iter:   1,000> PSNR_Stego: 2.6552e+01, Bit_acc:  4.5433e-01
2025-07-13 13:09:38,414 - INFO - <epoch:  1, iter:   1,000> PSNR_Stego: 2.6552e+01, Bit_acc:  4.5433e-01
----- End Validation with JPEG 70 for iteration 1000 -----
----- Start Validation with Gaussian Noise 10 for iteration 1000 -----
Embed time: 0.06 seconds
Extract time: 0.02 seconds
0.6
Embed time: 0.02 seconds
Extract time: 0.01 seconds
0.4666666666666667
Embed time: 0.10 seconds
Extract time: 0.01 seconds
0.4666666666666667
Embed time: 0.02 seconds
Extract time: 0.01 seconds
0.5333333333333333
Embed time: 0.08 seconds
Extract time: 0.02 seconds
0.5
Embed time: 0.01 seconds
Extract time: 0.09 seconds
0.3333333333333333
Embed time: 0.08 seconds
Extract time: 0.01 seconds
0.5333333333333333
Embed time: 0.08 seconds
Extract time: 0.01 seconds
0.4
Embed time: 0.01 seconds
Extract time: 0.09 seconds
0.26666666666666666
Embed time: 0.09 seconds
Extract time: 0.01 seconds
0.3333333333333333
Embed time: 0.09 seconds
Extract time: 0.01 seconds
0.5
Embed time: 0.07 seconds
Extract time: 0.01 seconds
0.3
Embed time: 0.01 seconds
Extract time: 0.01 seconds
0.26666666666666666
Embed time: 0.09 seconds
Extract time: 0.01 seconds
0.43333333333333335
Embed time: 0.08 seconds
Extract time: 0.01 seconds
0.3333333333333333
Embed time: 0.09 seconds
Extract time: 0.01 seconds
0.5
Embed time: 0.07 seconds
Extract time: 0.01 seconds
0.5333333333333333
Embed time: 0.01 seconds
Extract time: 0.02 seconds
0.36666666666666664
Embed time: 0.01 seconds
Extract time: 0.08 seconds
0.4666666666666667
Embed time: 0.08 seconds
Extract time: 0.01 seconds
0.5
Embed time: 0.01 seconds
Extract time: 0.01 seconds
0.5666666666666667
Embed time: 0.01 seconds
Extract time: 0.09 seconds
0.4666666666666667
Embed time: 0.09 seconds
Extract time: 0.01 seconds
0.43333333333333335
Embed time: 0.08 seconds
Extract time: 0.01 seconds
0.5
Embed time: 0.07 seconds
Extract time: 0.01 seconds
0.36666666666666664
Embed time: 0.01 seconds
Extract time: 0.09 seconds
0.43333333333333335
Embed time: 0.08 seconds
Extract time: 0.01 seconds
0.5
Embed time: 0.08 seconds
Extract time: 0.01 seconds
0.4666666666666667
Embed time: 0.01 seconds
Extract time: 0.01 seconds
0.4666666666666667
Embed time: 0.01 seconds
Extract time: 0.01 seconds
0.5666666666666667
Embed time: 0.07 seconds
Extract time: 0.01 seconds
0.36666666666666664
Embed time: 0.08 seconds
Extract time: 0.01 seconds
0.4666666666666667
Embed time: 0.01 seconds
Extract time: 0.08 seconds
0.4
Embed time: 0.09 seconds
Extract time: 0.01 seconds
0.5666666666666667
Embed time: 0.08 seconds
Extract time: 0.01 seconds
0.4666666666666667
Embed time: 0.01 seconds
Extract time: 0.01 seconds
0.4
Embed time: 0.01 seconds
Extract time: 0.08 seconds
0.3333333333333333
Embed time: 0.01 seconds
Extract time: 0.01 seconds
0.4666666666666667
Embed time: 0.08 seconds
Extract time: 0.01 seconds
0.5333333333333333
Embed time: 0.08 seconds
Extract time: 0.01 seconds
0.5333333333333333
Embed time: 0.09 seconds
Extract time: 0.01 seconds
0.6
Embed time: 0.07 seconds
Extract time: 0.01 seconds
0.4666666666666667
Embed time: 0.01 seconds
Extract time: 0.01 seconds
0.2
Embed time: 0.01 seconds
Extract time: 0.08 seconds
0.36666666666666664
Embed time: 0.08 seconds
Extract time: 0.01 seconds
0.43333333333333335
Embed time: 0.08 seconds
Extract time: 0.01 seconds
0.43333333333333335
Embed time: 0.01 seconds
Extract time: 0.01 seconds
0.4
Embed time: 0.01 seconds
Extract time: 0.09 seconds
0.43333333333333335
Embed time: 0.08 seconds
Extract time: 0.01 seconds
0.4666666666666667
Embed time: 0.08 seconds
Extract time: 0.01 seconds
0.5
Embed time: 0.09 seconds
Extract time: 0.01 seconds
0.5333333333333333
Embed time: 0.07 seconds
Extract time: 0.01 seconds
0.4666666666666667
Embed time: 0.01 seconds
Extract time: 0.01 seconds
0.5
Embed time: 0.09 seconds
Extract time: 0.01 seconds
0.5333333333333333
Embed time: 0.08 seconds
Extract time: 0.01 seconds
0.5
Embed time: 0.01 seconds
Extract time: 0.08 seconds
0.3333333333333333
Embed time: 0.08 seconds
Extract time: 0.01 seconds
0.43333333333333335
Embed time: 0.08 seconds
Extract time: 0.01 seconds
0.4
Embed time: 0.01 seconds
Extract time: 0.09 seconds
0.5
Embed time: 0.08 seconds
Extract time: 0.01 seconds
0.26666666666666666
Embed time: 0.08 seconds
Extract time: 0.01 seconds
0.43333333333333335
Embed time: 0.01 seconds
Extract time: 0.01 seconds
0.4666666666666667
Embed time: 0.09 seconds
Extract time: 0.01 seconds
0.4
Embed time: 0.08 seconds
Extract time: 0.01 seconds
0.4666666666666667
Embed time: 0.01 seconds
Extract time: 0.09 seconds
0.3333333333333333
Embed time: 0.08 seconds
Extract time: 0.01 seconds
0.5333333333333333
Embed time: 0.01 seconds
Extract time: 0.01 seconds
0.43333333333333335
Embed time: 0.07 seconds
Extract time: 0.01 seconds
0.3333333333333333
Embed time: 0.01 seconds
Extract time: 0.09 seconds
0.7
Embed time: 0.01 seconds
Extract time: 0.01 seconds
0.6
Embed time: 0.09 seconds
Extract time: 0.01 seconds
0.36666666666666664
Embed time: 0.02 seconds
Extract time: 0.08 seconds
0.5
Embed time: 0.07 seconds
Extract time: 0.01 seconds
0.4
Embed time: 0.07 seconds
Extract time: 0.01 seconds
0.3
Embed time: 0.02 seconds
Extract time: 0.09 seconds
0.5
Embed time: 0.08 seconds
Extract time: 0.01 seconds
0.4
Embed time: 0.01 seconds
Extract time: 0.09 seconds
0.43333333333333335
Embed time: 0.09 seconds
Extract time: 0.01 seconds
0.3333333333333333
Embed time: 0.01 seconds
Extract time: 0.08 seconds
0.5666666666666667
Embed time: 0.08 seconds
Extract time: 0.01 seconds
0.4666666666666667
Embed time: 0.08 seconds
Extract time: 0.01 seconds
0.4666666666666667
Embed time: 0.01 seconds
Extract time: 0.09 seconds
0.3333333333333333
Embed time: 0.07 seconds
Extract time: 0.01 seconds
0.5666666666666667
Embed time: 0.09 seconds
Extract time: 0.09 seconds
0.5666666666666667
Embed time: 0.08 seconds
Extract time: 0.01 seconds
0.5333333333333333
Embed time: 0.08 seconds
Extract time: 0.01 seconds
0.6
Embed time: 0.09 seconds
Extract time: 0.01 seconds
0.5
Embed time: 0.01 seconds
Extract time: 0.01 seconds
0.4
Embed time: 0.10 seconds
Extract time: 0.01 seconds
0.5
Embed time: 0.07 seconds
Extract time: 0.01 seconds
0.5333333333333333
Embed time: 0.01 seconds
Extract time: 0.01 seconds
0.4
Embed time: 0.01 seconds
Extract time: 0.08 seconds
0.4666666666666667
Embed time: 0.08 seconds
Extract time: 0.01 seconds
0.43333333333333335
Embed time: 0.09 seconds
Extract time: 0.01 seconds
0.5
Embed time: 0.01 seconds
Extract time: 0.09 seconds
0.5333333333333333
Embed time: 0.08 seconds
Extract time: 0.01 seconds
0.5
Embed time: 0.08 seconds
Extract time: 0.01 seconds
0.3333333333333333
Embed time: 0.01 seconds
Extract time: 0.01 seconds
0.3333333333333333
Embed time: 0.01 seconds
Extract time: 0.01 seconds
0.6
Embed time: 0.01 seconds
Extract time: 0.01 seconds
0.6
25-07-13 13:09:52.105 - INFO: # Validation Gaussian Noise for iteration 1000 # PSNR_Stego: 1.2926e+01, Bit_acc: 2.2911e-01
2025-07-13 13:09:52,105 - INFO - # Validation Gaussian Noise for iteration 1000 # PSNR_Stego: 1.2926e+01, Bit_acc: 2.2911e-01
25-07-13 13:09:52.106 - INFO: <epoch:  1, iter:   1,000> PSNR_Stego: 1.2926e+01, Bit_acc:  2.2911e-01
2025-07-13 13:09:52,106 - INFO - <epoch:  1, iter:   1,000> PSNR_Stego: 1.2926e+01, Bit_acc:  2.2911e-01
----- End Validation with Gaussian Noise 10 for iteration 1000 -----
25-07-13 13:09:52.107 - INFO: Saving models and training states.
2025-07-13 13:09:52,107 - INFO - Saving models and training states.
Checkpoint save path: /workspace/EditGuard-V1/experiments/train_ibsn_bit_64/models/1000_G.pth

===== Checkpoint State Path: /workspace/EditGuard-V1/experiments/train_ibsn_bit_64/training_state/1000.state =====

========== Epoch: 2 ==========
25-07-13 13:12:11.746 - INFO: <epoch:  2, iter:   1,100, lr:1.000e-04> l_forw_fit: 8.5326e+01 l_msg: 2.0741e-01 
2025-07-13 13:12:11,746 - INFO - <epoch:  2, iter:   1,100, lr:1.000e-04> l_forw_fit: 8.5326e+01 l_msg: 2.0741e-01 
25-07-13 13:12:38.047 - INFO: <epoch:  2, iter:   1,200, lr:1.000e-04> l_forw_fit: 6.2757e+01 l_msg: 1.1867e-01 
2025-07-13 13:12:38,047 - INFO - <epoch:  2, iter:   1,200, lr:1.000e-04> l_forw_fit: 6.2757e+01 l_msg: 1.1867e-01 
25-07-13 13:13:05.292 - INFO: <epoch:  2, iter:   1,300, lr:1.000e-04> l_forw_fit: 7.2505e+01 l_msg: 4.5541e-02 
2025-07-13 13:13:05,292 - INFO - <epoch:  2, iter:   1,300, lr:1.000e-04> l_forw_fit: 7.2505e+01 l_msg: 4.5541e-02 
25-07-13 13:13:37.291 - INFO: <epoch:  2, iter:   1,400, lr:1.000e-04> l_forw_fit: 9.4914e+01 l_msg: 2.9346e-02 
2025-07-13 13:13:37,291 - INFO - <epoch:  2, iter:   1,400, lr:1.000e-04> l_forw_fit: 9.4914e+01 l_msg: 2.9346e-02 
25-07-13 13:13:59.970 - INFO: <epoch:  2, iter:   1,500, lr:1.000e-04> l_forw_fit: 5.6820e+01 l_msg: 3.4459e-02 
2025-07-13 13:13:59,970 - INFO - <epoch:  2, iter:   1,500, lr:1.000e-04> l_forw_fit: 5.6820e+01 l_msg: 3.4459e-02 
----- Start Validation with JPEG 70 for iteration 1500 -----
Embed time: 0.04 seconds
Extract time: 0.02 seconds
0.0
Embed time: 0.09 seconds
Extract time: 0.01 seconds
0.13333333333333333
Embed time: 0.05 seconds
Extract time: 0.01 seconds
0.16666666666666666
Embed time: 0.01 seconds
Extract time: 0.01 seconds
0.03333333333333333
Embed time: 0.06 seconds
Extract time: 0.01 seconds
0.26666666666666666
Embed time: 0.01 seconds
Extract time: 0.02 seconds
0.0
Embed time: 0.04 seconds
Extract time: 0.01 seconds
0.23333333333333334
Embed time: 0.01 seconds
Extract time: 0.01 seconds
0.0
Embed time: 0.06 seconds
Extract time: 0.01 seconds
0.06666666666666667
Embed time: 0.05 seconds
Extract time: 0.01 seconds
0.1
Embed time: 0.01 seconds
Extract time: 0.01 seconds
0.03333333333333333
Embed time: 0.06 seconds
Extract time: 0.01 seconds
0.1
Embed time: 0.06 seconds
Extract time: 0.01 seconds
0.13333333333333333
Embed time: 0.01 seconds
Extract time: 0.01 seconds
0.0
Embed time: 0.06 seconds
Extract time: 0.01 seconds
0.0
Embed time: 0.05 seconds
Extract time: 0.01 seconds
0.03333333333333333
Embed time: 0.01 seconds
Extract time: 0.01 seconds
0.1
Embed time: 0.06 seconds
Extract time: 0.01 seconds
0.03333333333333333
Embed time: 0.06 seconds
Extract time: 0.01 seconds
0.06666666666666667
Embed time: 0.01 seconds
Extract time: 0.01 seconds
0.0
Embed time: 0.05 seconds
Extract time: 0.01 seconds
0.26666666666666666
Embed time: 0.02 seconds
Extract time: 0.01 seconds
0.2
Embed time: 0.07 seconds
Extract time: 0.01 seconds
0.1
Embed time: 0.05 seconds
Extract time: 0.01 seconds
0.16666666666666666
Embed time: 0.01 seconds
Extract time: 0.01 seconds
0.23333333333333334
Embed time: 0.05 seconds
Extract time: 0.01 seconds
0.06666666666666667
Embed time: 0.05 seconds
Extract time: 0.01 seconds
0.13333333333333333
Embed time: 0.01 seconds
Extract time: 0.01 seconds
0.1
Embed time: 0.06 seconds
Extract time: 0.01 seconds
0.06666666666666667
Embed time: 0.10 seconds
Extract time: 0.02 seconds
0.2
Embed time: 0.04 seconds
Extract time: 0.01 seconds
0.4666666666666667
Embed time: 0.01 seconds
Extract time: 0.01 seconds
0.2
Embed time: 0.06 seconds
Extract time: 0.01 seconds
0.0
Embed time: 0.06 seconds
Extract time: 0.01 seconds
0.0
Embed time: 0.05 seconds
Extract time: 0.01 seconds
0.03333333333333333
Embed time: 0.01 seconds
Extract time: 0.01 seconds
0.13333333333333333
Embed time: 0.06 seconds
Extract time: 0.01 seconds
0.03333333333333333
Embed time: 0.05 seconds
Extract time: 0.01 seconds
0.16666666666666666
Embed time: 0.01 seconds
Extract time: 0.01 seconds
0.0
Embed time: 0.01 seconds
Extract time: 0.01 seconds
0.03333333333333333
Embed time: 0.06 seconds
Extract time: 0.01 seconds
0.13333333333333333
Embed time: 0.01 seconds
Extract time: 0.01 seconds
0.03333333333333333
Embed time: 0.06 seconds
Extract time: 0.01 seconds
0.16666666666666666
Embed time: 0.06 seconds
Extract time: 0.01 seconds
0.1
Embed time: 0.01 seconds
Extract time: 0.01 seconds
0.03333333333333333
Embed time: 0.06 seconds
Extract time: 0.02 seconds
0.2
Embed time: 0.01 seconds
Extract time: 0.01 seconds
0.0
Embed time: 0.04 seconds
Extract time: 0.01 seconds
0.06666666666666667
Embed time: 0.05 seconds
Extract time: 0.01 seconds
0.1
Embed time: 0.01 seconds
Extract time: 0.01 seconds
0.2
Embed time: 0.06 seconds
Extract time: 0.01 seconds
0.1
Embed time: 0.05 seconds
Extract time: 0.02 seconds
0.1
Embed time: 0.10 seconds
Extract time: 0.01 seconds
0.0
Embed time: 0.05 seconds
Extract time: 0.01 seconds
0.03333333333333333
Embed time: 0.02 seconds
Extract time: 0.01 seconds
0.0
Embed time: 0.06 seconds
Extract time: 0.01 seconds
0.03333333333333333
Embed time: 0.01 seconds
Extract time: 0.01 seconds
0.16666666666666666
Embed time: 0.05 seconds
Extract time: 0.01 seconds
0.16666666666666666
Embed time: 0.01 seconds
Extract time: 0.02 seconds
0.2
Embed time: 0.01 seconds
Extract time: 0.01 seconds
0.0
Embed time: 0.06 seconds
Extract time: 0.01 seconds
0.13333333333333333
Embed time: 0.01 seconds
Extract time: 0.01 seconds
0.06666666666666667
Embed time: 0.05 seconds
Extract time: 0.01 seconds
0.0
Embed time: 0.01 seconds
Extract time: 0.01 seconds
0.23333333333333334
Embed time: 0.06 seconds
Extract time: 0.01 seconds
0.0
Embed time: 0.01 seconds
Extract time: 0.01 seconds
0.13333333333333333
Embed time: 0.05 seconds
Extract time: 0.01 seconds
0.06666666666666667
Embed time: 0.01 seconds
Extract time: 0.01 seconds
0.03333333333333333
Embed time: 0.07 seconds
Extract time: 0.01 seconds
0.1
Embed time: 0.05 seconds
Extract time: 0.01 seconds
0.2
Embed time: 0.01 seconds
Extract time: 0.01 seconds
0.06666666666666667
Embed time: 0.06 seconds
Extract time: 0.01 seconds
0.2
Embed time: 0.05 seconds
Extract time: 0.01 seconds
0.03333333333333333
Embed time: 0.09 seconds
Extract time: 0.02 seconds
0.06666666666666667
Embed time: 0.04 seconds
Extract time: 0.01 seconds
0.03333333333333333
Embed time: 0.09 seconds
Extract time: 0.01 seconds
0.16666666666666666
Embed time: 0.05 seconds
Extract time: 0.01 seconds
0.2
Embed time: 0.01 seconds
Extract time: 0.01 seconds
0.0
Embed time: 0.01 seconds
Extract time: 0.01 seconds
0.13333333333333333
Embed time: 0.06 seconds
Extract time: 0.01 seconds
0.16666666666666666
Embed time: 0.09 seconds
Extract time: 0.01 seconds
0.06666666666666667
Embed time: 0.05 seconds
Extract time: 0.01 seconds
0.0
Embed time: 0.01 seconds
Extract time: 0.01 seconds
0.06666666666666667
Embed time: 0.05 seconds
Extract time: 0.01 seconds
0.06666666666666667
Embed time: 0.01 seconds
Extract time: 0.01 seconds
0.03333333333333333
Embed time: 0.06 seconds
Extract time: 0.01 seconds
0.16666666666666666
Embed time: 0.01 seconds
Extract time: 0.01 seconds
0.16666666666666666
Embed time: 0.05 seconds
Extract time: 0.01 seconds
0.2
Embed time: 0.01 seconds
Extract time: 0.01 seconds
0.06666666666666667
Embed time: 0.06 seconds
Extract time: 0.01 seconds
0.03333333333333333
Embed time: 0.05 seconds
Extract time: 0.01 seconds
0.03333333333333333
Embed time: 0.01 seconds
Extract time: 0.01 seconds
0.06666666666666667
Embed time: 0.06 seconds
Extract time: 0.01 seconds
0.03333333333333333
Embed time: 0.01 seconds
Extract time: 0.01 seconds
0.06666666666666667
Embed time: 0.06 seconds
Extract time: 0.01 seconds
0.26666666666666666
Embed time: 0.01 seconds
Extract time: 0.01 seconds
0.06666666666666667
Embed time: 0.06 seconds
Extract time: 0.01 seconds
0.0
Embed time: 0.05 seconds
Extract time: 0.01 seconds
0.23333333333333334
Embed time: 0.01 seconds
Extract time: 0.01 seconds
0.03333333333333333
Embed time: 0.06 seconds
Extract time: 0.01 seconds
0.03333333333333333
25-07-13 13:14:14.197 - INFO: # Validation JPEG for iteration 1500 # PSNR_Stego: 2.6905e+01, Bit_acc: 9.6667e-02
2025-07-13 13:14:14,197 - INFO - # Validation JPEG for iteration 1500 # PSNR_Stego: 2.6905e+01, Bit_acc: 9.6667e-02
25-07-13 13:14:14.197 - INFO: <epoch:  2, iter:   1,500> PSNR_Stego: 2.6905e+01, Bit_acc:  9.6667e-02
2025-07-13 13:14:14,197 - INFO - <epoch:  2, iter:   1,500> PSNR_Stego: 2.6905e+01, Bit_acc:  9.6667e-02
----- End Validation with JPEG 70 for iteration 1500 -----
----- Start Validation with Gaussian Noise 10 for iteration 1500 -----
Embed time: 0.03 seconds
Extract time: 0.01 seconds
0.0
Embed time: 0.09 seconds
Extract time: 0.01 seconds
0.0
Embed time: 0.08 seconds
Extract time: 0.01 seconds
0.03333333333333333
Embed time: 0.01 seconds
Extract time: 0.08 seconds
0.06666666666666667
Embed time: 0.01 seconds
Extract time: 0.08 seconds
0.06666666666666667
Embed time: 0.08 seconds
Extract time: 0.01 seconds
0.0
Embed time: 0.08 seconds
Extract time: 0.01 seconds
0.06666666666666667
Embed time: 0.01 seconds
Extract time: 0.01 seconds
0.0
Embed time: 0.01 seconds
Extract time: 0.01 seconds
0.06666666666666667
Embed time: 0.01 seconds
Extract time: 0.01 seconds
0.0
Embed time: 0.08 seconds
Extract time: 0.01 seconds
0.0
Embed time: 0.01 seconds
Extract time: 0.01 seconds
0.0
Embed time: 0.01 seconds
Extract time: 0.01 seconds
0.03333333333333333
Embed time: 0.01 seconds
Extract time: 0.01 seconds
0.0
Embed time: 0.08 seconds
Extract time: 0.01 seconds
0.0
Embed time: 0.06 seconds
Extract time: 0.02 seconds
0.0
Embed time: 0.01 seconds
Extract time: 0.01 seconds
0.06666666666666667
Embed time: 0.02 seconds
Extract time: 0.08 seconds
0.13333333333333333
Embed time: 0.07 seconds
Extract time: 0.01 seconds
0.03333333333333333
Embed time: 0.09 seconds
Extract time: 0.01 seconds
0.0
Embed time: 0.08 seconds
Extract time: 0.01 seconds
0.06666666666666667
Embed time: 0.01 seconds
Extract time: 0.01 seconds
0.03333333333333333
Embed time: 0.01 seconds
Extract time: 0.09 seconds
0.03333333333333333
Embed time: 0.07 seconds
Extract time: 0.01 seconds
0.03333333333333333
Embed time: 0.08 seconds
Extract time: 0.01 seconds
0.16666666666666666
Embed time: 0.06 seconds
Extract time: 0.01 seconds
0.0
Embed time: 0.01 seconds
Extract time: 0.09 seconds
0.06666666666666667
Embed time: 0.09 seconds
Extract time: 0.02 seconds
0.16666666666666666
Embed time: 0.01 seconds
Extract time: 0.01 seconds
0.0
Embed time: 0.01 seconds
Extract time: 0.01 seconds
0.2
Embed time: 0.07 seconds
Extract time: 0.01 seconds
0.26666666666666666
Embed time: 0.01 seconds
Extract time: 0.01 seconds
0.2
Embed time: 0.01 seconds
Extract time: 0.01 seconds
0.0
Embed time: 0.09 seconds
Extract time: 0.01 seconds
0.0
Embed time: 0.01 seconds
Extract time: 0.09 seconds
0.03333333333333333
Embed time: 0.01 seconds
Extract time: 0.01 seconds
0.03333333333333333
Embed time: 0.08 seconds
Extract time: 0.01 seconds
0.0
Embed time: 0.02 seconds
Extract time: 0.01 seconds
0.03333333333333333
Embed time: 0.01 seconds
Extract time: 0.02 seconds
0.0
Embed time: 0.07 seconds
Extract time: 0.02 seconds
0.0
Embed time: 0.07 seconds
Extract time: 0.01 seconds
0.03333333333333333
Embed time: 0.01 seconds
Extract time: 0.09 seconds
0.03333333333333333
Embed time: 0.08 seconds
Extract time: 0.02 seconds
0.13333333333333333
Embed time: 0.01 seconds
Extract time: 0.01 seconds
0.03333333333333333
Embed time: 0.08 seconds
Extract time: 0.01 seconds
0.0
Embed time: 0.07 seconds
Extract time: 0.01 seconds
0.23333333333333334
Embed time: 0.08 seconds
Extract time: 0.01 seconds
0.0
Embed time: 0.01 seconds
Extract time: 0.01 seconds
0.1
Embed time: 0.10 seconds
Extract time: 0.01 seconds
0.03333333333333333
Embed time: 0.07 seconds
Extract time: 0.01 seconds
0.06666666666666667
Embed time: 0.08 seconds
Extract time: 0.01 seconds
0.03333333333333333
Embed time: 0.09 seconds
Extract time: 0.01 seconds
0.03333333333333333
Embed time: 0.09 seconds
Extract time: 0.01 seconds
0.0
Embed time: 0.07 seconds
Extract time: 0.01 seconds
0.0
Embed time: 0.07 seconds
Extract time: 0.01 seconds
0.0
Embed time: 0.01 seconds
Extract time: 0.08 seconds
0.03333333333333333
Embed time: 0.08 seconds
Extract time: 0.01 seconds
0.06666666666666667
Embed time: 0.07 seconds
Extract time: 0.01 seconds
0.03333333333333333
Embed time: 0.01 seconds
Extract time: 0.09 seconds
0.06666666666666667
Embed time: 0.08 seconds
Extract time: 0.01 seconds
0.0
Embed time: 0.02 seconds
Extract time: 0.01 seconds
0.0
Embed time: 0.09 seconds
Extract time: 0.01 seconds
0.0
Embed time: 0.08 seconds
Extract time: 0.01 seconds
0.0
Embed time: 0.02 seconds
Extract time: 0.01 seconds
0.2
Embed time: 0.07 seconds
Extract time: 0.01 seconds
0.03333333333333333
Embed time: 0.08 seconds
Extract time: 0.01 seconds
0.13333333333333333
Embed time: 0.09 seconds
Extract time: 0.01 seconds
0.0
Embed time: 0.08 seconds
Extract time: 0.01 seconds
0.0
Embed time: 0.01 seconds
Extract time: 0.02 seconds
0.03333333333333333
Embed time: 0.01 seconds
Extract time: 0.08 seconds
0.06666666666666667
Embed time: 0.08 seconds
Extract time: 0.01 seconds
0.0
Embed time: 0.01 seconds
Extract time: 0.09 seconds
0.2
Embed time: 0.01 seconds
Extract time: 0.01 seconds
0.06666666666666667
Embed time: 0.07 seconds
Extract time: 0.01 seconds
0.0
Embed time: 0.02 seconds
Extract time: 0.01 seconds
0.0
Embed time: 0.01 seconds
Extract time: 0.09 seconds
0.06666666666666667
Embed time: 0.08 seconds
Extract time: 0.01 seconds
0.0
Embed time: 0.01 seconds
Extract time: 0.01 seconds
0.0
Embed time: 0.09 seconds
Extract time: 0.01 seconds
0.0
Embed time: 0.08 seconds
Extract time: 0.01 seconds
0.06666666666666667
Embed time: 0.08 seconds
Extract time: 0.01 seconds
0.0
Embed time: 0.08 seconds
Extract time: 0.01 seconds
0.0
Embed time: 0.08 seconds
Extract time: 0.01 seconds
0.06666666666666667
Embed time: 0.08 seconds
Extract time: 0.01 seconds
0.0
Embed time: 0.01 seconds
Extract time: 0.01 seconds
0.0
Embed time: 0.02 seconds
Extract time: 0.01 seconds
0.1
Embed time: 0.09 seconds
Extract time: 0.01 seconds
0.03333333333333333
Embed time: 0.08 seconds
Extract time: 0.01 seconds
0.26666666666666666
Embed time: 0.01 seconds
Extract time: 0.01 seconds
0.03333333333333333
Embed time: 0.01 seconds
Extract time: 0.01 seconds
0.06666666666666667
Embed time: 0.09 seconds
Extract time: 0.01 seconds
0.0
Embed time: 0.08 seconds
Extract time: 0.01 seconds
0.03333333333333333
Embed time: 0.07 seconds
Extract time: 0.01 seconds
0.03333333333333333
Embed time: 0.08 seconds
Extract time: 0.01 seconds
0.06666666666666667
Embed time: 0.01 seconds
Extract time: 0.01 seconds
0.13333333333333333
Embed time: 0.01 seconds
Extract time: 0.09 seconds
0.0
Embed time: 0.01 seconds
Extract time: 0.07 seconds
0.0
Embed time: 0.08 seconds
Extract time: 0.01 seconds
0.13333333333333333
Embed time: 0.08 seconds
Extract time: 0.01 seconds
0.0
Embed time: 0.08 seconds
Extract time: 0.01 seconds
0.06666666666666667
25-07-13 13:14:27.201 - INFO: # Validation Gaussian Noise for iteration 1500 # PSNR_Stego: 1.3244e+01, Bit_acc: 2.4150e-02
2025-07-13 13:14:27,201 - INFO - # Validation Gaussian Noise for iteration 1500 # PSNR_Stego: 1.3244e+01, Bit_acc: 2.4150e-02
25-07-13 13:14:27.202 - INFO: <epoch:  2, iter:   1,500> PSNR_Stego: 1.3244e+01, Bit_acc:  2.4150e-02
2025-07-13 13:14:27,202 - INFO - <epoch:  2, iter:   1,500> PSNR_Stego: 1.3244e+01, Bit_acc:  2.4150e-02
----- End Validation with Gaussian Noise 10 for iteration 1500 -----
25-07-13 13:14:27.202 - INFO: Saving models and training states.
2025-07-13 13:14:27,202 - INFO - Saving models and training states.
Checkpoint save path: /workspace/EditGuard-V1/experiments/train_ibsn_bit_64/models/1500_G.pth

===== Checkpoint State Path: /workspace/EditGuard-V1/experiments/train_ibsn_bit_64/training_state/1500.state =====

========== Epoch: 3 ==========
25-07-13 13:16:39.228 - INFO: <epoch:  3, iter:   1,600, lr:1.000e-04> l_forw_fit: 7.0612e+01 l_msg: 5.5214e-02 
2025-07-13 13:16:39,228 - INFO - <epoch:  3, iter:   1,600, lr:1.000e-04> l_forw_fit: 7.0612e+01 l_msg: 5.5214e-02 
25-07-13 13:17:06.497 - INFO: <epoch:  3, iter:   1,700, lr:1.000e-04> l_forw_fit: 5.8270e+01 l_msg: 5.1109e-03 
2025-07-13 13:17:06,497 - INFO - <epoch:  3, iter:   1,700, lr:1.000e-04> l_forw_fit: 5.8270e+01 l_msg: 5.1109e-03 
25-07-13 13:17:33.391 - INFO: <epoch:  3, iter:   1,800, lr:1.000e-04> l_forw_fit: 5.1867e+01 l_msg: 3.9401e-02 
2025-07-13 13:17:33,391 - INFO - <epoch:  3, iter:   1,800, lr:1.000e-04> l_forw_fit: 5.1867e+01 l_msg: 3.9401e-02 
25-07-13 13:17:59.619 - INFO: <epoch:  3, iter:   1,900, lr:1.000e-04> l_forw_fit: 9.1945e+01 l_msg: 3.5371e-02 
2025-07-13 13:17:59,619 - INFO - <epoch:  3, iter:   1,900, lr:1.000e-04> l_forw_fit: 9.1945e+01 l_msg: 3.5371e-02 
25-07-13 13:18:20.461 - INFO: <epoch:  3, iter:   2,000, lr:1.000e-04> l_forw_fit: 1.5721e+02 l_msg: 7.0419e-03 
2025-07-13 13:18:20,461 - INFO - <epoch:  3, iter:   2,000, lr:1.000e-04> l_forw_fit: 1.5721e+02 l_msg: 7.0419e-03 
----- Start Validation with JPEG 70 for iteration 2000 -----
Embed time: 0.03 seconds
Extract time: 0.01 seconds
0.1
Embed time: 0.04 seconds
Extract time: 0.01 seconds
0.2
Embed time: 0.10 seconds
Extract time: 0.02 seconds
0.2
Embed time: 0.04 seconds
Extract time: 0.01 seconds
0.16666666666666666
Embed time: 0.10 seconds
Extract time: 0.03 seconds
0.23333333333333334
Embed time: 0.02 seconds
Extract time: 0.01 seconds
0.13333333333333333
Embed time: 0.02 seconds
Extract time: 0.01 seconds
0.4666666666666667
Embed time: 0.06 seconds
Extract time: 0.01 seconds
0.0
Embed time: 0.09 seconds
Extract time: 0.01 seconds
0.16666666666666666
Embed time: 0.05 seconds
Extract time: 0.02 seconds
0.0
Embed time: 0.09 seconds
Extract time: 0.02 seconds
0.1
Embed time: 0.02 seconds
Extract time: 0.02 seconds
0.06666666666666667
Embed time: 0.06 seconds
Extract time: 0.02 seconds
0.06666666666666667
Embed time: 0.02 seconds
Extract time: 0.01 seconds
0.03333333333333333
Embed time: 0.04 seconds
Extract time: 0.01 seconds
0.0
Embed time: 0.01 seconds
Extract time: 0.01 seconds
0.0
Embed time: 0.01 seconds
Extract time: 0.01 seconds
0.3333333333333333
Embed time: 0.06 seconds
Extract time: 0.01 seconds
0.1
Embed time: 0.01 seconds
Extract time: 0.01 seconds
0.03333333333333333
Embed time: 0.06 seconds
Extract time: 0.01 seconds
0.23333333333333334
Embed time: 0.01 seconds
Extract time: 0.01 seconds
0.13333333333333333
Embed time: 0.06 seconds
Extract time: 0.01 seconds
0.23333333333333334
Embed time: 0.06 seconds
Extract time: 0.01 seconds
0.16666666666666666
Embed time: 0.01 seconds
Extract time: 0.01 seconds
0.16666666666666666
Embed time: 0.06 seconds
Extract time: 0.01 seconds
0.16666666666666666
Embed time: 0.01 seconds
Extract time: 0.01 seconds
0.1
Embed time: 0.06 seconds
Extract time: 0.01 seconds
0.23333333333333334
Embed time: 0.05 seconds
Extract time: 0.01 seconds
0.03333333333333333
Embed time: 0.09 seconds
Extract time: 0.01 seconds
0.16666666666666666
Embed time: 0.05 seconds
Extract time: 0.01 seconds
0.2
Embed time: 0.09 seconds
Extract time: 0.02 seconds
0.36666666666666664
Embed time: 0.02 seconds
Extract time: 0.02 seconds
0.36666666666666664
Embed time: 0.02 seconds
Extract time: 0.01 seconds
0.13333333333333333
Embed time: 0.05 seconds
Extract time: 0.01 seconds
0.1
Embed time: 0.01 seconds
Extract time: 0.01 seconds
0.2
Embed time: 0.06 seconds
Extract time: 0.01 seconds
0.1
Embed time: 0.01 seconds
Extract time: 0.01 seconds
0.0
Embed time: 0.06 seconds
Extract time: 0.01 seconds
0.2
Embed time: 0.05 seconds
Extract time: 0.01 seconds
0.1
Embed time: 0.01 seconds
Extract time: 0.01 seconds
0.03333333333333333
Embed time: 0.06 seconds
Extract time: 0.01 seconds
0.2
Embed time: 0.05 seconds
Extract time: 0.01 seconds
0.16666666666666666
Embed time: 0.01 seconds
Extract time: 0.01 seconds
0.16666666666666666
Embed time: 0.06 seconds
Extract time: 0.01 seconds
0.26666666666666666
Embed time: 0.06 seconds
Extract time: 0.01 seconds
0.06666666666666667
Embed time: 0.01 seconds
Extract time: 0.01 seconds
0.3333333333333333
Embed time: 0.06 seconds
Extract time: 0.01 seconds
0.13333333333333333
Embed time: 0.01 seconds
Extract time: 0.01 seconds
0.2
Embed time: 0.06 seconds
Extract time: 0.01 seconds
0.03333333333333333
Embed time: 0.01 seconds
Extract time: 0.01 seconds
0.26666666666666666
Embed time: 0.05 seconds
Extract time: 0.01 seconds
0.26666666666666666
Embed time: 0.01 seconds
Extract time: 0.01 seconds
0.13333333333333333
Embed time: 0.06 seconds
Extract time: 0.01 seconds
0.03333333333333333
Embed time: 0.01 seconds
Extract time: 0.01 seconds
0.06666666666666667
Embed time: 0.06 seconds
Extract time: 0.01 seconds
0.13333333333333333
Embed time: 0.01 seconds
Extract time: 0.01 seconds
0.13333333333333333
Embed time: 0.06 seconds
Extract time: 0.01 seconds
0.13333333333333333
Embed time: 0.01 seconds
Extract time: 0.01 seconds
0.16666666666666666
Embed time: 0.06 seconds
Extract time: 0.01 seconds
0.16666666666666666
Embed time: 0.06 seconds
Extract time: 0.01 seconds
0.0
Embed time: 0.01 seconds
Extract time: 0.01 seconds
0.3
Embed time: 0.06 seconds
Extract time: 0.01 seconds
0.03333333333333333
Embed time: 0.01 seconds
Extract time: 0.01 seconds
0.1
Embed time: 0.06 seconds
Extract time: 0.01 seconds
0.2
Embed time: 0.06 seconds
Extract time: 0.01 seconds
0.1
Embed time: 0.10 seconds
Extract time: 0.01 seconds
0.16666666666666666
Embed time: 0.04 seconds
Extract time: 0.01 seconds
0.23333333333333334
Embed time: 0.01 seconds
Extract time: 0.01 seconds
0.1
Embed time: 0.06 seconds
Extract time: 0.01 seconds
0.06666666666666667
Embed time: 0.09 seconds
Extract time: 0.01 seconds
0.2
Embed time: 0.05 seconds
Extract time: 0.01 seconds
0.13333333333333333
Embed time: 0.09 seconds
Extract time: 0.01 seconds
0.3333333333333333
Embed time: 0.05 seconds
Extract time: 0.01 seconds
0.16666666666666666
Embed time: 0.01 seconds
Extract time: 0.01 seconds
0.03333333333333333
Embed time: 0.06 seconds
Extract time: 0.01 seconds
0.13333333333333333
Embed time: 0.05 seconds
Extract time: 0.01 seconds
0.1
Embed time: 0.01 seconds
Extract time: 0.01 seconds
0.06666666666666667
Embed time: 0.06 seconds
Extract time: 0.01 seconds
0.03333333333333333
Embed time: 0.01 seconds
Extract time: 0.01 seconds
0.23333333333333334
Embed time: 0.05 seconds
Extract time: 0.01 seconds
0.1
Embed time: 0.01 seconds
Extract time: 0.01 seconds
0.16666666666666666
Embed time: 0.06 seconds
Extract time: 0.01 seconds
0.06666666666666667
Embed time: 0.02 seconds
Extract time: 0.01 seconds
0.13333333333333333
Embed time: 0.05 seconds
Extract time: 0.01 seconds
0.13333333333333333
Embed time: 0.01 seconds
Extract time: 0.01 seconds
0.0
Embed time: 0.05 seconds
Extract time: 0.01 seconds
0.36666666666666664
Embed time: 0.05 seconds
Extract time: 0.01 seconds
0.1
Embed time: 0.01 seconds
Extract time: 0.01 seconds
0.3333333333333333
Embed time: 0.01 seconds
Extract time: 0.01 seconds
0.26666666666666666
Embed time: 0.06 seconds
Extract time: 0.01 seconds
0.13333333333333333
Embed time: 0.09 seconds
Extract time: 0.01 seconds
0.03333333333333333
Embed time: 0.05 seconds
Extract time: 0.01 seconds
0.2
Embed time: 0.01 seconds
Extract time: 0.01 seconds
0.06666666666666667
Embed time: 0.01 seconds
Extract time: 0.01 seconds
0.16666666666666666
Embed time: 0.06 seconds
Extract time: 0.01 seconds
0.3333333333333333
Embed time: 0.01 seconds
Extract time: 0.01 seconds
0.26666666666666666
Embed time: 0.06 seconds
Extract time: 0.01 seconds
0.06666666666666667
Embed time: 0.01 seconds
Extract time: 0.01 seconds
0.1
Embed time: 0.05 seconds
Extract time: 0.01 seconds
0.23333333333333334
Embed time: 0.06 seconds
Extract time: 0.01 seconds
0.1
25-07-13 13:18:35.013 - INFO: # Validation JPEG for iteration 2000 # PSNR_Stego: 2.7255e+01, Bit_acc: 1.5000e-01
2025-07-13 13:18:35,013 - INFO - # Validation JPEG for iteration 2000 # PSNR_Stego: 2.7255e+01, Bit_acc: 1.5000e-01
25-07-13 13:18:35.014 - INFO: <epoch:  3, iter:   2,000> PSNR_Stego: 2.7255e+01, Bit_acc:  1.5000e-01
2025-07-13 13:18:35,014 - INFO - <epoch:  3, iter:   2,000> PSNR_Stego: 2.7255e+01, Bit_acc:  1.5000e-01
----- End Validation with JPEG 70 for iteration 2000 -----
----- Start Validation with Gaussian Noise 10 for iteration 2000 -----
Embed time: 0.03 seconds
Extract time: 0.01 seconds
0.0
Embed time: 0.09 seconds
Extract time: 0.01 seconds
0.0
Embed time: 0.01 seconds
Extract time: 0.08 seconds
0.1
Embed time: 0.08 seconds
Extract time: 0.01 seconds
0.03333333333333333
Embed time: 0.08 seconds
Extract time: 0.01 seconds
0.03333333333333333
Embed time: 0.08 seconds
Extract time: 0.01 seconds
0.0
Embed time: 0.08 seconds
Extract time: 0.01 seconds
0.16666666666666666
Embed time: 0.01 seconds
Extract time: 0.01 seconds
0.03333333333333333
Embed time: 0.01 seconds
Extract time: 0.01 seconds
0.23333333333333334
Embed time: 0.01 seconds
Extract time: 0.01 seconds
0.0
Embed time: 0.02 seconds
Extract time: 0.07 seconds
0.0
Embed time: 0.01 seconds
Extract time: 0.07 seconds
0.03333333333333333
Embed time: 0.08 seconds
Extract time: 0.01 seconds
0.13333333333333333
Embed time: 0.08 seconds
Extract time: 0.01 seconds
0.0
Embed time: 0.07 seconds
Extract time: 0.01 seconds
0.0
Embed time: 0.08 seconds
Extract time: 0.01 seconds
0.0
Embed time: 0.01 seconds
Extract time: 0.01 seconds
0.06666666666666667
Embed time: 0.09 seconds
Extract time: 0.01 seconds
0.03333333333333333
Embed time: 0.07 seconds
Extract time: 0.02 seconds
0.0
Embed time: 0.02 seconds
Extract time: 0.01 seconds
0.06666666666666667
Embed time: 0.01 seconds
Extract time: 0.02 seconds
0.16666666666666666
Embed time: 0.07 seconds
Extract time: 0.01 seconds
0.26666666666666666
Embed time: 0.01 seconds
Extract time: 0.09 seconds
0.03333333333333333
Embed time: 0.08 seconds
Extract time: 0.01 seconds
0.06666666666666667
Embed time: 0.08 seconds
Extract time: 0.01 seconds
0.06666666666666667
Embed time: 0.01 seconds
Extract time: 0.01 seconds
0.03333333333333333
Embed time: 0.01 seconds
Extract time: 0.08 seconds
0.16666666666666666
Embed time: 0.08 seconds
Extract time: 0.01 seconds
0.06666666666666667
Embed time: 0.08 seconds
Extract time: 0.01 seconds
0.06666666666666667
Embed time: 0.08 seconds
Extract time: 0.01 seconds
0.2
Embed time: 0.07 seconds
Extract time: 0.01 seconds
0.2
Embed time: 0.01 seconds
Extract time: 0.01 seconds
0.16666666666666666
Embed time: 0.01 seconds
Extract time: 0.09 seconds
0.1
Embed time: 0.01 seconds
Extract time: 0.08 seconds
0.0
Embed time: 0.09 seconds
Extract time: 0.01 seconds
0.1
Embed time: 0.08 seconds
Extract time: 0.01 seconds
0.13333333333333333
Embed time: 0.08 seconds
Extract time: 0.01 seconds
0.0
Embed time: 0.08 seconds
Extract time: 0.01 seconds
0.06666666666666667
Embed time: 0.01 seconds
Extract time: 0.01 seconds
0.0
Embed time: 0.01 seconds
Extract time: 0.08 seconds
0.0
Embed time: 0.08 seconds
Extract time: 0.01 seconds
0.06666666666666667
Embed time: 0.08 seconds
Extract time: 0.01 seconds
0.03333333333333333
Embed time: 0.08 seconds
Extract time: 0.01 seconds
0.1
Embed time: 0.01 seconds
Extract time: 0.09 seconds
0.06666666666666667
Embed time: 0.01 seconds
Extract time: 0.07 seconds
0.0
Embed time: 0.08 seconds
Extract time: 0.01 seconds
0.1
Embed time: 0.08 seconds
Extract time: 0.01 seconds
0.0
Embed time: 0.08 seconds
Extract time: 0.01 seconds
0.03333333333333333
Embed time: 0.01 seconds
Extract time: 0.01 seconds
0.1
Embed time: 0.01 seconds
Extract time: 0.01 seconds
0.06666666666666667
Embed time: 0.01 seconds
Extract time: 0.01 seconds
0.06666666666666667
Embed time: 0.01 seconds
Extract time: 0.09 seconds
0.06666666666666667
Embed time: 0.08 seconds
Extract time: 0.01 seconds
0.0
Embed time: 0.07 seconds
Extract time: 0.01 seconds
0.13333333333333333
Embed time: 0.08 seconds
Extract time: 0.01 seconds
0.16666666666666666
Embed time: 0.07 seconds
Extract time: 0.01 seconds
0.0
Embed time: 0.01 seconds
Extract time: 0.01 seconds
0.03333333333333333
Embed time: 0.01 seconds
Extract time: 0.01 seconds
0.13333333333333333
Embed time: 0.01 seconds
Extract time: 0.08 seconds
0.0
Embed time: 0.08 seconds
Extract time: 0.01 seconds
0.0
Embed time: 0.08 seconds
Extract time: 0.01 seconds
0.06666666666666667
Embed time: 0.08 seconds
Extract time: 0.01 seconds
0.0
Embed time: 0.08 seconds
Extract time: 0.01 seconds
0.0
Embed time: 0.01 seconds
Extract time: 0.01 seconds
0.2
Embed time: 0.01 seconds
Extract time: 0.01 seconds
0.0
Embed time: 0.01 seconds
Extract time: 0.01 seconds
0.03333333333333333
Embed time: 0.01 seconds
Extract time: 0.01 seconds
0.1
Embed time: 0.08 seconds
Extract time: 0.01 seconds
0.06666666666666667
Embed time: 0.08 seconds
Extract time: 0.01 seconds
0.0
Embed time: 0.01 seconds
Extract time: 0.01 seconds
0.1
Embed time: 0.01 seconds
Extract time: 0.09 seconds
0.1
Embed time: 0.08 seconds
Extract time: 0.01 seconds
0.43333333333333335
Embed time: 0.08 seconds
Extract time: 0.01 seconds
0.0
Embed time: 0.09 seconds
Extract time: 0.02 seconds
0.0
Embed time: 0.01 seconds
Extract time: 0.08 seconds
0.0
Embed time: 0.01 seconds
Extract time: 0.08 seconds
0.03333333333333333
Embed time: 0.08 seconds
Extract time: 0.01 seconds
0.0
Embed time: 0.02 seconds
Extract time: 0.01 seconds
0.0
Embed time: 0.07 seconds
Extract time: 0.01 seconds
0.03333333333333333
Embed time: 0.02 seconds
Extract time: 0.08 seconds
0.06666666666666667
Embed time: 0.07 seconds
Extract time: 0.01 seconds
0.0
Embed time: 0.01 seconds
Extract time: 0.08 seconds
0.0
Embed time: 0.01 seconds
Extract time: 0.01 seconds
0.03333333333333333
Embed time: 0.08 seconds
Extract time: 0.01 seconds
0.03333333333333333
Embed time: 0.08 seconds
Extract time: 0.01 seconds
0.03333333333333333
Embed time: 0.01 seconds
Extract time: 0.01 seconds
0.1
Embed time: 0.01 seconds
Extract time: 0.08 seconds
0.03333333333333333
Embed time: 0.01 seconds
Extract time: 0.08 seconds
0.06666666666666667
Embed time: 0.08 seconds
Extract time: 0.01 seconds
0.03333333333333333
Embed time: 0.08 seconds
Extract time: 0.01 seconds
0.06666666666666667
Embed time: 0.01 seconds
Extract time: 0.01 seconds
0.0
Embed time: 0.01 seconds
Extract time: 0.01 seconds
0.13333333333333333
Embed time: 0.08 seconds
Extract time: 0.01 seconds
0.0
Embed time: 0.01 seconds
Extract time: 0.01 seconds
0.03333333333333333
Embed time: 0.09 seconds
Extract time: 0.03 seconds
0.2
Embed time: 0.02 seconds
Extract time: 0.02 seconds
0.0
Embed time: 0.09 seconds
Extract time: 0.03 seconds
0.0
Embed time: 0.01 seconds
Extract time: 0.09 seconds
0.2
Embed time: 0.07 seconds
Extract time: 0.01 seconds
0.03333333333333333
Embed time: 0.09 seconds
Extract time: 0.01 seconds
0.1
25-07-13 13:18:47.606 - INFO: # Validation Gaussian Noise for iteration 2000 # PSNR_Stego: 1.3488e+01, Bit_acc: 3.2417e-02
2025-07-13 13:18:47,606 - INFO - # Validation Gaussian Noise for iteration 2000 # PSNR_Stego: 1.3488e+01, Bit_acc: 3.2417e-02
25-07-13 13:18:47.607 - INFO: <epoch:  3, iter:   2,000> PSNR_Stego: 1.3488e+01, Bit_acc:  3.2417e-02
2025-07-13 13:18:47,607 - INFO - <epoch:  3, iter:   2,000> PSNR_Stego: 1.3488e+01, Bit_acc:  3.2417e-02
----- End Validation with Gaussian Noise 10 for iteration 2000 -----
25-07-13 13:18:47.607 - INFO: Saving models and training states.
2025-07-13 13:18:47,607 - INFO - Saving models and training states.
Checkpoint save path: /workspace/EditGuard-V1/experiments/train_ibsn_bit_64/models/2000_G.pth

===== Checkpoint State Path: /workspace/EditGuard-V1/experiments/train_ibsn_bit_64/training_state/2000.state =====

========== Epoch: 4 ==========
25-07-13 13:21:07.348 - INFO: <epoch:  4, iter:   2,100, lr:1.000e-04> l_forw_fit: 5.2559e+01 l_msg: 9.1555e-03 
2025-07-13 13:21:07,348 - INFO - <epoch:  4, iter:   2,100, lr:1.000e-04> l_forw_fit: 5.2559e+01 l_msg: 9.1555e-03 
25-07-13 13:21:41.472 - INFO: <epoch:  4, iter:   2,200, lr:1.000e-04> l_forw_fit: 4.0600e+01 l_msg: 5.1866e-03 
2025-07-13 13:21:41,472 - INFO - <epoch:  4, iter:   2,200, lr:1.000e-04> l_forw_fit: 4.0600e+01 l_msg: 5.1866e-03 
25-07-13 13:22:23.714 - INFO: <epoch:  4, iter:   2,300, lr:1.000e-04> l_forw_fit: 5.6103e+01 l_msg: 1.0390e-02 
2025-07-13 13:22:23,714 - INFO - <epoch:  4, iter:   2,300, lr:1.000e-04> l_forw_fit: 5.6103e+01 l_msg: 1.0390e-02 
25-07-13 13:23:09.106 - INFO: <epoch:  4, iter:   2,400, lr:1.000e-04> l_forw_fit: 3.3418e+01 l_msg: 4.0278e-02 
2025-07-13 13:23:09,106 - INFO - <epoch:  4, iter:   2,400, lr:1.000e-04> l_forw_fit: 3.3418e+01 l_msg: 4.0278e-02 
25-07-13 13:23:31.030 - INFO: <epoch:  4, iter:   2,500, lr:1.000e-04> l_forw_fit: 1.3388e+02 l_msg: 1.2980e-02 
2025-07-13 13:23:31,030 - INFO - <epoch:  4, iter:   2,500, lr:1.000e-04> l_forw_fit: 1.3388e+02 l_msg: 1.2980e-02 
----- Start Validation with JPEG 70 for iteration 2500 -----
Embed time: 0.03 seconds
Extract time: 0.01 seconds
0.03333333333333333
Embed time: 0.02 seconds
Extract time: 0.01 seconds
0.0
Embed time: 0.02 seconds
Extract time: 0.01 seconds
0.2
Embed time: 0.05 seconds
Extract time: 0.01 seconds
0.1
Embed time: 0.01 seconds
Extract time: 0.01 seconds
0.16666666666666666
Embed time: 0.01 seconds
Extract time: 0.01 seconds
0.1
Embed time: 0.06 seconds
Extract time: 0.01 seconds
0.2
Embed time: 0.01 seconds
Extract time: 0.01 seconds
0.03333333333333333
Embed time: 0.01 seconds
Extract time: 0.01 seconds
0.06666666666666667
Embed time: 0.06 seconds
Extract time: 0.01 seconds
0.13333333333333333
Embed time: 0.01 seconds
Extract time: 0.01 seconds
0.03333333333333333
Embed time: 0.01 seconds
Extract time: 0.01 seconds
0.03333333333333333
Embed time: 0.05 seconds
Extract time: 0.01 seconds
0.13333333333333333
Embed time: 0.06 seconds
Extract time: 0.01 seconds
0.06666666666666667
Embed time: 0.01 seconds
Extract time: 0.01 seconds
0.06666666666666667
Embed time: 0.01 seconds
Extract time: 0.01 seconds
0.1
Embed time: 0.01 seconds
Extract time: 0.01 seconds
0.06666666666666667
Embed time: 0.08 seconds
Extract time: 0.01 seconds
0.0
Embed time: 0.05 seconds
Extract time: 0.01 seconds
0.03333333333333333
Embed time: 0.01 seconds
Extract time: 0.01 seconds
0.03333333333333333
Embed time: 0.05 seconds
Extract time: 0.01 seconds
0.1
Embed time: 0.01 seconds
Extract time: 0.01 seconds
0.2
Embed time: 0.09 seconds
Extract time: 0.01 seconds
0.06666666666666667
Embed time: 0.05 seconds
Extract time: 0.01 seconds
0.16666666666666666
Embed time: 0.01 seconds
Extract time: 0.01 seconds
0.13333333333333333
Embed time: 0.05 seconds
Extract time: 0.01 seconds
0.06666666666666667
Embed time: 0.06 seconds
Extract time: 0.01 seconds
0.1
Embed time: 0.09 seconds
Extract time: 0.01 seconds
0.06666666666666667
Embed time: 0.06 seconds
Extract time: 0.01 seconds
0.2
Embed time: 0.01 seconds
Extract time: 0.01 seconds
0.1
Embed time: 0.05 seconds
Extract time: 0.01 seconds
0.1
Embed time: 0.04 seconds
Extract time: 0.01 seconds
0.13333333333333333
Embed time: 0.02 seconds
Extract time: 0.01 seconds
0.13333333333333333
Embed time: 0.05 seconds
Extract time: 0.01 seconds
0.0
Embed time: 0.04 seconds
Extract time: 0.01 seconds
0.06666666666666667
Embed time: 0.01 seconds
Extract time: 0.02 seconds
0.1
Embed time: 0.04 seconds
Extract time: 0.01 seconds
0.06666666666666667
Embed time: 0.01 seconds
Extract time: 0.01 seconds
0.06666666666666667
Embed time: 0.01 seconds
Extract time: 0.01 seconds
0.1
Embed time: 0.05 seconds
Extract time: 0.01 seconds
0.0
Embed time: 0.02 seconds
Extract time: 0.02 seconds
0.16666666666666666
Embed time: 0.04 seconds
Extract time: 0.03 seconds
0.06666666666666667
Embed time: 0.02 seconds
Extract time: 0.02 seconds
0.1
Embed time: 0.09 seconds
Extract time: 0.02 seconds
0.06666666666666667
Embed time: 0.05 seconds
Extract time: 0.01 seconds
0.06666666666666667
Embed time: 0.02 seconds
Extract time: 0.01 seconds
0.16666666666666666
Embed time: 0.04 seconds
Extract time: 0.01 seconds
0.03333333333333333
Embed time: 0.01 seconds
Extract time: 0.01 seconds
0.1
Embed time: 0.01 seconds
Extract time: 0.01 seconds
0.0
Embed time: 0.05 seconds
Extract time: 0.01 seconds
0.23333333333333334
Embed time: 0.02 seconds
Extract time: 0.02 seconds
0.16666666666666666
Embed time: 0.04 seconds
Extract time: 0.01 seconds
0.0
Embed time: 0.03 seconds
Extract time: 0.01 seconds
0.03333333333333333
Embed time: 0.01 seconds
Extract time: 0.06 seconds
0.06666666666666667
Embed time: 0.08 seconds
Extract time: 0.01 seconds
0.06666666666666667
Embed time: 0.05 seconds
Extract time: 0.01 seconds
0.0
Embed time: 0.05 seconds
Extract time: 0.01 seconds
0.16666666666666666
Embed time: 0.01 seconds
Extract time: 0.01 seconds
0.1
Embed time: 0.06 seconds
Extract time: 0.01 seconds
0.06666666666666667
Embed time: 0.01 seconds
Extract time: 0.01 seconds
0.13333333333333333
Embed time: 0.01 seconds
Extract time: 0.01 seconds
0.1
Embed time: 0.06 seconds
Extract time: 0.01 seconds
0.06666666666666667
Embed time: 0.01 seconds
Extract time: 0.02 seconds
0.03333333333333333
Embed time: 0.06 seconds
Extract time: 0.01 seconds
0.13333333333333333
Embed time: 0.05 seconds
Extract time: 0.02 seconds
0.16666666666666666
Embed time: 0.01 seconds
Extract time: 0.01 seconds
0.03333333333333333
Embed time: 0.05 seconds
Extract time: 0.01 seconds
0.06666666666666667
Embed time: 0.04 seconds
Extract time: 0.01 seconds
0.06666666666666667
Embed time: 0.09 seconds
Extract time: 0.02 seconds
0.0
Embed time: 0.02 seconds
Extract time: 0.01 seconds
0.1
Embed time: 0.01 seconds
Extract time: 0.02 seconds
0.1
Embed time: 0.02 seconds
Extract time: 0.01 seconds
0.36666666666666664
Embed time: 0.09 seconds
Extract time: 0.01 seconds
0.06666666666666667
Embed time: 0.05 seconds
Extract time: 0.01 seconds
0.0
Embed time: 0.01 seconds
Extract time: 0.01 seconds
0.0
Embed time: 0.05 seconds
Extract time: 0.01 seconds
0.06666666666666667
Embed time: 0.02 seconds
Extract time: 0.02 seconds
0.1
Embed time: 0.02 seconds
Extract time: 0.01 seconds
0.03333333333333333
Embed time: 0.05 seconds
Extract time: 0.01 seconds
0.06666666666666667
Embed time: 0.06 seconds
Extract time: 0.01 seconds
0.06666666666666667
Embed time: 0.01 seconds
Extract time: 0.01 seconds
0.06666666666666667
Embed time: 0.10 seconds
Extract time: 0.01 seconds
0.06666666666666667
Embed time: 0.02 seconds
Extract time: 0.01 seconds
0.13333333333333333
Embed time: 0.09 seconds
Extract time: 0.01 seconds
0.03333333333333333
Embed time: 0.03 seconds
Extract time: 0.01 seconds
0.03333333333333333
Embed time: 0.05 seconds
Extract time: 0.01 seconds
0.1
Embed time: 0.01 seconds
Extract time: 0.01 seconds
0.16666666666666666
Embed time: 0.06 seconds
Extract time: 0.01 seconds
0.2
Embed time: 0.01 seconds
Extract time: 0.01 seconds
0.06666666666666667
Embed time: 0.06 seconds
Extract time: 0.01 seconds
0.13333333333333333
Embed time: 0.06 seconds
Extract time: 0.01 seconds
0.06666666666666667
Embed time: 0.01 seconds
Extract time: 0.01 seconds
0.06666666666666667
Embed time: 0.05 seconds
Extract time: 0.01 seconds
0.0
Embed time: 0.01 seconds
Extract time: 0.01 seconds
0.1
Embed time: 0.01 seconds
Extract time: 0.01 seconds
0.16666666666666666
Embed time: 0.05 seconds
Extract time: 0.01 seconds
0.03333333333333333
Embed time: 0.01 seconds
Extract time: 0.01 seconds
0.1
Embed time: 0.06 seconds
Extract time: 0.01 seconds
0.03333333333333333
Embed time: 0.05 seconds
Extract time: 0.01 seconds
0.03333333333333333
Embed time: 0.01 seconds
Extract time: 0.01 seconds
0.06666666666666667
25-07-13 13:23:44.961 - INFO: # Validation JPEG for iteration 2500 # PSNR_Stego: 2.6986e+01, Bit_acc: 8.6667e-02
2025-07-13 13:23:44,961 - INFO - # Validation JPEG for iteration 2500 # PSNR_Stego: 2.6986e+01, Bit_acc: 8.6667e-02
25-07-13 13:23:44.962 - INFO: <epoch:  4, iter:   2,500> PSNR_Stego: 2.6986e+01, Bit_acc:  8.6667e-02
2025-07-13 13:23:44,962 - INFO - <epoch:  4, iter:   2,500> PSNR_Stego: 2.6986e+01, Bit_acc:  8.6667e-02
----- End Validation with JPEG 70 for iteration 2500 -----
----- Start Validation with Gaussian Noise 10 for iteration 2500 -----
Embed time: 0.03 seconds
Extract time: 0.01 seconds
0.0
Embed time: 0.09 seconds
Extract time: 0.01 seconds
0.0
Embed time: 0.08 seconds
Extract time: 0.01 seconds
0.13333333333333333
Embed time: 0.01 seconds
Extract time: 0.01 seconds
0.03333333333333333
Embed time: 0.09 seconds
Extract time: 0.01 seconds
0.0
Embed time: 0.07 seconds
Extract time: 0.01 seconds
0.03333333333333333
Embed time: 0.01 seconds
Extract time: 0.01 seconds
0.03333333333333333
Embed time: 0.01 seconds
Extract time: 0.01 seconds
0.0
Embed time: 0.01 seconds
Extract time: 0.09 seconds
0.0
Embed time: 0.01 seconds
Extract time: 0.07 seconds
0.03333333333333333
Embed time: 0.08 seconds
Extract time: 0.01 seconds
0.0
Embed time: 0.08 seconds
Extract time: 0.01 seconds
0.0
Embed time: 0.01 seconds
Extract time: 0.01 seconds
0.06666666666666667
Embed time: 0.01 seconds
Extract time: 0.01 seconds
0.0
Embed time: 0.01 seconds
Extract time: 0.09 seconds
0.03333333333333333
Embed time: 0.01 seconds
Extract time: 0.01 seconds
0.0
Embed time: 0.08 seconds
Extract time: 0.01 seconds
0.03333333333333333
Embed time: 0.08 seconds
Extract time: 0.01 seconds
0.0
Embed time: 0.01 seconds
Extract time: 0.01 seconds
0.0
Embed time: 0.01 seconds
Extract time: 0.01 seconds
0.0
Embed time: 0.08 seconds
Extract time: 0.01 seconds
0.06666666666666667
Embed time: 0.08 seconds
Extract time: 0.01 seconds
0.03333333333333333
Embed time: 0.02 seconds
Extract time: 0.02 seconds
0.0
Embed time: 0.10 seconds
Extract time: 0.01 seconds
0.03333333333333333
Embed time: 0.15 seconds
Extract time: 0.01 seconds
0.06666666666666667
Embed time: 0.07 seconds
Extract time: 0.01 seconds
0.03333333333333333
Embed time: 0.08 seconds
Extract time: 0.01 seconds
0.0
Embed time: 0.01 seconds
Extract time: 0.01 seconds
0.06666666666666667
Embed time: 0.02 seconds
Extract time: 0.07 seconds
0.03333333333333333
Embed time: 0.01 seconds
Extract time: 0.09 seconds
0.0
Embed time: 0.08 seconds
Extract time: 0.01 seconds
0.13333333333333333
Embed time: 0.09 seconds
Extract time: 0.01 seconds
0.16666666666666666
Embed time: 0.01 seconds
Extract time: 0.01 seconds
0.0
Embed time: 0.02 seconds
Extract time: 0.01 seconds
0.0
Embed time: 0.08 seconds
Extract time: 0.01 seconds
0.0
Embed time: 0.01 seconds
Extract time: 0.08 seconds
0.06666666666666667
Embed time: 0.08 seconds
Extract time: 0.01 seconds
0.0
Embed time: 0.08 seconds
Extract time: 0.01 seconds
0.0
Embed time: 0.01 seconds
Extract time: 0.08 seconds
0.0
Embed time: 0.08 seconds
Extract time: 0.01 seconds
0.0
Embed time: 0.09 seconds
Extract time: 0.01 seconds
0.06666666666666667
Embed time: 0.01 seconds
Extract time: 0.01 seconds
0.03333333333333333
Embed time: 0.01 seconds
Extract time: 0.01 seconds
0.03333333333333333
Embed time: 0.02 seconds
Extract time: 0.01 seconds
0.03333333333333333
Embed time: 0.09 seconds
Extract time: 0.01 seconds
0.0
Embed time: 0.07 seconds
Extract time: 0.01 seconds
0.13333333333333333
Embed time: 0.02 seconds
Extract time: 0.01 seconds
0.0
Embed time: 0.01 seconds
Extract time: 0.09 seconds
0.06666666666666667
Embed time: 0.08 seconds
Extract time: 0.01 seconds
0.0
Embed time: 0.01 seconds
Extract time: 0.01 seconds
0.06666666666666667
Embed time: 0.01 seconds
Extract time: 0.02 seconds
0.06666666666666667
Embed time: 0.05 seconds
Extract time: 0.01 seconds
0.0
Embed time: 0.01 seconds
Extract time: 0.01 seconds
0.0
Embed time: 0.02 seconds
Extract time: 0.09 seconds
0.0
Embed time: 0.07 seconds
Extract time: 0.01 seconds
0.06666666666666667
Embed time: 0.02 seconds
Extract time: 0.01 seconds
0.0
Embed time: 0.01 seconds
Extract time: 0.02 seconds
0.03333333333333333
Embed time: 0.07 seconds
Extract time: 0.01 seconds
0.03333333333333333
Embed time: 0.08 seconds
Extract time: 0.01 seconds
0.0
Embed time: 0.01 seconds
Extract time: 0.01 seconds
0.0
Embed time: 0.01 seconds
Extract time: 0.08 seconds
0.0
Embed time: 0.01 seconds
Extract time: 0.08 seconds
0.03333333333333333
Embed time: 0.08 seconds
Extract time: 0.02 seconds
0.0
Embed time: 0.02 seconds
Extract time: 0.01 seconds
0.0
Embed time: 0.01 seconds
Extract time: 0.01 seconds
0.0
Embed time: 0.01 seconds
Extract time: 0.01 seconds
0.0
Embed time: 0.08 seconds
Extract time: 0.01 seconds
0.03333333333333333
Embed time: 0.08 seconds
Extract time: 0.01 seconds
0.0
Embed time: 0.01 seconds
Extract time: 0.01 seconds
0.0
Embed time: 0.02 seconds
Extract time: 0.01 seconds
0.0
Embed time: 0.01 seconds
Extract time: 0.08 seconds
0.0
Embed time: 0.01 seconds
Extract time: 0.02 seconds
0.2
Embed time: 0.08 seconds
Extract time: 0.02 seconds
0.13333333333333333
Embed time: 0.01 seconds
Extract time: 0.09 seconds
0.06666666666666667
Embed time: 0.08 seconds
Extract time: 0.01 seconds
0.0
Embed time: 0.01 seconds
Extract time: 0.09 seconds
0.03333333333333333
Embed time: 0.08 seconds
Extract time: 0.01 seconds
0.0
Embed time: 0.08 seconds
Extract time: 0.01 seconds
0.0
Embed time: 0.07 seconds
Extract time: 0.01 seconds
0.03333333333333333
Embed time: 0.02 seconds
Extract time: 0.01 seconds
0.0
Embed time: 0.01 seconds
Extract time: 0.01 seconds
0.0
Embed time: 0.09 seconds
Extract time: 0.01 seconds
0.0
Embed time: 0.01 seconds
Extract time: 0.01 seconds
0.1
Embed time: 0.10 seconds
Extract time: 0.01 seconds
0.0
Embed time: 0.01 seconds
Extract time: 0.01 seconds
0.0
Embed time: 0.08 seconds
Extract time: 0.01 seconds
0.03333333333333333
Embed time: 0.08 seconds
Extract time: 0.01 seconds
0.06666666666666667
Embed time: 0.01 seconds
Extract time: 0.01 seconds
0.16666666666666666
Embed time: 0.01 seconds
Extract time: 0.08 seconds
0.0
Embed time: 0.08 seconds
Extract time: 0.01 seconds
0.0
Embed time: 0.07 seconds
Extract time: 0.01 seconds
0.0
Embed time: 0.01 seconds
Extract time: 0.01 seconds
0.06666666666666667
Embed time: 0.01 seconds
Extract time: 0.09 seconds
0.0
Embed time: 0.09 seconds
Extract time: 0.01 seconds
0.0
Embed time: 0.08 seconds
Extract time: 0.01 seconds
0.16666666666666666
Embed time: 0.07 seconds
Extract time: 0.01 seconds
0.0
Embed time: 0.09 seconds
Extract time: 0.01 seconds
0.0
Embed time: 0.08 seconds
Extract time: 0.01 seconds
0.0
Embed time: 0.01 seconds
Extract time: 0.01 seconds
0.0
Embed time: 0.01 seconds
Extract time: 0.01 seconds
0.03333333333333333
25-07-13 13:23:58.012 - INFO: # Validation Gaussian Noise for iteration 2500 # PSNR_Stego: 1.3430e+01, Bit_acc: 1.4933e-02
2025-07-13 13:23:58,012 - INFO - # Validation Gaussian Noise for iteration 2500 # PSNR_Stego: 1.3430e+01, Bit_acc: 1.4933e-02
25-07-13 13:23:58.013 - INFO: <epoch:  4, iter:   2,500> PSNR_Stego: 1.3430e+01, Bit_acc:  1.4933e-02
2025-07-13 13:23:58,013 - INFO - <epoch:  4, iter:   2,500> PSNR_Stego: 1.3430e+01, Bit_acc:  1.4933e-02
----- End Validation with Gaussian Noise 10 for iteration 2500 -----
25-07-13 13:23:58.014 - INFO: Saving models and training states.
2025-07-13 13:23:58,014 - INFO - Saving models and training states.
Checkpoint save path: /workspace/EditGuard-V1/experiments/train_ibsn_bit_64/models/2500_G.pth

===== Checkpoint State Path: /workspace/EditGuard-V1/experiments/train_ibsn_bit_64/training_state/2500.state =====

========== Epoch: 5 ==========
25-07-13 13:26:23.599 - INFO: <epoch:  5, iter:   2,600, lr:1.000e-04> l_forw_fit: 5.1061e+01 l_msg: 6.5748e-03 
2025-07-13 13:26:23,599 - INFO - <epoch:  5, iter:   2,600, lr:1.000e-04> l_forw_fit: 5.1061e+01 l_msg: 6.5748e-03 
25-07-13 13:27:08.786 - INFO: <epoch:  5, iter:   2,700, lr:1.000e-04> l_forw_fit: 3.2834e+01 l_msg: 1.0241e-02 
2025-07-13 13:27:08,786 - INFO - <epoch:  5, iter:   2,700, lr:1.000e-04> l_forw_fit: 3.2834e+01 l_msg: 1.0241e-02 
25-07-13 13:27:56.277 - INFO: <epoch:  5, iter:   2,800, lr:1.000e-04> l_forw_fit: 5.8925e+01 l_msg: 3.2485e-02 
2025-07-13 13:27:56,277 - INFO - <epoch:  5, iter:   2,800, lr:1.000e-04> l_forw_fit: 5.8925e+01 l_msg: 3.2485e-02 
25-07-13 13:28:42.851 - INFO: <epoch:  5, iter:   2,900, lr:1.000e-04> l_forw_fit: 3.9395e+01 l_msg: 3.9235e-03 
2025-07-13 13:28:42,851 - INFO - <epoch:  5, iter:   2,900, lr:1.000e-04> l_forw_fit: 3.9395e+01 l_msg: 3.9235e-03 
25-07-13 13:29:11.009 - INFO: <epoch:  5, iter:   3,000, lr:1.000e-04> l_forw_fit: 3.1686e+01 l_msg: 7.4712e-03 
2025-07-13 13:29:11,009 - INFO - <epoch:  5, iter:   3,000, lr:1.000e-04> l_forw_fit: 3.1686e+01 l_msg: 7.4712e-03 
----- Start Validation with JPEG 70 for iteration 3000 -----
Embed time: 0.03 seconds
Extract time: 0.02 seconds
0.0
Embed time: 0.02 seconds
Extract time: 0.02 seconds
0.06666666666666667
Embed time: 0.08 seconds
Extract time: 0.02 seconds
0.3
Embed time: 0.02 seconds
Extract time: 0.02 seconds
0.0
Embed time: 0.09 seconds
Extract time: 0.01 seconds
0.1
Embed time: 0.03 seconds
Extract time: 0.01 seconds
0.03333333333333333
Embed time: 0.01 seconds
Extract time: 0.01 seconds
0.06666666666666667
Embed time: 0.05 seconds
Extract time: 0.02 seconds
0.03333333333333333
Embed time: 0.02 seconds
Extract time: 0.01 seconds
0.1
Embed time: 0.01 seconds
Extract time: 0.01 seconds
0.03333333333333333
Embed time: 0.04 seconds
Extract time: 0.02 seconds
0.06666666666666667
Embed time: 0.02 seconds
Extract time: 0.02 seconds
0.03333333333333333
Embed time: 0.02 seconds
Extract time: 0.02 seconds
0.06666666666666667
Embed time: 0.03 seconds
Extract time: 0.01 seconds
0.03333333333333333
Embed time: 0.02 seconds
Extract time: 0.01 seconds
0.03333333333333333
Embed time: 0.02 seconds
Extract time: 0.01 seconds
0.06666666666666667
Embed time: 0.05 seconds
Extract time: 0.02 seconds
0.16666666666666666
Embed time: 0.05 seconds
Extract time: 0.02 seconds
0.06666666666666667
Embed time: 0.09 seconds
Extract time: 0.01 seconds
0.0
Embed time: 0.04 seconds
Extract time: 0.01 seconds
0.03333333333333333
Embed time: 0.08 seconds
Extract time: 0.01 seconds
0.0
Embed time: 0.01 seconds
Extract time: 0.01 seconds
0.1
Embed time: 0.06 seconds
Extract time: 0.01 seconds
0.1
Embed time: 0.02 seconds
Extract time: 0.01 seconds
0.03333333333333333
Embed time: 0.02 seconds
Extract time: 0.02 seconds
0.13333333333333333
Embed time: 0.04 seconds
Extract time: 0.01 seconds
0.06666666666666667
Embed time: 0.02 seconds
Extract time: 0.02 seconds
0.06666666666666667
Embed time: 0.01 seconds
Extract time: 0.02 seconds
0.06666666666666667
Embed time: 0.04 seconds
Extract time: 0.02 seconds
0.03333333333333333
Embed time: 0.02 seconds
Extract time: 0.02 seconds
0.03333333333333333
Embed time: 0.09 seconds
Extract time: 0.01 seconds
0.3
Embed time: 0.02 seconds
Extract time: 0.04 seconds
0.06666666666666667
Embed time: 0.01 seconds
Extract time: 0.02 seconds
0.03333333333333333
Embed time: 0.03 seconds
Extract time: 0.02 seconds
0.03333333333333333
Embed time: 0.09 seconds
Extract time: 0.02 seconds
0.06666666666666667
Embed time: 0.02 seconds
Extract time: 0.01 seconds
0.0
Embed time: 0.02 seconds
Extract time: 0.02 seconds
0.0
Embed time: 0.08 seconds
Extract time: 0.01 seconds
0.06666666666666667
Embed time: 0.02 seconds
Extract time: 0.02 seconds
0.06666666666666667
Embed time: 0.09 seconds
Extract time: 0.02 seconds
0.03333333333333333
Embed time: 0.02 seconds
Extract time: 0.01 seconds
0.03333333333333333
Embed time: 0.02 seconds
Extract time: 0.02 seconds
0.13333333333333333
Embed time: 0.08 seconds
Extract time: 0.02 seconds
0.06666666666666667
Embed time: 0.08 seconds
Extract time: 0.02 seconds
0.06666666666666667
Embed time: 0.02 seconds
Extract time: 0.01 seconds
0.0
Embed time: 0.07 seconds
Extract time: 0.02 seconds
0.03333333333333333
Embed time: 0.02 seconds
Extract time: 0.02 seconds
0.06666666666666667
Embed time: 0.03 seconds
Extract time: 0.01 seconds
0.03333333333333333
Embed time: 0.01 seconds
Extract time: 0.01 seconds
0.06666666666666667
Embed time: 0.04 seconds
Extract time: 0.01 seconds
0.06666666666666667
Embed time: 0.01 seconds
Extract time: 0.01 seconds
0.13333333333333333
Embed time: 0.02 seconds
Extract time: 0.02 seconds
0.0
Embed time: 0.04 seconds
Extract time: 0.01 seconds
0.03333333333333333
Embed time: 0.05 seconds
Extract time: 0.02 seconds
0.03333333333333333
Embed time: 0.08 seconds
Extract time: 0.01 seconds
0.16666666666666666
Embed time: 0.04 seconds
Extract time: 0.01 seconds
0.0
Embed time: 0.09 seconds
Extract time: 0.02 seconds
0.1
Embed time: 0.04 seconds
Extract time: 0.01 seconds
0.13333333333333333
Embed time: 0.08 seconds
Extract time: 0.01 seconds
0.0
Embed time: 0.02 seconds
Extract time: 0.01 seconds
0.06666666666666667
Embed time: 0.08 seconds
Extract time: 0.02 seconds
0.0
Embed time: 0.02 seconds
Extract time: 0.02 seconds
0.03333333333333333
Embed time: 0.09 seconds
Extract time: 0.02 seconds
0.0
Embed time: 0.02 seconds
Extract time: 0.02 seconds
0.06666666666666667
Embed time: 0.09 seconds
Extract time: 0.02 seconds
0.0
Embed time: 0.08 seconds
Extract time: 0.01 seconds
0.0
Embed time: 0.05 seconds
Extract time: 0.01 seconds
0.16666666666666666
Embed time: 0.05 seconds
Extract time: 0.02 seconds
0.0
Embed time: 0.09 seconds
Extract time: 0.01 seconds
0.0
Embed time: 0.04 seconds
Extract time: 0.01 seconds
0.0
Embed time: 0.02 seconds
Extract time: 0.02 seconds
0.06666666666666667
Embed time: 0.03 seconds
Extract time: 0.02 seconds
0.2
Embed time: 0.09 seconds
Extract time: 0.02 seconds
0.13333333333333333
Embed time: 0.02 seconds
Extract time: 0.02 seconds
0.06666666666666667
Embed time: 0.04 seconds
Extract time: 0.01 seconds
0.0
Embed time: 0.07 seconds
Extract time: 0.02 seconds
0.03333333333333333
Embed time: 0.01 seconds
Extract time: 0.06 seconds
0.0
Embed time: 0.08 seconds
Extract time: 0.02 seconds
0.0
Embed time: 0.04 seconds
Extract time: 0.01 seconds
0.0
Embed time: 0.01 seconds
Extract time: 0.02 seconds
0.16666666666666666
Embed time: 0.05 seconds
Extract time: 0.02 seconds
0.03333333333333333
Embed time: 0.02 seconds
Extract time: 0.01 seconds
0.06666666666666667
Embed time: 0.08 seconds
Extract time: 0.01 seconds
0.06666666666666667
Embed time: 0.05 seconds
Extract time: 0.01 seconds
0.0
Embed time: 0.09 seconds
Extract time: 0.01 seconds
0.13333333333333333
Embed time: 0.04 seconds
Extract time: 0.01 seconds
0.0
Embed time: 0.01 seconds
Extract time: 0.01 seconds
0.16666666666666666
Embed time: 0.06 seconds
Extract time: 0.01 seconds
0.06666666666666667
Embed time: 0.02 seconds
Extract time: 0.01 seconds
0.03333333333333333
Embed time: 0.01 seconds
Extract time: 0.01 seconds
0.03333333333333333
Embed time: 0.05 seconds
Extract time: 0.01 seconds
0.06666666666666667
Embed time: 0.01 seconds
Extract time: 0.01 seconds
0.03333333333333333
Embed time: 0.09 seconds
Extract time: 0.01 seconds
0.03333333333333333
Embed time: 0.04 seconds
Extract time: 0.01 seconds
0.03333333333333333
Embed time: 0.08 seconds
Extract time: 0.01 seconds
0.03333333333333333
Embed time: 0.05 seconds
Extract time: 0.02 seconds
0.03333333333333333
Embed time: 0.09 seconds
Extract time: 0.01 seconds
0.03333333333333333
Embed time: 0.05 seconds
Extract time: 0.02 seconds
0.06666666666666667
Embed time: 0.02 seconds
Extract time: 0.01 seconds
0.03333333333333333
Embed time: 0.06 seconds
Extract time: 0.02 seconds
0.13333333333333333
25-07-13 13:29:25.925 - INFO: # Validation JPEG for iteration 3000 # PSNR_Stego: 2.7420e+01, Bit_acc: 5.8667e-02
2025-07-13 13:29:25,925 - INFO - # Validation JPEG for iteration 3000 # PSNR_Stego: 2.7420e+01, Bit_acc: 5.8667e-02
25-07-13 13:29:25.927 - INFO: <epoch:  5, iter:   3,000> PSNR_Stego: 2.7420e+01, Bit_acc:  5.8667e-02
2025-07-13 13:29:25,927 - INFO - <epoch:  5, iter:   3,000> PSNR_Stego: 2.7420e+01, Bit_acc:  5.8667e-02
----- End Validation with JPEG 70 for iteration 3000 -----
----- Start Validation with Gaussian Noise 10 for iteration 3000 -----
Embed time: 0.05 seconds
Extract time: 0.02 seconds
0.0
Embed time: 0.03 seconds
Extract time: 0.05 seconds
0.0
Embed time: 0.06 seconds
Extract time: 0.02 seconds
0.0
Embed time: 0.03 seconds
Extract time: 0.02 seconds
0.0
Embed time: 0.10 seconds
Extract time: 0.02 seconds
0.0
Embed time: 0.06 seconds
Extract time: 0.01 seconds
0.0
Embed time: 0.02 seconds
Extract time: 0.02 seconds
0.0
Embed time: 0.09 seconds
Extract time: 0.01 seconds
0.0
Embed time: 0.07 seconds
Extract time: 0.01 seconds
0.0
Embed time: 0.08 seconds
Extract time: 0.01 seconds
0.03333333333333333
Embed time: 0.10 seconds
Extract time: 0.02 seconds
0.0
Embed time: 0.01 seconds
Extract time: 0.01 seconds
0.0
Embed time: 0.02 seconds
Extract time: 0.03 seconds
0.0
Embed time: 0.05 seconds
Extract time: 0.01 seconds
0.0
Embed time: 0.02 seconds
Extract time: 0.07 seconds
0.0
Embed time: 0.06 seconds
Extract time: 0.01 seconds
0.0
Embed time: 0.01 seconds
Extract time: 0.01 seconds
0.03333333333333333
Embed time: 0.10 seconds
Extract time: 0.02 seconds
0.0
Embed time: 0.02 seconds
Extract time: 0.01 seconds
0.0
Embed time: 0.08 seconds
Extract time: 0.03 seconds
0.0
Embed time: 0.09 seconds
Extract time: 0.01 seconds
0.0
Embed time: 0.07 seconds
Extract time: 0.02 seconds
0.03333333333333333
Embed time: 0.09 seconds
Extract time: 0.02 seconds
0.06666666666666667
Embed time: 0.02 seconds
Extract time: 0.01 seconds
0.0
Embed time: 0.03 seconds
Extract time: 0.01 seconds
0.0
Embed time: 0.09 seconds
Extract time: 0.02 seconds
0.0
Embed time: 0.06 seconds
Extract time: 0.01 seconds
0.03333333333333333
Embed time: 0.02 seconds
Extract time: 0.01 seconds
0.0
Embed time: 0.02 seconds
Extract time: 0.02 seconds
0.03333333333333333
Embed time: 0.06 seconds
Extract time: 0.02 seconds
0.0
Embed time: 0.02 seconds
Extract time: 0.01 seconds
0.13333333333333333
Embed time: 0.04 seconds
Extract time: 0.05 seconds
0.03333333333333333
Embed time: 0.06 seconds
Extract time: 0.01 seconds
0.0
Embed time: 0.07 seconds
Extract time: 0.01 seconds
0.0
Embed time: 0.07 seconds
Extract time: 0.01 seconds
0.06666666666666667
Embed time: 0.08 seconds
Extract time: 0.02 seconds
0.0
Embed time: 0.06 seconds
Extract time: 0.02 seconds
0.0
Embed time: 0.09 seconds
Extract time: 0.06 seconds
0.0
Embed time: 0.02 seconds
Extract time: 0.01 seconds
0.0
Embed time: 0.02 seconds
Extract time: 0.03 seconds
0.0
Embed time: 0.06 seconds
Extract time: 0.01 seconds
0.0
Embed time: 0.02 seconds
Extract time: 0.02 seconds
0.06666666666666667
Embed time: 0.08 seconds
Extract time: 0.01 seconds
0.0
Embed time: 0.07 seconds
Extract time: 0.01 seconds
0.1
Embed time: 0.02 seconds
Extract time: 0.06 seconds
0.0
Embed time: 0.08 seconds
Extract time: 0.01 seconds
0.0
Embed time: 0.02 seconds
Extract time: 0.02 seconds
0.0
Embed time: 0.02 seconds
Extract time: 0.01 seconds
0.0
Embed time: 0.07 seconds
Extract time: 0.02 seconds
0.0
Embed time: 0.07 seconds
Extract time: 0.01 seconds
0.0
Embed time: 0.08 seconds
Extract time: 0.02 seconds
0.0
Embed time: 0.02 seconds
Extract time: 0.01 seconds
0.0
Embed time: 0.09 seconds
Extract time: 0.01 seconds
0.0
Embed time: 0.07 seconds
Extract time: 0.01 seconds
0.0
Embed time: 0.08 seconds
Extract time: 0.01 seconds
0.0
Embed time: 0.08 seconds
Extract time: 0.01 seconds
0.0
Embed time: 0.02 seconds
Extract time: 0.01 seconds
0.0
Embed time: 0.09 seconds
Extract time: 0.01 seconds
0.0
Embed time: 0.07 seconds
Extract time: 0.02 seconds
0.0
Embed time: 0.06 seconds
Extract time: 0.02 seconds
0.06666666666666667
Embed time: 0.02 seconds
Extract time: 0.02 seconds
0.0
Embed time: 0.09 seconds
Extract time: 0.03 seconds
0.0
Embed time: 0.03 seconds
Extract time: 0.02 seconds
0.0
Embed time: 0.02 seconds
Extract time: 0.02 seconds
0.03333333333333333
Embed time: 0.08 seconds
Extract time: 0.02 seconds
0.0
Embed time: 0.02 seconds
Extract time: 0.08 seconds
0.0
Embed time: 0.05 seconds
Extract time: 0.02 seconds
0.0
Embed time: 0.07 seconds
Extract time: 0.02 seconds
0.0
Embed time: 0.06 seconds
Extract time: 0.02 seconds
0.0
Embed time: 0.06 seconds
Extract time: 0.01 seconds
0.03333333333333333
Embed time: 0.09 seconds
Extract time: 0.01 seconds
0.0
Embed time: 0.07 seconds
Extract time: 0.01 seconds
0.1
Embed time: 0.01 seconds
Extract time: 0.01 seconds
0.06666666666666667
Embed time: 0.09 seconds
Extract time: 0.01 seconds
0.0
Embed time: 0.07 seconds
Extract time: 0.01 seconds
0.0
Embed time: 0.02 seconds
Extract time: 0.01 seconds
0.0
Embed time: 0.09 seconds
Extract time: 0.01 seconds
0.0
Embed time: 0.02 seconds
Extract time: 0.01 seconds
0.03333333333333333
Embed time: 0.09 seconds
Extract time: 0.01 seconds
0.0
Embed time: 0.08 seconds
Extract time: 0.01 seconds
0.0
Embed time: 0.02 seconds
Extract time: 0.02 seconds
0.0
Embed time: 0.09 seconds
Extract time: 0.01 seconds
0.03333333333333333
Embed time: 0.06 seconds
Extract time: 0.01 seconds
0.0
Embed time: 0.02 seconds
Extract time: 0.01 seconds
0.0
Embed time: 0.08 seconds
Extract time: 0.01 seconds
0.0
Embed time: 0.08 seconds
Extract time: 0.01 seconds
0.0
Embed time: 0.08 seconds
Extract time: 0.01 seconds
0.0
Embed time: 0.08 seconds
Extract time: 0.01 seconds
0.03333333333333333
Embed time: 0.01 seconds
Extract time: 0.01 seconds
0.0
Embed time: 0.02 seconds
Extract time: 0.01 seconds
0.0
Embed time: 0.01 seconds
Extract time: 0.01 seconds
0.0
Embed time: 0.01 seconds
Extract time: 0.01 seconds
0.06666666666666667
Embed time: 0.01 seconds
Extract time: 0.07 seconds
0.0
Embed time: 0.08 seconds
Extract time: 0.01 seconds
0.03333333333333333
Embed time: 0.02 seconds
Extract time: 0.02 seconds
0.13333333333333333
Embed time: 0.06 seconds
Extract time: 0.02 seconds
0.0
Embed time: 0.06 seconds
Extract time: 0.01 seconds
0.0
Embed time: 0.07 seconds
Extract time: 0.01 seconds
0.0
Embed time: 0.01 seconds
Extract time: 0.01 seconds
0.0
Embed time: 0.01 seconds
Extract time: 0.01 seconds
0.0
25-07-13 13:29:39.782 - INFO: # Validation Gaussian Noise for iteration 3000 # PSNR_Stego: 1.3676e+01, Bit_acc: 6.6267e-03
2025-07-13 13:29:39,782 - INFO - # Validation Gaussian Noise for iteration 3000 # PSNR_Stego: 1.3676e+01, Bit_acc: 6.6267e-03
25-07-13 13:29:39.782 - INFO: <epoch:  5, iter:   3,000> PSNR_Stego: 1.3676e+01, Bit_acc:  6.6267e-03
2025-07-13 13:29:39,782 - INFO - <epoch:  5, iter:   3,000> PSNR_Stego: 1.3676e+01, Bit_acc:  6.6267e-03
----- End Validation with Gaussian Noise 10 for iteration 3000 -----
25-07-13 13:29:39.783 - INFO: Saving models and training states.
2025-07-13 13:29:39,783 - INFO - Saving models and training states.
Checkpoint save path: /workspace/EditGuard-V1/experiments/train_ibsn_bit_64/models/3000_G.pth

===== Checkpoint State Path: /workspace/EditGuard-V1/experiments/train_ibsn_bit_64/training_state/3000.state =====

========== Epoch: 6 ==========
25-07-13 13:32:12.550 - INFO: <epoch:  6, iter:   3,100, lr:1.000e-04> l_forw_fit: 2.6234e+01 l_msg: 2.0947e-03 
2025-07-13 13:32:12,550 - INFO - <epoch:  6, iter:   3,100, lr:1.000e-04> l_forw_fit: 2.6234e+01 l_msg: 2.0947e-03 
25-07-13 13:32:56.909 - INFO: <epoch:  6, iter:   3,200, lr:1.000e-04> l_forw_fit: 2.8446e+01 l_msg: 7.0240e-04 
2025-07-13 13:32:56,909 - INFO - <epoch:  6, iter:   3,200, lr:1.000e-04> l_forw_fit: 2.8446e+01 l_msg: 7.0240e-04 
25-07-13 13:33:45.738 - INFO: <epoch:  6, iter:   3,300, lr:1.000e-04> l_forw_fit: 5.8643e+01 l_msg: 1.4119e-02 
2025-07-13 13:33:45,738 - INFO - <epoch:  6, iter:   3,300, lr:1.000e-04> l_forw_fit: 5.8643e+01 l_msg: 1.4119e-02 
25-07-13 13:34:36.485 - INFO: <epoch:  6, iter:   3,400, lr:1.000e-04> l_forw_fit: 5.2459e+01 l_msg: 3.3828e-02 
2025-07-13 13:34:36,485 - INFO - <epoch:  6, iter:   3,400, lr:1.000e-04> l_forw_fit: 5.2459e+01 l_msg: 3.3828e-02 
25-07-13 13:35:04.463 - INFO: <epoch:  6, iter:   3,500, lr:1.000e-04> l_forw_fit: 3.6171e+01 l_msg: 1.8163e-03 
2025-07-13 13:35:04,463 - INFO - <epoch:  6, iter:   3,500, lr:1.000e-04> l_forw_fit: 3.6171e+01 l_msg: 1.8163e-03 
----- Start Validation with JPEG 70 for iteration 3500 -----
Embed time: 0.05 seconds
Extract time: 0.02 seconds
0.06666666666666667
Embed time: 0.02 seconds
Extract time: 0.01 seconds
0.2
Embed time: 0.02 seconds
Extract time: 0.02 seconds
0.06666666666666667
Embed time: 0.04 seconds
Extract time: 0.02 seconds
0.06666666666666667
Embed time: 0.02 seconds
Extract time: 0.02 seconds
0.23333333333333334
Embed time: 0.09 seconds
Extract time: 0.01 seconds
0.1
Embed time: 0.04 seconds
Extract time: 0.01 seconds
0.03333333333333333
Embed time: 0.02 seconds
Extract time: 0.01 seconds
0.0
Embed time: 0.06 seconds
Extract time: 0.02 seconds
0.06666666666666667
Embed time: 0.01 seconds
Extract time: 0.01 seconds
0.06666666666666667
Embed time: 0.09 seconds
Extract time: 0.02 seconds
0.1
Embed time: 0.03 seconds
Extract time: 0.02 seconds
0.1
Embed time: 0.08 seconds
Extract time: 0.01 seconds
0.13333333333333333
Embed time: 0.02 seconds
Extract time: 0.02 seconds
0.06666666666666667
Embed time: 0.09 seconds
Extract time: 0.02 seconds
0.2
Embed time: 0.02 seconds
Extract time: 0.02 seconds
0.03333333333333333
Embed time: 0.01 seconds
Extract time: 0.02 seconds
0.16666666666666666
Embed time: 0.03 seconds
Extract time: 0.01 seconds
0.0
Embed time: 0.02 seconds
Extract time: 0.01 seconds
0.0
Embed time: 0.09 seconds
Extract time: 0.02 seconds
0.06666666666666667
Embed time: 0.03 seconds
Extract time: 0.02 seconds
0.2
Embed time: 0.03 seconds
Extract time: 0.01 seconds
0.2
Embed time: 0.01 seconds
Extract time: 0.01 seconds
0.16666666666666666
Embed time: 0.01 seconds
Extract time: 0.02 seconds
0.1
Embed time: 0.03 seconds
Extract time: 0.01 seconds
0.03333333333333333
Embed time: 0.01 seconds
Extract time: 0.02 seconds
0.36666666666666664
Embed time: 0.05 seconds
Extract time: 0.01 seconds
0.16666666666666666
Embed time: 0.05 seconds
Extract time: 0.01 seconds
0.06666666666666667
Embed time: 0.10 seconds
Extract time: 0.02 seconds
0.13333333333333333
Embed time: 0.01 seconds
Extract time: 0.01 seconds
0.23333333333333334
Embed time: 0.05 seconds
Extract time: 0.01 seconds
0.3333333333333333
Embed time: 0.02 seconds
Extract time: 0.01 seconds
0.13333333333333333
Embed time: 0.05 seconds
Extract time: 0.01 seconds
0.13333333333333333
Embed time: 0.02 seconds
Extract time: 0.03 seconds
0.13333333333333333
Embed time: 0.02 seconds
Extract time: 0.01 seconds
0.1
Embed time: 0.02 seconds
Extract time: 0.01 seconds
0.13333333333333333
Embed time: 0.09 seconds
Extract time: 0.01 seconds
0.03333333333333333
Embed time: 0.03 seconds
Extract time: 0.01 seconds
0.1
Embed time: 0.09 seconds
Extract time: 0.01 seconds
0.06666666666666667
Embed time: 0.05 seconds
Extract time: 0.01 seconds
0.0
Embed time: 0.09 seconds
Extract time: 0.01 seconds
0.0
Embed time: 0.02 seconds
Extract time: 0.03 seconds
0.2
Embed time: 0.07 seconds
Extract time: 0.02 seconds
0.23333333333333334
Embed time: 0.02 seconds
Extract time: 0.02 seconds
0.3333333333333333
Embed time: 0.09 seconds
Extract time: 0.01 seconds
0.13333333333333333
Embed time: 0.02 seconds
Extract time: 0.01 seconds
0.26666666666666666
Embed time: 0.09 seconds
Extract time: 0.02 seconds
0.13333333333333333
Embed time: 0.02 seconds
Extract time: 0.01 seconds
0.03333333333333333
Embed time: 0.09 seconds
Extract time: 0.01 seconds
0.1
Embed time: 0.01 seconds
Extract time: 0.01 seconds
0.3
Embed time: 0.01 seconds
Extract time: 0.02 seconds
0.13333333333333333
Embed time: 0.04 seconds
Extract time: 0.01 seconds
0.2
Embed time: 0.09 seconds
Extract time: 0.02 seconds
0.13333333333333333
Embed time: 0.03 seconds
Extract time: 0.02 seconds
0.1
Embed time: 0.07 seconds
Extract time: 0.02 seconds
0.2
Embed time: 0.03 seconds
Extract time: 0.01 seconds
0.13333333333333333
Embed time: 0.03 seconds
Extract time: 0.02 seconds
0.26666666666666666
Embed time: 0.02 seconds
Extract time: 0.02 seconds
0.13333333333333333
Embed time: 0.09 seconds
Extract time: 0.03 seconds
0.1
Embed time: 0.09 seconds
Extract time: 0.05 seconds
0.06666666666666667
Embed time: 0.08 seconds
Extract time: 0.02 seconds
0.1
Embed time: 0.02 seconds
Extract time: 0.02 seconds
0.06666666666666667
Embed time: 0.09 seconds
Extract time: 0.02 seconds
0.03333333333333333
Embed time: 0.02 seconds
Extract time: 0.02 seconds
0.2
Embed time: 0.09 seconds
Extract time: 0.02 seconds
0.0
Embed time: 0.02 seconds
Extract time: 0.02 seconds
0.06666666666666667
Embed time: 0.09 seconds
Extract time: 0.02 seconds
0.2
Embed time: 0.09 seconds
Extract time: 0.01 seconds
0.3333333333333333
Embed time: 0.05 seconds
Extract time: 0.03 seconds
0.06666666666666667
Embed time: 0.09 seconds
Extract time: 0.02 seconds
0.3
Embed time: 0.03 seconds
Extract time: 0.03 seconds
0.0
Embed time: 0.02 seconds
Extract time: 0.02 seconds
0.3
Embed time: 0.02 seconds
Extract time: 0.02 seconds
0.13333333333333333
Embed time: 0.04 seconds
Extract time: 0.02 seconds
0.06666666666666667
Embed time: 0.09 seconds
Extract time: 0.02 seconds
0.23333333333333334
Embed time: 0.09 seconds
Extract time: 0.02 seconds
0.26666666666666666
Embed time: 0.02 seconds
Extract time: 0.02 seconds
0.03333333333333333
Embed time: 0.09 seconds
Extract time: 0.02 seconds
0.03333333333333333
Embed time: 0.02 seconds
Extract time: 0.02 seconds
0.2
Embed time: 0.08 seconds
Extract time: 0.02 seconds
0.16666666666666666
Embed time: 0.02 seconds
Extract time: 0.02 seconds
0.03333333333333333
Embed time: 0.10 seconds
Extract time: 0.02 seconds
0.0
Embed time: 0.04 seconds
Extract time: 0.03 seconds
0.13333333333333333
Embed time: 0.05 seconds
Extract time: 0.02 seconds
0.16666666666666666
Embed time: 0.09 seconds
Extract time: 0.02 seconds
0.03333333333333333
Embed time: 0.02 seconds
Extract time: 0.01 seconds
0.16666666666666666
Embed time: 0.01 seconds
Extract time: 0.01 seconds
0.16666666666666666
Embed time: 0.09 seconds
Extract time: 0.02 seconds
0.1
Embed time: 0.02 seconds
Extract time: 0.01 seconds
0.13333333333333333
Embed time: 0.01 seconds
Extract time: 0.02 seconds
0.16666666666666666
Embed time: 0.05 seconds
Extract time: 0.01 seconds
0.1
Embed time: 0.09 seconds
Extract time: 0.01 seconds
0.13333333333333333
Embed time: 0.02 seconds
Extract time: 0.03 seconds
0.1
Embed time: 0.05 seconds
Extract time: 0.02 seconds
0.1
Embed time: 0.02 seconds
Extract time: 0.02 seconds
0.36666666666666664
Embed time: 0.05 seconds
Extract time: 0.01 seconds
0.16666666666666666
Embed time: 0.02 seconds
Extract time: 0.01 seconds
0.16666666666666666
Embed time: 0.06 seconds
Extract time: 0.01 seconds
0.16666666666666666
Embed time: 0.02 seconds
Extract time: 0.02 seconds
0.03333333333333333
Embed time: 0.08 seconds
Extract time: 0.02 seconds
0.0
25-07-13 13:35:19.935 - INFO: # Validation JPEG for iteration 3500 # PSNR_Stego: 2.7265e+01, Bit_acc: 1.3033e-01
2025-07-13 13:35:19,935 - INFO - # Validation JPEG for iteration 3500 # PSNR_Stego: 2.7265e+01, Bit_acc: 1.3033e-01
25-07-13 13:35:19.938 - INFO: <epoch:  6, iter:   3,500> PSNR_Stego: 2.7265e+01, Bit_acc:  1.3033e-01
2025-07-13 13:35:19,938 - INFO - <epoch:  6, iter:   3,500> PSNR_Stego: 2.7265e+01, Bit_acc:  1.3033e-01
----- End Validation with JPEG 70 for iteration 3500 -----
----- Start Validation with Gaussian Noise 10 for iteration 3500 -----
Embed time: 0.04 seconds
Extract time: 0.01 seconds
0.0
Embed time: 0.03 seconds
Extract time: 0.02 seconds
0.0
Embed time: 0.09 seconds
Extract time: 0.01 seconds
0.1
Embed time: 0.02 seconds
Extract time: 0.01 seconds
0.03333333333333333
Embed time: 0.09 seconds
Extract time: 0.01 seconds
0.03333333333333333
Embed time: 0.06 seconds
Extract time: 0.01 seconds
0.0
Embed time: 0.02 seconds
Extract time: 0.07 seconds
0.03333333333333333
Embed time: 0.05 seconds
Extract time: 0.01 seconds
0.03333333333333333
Embed time: 0.09 seconds
Extract time: 0.01 seconds
0.0
Embed time: 0.09 seconds
Extract time: 0.02 seconds
0.0
Embed time: 0.09 seconds
Extract time: 0.02 seconds
0.0
Embed time: 0.09 seconds
Extract time: 0.02 seconds
0.0
Embed time: 0.04 seconds
Extract time: 0.02 seconds
0.0
Embed time: 0.02 seconds
Extract time: 0.01 seconds
0.0
Embed time: 0.09 seconds
Extract time: 0.01 seconds
0.03333333333333333
Embed time: 0.09 seconds
Extract time: 0.02 seconds
0.0
Embed time: 0.03 seconds
Extract time: 0.02 seconds
0.1
Embed time: 0.09 seconds
Extract time: 0.02 seconds
0.0
Embed time: 0.02 seconds
Extract time: 0.01 seconds
0.0
Embed time: 0.09 seconds
Extract time: 0.02 seconds
0.03333333333333333
Embed time: 0.02 seconds
Extract time: 0.01 seconds
0.03333333333333333
Embed time: 0.09 seconds
Extract time: 0.03 seconds
0.13333333333333333
Embed time: 0.09 seconds
Extract time: 0.01 seconds
0.06666666666666667
Embed time: 0.02 seconds
Extract time: 0.01 seconds
0.03333333333333333
Embed time: 0.09 seconds
Extract time: 0.02 seconds
0.0
Embed time: 0.02 seconds
Extract time: 0.02 seconds
0.03333333333333333
Embed time: 0.09 seconds
Extract time: 0.02 seconds
0.06666666666666667
Embed time: 0.01 seconds
Extract time: 0.01 seconds
0.06666666666666667
Embed time: 0.08 seconds
Extract time: 0.02 seconds
0.03333333333333333
Embed time: 0.02 seconds
Extract time: 0.02 seconds
0.06666666666666667
Embed time: 0.10 seconds
Extract time: 0.02 seconds
0.3333333333333333
Embed time: 0.03 seconds
Extract time: 0.01 seconds
0.06666666666666667
Embed time: 0.09 seconds
Extract time: 0.02 seconds
0.03333333333333333
Embed time: 0.02 seconds
Extract time: 0.02 seconds
0.0
Embed time: 0.05 seconds
Extract time: 0.02 seconds
0.0
Embed time: 0.02 seconds
Extract time: 0.01 seconds
0.03333333333333333
Embed time: 0.08 seconds
Extract time: 0.01 seconds
0.0
Embed time: 0.02 seconds
Extract time: 0.01 seconds
0.03333333333333333
Embed time: 0.09 seconds
Extract time: 0.03 seconds
0.0
Embed time: 0.08 seconds
Extract time: 0.05 seconds
0.0
Embed time: 0.02 seconds
Extract time: 0.01 seconds
0.03333333333333333
Embed time: 0.09 seconds
Extract time: 0.02 seconds
0.03333333333333333
Embed time: 0.09 seconds
Extract time: 0.02 seconds
0.03333333333333333
Embed time: 0.09 seconds
Extract time: 0.03 seconds
0.06666666666666667
Embed time: 0.02 seconds
Extract time: 0.03 seconds
0.0
Embed time: 0.08 seconds
Extract time: 0.04 seconds
0.16666666666666666
Embed time: 0.10 seconds
Extract time: 0.02 seconds
0.0
Embed time: 0.06 seconds
Extract time: 0.02 seconds
0.03333333333333333
Embed time: 0.03 seconds
Extract time: 0.02 seconds
0.0
Embed time: 0.06 seconds
Extract time: 0.02 seconds
0.03333333333333333
Embed time: 0.02 seconds
Extract time: 0.01 seconds
0.0
Embed time: 0.09 seconds
Extract time: 0.02 seconds
0.1
Embed time: 0.02 seconds
Extract time: 0.01 seconds
0.03333333333333333
Embed time: 0.09 seconds
Extract time: 0.01 seconds
0.0
Embed time: 0.07 seconds
Extract time: 0.01 seconds
0.1
Embed time: 0.09 seconds
Extract time: 0.01 seconds
0.0
Embed time: 0.02 seconds
Extract time: 0.08 seconds
0.03333333333333333
Embed time: 0.07 seconds
Extract time: 0.01 seconds
0.13333333333333333
Embed time: 0.10 seconds
Extract time: 0.02 seconds
0.0
Embed time: 0.08 seconds
Extract time: 0.02 seconds
0.0
Embed time: 0.06 seconds
Extract time: 0.01 seconds
0.0
Embed time: 0.02 seconds
Extract time: 0.01 seconds
0.0
Embed time: 0.08 seconds
Extract time: 0.01 seconds
0.1
Embed time: 0.08 seconds
Extract time: 0.01 seconds
0.2
Embed time: 0.01 seconds
Extract time: 0.01 seconds
0.03333333333333333
Embed time: 0.09 seconds
Extract time: 0.01 seconds
0.0
Embed time: 0.02 seconds
Extract time: 0.01 seconds
0.03333333333333333
Embed time: 0.08 seconds
Extract time: 0.01 seconds
0.03333333333333333
Embed time: 0.02 seconds
Extract time: 0.01 seconds
0.03333333333333333
Embed time: 0.09 seconds
Extract time: 0.01 seconds
0.16666666666666666
Embed time: 0.07 seconds
Extract time: 0.01 seconds
0.0
Embed time: 0.06 seconds
Extract time: 0.01 seconds
0.16666666666666666
Embed time: 0.09 seconds
Extract time: 0.01 seconds
0.03333333333333333
Embed time: 0.02 seconds
Extract time: 0.01 seconds
0.0
Embed time: 0.02 seconds
Extract time: 0.08 seconds
0.0
Embed time: 0.08 seconds
Extract time: 0.02 seconds
0.03333333333333333
Embed time: 0.07 seconds
Extract time: 0.01 seconds
0.0
Embed time: 0.09 seconds
Extract time: 0.01 seconds
0.0
Embed time: 0.07 seconds
Extract time: 0.01 seconds
0.06666666666666667
Embed time: 0.09 seconds
Extract time: 0.01 seconds
0.06666666666666667
Embed time: 0.02 seconds
Extract time: 0.01 seconds
0.0
Embed time: 0.11 seconds
Extract time: 0.02 seconds
0.0
Embed time: 0.02 seconds
Extract time: 0.06 seconds
0.06666666666666667
Embed time: 0.08 seconds
Extract time: 0.01 seconds
0.0
Embed time: 0.02 seconds
Extract time: 0.01 seconds
0.0
Embed time: 0.09 seconds
Extract time: 0.01 seconds
0.06666666666666667
Embed time: 0.02 seconds
Extract time: 0.02 seconds
0.0
Embed time: 0.09 seconds
Extract time: 0.02 seconds
0.03333333333333333
Embed time: 0.03 seconds
Extract time: 0.01 seconds
0.0
Embed time: 0.09 seconds
Extract time: 0.02 seconds
0.0
Embed time: 0.02 seconds
Extract time: 0.01 seconds
0.0
Embed time: 0.09 seconds
Extract time: 0.01 seconds
0.06666666666666667
Embed time: 0.02 seconds
Extract time: 0.09 seconds
0.0
Embed time: 0.10 seconds
Extract time: 0.02 seconds
0.03333333333333333
Embed time: 0.02 seconds
Extract time: 0.02 seconds
0.16666666666666666
Embed time: 0.11 seconds
Extract time: 0.02 seconds
0.0
Embed time: 0.02 seconds
Extract time: 0.01 seconds
0.0
Embed time: 0.09 seconds
Extract time: 0.01 seconds
0.16666666666666666
Embed time: 0.02 seconds
Extract time: 0.01 seconds
0.0
Embed time: 0.09 seconds
Extract time: 0.03 seconds
0.03333333333333333
25-07-13 13:35:35.503 - INFO: # Validation Gaussian Noise for iteration 3500 # PSNR_Stego: 1.3639e+01, Bit_acc: 1.9818e-02
2025-07-13 13:35:35,503 - INFO - # Validation Gaussian Noise for iteration 3500 # PSNR_Stego: 1.3639e+01, Bit_acc: 1.9818e-02
25-07-13 13:35:35.503 - INFO: <epoch:  6, iter:   3,500> PSNR_Stego: 1.3639e+01, Bit_acc:  1.9818e-02
2025-07-13 13:35:35,503 - INFO - <epoch:  6, iter:   3,500> PSNR_Stego: 1.3639e+01, Bit_acc:  1.9818e-02
----- End Validation with Gaussian Noise 10 for iteration 3500 -----
25-07-13 13:35:35.504 - INFO: Saving models and training states.
2025-07-13 13:35:35,504 - INFO - Saving models and training states.
Checkpoint save path: /workspace/EditGuard-V1/experiments/train_ibsn_bit_64/models/3500_G.pth

===== Checkpoint State Path: /workspace/EditGuard-V1/experiments/train_ibsn_bit_64/training_state/3500.state =====

========== Epoch: 7 ==========
25-07-13 13:38:11.296 - INFO: <epoch:  7, iter:   3,600, lr:1.000e-04> l_forw_fit: 3.3497e+01 l_msg: 1.7123e-02 
2025-07-13 13:38:11,296 - INFO - <epoch:  7, iter:   3,600, lr:1.000e-04> l_forw_fit: 3.3497e+01 l_msg: 1.7123e-02 
25-07-13 13:38:55.224 - INFO: <epoch:  7, iter:   3,700, lr:1.000e-04> l_forw_fit: 5.9169e+01 l_msg: 7.0212e-04 
2025-07-13 13:38:55,224 - INFO - <epoch:  7, iter:   3,700, lr:1.000e-04> l_forw_fit: 5.9169e+01 l_msg: 7.0212e-04 
25-07-13 13:39:39.608 - INFO: <epoch:  7, iter:   3,800, lr:1.000e-04> l_forw_fit: 3.9208e+01 l_msg: 3.8648e-03 
2025-07-13 13:39:39,608 - INFO - <epoch:  7, iter:   3,800, lr:1.000e-04> l_forw_fit: 3.9208e+01 l_msg: 3.8648e-03 
25-07-13 13:40:25.901 - INFO: <epoch:  7, iter:   3,900, lr:1.000e-04> l_forw_fit: 2.7701e+01 l_msg: 2.1333e-03 
2025-07-13 13:40:25,901 - INFO - <epoch:  7, iter:   3,900, lr:1.000e-04> l_forw_fit: 2.7701e+01 l_msg: 2.1333e-03 
25-07-13 13:40:54.487 - INFO: <epoch:  7, iter:   4,000, lr:1.000e-04> l_forw_fit: 2.7847e+01 l_msg: 1.9110e-03 
2025-07-13 13:40:54,487 - INFO - <epoch:  7, iter:   4,000, lr:1.000e-04> l_forw_fit: 2.7847e+01 l_msg: 1.9110e-03 
----- Start Validation with JPEG 70 for iteration 4000 -----
Embed time: 0.05 seconds
Extract time: 0.02 seconds
0.03333333333333333
Embed time: 0.05 seconds
Extract time: 0.03 seconds
0.0
Embed time: 0.02 seconds
Extract time: 0.02 seconds
0.13333333333333333
Embed time: 0.09 seconds
Extract time: 0.02 seconds
0.0
Embed time: 0.03 seconds
Extract time: 0.02 seconds
0.06666666666666667
Embed time: 0.10 seconds
Extract time: 0.03 seconds
0.0
Embed time: 0.09 seconds
Extract time: 0.02 seconds
0.06666666666666667
Embed time: 0.03 seconds
Extract time: 0.02 seconds
0.0
Embed time: 0.03 seconds
Extract time: 0.02 seconds
0.0
Embed time: 0.02 seconds
Extract time: 0.02 seconds
0.03333333333333333
Embed time: 0.09 seconds
Extract time: 0.02 seconds
0.0
Embed time: 0.08 seconds
Extract time: 0.02 seconds
0.03333333333333333
Embed time: 0.04 seconds
Extract time: 0.02 seconds
0.06666666666666667
Embed time: 0.06 seconds
Extract time: 0.02 seconds
0.0
Embed time: 0.02 seconds
Extract time: 0.03 seconds
0.0
Embed time: 0.02 seconds
Extract time: 0.01 seconds
0.0
Embed time: 0.09 seconds
Extract time: 0.01 seconds
0.03333333333333333
Embed time: 0.02 seconds
Extract time: 0.01 seconds
0.0
Embed time: 0.08 seconds
Extract time: 0.02 seconds
0.0
Embed time: 0.02 seconds
Extract time: 0.01 seconds
0.0
Embed time: 0.05 seconds
Extract time: 0.02 seconds
0.0
Embed time: 0.08 seconds
Extract time: 0.02 seconds
0.03333333333333333
Embed time: 0.03 seconds
Extract time: 0.02 seconds
0.13333333333333333
Embed time: 0.04 seconds
Extract time: 0.02 seconds
0.0
Embed time: 0.03 seconds
Extract time: 0.01 seconds
0.03333333333333333
Embed time: 0.10 seconds
Extract time: 0.03 seconds
0.0
Embed time: 0.02 seconds
Extract time: 0.02 seconds
0.03333333333333333
Embed time: 0.11 seconds
Extract time: 0.03 seconds
0.03333333333333333
Embed time: 0.10 seconds
Extract time: 0.03 seconds
0.03333333333333333
Embed time: 0.08 seconds
Extract time: 0.01 seconds
0.03333333333333333
Embed time: 0.10 seconds
Extract time: 0.02 seconds
0.26666666666666666
Embed time: 0.02 seconds
Extract time: 0.02 seconds
0.03333333333333333
Embed time: 0.09 seconds
Extract time: 0.02 seconds
0.06666666666666667
Embed time: 0.03 seconds
Extract time: 0.02 seconds
0.0
Embed time: 0.09 seconds
Extract time: 0.01 seconds
0.03333333333333333
Embed time: 0.02 seconds
Extract time: 0.01 seconds
0.03333333333333333
Embed time: 0.09 seconds
Extract time: 0.02 seconds
0.03333333333333333
Embed time: 0.02 seconds
Extract time: 0.02 seconds
0.0
Embed time: 0.03 seconds
Extract time: 0.02 seconds
0.0
Embed time: 0.02 seconds
Extract time: 0.02 seconds
0.03333333333333333
Embed time: 0.02 seconds
Extract time: 0.02 seconds
0.0
Embed time: 0.03 seconds
Extract time: 0.02 seconds
0.03333333333333333
Embed time: 0.02 seconds
Extract time: 0.02 seconds
0.03333333333333333
Embed time: 0.08 seconds
Extract time: 0.02 seconds
0.0
Embed time: 0.02 seconds
Extract time: 0.01 seconds
0.03333333333333333
Embed time: 0.02 seconds
Extract time: 0.01 seconds
0.03333333333333333
Embed time: 0.03 seconds
Extract time: 0.05 seconds
0.0
Embed time: 0.06 seconds
Extract time: 0.02 seconds
0.0
Embed time: 0.09 seconds
Extract time: 0.02 seconds
0.03333333333333333
Embed time: 0.02 seconds
Extract time: 0.02 seconds
0.03333333333333333
Embed time: 0.04 seconds
Extract time: 0.03 seconds
0.0
Embed time: 0.03 seconds
Extract time: 0.03 seconds
0.0
Embed time: 0.02 seconds
Extract time: 0.02 seconds
0.0
Embed time: 0.08 seconds
Extract time: 0.02 seconds
0.03333333333333333
Embed time: 0.09 seconds
Extract time: 0.03 seconds
0.06666666666666667
Embed time: 0.02 seconds
Extract time: 0.02 seconds
0.0
Embed time: 0.06 seconds
Extract time: 0.02 seconds
0.0
Embed time: 0.08 seconds
Extract time: 0.02 seconds
0.03333333333333333
Embed time: 0.02 seconds
Extract time: 0.02 seconds
0.0
Embed time: 0.04 seconds
Extract time: 0.02 seconds
0.13333333333333333
Embed time: 0.02 seconds
Extract time: 0.01 seconds
0.03333333333333333
Embed time: 0.09 seconds
Extract time: 0.01 seconds
0.03333333333333333
Embed time: 0.04 seconds
Extract time: 0.02 seconds
0.03333333333333333
Embed time: 0.09 seconds
Extract time: 0.02 seconds
0.1
Embed time: 0.02 seconds
Extract time: 0.01 seconds
0.03333333333333333
Embed time: 0.06 seconds
Extract time: 0.01 seconds
0.0
Embed time: 0.05 seconds
Extract time: 0.01 seconds
0.0
Embed time: 0.01 seconds
Extract time: 0.05 seconds
0.0
Embed time: 0.08 seconds
Extract time: 0.01 seconds
0.0
Embed time: 0.05 seconds
Extract time: 0.01 seconds
0.1
Embed time: 0.09 seconds
Extract time: 0.01 seconds
0.0
Embed time: 0.01 seconds
Extract time: 0.01 seconds
0.06666666666666667
Embed time: 0.09 seconds
Extract time: 0.01 seconds
0.03333333333333333
Embed time: 0.02 seconds
Extract time: 0.02 seconds
0.0
Embed time: 0.04 seconds
Extract time: 0.02 seconds
0.0
Embed time: 0.10 seconds
Extract time: 0.01 seconds
0.1
Embed time: 0.02 seconds
Extract time: 0.02 seconds
0.0
Embed time: 0.09 seconds
Extract time: 0.01 seconds
0.0
Embed time: 0.02 seconds
Extract time: 0.02 seconds
0.03333333333333333
Embed time: 0.09 seconds
Extract time: 0.02 seconds
0.13333333333333333
Embed time: 0.02 seconds
Extract time: 0.02 seconds
0.0
Embed time: 0.05 seconds
Extract time: 0.01 seconds
0.0
Embed time: 0.02 seconds
Extract time: 0.02 seconds
0.03333333333333333
Embed time: 0.05 seconds
Extract time: 0.02 seconds
0.0
Embed time: 0.09 seconds
Extract time: 0.01 seconds
0.0
Embed time: 0.02 seconds
Extract time: 0.02 seconds
0.03333333333333333
Embed time: 0.09 seconds
Extract time: 0.02 seconds
0.06666666666666667
Embed time: 0.10 seconds
Extract time: 0.02 seconds
0.03333333333333333
Embed time: 0.03 seconds
Extract time: 0.03 seconds
0.0
Embed time: 0.09 seconds
Extract time: 0.02 seconds
0.03333333333333333
Embed time: 0.10 seconds
Extract time: 0.02 seconds
0.0
Embed time: 0.02 seconds
Extract time: 0.02 seconds
0.0
Embed time: 0.09 seconds
Extract time: 0.02 seconds
0.0
Embed time: 0.11 seconds
Extract time: 0.02 seconds
0.03333333333333333
Embed time: 0.02 seconds
Extract time: 0.02 seconds
0.13333333333333333
Embed time: 0.09 seconds
Extract time: 0.02 seconds
0.03333333333333333
Embed time: 0.08 seconds
Extract time: 0.03 seconds
0.0
Embed time: 0.02 seconds
Extract time: 0.02 seconds
0.06666666666666667
Embed time: 0.04 seconds
Extract time: 0.02 seconds
0.0
Embed time: 0.02 seconds
Extract time: 0.05 seconds
0.1
25-07-13 13:41:11.217 - INFO: # Validation JPEG for iteration 4000 # PSNR_Stego: 2.7462e+01, Bit_acc: 3.0333e-02
2025-07-13 13:41:11,217 - INFO - # Validation JPEG for iteration 4000 # PSNR_Stego: 2.7462e+01, Bit_acc: 3.0333e-02
25-07-13 13:41:11.219 - INFO: <epoch:  7, iter:   4,000> PSNR_Stego: 2.7462e+01, Bit_acc:  3.0333e-02
2025-07-13 13:41:11,219 - INFO - <epoch:  7, iter:   4,000> PSNR_Stego: 2.7462e+01, Bit_acc:  3.0333e-02
----- End Validation with JPEG 70 for iteration 4000 -----
----- Start Validation with Gaussian Noise 10 for iteration 4000 -----
Embed time: 0.06 seconds
Extract time: 0.02 seconds
0.0
Embed time: 0.03 seconds
Extract time: 0.05 seconds
0.0
Embed time: 0.07 seconds
Extract time: 0.03 seconds
0.03333333333333333
Embed time: 0.03 seconds
Extract time: 0.01 seconds
0.0
Embed time: 0.09 seconds
Extract time: 0.02 seconds
0.0
Embed time: 0.06 seconds
Extract time: 0.02 seconds
0.0
Embed time: 0.09 seconds
Extract time: 0.02 seconds
0.0
Embed time: 0.02 seconds
Extract time: 0.01 seconds
0.0
Embed time: 0.12 seconds
Extract time: 0.02 seconds
0.0
Embed time: 0.10 seconds
Extract time: 0.02 seconds
0.0
Embed time: 0.10 seconds
Extract time: 0.02 seconds
0.0
Embed time: 0.02 seconds
Extract time: 0.08 seconds
0.0
Embed time: 0.06 seconds
Extract time: 0.01 seconds
0.0
Embed time: 0.02 seconds
Extract time: 0.01 seconds
0.0
Embed time: 0.10 seconds
Extract time: 0.02 seconds
0.0
Embed time: 0.09 seconds
Extract time: 0.02 seconds
0.0
Embed time: 0.02 seconds
Extract time: 0.03 seconds
0.0
Embed time: 0.05 seconds
Extract time: 0.02 seconds
0.0
Embed time: 0.08 seconds
Extract time: 0.02 seconds
0.0
Embed time: 0.03 seconds
Extract time: 0.01 seconds
0.0
Embed time: 0.03 seconds
Extract time: 0.01 seconds
0.0
Embed time: 0.09 seconds
Extract time: 0.02 seconds
0.0
Embed time: 0.02 seconds
Extract time: 0.07 seconds
0.0
Embed time: 0.06 seconds
Extract time: 0.02 seconds
0.0
Embed time: 0.08 seconds
Extract time: 0.01 seconds
0.0
Embed time: 0.07 seconds
Extract time: 0.02 seconds
0.0
Embed time: 0.09 seconds
Extract time: 0.02 seconds
0.0
Embed time: 0.09 seconds
Extract time: 0.01 seconds
0.0
Embed time: 0.06 seconds
Extract time: 0.01 seconds
0.0
Embed time: 0.02 seconds
Extract time: 0.03 seconds
0.0
Embed time: 0.02 seconds
Extract time: 0.02 seconds
0.03333333333333333
Embed time: 0.09 seconds
Extract time: 0.02 seconds
0.0
Embed time: 0.05 seconds
Extract time: 0.02 seconds
0.0
Embed time: 0.09 seconds
Extract time: 0.02 seconds
0.0
Embed time: 0.02 seconds
Extract time: 0.08 seconds
0.0
Embed time: 0.08 seconds
Extract time: 0.02 seconds
0.0
Embed time: 0.02 seconds
Extract time: 0.02 seconds
0.0
Embed time: 0.07 seconds
Extract time: 0.02 seconds
0.0
Embed time: 0.06 seconds
Extract time: 0.09 seconds
0.0
Embed time: 0.07 seconds
Extract time: 0.02 seconds
0.0
Embed time: 0.02 seconds
Extract time: 0.08 seconds
0.0
Embed time: 0.09 seconds
Extract time: 0.01 seconds
0.0
Embed time: 0.10 seconds
Extract time: 0.02 seconds
0.0
Embed time: 0.03 seconds
Extract time: 0.02 seconds
0.0
Embed time: 0.02 seconds
Extract time: 0.06 seconds
0.0
Embed time: 0.03 seconds
Extract time: 0.07 seconds
0.03333333333333333
Embed time: 0.03 seconds
Extract time: 0.03 seconds
0.0
Embed time: 0.04 seconds
Extract time: 0.03 seconds
0.0
Embed time: 0.09 seconds
Extract time: 0.02 seconds
0.0
Embed time: 0.09 seconds
Extract time: 0.02 seconds
0.0
Embed time: 0.03 seconds
Extract time: 0.02 seconds
0.03333333333333333
Embed time: 0.10 seconds
Extract time: 0.02 seconds
0.03333333333333333
Embed time: 0.09 seconds
Extract time: 0.02 seconds
0.0
Embed time: 0.02 seconds
Extract time: 0.07 seconds
0.0
Embed time: 0.06 seconds
Extract time: 0.01 seconds
0.0
Embed time: 0.09 seconds
Extract time: 0.02 seconds
0.0
Embed time: 0.02 seconds
Extract time: 0.01 seconds
0.0
Embed time: 0.12 seconds
Extract time: 0.01 seconds
0.0
Embed time: 0.11 seconds
Extract time: 0.03 seconds
0.0
Embed time: 0.09 seconds
Extract time: 0.02 seconds
0.0
Embed time: 0.08 seconds
Extract time: 0.03 seconds
0.0
Embed time: 0.07 seconds
Extract time: 0.02 seconds
0.0
Embed time: 0.10 seconds
Extract time: 0.01 seconds
0.0
Embed time: 0.07 seconds
Extract time: 0.01 seconds
0.0
Embed time: 0.02 seconds
Extract time: 0.08 seconds
0.0
Embed time: 0.02 seconds
Extract time: 0.01 seconds
0.0
Embed time: 0.09 seconds
Extract time: 0.02 seconds
0.0
Embed time: 0.02 seconds
Extract time: 0.09 seconds
0.0
Embed time: 0.03 seconds
Extract time: 0.01 seconds
0.0
Embed time: 0.09 seconds
Extract time: 0.01 seconds
0.03333333333333333
Embed time: 0.09 seconds
Extract time: 0.02 seconds
0.0
Embed time: 0.01 seconds
Extract time: 0.01 seconds
0.0
Embed time: 0.02 seconds
Extract time: 0.06 seconds
0.0
Embed time: 0.07 seconds
Extract time: 0.03 seconds
0.0
Embed time: 0.08 seconds
Extract time: 0.01 seconds
0.0
Embed time: 0.02 seconds
Extract time: 0.01 seconds
0.0
Embed time: 0.08 seconds
Extract time: 0.02 seconds
0.0
Embed time: 0.06 seconds
Extract time: 0.01 seconds
0.0
Embed time: 0.01 seconds
Extract time: 0.01 seconds
0.0
Embed time: 0.10 seconds
Extract time: 0.01 seconds
0.0
Embed time: 0.02 seconds
Extract time: 0.01 seconds
0.0
Embed time: 0.08 seconds
Extract time: 0.02 seconds
0.0
Embed time: 0.03 seconds
Extract time: 0.02 seconds
0.0
Embed time: 0.02 seconds
Extract time: 0.01 seconds
0.0
Embed time: 0.09 seconds
Extract time: 0.01 seconds
0.0
Embed time: 0.02 seconds
Extract time: 0.01 seconds
0.0
Embed time: 0.09 seconds
Extract time: 0.01 seconds
0.0
Embed time: 0.02 seconds
Extract time: 0.02 seconds
0.03333333333333333
Embed time: 0.06 seconds
Extract time: 0.02 seconds
0.0
Embed time: 0.02 seconds
Extract time: 0.01 seconds
0.0
Embed time: 0.09 seconds
Extract time: 0.02 seconds
0.0
Embed time: 0.02 seconds
Extract time: 0.01 seconds
0.0
Embed time: 0.10 seconds
Extract time: 0.01 seconds
0.0
Embed time: 0.02 seconds
Extract time: 0.01 seconds
0.0
Embed time: 0.10 seconds
Extract time: 0.02 seconds
0.03333333333333333
Embed time: 0.02 seconds
Extract time: 0.08 seconds
0.0
Embed time: 0.05 seconds
Extract time: 0.02 seconds
0.0
Embed time: 0.02 seconds
Extract time: 0.01 seconds
0.0
Embed time: 0.10 seconds
Extract time: 0.02 seconds
0.0
Embed time: 0.03 seconds
Extract time: 0.01 seconds
0.0
25-07-13 13:41:27.844 - INFO: # Validation Gaussian Noise for iteration 4000 # PSNR_Stego: 1.3777e+01, Bit_acc: 1.4850e-03
2025-07-13 13:41:27,844 - INFO - # Validation Gaussian Noise for iteration 4000 # PSNR_Stego: 1.3777e+01, Bit_acc: 1.4850e-03
25-07-13 13:41:27.845 - INFO: <epoch:  7, iter:   4,000> PSNR_Stego: 1.3777e+01, Bit_acc:  1.4850e-03
2025-07-13 13:41:27,845 - INFO - <epoch:  7, iter:   4,000> PSNR_Stego: 1.3777e+01, Bit_acc:  1.4850e-03
----- End Validation with Gaussian Noise 10 for iteration 4000 -----
25-07-13 13:41:27.845 - INFO: Saving models and training states.
2025-07-13 13:41:27,845 - INFO - Saving models and training states.
Checkpoint save path: /workspace/EditGuard-V1/experiments/train_ibsn_bit_64/models/4000_G.pth

===== Checkpoint State Path: /workspace/EditGuard-V1/experiments/train_ibsn_bit_64/training_state/4000.state =====

========== Epoch: 8 ==========
25-07-13 13:43:58.540 - INFO: <epoch:  8, iter:   4,100, lr:1.000e-04> l_forw_fit: 3.6868e+01 l_msg: 7.0373e-04 
2025-07-13 13:43:58,540 - INFO - <epoch:  8, iter:   4,100, lr:1.000e-04> l_forw_fit: 3.6868e+01 l_msg: 7.0373e-04 
25-07-13 13:44:42.848 - INFO: <epoch:  8, iter:   4,200, lr:1.000e-04> l_forw_fit: 3.5255e+01 l_msg: 5.0012e-03 
2025-07-13 13:44:42,848 - INFO - <epoch:  8, iter:   4,200, lr:1.000e-04> l_forw_fit: 3.5255e+01 l_msg: 5.0012e-03 
25-07-13 13:45:29.991 - INFO: <epoch:  8, iter:   4,300, lr:1.000e-04> l_forw_fit: 2.9026e+01 l_msg: 2.0942e-02 
2025-07-13 13:45:29,991 - INFO - <epoch:  8, iter:   4,300, lr:1.000e-04> l_forw_fit: 2.9026e+01 l_msg: 2.0942e-02 
25-07-13 13:46:16.391 - INFO: <epoch:  8, iter:   4,400, lr:1.000e-04> l_forw_fit: 2.9932e+01 l_msg: 9.8451e-04 
2025-07-13 13:46:16,391 - INFO - <epoch:  8, iter:   4,400, lr:1.000e-04> l_forw_fit: 2.9932e+01 l_msg: 9.8451e-04 
25-07-13 13:46:46.535 - INFO: <epoch:  8, iter:   4,500, lr:1.000e-04> l_forw_fit: 3.5174e+01 l_msg: 1.3532e-03 
2025-07-13 13:46:46,535 - INFO - <epoch:  8, iter:   4,500, lr:1.000e-04> l_forw_fit: 3.5174e+01 l_msg: 1.3532e-03 
----- Start Validation with JPEG 70 for iteration 4500 -----
Embed time: 0.06 seconds
Extract time: 0.03 seconds
0.06666666666666667
Embed time: 0.02 seconds
Extract time: 0.02 seconds
0.1
Embed time: 0.09 seconds
Extract time: 0.02 seconds
0.13333333333333333
Embed time: 0.03 seconds
Extract time: 0.02 seconds
0.1
Embed time: 0.05 seconds
Extract time: 0.02 seconds
0.2
Embed time: 0.02 seconds
Extract time: 0.06 seconds
0.03333333333333333
Embed time: 0.07 seconds
Extract time: 0.02 seconds
0.23333333333333334
Embed time: 0.02 seconds
Extract time: 0.02 seconds
0.0
Embed time: 0.09 seconds
Extract time: 0.02 seconds
0.1
Embed time: 0.02 seconds
Extract time: 0.02 seconds
0.13333333333333333
Embed time: 0.09 seconds
Extract time: 0.02 seconds
0.03333333333333333
Embed time: 0.02 seconds
Extract time: 0.02 seconds
0.1
Embed time: 0.04 seconds
Extract time: 0.02 seconds
0.13333333333333333
Embed time: 0.02 seconds
Extract time: 0.02 seconds
0.0
Embed time: 0.08 seconds
Extract time: 0.02 seconds
0.06666666666666667
Embed time: 0.04 seconds
Extract time: 0.02 seconds
0.03333333333333333
Embed time: 0.01 seconds
Extract time: 0.02 seconds
0.16666666666666666
Embed time: 0.03 seconds
Extract time: 0.01 seconds
0.06666666666666667
Embed time: 0.02 seconds
Extract time: 0.02 seconds
0.13333333333333333
Embed time: 0.03 seconds
Extract time: 0.02 seconds
0.23333333333333334
Embed time: 0.02 seconds
Extract time: 0.01 seconds
0.16666666666666666
Embed time: 0.04 seconds
Extract time: 0.02 seconds
0.23333333333333334
Embed time: 0.02 seconds
Extract time: 0.01 seconds
0.26666666666666666
Embed time: 0.06 seconds
Extract time: 0.02 seconds
0.13333333333333333
Embed time: 0.03 seconds
Extract time: 0.02 seconds
0.26666666666666666
Embed time: 0.08 seconds
Extract time: 0.01 seconds
0.13333333333333333
Embed time: 0.09 seconds
Extract time: 0.01 seconds
0.23333333333333334
Embed time: 0.01 seconds
Extract time: 0.01 seconds
0.13333333333333333
Embed time: 0.09 seconds
Extract time: 0.02 seconds
0.03333333333333333
Embed time: 0.02 seconds
Extract time: 0.02 seconds
0.03333333333333333
Embed time: 0.07 seconds
Extract time: 0.02 seconds
0.3333333333333333
Embed time: 0.02 seconds
Extract time: 0.02 seconds
0.16666666666666666
Embed time: 0.09 seconds
Extract time: 0.03 seconds
0.06666666666666667
Embed time: 0.03 seconds
Extract time: 0.02 seconds
0.26666666666666666
Embed time: 0.02 seconds
Extract time: 0.02 seconds
0.06666666666666667
Embed time: 0.02 seconds
Extract time: 0.04 seconds
0.1
Embed time: 0.07 seconds
Extract time: 0.02 seconds
0.0
Embed time: 0.02 seconds
Extract time: 0.01 seconds
0.06666666666666667
Embed time: 0.09 seconds
Extract time: 0.01 seconds
0.1
Embed time: 0.04 seconds
Extract time: 0.01 seconds
0.06666666666666667
Embed time: 0.02 seconds
Extract time: 0.01 seconds
0.06666666666666667
Embed time: 0.01 seconds
Extract time: 0.02 seconds
0.16666666666666666
Embed time: 0.03 seconds
Extract time: 0.02 seconds
0.16666666666666666
Embed time: 0.08 seconds
Extract time: 0.02 seconds
0.2
Embed time: 0.02 seconds
Extract time: 0.01 seconds
0.06666666666666667
Embed time: 0.09 seconds
Extract time: 0.02 seconds
0.2
Embed time: 0.04 seconds
Extract time: 0.02 seconds
0.06666666666666667
Embed time: 0.05 seconds
Extract time: 0.01 seconds
0.03333333333333333
Embed time: 0.02 seconds
Extract time: 0.01 seconds
0.1
Embed time: 0.08 seconds
Extract time: 0.01 seconds
0.16666666666666666
Embed time: 0.02 seconds
Extract time: 0.02 seconds
0.06666666666666667
Embed time: 0.07 seconds
Extract time: 0.02 seconds
0.2
Embed time: 0.02 seconds
Extract time: 0.01 seconds
0.16666666666666666
Embed time: 0.09 seconds
Extract time: 0.02 seconds
0.1
Embed time: 0.02 seconds
Extract time: 0.01 seconds
0.13333333333333333
Embed time: 0.08 seconds
Extract time: 0.02 seconds
0.06666666666666667
Embed time: 0.01 seconds
Extract time: 0.01 seconds
0.16666666666666666
Embed time: 0.08 seconds
Extract time: 0.01 seconds
0.3
Embed time: 0.01 seconds
Extract time: 0.01 seconds
0.06666666666666667
Embed time: 0.05 seconds
Extract time: 0.01 seconds
0.03333333333333333
Embed time: 0.03 seconds
Extract time: 0.02 seconds
0.1
Embed time: 0.07 seconds
Extract time: 0.02 seconds
0.06666666666666667
Embed time: 0.02 seconds
Extract time: 0.02 seconds
0.03333333333333333
Embed time: 0.02 seconds
Extract time: 0.01 seconds
0.16666666666666666
Embed time: 0.11 seconds
Extract time: 0.02 seconds
0.0
Embed time: 0.02 seconds
Extract time: 0.01 seconds
0.13333333333333333
Embed time: 0.08 seconds
Extract time: 0.04 seconds
0.16666666666666666
Embed time: 0.10 seconds
Extract time: 0.02 seconds
0.1
Embed time: 0.03 seconds
Extract time: 0.02 seconds
0.2
Embed time: 0.08 seconds
Extract time: 0.02 seconds
0.4
Embed time: 0.02 seconds
Extract time: 0.01 seconds
0.06666666666666667
Embed time: 0.09 seconds
Extract time: 0.02 seconds
0.2
Embed time: 0.02 seconds
Extract time: 0.02 seconds
0.1
Embed time: 0.04 seconds
Extract time: 0.02 seconds
0.1
Embed time: 0.02 seconds
Extract time: 0.02 seconds
0.23333333333333334
Embed time: 0.03 seconds
Extract time: 0.02 seconds
0.16666666666666666
Embed time: 0.02 seconds
Extract time: 0.02 seconds
0.0
Embed time: 0.02 seconds
Extract time: 0.02 seconds
0.0
Embed time: 0.09 seconds
Extract time: 0.02 seconds
0.13333333333333333
Embed time: 0.02 seconds
Extract time: 0.02 seconds
0.13333333333333333
Embed time: 0.02 seconds
Extract time: 0.02 seconds
0.0
Embed time: 0.01 seconds
Extract time: 0.02 seconds
0.1
Embed time: 0.02 seconds
Extract time: 0.02 seconds
0.16666666666666666
Embed time: 0.02 seconds
Extract time: 0.02 seconds
0.2
Embed time: 0.04 seconds
Extract time: 0.02 seconds
0.0
Embed time: 0.02 seconds
Extract time: 0.01 seconds
0.16666666666666666
Embed time: 0.09 seconds
Extract time: 0.02 seconds
0.06666666666666667
Embed time: 0.02 seconds
Extract time: 0.05 seconds
0.13333333333333333
Embed time: 0.06 seconds
Extract time: 0.02 seconds
0.16666666666666666
Embed time: 0.02 seconds
Extract time: 0.01 seconds
0.13333333333333333
Embed time: 0.01 seconds
Extract time: 0.02 seconds
0.03333333333333333
Embed time: 0.04 seconds
Extract time: 0.01 seconds
0.2
Embed time: 0.08 seconds
Extract time: 0.02 seconds
0.1
Embed time: 0.02 seconds
Extract time: 0.02 seconds
0.1
Embed time: 0.08 seconds
Extract time: 0.02 seconds
0.23333333333333334
Embed time: 0.02 seconds
Extract time: 0.02 seconds
0.16666666666666666
Embed time: 0.03 seconds
Extract time: 0.02 seconds
0.1
Embed time: 0.08 seconds
Extract time: 0.02 seconds
0.13333333333333333
Embed time: 0.02 seconds
Extract time: 0.02 seconds
0.03333333333333333
Embed time: 0.03 seconds
Extract time: 0.02 seconds
0.06666666666666667
25-07-13 13:47:02.446 - INFO: # Validation JPEG for iteration 4500 # PSNR_Stego: 2.7350e+01, Bit_acc: 1.2267e-01
2025-07-13 13:47:02,446 - INFO - # Validation JPEG for iteration 4500 # PSNR_Stego: 2.7350e+01, Bit_acc: 1.2267e-01
25-07-13 13:47:02.447 - INFO: <epoch:  8, iter:   4,500> PSNR_Stego: 2.7350e+01, Bit_acc:  1.2267e-01
2025-07-13 13:47:02,447 - INFO - <epoch:  8, iter:   4,500> PSNR_Stego: 2.7350e+01, Bit_acc:  1.2267e-01
----- End Validation with JPEG 70 for iteration 4500 -----
----- Start Validation with Gaussian Noise 10 for iteration 4500 -----
Embed time: 0.04 seconds
Extract time: 0.02 seconds
0.0
Embed time: 0.02 seconds
Extract time: 0.01 seconds
0.0
Embed time: 0.10 seconds
Extract time: 0.02 seconds
0.06666666666666667
Embed time: 0.03 seconds
Extract time: 0.01 seconds
0.0
Embed time: 0.10 seconds
Extract time: 0.02 seconds
0.03333333333333333
Embed time: 0.06 seconds
Extract time: 0.01 seconds
0.0
Embed time: 0.02 seconds
Extract time: 0.02 seconds
0.13333333333333333
Embed time: 0.09 seconds
Extract time: 0.01 seconds
0.0
Embed time: 0.01 seconds
Extract time: 0.08 seconds
0.0
Embed time: 0.07 seconds
Extract time: 0.01 seconds
0.0
Embed time: 0.02 seconds
Extract time: 0.08 seconds
0.0
Embed time: 0.08 seconds
Extract time: 0.01 seconds
0.0
Embed time: 0.01 seconds
Extract time: 0.01 seconds
0.03333333333333333
Embed time: 0.10 seconds
Extract time: 0.01 seconds
0.0
Embed time: 0.03 seconds
Extract time: 0.01 seconds
0.0
Embed time: 0.10 seconds
Extract time: 0.02 seconds
0.0
Embed time: 0.02 seconds
Extract time: 0.02 seconds
0.03333333333333333
Embed time: 0.09 seconds
Extract time: 0.02 seconds
0.0
Embed time: 0.08 seconds
Extract time: 0.02 seconds
0.0
Embed time: 0.03 seconds
Extract time: 0.02 seconds
0.0
Embed time: 0.07 seconds
Extract time: 0.02 seconds
0.0
Embed time: 0.09 seconds
Extract time: 0.02 seconds
0.0
Embed time: 0.03 seconds
Extract time: 0.06 seconds
0.0
Embed time: 0.03 seconds
Extract time: 0.02 seconds
0.0
Embed time: 0.09 seconds
Extract time: 0.02 seconds
0.03333333333333333
Embed time: 0.03 seconds
Extract time: 0.01 seconds
0.0
Embed time: 0.10 seconds
Extract time: 0.02 seconds
0.1
Embed time: 0.09 seconds
Extract time: 0.02 seconds
0.0
Embed time: 0.02 seconds
Extract time: 0.01 seconds
0.03333333333333333
Embed time: 0.02 seconds
Extract time: 0.02 seconds
0.0
Embed time: 0.06 seconds
Extract time: 0.02 seconds
0.1
Embed time: 0.10 seconds
Extract time: 0.03 seconds
0.03333333333333333
Embed time: 0.02 seconds
Extract time: 0.01 seconds
0.06666666666666667
Embed time: 0.08 seconds
Extract time: 0.02 seconds
0.0
Embed time: 0.09 seconds
Extract time: 0.02 seconds
0.06666666666666667
Embed time: 0.04 seconds
Extract time: 0.02 seconds
0.0
Embed time: 0.10 seconds
Extract time: 0.02 seconds
0.0
Embed time: 0.10 seconds
Extract time: 0.03 seconds
0.0
Embed time: 0.04 seconds
Extract time: 0.01 seconds
0.0
Embed time: 0.02 seconds
Extract time: 0.08 seconds
0.0
Embed time: 0.07 seconds
Extract time: 0.01 seconds
0.03333333333333333
Embed time: 0.02 seconds
Extract time: 0.02 seconds
0.03333333333333333
Embed time: 0.07 seconds
Extract time: 0.02 seconds
0.0
Embed time: 0.01 seconds
Extract time: 0.01 seconds
0.03333333333333333
Embed time: 0.09 seconds
Extract time: 0.01 seconds
0.0
Embed time: 0.07 seconds
Extract time: 0.01 seconds
0.1
Embed time: 0.08 seconds
Extract time: 0.03 seconds
0.0
Embed time: 0.02 seconds
Extract time: 0.01 seconds
0.0
Embed time: 0.08 seconds
Extract time: 0.01 seconds
0.0
Embed time: 0.04 seconds
Extract time: 0.03 seconds
0.13333333333333333
Embed time: 0.02 seconds
Extract time: 0.01 seconds
0.1
Embed time: 0.09 seconds
Extract time: 0.02 seconds
0.06666666666666667
Embed time: 0.09 seconds
Extract time: 0.02 seconds
0.0
Embed time: 0.02 seconds
Extract time: 0.02 seconds
0.0
Embed time: 0.08 seconds
Extract time: 0.02 seconds
0.0
Embed time: 0.09 seconds
Extract time: 0.02 seconds
0.0
Embed time: 0.04 seconds
Extract time: 0.03 seconds
0.06666666666666667
Embed time: 0.08 seconds
Extract time: 0.02 seconds
0.06666666666666667
Embed time: 0.04 seconds
Extract time: 0.07 seconds
0.03333333333333333
Embed time: 0.05 seconds
Extract time: 0.03 seconds
0.0
Embed time: 0.10 seconds
Extract time: 0.06 seconds
0.0
Embed time: 0.08 seconds
Extract time: 0.02 seconds
0.03333333333333333
Embed time: 0.02 seconds
Extract time: 0.02 seconds
0.0
Embed time: 0.09 seconds
Extract time: 0.01 seconds
0.1
Embed time: 0.02 seconds
Extract time: 0.01 seconds
0.0
Embed time: 0.10 seconds
Extract time: 0.01 seconds
0.03333333333333333
Embed time: 0.02 seconds
Extract time: 0.01 seconds
0.03333333333333333
Embed time: 0.10 seconds
Extract time: 0.02 seconds
0.0
Embed time: 0.02 seconds
Extract time: 0.01 seconds
0.03333333333333333
Embed time: 0.08 seconds
Extract time: 0.02 seconds
0.13333333333333333
Embed time: 0.10 seconds
Extract time: 0.03 seconds
0.0
Embed time: 0.04 seconds
Extract time: 0.02 seconds
0.03333333333333333
Embed time: 0.02 seconds
Extract time: 0.02 seconds
0.03333333333333333
Embed time: 0.07 seconds
Extract time: 0.01 seconds
0.0
Embed time: 0.03 seconds
Extract time: 0.02 seconds
0.0
Embed time: 0.09 seconds
Extract time: 0.02 seconds
0.03333333333333333
Embed time: 0.05 seconds
Extract time: 0.02 seconds
0.0
Embed time: 0.08 seconds
Extract time: 0.02 seconds
0.0
Embed time: 0.03 seconds
Extract time: 0.01 seconds
0.0
Embed time: 0.10 seconds
Extract time: 0.02 seconds
0.03333333333333333
Embed time: 0.09 seconds
Extract time: 0.02 seconds
0.0
Embed time: 0.07 seconds
Extract time: 0.01 seconds
0.0
Embed time: 0.06 seconds
Extract time: 0.01 seconds
0.06666666666666667
Embed time: 0.02 seconds
Extract time: 0.01 seconds
0.0
Embed time: 0.08 seconds
Extract time: 0.01 seconds
0.0
Embed time: 0.02 seconds
Extract time: 0.02 seconds
0.06666666666666667
Embed time: 0.08 seconds
Extract time: 0.01 seconds
0.03333333333333333
Embed time: 0.07 seconds
Extract time: 0.02 seconds
0.06666666666666667
Embed time: 0.03 seconds
Extract time: 0.01 seconds
0.06666666666666667
Embed time: 0.03 seconds
Extract time: 0.03 seconds
0.06666666666666667
Embed time: 0.03 seconds
Extract time: 0.01 seconds
0.0
Embed time: 0.08 seconds
Extract time: 0.02 seconds
0.03333333333333333
Embed time: 0.02 seconds
Extract time: 0.02 seconds
0.0
Embed time: 0.06 seconds
Extract time: 0.02 seconds
0.0
Embed time: 0.04 seconds
Extract time: 0.02 seconds
0.13333333333333333
Embed time: 0.08 seconds
Extract time: 0.02 seconds
0.0
Embed time: 0.08 seconds
Extract time: 0.02 seconds
0.0
Embed time: 0.10 seconds
Extract time: 0.02 seconds
0.0
Embed time: 0.02 seconds
Extract time: 0.01 seconds
0.0
Embed time: 0.09 seconds
Extract time: 0.02 seconds
0.03333333333333333
25-07-13 13:47:18.704 - INFO: # Validation Gaussian Noise for iteration 4500 # PSNR_Stego: 1.3744e+01, Bit_acc: 1.2947e-02
2025-07-13 13:47:18,704 - INFO - # Validation Gaussian Noise for iteration 4500 # PSNR_Stego: 1.3744e+01, Bit_acc: 1.2947e-02
25-07-13 13:47:18.706 - INFO: <epoch:  8, iter:   4,500> PSNR_Stego: 1.3744e+01, Bit_acc:  1.2947e-02
2025-07-13 13:47:18,706 - INFO - <epoch:  8, iter:   4,500> PSNR_Stego: 1.3744e+01, Bit_acc:  1.2947e-02
----- End Validation with Gaussian Noise 10 for iteration 4500 -----
25-07-13 13:47:18.706 - INFO: Saving models and training states.
2025-07-13 13:47:18,706 - INFO - Saving models and training states.
Checkpoint save path: /workspace/EditGuard-V1/experiments/train_ibsn_bit_64/models/4500_G.pth

===== Checkpoint State Path: /workspace/EditGuard-V1/experiments/train_ibsn_bit_64/training_state/4500.state =====

========== Epoch: 9 ==========
25-07-13 13:50:18.940 - INFO: <epoch:  9, iter:   4,600, lr:1.000e-04> l_forw_fit: 3.0834e+01 l_msg: 2.8037e-04 
2025-07-13 13:50:18,940 - INFO - <epoch:  9, iter:   4,600, lr:1.000e-04> l_forw_fit: 3.0834e+01 l_msg: 2.8037e-04 
25-07-13 13:51:15.140 - INFO: <epoch:  9, iter:   4,700, lr:1.000e-04> l_forw_fit: 2.0588e+01 l_msg: 8.0121e-06 
2025-07-13 13:51:15,140 - INFO - <epoch:  9, iter:   4,700, lr:1.000e-04> l_forw_fit: 2.0588e+01 l_msg: 8.0121e-06 
25-07-13 13:52:10.196 - INFO: <epoch:  9, iter:   4,800, lr:1.000e-04> l_forw_fit: 4.3548e+01 l_msg: 4.5705e-04 
2025-07-13 13:52:10,196 - INFO - <epoch:  9, iter:   4,800, lr:1.000e-04> l_forw_fit: 4.3548e+01 l_msg: 4.5705e-04 
25-07-13 13:53:07.763 - INFO: <epoch:  9, iter:   4,900, lr:1.000e-04> l_forw_fit: 6.5223e+01 l_msg: 4.8608e-04 
2025-07-13 13:53:07,763 - INFO - <epoch:  9, iter:   4,900, lr:1.000e-04> l_forw_fit: 6.5223e+01 l_msg: 4.8608e-04 
25-07-13 13:53:37.029 - INFO: <epoch:  9, iter:   5,000, lr:1.000e-04> l_forw_fit: 1.9112e+01 l_msg: 2.7597e-03 
2025-07-13 13:53:37,029 - INFO - <epoch:  9, iter:   5,000, lr:1.000e-04> l_forw_fit: 1.9112e+01 l_msg: 2.7597e-03 
----- Start Validation with JPEG 70 for iteration 5000 -----
Embed time: 0.05 seconds
Extract time: 0.02 seconds
0.0
Embed time: 0.13 seconds
Extract time: 0.04 seconds
0.1
Embed time: 0.07 seconds
Extract time: 0.02 seconds
0.23333333333333334
Embed time: 0.03 seconds
Extract time: 0.02 seconds
0.0
Embed time: 0.02 seconds
Extract time: 0.02 seconds
0.13333333333333333
Embed time: 0.09 seconds
Extract time: 0.02 seconds
0.0
Embed time: 0.03 seconds
Extract time: 0.02 seconds
0.1
Embed time: 0.04 seconds
Extract time: 0.02 seconds
0.0
Embed time: 0.09 seconds
Extract time: 0.02 seconds
0.0
Embed time: 0.04 seconds
Extract time: 0.01 seconds
0.06666666666666667
Embed time: 0.02 seconds
Extract time: 0.02 seconds
0.03333333333333333
Embed time: 0.09 seconds
Extract time: 0.02 seconds
0.0
Embed time: 0.02 seconds
Extract time: 0.01 seconds
0.0
Embed time: 0.09 seconds
Extract time: 0.02 seconds
0.03333333333333333
Embed time: 0.05 seconds
Extract time: 0.01 seconds
0.06666666666666667
Embed time: 0.02 seconds
Extract time: 0.01 seconds
0.03333333333333333
Embed time: 0.07 seconds
Extract time: 0.02 seconds
0.06666666666666667
Embed time: 0.03 seconds
Extract time: 0.01 seconds
0.03333333333333333
Embed time: 0.09 seconds
Extract time: 0.02 seconds
0.03333333333333333
Embed time: 0.02 seconds
Extract time: 0.01 seconds
0.0
Embed time: 0.09 seconds
Extract time: 0.02 seconds
0.03333333333333333
Embed time: 0.04 seconds
Extract time: 0.02 seconds
0.03333333333333333
Embed time: 0.02 seconds
Extract time: 0.02 seconds
0.06666666666666667
Embed time: 0.05 seconds
Extract time: 0.02 seconds
0.0
Embed time: 0.02 seconds
Extract time: 0.01 seconds
0.1
Embed time: 0.09 seconds
Extract time: 0.02 seconds
0.0
Embed time: 0.04 seconds
Extract time: 0.01 seconds
0.06666666666666667
Embed time: 0.01 seconds
Extract time: 0.02 seconds
0.03333333333333333
Embed time: 0.04 seconds
Extract time: 0.01 seconds
0.0
Embed time: 0.05 seconds
Extract time: 0.02 seconds
0.03333333333333333
Embed time: 0.11 seconds
Extract time: 0.02 seconds
0.16666666666666666
Embed time: 0.09 seconds
Extract time: 0.01 seconds
0.03333333333333333
Embed time: 0.05 seconds
Extract time: 0.01 seconds
0.0
Embed time: 0.02 seconds
Extract time: 0.01 seconds
0.0
Embed time: 0.05 seconds
Extract time: 0.01 seconds
0.03333333333333333
Embed time: 0.04 seconds
Extract time: 0.01 seconds
0.03333333333333333
Embed time: 0.02 seconds
Extract time: 0.01 seconds
0.06666666666666667
Embed time: 0.05 seconds
Extract time: 0.02 seconds
0.03333333333333333
Embed time: 0.09 seconds
Extract time: 0.02 seconds
0.06666666666666667
Embed time: 0.02 seconds
Extract time: 0.02 seconds
0.0
Embed time: 0.09 seconds
Extract time: 0.02 seconds
0.03333333333333333
Embed time: 0.02 seconds
Extract time: 0.02 seconds
0.06666666666666667
Embed time: 0.09 seconds
Extract time: 0.01 seconds
0.0
Embed time: 0.04 seconds
Extract time: 0.01 seconds
0.13333333333333333
Embed time: 0.09 seconds
Extract time: 0.02 seconds
0.0
Embed time: 0.02 seconds
Extract time: 0.02 seconds
0.1
Embed time: 0.09 seconds
Extract time: 0.02 seconds
0.06666666666666667
Embed time: 0.04 seconds
Extract time: 0.06 seconds
0.06666666666666667
Embed time: 0.02 seconds
Extract time: 0.02 seconds
0.0
Embed time: 0.09 seconds
Extract time: 0.02 seconds
0.16666666666666666
Embed time: 0.02 seconds
Extract time: 0.02 seconds
0.0
Embed time: 0.04 seconds
Extract time: 0.01 seconds
0.0
Embed time: 0.05 seconds
Extract time: 0.01 seconds
0.03333333333333333
Embed time: 0.09 seconds
Extract time: 0.02 seconds
0.0
Embed time: 0.02 seconds
Extract time: 0.02 seconds
0.03333333333333333
Embed time: 0.05 seconds
Extract time: 0.02 seconds
0.0
Embed time: 0.03 seconds
Extract time: 0.04 seconds
0.0
Embed time: 0.08 seconds
Extract time: 0.02 seconds
0.06666666666666667
Embed time: 0.03 seconds
Extract time: 0.02 seconds
0.03333333333333333
Embed time: 0.02 seconds
Extract time: 0.02 seconds
0.03333333333333333
Embed time: 0.09 seconds
Extract time: 0.02 seconds
0.03333333333333333
Embed time: 0.02 seconds
Extract time: 0.02 seconds
0.03333333333333333
Embed time: 0.02 seconds
Extract time: 0.02 seconds
0.0
Embed time: 0.09 seconds
Extract time: 0.02 seconds
0.13333333333333333
Embed time: 0.03 seconds
Extract time: 0.02 seconds
0.03333333333333333
Embed time: 0.09 seconds
Extract time: 0.02 seconds
0.06666666666666667
Embed time: 0.03 seconds
Extract time: 0.02 seconds
0.03333333333333333
Embed time: 0.05 seconds
Extract time: 0.02 seconds
0.0
Embed time: 0.09 seconds
Extract time: 0.02 seconds
0.0
Embed time: 0.02 seconds
Extract time: 0.01 seconds
0.2
Embed time: 0.03 seconds
Extract time: 0.02 seconds
0.06666666666666667
Embed time: 0.09 seconds
Extract time: 0.02 seconds
0.2
Embed time: 0.03 seconds
Extract time: 0.01 seconds
0.13333333333333333
Embed time: 0.09 seconds
Extract time: 0.01 seconds
0.0
Embed time: 0.04 seconds
Extract time: 0.02 seconds
0.03333333333333333
Embed time: 0.09 seconds
Extract time: 0.01 seconds
0.16666666666666666
Embed time: 0.01 seconds
Extract time: 0.01 seconds
0.0
Embed time: 0.09 seconds
Extract time: 0.01 seconds
0.0
Embed time: 0.02 seconds
Extract time: 0.02 seconds
0.1
Embed time: 0.06 seconds
Extract time: 0.01 seconds
0.1
Embed time: 0.09 seconds
Extract time: 0.01 seconds
0.06666666666666667
Embed time: 0.04 seconds
Extract time: 0.01 seconds
0.0
Embed time: 0.10 seconds
Extract time: 0.02 seconds
0.0
Embed time: 0.02 seconds
Extract time: 0.02 seconds
0.0
Embed time: 0.02 seconds
Extract time: 0.01 seconds
0.0
Embed time: 0.02 seconds
Extract time: 0.02 seconds
0.06666666666666667
Embed time: 0.04 seconds
Extract time: 0.01 seconds
0.03333333333333333
Embed time: 0.05 seconds
Extract time: 0.02 seconds
0.0
Embed time: 0.09 seconds
Extract time: 0.02 seconds
0.0
Embed time: 0.04 seconds
Extract time: 0.02 seconds
0.1
Embed time: 0.02 seconds
Extract time: 0.02 seconds
0.06666666666666667
Embed time: 0.06 seconds
Extract time: 0.02 seconds
0.13333333333333333
Embed time: 0.01 seconds
Extract time: 0.02 seconds
0.0
Embed time: 0.05 seconds
Extract time: 0.01 seconds
0.06666666666666667
Embed time: 0.03 seconds
Extract time: 0.01 seconds
0.1
Embed time: 0.09 seconds
Extract time: 0.01 seconds
0.1
Embed time: 0.02 seconds
Extract time: 0.01 seconds
0.0
Embed time: 0.06 seconds
Extract time: 0.02 seconds
0.03333333333333333
Embed time: 0.08 seconds
Extract time: 0.02 seconds
0.06666666666666667
Embed time: 0.02 seconds
Extract time: 0.02 seconds
0.06666666666666667
25-07-13 13:53:52.717 - INFO: # Validation JPEG for iteration 5000 # PSNR_Stego: 2.7447e+01, Bit_acc: 4.8000e-02
2025-07-13 13:53:52,717 - INFO - # Validation JPEG for iteration 5000 # PSNR_Stego: 2.7447e+01, Bit_acc: 4.8000e-02
25-07-13 13:53:52.719 - INFO: <epoch:  9, iter:   5,000> PSNR_Stego: 2.7447e+01, Bit_acc:  4.8000e-02
2025-07-13 13:53:52,719 - INFO - <epoch:  9, iter:   5,000> PSNR_Stego: 2.7447e+01, Bit_acc:  4.8000e-02
----- End Validation with JPEG 70 for iteration 5000 -----
----- Start Validation with Gaussian Noise 10 for iteration 5000 -----
Embed time: 0.05 seconds
Extract time: 0.02 seconds
0.0
Embed time: 0.03 seconds
Extract time: 0.01 seconds
0.0
Embed time: 0.09 seconds
Extract time: 0.01 seconds
0.0
Embed time: 0.03 seconds
Extract time: 0.07 seconds
0.03333333333333333
Embed time: 0.07 seconds
Extract time: 0.01 seconds
0.06666666666666667
Embed time: 0.03 seconds
Extract time: 0.02 seconds
0.0
Embed time: 0.10 seconds
Extract time: 0.01 seconds
0.0
Embed time: 0.02 seconds
Extract time: 0.01 seconds
0.0
Embed time: 0.09 seconds
Extract time: 0.01 seconds
0.0
Embed time: 0.07 seconds
Extract time: 0.01 seconds
0.0
Embed time: 0.10 seconds
Extract time: 0.02 seconds
0.0
Embed time: 0.07 seconds
Extract time: 0.01 seconds
0.0
Embed time: 0.01 seconds
Extract time: 0.01 seconds
0.0
Embed time: 0.09 seconds
Extract time: 0.02 seconds
0.0
Embed time: 0.06 seconds
Extract time: 0.02 seconds
0.0
Embed time: 0.02 seconds
Extract time: 0.02 seconds
0.0
Embed time: 0.01 seconds
Extract time: 0.09 seconds
0.0
Embed time: 0.07 seconds
Extract time: 0.02 seconds
0.0
Embed time: 0.09 seconds
Extract time: 0.02 seconds
0.0
Embed time: 0.06 seconds
Extract time: 0.02 seconds
0.0
Embed time: 0.07 seconds
Extract time: 0.02 seconds
0.0
Embed time: 0.09 seconds
Extract time: 0.01 seconds
0.0
Embed time: 0.08 seconds
Extract time: 0.01 seconds
0.0
Embed time: 0.08 seconds
Extract time: 0.01 seconds
0.0
Embed time: 0.09 seconds
Extract time: 0.01 seconds
0.0
Embed time: 0.02 seconds
Extract time: 0.01 seconds
0.0
Embed time: 0.09 seconds
Extract time: 0.02 seconds
0.0
Embed time: 0.02 seconds
Extract time: 0.01 seconds
0.0
Embed time: 0.02 seconds
Extract time: 0.09 seconds
0.0
Embed time: 0.07 seconds
Extract time: 0.01 seconds
0.0
Embed time: 0.08 seconds
Extract time: 0.02 seconds
0.0
Embed time: 0.09 seconds
Extract time: 0.02 seconds
0.03333333333333333
Embed time: 0.07 seconds
Extract time: 0.01 seconds
0.0
Embed time: 0.08 seconds
Extract time: 0.01 seconds
0.0
Embed time: 0.09 seconds
Extract time: 0.02 seconds
0.0
Embed time: 0.06 seconds
Extract time: 0.01 seconds
0.0
Embed time: 0.11 seconds
Extract time: 0.02 seconds
0.0
Embed time: 0.04 seconds
Extract time: 0.02 seconds
0.0
Embed time: 0.02 seconds
Extract time: 0.01 seconds
0.0
Embed time: 0.10 seconds
Extract time: 0.02 seconds
0.0
Embed time: 0.07 seconds
Extract time: 0.01 seconds
0.0
Embed time: 0.09 seconds
Extract time: 0.02 seconds
0.03333333333333333
Embed time: 0.06 seconds
Extract time: 0.01 seconds
0.0
Embed time: 0.02 seconds
Extract time: 0.01 seconds
0.03333333333333333
Embed time: 0.09 seconds
Extract time: 0.01 seconds
0.0
Embed time: 0.01 seconds
Extract time: 0.01 seconds
0.03333333333333333
Embed time: 0.10 seconds
Extract time: 0.01 seconds
0.0
Embed time: 0.07 seconds
Extract time: 0.01 seconds
0.03333333333333333
Embed time: 0.01 seconds
Extract time: 0.01 seconds
0.0
Embed time: 0.09 seconds
Extract time: 0.01 seconds
0.0
Embed time: 0.07 seconds
Extract time: 0.01 seconds
0.0
Embed time: 0.08 seconds
Extract time: 0.01 seconds
0.03333333333333333
Embed time: 0.02 seconds
Extract time: 0.01 seconds
0.0
Embed time: 0.10 seconds
Extract time: 0.02 seconds
0.0
Embed time: 0.06 seconds
Extract time: 0.02 seconds
0.0
Embed time: 0.07 seconds
Extract time: 0.02 seconds
0.0
Embed time: 0.02 seconds
Extract time: 0.02 seconds
0.0
Embed time: 0.05 seconds
Extract time: 0.01 seconds
0.0
Embed time: 0.10 seconds
Extract time: 0.03 seconds
0.0
Embed time: 0.08 seconds
Extract time: 0.01 seconds
0.0
Embed time: 0.02 seconds
Extract time: 0.01 seconds
0.0
Embed time: 0.09 seconds
Extract time: 0.01 seconds
0.0
Embed time: 0.02 seconds
Extract time: 0.02 seconds
0.0
Embed time: 0.09 seconds
Extract time: 0.03 seconds
0.0
Embed time: 0.09 seconds
Extract time: 0.02 seconds
0.0
Embed time: 0.06 seconds
Extract time: 0.01 seconds
0.0
Embed time: 0.08 seconds
Extract time: 0.03 seconds
0.0
Embed time: 0.10 seconds
Extract time: 0.01 seconds
0.0
Embed time: 0.08 seconds
Extract time: 0.05 seconds
0.0
Embed time: 0.06 seconds
Extract time: 0.01 seconds
0.0
Embed time: 0.02 seconds
Extract time: 0.06 seconds
0.0
Embed time: 0.08 seconds
Extract time: 0.01 seconds
0.0
Embed time: 0.08 seconds
Extract time: 0.02 seconds
0.03333333333333333
Embed time: 0.09 seconds
Extract time: 0.04 seconds
0.0
Embed time: 0.03 seconds
Extract time: 0.07 seconds
0.0
Embed time: 0.08 seconds
Extract time: 0.02 seconds
0.0
Embed time: 0.03 seconds
Extract time: 0.02 seconds
0.0
Embed time: 0.09 seconds
Extract time: 0.02 seconds
0.0
Embed time: 0.02 seconds
Extract time: 0.01 seconds
0.0
Embed time: 0.03 seconds
Extract time: 0.02 seconds
0.0
Embed time: 0.15 seconds
Extract time: 0.05 seconds
0.0
Embed time: 0.05 seconds
Extract time: 0.01 seconds
0.0
Embed time: 0.03 seconds
Extract time: 0.01 seconds
0.03333333333333333
Embed time: 0.02 seconds
Extract time: 0.09 seconds
0.0
Embed time: 0.08 seconds
Extract time: 0.02 seconds
0.0
Embed time: 0.09 seconds
Extract time: 0.02 seconds
0.0
Embed time: 0.03 seconds
Extract time: 0.01 seconds
0.0
Embed time: 0.08 seconds
Extract time: 0.02 seconds
0.0
Embed time: 0.09 seconds
Extract time: 0.01 seconds
0.0
Embed time: 0.01 seconds
Extract time: 0.01 seconds
0.0
Embed time: 0.10 seconds
Extract time: 0.02 seconds
0.0
Embed time: 0.07 seconds
Extract time: 0.02 seconds
0.0
Embed time: 0.02 seconds
Extract time: 0.07 seconds
0.03333333333333333
Embed time: 0.08 seconds
Extract time: 0.01 seconds
0.0
Embed time: 0.07 seconds
Extract time: 0.01 seconds
0.03333333333333333
Embed time: 0.09 seconds
Extract time: 0.01 seconds
0.0
Embed time: 0.02 seconds
Extract time: 0.02 seconds
0.0
Embed time: 0.09 seconds
Extract time: 0.02 seconds
0.0
Embed time: 0.06 seconds
Extract time: 0.01 seconds
0.0
Embed time: 0.09 seconds
Extract time: 0.01 seconds
0.0
25-07-13 13:54:07.804 - INFO: # Validation Gaussian Noise for iteration 5000 # PSNR_Stego: 1.3813e+01, Bit_acc: 2.4067e-03
2025-07-13 13:54:07,804 - INFO - # Validation Gaussian Noise for iteration 5000 # PSNR_Stego: 1.3813e+01, Bit_acc: 2.4067e-03
25-07-13 13:54:07.805 - INFO: <epoch:  9, iter:   5,000> PSNR_Stego: 1.3813e+01, Bit_acc:  2.4067e-03
2025-07-13 13:54:07,805 - INFO - <epoch:  9, iter:   5,000> PSNR_Stego: 1.3813e+01, Bit_acc:  2.4067e-03
----- End Validation with Gaussian Noise 10 for iteration 5000 -----
25-07-13 13:54:07.805 - INFO: Saving models and training states.
2025-07-13 13:54:07,805 - INFO - Saving models and training states.
Checkpoint save path: /workspace/EditGuard-V1/experiments/train_ibsn_bit_64/models/5000_G.pth

===== Checkpoint State Path: /workspace/EditGuard-V1/experiments/train_ibsn_bit_64/training_state/5000.state =====

========== Epoch: 10 ==========
25-07-13 13:56:53.990 - INFO: <epoch: 10, iter:   5,100, lr:1.000e-04> l_forw_fit: 3.5603e+01 l_msg: 2.3665e-02 
2025-07-13 13:56:53,990 - INFO - <epoch: 10, iter:   5,100, lr:1.000e-04> l_forw_fit: 3.5603e+01 l_msg: 2.3665e-02 
25-07-13 13:57:48.197 - INFO: <epoch: 10, iter:   5,200, lr:1.000e-04> l_forw_fit: 2.2232e+01 l_msg: 3.3941e-02 
2025-07-13 13:57:48,197 - INFO - <epoch: 10, iter:   5,200, lr:1.000e-04> l_forw_fit: 2.2232e+01 l_msg: 3.3941e-02 
25-07-13 13:58:49.951 - INFO: <epoch: 10, iter:   5,300, lr:1.000e-04> l_forw_fit: 2.8260e+01 l_msg: 9.9516e-03 
2025-07-13 13:58:49,951 - INFO - <epoch: 10, iter:   5,300, lr:1.000e-04> l_forw_fit: 2.8260e+01 l_msg: 9.9516e-03 
25-07-13 13:59:52.522 - INFO: <epoch: 10, iter:   5,400, lr:1.000e-04> l_forw_fit: 3.1557e+01 l_msg: 7.3756e-04 
2025-07-13 13:59:52,522 - INFO - <epoch: 10, iter:   5,400, lr:1.000e-04> l_forw_fit: 3.1557e+01 l_msg: 7.3756e-04 
25-07-13 14:00:21.534 - INFO: <epoch: 10, iter:   5,500, lr:1.000e-04> l_forw_fit: 5.1362e+01 l_msg: 3.6829e-04 
2025-07-13 14:00:21,534 - INFO - <epoch: 10, iter:   5,500, lr:1.000e-04> l_forw_fit: 5.1362e+01 l_msg: 3.6829e-04 
----- Start Validation with JPEG 70 for iteration 5500 -----
Embed time: 0.06 seconds
Extract time: 0.02 seconds
0.03333333333333333
Embed time: 0.03 seconds
Extract time: 0.02 seconds
0.1
Embed time: 0.08 seconds
Extract time: 0.02 seconds
0.1
Embed time: 0.02 seconds
Extract time: 0.01 seconds
0.0
Embed time: 0.10 seconds
Extract time: 0.02 seconds
0.03333333333333333
Embed time: 0.10 seconds
Extract time: 0.02 seconds
0.16666666666666666
Embed time: 0.11 seconds
Extract time: 0.03 seconds
0.23333333333333334
Embed time: 0.03 seconds
Extract time: 0.02 seconds
0.03333333333333333
Embed time: 0.03 seconds
Extract time: 0.01 seconds
0.13333333333333333
Embed time: 0.04 seconds
Extract time: 0.05 seconds
0.06666666666666667
Embed time: 0.06 seconds
Extract time: 0.01 seconds
0.03333333333333333
Embed time: 0.05 seconds
Extract time: 0.02 seconds
0.03333333333333333
Embed time: 0.09 seconds
Extract time: 0.01 seconds
0.1
Embed time: 0.05 seconds
Extract time: 0.01 seconds
0.06666666666666667
Embed time: 0.09 seconds
Extract time: 0.01 seconds
0.03333333333333333
Embed time: 0.05 seconds
Extract time: 0.01 seconds
0.03333333333333333
Embed time: 0.09 seconds
Extract time: 0.01 seconds
0.06666666666666667
Embed time: 0.07 seconds
Extract time: 0.02 seconds
0.1
Embed time: 0.09 seconds
Extract time: 0.02 seconds
0.06666666666666667
Embed time: 0.01 seconds
Extract time: 0.02 seconds
0.06666666666666667
Embed time: 0.03 seconds
Extract time: 0.02 seconds
0.03333333333333333
Embed time: 0.05 seconds
Extract time: 0.02 seconds
0.03333333333333333
Embed time: 0.03 seconds
Extract time: 0.02 seconds
0.03333333333333333
Embed time: 0.09 seconds
Extract time: 0.02 seconds
0.1
Embed time: 0.02 seconds
Extract time: 0.01 seconds
0.03333333333333333
Embed time: 0.10 seconds
Extract time: 0.01 seconds
0.06666666666666667
Embed time: 0.02 seconds
Extract time: 0.01 seconds
0.06666666666666667
Embed time: 0.08 seconds
Extract time: 0.02 seconds
0.1
Embed time: 0.03 seconds
Extract time: 0.01 seconds
0.0
Embed time: 0.09 seconds
Extract time: 0.02 seconds
0.06666666666666667
Embed time: 0.02 seconds
Extract time: 0.01 seconds
0.13333333333333333
Embed time: 0.09 seconds
Extract time: 0.01 seconds
0.13333333333333333
Embed time: 0.01 seconds
Extract time: 0.01 seconds
0.13333333333333333
Embed time: 0.09 seconds
Extract time: 0.02 seconds
0.03333333333333333
Embed time: 0.02 seconds
Extract time: 0.01 seconds
0.1
Embed time: 0.07 seconds
Extract time: 0.01 seconds
0.0
Embed time: 0.01 seconds
Extract time: 0.01 seconds
0.03333333333333333
Embed time: 0.10 seconds
Extract time: 0.02 seconds
0.06666666666666667
Embed time: 0.02 seconds
Extract time: 0.02 seconds
0.0
Embed time: 0.04 seconds
Extract time: 0.02 seconds
0.2
Embed time: 0.12 seconds
Extract time: 0.02 seconds
0.1
Embed time: 0.08 seconds
Extract time: 0.02 seconds
0.1
Embed time: 0.08 seconds
Extract time: 0.05 seconds
0.06666666666666667
Embed time: 0.08 seconds
Extract time: 0.02 seconds
0.06666666666666667
Embed time: 0.04 seconds
Extract time: 0.02 seconds
0.0
Embed time: 0.06 seconds
Extract time: 0.01 seconds
0.13333333333333333
Embed time: 0.08 seconds
Extract time: 0.01 seconds
0.06666666666666667
Embed time: 0.05 seconds
Extract time: 0.02 seconds
0.03333333333333333
Embed time: 0.02 seconds
Extract time: 0.01 seconds
0.0
Embed time: 0.04 seconds
Extract time: 0.01 seconds
0.3
Embed time: 0.05 seconds
Extract time: 0.01 seconds
0.06666666666666667
Embed time: 0.09 seconds
Extract time: 0.01 seconds
0.06666666666666667
Embed time: 0.06 seconds
Extract time: 0.02 seconds
0.13333333333333333
Embed time: 0.09 seconds
Extract time: 0.01 seconds
0.03333333333333333
Embed time: 0.04 seconds
Extract time: 0.02 seconds
0.1
Embed time: 0.09 seconds
Extract time: 0.02 seconds
0.06666666666666667
Embed time: 0.03 seconds
Extract time: 0.02 seconds
0.03333333333333333
Embed time: 0.03 seconds
Extract time: 0.01 seconds
0.06666666666666667
Embed time: 0.01 seconds
Extract time: 0.02 seconds
0.03333333333333333
Embed time: 0.04 seconds
Extract time: 0.01 seconds
0.0
Embed time: 0.09 seconds
Extract time: 0.01 seconds
0.03333333333333333
Embed time: 0.05 seconds
Extract time: 0.02 seconds
0.03333333333333333
Embed time: 0.09 seconds
Extract time: 0.02 seconds
0.0
Embed time: 0.03 seconds
Extract time: 0.02 seconds
0.13333333333333333
Embed time: 0.07 seconds
Extract time: 0.02 seconds
0.06666666666666667
Embed time: 0.04 seconds
Extract time: 0.02 seconds
0.03333333333333333
Embed time: 0.02 seconds
Extract time: 0.02 seconds
0.03333333333333333
Embed time: 0.04 seconds
Extract time: 0.01 seconds
0.06666666666666667
Embed time: 0.03 seconds
Extract time: 0.02 seconds
0.03333333333333333
Embed time: 0.08 seconds
Extract time: 0.02 seconds
0.3
Embed time: 0.02 seconds
Extract time: 0.01 seconds
0.16666666666666666
Embed time: 0.09 seconds
Extract time: 0.04 seconds
0.2
Embed time: 0.01 seconds
Extract time: 0.02 seconds
0.06666666666666667
Embed time: 0.05 seconds
Extract time: 0.02 seconds
0.1
Embed time: 0.03 seconds
Extract time: 0.01 seconds
0.0
Embed time: 0.09 seconds
Extract time: 0.01 seconds
0.23333333333333334
Embed time: 0.02 seconds
Extract time: 0.01 seconds
0.0
Embed time: 0.02 seconds
Extract time: 0.01 seconds
0.03333333333333333
Embed time: 0.04 seconds
Extract time: 0.01 seconds
0.0
Embed time: 0.02 seconds
Extract time: 0.02 seconds
0.0
Embed time: 0.04 seconds
Extract time: 0.02 seconds
0.03333333333333333
Embed time: 0.02 seconds
Extract time: 0.02 seconds
0.0
Embed time: 0.05 seconds
Extract time: 0.01 seconds
0.1
Embed time: 0.02 seconds
Extract time: 0.02 seconds
0.0
Embed time: 0.02 seconds
Extract time: 0.02 seconds
0.03333333333333333
Embed time: 0.03 seconds
Extract time: 0.01 seconds
0.0
Embed time: 0.02 seconds
Extract time: 0.01 seconds
0.06666666666666667
Embed time: 0.05 seconds
Extract time: 0.01 seconds
0.06666666666666667
Embed time: 0.02 seconds
Extract time: 0.01 seconds
0.03333333333333333
Embed time: 0.07 seconds
Extract time: 0.02 seconds
0.03333333333333333
Embed time: 0.04 seconds
Extract time: 0.01 seconds
0.06666666666666667
Embed time: 0.09 seconds
Extract time: 0.02 seconds
0.06666666666666667
Embed time: 0.02 seconds
Extract time: 0.02 seconds
0.06666666666666667
Embed time: 0.03 seconds
Extract time: 0.02 seconds
0.03333333333333333
Embed time: 0.05 seconds
Extract time: 0.01 seconds
0.16666666666666666
Embed time: 0.09 seconds
Extract time: 0.02 seconds
0.03333333333333333
Embed time: 0.09 seconds
Extract time: 0.02 seconds
0.2
Embed time: 0.02 seconds
Extract time: 0.01 seconds
0.1
Embed time: 0.09 seconds
Extract time: 0.01 seconds
0.03333333333333333
Embed time: 0.02 seconds
Extract time: 0.06 seconds
0.0
25-07-13 14:00:37.261 - INFO: # Validation JPEG for iteration 5500 # PSNR_Stego: 2.7301e+01, Bit_acc: 7.0000e-02
2025-07-13 14:00:37,261 - INFO - # Validation JPEG for iteration 5500 # PSNR_Stego: 2.7301e+01, Bit_acc: 7.0000e-02
25-07-13 14:00:37.263 - INFO: <epoch: 10, iter:   5,500> PSNR_Stego: 2.7301e+01, Bit_acc:  7.0000e-02
2025-07-13 14:00:37,263 - INFO - <epoch: 10, iter:   5,500> PSNR_Stego: 2.7301e+01, Bit_acc:  7.0000e-02
----- End Validation with JPEG 70 for iteration 5500 -----
----- Start Validation with Gaussian Noise 10 for iteration 5500 -----
Embed time: 0.06 seconds
Extract time: 0.02 seconds
0.0
Embed time: 0.03 seconds
Extract time: 0.01 seconds
0.0
Embed time: 0.09 seconds
Extract time: 0.02 seconds
0.03333333333333333
Embed time: 0.05 seconds
Extract time: 0.01 seconds
0.0
Embed time: 0.09 seconds
Extract time: 0.03 seconds
0.0
Embed time: 0.03 seconds
Extract time: 0.02 seconds
0.0
Embed time: 0.09 seconds
Extract time: 0.02 seconds
0.03333333333333333
Embed time: 0.02 seconds
Extract time: 0.02 seconds
0.0
Embed time: 0.09 seconds
Extract time: 0.01 seconds
0.03333333333333333
Embed time: 0.02 seconds
Extract time: 0.02 seconds
0.0
Embed time: 0.07 seconds
Extract time: 0.02 seconds
0.0
Embed time: 0.02 seconds
Extract time: 0.01 seconds
0.0
Embed time: 0.10 seconds
Extract time: 0.01 seconds
0.03333333333333333
Embed time: 0.07 seconds
Extract time: 0.02 seconds
0.0
Embed time: 0.09 seconds
Extract time: 0.01 seconds
0.0
Embed time: 0.09 seconds
Extract time: 0.01 seconds
0.0
Embed time: 0.06 seconds
Extract time: 0.01 seconds
0.0
Embed time: 0.10 seconds
Extract time: 0.02 seconds
0.0
Embed time: 0.05 seconds
Extract time: 0.01 seconds
0.0
Embed time: 0.03 seconds
Extract time: 0.02 seconds
0.0
Embed time: 0.09 seconds
Extract time: 0.02 seconds
0.0
Embed time: 0.02 seconds
Extract time: 0.02 seconds
0.0
Embed time: 0.10 seconds
Extract time: 0.02 seconds
0.0
Embed time: 0.05 seconds
Extract time: 0.02 seconds
0.0
Embed time: 0.08 seconds
Extract time: 0.03 seconds
0.0
Embed time: 0.05 seconds
Extract time: 0.01 seconds
0.0
Embed time: 0.02 seconds
Extract time: 0.01 seconds
0.0
Embed time: 0.08 seconds
Extract time: 0.01 seconds
0.03333333333333333
Embed time: 0.09 seconds
Extract time: 0.01 seconds
0.0
Embed time: 0.04 seconds
Extract time: 0.01 seconds
0.0
Embed time: 0.09 seconds
Extract time: 0.02 seconds
0.03333333333333333
Embed time: 0.03 seconds
Extract time: 0.02 seconds
0.0
Embed time: 0.09 seconds
Extract time: 0.02 seconds
0.0
Embed time: 0.09 seconds
Extract time: 0.02 seconds
0.0
Embed time: 0.10 seconds
Extract time: 0.02 seconds
0.0
Embed time: 0.04 seconds
Extract time: 0.02 seconds
0.0
Embed time: 0.02 seconds
Extract time: 0.01 seconds
0.0
Embed time: 0.08 seconds
Extract time: 0.02 seconds
0.0
Embed time: 0.05 seconds
Extract time: 0.01 seconds
0.0
Embed time: 0.09 seconds
Extract time: 0.02 seconds
0.0
Embed time: 0.05 seconds
Extract time: 0.01 seconds
0.0
Embed time: 0.01 seconds
Extract time: 0.01 seconds
0.06666666666666667
Embed time: 0.09 seconds
Extract time: 0.03 seconds
0.0
Embed time: 0.04 seconds
Extract time: 0.02 seconds
0.0
Embed time: 0.09 seconds
Extract time: 0.01 seconds
0.0
Embed time: 0.02 seconds
Extract time: 0.01 seconds
0.0
Embed time: 0.09 seconds
Extract time: 0.01 seconds
0.0
Embed time: 0.09 seconds
Extract time: 0.02 seconds
0.0
Embed time: 0.09 seconds
Extract time: 0.02 seconds
0.0
Embed time: 0.03 seconds
Extract time: 0.01 seconds
0.0
Embed time: 0.07 seconds
Extract time: 0.02 seconds
0.0
Embed time: 0.05 seconds
Extract time: 0.01 seconds
0.0
Embed time: 0.02 seconds
Extract time: 0.08 seconds
0.0
Embed time: 0.07 seconds
Extract time: 0.02 seconds
0.03333333333333333
Embed time: 0.09 seconds
Extract time: 0.03 seconds
0.0
Embed time: 0.04 seconds
Extract time: 0.02 seconds
0.0
Embed time: 0.03 seconds
Extract time: 0.06 seconds
0.0
Embed time: 0.08 seconds
Extract time: 0.02 seconds
0.03333333333333333
Embed time: 0.01 seconds
Extract time: 0.01 seconds
0.0
Embed time: 0.09 seconds
Extract time: 0.01 seconds
0.0
Embed time: 0.08 seconds
Extract time: 0.01 seconds
0.0
Embed time: 0.01 seconds
Extract time: 0.01 seconds
0.0
Embed time: 0.09 seconds
Extract time: 0.01 seconds
0.0
Embed time: 0.08 seconds
Extract time: 0.01 seconds
0.0
Embed time: 0.03 seconds
Extract time: 0.01 seconds
0.0
Embed time: 0.01 seconds
Extract time: 0.01 seconds
0.0
Embed time: 0.09 seconds
Extract time: 0.01 seconds
0.0
Embed time: 0.08 seconds
Extract time: 0.01 seconds
0.0
Embed time: 0.09 seconds
Extract time: 0.02 seconds
0.0
Embed time: 0.07 seconds
Extract time: 0.01 seconds
0.03333333333333333
Embed time: 0.02 seconds
Extract time: 0.09 seconds
0.0
Embed time: 0.06 seconds
Extract time: 0.01 seconds
0.03333333333333333
Embed time: 0.02 seconds
Extract time: 0.08 seconds
0.0
Embed time: 0.07 seconds
Extract time: 0.02 seconds
0.0
Embed time: 0.02 seconds
Extract time: 0.01 seconds
0.0
Embed time: 0.02 seconds
Extract time: 0.01 seconds
0.0
Embed time: 0.09 seconds
Extract time: 0.02 seconds
0.0
Embed time: 0.03 seconds
Extract time: 0.02 seconds
0.0
Embed time: 0.10 seconds
Extract time: 0.02 seconds
0.0
Embed time: 0.02 seconds
Extract time: 0.01 seconds
0.0
Embed time: 0.10 seconds
Extract time: 0.01 seconds
0.0
Embed time: 0.09 seconds
Extract time: 0.01 seconds
0.0
Embed time: 0.08 seconds
Extract time: 0.01 seconds
0.0
Embed time: 0.09 seconds
Extract time: 0.02 seconds
0.0
Embed time: 0.01 seconds
Extract time: 0.01 seconds
0.0
Embed time: 0.01 seconds
Extract time: 0.09 seconds
0.0
Embed time: 0.06 seconds
Extract time: 0.02 seconds
0.0
Embed time: 0.06 seconds
Extract time: 0.01 seconds
0.03333333333333333
Embed time: 0.09 seconds
Extract time: 0.02 seconds
0.0
Embed time: 0.06 seconds
Extract time: 0.02 seconds
0.0
Embed time: 0.10 seconds
Extract time: 0.02 seconds
0.0
Embed time: 0.05 seconds
Extract time: 0.02 seconds
0.06666666666666667
Embed time: 0.02 seconds
Extract time: 0.07 seconds
0.03333333333333333
Embed time: 0.07 seconds
Extract time: 0.02 seconds
0.0
Embed time: 0.06 seconds
Extract time: 0.02 seconds
0.0
Embed time: 0.06 seconds
Extract time: 0.01 seconds
0.0
Embed time: 0.09 seconds
Extract time: 0.02 seconds
0.0
Embed time: 0.05 seconds
Extract time: 0.01 seconds
0.0
Embed time: 0.09 seconds
Extract time: 0.02 seconds
0.0
Embed time: 0.06 seconds
Extract time: 0.01 seconds
0.0
25-07-13 14:00:52.429 - INFO: # Validation Gaussian Noise for iteration 5500 # PSNR_Stego: 1.3784e+01, Bit_acc: 3.0167e-03
2025-07-13 14:00:52,429 - INFO - # Validation Gaussian Noise for iteration 5500 # PSNR_Stego: 1.3784e+01, Bit_acc: 3.0167e-03
25-07-13 14:00:52.430 - INFO: <epoch: 10, iter:   5,500> PSNR_Stego: 1.3784e+01, Bit_acc:  3.0167e-03
2025-07-13 14:00:52,430 - INFO - <epoch: 10, iter:   5,500> PSNR_Stego: 1.3784e+01, Bit_acc:  3.0167e-03
----- End Validation with Gaussian Noise 10 for iteration 5500 -----
25-07-13 14:00:52.430 - INFO: Saving models and training states.
2025-07-13 14:00:52,430 - INFO - Saving models and training states.
Checkpoint save path: /workspace/EditGuard-V1/experiments/train_ibsn_bit_64/models/5500_G.pth

===== Checkpoint State Path: /workspace/EditGuard-V1/experiments/train_ibsn_bit_64/training_state/5500.state =====