export CUDA_VISIBLE_DEVICES=0,1
Disabled distributed training.
Path already exists. Rename it to [/workspace/EditGuard-V1/experiments/train_ibsn_bit_64_archived_250622-155244]
2025-06-22 15:52:44,520 - INFO - Path already exists. Rename it to [/workspace/EditGuard-V1/experiments/train_ibsn_bit_64_archived_250622-155244]
25-06-22 15:52:44.522 - INFO:   name: train_ibsn_bit_64
  use_tb_logger: True
  model: MIMO-VRN-h
  distortion: sr
  scale: 4
  gpu_ids: [0, 1]
  gop: 1
  num_image: 1
  addnoise: False
  noisesigma: 0.05
  addjpeg: False
  jpegfactor: 90
  addpossion: False
  addblur: False
  addcolorjitter: False
  sdinpaint: False
  controlnetinpaint: False
  sdxl: False
  repaint: False
  sdprompt: False
  sdxlprompt: False
  faceswap: False
  hide: True
  bithide: True
  degrade_shuffle: True
  prompt: True
  prompt_len: 3
  message_length: 64
  losstype: mse
  mode: bit
  datasets:[
    train:[
      name: Vimeo90K
      mode: train
      interval_list: [1]
      random_reverse: False
      border_mode: False
      data_path: ../dataset/COCO-30000-images
      txt_path: ../dataset/COCO-30000-images.txt
      dataroot_LQ: /root/vimeo90k/vimeo90k_train_LR7frames.lmdb
      cache_keys: Vimeo90K_train_keys.pkl
      num_image: 1
      N_frames: 7
      use_shuffle: True
      n_workers: 24
      batch_size: 4
      GT_size: 400
      LQ_size: 36
      use_flip: True
      use_rot: True
      color: RGB
      phase: train
      scale: 4
      data_type: lmdb
    ]
    val:[
      num_image: 1
      name: Vid4
      mode: test
      data_path: ../dataset/valAGE-Set
      txt_path: ../dataset/sep_vallist.txt
      N_frames: 1
      padding: new_info
      pred_interval: -1
      phase: val
      scale: 4
      data_type: img
    ]
  ]
  network_G:[
    which_model_G:[
      subnet_type: DBNet
    ]
    in_nc: 12
    out_nc: 12
    block_num: [6, 6]
    scale: 4
    init: xavier_group
    block_num_rbm: 8
    block_num_trans: 4
  ]
  path:[
    pretrain_model_G: None
    models: /workspace/EditGuard-V1/experiments/train_ibsn_bit_64/models
    strict_load: True
    resume_state: None
    root: /workspace/EditGuard-V1
    experiments_root: /workspace/EditGuard-V1/experiments/train_ibsn_bit_64
    training_state: /workspace/EditGuard-V1/experiments/train_ibsn_bit_64/training_state
    log: /workspace/EditGuard-V1/experiments/train_ibsn_bit_64
    val_images: /workspace/EditGuard-V1/experiments/train_ibsn_bit_64/val_images
  ]
  train:[
    lr_G: 0.0001
    beta1: 0.9
    beta2: 0.5
    niter: 15000
    warmup_iter: -1
    lr_scheme: MultiStepLR
    lr_steps: [30000, 100000, 250000]
    lr_gamma: 0.5
    pixel_criterion_forw: l2
    pixel_criterion_back: l1
    manual_seed: 10
    val_freq: 500.0
    lambda_fit_forw: 1.0
    lambda_rec_back: 1
    lambda_center: 0
    lambda_msg: 100.0
    progressive: False
    weight_decay_G: 1e-12
    gradient_clipping: 10
  ]
  logger:[
    print_freq: 100
    save_checkpoint_freq: 1000.0
  ]
  is_train: True
  dist: False

2025-06-22 15:52:44,522 - INFO -   name: train_ibsn_bit_64
  use_tb_logger: True
  model: MIMO-VRN-h
  distortion: sr
  scale: 4
  gpu_ids: [0, 1]
  gop: 1
  num_image: 1
  addnoise: False
  noisesigma: 0.05
  addjpeg: False
  jpegfactor: 90
  addpossion: False
  addblur: False
  addcolorjitter: False
  sdinpaint: False
  controlnetinpaint: False
  sdxl: False
  repaint: False
  sdprompt: False
  sdxlprompt: False
  faceswap: False
  hide: True
  bithide: True
  degrade_shuffle: True
  prompt: True
  prompt_len: 3
  message_length: 64
  losstype: mse
  mode: bit
  datasets:[
    train:[
      name: Vimeo90K
      mode: train
      interval_list: [1]
      random_reverse: False
      border_mode: False
      data_path: ../dataset/COCO-30000-images
      txt_path: ../dataset/COCO-30000-images.txt
      dataroot_LQ: /root/vimeo90k/vimeo90k_train_LR7frames.lmdb
      cache_keys: Vimeo90K_train_keys.pkl
      num_image: 1
      N_frames: 7
      use_shuffle: True
      n_workers: 24
      batch_size: 4
      GT_size: 400
      LQ_size: 36
      use_flip: True
      use_rot: True
      color: RGB
      phase: train
      scale: 4
      data_type: lmdb
    ]
    val:[
      num_image: 1
      name: Vid4
      mode: test
      data_path: ../dataset/valAGE-Set
      txt_path: ../dataset/sep_vallist.txt
      N_frames: 1
      padding: new_info
      pred_interval: -1
      phase: val
      scale: 4
      data_type: img
    ]
  ]
  network_G:[
    which_model_G:[
      subnet_type: DBNet
    ]
    in_nc: 12
    out_nc: 12
    block_num: [6, 6]
    scale: 4
    init: xavier_group
    block_num_rbm: 8
    block_num_trans: 4
  ]
  path:[
    pretrain_model_G: None
    models: /workspace/EditGuard-V1/experiments/train_ibsn_bit_64/models
    strict_load: True
    resume_state: None
    root: /workspace/EditGuard-V1
    experiments_root: /workspace/EditGuard-V1/experiments/train_ibsn_bit_64
    training_state: /workspace/EditGuard-V1/experiments/train_ibsn_bit_64/training_state
    log: /workspace/EditGuard-V1/experiments/train_ibsn_bit_64
    val_images: /workspace/EditGuard-V1/experiments/train_ibsn_bit_64/val_images
  ]
  train:[
    lr_G: 0.0001
    beta1: 0.9
    beta2: 0.5
    niter: 15000
    warmup_iter: -1
    lr_scheme: MultiStepLR
    lr_steps: [30000, 100000, 250000]
    lr_gamma: 0.5
    pixel_criterion_forw: l2
    pixel_criterion_back: l1
    manual_seed: 10
    val_freq: 500.0
    lambda_fit_forw: 1.0
    lambda_rec_back: 1
    lambda_center: 0
    lambda_msg: 100.0
    progressive: False
    weight_decay_G: 1e-12
    gradient_clipping: 10
  ]
  logger:[
    print_freq: 100
    save_checkpoint_freq: 1000.0
  ]
  is_train: True
  dist: False

25-06-22 15:52:44.587 - INFO: Random seed: 10
2025-06-22 15:52:44,587 - INFO - Random seed: 10
train
25-06-22 15:52:44.596 - INFO: Temporal augmentation interval list: [1], with random reverse is False.
2025-06-22 15:52:44,596 - INFO - Temporal augmentation interval list: [1], with random reverse is False.
25-06-22 15:52:44.608 - INFO: Dataset [CoCoDataset - Vimeo90K] is created.
2025-06-22 15:52:44,608 - INFO - Dataset [CoCoDataset - Vimeo90K] is created.
25-06-22 15:52:44.608 - INFO: Number of train images: 30,000, iters: 7,500
2025-06-22 15:52:44,608 - INFO - Number of train images: 30,000, iters: 7,500
25-06-22 15:52:44.608 - INFO: Total epochs needed: 2 for iters 15,000
2025-06-22 15:52:44,608 - INFO - Total epochs needed: 2 for iters 15,000
test
25-06-22 15:52:44.609 - INFO: Dataset [imageTestDataset - Vid4] is created.
2025-06-22 15:52:44,609 - INFO - Dataset [imageTestDataset - Vid4] is created.
25-06-22 15:52:44.609 - INFO: Number of val images in [Vid4]: 100
2025-06-22 15:52:44,609 - INFO - Number of val images in [Vid4]: 100
SEAttention
SEAttention
SEAttention
SEAttention
SEAttention
SEAttention
SEAttention
SEAttention
SEAttention
SEAttention
SEAttention
SEAttention
25-06-22 15:52:46.302 - INFO: Network G structure: DataParallel - VSN, with parameters: 4,648,796
2025-06-22 15:52:46,302 - INFO - Network G structure: DataParallel - VSN, with parameters: 4,648,796
25-06-22 15:52:46.302 - INFO: VSN(
  (bitencoder): DW_Encoder_2(
    (conv1): DSConvBlock(
      (layers): Sequential(
        (0): DSConvINRelu(
          (dw): Conv2d(3, 3, kernel_size=(3, 3), stride=(1, 1), padding=(1, 1), groups=3, bias=False)
          (dw_norm): InstanceNorm2d(3, eps=1e-05, momentum=0.1, affine=False, track_running_stats=False)
          (dw_act): ReLU(inplace=True)
          (pw): Conv2d(3, 16, kernel_size=(1, 1), stride=(1, 1), bias=False)
          (pw_norm): InstanceNorm2d(16, eps=1e-05, momentum=0.1, affine=False, track_running_stats=False)
          (pw_act): ReLU(inplace=True)
        )
        (1): DSConvINRelu(
          (dw): Conv2d(16, 16, kernel_size=(3, 3), stride=(1, 1), padding=(1, 1), groups=16, bias=False)
          (dw_norm): InstanceNorm2d(16, eps=1e-05, momentum=0.1, affine=False, track_running_stats=False)
          (dw_act): ReLU(inplace=True)
          (pw): Conv2d(16, 16, kernel_size=(1, 1), stride=(1, 1), bias=False)
          (pw_norm): InstanceNorm2d(16, eps=1e-05, momentum=0.1, affine=False, track_running_stats=False)
          (pw_act): ReLU(inplace=True)
        )
      )
    )
    (down1): Down(
      (layer): Sequential(
        (0): DSConvINRelu(
          (dw): Conv2d(16, 16, kernel_size=(3, 3), stride=(2, 2), padding=(1, 1), groups=16, bias=False)
          (dw_norm): InstanceNorm2d(16, eps=1e-05, momentum=0.1, affine=False, track_running_stats=False)
          (dw_act): ReLU(inplace=True)
          (pw): Conv2d(16, 16, kernel_size=(1, 1), stride=(1, 1), bias=False)
          (pw_norm): InstanceNorm2d(16, eps=1e-05, momentum=0.1, affine=False, track_running_stats=False)
          (pw_act): ReLU(inplace=True)
        )
        (1): DSConvBlock(
          (layers): Sequential(
            (0): DSConvINRelu(
              (dw): Conv2d(16, 16, kernel_size=(3, 3), stride=(1, 1), padding=(1, 1), groups=16, bias=False)
              (dw_norm): InstanceNorm2d(16, eps=1e-05, momentum=0.1, affine=False, track_running_stats=False)
              (dw_act): ReLU(inplace=True)
              (pw): Conv2d(16, 32, kernel_size=(1, 1), stride=(1, 1), bias=False)
              (pw_norm): InstanceNorm2d(32, eps=1e-05, momentum=0.1, affine=False, track_running_stats=False)
              (pw_act): ReLU(inplace=True)
            )
            (1): DSConvINRelu(
              (dw): Conv2d(32, 32, kernel_size=(3, 3), stride=(1, 1), padding=(1, 1), groups=32, bias=False)
              (dw_norm): InstanceNorm2d(32, eps=1e-05, momentum=0.1, affine=False, track_running_stats=False)
              (dw_act): ReLU(inplace=True)
              (pw): Conv2d(32, 32, kernel_size=(1, 1), stride=(1, 1), bias=False)
              (pw_norm): InstanceNorm2d(32, eps=1e-05, momentum=0.1, affine=False, track_running_stats=False)
              (pw_act): ReLU(inplace=True)
            )
          )
        )
      )
    )
    (down2): Down(
      (layer): Sequential(
        (0): DSConvINRelu(
          (dw): Conv2d(32, 32, kernel_size=(3, 3), stride=(2, 2), padding=(1, 1), groups=32, bias=False)
          (dw_norm): InstanceNorm2d(32, eps=1e-05, momentum=0.1, affine=False, track_running_stats=False)
          (dw_act): ReLU(inplace=True)
          (pw): Conv2d(32, 32, kernel_size=(1, 1), stride=(1, 1), bias=False)
          (pw_norm): InstanceNorm2d(32, eps=1e-05, momentum=0.1, affine=False, track_running_stats=False)
          (pw_act): ReLU(inplace=True)
        )
        (1): DSConvBlock(
          (layers): Sequential(
            (0): DSConvINRelu(
              (dw): Conv2d(32, 32, kernel_size=(3, 3), stride=(1, 1), padding=(1, 1), groups=32, bias=False)
              (dw_norm): InstanceNorm2d(32, eps=1e-05, momentum=0.1, affine=False, track_running_stats=False)
              (dw_act): ReLU(inplace=True)
              (pw): Conv2d(32, 64, kernel_size=(1, 1), stride=(1, 1), bias=False)
              (pw_norm): InstanceNorm2d(64, eps=1e-05, momentum=0.1, affine=False, track_running_stats=False)
              (pw_act): ReLU(inplace=True)
            )
            (1): DSConvINRelu(
              (dw): Conv2d(64, 64, kernel_size=(3, 3), stride=(1, 1), padding=(1, 1), groups=64, bias=False)
              (dw_norm): InstanceNorm2d(64, eps=1e-05, momentum=0.1, affine=False, track_running_stats=False)
              (dw_act): ReLU(inplace=True)
              (pw): Conv2d(64, 64, kernel_size=(1, 1), stride=(1, 1), bias=False)
              (pw_norm): InstanceNorm2d(64, eps=1e-05, momentum=0.1, affine=False, track_running_stats=False)
              (pw_act): ReLU(inplace=True)
            )
          )
        )
      )
    )
    (down3): Down(
      (layer): Sequential(
        (0): DSConvINRelu(
          (dw): Conv2d(64, 64, kernel_size=(3, 3), stride=(2, 2), padding=(1, 1), groups=64, bias=False)
          (dw_norm): InstanceNorm2d(64, eps=1e-05, momentum=0.1, affine=False, track_running_stats=False)
          (dw_act): ReLU(inplace=True)
          (pw): Conv2d(64, 64, kernel_size=(1, 1), stride=(1, 1), bias=False)
          (pw_norm): InstanceNorm2d(64, eps=1e-05, momentum=0.1, affine=False, track_running_stats=False)
          (pw_act): ReLU(inplace=True)
        )
        (1): DSConvBlock(
          (layers): Sequential(
            (0): DSConvINRelu(
              (dw): Conv2d(64, 64, kernel_size=(3, 3), stride=(1, 1), padding=(1, 1), groups=64, bias=False)
              (dw_norm): InstanceNorm2d(64, eps=1e-05, momentum=0.1, affine=False, track_running_stats=False)
              (dw_act): ReLU(inplace=True)
              (pw): Conv2d(64, 128, kernel_size=(1, 1), stride=(1, 1), bias=False)
              (pw_norm): InstanceNorm2d(128, eps=1e-05, momentum=0.1, affine=False, track_running_stats=False)
              (pw_act): ReLU(inplace=True)
            )
            (1): DSConvINRelu(
              (dw): Conv2d(128, 128, kernel_size=(3, 3), stride=(1, 1), padding=(1, 1), groups=128, bias=False)
              (dw_norm): InstanceNorm2d(128, eps=1e-05, momentum=0.1, affine=False, track_running_stats=False)
              (dw_act): ReLU(inplace=True)
              (pw): Conv2d(128, 128, kernel_size=(1, 1), stride=(1, 1), bias=False)
              (pw_norm): InstanceNorm2d(128, eps=1e-05, momentum=0.1, affine=False, track_running_stats=False)
              (pw_act): ReLU(inplace=True)
            )
          )
        )
      )
    )
    (up2): UP(
      (conv): DSConvBlock(
        (layers): Sequential(
          (0): DSConvINRelu(
            (dw): Conv2d(128, 128, kernel_size=(3, 3), stride=(1, 1), padding=(1, 1), groups=128, bias=False)
            (dw_norm): InstanceNorm2d(128, eps=1e-05, momentum=0.1, affine=False, track_running_stats=False)
            (dw_act): ReLU(inplace=True)
            (pw): Conv2d(128, 64, kernel_size=(1, 1), stride=(1, 1), bias=False)
            (pw_norm): InstanceNorm2d(64, eps=1e-05, momentum=0.1, affine=False, track_running_stats=False)
            (pw_act): ReLU(inplace=True)
          )
        )
      )
    )
    (linear2): Linear(in_features=64, out_features=4096, bias=True)
    (Conv_message2): DSConvBlock(
      (layers): Sequential(
        (0): DSConvINRelu(
          (dw): Conv2d(1, 1, kernel_size=(3, 3), stride=(1, 1), padding=(1, 1), bias=False)
          (dw_norm): InstanceNorm2d(1, eps=1e-05, momentum=0.1, affine=False, track_running_stats=False)
          (dw_act): ReLU(inplace=True)
          (pw): Conv2d(1, 64, kernel_size=(1, 1), stride=(1, 1), bias=False)
          (pw_norm): InstanceNorm2d(64, eps=1e-05, momentum=0.1, affine=False, track_running_stats=False)
          (pw_act): ReLU(inplace=True)
        )
        (1): DSConvINRelu(
          (dw): Conv2d(64, 64, kernel_size=(3, 3), stride=(1, 1), padding=(1, 1), groups=64, bias=False)
          (dw_norm): InstanceNorm2d(64, eps=1e-05, momentum=0.1, affine=False, track_running_stats=False)
          (dw_act): ReLU(inplace=True)
          (pw): Conv2d(64, 64, kernel_size=(1, 1), stride=(1, 1), bias=False)
          (pw_norm): InstanceNorm2d(64, eps=1e-05, momentum=0.1, affine=False, track_running_stats=False)
          (pw_act): ReLU(inplace=True)
        )
      )
    )
    (att2): ResBlock(
      (layers): Sequential(
        (0): BottleneckBlock(
          (change): Sequential(
            (0): Conv2d(192, 64, kernel_size=(1, 1), stride=(1, 1), bias=False)
            (1): InstanceNorm2d(64, eps=1e-05, momentum=0.1, affine=False, track_running_stats=False)
          )
          (left): Sequential(
            (0): Conv2d(192, 64, kernel_size=(1, 1), stride=(1, 1), bias=False)
            (1): InstanceNorm2d(64, eps=1e-05, momentum=0.1, affine=False, track_running_stats=False)
            (2): ReLU(inplace=True)
            (3): Conv2d(64, 64, kernel_size=(3, 3), stride=(1, 1), padding=(1, 1), bias=False)
            (4): InstanceNorm2d(64, eps=1e-05, momentum=0.1, affine=False, track_running_stats=False)
            (5): ReLU(inplace=True)
            (6): Conv2d(64, 64, kernel_size=(1, 1), stride=(1, 1), bias=False)
            (7): InstanceNorm2d(64, eps=1e-05, momentum=0.1, affine=False, track_running_stats=False)
          )
          (attention): SEAttention(
            (se): Sequential(
              (0): AdaptiveAvgPool2d(output_size=(1, 1))
              (1): Conv2d(64, 8, kernel_size=(1, 1), stride=(1, 1), bias=False)
              (2): ReLU(inplace=True)
              (3): Conv2d(8, 64, kernel_size=(1, 1), stride=(1, 1), bias=False)
              (4): Sigmoid()
            )
          )
        )
        (1): BottleneckBlock(
          (left): Sequential(
            (0): Conv2d(64, 64, kernel_size=(1, 1), stride=(1, 1), bias=False)
            (1): InstanceNorm2d(64, eps=1e-05, momentum=0.1, affine=False, track_running_stats=False)
            (2): ReLU(inplace=True)
            (3): Conv2d(64, 64, kernel_size=(3, 3), stride=(1, 1), padding=(1, 1), bias=False)
            (4): InstanceNorm2d(64, eps=1e-05, momentum=0.1, affine=False, track_running_stats=False)
            (5): ReLU(inplace=True)
            (6): Conv2d(64, 64, kernel_size=(1, 1), stride=(1, 1), bias=False)
            (7): InstanceNorm2d(64, eps=1e-05, momentum=0.1, affine=False, track_running_stats=False)
          )
          (attention): SEAttention(
            (se): Sequential(
              (0): AdaptiveAvgPool2d(output_size=(1, 1))
              (1): Conv2d(64, 8, kernel_size=(1, 1), stride=(1, 1), bias=False)
              (2): ReLU(inplace=True)
              (3): Conv2d(8, 64, kernel_size=(1, 1), stride=(1, 1), bias=False)
              (4): Sigmoid()
            )
          )
        )
      )
    )
    (up1): UP(
      (conv): DSConvBlock(
        (layers): Sequential(
          (0): DSConvINRelu(
            (dw): Conv2d(64, 64, kernel_size=(3, 3), stride=(1, 1), padding=(1, 1), groups=64, bias=False)
            (dw_norm): InstanceNorm2d(64, eps=1e-05, momentum=0.1, affine=False, track_running_stats=False)
            (dw_act): ReLU(inplace=True)
            (pw): Conv2d(64, 32, kernel_size=(1, 1), stride=(1, 1), bias=False)
            (pw_norm): InstanceNorm2d(32, eps=1e-05, momentum=0.1, affine=False, track_running_stats=False)
            (pw_act): ReLU(inplace=True)
          )
        )
      )
    )
    (linear1): Linear(in_features=64, out_features=4096, bias=True)
    (Conv_message1): DSConvBlock(
      (layers): Sequential(
        (0): DSConvINRelu(
          (dw): Conv2d(1, 1, kernel_size=(3, 3), stride=(1, 1), padding=(1, 1), bias=False)
          (dw_norm): InstanceNorm2d(1, eps=1e-05, momentum=0.1, affine=False, track_running_stats=False)
          (dw_act): ReLU(inplace=True)
          (pw): Conv2d(1, 64, kernel_size=(1, 1), stride=(1, 1), bias=False)
          (pw_norm): InstanceNorm2d(64, eps=1e-05, momentum=0.1, affine=False, track_running_stats=False)
          (pw_act): ReLU(inplace=True)
        )
        (1): DSConvINRelu(
          (dw): Conv2d(64, 64, kernel_size=(3, 3), stride=(1, 1), padding=(1, 1), groups=64, bias=False)
          (dw_norm): InstanceNorm2d(64, eps=1e-05, momentum=0.1, affine=False, track_running_stats=False)
          (dw_act): ReLU(inplace=True)
          (pw): Conv2d(64, 64, kernel_size=(1, 1), stride=(1, 1), bias=False)
          (pw_norm): InstanceNorm2d(64, eps=1e-05, momentum=0.1, affine=False, track_running_stats=False)
          (pw_act): ReLU(inplace=True)
        )
      )
    )
    (att1): ResBlock(
      (layers): Sequential(
        (0): BottleneckBlock(
          (change): Sequential(
            (0): Conv2d(128, 32, kernel_size=(1, 1), stride=(1, 1), bias=False)
            (1): InstanceNorm2d(32, eps=1e-05, momentum=0.1, affine=False, track_running_stats=False)
          )
          (left): Sequential(
            (0): Conv2d(128, 32, kernel_size=(1, 1), stride=(1, 1), bias=False)
            (1): InstanceNorm2d(32, eps=1e-05, momentum=0.1, affine=False, track_running_stats=False)
            (2): ReLU(inplace=True)
            (3): Conv2d(32, 32, kernel_size=(3, 3), stride=(1, 1), padding=(1, 1), bias=False)
            (4): InstanceNorm2d(32, eps=1e-05, momentum=0.1, affine=False, track_running_stats=False)
            (5): ReLU(inplace=True)
            (6): Conv2d(32, 32, kernel_size=(1, 1), stride=(1, 1), bias=False)
            (7): InstanceNorm2d(32, eps=1e-05, momentum=0.1, affine=False, track_running_stats=False)
          )
          (attention): SEAttention(
            (se): Sequential(
              (0): AdaptiveAvgPool2d(output_size=(1, 1))
              (1): Conv2d(32, 4, kernel_size=(1, 1), stride=(1, 1), bias=False)
              (2): ReLU(inplace=True)
              (3): Conv2d(4, 32, kernel_size=(1, 1), stride=(1, 1), bias=False)
              (4): Sigmoid()
            )
          )
        )
        (1): BottleneckBlock(
          (left): Sequential(
            (0): Conv2d(32, 32, kernel_size=(1, 1), stride=(1, 1), bias=False)
            (1): InstanceNorm2d(32, eps=1e-05, momentum=0.1, affine=False, track_running_stats=False)
            (2): ReLU(inplace=True)
            (3): Conv2d(32, 32, kernel_size=(3, 3), stride=(1, 1), padding=(1, 1), bias=False)
            (4): InstanceNorm2d(32, eps=1e-05, momentum=0.1, affine=False, track_running_stats=False)
            (5): ReLU(inplace=True)
            (6): Conv2d(32, 32, kernel_size=(1, 1), stride=(1, 1), bias=False)
            (7): InstanceNorm2d(32, eps=1e-05, momentum=0.1, affine=False, track_running_stats=False)
          )
          (attention): SEAttention(
            (se): Sequential(
              (0): AdaptiveAvgPool2d(output_size=(1, 1))
              (1): Conv2d(32, 4, kernel_size=(1, 1), stride=(1, 1), bias=False)
              (2): ReLU(inplace=True)
              (3): Conv2d(4, 32, kernel_size=(1, 1), stride=(1, 1), bias=False)
              (4): Sigmoid()
            )
          )
        )
      )
    )
    (up0): UP(
      (conv): DSConvBlock(
        (layers): Sequential(
          (0): DSConvINRelu(
            (dw): Conv2d(32, 32, kernel_size=(3, 3), stride=(1, 1), padding=(1, 1), groups=32, bias=False)
            (dw_norm): InstanceNorm2d(32, eps=1e-05, momentum=0.1, affine=False, track_running_stats=False)
            (dw_act): ReLU(inplace=True)
            (pw): Conv2d(32, 16, kernel_size=(1, 1), stride=(1, 1), bias=False)
            (pw_norm): InstanceNorm2d(16, eps=1e-05, momentum=0.1, affine=False, track_running_stats=False)
            (pw_act): ReLU(inplace=True)
          )
        )
      )
    )
    (linear0): Linear(in_features=64, out_features=4096, bias=True)
    (Conv_message0): DSConvBlock(
      (layers): Sequential(
        (0): DSConvINRelu(
          (dw): Conv2d(1, 1, kernel_size=(3, 3), stride=(1, 1), padding=(1, 1), bias=False)
          (dw_norm): InstanceNorm2d(1, eps=1e-05, momentum=0.1, affine=False, track_running_stats=False)
          (dw_act): ReLU(inplace=True)
          (pw): Conv2d(1, 64, kernel_size=(1, 1), stride=(1, 1), bias=False)
          (pw_norm): InstanceNorm2d(64, eps=1e-05, momentum=0.1, affine=False, track_running_stats=False)
          (pw_act): ReLU(inplace=True)
        )
        (1): DSConvINRelu(
          (dw): Conv2d(64, 64, kernel_size=(3, 3), stride=(1, 1), padding=(1, 1), groups=64, bias=False)
          (dw_norm): InstanceNorm2d(64, eps=1e-05, momentum=0.1, affine=False, track_running_stats=False)
          (dw_act): ReLU(inplace=True)
          (pw): Conv2d(64, 64, kernel_size=(1, 1), stride=(1, 1), bias=False)
          (pw_norm): InstanceNorm2d(64, eps=1e-05, momentum=0.1, affine=False, track_running_stats=False)
          (pw_act): ReLU(inplace=True)
        )
      )
    )
    (att0): ResBlock(
      (layers): Sequential(
        (0): BottleneckBlock(
          (change): Sequential(
            (0): Conv2d(96, 16, kernel_size=(1, 1), stride=(1, 1), bias=False)
            (1): InstanceNorm2d(16, eps=1e-05, momentum=0.1, affine=False, track_running_stats=False)
          )
          (left): Sequential(
            (0): Conv2d(96, 16, kernel_size=(1, 1), stride=(1, 1), bias=False)
            (1): InstanceNorm2d(16, eps=1e-05, momentum=0.1, affine=False, track_running_stats=False)
            (2): ReLU(inplace=True)
            (3): Conv2d(16, 16, kernel_size=(3, 3), stride=(1, 1), padding=(1, 1), bias=False)
            (4): InstanceNorm2d(16, eps=1e-05, momentum=0.1, affine=False, track_running_stats=False)
            (5): ReLU(inplace=True)
            (6): Conv2d(16, 16, kernel_size=(1, 1), stride=(1, 1), bias=False)
            (7): InstanceNorm2d(16, eps=1e-05, momentum=0.1, affine=False, track_running_stats=False)
          )
          (attention): SEAttention(
            (se): Sequential(
              (0): AdaptiveAvgPool2d(output_size=(1, 1))
              (1): Conv2d(16, 2, kernel_size=(1, 1), stride=(1, 1), bias=False)
              (2): ReLU(inplace=True)
              (3): Conv2d(2, 16, kernel_size=(1, 1), stride=(1, 1), bias=False)
              (4): Sigmoid()
            )
          )
        )
        (1): BottleneckBlock(
          (left): Sequential(
            (0): Conv2d(16, 16, kernel_size=(1, 1), stride=(1, 1), bias=False)
            (1): InstanceNorm2d(16, eps=1e-05, momentum=0.1, affine=False, track_running_stats=False)
            (2): ReLU(inplace=True)
            (3): Conv2d(16, 16, kernel_size=(3, 3), stride=(1, 1), padding=(1, 1), bias=False)
            (4): InstanceNorm2d(16, eps=1e-05, momentum=0.1, affine=False, track_running_stats=False)
            (5): ReLU(inplace=True)
            (6): Conv2d(16, 16, kernel_size=(1, 1), stride=(1, 1), bias=False)
            (7): InstanceNorm2d(16, eps=1e-05, momentum=0.1, affine=False, track_running_stats=False)
          )
          (attention): SEAttention(
            (se): Sequential(
              (0): AdaptiveAvgPool2d(output_size=(1, 1))
              (1): Conv2d(16, 2, kernel_size=(1, 1), stride=(1, 1), bias=False)
              (2): ReLU(inplace=True)
              (3): Conv2d(2, 16, kernel_size=(1, 1), stride=(1, 1), bias=False)
              (4): Sigmoid()
            )
          )
        )
      )
    )
    (Conv_1x1): Conv2d(19, 3, kernel_size=(1, 1), stride=(1, 1))
  )
  (bitdecoder): DW_Decoder_2(
    (conv1): DSConvBlock(
      (layers): Sequential(
        (0): DSConvINRelu(
          (dw): Conv2d(3, 3, kernel_size=(3, 3), stride=(1, 1), padding=(1, 1), groups=3, bias=False)
          (dw_norm): InstanceNorm2d(3, eps=1e-05, momentum=0.1, affine=False, track_running_stats=False)
          (dw_act): ReLU(inplace=True)
          (pw): Conv2d(3, 16, kernel_size=(1, 1), stride=(1, 1), bias=False)
          (pw_norm): InstanceNorm2d(16, eps=1e-05, momentum=0.1, affine=False, track_running_stats=False)
          (pw_act): ReLU(inplace=True)
        )
        (1): DSConvINRelu(
          (dw): Conv2d(16, 16, kernel_size=(3, 3), stride=(1, 1), padding=(1, 1), groups=16, bias=False)
          (dw_norm): InstanceNorm2d(16, eps=1e-05, momentum=0.1, affine=False, track_running_stats=False)
          (dw_act): ReLU(inplace=True)
          (pw): Conv2d(16, 16, kernel_size=(1, 1), stride=(1, 1), bias=False)
          (pw_norm): InstanceNorm2d(16, eps=1e-05, momentum=0.1, affine=False, track_running_stats=False)
          (pw_act): ReLU(inplace=True)
        )
      )
    )
    (down1): Down(
      (layer): Sequential(
        (0): DSConvINRelu(
          (dw): Conv2d(16, 16, kernel_size=(3, 3), stride=(2, 2), padding=(1, 1), groups=16, bias=False)
          (dw_norm): InstanceNorm2d(16, eps=1e-05, momentum=0.1, affine=False, track_running_stats=False)
          (dw_act): ReLU(inplace=True)
          (pw): Conv2d(16, 16, kernel_size=(1, 1), stride=(1, 1), bias=False)
          (pw_norm): InstanceNorm2d(16, eps=1e-05, momentum=0.1, affine=False, track_running_stats=False)
          (pw_act): ReLU(inplace=True)
        )
        (1): DSConvBlock(
          (layers): Sequential(
            (0): DSConvINRelu(
              (dw): Conv2d(16, 16, kernel_size=(3, 3), stride=(1, 1), padding=(1, 1), groups=16, bias=False)
              (dw_norm): InstanceNorm2d(16, eps=1e-05, momentum=0.1, affine=False, track_running_stats=False)
              (dw_act): ReLU(inplace=True)
              (pw): Conv2d(16, 32, kernel_size=(1, 1), stride=(1, 1), bias=False)
              (pw_norm): InstanceNorm2d(32, eps=1e-05, momentum=0.1, affine=False, track_running_stats=False)
              (pw_act): ReLU(inplace=True)
            )
            (1): DSConvINRelu(
              (dw): Conv2d(32, 32, kernel_size=(3, 3), stride=(1, 1), padding=(1, 1), groups=32, bias=False)
              (dw_norm): InstanceNorm2d(32, eps=1e-05, momentum=0.1, affine=False, track_running_stats=False)
              (dw_act): ReLU(inplace=True)
              (pw): Conv2d(32, 32, kernel_size=(1, 1), stride=(1, 1), bias=False)
              (pw_norm): InstanceNorm2d(32, eps=1e-05, momentum=0.1, affine=False, track_running_stats=False)
              (pw_act): ReLU(inplace=True)
            )
          )
        )
      )
    )
    (down2): Down(
      (layer): Sequential(
        (0): DSConvINRelu(
          (dw): Conv2d(32, 32, kernel_size=(3, 3), stride=(2, 2), padding=(1, 1), groups=32, bias=False)
          (dw_norm): InstanceNorm2d(32, eps=1e-05, momentum=0.1, affine=False, track_running_stats=False)
          (dw_act): ReLU(inplace=True)
          (pw): Conv2d(32, 32, kernel_size=(1, 1), stride=(1, 1), bias=False)
          (pw_norm): InstanceNorm2d(32, eps=1e-05, momentum=0.1, affine=False, track_running_stats=False)
          (pw_act): ReLU(inplace=True)
        )
        (1): DSConvBlock(
          (layers): Sequential(
            (0): DSConvINRelu(
              (dw): Conv2d(32, 32, kernel_size=(3, 3), stride=(1, 1), padding=(1, 1), groups=32, bias=False)
              (dw_norm): InstanceNorm2d(32, eps=1e-05, momentum=0.1, affine=False, track_running_stats=False)
              (dw_act): ReLU(inplace=True)
              (pw): Conv2d(32, 64, kernel_size=(1, 1), stride=(1, 1), bias=False)
              (pw_norm): InstanceNorm2d(64, eps=1e-05, momentum=0.1, affine=False, track_running_stats=False)
              (pw_act): ReLU(inplace=True)
            )
            (1): DSConvINRelu(
              (dw): Conv2d(64, 64, kernel_size=(3, 3), stride=(1, 1), padding=(1, 1), groups=64, bias=False)
              (dw_norm): InstanceNorm2d(64, eps=1e-05, momentum=0.1, affine=False, track_running_stats=False)
              (dw_act): ReLU(inplace=True)
              (pw): Conv2d(64, 64, kernel_size=(1, 1), stride=(1, 1), bias=False)
              (pw_norm): InstanceNorm2d(64, eps=1e-05, momentum=0.1, affine=False, track_running_stats=False)
              (pw_act): ReLU(inplace=True)
            )
          )
        )
      )
    )
    (down3): Down(
      (layer): Sequential(
        (0): DSConvINRelu(
          (dw): Conv2d(64, 64, kernel_size=(3, 3), stride=(2, 2), padding=(1, 1), groups=64, bias=False)
          (dw_norm): InstanceNorm2d(64, eps=1e-05, momentum=0.1, affine=False, track_running_stats=False)
          (dw_act): ReLU(inplace=True)
          (pw): Conv2d(64, 64, kernel_size=(1, 1), stride=(1, 1), bias=False)
          (pw_norm): InstanceNorm2d(64, eps=1e-05, momentum=0.1, affine=False, track_running_stats=False)
          (pw_act): ReLU(inplace=True)
        )
        (1): DSConvBlock(
          (layers): Sequential(
            (0): DSConvINRelu(
              (dw): Conv2d(64, 64, kernel_size=(3, 3), stride=(1, 1), padding=(1, 1), groups=64, bias=False)
              (dw_norm): InstanceNorm2d(64, eps=1e-05, momentum=0.1, affine=False, track_running_stats=False)
              (dw_act): ReLU(inplace=True)
              (pw): Conv2d(64, 128, kernel_size=(1, 1), stride=(1, 1), bias=False)
              (pw_norm): InstanceNorm2d(128, eps=1e-05, momentum=0.1, affine=False, track_running_stats=False)
              (pw_act): ReLU(inplace=True)
            )
            (1): DSConvINRelu(
              (dw): Conv2d(128, 128, kernel_size=(3, 3), stride=(1, 1), padding=(1, 1), groups=128, bias=False)
              (dw_norm): InstanceNorm2d(128, eps=1e-05, momentum=0.1, affine=False, track_running_stats=False)
              (dw_act): ReLU(inplace=True)
              (pw): Conv2d(128, 128, kernel_size=(1, 1), stride=(1, 1), bias=False)
              (pw_norm): InstanceNorm2d(128, eps=1e-05, momentum=0.1, affine=False, track_running_stats=False)
              (pw_act): ReLU(inplace=True)
            )
          )
        )
      )
    )
    (up2): UP(
      (conv): DSConvBlock(
        (layers): Sequential(
          (0): DSConvINRelu(
            (dw): Conv2d(128, 128, kernel_size=(3, 3), stride=(1, 1), padding=(1, 1), groups=128, bias=False)
            (dw_norm): InstanceNorm2d(128, eps=1e-05, momentum=0.1, affine=False, track_running_stats=False)
            (dw_act): ReLU(inplace=True)
            (pw): Conv2d(128, 64, kernel_size=(1, 1), stride=(1, 1), bias=False)
            (pw_norm): InstanceNorm2d(64, eps=1e-05, momentum=0.1, affine=False, track_running_stats=False)
            (pw_act): ReLU(inplace=True)
          )
        )
      )
    )
    (att2): ResBlock(
      (layers): Sequential(
        (0): BottleneckBlock(
          (change): Sequential(
            (0): Conv2d(128, 64, kernel_size=(1, 1), stride=(1, 1), bias=False)
            (1): InstanceNorm2d(64, eps=1e-05, momentum=0.1, affine=False, track_running_stats=False)
          )
          (left): Sequential(
            (0): Conv2d(128, 64, kernel_size=(1, 1), stride=(1, 1), bias=False)
            (1): InstanceNorm2d(64, eps=1e-05, momentum=0.1, affine=False, track_running_stats=False)
            (2): ReLU(inplace=True)
            (3): Conv2d(64, 64, kernel_size=(3, 3), stride=(1, 1), padding=(1, 1), bias=False)
            (4): InstanceNorm2d(64, eps=1e-05, momentum=0.1, affine=False, track_running_stats=False)
            (5): ReLU(inplace=True)
            (6): Conv2d(64, 64, kernel_size=(1, 1), stride=(1, 1), bias=False)
            (7): InstanceNorm2d(64, eps=1e-05, momentum=0.1, affine=False, track_running_stats=False)
          )
          (attention): SEAttention(
            (se): Sequential(
              (0): AdaptiveAvgPool2d(output_size=(1, 1))
              (1): Conv2d(64, 8, kernel_size=(1, 1), stride=(1, 1), bias=False)
              (2): ReLU(inplace=True)
              (3): Conv2d(8, 64, kernel_size=(1, 1), stride=(1, 1), bias=False)
              (4): Sigmoid()
            )
          )
        )
        (1): BottleneckBlock(
          (left): Sequential(
            (0): Conv2d(64, 64, kernel_size=(1, 1), stride=(1, 1), bias=False)
            (1): InstanceNorm2d(64, eps=1e-05, momentum=0.1, affine=False, track_running_stats=False)
            (2): ReLU(inplace=True)
            (3): Conv2d(64, 64, kernel_size=(3, 3), stride=(1, 1), padding=(1, 1), bias=False)
            (4): InstanceNorm2d(64, eps=1e-05, momentum=0.1, affine=False, track_running_stats=False)
            (5): ReLU(inplace=True)
            (6): Conv2d(64, 64, kernel_size=(1, 1), stride=(1, 1), bias=False)
            (7): InstanceNorm2d(64, eps=1e-05, momentum=0.1, affine=False, track_running_stats=False)
          )
          (attention): SEAttention(
            (se): Sequential(
              (0): AdaptiveAvgPool2d(output_size=(1, 1))
              (1): Conv2d(64, 8, kernel_size=(1, 1), stride=(1, 1), bias=False)
              (2): ReLU(inplace=True)
              (3): Conv2d(8, 64, kernel_size=(1, 1), stride=(1, 1), bias=False)
              (4): Sigmoid()
            )
          )
        )
      )
    )
    (up1): UP(
      (conv): DSConvBlock(
        (layers): Sequential(
          (0): DSConvINRelu(
            (dw): Conv2d(64, 64, kernel_size=(3, 3), stride=(1, 1), padding=(1, 1), groups=64, bias=False)
            (dw_norm): InstanceNorm2d(64, eps=1e-05, momentum=0.1, affine=False, track_running_stats=False)
            (dw_act): ReLU(inplace=True)
            (pw): Conv2d(64, 32, kernel_size=(1, 1), stride=(1, 1), bias=False)
            (pw_norm): InstanceNorm2d(32, eps=1e-05, momentum=0.1, affine=False, track_running_stats=False)
            (pw_act): ReLU(inplace=True)
          )
        )
      )
    )
    (att1): ResBlock(
      (layers): Sequential(
        (0): BottleneckBlock(
          (change): Sequential(
            (0): Conv2d(64, 32, kernel_size=(1, 1), stride=(1, 1), bias=False)
            (1): InstanceNorm2d(32, eps=1e-05, momentum=0.1, affine=False, track_running_stats=False)
          )
          (left): Sequential(
            (0): Conv2d(64, 32, kernel_size=(1, 1), stride=(1, 1), bias=False)
            (1): InstanceNorm2d(32, eps=1e-05, momentum=0.1, affine=False, track_running_stats=False)
            (2): ReLU(inplace=True)
            (3): Conv2d(32, 32, kernel_size=(3, 3), stride=(1, 1), padding=(1, 1), bias=False)
            (4): InstanceNorm2d(32, eps=1e-05, momentum=0.1, affine=False, track_running_stats=False)
            (5): ReLU(inplace=True)
            (6): Conv2d(32, 32, kernel_size=(1, 1), stride=(1, 1), bias=False)
            (7): InstanceNorm2d(32, eps=1e-05, momentum=0.1, affine=False, track_running_stats=False)
          )
          (attention): SEAttention(
            (se): Sequential(
              (0): AdaptiveAvgPool2d(output_size=(1, 1))
              (1): Conv2d(32, 4, kernel_size=(1, 1), stride=(1, 1), bias=False)
              (2): ReLU(inplace=True)
              (3): Conv2d(4, 32, kernel_size=(1, 1), stride=(1, 1), bias=False)
              (4): Sigmoid()
            )
          )
        )
        (1): BottleneckBlock(
          (left): Sequential(
            (0): Conv2d(32, 32, kernel_size=(1, 1), stride=(1, 1), bias=False)
            (1): InstanceNorm2d(32, eps=1e-05, momentum=0.1, affine=False, track_running_stats=False)
            (2): ReLU(inplace=True)
            (3): Conv2d(32, 32, kernel_size=(3, 3), stride=(1, 1), padding=(1, 1), bias=False)
            (4): InstanceNorm2d(32, eps=1e-05, momentum=0.1, affine=False, track_running_stats=False)
            (5): ReLU(inplace=True)
            (6): Conv2d(32, 32, kernel_size=(1, 1), stride=(1, 1), bias=False)
            (7): InstanceNorm2d(32, eps=1e-05, momentum=0.1, affine=False, track_running_stats=False)
          )
          (attention): SEAttention(
            (se): Sequential(
              (0): AdaptiveAvgPool2d(output_size=(1, 1))
              (1): Conv2d(32, 4, kernel_size=(1, 1), stride=(1, 1), bias=False)
              (2): ReLU(inplace=True)
              (3): Conv2d(4, 32, kernel_size=(1, 1), stride=(1, 1), bias=False)
              (4): Sigmoid()
            )
          )
        )
      )
    )
    (up0): UP(
      (conv): DSConvBlock(
        (layers): Sequential(
          (0): DSConvINRelu(
            (dw): Conv2d(32, 32, kernel_size=(3, 3), stride=(1, 1), padding=(1, 1), groups=32, bias=False)
            (dw_norm): InstanceNorm2d(32, eps=1e-05, momentum=0.1, affine=False, track_running_stats=False)
            (dw_act): ReLU(inplace=True)
            (pw): Conv2d(32, 16, kernel_size=(1, 1), stride=(1, 1), bias=False)
            (pw_norm): InstanceNorm2d(16, eps=1e-05, momentum=0.1, affine=False, track_running_stats=False)
            (pw_act): ReLU(inplace=True)
          )
        )
      )
    )
    (att0): ResBlock(
      (layers): Sequential(
        (0): BottleneckBlock(
          (change): Sequential(
            (0): Conv2d(32, 16, kernel_size=(1, 1), stride=(1, 1), bias=False)
            (1): InstanceNorm2d(16, eps=1e-05, momentum=0.1, affine=False, track_running_stats=False)
          )
          (left): Sequential(
            (0): Conv2d(32, 16, kernel_size=(1, 1), stride=(1, 1), bias=False)
            (1): InstanceNorm2d(16, eps=1e-05, momentum=0.1, affine=False, track_running_stats=False)
            (2): ReLU(inplace=True)
            (3): Conv2d(16, 16, kernel_size=(3, 3), stride=(1, 1), padding=(1, 1), bias=False)
            (4): InstanceNorm2d(16, eps=1e-05, momentum=0.1, affine=False, track_running_stats=False)
            (5): ReLU(inplace=True)
            (6): Conv2d(16, 16, kernel_size=(1, 1), stride=(1, 1), bias=False)
            (7): InstanceNorm2d(16, eps=1e-05, momentum=0.1, affine=False, track_running_stats=False)
          )
          (attention): SEAttention(
            (se): Sequential(
              (0): AdaptiveAvgPool2d(output_size=(1, 1))
              (1): Conv2d(16, 2, kernel_size=(1, 1), stride=(1, 1), bias=False)
              (2): ReLU(inplace=True)
              (3): Conv2d(2, 16, kernel_size=(1, 1), stride=(1, 1), bias=False)
              (4): Sigmoid()
            )
          )
        )
        (1): BottleneckBlock(
          (left): Sequential(
            (0): Conv2d(16, 16, kernel_size=(1, 1), stride=(1, 1), bias=False)
            (1): InstanceNorm2d(16, eps=1e-05, momentum=0.1, affine=False, track_running_stats=False)
            (2): ReLU(inplace=True)
            (3): Conv2d(16, 16, kernel_size=(3, 3), stride=(1, 1), padding=(1, 1), bias=False)
            (4): InstanceNorm2d(16, eps=1e-05, momentum=0.1, affine=False, track_running_stats=False)
            (5): ReLU(inplace=True)
            (6): Conv2d(16, 16, kernel_size=(1, 1), stride=(1, 1), bias=False)
            (7): InstanceNorm2d(16, eps=1e-05, momentum=0.1, affine=False, track_running_stats=False)
          )
          (attention): SEAttention(
            (se): Sequential(
              (0): AdaptiveAvgPool2d(output_size=(1, 1))
              (1): Conv2d(16, 2, kernel_size=(1, 1), stride=(1, 1), bias=False)
              (2): ReLU(inplace=True)
              (3): Conv2d(2, 16, kernel_size=(1, 1), stride=(1, 1), bias=False)
              (4): Sigmoid()
            )
          )
        )
      )
    )
    (Conv_1x1): Conv2d(16, 1, kernel_size=(1, 1), stride=(1, 1), bias=False)
    (message_layer): Linear(in_features=4096, out_features=64, bias=True)
  )
  (irn): InvNN(
    (operations): ModuleList(
      (0-11): 12 x InvBlock(
        (F): DenseBlock(
          (conv1): Conv2d(12, 32, kernel_size=(3, 3), stride=(1, 1), padding=(1, 1))
          (conv2): Conv2d(44, 32, kernel_size=(3, 3), stride=(1, 1), padding=(1, 1))
          (conv3): Conv2d(76, 32, kernel_size=(3, 3), stride=(1, 1), padding=(1, 1))
          (conv4): Conv2d(108, 32, kernel_size=(3, 3), stride=(1, 1), padding=(1, 1))
          (conv5): Conv2d(140, 12, kernel_size=(3, 3), stride=(1, 1), padding=(1, 1))
          (lrelu): LeakyReLU(negative_slope=0.2, inplace=True)
        )
        (NF): NAFBlock(
          (conv1): Conv2d(12, 24, kernel_size=(1, 1), stride=(1, 1))
          (conv2): Conv2d(24, 24, kernel_size=(3, 3), stride=(1, 1), padding=(1, 1), groups=24)
          (conv3): Conv2d(12, 12, kernel_size=(1, 1), stride=(1, 1))
          (sca): Sequential(
            (0): AdaptiveAvgPool2d(output_size=1)
            (1): Conv2d(12, 12, kernel_size=(1, 1), stride=(1, 1))
          )
          (sg): SimpleGate()
          (conv4): Conv2d(12, 24, kernel_size=(1, 1), stride=(1, 1))
          (conv5): Conv2d(12, 12, kernel_size=(1, 1), stride=(1, 1))
          (norm1): LayerNorm2d()
          (norm2): LayerNorm2d()
          (dropout1): Identity()
          (dropout2): Identity()
        )
        (G): DenseBlock(
          (conv1): Conv2d(12, 32, kernel_size=(3, 3), stride=(1, 1), padding=(1, 1))
          (conv2): Conv2d(44, 32, kernel_size=(3, 3), stride=(1, 1), padding=(1, 1))
          (conv3): Conv2d(76, 32, kernel_size=(3, 3), stride=(1, 1), padding=(1, 1))
          (conv4): Conv2d(108, 32, kernel_size=(3, 3), stride=(1, 1), padding=(1, 1))
          (conv5): Conv2d(140, 12, kernel_size=(3, 3), stride=(1, 1), padding=(1, 1))
          (lrelu): LeakyReLU(negative_slope=0.2, inplace=True)
        )
        (NG): NAFBlock(
          (conv1): Conv2d(12, 24, kernel_size=(1, 1), stride=(1, 1))
          (conv2): Conv2d(24, 24, kernel_size=(3, 3), stride=(1, 1), padding=(1, 1), groups=24)
          (conv3): Conv2d(12, 12, kernel_size=(1, 1), stride=(1, 1))
          (sca): Sequential(
            (0): AdaptiveAvgPool2d(output_size=1)
            (1): Conv2d(12, 12, kernel_size=(1, 1), stride=(1, 1))
          )
          (sg): SimpleGate()
          (conv4): Conv2d(12, 24, kernel_size=(1, 1), stride=(1, 1))
          (conv5): Conv2d(12, 12, kernel_size=(1, 1), stride=(1, 1))
          (norm1): LayerNorm2d()
          (norm2): LayerNorm2d()
          (dropout1): Identity()
          (dropout2): Identity()
        )
        (H): DenseBlock(
          (conv1): Conv2d(12, 32, kernel_size=(3, 3), stride=(1, 1), padding=(1, 1))
          (conv2): Conv2d(44, 32, kernel_size=(3, 3), stride=(1, 1), padding=(1, 1))
          (conv3): Conv2d(76, 32, kernel_size=(3, 3), stride=(1, 1), padding=(1, 1))
          (conv4): Conv2d(108, 32, kernel_size=(3, 3), stride=(1, 1), padding=(1, 1))
          (conv5): Conv2d(140, 12, kernel_size=(3, 3), stride=(1, 1), padding=(1, 1))
          (lrelu): LeakyReLU(negative_slope=0.2, inplace=True)
        )
        (NH): NAFBlock(
          (conv1): Conv2d(12, 24, kernel_size=(1, 1), stride=(1, 1))
          (conv2): Conv2d(24, 24, kernel_size=(3, 3), stride=(1, 1), padding=(1, 1), groups=24)
          (conv3): Conv2d(12, 12, kernel_size=(1, 1), stride=(1, 1))
          (sca): Sequential(
            (0): AdaptiveAvgPool2d(output_size=1)
            (1): Conv2d(12, 12, kernel_size=(1, 1), stride=(1, 1))
          )
          (sg): SimpleGate()
          (conv4): Conv2d(12, 24, kernel_size=(1, 1), stride=(1, 1))
          (conv5): Conv2d(12, 12, kernel_size=(1, 1), stride=(1, 1))
          (norm1): LayerNorm2d()
          (norm2): LayerNorm2d()
          (dropout1): Identity()
          (dropout2): Identity()
        )
      )
    )
  )
  (pm): PredictiveModuleMIMO_prompt(
    (conv_in): Conv2d(12, 12, kernel_size=(3, 3), stride=(1, 1), padding=(1, 1))
    (res_block): Sequential(
      (0): ResidualBlockNoBN(
        (conv1): Conv2d(12, 12, kernel_size=(3, 3), stride=(1, 1), padding=(1, 1))
        (conv2): Conv2d(12, 12, kernel_size=(3, 3), stride=(1, 1), padding=(1, 1))
        (relu): LeakyReLU(negative_slope=0.2, inplace=True)
      )
      (1): ResidualBlockNoBN(
        (conv1): Conv2d(12, 12, kernel_size=(3, 3), stride=(1, 1), padding=(1, 1))
        (conv2): Conv2d(12, 12, kernel_size=(3, 3), stride=(1, 1), padding=(1, 1))
        (relu): LeakyReLU(negative_slope=0.2, inplace=True)
      )
      (2): ResidualBlockNoBN(
        (conv1): Conv2d(12, 12, kernel_size=(3, 3), stride=(1, 1), padding=(1, 1))
        (conv2): Conv2d(12, 12, kernel_size=(3, 3), stride=(1, 1), padding=(1, 1))
        (relu): LeakyReLU(negative_slope=0.2, inplace=True)
      )
      (3): ResidualBlockNoBN(
        (conv1): Conv2d(12, 12, kernel_size=(3, 3), stride=(1, 1), padding=(1, 1))
        (conv2): Conv2d(12, 12, kernel_size=(3, 3), stride=(1, 1), padding=(1, 1))
        (relu): LeakyReLU(negative_slope=0.2, inplace=True)
      )
      (4): ResidualBlockNoBN(
        (conv1): Conv2d(12, 12, kernel_size=(3, 3), stride=(1, 1), padding=(1, 1))
        (conv2): Conv2d(12, 12, kernel_size=(3, 3), stride=(1, 1), padding=(1, 1))
        (relu): LeakyReLU(negative_slope=0.2, inplace=True)
      )
      (5): ResidualBlockNoBN(
        (conv1): Conv2d(12, 12, kernel_size=(3, 3), stride=(1, 1), padding=(1, 1))
        (conv2): Conv2d(12, 12, kernel_size=(3, 3), stride=(1, 1), padding=(1, 1))
        (relu): LeakyReLU(negative_slope=0.2, inplace=True)
      )
      (6): ResidualBlockNoBN(
        (conv1): Conv2d(12, 12, kernel_size=(3, 3), stride=(1, 1), padding=(1, 1))
        (conv2): Conv2d(12, 12, kernel_size=(3, 3), stride=(1, 1), padding=(1, 1))
        (relu): LeakyReLU(negative_slope=0.2, inplace=True)
      )
      (7): ResidualBlockNoBN(
        (conv1): Conv2d(12, 12, kernel_size=(3, 3), stride=(1, 1), padding=(1, 1))
        (conv2): Conv2d(12, 12, kernel_size=(3, 3), stride=(1, 1), padding=(1, 1))
        (relu): LeakyReLU(negative_slope=0.2, inplace=True)
      )
    )
    (transformer_block): Sequential(
      (0): TransformerBlock(
        (norm1): LayerNorm(
          (body): WithBias_LayerNorm()
        )
        (attn): Attention(
          (qkv): Conv2d(12, 36, kernel_size=(1, 1), stride=(1, 1), bias=False)
          (qkv_dwconv): Conv2d(36, 36, kernel_size=(3, 3), stride=(1, 1), padding=(1, 1), groups=36, bias=False)
          (project_out): Conv2d(12, 12, kernel_size=(1, 1), stride=(1, 1), bias=False)
        )
        (norm2): LayerNorm(
          (body): WithBias_LayerNorm()
        )
        (ffn): FeedForward(
          (project_in): Conv2d(12, 96, kernel_size=(1, 1), stride=(1, 1), bias=False)
          (dwconv): Conv2d(96, 96, kernel_size=(3, 3), stride=(1, 1), padding=(1, 1), groups=96, bias=False)
          (project_out): Conv2d(48, 12, kernel_size=(1, 1), stride=(1, 1), bias=False)
        )
      )
      (1): TransformerBlock(
        (norm1): LayerNorm(
          (body): WithBias_LayerNorm()
        )
        (attn): Attention(
          (qkv): Conv2d(12, 36, kernel_size=(1, 1), stride=(1, 1), bias=False)
          (qkv_dwconv): Conv2d(36, 36, kernel_size=(3, 3), stride=(1, 1), padding=(1, 1), groups=36, bias=False)
          (project_out): Conv2d(12, 12, kernel_size=(1, 1), stride=(1, 1), bias=False)
        )
        (norm2): LayerNorm(
          (body): WithBias_LayerNorm()
        )
        (ffn): FeedForward(
          (project_in): Conv2d(12, 96, kernel_size=(1, 1), stride=(1, 1), bias=False)
          (dwconv): Conv2d(96, 96, kernel_size=(3, 3), stride=(1, 1), padding=(1, 1), groups=96, bias=False)
          (project_out): Conv2d(48, 12, kernel_size=(1, 1), stride=(1, 1), bias=False)
        )
      )
      (2): TransformerBlock(
        (norm1): LayerNorm(
          (body): WithBias_LayerNorm()
        )
        (attn): Attention(
          (qkv): Conv2d(12, 36, kernel_size=(1, 1), stride=(1, 1), bias=False)
          (qkv_dwconv): Conv2d(36, 36, kernel_size=(3, 3), stride=(1, 1), padding=(1, 1), groups=36, bias=False)
          (project_out): Conv2d(12, 12, kernel_size=(1, 1), stride=(1, 1), bias=False)
        )
        (norm2): LayerNorm(
          (body): WithBias_LayerNorm()
        )
        (ffn): FeedForward(
          (project_in): Conv2d(12, 96, kernel_size=(1, 1), stride=(1, 1), bias=False)
          (dwconv): Conv2d(96, 96, kernel_size=(3, 3), stride=(1, 1), padding=(1, 1), groups=96, bias=False)
          (project_out): Conv2d(48, 12, kernel_size=(1, 1), stride=(1, 1), bias=False)
        )
      )
      (3): TransformerBlock(
        (norm1): LayerNorm(
          (body): WithBias_LayerNorm()
        )
        (attn): Attention(
          (qkv): Conv2d(12, 36, kernel_size=(1, 1), stride=(1, 1), bias=False)
          (qkv_dwconv): Conv2d(36, 36, kernel_size=(3, 3), stride=(1, 1), padding=(1, 1), groups=36, bias=False)
          (project_out): Conv2d(12, 12, kernel_size=(1, 1), stride=(1, 1), bias=False)
        )
        (norm2): LayerNorm(
          (body): WithBias_LayerNorm()
        )
        (ffn): FeedForward(
          (project_in): Conv2d(12, 96, kernel_size=(1, 1), stride=(1, 1), bias=False)
          (dwconv): Conv2d(96, 96, kernel_size=(3, 3), stride=(1, 1), padding=(1, 1), groups=96, bias=False)
          (project_out): Conv2d(48, 12, kernel_size=(1, 1), stride=(1, 1), bias=False)
        )
      )
    )
    (prompt): PromptGenBlock(
      (linear_layer): Linear(in_features=12, out_features=3, bias=True)
      (conv3x3): Conv2d(12, 12, kernel_size=(3, 3), stride=(1, 1), padding=(1, 1), bias=False)
    )
    (fuse): Conv2d(24, 12, kernel_size=(3, 3), stride=(1, 1), padding=(1, 1))
  )
)
2025-06-22 15:52:46,302 - INFO - VSN(
  (bitencoder): DW_Encoder_2(
    (conv1): DSConvBlock(
      (layers): Sequential(
        (0): DSConvINRelu(
          (dw): Conv2d(3, 3, kernel_size=(3, 3), stride=(1, 1), padding=(1, 1), groups=3, bias=False)
          (dw_norm): InstanceNorm2d(3, eps=1e-05, momentum=0.1, affine=False, track_running_stats=False)
          (dw_act): ReLU(inplace=True)
          (pw): Conv2d(3, 16, kernel_size=(1, 1), stride=(1, 1), bias=False)
          (pw_norm): InstanceNorm2d(16, eps=1e-05, momentum=0.1, affine=False, track_running_stats=False)
          (pw_act): ReLU(inplace=True)
        )
        (1): DSConvINRelu(
          (dw): Conv2d(16, 16, kernel_size=(3, 3), stride=(1, 1), padding=(1, 1), groups=16, bias=False)
          (dw_norm): InstanceNorm2d(16, eps=1e-05, momentum=0.1, affine=False, track_running_stats=False)
          (dw_act): ReLU(inplace=True)
          (pw): Conv2d(16, 16, kernel_size=(1, 1), stride=(1, 1), bias=False)
          (pw_norm): InstanceNorm2d(16, eps=1e-05, momentum=0.1, affine=False, track_running_stats=False)
          (pw_act): ReLU(inplace=True)
        )
      )
    )
    (down1): Down(
      (layer): Sequential(
        (0): DSConvINRelu(
          (dw): Conv2d(16, 16, kernel_size=(3, 3), stride=(2, 2), padding=(1, 1), groups=16, bias=False)
          (dw_norm): InstanceNorm2d(16, eps=1e-05, momentum=0.1, affine=False, track_running_stats=False)
          (dw_act): ReLU(inplace=True)
          (pw): Conv2d(16, 16, kernel_size=(1, 1), stride=(1, 1), bias=False)
          (pw_norm): InstanceNorm2d(16, eps=1e-05, momentum=0.1, affine=False, track_running_stats=False)
          (pw_act): ReLU(inplace=True)
        )
        (1): DSConvBlock(
          (layers): Sequential(
            (0): DSConvINRelu(
              (dw): Conv2d(16, 16, kernel_size=(3, 3), stride=(1, 1), padding=(1, 1), groups=16, bias=False)
              (dw_norm): InstanceNorm2d(16, eps=1e-05, momentum=0.1, affine=False, track_running_stats=False)
              (dw_act): ReLU(inplace=True)
              (pw): Conv2d(16, 32, kernel_size=(1, 1), stride=(1, 1), bias=False)
              (pw_norm): InstanceNorm2d(32, eps=1e-05, momentum=0.1, affine=False, track_running_stats=False)
              (pw_act): ReLU(inplace=True)
            )
            (1): DSConvINRelu(
              (dw): Conv2d(32, 32, kernel_size=(3, 3), stride=(1, 1), padding=(1, 1), groups=32, bias=False)
              (dw_norm): InstanceNorm2d(32, eps=1e-05, momentum=0.1, affine=False, track_running_stats=False)
              (dw_act): ReLU(inplace=True)
              (pw): Conv2d(32, 32, kernel_size=(1, 1), stride=(1, 1), bias=False)
              (pw_norm): InstanceNorm2d(32, eps=1e-05, momentum=0.1, affine=False, track_running_stats=False)
              (pw_act): ReLU(inplace=True)
            )
          )
        )
      )
    )
    (down2): Down(
      (layer): Sequential(
        (0): DSConvINRelu(
          (dw): Conv2d(32, 32, kernel_size=(3, 3), stride=(2, 2), padding=(1, 1), groups=32, bias=False)
          (dw_norm): InstanceNorm2d(32, eps=1e-05, momentum=0.1, affine=False, track_running_stats=False)
          (dw_act): ReLU(inplace=True)
          (pw): Conv2d(32, 32, kernel_size=(1, 1), stride=(1, 1), bias=False)
          (pw_norm): InstanceNorm2d(32, eps=1e-05, momentum=0.1, affine=False, track_running_stats=False)
          (pw_act): ReLU(inplace=True)
        )
        (1): DSConvBlock(
          (layers): Sequential(
            (0): DSConvINRelu(
              (dw): Conv2d(32, 32, kernel_size=(3, 3), stride=(1, 1), padding=(1, 1), groups=32, bias=False)
              (dw_norm): InstanceNorm2d(32, eps=1e-05, momentum=0.1, affine=False, track_running_stats=False)
              (dw_act): ReLU(inplace=True)
              (pw): Conv2d(32, 64, kernel_size=(1, 1), stride=(1, 1), bias=False)
              (pw_norm): InstanceNorm2d(64, eps=1e-05, momentum=0.1, affine=False, track_running_stats=False)
              (pw_act): ReLU(inplace=True)
            )
            (1): DSConvINRelu(
              (dw): Conv2d(64, 64, kernel_size=(3, 3), stride=(1, 1), padding=(1, 1), groups=64, bias=False)
              (dw_norm): InstanceNorm2d(64, eps=1e-05, momentum=0.1, affine=False, track_running_stats=False)
              (dw_act): ReLU(inplace=True)
              (pw): Conv2d(64, 64, kernel_size=(1, 1), stride=(1, 1), bias=False)
              (pw_norm): InstanceNorm2d(64, eps=1e-05, momentum=0.1, affine=False, track_running_stats=False)
              (pw_act): ReLU(inplace=True)
            )
          )
        )
      )
    )
    (down3): Down(
      (layer): Sequential(
        (0): DSConvINRelu(
          (dw): Conv2d(64, 64, kernel_size=(3, 3), stride=(2, 2), padding=(1, 1), groups=64, bias=False)
          (dw_norm): InstanceNorm2d(64, eps=1e-05, momentum=0.1, affine=False, track_running_stats=False)
          (dw_act): ReLU(inplace=True)
          (pw): Conv2d(64, 64, kernel_size=(1, 1), stride=(1, 1), bias=False)
          (pw_norm): InstanceNorm2d(64, eps=1e-05, momentum=0.1, affine=False, track_running_stats=False)
          (pw_act): ReLU(inplace=True)
        )
        (1): DSConvBlock(
          (layers): Sequential(
            (0): DSConvINRelu(
              (dw): Conv2d(64, 64, kernel_size=(3, 3), stride=(1, 1), padding=(1, 1), groups=64, bias=False)
              (dw_norm): InstanceNorm2d(64, eps=1e-05, momentum=0.1, affine=False, track_running_stats=False)
              (dw_act): ReLU(inplace=True)
              (pw): Conv2d(64, 128, kernel_size=(1, 1), stride=(1, 1), bias=False)
              (pw_norm): InstanceNorm2d(128, eps=1e-05, momentum=0.1, affine=False, track_running_stats=False)
              (pw_act): ReLU(inplace=True)
            )
            (1): DSConvINRelu(
              (dw): Conv2d(128, 128, kernel_size=(3, 3), stride=(1, 1), padding=(1, 1), groups=128, bias=False)
              (dw_norm): InstanceNorm2d(128, eps=1e-05, momentum=0.1, affine=False, track_running_stats=False)
              (dw_act): ReLU(inplace=True)
              (pw): Conv2d(128, 128, kernel_size=(1, 1), stride=(1, 1), bias=False)
              (pw_norm): InstanceNorm2d(128, eps=1e-05, momentum=0.1, affine=False, track_running_stats=False)
              (pw_act): ReLU(inplace=True)
            )
          )
        )
      )
    )
    (up2): UP(
      (conv): DSConvBlock(
        (layers): Sequential(
          (0): DSConvINRelu(
            (dw): Conv2d(128, 128, kernel_size=(3, 3), stride=(1, 1), padding=(1, 1), groups=128, bias=False)
            (dw_norm): InstanceNorm2d(128, eps=1e-05, momentum=0.1, affine=False, track_running_stats=False)
            (dw_act): ReLU(inplace=True)
            (pw): Conv2d(128, 64, kernel_size=(1, 1), stride=(1, 1), bias=False)
            (pw_norm): InstanceNorm2d(64, eps=1e-05, momentum=0.1, affine=False, track_running_stats=False)
            (pw_act): ReLU(inplace=True)
          )
        )
      )
    )
    (linear2): Linear(in_features=64, out_features=4096, bias=True)
    (Conv_message2): DSConvBlock(
      (layers): Sequential(
        (0): DSConvINRelu(
          (dw): Conv2d(1, 1, kernel_size=(3, 3), stride=(1, 1), padding=(1, 1), bias=False)
          (dw_norm): InstanceNorm2d(1, eps=1e-05, momentum=0.1, affine=False, track_running_stats=False)
          (dw_act): ReLU(inplace=True)
          (pw): Conv2d(1, 64, kernel_size=(1, 1), stride=(1, 1), bias=False)
          (pw_norm): InstanceNorm2d(64, eps=1e-05, momentum=0.1, affine=False, track_running_stats=False)
          (pw_act): ReLU(inplace=True)
        )
        (1): DSConvINRelu(
          (dw): Conv2d(64, 64, kernel_size=(3, 3), stride=(1, 1), padding=(1, 1), groups=64, bias=False)
          (dw_norm): InstanceNorm2d(64, eps=1e-05, momentum=0.1, affine=False, track_running_stats=False)
          (dw_act): ReLU(inplace=True)
          (pw): Conv2d(64, 64, kernel_size=(1, 1), stride=(1, 1), bias=False)
          (pw_norm): InstanceNorm2d(64, eps=1e-05, momentum=0.1, affine=False, track_running_stats=False)
          (pw_act): ReLU(inplace=True)
        )
      )
    )
    (att2): ResBlock(
      (layers): Sequential(
        (0): BottleneckBlock(
          (change): Sequential(
            (0): Conv2d(192, 64, kernel_size=(1, 1), stride=(1, 1), bias=False)
            (1): InstanceNorm2d(64, eps=1e-05, momentum=0.1, affine=False, track_running_stats=False)
          )
          (left): Sequential(
            (0): Conv2d(192, 64, kernel_size=(1, 1), stride=(1, 1), bias=False)
            (1): InstanceNorm2d(64, eps=1e-05, momentum=0.1, affine=False, track_running_stats=False)
            (2): ReLU(inplace=True)
            (3): Conv2d(64, 64, kernel_size=(3, 3), stride=(1, 1), padding=(1, 1), bias=False)
            (4): InstanceNorm2d(64, eps=1e-05, momentum=0.1, affine=False, track_running_stats=False)
            (5): ReLU(inplace=True)
            (6): Conv2d(64, 64, kernel_size=(1, 1), stride=(1, 1), bias=False)
            (7): InstanceNorm2d(64, eps=1e-05, momentum=0.1, affine=False, track_running_stats=False)
          )
          (attention): SEAttention(
            (se): Sequential(
              (0): AdaptiveAvgPool2d(output_size=(1, 1))
              (1): Conv2d(64, 8, kernel_size=(1, 1), stride=(1, 1), bias=False)
              (2): ReLU(inplace=True)
              (3): Conv2d(8, 64, kernel_size=(1, 1), stride=(1, 1), bias=False)
              (4): Sigmoid()
            )
          )
        )
        (1): BottleneckBlock(
          (left): Sequential(
            (0): Conv2d(64, 64, kernel_size=(1, 1), stride=(1, 1), bias=False)
            (1): InstanceNorm2d(64, eps=1e-05, momentum=0.1, affine=False, track_running_stats=False)
            (2): ReLU(inplace=True)
            (3): Conv2d(64, 64, kernel_size=(3, 3), stride=(1, 1), padding=(1, 1), bias=False)
            (4): InstanceNorm2d(64, eps=1e-05, momentum=0.1, affine=False, track_running_stats=False)
            (5): ReLU(inplace=True)
            (6): Conv2d(64, 64, kernel_size=(1, 1), stride=(1, 1), bias=False)
            (7): InstanceNorm2d(64, eps=1e-05, momentum=0.1, affine=False, track_running_stats=False)
          )
          (attention): SEAttention(
            (se): Sequential(
              (0): AdaptiveAvgPool2d(output_size=(1, 1))
              (1): Conv2d(64, 8, kernel_size=(1, 1), stride=(1, 1), bias=False)
              (2): ReLU(inplace=True)
              (3): Conv2d(8, 64, kernel_size=(1, 1), stride=(1, 1), bias=False)
              (4): Sigmoid()
            )
          )
        )
      )
    )
    (up1): UP(
      (conv): DSConvBlock(
        (layers): Sequential(
          (0): DSConvINRelu(
            (dw): Conv2d(64, 64, kernel_size=(3, 3), stride=(1, 1), padding=(1, 1), groups=64, bias=False)
            (dw_norm): InstanceNorm2d(64, eps=1e-05, momentum=0.1, affine=False, track_running_stats=False)
            (dw_act): ReLU(inplace=True)
            (pw): Conv2d(64, 32, kernel_size=(1, 1), stride=(1, 1), bias=False)
            (pw_norm): InstanceNorm2d(32, eps=1e-05, momentum=0.1, affine=False, track_running_stats=False)
            (pw_act): ReLU(inplace=True)
          )
        )
      )
    )
    (linear1): Linear(in_features=64, out_features=4096, bias=True)
    (Conv_message1): DSConvBlock(
      (layers): Sequential(
        (0): DSConvINRelu(
          (dw): Conv2d(1, 1, kernel_size=(3, 3), stride=(1, 1), padding=(1, 1), bias=False)
          (dw_norm): InstanceNorm2d(1, eps=1e-05, momentum=0.1, affine=False, track_running_stats=False)
          (dw_act): ReLU(inplace=True)
          (pw): Conv2d(1, 64, kernel_size=(1, 1), stride=(1, 1), bias=False)
          (pw_norm): InstanceNorm2d(64, eps=1e-05, momentum=0.1, affine=False, track_running_stats=False)
          (pw_act): ReLU(inplace=True)
        )
        (1): DSConvINRelu(
          (dw): Conv2d(64, 64, kernel_size=(3, 3), stride=(1, 1), padding=(1, 1), groups=64, bias=False)
          (dw_norm): InstanceNorm2d(64, eps=1e-05, momentum=0.1, affine=False, track_running_stats=False)
          (dw_act): ReLU(inplace=True)
          (pw): Conv2d(64, 64, kernel_size=(1, 1), stride=(1, 1), bias=False)
          (pw_norm): InstanceNorm2d(64, eps=1e-05, momentum=0.1, affine=False, track_running_stats=False)
          (pw_act): ReLU(inplace=True)
        )
      )
    )
    (att1): ResBlock(
      (layers): Sequential(
        (0): BottleneckBlock(
          (change): Sequential(
            (0): Conv2d(128, 32, kernel_size=(1, 1), stride=(1, 1), bias=False)
            (1): InstanceNorm2d(32, eps=1e-05, momentum=0.1, affine=False, track_running_stats=False)
          )
          (left): Sequential(
            (0): Conv2d(128, 32, kernel_size=(1, 1), stride=(1, 1), bias=False)
            (1): InstanceNorm2d(32, eps=1e-05, momentum=0.1, affine=False, track_running_stats=False)
            (2): ReLU(inplace=True)
            (3): Conv2d(32, 32, kernel_size=(3, 3), stride=(1, 1), padding=(1, 1), bias=False)
            (4): InstanceNorm2d(32, eps=1e-05, momentum=0.1, affine=False, track_running_stats=False)
            (5): ReLU(inplace=True)
            (6): Conv2d(32, 32, kernel_size=(1, 1), stride=(1, 1), bias=False)
            (7): InstanceNorm2d(32, eps=1e-05, momentum=0.1, affine=False, track_running_stats=False)
          )
          (attention): SEAttention(
            (se): Sequential(
              (0): AdaptiveAvgPool2d(output_size=(1, 1))
              (1): Conv2d(32, 4, kernel_size=(1, 1), stride=(1, 1), bias=False)
              (2): ReLU(inplace=True)
              (3): Conv2d(4, 32, kernel_size=(1, 1), stride=(1, 1), bias=False)
              (4): Sigmoid()
            )
          )
        )
        (1): BottleneckBlock(
          (left): Sequential(
            (0): Conv2d(32, 32, kernel_size=(1, 1), stride=(1, 1), bias=False)
            (1): InstanceNorm2d(32, eps=1e-05, momentum=0.1, affine=False, track_running_stats=False)
            (2): ReLU(inplace=True)
            (3): Conv2d(32, 32, kernel_size=(3, 3), stride=(1, 1), padding=(1, 1), bias=False)
            (4): InstanceNorm2d(32, eps=1e-05, momentum=0.1, affine=False, track_running_stats=False)
            (5): ReLU(inplace=True)
            (6): Conv2d(32, 32, kernel_size=(1, 1), stride=(1, 1), bias=False)
            (7): InstanceNorm2d(32, eps=1e-05, momentum=0.1, affine=False, track_running_stats=False)
          )
          (attention): SEAttention(
            (se): Sequential(
              (0): AdaptiveAvgPool2d(output_size=(1, 1))
              (1): Conv2d(32, 4, kernel_size=(1, 1), stride=(1, 1), bias=False)
              (2): ReLU(inplace=True)
              (3): Conv2d(4, 32, kernel_size=(1, 1), stride=(1, 1), bias=False)
              (4): Sigmoid()
            )
          )
        )
      )
    )
    (up0): UP(
      (conv): DSConvBlock(
        (layers): Sequential(
          (0): DSConvINRelu(
            (dw): Conv2d(32, 32, kernel_size=(3, 3), stride=(1, 1), padding=(1, 1), groups=32, bias=False)
            (dw_norm): InstanceNorm2d(32, eps=1e-05, momentum=0.1, affine=False, track_running_stats=False)
            (dw_act): ReLU(inplace=True)
            (pw): Conv2d(32, 16, kernel_size=(1, 1), stride=(1, 1), bias=False)
            (pw_norm): InstanceNorm2d(16, eps=1e-05, momentum=0.1, affine=False, track_running_stats=False)
            (pw_act): ReLU(inplace=True)
          )
        )
      )
    )
    (linear0): Linear(in_features=64, out_features=4096, bias=True)
    (Conv_message0): DSConvBlock(
      (layers): Sequential(
        (0): DSConvINRelu(
          (dw): Conv2d(1, 1, kernel_size=(3, 3), stride=(1, 1), padding=(1, 1), bias=False)
          (dw_norm): InstanceNorm2d(1, eps=1e-05, momentum=0.1, affine=False, track_running_stats=False)
          (dw_act): ReLU(inplace=True)
          (pw): Conv2d(1, 64, kernel_size=(1, 1), stride=(1, 1), bias=False)
          (pw_norm): InstanceNorm2d(64, eps=1e-05, momentum=0.1, affine=False, track_running_stats=False)
          (pw_act): ReLU(inplace=True)
        )
        (1): DSConvINRelu(
          (dw): Conv2d(64, 64, kernel_size=(3, 3), stride=(1, 1), padding=(1, 1), groups=64, bias=False)
          (dw_norm): InstanceNorm2d(64, eps=1e-05, momentum=0.1, affine=False, track_running_stats=False)
          (dw_act): ReLU(inplace=True)
          (pw): Conv2d(64, 64, kernel_size=(1, 1), stride=(1, 1), bias=False)
          (pw_norm): InstanceNorm2d(64, eps=1e-05, momentum=0.1, affine=False, track_running_stats=False)
          (pw_act): ReLU(inplace=True)
        )
      )
    )
    (att0): ResBlock(
      (layers): Sequential(
        (0): BottleneckBlock(
          (change): Sequential(
            (0): Conv2d(96, 16, kernel_size=(1, 1), stride=(1, 1), bias=False)
            (1): InstanceNorm2d(16, eps=1e-05, momentum=0.1, affine=False, track_running_stats=False)
          )
          (left): Sequential(
            (0): Conv2d(96, 16, kernel_size=(1, 1), stride=(1, 1), bias=False)
            (1): InstanceNorm2d(16, eps=1e-05, momentum=0.1, affine=False, track_running_stats=False)
            (2): ReLU(inplace=True)
            (3): Conv2d(16, 16, kernel_size=(3, 3), stride=(1, 1), padding=(1, 1), bias=False)
            (4): InstanceNorm2d(16, eps=1e-05, momentum=0.1, affine=False, track_running_stats=False)
            (5): ReLU(inplace=True)
            (6): Conv2d(16, 16, kernel_size=(1, 1), stride=(1, 1), bias=False)
            (7): InstanceNorm2d(16, eps=1e-05, momentum=0.1, affine=False, track_running_stats=False)
          )
          (attention): SEAttention(
            (se): Sequential(
              (0): AdaptiveAvgPool2d(output_size=(1, 1))
              (1): Conv2d(16, 2, kernel_size=(1, 1), stride=(1, 1), bias=False)
              (2): ReLU(inplace=True)
              (3): Conv2d(2, 16, kernel_size=(1, 1), stride=(1, 1), bias=False)
              (4): Sigmoid()
            )
          )
        )
        (1): BottleneckBlock(
          (left): Sequential(
            (0): Conv2d(16, 16, kernel_size=(1, 1), stride=(1, 1), bias=False)
            (1): InstanceNorm2d(16, eps=1e-05, momentum=0.1, affine=False, track_running_stats=False)
            (2): ReLU(inplace=True)
            (3): Conv2d(16, 16, kernel_size=(3, 3), stride=(1, 1), padding=(1, 1), bias=False)
            (4): InstanceNorm2d(16, eps=1e-05, momentum=0.1, affine=False, track_running_stats=False)
            (5): ReLU(inplace=True)
            (6): Conv2d(16, 16, kernel_size=(1, 1), stride=(1, 1), bias=False)
            (7): InstanceNorm2d(16, eps=1e-05, momentum=0.1, affine=False, track_running_stats=False)
          )
          (attention): SEAttention(
            (se): Sequential(
              (0): AdaptiveAvgPool2d(output_size=(1, 1))
              (1): Conv2d(16, 2, kernel_size=(1, 1), stride=(1, 1), bias=False)
              (2): ReLU(inplace=True)
              (3): Conv2d(2, 16, kernel_size=(1, 1), stride=(1, 1), bias=False)
              (4): Sigmoid()
            )
          )
        )
      )
    )
    (Conv_1x1): Conv2d(19, 3, kernel_size=(1, 1), stride=(1, 1))
  )
  (bitdecoder): DW_Decoder_2(
    (conv1): DSConvBlock(
      (layers): Sequential(
        (0): DSConvINRelu(
          (dw): Conv2d(3, 3, kernel_size=(3, 3), stride=(1, 1), padding=(1, 1), groups=3, bias=False)
          (dw_norm): InstanceNorm2d(3, eps=1e-05, momentum=0.1, affine=False, track_running_stats=False)
          (dw_act): ReLU(inplace=True)
          (pw): Conv2d(3, 16, kernel_size=(1, 1), stride=(1, 1), bias=False)
          (pw_norm): InstanceNorm2d(16, eps=1e-05, momentum=0.1, affine=False, track_running_stats=False)
          (pw_act): ReLU(inplace=True)
        )
        (1): DSConvINRelu(
          (dw): Conv2d(16, 16, kernel_size=(3, 3), stride=(1, 1), padding=(1, 1), groups=16, bias=False)
          (dw_norm): InstanceNorm2d(16, eps=1e-05, momentum=0.1, affine=False, track_running_stats=False)
          (dw_act): ReLU(inplace=True)
          (pw): Conv2d(16, 16, kernel_size=(1, 1), stride=(1, 1), bias=False)
          (pw_norm): InstanceNorm2d(16, eps=1e-05, momentum=0.1, affine=False, track_running_stats=False)
          (pw_act): ReLU(inplace=True)
        )
      )
    )
    (down1): Down(
      (layer): Sequential(
        (0): DSConvINRelu(
          (dw): Conv2d(16, 16, kernel_size=(3, 3), stride=(2, 2), padding=(1, 1), groups=16, bias=False)
          (dw_norm): InstanceNorm2d(16, eps=1e-05, momentum=0.1, affine=False, track_running_stats=False)
          (dw_act): ReLU(inplace=True)
          (pw): Conv2d(16, 16, kernel_size=(1, 1), stride=(1, 1), bias=False)
          (pw_norm): InstanceNorm2d(16, eps=1e-05, momentum=0.1, affine=False, track_running_stats=False)
          (pw_act): ReLU(inplace=True)
        )
        (1): DSConvBlock(
          (layers): Sequential(
            (0): DSConvINRelu(
              (dw): Conv2d(16, 16, kernel_size=(3, 3), stride=(1, 1), padding=(1, 1), groups=16, bias=False)
              (dw_norm): InstanceNorm2d(16, eps=1e-05, momentum=0.1, affine=False, track_running_stats=False)
              (dw_act): ReLU(inplace=True)
              (pw): Conv2d(16, 32, kernel_size=(1, 1), stride=(1, 1), bias=False)
              (pw_norm): InstanceNorm2d(32, eps=1e-05, momentum=0.1, affine=False, track_running_stats=False)
              (pw_act): ReLU(inplace=True)
            )
            (1): DSConvINRelu(
              (dw): Conv2d(32, 32, kernel_size=(3, 3), stride=(1, 1), padding=(1, 1), groups=32, bias=False)
              (dw_norm): InstanceNorm2d(32, eps=1e-05, momentum=0.1, affine=False, track_running_stats=False)
              (dw_act): ReLU(inplace=True)
              (pw): Conv2d(32, 32, kernel_size=(1, 1), stride=(1, 1), bias=False)
              (pw_norm): InstanceNorm2d(32, eps=1e-05, momentum=0.1, affine=False, track_running_stats=False)
              (pw_act): ReLU(inplace=True)
            )
          )
        )
      )
    )
    (down2): Down(
      (layer): Sequential(
        (0): DSConvINRelu(
          (dw): Conv2d(32, 32, kernel_size=(3, 3), stride=(2, 2), padding=(1, 1), groups=32, bias=False)
          (dw_norm): InstanceNorm2d(32, eps=1e-05, momentum=0.1, affine=False, track_running_stats=False)
          (dw_act): ReLU(inplace=True)
          (pw): Conv2d(32, 32, kernel_size=(1, 1), stride=(1, 1), bias=False)
          (pw_norm): InstanceNorm2d(32, eps=1e-05, momentum=0.1, affine=False, track_running_stats=False)
          (pw_act): ReLU(inplace=True)
        )
        (1): DSConvBlock(
          (layers): Sequential(
            (0): DSConvINRelu(
              (dw): Conv2d(32, 32, kernel_size=(3, 3), stride=(1, 1), padding=(1, 1), groups=32, bias=False)
              (dw_norm): InstanceNorm2d(32, eps=1e-05, momentum=0.1, affine=False, track_running_stats=False)
              (dw_act): ReLU(inplace=True)
              (pw): Conv2d(32, 64, kernel_size=(1, 1), stride=(1, 1), bias=False)
              (pw_norm): InstanceNorm2d(64, eps=1e-05, momentum=0.1, affine=False, track_running_stats=False)
              (pw_act): ReLU(inplace=True)
            )
            (1): DSConvINRelu(
              (dw): Conv2d(64, 64, kernel_size=(3, 3), stride=(1, 1), padding=(1, 1), groups=64, bias=False)
              (dw_norm): InstanceNorm2d(64, eps=1e-05, momentum=0.1, affine=False, track_running_stats=False)
              (dw_act): ReLU(inplace=True)
              (pw): Conv2d(64, 64, kernel_size=(1, 1), stride=(1, 1), bias=False)
              (pw_norm): InstanceNorm2d(64, eps=1e-05, momentum=0.1, affine=False, track_running_stats=False)
              (pw_act): ReLU(inplace=True)
            )
          )
        )
      )
    )
    (down3): Down(
      (layer): Sequential(
        (0): DSConvINRelu(
          (dw): Conv2d(64, 64, kernel_size=(3, 3), stride=(2, 2), padding=(1, 1), groups=64, bias=False)
          (dw_norm): InstanceNorm2d(64, eps=1e-05, momentum=0.1, affine=False, track_running_stats=False)
          (dw_act): ReLU(inplace=True)
          (pw): Conv2d(64, 64, kernel_size=(1, 1), stride=(1, 1), bias=False)
          (pw_norm): InstanceNorm2d(64, eps=1e-05, momentum=0.1, affine=False, track_running_stats=False)
          (pw_act): ReLU(inplace=True)
        )
        (1): DSConvBlock(
          (layers): Sequential(
            (0): DSConvINRelu(
              (dw): Conv2d(64, 64, kernel_size=(3, 3), stride=(1, 1), padding=(1, 1), groups=64, bias=False)
              (dw_norm): InstanceNorm2d(64, eps=1e-05, momentum=0.1, affine=False, track_running_stats=False)
              (dw_act): ReLU(inplace=True)
              (pw): Conv2d(64, 128, kernel_size=(1, 1), stride=(1, 1), bias=False)
              (pw_norm): InstanceNorm2d(128, eps=1e-05, momentum=0.1, affine=False, track_running_stats=False)
              (pw_act): ReLU(inplace=True)
            )
            (1): DSConvINRelu(
              (dw): Conv2d(128, 128, kernel_size=(3, 3), stride=(1, 1), padding=(1, 1), groups=128, bias=False)
              (dw_norm): InstanceNorm2d(128, eps=1e-05, momentum=0.1, affine=False, track_running_stats=False)
              (dw_act): ReLU(inplace=True)
              (pw): Conv2d(128, 128, kernel_size=(1, 1), stride=(1, 1), bias=False)
              (pw_norm): InstanceNorm2d(128, eps=1e-05, momentum=0.1, affine=False, track_running_stats=False)
              (pw_act): ReLU(inplace=True)
            )
          )
        )
      )
    )
    (up2): UP(
      (conv): DSConvBlock(
        (layers): Sequential(
          (0): DSConvINRelu(
            (dw): Conv2d(128, 128, kernel_size=(3, 3), stride=(1, 1), padding=(1, 1), groups=128, bias=False)
            (dw_norm): InstanceNorm2d(128, eps=1e-05, momentum=0.1, affine=False, track_running_stats=False)
            (dw_act): ReLU(inplace=True)
            (pw): Conv2d(128, 64, kernel_size=(1, 1), stride=(1, 1), bias=False)
            (pw_norm): InstanceNorm2d(64, eps=1e-05, momentum=0.1, affine=False, track_running_stats=False)
            (pw_act): ReLU(inplace=True)
          )
        )
      )
    )
    (att2): ResBlock(
      (layers): Sequential(
        (0): BottleneckBlock(
          (change): Sequential(
            (0): Conv2d(128, 64, kernel_size=(1, 1), stride=(1, 1), bias=False)
            (1): InstanceNorm2d(64, eps=1e-05, momentum=0.1, affine=False, track_running_stats=False)
          )
          (left): Sequential(
            (0): Conv2d(128, 64, kernel_size=(1, 1), stride=(1, 1), bias=False)
            (1): InstanceNorm2d(64, eps=1e-05, momentum=0.1, affine=False, track_running_stats=False)
            (2): ReLU(inplace=True)
            (3): Conv2d(64, 64, kernel_size=(3, 3), stride=(1, 1), padding=(1, 1), bias=False)
            (4): InstanceNorm2d(64, eps=1e-05, momentum=0.1, affine=False, track_running_stats=False)
            (5): ReLU(inplace=True)
            (6): Conv2d(64, 64, kernel_size=(1, 1), stride=(1, 1), bias=False)
            (7): InstanceNorm2d(64, eps=1e-05, momentum=0.1, affine=False, track_running_stats=False)
          )
          (attention): SEAttention(
            (se): Sequential(
              (0): AdaptiveAvgPool2d(output_size=(1, 1))
              (1): Conv2d(64, 8, kernel_size=(1, 1), stride=(1, 1), bias=False)
              (2): ReLU(inplace=True)
              (3): Conv2d(8, 64, kernel_size=(1, 1), stride=(1, 1), bias=False)
              (4): Sigmoid()
            )
          )
        )
        (1): BottleneckBlock(
          (left): Sequential(
            (0): Conv2d(64, 64, kernel_size=(1, 1), stride=(1, 1), bias=False)
            (1): InstanceNorm2d(64, eps=1e-05, momentum=0.1, affine=False, track_running_stats=False)
            (2): ReLU(inplace=True)
            (3): Conv2d(64, 64, kernel_size=(3, 3), stride=(1, 1), padding=(1, 1), bias=False)
            (4): InstanceNorm2d(64, eps=1e-05, momentum=0.1, affine=False, track_running_stats=False)
            (5): ReLU(inplace=True)
            (6): Conv2d(64, 64, kernel_size=(1, 1), stride=(1, 1), bias=False)
            (7): InstanceNorm2d(64, eps=1e-05, momentum=0.1, affine=False, track_running_stats=False)
          )
          (attention): SEAttention(
            (se): Sequential(
              (0): AdaptiveAvgPool2d(output_size=(1, 1))
              (1): Conv2d(64, 8, kernel_size=(1, 1), stride=(1, 1), bias=False)
              (2): ReLU(inplace=True)
              (3): Conv2d(8, 64, kernel_size=(1, 1), stride=(1, 1), bias=False)
              (4): Sigmoid()
            )
          )
        )
      )
    )
    (up1): UP(
      (conv): DSConvBlock(
        (layers): Sequential(
          (0): DSConvINRelu(
            (dw): Conv2d(64, 64, kernel_size=(3, 3), stride=(1, 1), padding=(1, 1), groups=64, bias=False)
            (dw_norm): InstanceNorm2d(64, eps=1e-05, momentum=0.1, affine=False, track_running_stats=False)
            (dw_act): ReLU(inplace=True)
            (pw): Conv2d(64, 32, kernel_size=(1, 1), stride=(1, 1), bias=False)
            (pw_norm): InstanceNorm2d(32, eps=1e-05, momentum=0.1, affine=False, track_running_stats=False)
            (pw_act): ReLU(inplace=True)
          )
        )
      )
    )
    (att1): ResBlock(
      (layers): Sequential(
        (0): BottleneckBlock(
          (change): Sequential(
            (0): Conv2d(64, 32, kernel_size=(1, 1), stride=(1, 1), bias=False)
            (1): InstanceNorm2d(32, eps=1e-05, momentum=0.1, affine=False, track_running_stats=False)
          )
          (left): Sequential(
            (0): Conv2d(64, 32, kernel_size=(1, 1), stride=(1, 1), bias=False)
            (1): InstanceNorm2d(32, eps=1e-05, momentum=0.1, affine=False, track_running_stats=False)
            (2): ReLU(inplace=True)
            (3): Conv2d(32, 32, kernel_size=(3, 3), stride=(1, 1), padding=(1, 1), bias=False)
            (4): InstanceNorm2d(32, eps=1e-05, momentum=0.1, affine=False, track_running_stats=False)
            (5): ReLU(inplace=True)
            (6): Conv2d(32, 32, kernel_size=(1, 1), stride=(1, 1), bias=False)
            (7): InstanceNorm2d(32, eps=1e-05, momentum=0.1, affine=False, track_running_stats=False)
          )
          (attention): SEAttention(
            (se): Sequential(
              (0): AdaptiveAvgPool2d(output_size=(1, 1))
              (1): Conv2d(32, 4, kernel_size=(1, 1), stride=(1, 1), bias=False)
              (2): ReLU(inplace=True)
              (3): Conv2d(4, 32, kernel_size=(1, 1), stride=(1, 1), bias=False)
              (4): Sigmoid()
            )
          )
        )
        (1): BottleneckBlock(
          (left): Sequential(
            (0): Conv2d(32, 32, kernel_size=(1, 1), stride=(1, 1), bias=False)
            (1): InstanceNorm2d(32, eps=1e-05, momentum=0.1, affine=False, track_running_stats=False)
            (2): ReLU(inplace=True)
            (3): Conv2d(32, 32, kernel_size=(3, 3), stride=(1, 1), padding=(1, 1), bias=False)
            (4): InstanceNorm2d(32, eps=1e-05, momentum=0.1, affine=False, track_running_stats=False)
            (5): ReLU(inplace=True)
            (6): Conv2d(32, 32, kernel_size=(1, 1), stride=(1, 1), bias=False)
            (7): InstanceNorm2d(32, eps=1e-05, momentum=0.1, affine=False, track_running_stats=False)
          )
          (attention): SEAttention(
            (se): Sequential(
              (0): AdaptiveAvgPool2d(output_size=(1, 1))
              (1): Conv2d(32, 4, kernel_size=(1, 1), stride=(1, 1), bias=False)
              (2): ReLU(inplace=True)
              (3): Conv2d(4, 32, kernel_size=(1, 1), stride=(1, 1), bias=False)
              (4): Sigmoid()
            )
          )
        )
      )
    )
    (up0): UP(
      (conv): DSConvBlock(
        (layers): Sequential(
          (0): DSConvINRelu(
            (dw): Conv2d(32, 32, kernel_size=(3, 3), stride=(1, 1), padding=(1, 1), groups=32, bias=False)
            (dw_norm): InstanceNorm2d(32, eps=1e-05, momentum=0.1, affine=False, track_running_stats=False)
            (dw_act): ReLU(inplace=True)
            (pw): Conv2d(32, 16, kernel_size=(1, 1), stride=(1, 1), bias=False)
            (pw_norm): InstanceNorm2d(16, eps=1e-05, momentum=0.1, affine=False, track_running_stats=False)
            (pw_act): ReLU(inplace=True)
          )
        )
      )
    )
    (att0): ResBlock(
      (layers): Sequential(
        (0): BottleneckBlock(
          (change): Sequential(
            (0): Conv2d(32, 16, kernel_size=(1, 1), stride=(1, 1), bias=False)
            (1): InstanceNorm2d(16, eps=1e-05, momentum=0.1, affine=False, track_running_stats=False)
          )
          (left): Sequential(
            (0): Conv2d(32, 16, kernel_size=(1, 1), stride=(1, 1), bias=False)
            (1): InstanceNorm2d(16, eps=1e-05, momentum=0.1, affine=False, track_running_stats=False)
            (2): ReLU(inplace=True)
            (3): Conv2d(16, 16, kernel_size=(3, 3), stride=(1, 1), padding=(1, 1), bias=False)
            (4): InstanceNorm2d(16, eps=1e-05, momentum=0.1, affine=False, track_running_stats=False)
            (5): ReLU(inplace=True)
            (6): Conv2d(16, 16, kernel_size=(1, 1), stride=(1, 1), bias=False)
            (7): InstanceNorm2d(16, eps=1e-05, momentum=0.1, affine=False, track_running_stats=False)
          )
          (attention): SEAttention(
            (se): Sequential(
              (0): AdaptiveAvgPool2d(output_size=(1, 1))
              (1): Conv2d(16, 2, kernel_size=(1, 1), stride=(1, 1), bias=False)
              (2): ReLU(inplace=True)
              (3): Conv2d(2, 16, kernel_size=(1, 1), stride=(1, 1), bias=False)
              (4): Sigmoid()
            )
          )
        )
        (1): BottleneckBlock(
          (left): Sequential(
            (0): Conv2d(16, 16, kernel_size=(1, 1), stride=(1, 1), bias=False)
            (1): InstanceNorm2d(16, eps=1e-05, momentum=0.1, affine=False, track_running_stats=False)
            (2): ReLU(inplace=True)
            (3): Conv2d(16, 16, kernel_size=(3, 3), stride=(1, 1), padding=(1, 1), bias=False)
            (4): InstanceNorm2d(16, eps=1e-05, momentum=0.1, affine=False, track_running_stats=False)
            (5): ReLU(inplace=True)
            (6): Conv2d(16, 16, kernel_size=(1, 1), stride=(1, 1), bias=False)
            (7): InstanceNorm2d(16, eps=1e-05, momentum=0.1, affine=False, track_running_stats=False)
          )
          (attention): SEAttention(
            (se): Sequential(
              (0): AdaptiveAvgPool2d(output_size=(1, 1))
              (1): Conv2d(16, 2, kernel_size=(1, 1), stride=(1, 1), bias=False)
              (2): ReLU(inplace=True)
              (3): Conv2d(2, 16, kernel_size=(1, 1), stride=(1, 1), bias=False)
              (4): Sigmoid()
            )
          )
        )
      )
    )
    (Conv_1x1): Conv2d(16, 1, kernel_size=(1, 1), stride=(1, 1), bias=False)
    (message_layer): Linear(in_features=4096, out_features=64, bias=True)
  )
  (irn): InvNN(
    (operations): ModuleList(
      (0-11): 12 x InvBlock(
        (F): DenseBlock(
          (conv1): Conv2d(12, 32, kernel_size=(3, 3), stride=(1, 1), padding=(1, 1))
          (conv2): Conv2d(44, 32, kernel_size=(3, 3), stride=(1, 1), padding=(1, 1))
          (conv3): Conv2d(76, 32, kernel_size=(3, 3), stride=(1, 1), padding=(1, 1))
          (conv4): Conv2d(108, 32, kernel_size=(3, 3), stride=(1, 1), padding=(1, 1))
          (conv5): Conv2d(140, 12, kernel_size=(3, 3), stride=(1, 1), padding=(1, 1))
          (lrelu): LeakyReLU(negative_slope=0.2, inplace=True)
        )
        (NF): NAFBlock(
          (conv1): Conv2d(12, 24, kernel_size=(1, 1), stride=(1, 1))
          (conv2): Conv2d(24, 24, kernel_size=(3, 3), stride=(1, 1), padding=(1, 1), groups=24)
          (conv3): Conv2d(12, 12, kernel_size=(1, 1), stride=(1, 1))
          (sca): Sequential(
            (0): AdaptiveAvgPool2d(output_size=1)
            (1): Conv2d(12, 12, kernel_size=(1, 1), stride=(1, 1))
          )
          (sg): SimpleGate()
          (conv4): Conv2d(12, 24, kernel_size=(1, 1), stride=(1, 1))
          (conv5): Conv2d(12, 12, kernel_size=(1, 1), stride=(1, 1))
          (norm1): LayerNorm2d()
          (norm2): LayerNorm2d()
          (dropout1): Identity()
          (dropout2): Identity()
        )
        (G): DenseBlock(
          (conv1): Conv2d(12, 32, kernel_size=(3, 3), stride=(1, 1), padding=(1, 1))
          (conv2): Conv2d(44, 32, kernel_size=(3, 3), stride=(1, 1), padding=(1, 1))
          (conv3): Conv2d(76, 32, kernel_size=(3, 3), stride=(1, 1), padding=(1, 1))
          (conv4): Conv2d(108, 32, kernel_size=(3, 3), stride=(1, 1), padding=(1, 1))
          (conv5): Conv2d(140, 12, kernel_size=(3, 3), stride=(1, 1), padding=(1, 1))
          (lrelu): LeakyReLU(negative_slope=0.2, inplace=True)
        )
        (NG): NAFBlock(
          (conv1): Conv2d(12, 24, kernel_size=(1, 1), stride=(1, 1))
          (conv2): Conv2d(24, 24, kernel_size=(3, 3), stride=(1, 1), padding=(1, 1), groups=24)
          (conv3): Conv2d(12, 12, kernel_size=(1, 1), stride=(1, 1))
          (sca): Sequential(
            (0): AdaptiveAvgPool2d(output_size=1)
            (1): Conv2d(12, 12, kernel_size=(1, 1), stride=(1, 1))
          )
          (sg): SimpleGate()
          (conv4): Conv2d(12, 24, kernel_size=(1, 1), stride=(1, 1))
          (conv5): Conv2d(12, 12, kernel_size=(1, 1), stride=(1, 1))
          (norm1): LayerNorm2d()
          (norm2): LayerNorm2d()
          (dropout1): Identity()
          (dropout2): Identity()
        )
        (H): DenseBlock(
          (conv1): Conv2d(12, 32, kernel_size=(3, 3), stride=(1, 1), padding=(1, 1))
          (conv2): Conv2d(44, 32, kernel_size=(3, 3), stride=(1, 1), padding=(1, 1))
          (conv3): Conv2d(76, 32, kernel_size=(3, 3), stride=(1, 1), padding=(1, 1))
          (conv4): Conv2d(108, 32, kernel_size=(3, 3), stride=(1, 1), padding=(1, 1))
          (conv5): Conv2d(140, 12, kernel_size=(3, 3), stride=(1, 1), padding=(1, 1))
          (lrelu): LeakyReLU(negative_slope=0.2, inplace=True)
        )
        (NH): NAFBlock(
          (conv1): Conv2d(12, 24, kernel_size=(1, 1), stride=(1, 1))
          (conv2): Conv2d(24, 24, kernel_size=(3, 3), stride=(1, 1), padding=(1, 1), groups=24)
          (conv3): Conv2d(12, 12, kernel_size=(1, 1), stride=(1, 1))
          (sca): Sequential(
            (0): AdaptiveAvgPool2d(output_size=1)
            (1): Conv2d(12, 12, kernel_size=(1, 1), stride=(1, 1))
          )
          (sg): SimpleGate()
          (conv4): Conv2d(12, 24, kernel_size=(1, 1), stride=(1, 1))
          (conv5): Conv2d(12, 12, kernel_size=(1, 1), stride=(1, 1))
          (norm1): LayerNorm2d()
          (norm2): LayerNorm2d()
          (dropout1): Identity()
          (dropout2): Identity()
        )
      )
    )
  )
  (pm): PredictiveModuleMIMO_prompt(
    (conv_in): Conv2d(12, 12, kernel_size=(3, 3), stride=(1, 1), padding=(1, 1))
    (res_block): Sequential(
      (0): ResidualBlockNoBN(
        (conv1): Conv2d(12, 12, kernel_size=(3, 3), stride=(1, 1), padding=(1, 1))
        (conv2): Conv2d(12, 12, kernel_size=(3, 3), stride=(1, 1), padding=(1, 1))
        (relu): LeakyReLU(negative_slope=0.2, inplace=True)
      )
      (1): ResidualBlockNoBN(
        (conv1): Conv2d(12, 12, kernel_size=(3, 3), stride=(1, 1), padding=(1, 1))
        (conv2): Conv2d(12, 12, kernel_size=(3, 3), stride=(1, 1), padding=(1, 1))
        (relu): LeakyReLU(negative_slope=0.2, inplace=True)
      )
      (2): ResidualBlockNoBN(
        (conv1): Conv2d(12, 12, kernel_size=(3, 3), stride=(1, 1), padding=(1, 1))
        (conv2): Conv2d(12, 12, kernel_size=(3, 3), stride=(1, 1), padding=(1, 1))
        (relu): LeakyReLU(negative_slope=0.2, inplace=True)
      )
      (3): ResidualBlockNoBN(
        (conv1): Conv2d(12, 12, kernel_size=(3, 3), stride=(1, 1), padding=(1, 1))
        (conv2): Conv2d(12, 12, kernel_size=(3, 3), stride=(1, 1), padding=(1, 1))
        (relu): LeakyReLU(negative_slope=0.2, inplace=True)
      )
      (4): ResidualBlockNoBN(
        (conv1): Conv2d(12, 12, kernel_size=(3, 3), stride=(1, 1), padding=(1, 1))
        (conv2): Conv2d(12, 12, kernel_size=(3, 3), stride=(1, 1), padding=(1, 1))
        (relu): LeakyReLU(negative_slope=0.2, inplace=True)
      )
      (5): ResidualBlockNoBN(
        (conv1): Conv2d(12, 12, kernel_size=(3, 3), stride=(1, 1), padding=(1, 1))
        (conv2): Conv2d(12, 12, kernel_size=(3, 3), stride=(1, 1), padding=(1, 1))
        (relu): LeakyReLU(negative_slope=0.2, inplace=True)
      )
      (6): ResidualBlockNoBN(
        (conv1): Conv2d(12, 12, kernel_size=(3, 3), stride=(1, 1), padding=(1, 1))
        (conv2): Conv2d(12, 12, kernel_size=(3, 3), stride=(1, 1), padding=(1, 1))
        (relu): LeakyReLU(negative_slope=0.2, inplace=True)
      )
      (7): ResidualBlockNoBN(
        (conv1): Conv2d(12, 12, kernel_size=(3, 3), stride=(1, 1), padding=(1, 1))
        (conv2): Conv2d(12, 12, kernel_size=(3, 3), stride=(1, 1), padding=(1, 1))
        (relu): LeakyReLU(negative_slope=0.2, inplace=True)
      )
    )
    (transformer_block): Sequential(
      (0): TransformerBlock(
        (norm1): LayerNorm(
          (body): WithBias_LayerNorm()
        )
        (attn): Attention(
          (qkv): Conv2d(12, 36, kernel_size=(1, 1), stride=(1, 1), bias=False)
          (qkv_dwconv): Conv2d(36, 36, kernel_size=(3, 3), stride=(1, 1), padding=(1, 1), groups=36, bias=False)
          (project_out): Conv2d(12, 12, kernel_size=(1, 1), stride=(1, 1), bias=False)
        )
        (norm2): LayerNorm(
          (body): WithBias_LayerNorm()
        )
        (ffn): FeedForward(
          (project_in): Conv2d(12, 96, kernel_size=(1, 1), stride=(1, 1), bias=False)
          (dwconv): Conv2d(96, 96, kernel_size=(3, 3), stride=(1, 1), padding=(1, 1), groups=96, bias=False)
          (project_out): Conv2d(48, 12, kernel_size=(1, 1), stride=(1, 1), bias=False)
        )
      )
      (1): TransformerBlock(
        (norm1): LayerNorm(
          (body): WithBias_LayerNorm()
        )
        (attn): Attention(
          (qkv): Conv2d(12, 36, kernel_size=(1, 1), stride=(1, 1), bias=False)
          (qkv_dwconv): Conv2d(36, 36, kernel_size=(3, 3), stride=(1, 1), padding=(1, 1), groups=36, bias=False)
          (project_out): Conv2d(12, 12, kernel_size=(1, 1), stride=(1, 1), bias=False)
        )
        (norm2): LayerNorm(
          (body): WithBias_LayerNorm()
        )
        (ffn): FeedForward(
          (project_in): Conv2d(12, 96, kernel_size=(1, 1), stride=(1, 1), bias=False)
          (dwconv): Conv2d(96, 96, kernel_size=(3, 3), stride=(1, 1), padding=(1, 1), groups=96, bias=False)
          (project_out): Conv2d(48, 12, kernel_size=(1, 1), stride=(1, 1), bias=False)
        )
      )
      (2): TransformerBlock(
        (norm1): LayerNorm(
          (body): WithBias_LayerNorm()
        )
        (attn): Attention(
          (qkv): Conv2d(12, 36, kernel_size=(1, 1), stride=(1, 1), bias=False)
          (qkv_dwconv): Conv2d(36, 36, kernel_size=(3, 3), stride=(1, 1), padding=(1, 1), groups=36, bias=False)
          (project_out): Conv2d(12, 12, kernel_size=(1, 1), stride=(1, 1), bias=False)
        )
        (norm2): LayerNorm(
          (body): WithBias_LayerNorm()
        )
        (ffn): FeedForward(
          (project_in): Conv2d(12, 96, kernel_size=(1, 1), stride=(1, 1), bias=False)
          (dwconv): Conv2d(96, 96, kernel_size=(3, 3), stride=(1, 1), padding=(1, 1), groups=96, bias=False)
          (project_out): Conv2d(48, 12, kernel_size=(1, 1), stride=(1, 1), bias=False)
        )
      )
      (3): TransformerBlock(
        (norm1): LayerNorm(
          (body): WithBias_LayerNorm()
        )
        (attn): Attention(
          (qkv): Conv2d(12, 36, kernel_size=(1, 1), stride=(1, 1), bias=False)
          (qkv_dwconv): Conv2d(36, 36, kernel_size=(3, 3), stride=(1, 1), padding=(1, 1), groups=36, bias=False)
          (project_out): Conv2d(12, 12, kernel_size=(1, 1), stride=(1, 1), bias=False)
        )
        (norm2): LayerNorm(
          (body): WithBias_LayerNorm()
        )
        (ffn): FeedForward(
          (project_in): Conv2d(12, 96, kernel_size=(1, 1), stride=(1, 1), bias=False)
          (dwconv): Conv2d(96, 96, kernel_size=(3, 3), stride=(1, 1), padding=(1, 1), groups=96, bias=False)
          (project_out): Conv2d(48, 12, kernel_size=(1, 1), stride=(1, 1), bias=False)
        )
      )
    )
    (prompt): PromptGenBlock(
      (linear_layer): Linear(in_features=12, out_features=3, bias=True)
      (conv3x3): Conv2d(12, 12, kernel_size=(3, 3), stride=(1, 1), padding=(1, 1), bias=False)
    )
    (fuse): Conv2d(24, 12, kernel_size=(3, 3), stride=(1, 1), padding=(1, 1))
  )
)
25-06-22 15:52:46.308 - WARNING: Params [module.irn.operations.0.F.conv1.weight] will not optimize.
2025-06-22 15:52:46,308 - WARNING - Params [module.irn.operations.0.F.conv1.weight] will not optimize.
25-06-22 15:52:46.308 - WARNING: Params [module.irn.operations.0.F.conv1.bias] will not optimize.
2025-06-22 15:52:46,308 - WARNING - Params [module.irn.operations.0.F.conv1.bias] will not optimize.
25-06-22 15:52:46.308 - WARNING: Params [module.irn.operations.0.F.conv2.weight] will not optimize.
2025-06-22 15:52:46,308 - WARNING - Params [module.irn.operations.0.F.conv2.weight] will not optimize.
25-06-22 15:52:46.308 - WARNING: Params [module.irn.operations.0.F.conv2.bias] will not optimize.
2025-06-22 15:52:46,308 - WARNING - Params [module.irn.operations.0.F.conv2.bias] will not optimize.
25-06-22 15:52:46.308 - WARNING: Params [module.irn.operations.0.F.conv3.weight] will not optimize.
2025-06-22 15:52:46,308 - WARNING - Params [module.irn.operations.0.F.conv3.weight] will not optimize.
25-06-22 15:52:46.308 - WARNING: Params [module.irn.operations.0.F.conv3.bias] will not optimize.
2025-06-22 15:52:46,308 - WARNING - Params [module.irn.operations.0.F.conv3.bias] will not optimize.
25-06-22 15:52:46.308 - WARNING: Params [module.irn.operations.0.F.conv4.weight] will not optimize.
2025-06-22 15:52:46,308 - WARNING - Params [module.irn.operations.0.F.conv4.weight] will not optimize.
25-06-22 15:52:46.308 - WARNING: Params [module.irn.operations.0.F.conv4.bias] will not optimize.
2025-06-22 15:52:46,308 - WARNING - Params [module.irn.operations.0.F.conv4.bias] will not optimize.
25-06-22 15:52:46.308 - WARNING: Params [module.irn.operations.0.F.conv5.weight] will not optimize.
2025-06-22 15:52:46,308 - WARNING - Params [module.irn.operations.0.F.conv5.weight] will not optimize.
25-06-22 15:52:46.308 - WARNING: Params [module.irn.operations.0.F.conv5.bias] will not optimize.
2025-06-22 15:52:46,308 - WARNING - Params [module.irn.operations.0.F.conv5.bias] will not optimize.
25-06-22 15:52:46.308 - WARNING: Params [module.irn.operations.0.NF.beta] will not optimize.
2025-06-22 15:52:46,308 - WARNING - Params [module.irn.operations.0.NF.beta] will not optimize.
25-06-22 15:52:46.308 - WARNING: Params [module.irn.operations.0.NF.gamma] will not optimize.
2025-06-22 15:52:46,308 - WARNING - Params [module.irn.operations.0.NF.gamma] will not optimize.
25-06-22 15:52:46.308 - WARNING: Params [module.irn.operations.0.NF.conv1.weight] will not optimize.
2025-06-22 15:52:46,308 - WARNING - Params [module.irn.operations.0.NF.conv1.weight] will not optimize.
25-06-22 15:52:46.308 - WARNING: Params [module.irn.operations.0.NF.conv1.bias] will not optimize.
2025-06-22 15:52:46,308 - WARNING - Params [module.irn.operations.0.NF.conv1.bias] will not optimize.
25-06-22 15:52:46.308 - WARNING: Params [module.irn.operations.0.NF.conv2.weight] will not optimize.
2025-06-22 15:52:46,308 - WARNING - Params [module.irn.operations.0.NF.conv2.weight] will not optimize.
25-06-22 15:52:46.309 - WARNING: Params [module.irn.operations.0.NF.conv2.bias] will not optimize.
2025-06-22 15:52:46,309 - WARNING - Params [module.irn.operations.0.NF.conv2.bias] will not optimize.
25-06-22 15:52:46.309 - WARNING: Params [module.irn.operations.0.NF.conv3.weight] will not optimize.
2025-06-22 15:52:46,309 - WARNING - Params [module.irn.operations.0.NF.conv3.weight] will not optimize.
25-06-22 15:52:46.309 - WARNING: Params [module.irn.operations.0.NF.conv3.bias] will not optimize.
2025-06-22 15:52:46,309 - WARNING - Params [module.irn.operations.0.NF.conv3.bias] will not optimize.
25-06-22 15:52:46.309 - WARNING: Params [module.irn.operations.0.NF.sca.1.weight] will not optimize.
2025-06-22 15:52:46,309 - WARNING - Params [module.irn.operations.0.NF.sca.1.weight] will not optimize.
25-06-22 15:52:46.309 - WARNING: Params [module.irn.operations.0.NF.sca.1.bias] will not optimize.
2025-06-22 15:52:46,309 - WARNING - Params [module.irn.operations.0.NF.sca.1.bias] will not optimize.
25-06-22 15:52:46.309 - WARNING: Params [module.irn.operations.0.NF.conv4.weight] will not optimize.
2025-06-22 15:52:46,309 - WARNING - Params [module.irn.operations.0.NF.conv4.weight] will not optimize.
25-06-22 15:52:46.309 - WARNING: Params [module.irn.operations.0.NF.conv4.bias] will not optimize.
2025-06-22 15:52:46,309 - WARNING - Params [module.irn.operations.0.NF.conv4.bias] will not optimize.
25-06-22 15:52:46.309 - WARNING: Params [module.irn.operations.0.NF.conv5.weight] will not optimize.
2025-06-22 15:52:46,309 - WARNING - Params [module.irn.operations.0.NF.conv5.weight] will not optimize.
25-06-22 15:52:46.309 - WARNING: Params [module.irn.operations.0.NF.conv5.bias] will not optimize.
2025-06-22 15:52:46,309 - WARNING - Params [module.irn.operations.0.NF.conv5.bias] will not optimize.
25-06-22 15:52:46.309 - WARNING: Params [module.irn.operations.0.NF.norm1.weight] will not optimize.
2025-06-22 15:52:46,309 - WARNING - Params [module.irn.operations.0.NF.norm1.weight] will not optimize.
25-06-22 15:52:46.309 - WARNING: Params [module.irn.operations.0.NF.norm1.bias] will not optimize.
2025-06-22 15:52:46,309 - WARNING - Params [module.irn.operations.0.NF.norm1.bias] will not optimize.
25-06-22 15:52:46.309 - WARNING: Params [module.irn.operations.0.NF.norm2.weight] will not optimize.
2025-06-22 15:52:46,309 - WARNING - Params [module.irn.operations.0.NF.norm2.weight] will not optimize.
25-06-22 15:52:46.309 - WARNING: Params [module.irn.operations.0.NF.norm2.bias] will not optimize.
2025-06-22 15:52:46,309 - WARNING - Params [module.irn.operations.0.NF.norm2.bias] will not optimize.
25-06-22 15:52:46.309 - WARNING: Params [module.irn.operations.0.G.conv1.weight] will not optimize.
2025-06-22 15:52:46,309 - WARNING - Params [module.irn.operations.0.G.conv1.weight] will not optimize.
25-06-22 15:52:46.309 - WARNING: Params [module.irn.operations.0.G.conv1.bias] will not optimize.
2025-06-22 15:52:46,309 - WARNING - Params [module.irn.operations.0.G.conv1.bias] will not optimize.
25-06-22 15:52:46.309 - WARNING: Params [module.irn.operations.0.G.conv2.weight] will not optimize.
2025-06-22 15:52:46,309 - WARNING - Params [module.irn.operations.0.G.conv2.weight] will not optimize.
25-06-22 15:52:46.309 - WARNING: Params [module.irn.operations.0.G.conv2.bias] will not optimize.
2025-06-22 15:52:46,309 - WARNING - Params [module.irn.operations.0.G.conv2.bias] will not optimize.
25-06-22 15:52:46.309 - WARNING: Params [module.irn.operations.0.G.conv3.weight] will not optimize.
2025-06-22 15:52:46,309 - WARNING - Params [module.irn.operations.0.G.conv3.weight] will not optimize.
25-06-22 15:52:46.309 - WARNING: Params [module.irn.operations.0.G.conv3.bias] will not optimize.
2025-06-22 15:52:46,309 - WARNING - Params [module.irn.operations.0.G.conv3.bias] will not optimize.
25-06-22 15:52:46.310 - WARNING: Params [module.irn.operations.0.G.conv4.weight] will not optimize.
2025-06-22 15:52:46,310 - WARNING - Params [module.irn.operations.0.G.conv4.weight] will not optimize.
25-06-22 15:52:46.310 - WARNING: Params [module.irn.operations.0.G.conv4.bias] will not optimize.
2025-06-22 15:52:46,310 - WARNING - Params [module.irn.operations.0.G.conv4.bias] will not optimize.
25-06-22 15:52:46.310 - WARNING: Params [module.irn.operations.0.G.conv5.weight] will not optimize.
2025-06-22 15:52:46,310 - WARNING - Params [module.irn.operations.0.G.conv5.weight] will not optimize.
25-06-22 15:52:46.310 - WARNING: Params [module.irn.operations.0.G.conv5.bias] will not optimize.
2025-06-22 15:52:46,310 - WARNING - Params [module.irn.operations.0.G.conv5.bias] will not optimize.
25-06-22 15:52:46.310 - WARNING: Params [module.irn.operations.0.NG.beta] will not optimize.
2025-06-22 15:52:46,310 - WARNING - Params [module.irn.operations.0.NG.beta] will not optimize.
25-06-22 15:52:46.310 - WARNING: Params [module.irn.operations.0.NG.gamma] will not optimize.
2025-06-22 15:52:46,310 - WARNING - Params [module.irn.operations.0.NG.gamma] will not optimize.
25-06-22 15:52:46.310 - WARNING: Params [module.irn.operations.0.NG.conv1.weight] will not optimize.
2025-06-22 15:52:46,310 - WARNING - Params [module.irn.operations.0.NG.conv1.weight] will not optimize.
25-06-22 15:52:46.310 - WARNING: Params [module.irn.operations.0.NG.conv1.bias] will not optimize.
2025-06-22 15:52:46,310 - WARNING - Params [module.irn.operations.0.NG.conv1.bias] will not optimize.
25-06-22 15:52:46.310 - WARNING: Params [module.irn.operations.0.NG.conv2.weight] will not optimize.
2025-06-22 15:52:46,310 - WARNING - Params [module.irn.operations.0.NG.conv2.weight] will not optimize.
25-06-22 15:52:46.310 - WARNING: Params [module.irn.operations.0.NG.conv2.bias] will not optimize.
2025-06-22 15:52:46,310 - WARNING - Params [module.irn.operations.0.NG.conv2.bias] will not optimize.
25-06-22 15:52:46.310 - WARNING: Params [module.irn.operations.0.NG.conv3.weight] will not optimize.
2025-06-22 15:52:46,310 - WARNING - Params [module.irn.operations.0.NG.conv3.weight] will not optimize.
25-06-22 15:52:46.310 - WARNING: Params [module.irn.operations.0.NG.conv3.bias] will not optimize.
2025-06-22 15:52:46,310 - WARNING - Params [module.irn.operations.0.NG.conv3.bias] will not optimize.
25-06-22 15:52:46.310 - WARNING: Params [module.irn.operations.0.NG.sca.1.weight] will not optimize.
2025-06-22 15:52:46,310 - WARNING - Params [module.irn.operations.0.NG.sca.1.weight] will not optimize.
25-06-22 15:52:46.310 - WARNING: Params [module.irn.operations.0.NG.sca.1.bias] will not optimize.
2025-06-22 15:52:46,310 - WARNING - Params [module.irn.operations.0.NG.sca.1.bias] will not optimize.
25-06-22 15:52:46.310 - WARNING: Params [module.irn.operations.0.NG.conv4.weight] will not optimize.
2025-06-22 15:52:46,310 - WARNING - Params [module.irn.operations.0.NG.conv4.weight] will not optimize.
25-06-22 15:52:46.310 - WARNING: Params [module.irn.operations.0.NG.conv4.bias] will not optimize.
2025-06-22 15:52:46,310 - WARNING - Params [module.irn.operations.0.NG.conv4.bias] will not optimize.
25-06-22 15:52:46.310 - WARNING: Params [module.irn.operations.0.NG.conv5.weight] will not optimize.
2025-06-22 15:52:46,310 - WARNING - Params [module.irn.operations.0.NG.conv5.weight] will not optimize.
25-06-22 15:52:46.310 - WARNING: Params [module.irn.operations.0.NG.conv5.bias] will not optimize.
2025-06-22 15:52:46,310 - WARNING - Params [module.irn.operations.0.NG.conv5.bias] will not optimize.
25-06-22 15:52:46.310 - WARNING: Params [module.irn.operations.0.NG.norm1.weight] will not optimize.
2025-06-22 15:52:46,310 - WARNING - Params [module.irn.operations.0.NG.norm1.weight] will not optimize.
25-06-22 15:52:46.311 - WARNING: Params [module.irn.operations.0.NG.norm1.bias] will not optimize.
2025-06-22 15:52:46,311 - WARNING - Params [module.irn.operations.0.NG.norm1.bias] will not optimize.
25-06-22 15:52:46.311 - WARNING: Params [module.irn.operations.0.NG.norm2.weight] will not optimize.
2025-06-22 15:52:46,311 - WARNING - Params [module.irn.operations.0.NG.norm2.weight] will not optimize.
25-06-22 15:52:46.311 - WARNING: Params [module.irn.operations.0.NG.norm2.bias] will not optimize.
2025-06-22 15:52:46,311 - WARNING - Params [module.irn.operations.0.NG.norm2.bias] will not optimize.
25-06-22 15:52:46.311 - WARNING: Params [module.irn.operations.0.H.conv1.weight] will not optimize.
2025-06-22 15:52:46,311 - WARNING - Params [module.irn.operations.0.H.conv1.weight] will not optimize.
25-06-22 15:52:46.311 - WARNING: Params [module.irn.operations.0.H.conv1.bias] will not optimize.
2025-06-22 15:52:46,311 - WARNING - Params [module.irn.operations.0.H.conv1.bias] will not optimize.
25-06-22 15:52:46.311 - WARNING: Params [module.irn.operations.0.H.conv2.weight] will not optimize.
2025-06-22 15:52:46,311 - WARNING - Params [module.irn.operations.0.H.conv2.weight] will not optimize.
25-06-22 15:52:46.311 - WARNING: Params [module.irn.operations.0.H.conv2.bias] will not optimize.
2025-06-22 15:52:46,311 - WARNING - Params [module.irn.operations.0.H.conv2.bias] will not optimize.
25-06-22 15:52:46.311 - WARNING: Params [module.irn.operations.0.H.conv3.weight] will not optimize.
2025-06-22 15:52:46,311 - WARNING - Params [module.irn.operations.0.H.conv3.weight] will not optimize.
25-06-22 15:52:46.311 - WARNING: Params [module.irn.operations.0.H.conv3.bias] will not optimize.
2025-06-22 15:52:46,311 - WARNING - Params [module.irn.operations.0.H.conv3.bias] will not optimize.
25-06-22 15:52:46.311 - WARNING: Params [module.irn.operations.0.H.conv4.weight] will not optimize.
2025-06-22 15:52:46,311 - WARNING - Params [module.irn.operations.0.H.conv4.weight] will not optimize.
25-06-22 15:52:46.311 - WARNING: Params [module.irn.operations.0.H.conv4.bias] will not optimize.
2025-06-22 15:52:46,311 - WARNING - Params [module.irn.operations.0.H.conv4.bias] will not optimize.
25-06-22 15:52:46.311 - WARNING: Params [module.irn.operations.0.H.conv5.weight] will not optimize.
2025-06-22 15:52:46,311 - WARNING - Params [module.irn.operations.0.H.conv5.weight] will not optimize.
25-06-22 15:52:46.311 - WARNING: Params [module.irn.operations.0.H.conv5.bias] will not optimize.
2025-06-22 15:52:46,311 - WARNING - Params [module.irn.operations.0.H.conv5.bias] will not optimize.
25-06-22 15:52:46.311 - WARNING: Params [module.irn.operations.0.NH.beta] will not optimize.
2025-06-22 15:52:46,311 - WARNING - Params [module.irn.operations.0.NH.beta] will not optimize.
25-06-22 15:52:46.311 - WARNING: Params [module.irn.operations.0.NH.gamma] will not optimize.
2025-06-22 15:52:46,311 - WARNING - Params [module.irn.operations.0.NH.gamma] will not optimize.
25-06-22 15:52:46.311 - WARNING: Params [module.irn.operations.0.NH.conv1.weight] will not optimize.
2025-06-22 15:52:46,311 - WARNING - Params [module.irn.operations.0.NH.conv1.weight] will not optimize.
25-06-22 15:52:46.311 - WARNING: Params [module.irn.operations.0.NH.conv1.bias] will not optimize.
2025-06-22 15:52:46,311 - WARNING - Params [module.irn.operations.0.NH.conv1.bias] will not optimize.
25-06-22 15:52:46.311 - WARNING: Params [module.irn.operations.0.NH.conv2.weight] will not optimize.
2025-06-22 15:52:46,311 - WARNING - Params [module.irn.operations.0.NH.conv2.weight] will not optimize.
25-06-22 15:52:46.312 - WARNING: Params [module.irn.operations.0.NH.conv2.bias] will not optimize.
2025-06-22 15:52:46,312 - WARNING - Params [module.irn.operations.0.NH.conv2.bias] will not optimize.
25-06-22 15:52:46.312 - WARNING: Params [module.irn.operations.0.NH.conv3.weight] will not optimize.
2025-06-22 15:52:46,312 - WARNING - Params [module.irn.operations.0.NH.conv3.weight] will not optimize.
25-06-22 15:52:46.312 - WARNING: Params [module.irn.operations.0.NH.conv3.bias] will not optimize.
2025-06-22 15:52:46,312 - WARNING - Params [module.irn.operations.0.NH.conv3.bias] will not optimize.
25-06-22 15:52:46.312 - WARNING: Params [module.irn.operations.0.NH.sca.1.weight] will not optimize.
2025-06-22 15:52:46,312 - WARNING - Params [module.irn.operations.0.NH.sca.1.weight] will not optimize.
25-06-22 15:52:46.312 - WARNING: Params [module.irn.operations.0.NH.sca.1.bias] will not optimize.
2025-06-22 15:52:46,312 - WARNING - Params [module.irn.operations.0.NH.sca.1.bias] will not optimize.
25-06-22 15:52:46.312 - WARNING: Params [module.irn.operations.0.NH.conv4.weight] will not optimize.
2025-06-22 15:52:46,312 - WARNING - Params [module.irn.operations.0.NH.conv4.weight] will not optimize.
25-06-22 15:52:46.312 - WARNING: Params [module.irn.operations.0.NH.conv4.bias] will not optimize.
2025-06-22 15:52:46,312 - WARNING - Params [module.irn.operations.0.NH.conv4.bias] will not optimize.
25-06-22 15:52:46.312 - WARNING: Params [module.irn.operations.0.NH.conv5.weight] will not optimize.
2025-06-22 15:52:46,312 - WARNING - Params [module.irn.operations.0.NH.conv5.weight] will not optimize.
25-06-22 15:52:46.312 - WARNING: Params [module.irn.operations.0.NH.conv5.bias] will not optimize.
2025-06-22 15:52:46,312 - WARNING - Params [module.irn.operations.0.NH.conv5.bias] will not optimize.
25-06-22 15:52:46.312 - WARNING: Params [module.irn.operations.0.NH.norm1.weight] will not optimize.
2025-06-22 15:52:46,312 - WARNING - Params [module.irn.operations.0.NH.norm1.weight] will not optimize.
25-06-22 15:52:46.312 - WARNING: Params [module.irn.operations.0.NH.norm1.bias] will not optimize.
2025-06-22 15:52:46,312 - WARNING - Params [module.irn.operations.0.NH.norm1.bias] will not optimize.
25-06-22 15:52:46.312 - WARNING: Params [module.irn.operations.0.NH.norm2.weight] will not optimize.
2025-06-22 15:52:46,312 - WARNING - Params [module.irn.operations.0.NH.norm2.weight] will not optimize.
25-06-22 15:52:46.312 - WARNING: Params [module.irn.operations.0.NH.norm2.bias] will not optimize.
2025-06-22 15:52:46,312 - WARNING - Params [module.irn.operations.0.NH.norm2.bias] will not optimize.
25-06-22 15:52:46.312 - WARNING: Params [module.irn.operations.1.F.conv1.weight] will not optimize.
2025-06-22 15:52:46,312 - WARNING - Params [module.irn.operations.1.F.conv1.weight] will not optimize.
25-06-22 15:52:46.312 - WARNING: Params [module.irn.operations.1.F.conv1.bias] will not optimize.
2025-06-22 15:52:46,312 - WARNING - Params [module.irn.operations.1.F.conv1.bias] will not optimize.
25-06-22 15:52:46.312 - WARNING: Params [module.irn.operations.1.F.conv2.weight] will not optimize.
2025-06-22 15:52:46,312 - WARNING - Params [module.irn.operations.1.F.conv2.weight] will not optimize.
25-06-22 15:52:46.312 - WARNING: Params [module.irn.operations.1.F.conv2.bias] will not optimize.
2025-06-22 15:52:46,312 - WARNING - Params [module.irn.operations.1.F.conv2.bias] will not optimize.
25-06-22 15:52:46.312 - WARNING: Params [module.irn.operations.1.F.conv3.weight] will not optimize.
2025-06-22 15:52:46,312 - WARNING - Params [module.irn.operations.1.F.conv3.weight] will not optimize.
25-06-22 15:52:46.312 - WARNING: Params [module.irn.operations.1.F.conv3.bias] will not optimize.
2025-06-22 15:52:46,312 - WARNING - Params [module.irn.operations.1.F.conv3.bias] will not optimize.
25-06-22 15:52:46.313 - WARNING: Params [module.irn.operations.1.F.conv4.weight] will not optimize.
2025-06-22 15:52:46,313 - WARNING - Params [module.irn.operations.1.F.conv4.weight] will not optimize.
25-06-22 15:52:46.313 - WARNING: Params [module.irn.operations.1.F.conv4.bias] will not optimize.
2025-06-22 15:52:46,313 - WARNING - Params [module.irn.operations.1.F.conv4.bias] will not optimize.
25-06-22 15:52:46.313 - WARNING: Params [module.irn.operations.1.F.conv5.weight] will not optimize.
2025-06-22 15:52:46,313 - WARNING - Params [module.irn.operations.1.F.conv5.weight] will not optimize.
25-06-22 15:52:46.313 - WARNING: Params [module.irn.operations.1.F.conv5.bias] will not optimize.
2025-06-22 15:52:46,313 - WARNING - Params [module.irn.operations.1.F.conv5.bias] will not optimize.
25-06-22 15:52:46.313 - WARNING: Params [module.irn.operations.1.NF.beta] will not optimize.
2025-06-22 15:52:46,313 - WARNING - Params [module.irn.operations.1.NF.beta] will not optimize.
25-06-22 15:52:46.313 - WARNING: Params [module.irn.operations.1.NF.gamma] will not optimize.
2025-06-22 15:52:46,313 - WARNING - Params [module.irn.operations.1.NF.gamma] will not optimize.
25-06-22 15:52:46.313 - WARNING: Params [module.irn.operations.1.NF.conv1.weight] will not optimize.
2025-06-22 15:52:46,313 - WARNING - Params [module.irn.operations.1.NF.conv1.weight] will not optimize.
25-06-22 15:52:46.313 - WARNING: Params [module.irn.operations.1.NF.conv1.bias] will not optimize.
2025-06-22 15:52:46,313 - WARNING - Params [module.irn.operations.1.NF.conv1.bias] will not optimize.
25-06-22 15:52:46.313 - WARNING: Params [module.irn.operations.1.NF.conv2.weight] will not optimize.
2025-06-22 15:52:46,313 - WARNING - Params [module.irn.operations.1.NF.conv2.weight] will not optimize.
25-06-22 15:52:46.313 - WARNING: Params [module.irn.operations.1.NF.conv2.bias] will not optimize.
2025-06-22 15:52:46,313 - WARNING - Params [module.irn.operations.1.NF.conv2.bias] will not optimize.
25-06-22 15:52:46.313 - WARNING: Params [module.irn.operations.1.NF.conv3.weight] will not optimize.
2025-06-22 15:52:46,313 - WARNING - Params [module.irn.operations.1.NF.conv3.weight] will not optimize.
25-06-22 15:52:46.313 - WARNING: Params [module.irn.operations.1.NF.conv3.bias] will not optimize.
2025-06-22 15:52:46,313 - WARNING - Params [module.irn.operations.1.NF.conv3.bias] will not optimize.
25-06-22 15:52:46.313 - WARNING: Params [module.irn.operations.1.NF.sca.1.weight] will not optimize.
2025-06-22 15:52:46,313 - WARNING - Params [module.irn.operations.1.NF.sca.1.weight] will not optimize.
25-06-22 15:52:46.313 - WARNING: Params [module.irn.operations.1.NF.sca.1.bias] will not optimize.
2025-06-22 15:52:46,313 - WARNING - Params [module.irn.operations.1.NF.sca.1.bias] will not optimize.
25-06-22 15:52:46.313 - WARNING: Params [module.irn.operations.1.NF.conv4.weight] will not optimize.
2025-06-22 15:52:46,313 - WARNING - Params [module.irn.operations.1.NF.conv4.weight] will not optimize.
25-06-22 15:52:46.313 - WARNING: Params [module.irn.operations.1.NF.conv4.bias] will not optimize.
2025-06-22 15:52:46,313 - WARNING - Params [module.irn.operations.1.NF.conv4.bias] will not optimize.
25-06-22 15:52:46.313 - WARNING: Params [module.irn.operations.1.NF.conv5.weight] will not optimize.
2025-06-22 15:52:46,313 - WARNING - Params [module.irn.operations.1.NF.conv5.weight] will not optimize.
25-06-22 15:52:46.313 - WARNING: Params [module.irn.operations.1.NF.conv5.bias] will not optimize.
2025-06-22 15:52:46,313 - WARNING - Params [module.irn.operations.1.NF.conv5.bias] will not optimize.
25-06-22 15:52:46.313 - WARNING: Params [module.irn.operations.1.NF.norm1.weight] will not optimize.
2025-06-22 15:52:46,313 - WARNING - Params [module.irn.operations.1.NF.norm1.weight] will not optimize.
25-06-22 15:52:46.314 - WARNING: Params [module.irn.operations.1.NF.norm1.bias] will not optimize.
2025-06-22 15:52:46,314 - WARNING - Params [module.irn.operations.1.NF.norm1.bias] will not optimize.
25-06-22 15:52:46.314 - WARNING: Params [module.irn.operations.1.NF.norm2.weight] will not optimize.
2025-06-22 15:52:46,314 - WARNING - Params [module.irn.operations.1.NF.norm2.weight] will not optimize.
25-06-22 15:52:46.314 - WARNING: Params [module.irn.operations.1.NF.norm2.bias] will not optimize.
2025-06-22 15:52:46,314 - WARNING - Params [module.irn.operations.1.NF.norm2.bias] will not optimize.
25-06-22 15:52:46.314 - WARNING: Params [module.irn.operations.1.G.conv1.weight] will not optimize.
2025-06-22 15:52:46,314 - WARNING - Params [module.irn.operations.1.G.conv1.weight] will not optimize.
25-06-22 15:52:46.314 - WARNING: Params [module.irn.operations.1.G.conv1.bias] will not optimize.
2025-06-22 15:52:46,314 - WARNING - Params [module.irn.operations.1.G.conv1.bias] will not optimize.
25-06-22 15:52:46.314 - WARNING: Params [module.irn.operations.1.G.conv2.weight] will not optimize.
2025-06-22 15:52:46,314 - WARNING - Params [module.irn.operations.1.G.conv2.weight] will not optimize.
25-06-22 15:52:46.314 - WARNING: Params [module.irn.operations.1.G.conv2.bias] will not optimize.
2025-06-22 15:52:46,314 - WARNING - Params [module.irn.operations.1.G.conv2.bias] will not optimize.
25-06-22 15:52:46.314 - WARNING: Params [module.irn.operations.1.G.conv3.weight] will not optimize.
2025-06-22 15:52:46,314 - WARNING - Params [module.irn.operations.1.G.conv3.weight] will not optimize.
25-06-22 15:52:46.314 - WARNING: Params [module.irn.operations.1.G.conv3.bias] will not optimize.
2025-06-22 15:52:46,314 - WARNING - Params [module.irn.operations.1.G.conv3.bias] will not optimize.
25-06-22 15:52:46.314 - WARNING: Params [module.irn.operations.1.G.conv4.weight] will not optimize.
2025-06-22 15:52:46,314 - WARNING - Params [module.irn.operations.1.G.conv4.weight] will not optimize.
25-06-22 15:52:46.314 - WARNING: Params [module.irn.operations.1.G.conv4.bias] will not optimize.
2025-06-22 15:52:46,314 - WARNING - Params [module.irn.operations.1.G.conv4.bias] will not optimize.
25-06-22 15:52:46.314 - WARNING: Params [module.irn.operations.1.G.conv5.weight] will not optimize.
2025-06-22 15:52:46,314 - WARNING - Params [module.irn.operations.1.G.conv5.weight] will not optimize.
25-06-22 15:52:46.314 - WARNING: Params [module.irn.operations.1.G.conv5.bias] will not optimize.
2025-06-22 15:52:46,314 - WARNING - Params [module.irn.operations.1.G.conv5.bias] will not optimize.
25-06-22 15:52:46.314 - WARNING: Params [module.irn.operations.1.NG.beta] will not optimize.
2025-06-22 15:52:46,314 - WARNING - Params [module.irn.operations.1.NG.beta] will not optimize.
25-06-22 15:52:46.314 - WARNING: Params [module.irn.operations.1.NG.gamma] will not optimize.
2025-06-22 15:52:46,314 - WARNING - Params [module.irn.operations.1.NG.gamma] will not optimize.
25-06-22 15:52:46.314 - WARNING: Params [module.irn.operations.1.NG.conv1.weight] will not optimize.
2025-06-22 15:52:46,314 - WARNING - Params [module.irn.operations.1.NG.conv1.weight] will not optimize.
25-06-22 15:52:46.314 - WARNING: Params [module.irn.operations.1.NG.conv1.bias] will not optimize.
2025-06-22 15:52:46,314 - WARNING - Params [module.irn.operations.1.NG.conv1.bias] will not optimize.
25-06-22 15:52:46.314 - WARNING: Params [module.irn.operations.1.NG.conv2.weight] will not optimize.
2025-06-22 15:52:46,314 - WARNING - Params [module.irn.operations.1.NG.conv2.weight] will not optimize.
25-06-22 15:52:46.314 - WARNING: Params [module.irn.operations.1.NG.conv2.bias] will not optimize.
2025-06-22 15:52:46,314 - WARNING - Params [module.irn.operations.1.NG.conv2.bias] will not optimize.
25-06-22 15:52:46.315 - WARNING: Params [module.irn.operations.1.NG.conv3.weight] will not optimize.
2025-06-22 15:52:46,315 - WARNING - Params [module.irn.operations.1.NG.conv3.weight] will not optimize.
25-06-22 15:52:46.315 - WARNING: Params [module.irn.operations.1.NG.conv3.bias] will not optimize.
2025-06-22 15:52:46,315 - WARNING - Params [module.irn.operations.1.NG.conv3.bias] will not optimize.
25-06-22 15:52:46.315 - WARNING: Params [module.irn.operations.1.NG.sca.1.weight] will not optimize.
2025-06-22 15:52:46,315 - WARNING - Params [module.irn.operations.1.NG.sca.1.weight] will not optimize.
25-06-22 15:52:46.315 - WARNING: Params [module.irn.operations.1.NG.sca.1.bias] will not optimize.
2025-06-22 15:52:46,315 - WARNING - Params [module.irn.operations.1.NG.sca.1.bias] will not optimize.
25-06-22 15:52:46.315 - WARNING: Params [module.irn.operations.1.NG.conv4.weight] will not optimize.
2025-06-22 15:52:46,315 - WARNING - Params [module.irn.operations.1.NG.conv4.weight] will not optimize.
25-06-22 15:52:46.315 - WARNING: Params [module.irn.operations.1.NG.conv4.bias] will not optimize.
2025-06-22 15:52:46,315 - WARNING - Params [module.irn.operations.1.NG.conv4.bias] will not optimize.
25-06-22 15:52:46.315 - WARNING: Params [module.irn.operations.1.NG.conv5.weight] will not optimize.
2025-06-22 15:52:46,315 - WARNING - Params [module.irn.operations.1.NG.conv5.weight] will not optimize.
25-06-22 15:52:46.315 - WARNING: Params [module.irn.operations.1.NG.conv5.bias] will not optimize.
2025-06-22 15:52:46,315 - WARNING - Params [module.irn.operations.1.NG.conv5.bias] will not optimize.
25-06-22 15:52:46.315 - WARNING: Params [module.irn.operations.1.NG.norm1.weight] will not optimize.
2025-06-22 15:52:46,315 - WARNING - Params [module.irn.operations.1.NG.norm1.weight] will not optimize.
25-06-22 15:52:46.315 - WARNING: Params [module.irn.operations.1.NG.norm1.bias] will not optimize.
2025-06-22 15:52:46,315 - WARNING - Params [module.irn.operations.1.NG.norm1.bias] will not optimize.
25-06-22 15:52:46.315 - WARNING: Params [module.irn.operations.1.NG.norm2.weight] will not optimize.
2025-06-22 15:52:46,315 - WARNING - Params [module.irn.operations.1.NG.norm2.weight] will not optimize.
25-06-22 15:52:46.315 - WARNING: Params [module.irn.operations.1.NG.norm2.bias] will not optimize.
2025-06-22 15:52:46,315 - WARNING - Params [module.irn.operations.1.NG.norm2.bias] will not optimize.
25-06-22 15:52:46.315 - WARNING: Params [module.irn.operations.1.H.conv1.weight] will not optimize.
2025-06-22 15:52:46,315 - WARNING - Params [module.irn.operations.1.H.conv1.weight] will not optimize.
25-06-22 15:52:46.315 - WARNING: Params [module.irn.operations.1.H.conv1.bias] will not optimize.
2025-06-22 15:52:46,315 - WARNING - Params [module.irn.operations.1.H.conv1.bias] will not optimize.
25-06-22 15:52:46.315 - WARNING: Params [module.irn.operations.1.H.conv2.weight] will not optimize.
2025-06-22 15:52:46,315 - WARNING - Params [module.irn.operations.1.H.conv2.weight] will not optimize.
25-06-22 15:52:46.315 - WARNING: Params [module.irn.operations.1.H.conv2.bias] will not optimize.
2025-06-22 15:52:46,315 - WARNING - Params [module.irn.operations.1.H.conv2.bias] will not optimize.
25-06-22 15:52:46.315 - WARNING: Params [module.irn.operations.1.H.conv3.weight] will not optimize.
2025-06-22 15:52:46,315 - WARNING - Params [module.irn.operations.1.H.conv3.weight] will not optimize.
25-06-22 15:52:46.315 - WARNING: Params [module.irn.operations.1.H.conv3.bias] will not optimize.
2025-06-22 15:52:46,315 - WARNING - Params [module.irn.operations.1.H.conv3.bias] will not optimize.
25-06-22 15:52:46.316 - WARNING: Params [module.irn.operations.1.H.conv4.weight] will not optimize.
2025-06-22 15:52:46,316 - WARNING - Params [module.irn.operations.1.H.conv4.weight] will not optimize.
25-06-22 15:52:46.316 - WARNING: Params [module.irn.operations.1.H.conv4.bias] will not optimize.
2025-06-22 15:52:46,316 - WARNING - Params [module.irn.operations.1.H.conv4.bias] will not optimize.
25-06-22 15:52:46.316 - WARNING: Params [module.irn.operations.1.H.conv5.weight] will not optimize.
2025-06-22 15:52:46,316 - WARNING - Params [module.irn.operations.1.H.conv5.weight] will not optimize.
25-06-22 15:52:46.316 - WARNING: Params [module.irn.operations.1.H.conv5.bias] will not optimize.
2025-06-22 15:52:46,316 - WARNING - Params [module.irn.operations.1.H.conv5.bias] will not optimize.
25-06-22 15:52:46.316 - WARNING: Params [module.irn.operations.1.NH.beta] will not optimize.
2025-06-22 15:52:46,316 - WARNING - Params [module.irn.operations.1.NH.beta] will not optimize.
25-06-22 15:52:46.316 - WARNING: Params [module.irn.operations.1.NH.gamma] will not optimize.
2025-06-22 15:52:46,316 - WARNING - Params [module.irn.operations.1.NH.gamma] will not optimize.
25-06-22 15:52:46.316 - WARNING: Params [module.irn.operations.1.NH.conv1.weight] will not optimize.
2025-06-22 15:52:46,316 - WARNING - Params [module.irn.operations.1.NH.conv1.weight] will not optimize.
25-06-22 15:52:46.316 - WARNING: Params [module.irn.operations.1.NH.conv1.bias] will not optimize.
2025-06-22 15:52:46,316 - WARNING - Params [module.irn.operations.1.NH.conv1.bias] will not optimize.
25-06-22 15:52:46.316 - WARNING: Params [module.irn.operations.1.NH.conv2.weight] will not optimize.
2025-06-22 15:52:46,316 - WARNING - Params [module.irn.operations.1.NH.conv2.weight] will not optimize.
25-06-22 15:52:46.316 - WARNING: Params [module.irn.operations.1.NH.conv2.bias] will not optimize.
2025-06-22 15:52:46,316 - WARNING - Params [module.irn.operations.1.NH.conv2.bias] will not optimize.
25-06-22 15:52:46.316 - WARNING: Params [module.irn.operations.1.NH.conv3.weight] will not optimize.
2025-06-22 15:52:46,316 - WARNING - Params [module.irn.operations.1.NH.conv3.weight] will not optimize.
25-06-22 15:52:46.316 - WARNING: Params [module.irn.operations.1.NH.conv3.bias] will not optimize.
2025-06-22 15:52:46,316 - WARNING - Params [module.irn.operations.1.NH.conv3.bias] will not optimize.
25-06-22 15:52:46.316 - WARNING: Params [module.irn.operations.1.NH.sca.1.weight] will not optimize.
2025-06-22 15:52:46,316 - WARNING - Params [module.irn.operations.1.NH.sca.1.weight] will not optimize.
25-06-22 15:52:46.316 - WARNING: Params [module.irn.operations.1.NH.sca.1.bias] will not optimize.
2025-06-22 15:52:46,316 - WARNING - Params [module.irn.operations.1.NH.sca.1.bias] will not optimize.
25-06-22 15:52:46.316 - WARNING: Params [module.irn.operations.1.NH.conv4.weight] will not optimize.
2025-06-22 15:52:46,316 - WARNING - Params [module.irn.operations.1.NH.conv4.weight] will not optimize.
25-06-22 15:52:46.316 - WARNING: Params [module.irn.operations.1.NH.conv4.bias] will not optimize.
2025-06-22 15:52:46,316 - WARNING - Params [module.irn.operations.1.NH.conv4.bias] will not optimize.
25-06-22 15:52:46.316 - WARNING: Params [module.irn.operations.1.NH.conv5.weight] will not optimize.
2025-06-22 15:52:46,316 - WARNING - Params [module.irn.operations.1.NH.conv5.weight] will not optimize.
25-06-22 15:52:46.316 - WARNING: Params [module.irn.operations.1.NH.conv5.bias] will not optimize.
2025-06-22 15:52:46,316 - WARNING - Params [module.irn.operations.1.NH.conv5.bias] will not optimize.
25-06-22 15:52:46.316 - WARNING: Params [module.irn.operations.1.NH.norm1.weight] will not optimize.
2025-06-22 15:52:46,316 - WARNING - Params [module.irn.operations.1.NH.norm1.weight] will not optimize.
25-06-22 15:52:46.317 - WARNING: Params [module.irn.operations.1.NH.norm1.bias] will not optimize.
2025-06-22 15:52:46,317 - WARNING - Params [module.irn.operations.1.NH.norm1.bias] will not optimize.
25-06-22 15:52:46.317 - WARNING: Params [module.irn.operations.1.NH.norm2.weight] will not optimize.
2025-06-22 15:52:46,317 - WARNING - Params [module.irn.operations.1.NH.norm2.weight] will not optimize.
25-06-22 15:52:46.317 - WARNING: Params [module.irn.operations.1.NH.norm2.bias] will not optimize.
2025-06-22 15:52:46,317 - WARNING - Params [module.irn.operations.1.NH.norm2.bias] will not optimize.
25-06-22 15:52:46.317 - WARNING: Params [module.irn.operations.2.F.conv1.weight] will not optimize.
2025-06-22 15:52:46,317 - WARNING - Params [module.irn.operations.2.F.conv1.weight] will not optimize.
25-06-22 15:52:46.317 - WARNING: Params [module.irn.operations.2.F.conv1.bias] will not optimize.
2025-06-22 15:52:46,317 - WARNING - Params [module.irn.operations.2.F.conv1.bias] will not optimize.
25-06-22 15:52:46.317 - WARNING: Params [module.irn.operations.2.F.conv2.weight] will not optimize.
2025-06-22 15:52:46,317 - WARNING - Params [module.irn.operations.2.F.conv2.weight] will not optimize.
25-06-22 15:52:46.317 - WARNING: Params [module.irn.operations.2.F.conv2.bias] will not optimize.
2025-06-22 15:52:46,317 - WARNING - Params [module.irn.operations.2.F.conv2.bias] will not optimize.
25-06-22 15:52:46.317 - WARNING: Params [module.irn.operations.2.F.conv3.weight] will not optimize.
2025-06-22 15:52:46,317 - WARNING - Params [module.irn.operations.2.F.conv3.weight] will not optimize.
25-06-22 15:52:46.317 - WARNING: Params [module.irn.operations.2.F.conv3.bias] will not optimize.
2025-06-22 15:52:46,317 - WARNING - Params [module.irn.operations.2.F.conv3.bias] will not optimize.
25-06-22 15:52:46.317 - WARNING: Params [module.irn.operations.2.F.conv4.weight] will not optimize.
2025-06-22 15:52:46,317 - WARNING - Params [module.irn.operations.2.F.conv4.weight] will not optimize.
25-06-22 15:52:46.317 - WARNING: Params [module.irn.operations.2.F.conv4.bias] will not optimize.
2025-06-22 15:52:46,317 - WARNING - Params [module.irn.operations.2.F.conv4.bias] will not optimize.
25-06-22 15:52:46.317 - WARNING: Params [module.irn.operations.2.F.conv5.weight] will not optimize.
2025-06-22 15:52:46,317 - WARNING - Params [module.irn.operations.2.F.conv5.weight] will not optimize.
25-06-22 15:52:46.317 - WARNING: Params [module.irn.operations.2.F.conv5.bias] will not optimize.
2025-06-22 15:52:46,317 - WARNING - Params [module.irn.operations.2.F.conv5.bias] will not optimize.
25-06-22 15:52:46.317 - WARNING: Params [module.irn.operations.2.NF.beta] will not optimize.
2025-06-22 15:52:46,317 - WARNING - Params [module.irn.operations.2.NF.beta] will not optimize.
25-06-22 15:52:46.317 - WARNING: Params [module.irn.operations.2.NF.gamma] will not optimize.
2025-06-22 15:52:46,317 - WARNING - Params [module.irn.operations.2.NF.gamma] will not optimize.
25-06-22 15:52:46.317 - WARNING: Params [module.irn.operations.2.NF.conv1.weight] will not optimize.
2025-06-22 15:52:46,317 - WARNING - Params [module.irn.operations.2.NF.conv1.weight] will not optimize.
25-06-22 15:52:46.317 - WARNING: Params [module.irn.operations.2.NF.conv1.bias] will not optimize.
2025-06-22 15:52:46,317 - WARNING - Params [module.irn.operations.2.NF.conv1.bias] will not optimize.
25-06-22 15:52:46.317 - WARNING: Params [module.irn.operations.2.NF.conv2.weight] will not optimize.
2025-06-22 15:52:46,317 - WARNING - Params [module.irn.operations.2.NF.conv2.weight] will not optimize.
25-06-22 15:52:46.317 - WARNING: Params [module.irn.operations.2.NF.conv2.bias] will not optimize.
2025-06-22 15:52:46,317 - WARNING - Params [module.irn.operations.2.NF.conv2.bias] will not optimize.
25-06-22 15:52:46.318 - WARNING: Params [module.irn.operations.2.NF.conv3.weight] will not optimize.
2025-06-22 15:52:46,318 - WARNING - Params [module.irn.operations.2.NF.conv3.weight] will not optimize.
25-06-22 15:52:46.318 - WARNING: Params [module.irn.operations.2.NF.conv3.bias] will not optimize.
2025-06-22 15:52:46,318 - WARNING - Params [module.irn.operations.2.NF.conv3.bias] will not optimize.
25-06-22 15:52:46.318 - WARNING: Params [module.irn.operations.2.NF.sca.1.weight] will not optimize.
2025-06-22 15:52:46,318 - WARNING - Params [module.irn.operations.2.NF.sca.1.weight] will not optimize.
25-06-22 15:52:46.318 - WARNING: Params [module.irn.operations.2.NF.sca.1.bias] will not optimize.
2025-06-22 15:52:46,318 - WARNING - Params [module.irn.operations.2.NF.sca.1.bias] will not optimize.
25-06-22 15:52:46.318 - WARNING: Params [module.irn.operations.2.NF.conv4.weight] will not optimize.
2025-06-22 15:52:46,318 - WARNING - Params [module.irn.operations.2.NF.conv4.weight] will not optimize.
25-06-22 15:52:46.318 - WARNING: Params [module.irn.operations.2.NF.conv4.bias] will not optimize.
2025-06-22 15:52:46,318 - WARNING - Params [module.irn.operations.2.NF.conv4.bias] will not optimize.
25-06-22 15:52:46.318 - WARNING: Params [module.irn.operations.2.NF.conv5.weight] will not optimize.
2025-06-22 15:52:46,318 - WARNING - Params [module.irn.operations.2.NF.conv5.weight] will not optimize.
25-06-22 15:52:46.318 - WARNING: Params [module.irn.operations.2.NF.conv5.bias] will not optimize.
2025-06-22 15:52:46,318 - WARNING - Params [module.irn.operations.2.NF.conv5.bias] will not optimize.
25-06-22 15:52:46.318 - WARNING: Params [module.irn.operations.2.NF.norm1.weight] will not optimize.
2025-06-22 15:52:46,318 - WARNING - Params [module.irn.operations.2.NF.norm1.weight] will not optimize.
25-06-22 15:52:46.318 - WARNING: Params [module.irn.operations.2.NF.norm1.bias] will not optimize.
2025-06-22 15:52:46,318 - WARNING - Params [module.irn.operations.2.NF.norm1.bias] will not optimize.
25-06-22 15:52:46.318 - WARNING: Params [module.irn.operations.2.NF.norm2.weight] will not optimize.
2025-06-22 15:52:46,318 - WARNING - Params [module.irn.operations.2.NF.norm2.weight] will not optimize.
25-06-22 15:52:46.318 - WARNING: Params [module.irn.operations.2.NF.norm2.bias] will not optimize.
2025-06-22 15:52:46,318 - WARNING - Params [module.irn.operations.2.NF.norm2.bias] will not optimize.
25-06-22 15:52:46.318 - WARNING: Params [module.irn.operations.2.G.conv1.weight] will not optimize.
2025-06-22 15:52:46,318 - WARNING - Params [module.irn.operations.2.G.conv1.weight] will not optimize.
25-06-22 15:52:46.318 - WARNING: Params [module.irn.operations.2.G.conv1.bias] will not optimize.
2025-06-22 15:52:46,318 - WARNING - Params [module.irn.operations.2.G.conv1.bias] will not optimize.
25-06-22 15:52:46.318 - WARNING: Params [module.irn.operations.2.G.conv2.weight] will not optimize.
2025-06-22 15:52:46,318 - WARNING - Params [module.irn.operations.2.G.conv2.weight] will not optimize.
25-06-22 15:52:46.318 - WARNING: Params [module.irn.operations.2.G.conv2.bias] will not optimize.
2025-06-22 15:52:46,318 - WARNING - Params [module.irn.operations.2.G.conv2.bias] will not optimize.
25-06-22 15:52:46.318 - WARNING: Params [module.irn.operations.2.G.conv3.weight] will not optimize.
2025-06-22 15:52:46,318 - WARNING - Params [module.irn.operations.2.G.conv3.weight] will not optimize.
25-06-22 15:52:46.318 - WARNING: Params [module.irn.operations.2.G.conv3.bias] will not optimize.
2025-06-22 15:52:46,318 - WARNING - Params [module.irn.operations.2.G.conv3.bias] will not optimize.
25-06-22 15:52:46.318 - WARNING: Params [module.irn.operations.2.G.conv4.weight] will not optimize.
2025-06-22 15:52:46,318 - WARNING - Params [module.irn.operations.2.G.conv4.weight] will not optimize.
25-06-22 15:52:46.319 - WARNING: Params [module.irn.operations.2.G.conv4.bias] will not optimize.
2025-06-22 15:52:46,319 - WARNING - Params [module.irn.operations.2.G.conv4.bias] will not optimize.
25-06-22 15:52:46.319 - WARNING: Params [module.irn.operations.2.G.conv5.weight] will not optimize.
2025-06-22 15:52:46,319 - WARNING - Params [module.irn.operations.2.G.conv5.weight] will not optimize.
25-06-22 15:52:46.319 - WARNING: Params [module.irn.operations.2.G.conv5.bias] will not optimize.
2025-06-22 15:52:46,319 - WARNING - Params [module.irn.operations.2.G.conv5.bias] will not optimize.
25-06-22 15:52:46.319 - WARNING: Params [module.irn.operations.2.NG.beta] will not optimize.
2025-06-22 15:52:46,319 - WARNING - Params [module.irn.operations.2.NG.beta] will not optimize.
25-06-22 15:52:46.319 - WARNING: Params [module.irn.operations.2.NG.gamma] will not optimize.
2025-06-22 15:52:46,319 - WARNING - Params [module.irn.operations.2.NG.gamma] will not optimize.
25-06-22 15:52:46.319 - WARNING: Params [module.irn.operations.2.NG.conv1.weight] will not optimize.
2025-06-22 15:52:46,319 - WARNING - Params [module.irn.operations.2.NG.conv1.weight] will not optimize.
25-06-22 15:52:46.319 - WARNING: Params [module.irn.operations.2.NG.conv1.bias] will not optimize.
2025-06-22 15:52:46,319 - WARNING - Params [module.irn.operations.2.NG.conv1.bias] will not optimize.
25-06-22 15:52:46.319 - WARNING: Params [module.irn.operations.2.NG.conv2.weight] will not optimize.
2025-06-22 15:52:46,319 - WARNING - Params [module.irn.operations.2.NG.conv2.weight] will not optimize.
25-06-22 15:52:46.319 - WARNING: Params [module.irn.operations.2.NG.conv2.bias] will not optimize.
2025-06-22 15:52:46,319 - WARNING - Params [module.irn.operations.2.NG.conv2.bias] will not optimize.
25-06-22 15:52:46.319 - WARNING: Params [module.irn.operations.2.NG.conv3.weight] will not optimize.
2025-06-22 15:52:46,319 - WARNING - Params [module.irn.operations.2.NG.conv3.weight] will not optimize.
25-06-22 15:52:46.319 - WARNING: Params [module.irn.operations.2.NG.conv3.bias] will not optimize.
2025-06-22 15:52:46,319 - WARNING - Params [module.irn.operations.2.NG.conv3.bias] will not optimize.
25-06-22 15:52:46.319 - WARNING: Params [module.irn.operations.2.NG.sca.1.weight] will not optimize.
2025-06-22 15:52:46,319 - WARNING - Params [module.irn.operations.2.NG.sca.1.weight] will not optimize.
25-06-22 15:52:46.319 - WARNING: Params [module.irn.operations.2.NG.sca.1.bias] will not optimize.
2025-06-22 15:52:46,319 - WARNING - Params [module.irn.operations.2.NG.sca.1.bias] will not optimize.
25-06-22 15:52:46.319 - WARNING: Params [module.irn.operations.2.NG.conv4.weight] will not optimize.
2025-06-22 15:52:46,319 - WARNING - Params [module.irn.operations.2.NG.conv4.weight] will not optimize.
25-06-22 15:52:46.319 - WARNING: Params [module.irn.operations.2.NG.conv4.bias] will not optimize.
2025-06-22 15:52:46,319 - WARNING - Params [module.irn.operations.2.NG.conv4.bias] will not optimize.
25-06-22 15:52:46.319 - WARNING: Params [module.irn.operations.2.NG.conv5.weight] will not optimize.
2025-06-22 15:52:46,319 - WARNING - Params [module.irn.operations.2.NG.conv5.weight] will not optimize.
25-06-22 15:52:46.319 - WARNING: Params [module.irn.operations.2.NG.conv5.bias] will not optimize.
2025-06-22 15:52:46,319 - WARNING - Params [module.irn.operations.2.NG.conv5.bias] will not optimize.
25-06-22 15:52:46.319 - WARNING: Params [module.irn.operations.2.NG.norm1.weight] will not optimize.
2025-06-22 15:52:46,319 - WARNING - Params [module.irn.operations.2.NG.norm1.weight] will not optimize.
25-06-22 15:52:46.320 - WARNING: Params [module.irn.operations.2.NG.norm1.bias] will not optimize.
2025-06-22 15:52:46,320 - WARNING - Params [module.irn.operations.2.NG.norm1.bias] will not optimize.
25-06-22 15:52:46.320 - WARNING: Params [module.irn.operations.2.NG.norm2.weight] will not optimize.
2025-06-22 15:52:46,320 - WARNING - Params [module.irn.operations.2.NG.norm2.weight] will not optimize.
25-06-22 15:52:46.320 - WARNING: Params [module.irn.operations.2.NG.norm2.bias] will not optimize.
2025-06-22 15:52:46,320 - WARNING - Params [module.irn.operations.2.NG.norm2.bias] will not optimize.
25-06-22 15:52:46.320 - WARNING: Params [module.irn.operations.2.H.conv1.weight] will not optimize.
2025-06-22 15:52:46,320 - WARNING - Params [module.irn.operations.2.H.conv1.weight] will not optimize.
25-06-22 15:52:46.320 - WARNING: Params [module.irn.operations.2.H.conv1.bias] will not optimize.
2025-06-22 15:52:46,320 - WARNING - Params [module.irn.operations.2.H.conv1.bias] will not optimize.
25-06-22 15:52:46.320 - WARNING: Params [module.irn.operations.2.H.conv2.weight] will not optimize.
2025-06-22 15:52:46,320 - WARNING - Params [module.irn.operations.2.H.conv2.weight] will not optimize.
25-06-22 15:52:46.320 - WARNING: Params [module.irn.operations.2.H.conv2.bias] will not optimize.
2025-06-22 15:52:46,320 - WARNING - Params [module.irn.operations.2.H.conv2.bias] will not optimize.
25-06-22 15:52:46.320 - WARNING: Params [module.irn.operations.2.H.conv3.weight] will not optimize.
2025-06-22 15:52:46,320 - WARNING - Params [module.irn.operations.2.H.conv3.weight] will not optimize.
25-06-22 15:52:46.320 - WARNING: Params [module.irn.operations.2.H.conv3.bias] will not optimize.
2025-06-22 15:52:46,320 - WARNING - Params [module.irn.operations.2.H.conv3.bias] will not optimize.
25-06-22 15:52:46.320 - WARNING: Params [module.irn.operations.2.H.conv4.weight] will not optimize.
2025-06-22 15:52:46,320 - WARNING - Params [module.irn.operations.2.H.conv4.weight] will not optimize.
25-06-22 15:52:46.320 - WARNING: Params [module.irn.operations.2.H.conv4.bias] will not optimize.
2025-06-22 15:52:46,320 - WARNING - Params [module.irn.operations.2.H.conv4.bias] will not optimize.
25-06-22 15:52:46.320 - WARNING: Params [module.irn.operations.2.H.conv5.weight] will not optimize.
2025-06-22 15:52:46,320 - WARNING - Params [module.irn.operations.2.H.conv5.weight] will not optimize.
25-06-22 15:52:46.320 - WARNING: Params [module.irn.operations.2.H.conv5.bias] will not optimize.
2025-06-22 15:52:46,320 - WARNING - Params [module.irn.operations.2.H.conv5.bias] will not optimize.
25-06-22 15:52:46.320 - WARNING: Params [module.irn.operations.2.NH.beta] will not optimize.
2025-06-22 15:52:46,320 - WARNING - Params [module.irn.operations.2.NH.beta] will not optimize.
25-06-22 15:52:46.320 - WARNING: Params [module.irn.operations.2.NH.gamma] will not optimize.
2025-06-22 15:52:46,320 - WARNING - Params [module.irn.operations.2.NH.gamma] will not optimize.
25-06-22 15:52:46.320 - WARNING: Params [module.irn.operations.2.NH.conv1.weight] will not optimize.
2025-06-22 15:52:46,320 - WARNING - Params [module.irn.operations.2.NH.conv1.weight] will not optimize.
25-06-22 15:52:46.320 - WARNING: Params [module.irn.operations.2.NH.conv1.bias] will not optimize.
2025-06-22 15:52:46,320 - WARNING - Params [module.irn.operations.2.NH.conv1.bias] will not optimize.
25-06-22 15:52:46.320 - WARNING: Params [module.irn.operations.2.NH.conv2.weight] will not optimize.
2025-06-22 15:52:46,320 - WARNING - Params [module.irn.operations.2.NH.conv2.weight] will not optimize.
25-06-22 15:52:46.320 - WARNING: Params [module.irn.operations.2.NH.conv2.bias] will not optimize.
2025-06-22 15:52:46,320 - WARNING - Params [module.irn.operations.2.NH.conv2.bias] will not optimize.
25-06-22 15:52:46.321 - WARNING: Params [module.irn.operations.2.NH.conv3.weight] will not optimize.
2025-06-22 15:52:46,321 - WARNING - Params [module.irn.operations.2.NH.conv3.weight] will not optimize.
25-06-22 15:52:46.321 - WARNING: Params [module.irn.operations.2.NH.conv3.bias] will not optimize.
2025-06-22 15:52:46,321 - WARNING - Params [module.irn.operations.2.NH.conv3.bias] will not optimize.
25-06-22 15:52:46.321 - WARNING: Params [module.irn.operations.2.NH.sca.1.weight] will not optimize.
2025-06-22 15:52:46,321 - WARNING - Params [module.irn.operations.2.NH.sca.1.weight] will not optimize.
25-06-22 15:52:46.321 - WARNING: Params [module.irn.operations.2.NH.sca.1.bias] will not optimize.
2025-06-22 15:52:46,321 - WARNING - Params [module.irn.operations.2.NH.sca.1.bias] will not optimize.
25-06-22 15:52:46.321 - WARNING: Params [module.irn.operations.2.NH.conv4.weight] will not optimize.
2025-06-22 15:52:46,321 - WARNING - Params [module.irn.operations.2.NH.conv4.weight] will not optimize.
25-06-22 15:52:46.321 - WARNING: Params [module.irn.operations.2.NH.conv4.bias] will not optimize.
2025-06-22 15:52:46,321 - WARNING - Params [module.irn.operations.2.NH.conv4.bias] will not optimize.
25-06-22 15:52:46.321 - WARNING: Params [module.irn.operations.2.NH.conv5.weight] will not optimize.
2025-06-22 15:52:46,321 - WARNING - Params [module.irn.operations.2.NH.conv5.weight] will not optimize.
25-06-22 15:52:46.321 - WARNING: Params [module.irn.operations.2.NH.conv5.bias] will not optimize.
2025-06-22 15:52:46,321 - WARNING - Params [module.irn.operations.2.NH.conv5.bias] will not optimize.
25-06-22 15:52:46.321 - WARNING: Params [module.irn.operations.2.NH.norm1.weight] will not optimize.
2025-06-22 15:52:46,321 - WARNING - Params [module.irn.operations.2.NH.norm1.weight] will not optimize.
25-06-22 15:52:46.321 - WARNING: Params [module.irn.operations.2.NH.norm1.bias] will not optimize.
2025-06-22 15:52:46,321 - WARNING - Params [module.irn.operations.2.NH.norm1.bias] will not optimize.
25-06-22 15:52:46.321 - WARNING: Params [module.irn.operations.2.NH.norm2.weight] will not optimize.
2025-06-22 15:52:46,321 - WARNING - Params [module.irn.operations.2.NH.norm2.weight] will not optimize.
25-06-22 15:52:46.321 - WARNING: Params [module.irn.operations.2.NH.norm2.bias] will not optimize.
2025-06-22 15:52:46,321 - WARNING - Params [module.irn.operations.2.NH.norm2.bias] will not optimize.
25-06-22 15:52:46.321 - WARNING: Params [module.irn.operations.3.F.conv1.weight] will not optimize.
2025-06-22 15:52:46,321 - WARNING - Params [module.irn.operations.3.F.conv1.weight] will not optimize.
25-06-22 15:52:46.321 - WARNING: Params [module.irn.operations.3.F.conv1.bias] will not optimize.
2025-06-22 15:52:46,321 - WARNING - Params [module.irn.operations.3.F.conv1.bias] will not optimize.
25-06-22 15:52:46.321 - WARNING: Params [module.irn.operations.3.F.conv2.weight] will not optimize.
2025-06-22 15:52:46,321 - WARNING - Params [module.irn.operations.3.F.conv2.weight] will not optimize.
25-06-22 15:52:46.321 - WARNING: Params [module.irn.operations.3.F.conv2.bias] will not optimize.
2025-06-22 15:52:46,321 - WARNING - Params [module.irn.operations.3.F.conv2.bias] will not optimize.
25-06-22 15:52:46.321 - WARNING: Params [module.irn.operations.3.F.conv3.weight] will not optimize.
2025-06-22 15:52:46,321 - WARNING - Params [module.irn.operations.3.F.conv3.weight] will not optimize.
25-06-22 15:52:46.321 - WARNING: Params [module.irn.operations.3.F.conv3.bias] will not optimize.
2025-06-22 15:52:46,321 - WARNING - Params [module.irn.operations.3.F.conv3.bias] will not optimize.
25-06-22 15:52:46.321 - WARNING: Params [module.irn.operations.3.F.conv4.weight] will not optimize.
2025-06-22 15:52:46,321 - WARNING - Params [module.irn.operations.3.F.conv4.weight] will not optimize.
25-06-22 15:52:46.322 - WARNING: Params [module.irn.operations.3.F.conv4.bias] will not optimize.
2025-06-22 15:52:46,322 - WARNING - Params [module.irn.operations.3.F.conv4.bias] will not optimize.
25-06-22 15:52:46.322 - WARNING: Params [module.irn.operations.3.F.conv5.weight] will not optimize.
2025-06-22 15:52:46,322 - WARNING - Params [module.irn.operations.3.F.conv5.weight] will not optimize.
25-06-22 15:52:46.322 - WARNING: Params [module.irn.operations.3.F.conv5.bias] will not optimize.
2025-06-22 15:52:46,322 - WARNING - Params [module.irn.operations.3.F.conv5.bias] will not optimize.
25-06-22 15:52:46.322 - WARNING: Params [module.irn.operations.3.NF.beta] will not optimize.
2025-06-22 15:52:46,322 - WARNING - Params [module.irn.operations.3.NF.beta] will not optimize.
25-06-22 15:52:46.322 - WARNING: Params [module.irn.operations.3.NF.gamma] will not optimize.
2025-06-22 15:52:46,322 - WARNING - Params [module.irn.operations.3.NF.gamma] will not optimize.
25-06-22 15:52:46.322 - WARNING: Params [module.irn.operations.3.NF.conv1.weight] will not optimize.
2025-06-22 15:52:46,322 - WARNING - Params [module.irn.operations.3.NF.conv1.weight] will not optimize.
25-06-22 15:52:46.322 - WARNING: Params [module.irn.operations.3.NF.conv1.bias] will not optimize.
2025-06-22 15:52:46,322 - WARNING - Params [module.irn.operations.3.NF.conv1.bias] will not optimize.
25-06-22 15:52:46.322 - WARNING: Params [module.irn.operations.3.NF.conv2.weight] will not optimize.
2025-06-22 15:52:46,322 - WARNING - Params [module.irn.operations.3.NF.conv2.weight] will not optimize.
25-06-22 15:52:46.322 - WARNING: Params [module.irn.operations.3.NF.conv2.bias] will not optimize.
2025-06-22 15:52:46,322 - WARNING - Params [module.irn.operations.3.NF.conv2.bias] will not optimize.
25-06-22 15:52:46.322 - WARNING: Params [module.irn.operations.3.NF.conv3.weight] will not optimize.
2025-06-22 15:52:46,322 - WARNING - Params [module.irn.operations.3.NF.conv3.weight] will not optimize.
25-06-22 15:52:46.322 - WARNING: Params [module.irn.operations.3.NF.conv3.bias] will not optimize.
2025-06-22 15:52:46,322 - WARNING - Params [module.irn.operations.3.NF.conv3.bias] will not optimize.
25-06-22 15:52:46.322 - WARNING: Params [module.irn.operations.3.NF.sca.1.weight] will not optimize.
2025-06-22 15:52:46,322 - WARNING - Params [module.irn.operations.3.NF.sca.1.weight] will not optimize.
25-06-22 15:52:46.322 - WARNING: Params [module.irn.operations.3.NF.sca.1.bias] will not optimize.
2025-06-22 15:52:46,322 - WARNING - Params [module.irn.operations.3.NF.sca.1.bias] will not optimize.
25-06-22 15:52:46.322 - WARNING: Params [module.irn.operations.3.NF.conv4.weight] will not optimize.
2025-06-22 15:52:46,322 - WARNING - Params [module.irn.operations.3.NF.conv4.weight] will not optimize.
25-06-22 15:52:46.322 - WARNING: Params [module.irn.operations.3.NF.conv4.bias] will not optimize.
2025-06-22 15:52:46,322 - WARNING - Params [module.irn.operations.3.NF.conv4.bias] will not optimize.
25-06-22 15:52:46.322 - WARNING: Params [module.irn.operations.3.NF.conv5.weight] will not optimize.
2025-06-22 15:52:46,322 - WARNING - Params [module.irn.operations.3.NF.conv5.weight] will not optimize.
25-06-22 15:52:46.322 - WARNING: Params [module.irn.operations.3.NF.conv5.bias] will not optimize.
2025-06-22 15:52:46,322 - WARNING - Params [module.irn.operations.3.NF.conv5.bias] will not optimize.
25-06-22 15:52:46.322 - WARNING: Params [module.irn.operations.3.NF.norm1.weight] will not optimize.
2025-06-22 15:52:46,322 - WARNING - Params [module.irn.operations.3.NF.norm1.weight] will not optimize.
25-06-22 15:52:46.322 - WARNING: Params [module.irn.operations.3.NF.norm1.bias] will not optimize.
2025-06-22 15:52:46,322 - WARNING - Params [module.irn.operations.3.NF.norm1.bias] will not optimize.
25-06-22 15:52:46.323 - WARNING: Params [module.irn.operations.3.NF.norm2.weight] will not optimize.
2025-06-22 15:52:46,323 - WARNING - Params [module.irn.operations.3.NF.norm2.weight] will not optimize.
25-06-22 15:52:46.323 - WARNING: Params [module.irn.operations.3.NF.norm2.bias] will not optimize.
2025-06-22 15:52:46,323 - WARNING - Params [module.irn.operations.3.NF.norm2.bias] will not optimize.
25-06-22 15:52:46.323 - WARNING: Params [module.irn.operations.3.G.conv1.weight] will not optimize.
2025-06-22 15:52:46,323 - WARNING - Params [module.irn.operations.3.G.conv1.weight] will not optimize.
25-06-22 15:52:46.323 - WARNING: Params [module.irn.operations.3.G.conv1.bias] will not optimize.
2025-06-22 15:52:46,323 - WARNING - Params [module.irn.operations.3.G.conv1.bias] will not optimize.
25-06-22 15:52:46.323 - WARNING: Params [module.irn.operations.3.G.conv2.weight] will not optimize.
2025-06-22 15:52:46,323 - WARNING - Params [module.irn.operations.3.G.conv2.weight] will not optimize.
25-06-22 15:52:46.323 - WARNING: Params [module.irn.operations.3.G.conv2.bias] will not optimize.
2025-06-22 15:52:46,323 - WARNING - Params [module.irn.operations.3.G.conv2.bias] will not optimize.
25-06-22 15:52:46.323 - WARNING: Params [module.irn.operations.3.G.conv3.weight] will not optimize.
2025-06-22 15:52:46,323 - WARNING - Params [module.irn.operations.3.G.conv3.weight] will not optimize.
25-06-22 15:52:46.323 - WARNING: Params [module.irn.operations.3.G.conv3.bias] will not optimize.
2025-06-22 15:52:46,323 - WARNING - Params [module.irn.operations.3.G.conv3.bias] will not optimize.
25-06-22 15:52:46.323 - WARNING: Params [module.irn.operations.3.G.conv4.weight] will not optimize.
2025-06-22 15:52:46,323 - WARNING - Params [module.irn.operations.3.G.conv4.weight] will not optimize.
25-06-22 15:52:46.323 - WARNING: Params [module.irn.operations.3.G.conv4.bias] will not optimize.
2025-06-22 15:52:46,323 - WARNING - Params [module.irn.operations.3.G.conv4.bias] will not optimize.
25-06-22 15:52:46.323 - WARNING: Params [module.irn.operations.3.G.conv5.weight] will not optimize.
2025-06-22 15:52:46,323 - WARNING - Params [module.irn.operations.3.G.conv5.weight] will not optimize.
25-06-22 15:52:46.323 - WARNING: Params [module.irn.operations.3.G.conv5.bias] will not optimize.
2025-06-22 15:52:46,323 - WARNING - Params [module.irn.operations.3.G.conv5.bias] will not optimize.
25-06-22 15:52:46.323 - WARNING: Params [module.irn.operations.3.NG.beta] will not optimize.
2025-06-22 15:52:46,323 - WARNING - Params [module.irn.operations.3.NG.beta] will not optimize.
25-06-22 15:52:46.323 - WARNING: Params [module.irn.operations.3.NG.gamma] will not optimize.
2025-06-22 15:52:46,323 - WARNING - Params [module.irn.operations.3.NG.gamma] will not optimize.
25-06-22 15:52:46.323 - WARNING: Params [module.irn.operations.3.NG.conv1.weight] will not optimize.
2025-06-22 15:52:46,323 - WARNING - Params [module.irn.operations.3.NG.conv1.weight] will not optimize.
25-06-22 15:52:46.323 - WARNING: Params [module.irn.operations.3.NG.conv1.bias] will not optimize.
2025-06-22 15:52:46,323 - WARNING - Params [module.irn.operations.3.NG.conv1.bias] will not optimize.
25-06-22 15:52:46.323 - WARNING: Params [module.irn.operations.3.NG.conv2.weight] will not optimize.
2025-06-22 15:52:46,323 - WARNING - Params [module.irn.operations.3.NG.conv2.weight] will not optimize.
25-06-22 15:52:46.323 - WARNING: Params [module.irn.operations.3.NG.conv2.bias] will not optimize.
2025-06-22 15:52:46,323 - WARNING - Params [module.irn.operations.3.NG.conv2.bias] will not optimize.
25-06-22 15:52:46.324 - WARNING: Params [module.irn.operations.3.NG.conv3.weight] will not optimize.
2025-06-22 15:52:46,324 - WARNING - Params [module.irn.operations.3.NG.conv3.weight] will not optimize.
25-06-22 15:52:46.324 - WARNING: Params [module.irn.operations.3.NG.conv3.bias] will not optimize.
2025-06-22 15:52:46,324 - WARNING - Params [module.irn.operations.3.NG.conv3.bias] will not optimize.
25-06-22 15:52:46.324 - WARNING: Params [module.irn.operations.3.NG.sca.1.weight] will not optimize.
2025-06-22 15:52:46,324 - WARNING - Params [module.irn.operations.3.NG.sca.1.weight] will not optimize.
25-06-22 15:52:46.324 - WARNING: Params [module.irn.operations.3.NG.sca.1.bias] will not optimize.
2025-06-22 15:52:46,324 - WARNING - Params [module.irn.operations.3.NG.sca.1.bias] will not optimize.
25-06-22 15:52:46.324 - WARNING: Params [module.irn.operations.3.NG.conv4.weight] will not optimize.
2025-06-22 15:52:46,324 - WARNING - Params [module.irn.operations.3.NG.conv4.weight] will not optimize.
25-06-22 15:52:46.324 - WARNING: Params [module.irn.operations.3.NG.conv4.bias] will not optimize.
2025-06-22 15:52:46,324 - WARNING - Params [module.irn.operations.3.NG.conv4.bias] will not optimize.
25-06-22 15:52:46.324 - WARNING: Params [module.irn.operations.3.NG.conv5.weight] will not optimize.
2025-06-22 15:52:46,324 - WARNING - Params [module.irn.operations.3.NG.conv5.weight] will not optimize.
25-06-22 15:52:46.324 - WARNING: Params [module.irn.operations.3.NG.conv5.bias] will not optimize.
2025-06-22 15:52:46,324 - WARNING - Params [module.irn.operations.3.NG.conv5.bias] will not optimize.
25-06-22 15:52:46.324 - WARNING: Params [module.irn.operations.3.NG.norm1.weight] will not optimize.
2025-06-22 15:52:46,324 - WARNING - Params [module.irn.operations.3.NG.norm1.weight] will not optimize.
25-06-22 15:52:46.324 - WARNING: Params [module.irn.operations.3.NG.norm1.bias] will not optimize.
2025-06-22 15:52:46,324 - WARNING - Params [module.irn.operations.3.NG.norm1.bias] will not optimize.
25-06-22 15:52:46.324 - WARNING: Params [module.irn.operations.3.NG.norm2.weight] will not optimize.
2025-06-22 15:52:46,324 - WARNING - Params [module.irn.operations.3.NG.norm2.weight] will not optimize.
25-06-22 15:52:46.324 - WARNING: Params [module.irn.operations.3.NG.norm2.bias] will not optimize.
2025-06-22 15:52:46,324 - WARNING - Params [module.irn.operations.3.NG.norm2.bias] will not optimize.
25-06-22 15:52:46.324 - WARNING: Params [module.irn.operations.3.H.conv1.weight] will not optimize.
2025-06-22 15:52:46,324 - WARNING - Params [module.irn.operations.3.H.conv1.weight] will not optimize.
25-06-22 15:52:46.324 - WARNING: Params [module.irn.operations.3.H.conv1.bias] will not optimize.
2025-06-22 15:52:46,324 - WARNING - Params [module.irn.operations.3.H.conv1.bias] will not optimize.
25-06-22 15:52:46.324 - WARNING: Params [module.irn.operations.3.H.conv2.weight] will not optimize.
2025-06-22 15:52:46,324 - WARNING - Params [module.irn.operations.3.H.conv2.weight] will not optimize.
25-06-22 15:52:46.324 - WARNING: Params [module.irn.operations.3.H.conv2.bias] will not optimize.
2025-06-22 15:52:46,324 - WARNING - Params [module.irn.operations.3.H.conv2.bias] will not optimize.
25-06-22 15:52:46.324 - WARNING: Params [module.irn.operations.3.H.conv3.weight] will not optimize.
2025-06-22 15:52:46,324 - WARNING - Params [module.irn.operations.3.H.conv3.weight] will not optimize.
25-06-22 15:52:46.324 - WARNING: Params [module.irn.operations.3.H.conv3.bias] will not optimize.
2025-06-22 15:52:46,324 - WARNING - Params [module.irn.operations.3.H.conv3.bias] will not optimize.
25-06-22 15:52:46.324 - WARNING: Params [module.irn.operations.3.H.conv4.weight] will not optimize.
2025-06-22 15:52:46,324 - WARNING - Params [module.irn.operations.3.H.conv4.weight] will not optimize.
25-06-22 15:52:46.325 - WARNING: Params [module.irn.operations.3.H.conv4.bias] will not optimize.
2025-06-22 15:52:46,325 - WARNING - Params [module.irn.operations.3.H.conv4.bias] will not optimize.
25-06-22 15:52:46.325 - WARNING: Params [module.irn.operations.3.H.conv5.weight] will not optimize.
2025-06-22 15:52:46,325 - WARNING - Params [module.irn.operations.3.H.conv5.weight] will not optimize.
25-06-22 15:52:46.325 - WARNING: Params [module.irn.operations.3.H.conv5.bias] will not optimize.
2025-06-22 15:52:46,325 - WARNING - Params [module.irn.operations.3.H.conv5.bias] will not optimize.
25-06-22 15:52:46.325 - WARNING: Params [module.irn.operations.3.NH.beta] will not optimize.
2025-06-22 15:52:46,325 - WARNING - Params [module.irn.operations.3.NH.beta] will not optimize.
25-06-22 15:52:46.325 - WARNING: Params [module.irn.operations.3.NH.gamma] will not optimize.
2025-06-22 15:52:46,325 - WARNING - Params [module.irn.operations.3.NH.gamma] will not optimize.
25-06-22 15:52:46.325 - WARNING: Params [module.irn.operations.3.NH.conv1.weight] will not optimize.
2025-06-22 15:52:46,325 - WARNING - Params [module.irn.operations.3.NH.conv1.weight] will not optimize.
25-06-22 15:52:46.325 - WARNING: Params [module.irn.operations.3.NH.conv1.bias] will not optimize.
2025-06-22 15:52:46,325 - WARNING - Params [module.irn.operations.3.NH.conv1.bias] will not optimize.
25-06-22 15:52:46.325 - WARNING: Params [module.irn.operations.3.NH.conv2.weight] will not optimize.
2025-06-22 15:52:46,325 - WARNING - Params [module.irn.operations.3.NH.conv2.weight] will not optimize.
25-06-22 15:52:46.325 - WARNING: Params [module.irn.operations.3.NH.conv2.bias] will not optimize.
2025-06-22 15:52:46,325 - WARNING - Params [module.irn.operations.3.NH.conv2.bias] will not optimize.
25-06-22 15:52:46.325 - WARNING: Params [module.irn.operations.3.NH.conv3.weight] will not optimize.
2025-06-22 15:52:46,325 - WARNING - Params [module.irn.operations.3.NH.conv3.weight] will not optimize.
25-06-22 15:52:46.325 - WARNING: Params [module.irn.operations.3.NH.conv3.bias] will not optimize.
2025-06-22 15:52:46,325 - WARNING - Params [module.irn.operations.3.NH.conv3.bias] will not optimize.
25-06-22 15:52:46.325 - WARNING: Params [module.irn.operations.3.NH.sca.1.weight] will not optimize.
2025-06-22 15:52:46,325 - WARNING - Params [module.irn.operations.3.NH.sca.1.weight] will not optimize.
25-06-22 15:52:46.325 - WARNING: Params [module.irn.operations.3.NH.sca.1.bias] will not optimize.
2025-06-22 15:52:46,325 - WARNING - Params [module.irn.operations.3.NH.sca.1.bias] will not optimize.
25-06-22 15:52:46.325 - WARNING: Params [module.irn.operations.3.NH.conv4.weight] will not optimize.
2025-06-22 15:52:46,325 - WARNING - Params [module.irn.operations.3.NH.conv4.weight] will not optimize.
25-06-22 15:52:46.325 - WARNING: Params [module.irn.operations.3.NH.conv4.bias] will not optimize.
2025-06-22 15:52:46,325 - WARNING - Params [module.irn.operations.3.NH.conv4.bias] will not optimize.
25-06-22 15:52:46.325 - WARNING: Params [module.irn.operations.3.NH.conv5.weight] will not optimize.
2025-06-22 15:52:46,325 - WARNING - Params [module.irn.operations.3.NH.conv5.weight] will not optimize.
25-06-22 15:52:46.325 - WARNING: Params [module.irn.operations.3.NH.conv5.bias] will not optimize.
2025-06-22 15:52:46,325 - WARNING - Params [module.irn.operations.3.NH.conv5.bias] will not optimize.
25-06-22 15:52:46.325 - WARNING: Params [module.irn.operations.3.NH.norm1.weight] will not optimize.
2025-06-22 15:52:46,325 - WARNING - Params [module.irn.operations.3.NH.norm1.weight] will not optimize.
25-06-22 15:52:46.325 - WARNING: Params [module.irn.operations.3.NH.norm1.bias] will not optimize.
2025-06-22 15:52:46,325 - WARNING - Params [module.irn.operations.3.NH.norm1.bias] will not optimize.
25-06-22 15:52:46.326 - WARNING: Params [module.irn.operations.3.NH.norm2.weight] will not optimize.
2025-06-22 15:52:46,326 - WARNING - Params [module.irn.operations.3.NH.norm2.weight] will not optimize.
25-06-22 15:52:46.326 - WARNING: Params [module.irn.operations.3.NH.norm2.bias] will not optimize.
2025-06-22 15:52:46,326 - WARNING - Params [module.irn.operations.3.NH.norm2.bias] will not optimize.
25-06-22 15:52:46.326 - WARNING: Params [module.irn.operations.4.F.conv1.weight] will not optimize.
2025-06-22 15:52:46,326 - WARNING - Params [module.irn.operations.4.F.conv1.weight] will not optimize.
25-06-22 15:52:46.326 - WARNING: Params [module.irn.operations.4.F.conv1.bias] will not optimize.
2025-06-22 15:52:46,326 - WARNING - Params [module.irn.operations.4.F.conv1.bias] will not optimize.
25-06-22 15:52:46.326 - WARNING: Params [module.irn.operations.4.F.conv2.weight] will not optimize.
2025-06-22 15:52:46,326 - WARNING - Params [module.irn.operations.4.F.conv2.weight] will not optimize.
25-06-22 15:52:46.326 - WARNING: Params [module.irn.operations.4.F.conv2.bias] will not optimize.
2025-06-22 15:52:46,326 - WARNING - Params [module.irn.operations.4.F.conv2.bias] will not optimize.
25-06-22 15:52:46.326 - WARNING: Params [module.irn.operations.4.F.conv3.weight] will not optimize.
2025-06-22 15:52:46,326 - WARNING - Params [module.irn.operations.4.F.conv3.weight] will not optimize.
25-06-22 15:52:46.326 - WARNING: Params [module.irn.operations.4.F.conv3.bias] will not optimize.
2025-06-22 15:52:46,326 - WARNING - Params [module.irn.operations.4.F.conv3.bias] will not optimize.
25-06-22 15:52:46.326 - WARNING: Params [module.irn.operations.4.F.conv4.weight] will not optimize.
2025-06-22 15:52:46,326 - WARNING - Params [module.irn.operations.4.F.conv4.weight] will not optimize.
25-06-22 15:52:46.326 - WARNING: Params [module.irn.operations.4.F.conv4.bias] will not optimize.
2025-06-22 15:52:46,326 - WARNING - Params [module.irn.operations.4.F.conv4.bias] will not optimize.
25-06-22 15:52:46.326 - WARNING: Params [module.irn.operations.4.F.conv5.weight] will not optimize.
2025-06-22 15:52:46,326 - WARNING - Params [module.irn.operations.4.F.conv5.weight] will not optimize.
25-06-22 15:52:46.326 - WARNING: Params [module.irn.operations.4.F.conv5.bias] will not optimize.
2025-06-22 15:52:46,326 - WARNING - Params [module.irn.operations.4.F.conv5.bias] will not optimize.
25-06-22 15:52:46.326 - WARNING: Params [module.irn.operations.4.NF.beta] will not optimize.
2025-06-22 15:52:46,326 - WARNING - Params [module.irn.operations.4.NF.beta] will not optimize.
25-06-22 15:52:46.326 - WARNING: Params [module.irn.operations.4.NF.gamma] will not optimize.
2025-06-22 15:52:46,326 - WARNING - Params [module.irn.operations.4.NF.gamma] will not optimize.
25-06-22 15:52:46.326 - WARNING: Params [module.irn.operations.4.NF.conv1.weight] will not optimize.
2025-06-22 15:52:46,326 - WARNING - Params [module.irn.operations.4.NF.conv1.weight] will not optimize.
25-06-22 15:52:46.326 - WARNING: Params [module.irn.operations.4.NF.conv1.bias] will not optimize.
2025-06-22 15:52:46,326 - WARNING - Params [module.irn.operations.4.NF.conv1.bias] will not optimize.
25-06-22 15:52:46.326 - WARNING: Params [module.irn.operations.4.NF.conv2.weight] will not optimize.
2025-06-22 15:52:46,326 - WARNING - Params [module.irn.operations.4.NF.conv2.weight] will not optimize.
25-06-22 15:52:46.326 - WARNING: Params [module.irn.operations.4.NF.conv2.bias] will not optimize.
2025-06-22 15:52:46,326 - WARNING - Params [module.irn.operations.4.NF.conv2.bias] will not optimize.
25-06-22 15:52:46.326 - WARNING: Params [module.irn.operations.4.NF.conv3.weight] will not optimize.
2025-06-22 15:52:46,326 - WARNING - Params [module.irn.operations.4.NF.conv3.weight] will not optimize.
25-06-22 15:52:46.327 - WARNING: Params [module.irn.operations.4.NF.conv3.bias] will not optimize.
2025-06-22 15:52:46,327 - WARNING - Params [module.irn.operations.4.NF.conv3.bias] will not optimize.
25-06-22 15:52:46.327 - WARNING: Params [module.irn.operations.4.NF.sca.1.weight] will not optimize.
2025-06-22 15:52:46,327 - WARNING - Params [module.irn.operations.4.NF.sca.1.weight] will not optimize.
25-06-22 15:52:46.327 - WARNING: Params [module.irn.operations.4.NF.sca.1.bias] will not optimize.
2025-06-22 15:52:46,327 - WARNING - Params [module.irn.operations.4.NF.sca.1.bias] will not optimize.
25-06-22 15:52:46.327 - WARNING: Params [module.irn.operations.4.NF.conv4.weight] will not optimize.
2025-06-22 15:52:46,327 - WARNING - Params [module.irn.operations.4.NF.conv4.weight] will not optimize.
25-06-22 15:52:46.327 - WARNING: Params [module.irn.operations.4.NF.conv4.bias] will not optimize.
2025-06-22 15:52:46,327 - WARNING - Params [module.irn.operations.4.NF.conv4.bias] will not optimize.
25-06-22 15:52:46.327 - WARNING: Params [module.irn.operations.4.NF.conv5.weight] will not optimize.
2025-06-22 15:52:46,327 - WARNING - Params [module.irn.operations.4.NF.conv5.weight] will not optimize.
25-06-22 15:52:46.327 - WARNING: Params [module.irn.operations.4.NF.conv5.bias] will not optimize.
2025-06-22 15:52:46,327 - WARNING - Params [module.irn.operations.4.NF.conv5.bias] will not optimize.
25-06-22 15:52:46.327 - WARNING: Params [module.irn.operations.4.NF.norm1.weight] will not optimize.
2025-06-22 15:52:46,327 - WARNING - Params [module.irn.operations.4.NF.norm1.weight] will not optimize.
25-06-22 15:52:46.327 - WARNING: Params [module.irn.operations.4.NF.norm1.bias] will not optimize.
2025-06-22 15:52:46,327 - WARNING - Params [module.irn.operations.4.NF.norm1.bias] will not optimize.
25-06-22 15:52:46.327 - WARNING: Params [module.irn.operations.4.NF.norm2.weight] will not optimize.
2025-06-22 15:52:46,327 - WARNING - Params [module.irn.operations.4.NF.norm2.weight] will not optimize.
25-06-22 15:52:46.327 - WARNING: Params [module.irn.operations.4.NF.norm2.bias] will not optimize.
2025-06-22 15:52:46,327 - WARNING - Params [module.irn.operations.4.NF.norm2.bias] will not optimize.
25-06-22 15:52:46.327 - WARNING: Params [module.irn.operations.4.G.conv1.weight] will not optimize.
2025-06-22 15:52:46,327 - WARNING - Params [module.irn.operations.4.G.conv1.weight] will not optimize.
25-06-22 15:52:46.327 - WARNING: Params [module.irn.operations.4.G.conv1.bias] will not optimize.
2025-06-22 15:52:46,327 - WARNING - Params [module.irn.operations.4.G.conv1.bias] will not optimize.
25-06-22 15:52:46.327 - WARNING: Params [module.irn.operations.4.G.conv2.weight] will not optimize.
2025-06-22 15:52:46,327 - WARNING - Params [module.irn.operations.4.G.conv2.weight] will not optimize.
25-06-22 15:52:46.327 - WARNING: Params [module.irn.operations.4.G.conv2.bias] will not optimize.
2025-06-22 15:52:46,327 - WARNING - Params [module.irn.operations.4.G.conv2.bias] will not optimize.
25-06-22 15:52:46.327 - WARNING: Params [module.irn.operations.4.G.conv3.weight] will not optimize.
2025-06-22 15:52:46,327 - WARNING - Params [module.irn.operations.4.G.conv3.weight] will not optimize.
25-06-22 15:52:46.327 - WARNING: Params [module.irn.operations.4.G.conv3.bias] will not optimize.
2025-06-22 15:52:46,327 - WARNING - Params [module.irn.operations.4.G.conv3.bias] will not optimize.
25-06-22 15:52:46.327 - WARNING: Params [module.irn.operations.4.G.conv4.weight] will not optimize.
2025-06-22 15:52:46,327 - WARNING - Params [module.irn.operations.4.G.conv4.weight] will not optimize.
25-06-22 15:52:46.328 - WARNING: Params [module.irn.operations.4.G.conv4.bias] will not optimize.
2025-06-22 15:52:46,328 - WARNING - Params [module.irn.operations.4.G.conv4.bias] will not optimize.
25-06-22 15:52:46.328 - WARNING: Params [module.irn.operations.4.G.conv5.weight] will not optimize.
2025-06-22 15:52:46,328 - WARNING - Params [module.irn.operations.4.G.conv5.weight] will not optimize.
25-06-22 15:52:46.328 - WARNING: Params [module.irn.operations.4.G.conv5.bias] will not optimize.
2025-06-22 15:52:46,328 - WARNING - Params [module.irn.operations.4.G.conv5.bias] will not optimize.
25-06-22 15:52:46.328 - WARNING: Params [module.irn.operations.4.NG.beta] will not optimize.
2025-06-22 15:52:46,328 - WARNING - Params [module.irn.operations.4.NG.beta] will not optimize.
25-06-22 15:52:46.328 - WARNING: Params [module.irn.operations.4.NG.gamma] will not optimize.
2025-06-22 15:52:46,328 - WARNING - Params [module.irn.operations.4.NG.gamma] will not optimize.
25-06-22 15:52:46.328 - WARNING: Params [module.irn.operations.4.NG.conv1.weight] will not optimize.
2025-06-22 15:52:46,328 - WARNING - Params [module.irn.operations.4.NG.conv1.weight] will not optimize.
25-06-22 15:52:46.328 - WARNING: Params [module.irn.operations.4.NG.conv1.bias] will not optimize.
2025-06-22 15:52:46,328 - WARNING - Params [module.irn.operations.4.NG.conv1.bias] will not optimize.
25-06-22 15:52:46.328 - WARNING: Params [module.irn.operations.4.NG.conv2.weight] will not optimize.
2025-06-22 15:52:46,328 - WARNING - Params [module.irn.operations.4.NG.conv2.weight] will not optimize.
25-06-22 15:52:46.328 - WARNING: Params [module.irn.operations.4.NG.conv2.bias] will not optimize.
2025-06-22 15:52:46,328 - WARNING - Params [module.irn.operations.4.NG.conv2.bias] will not optimize.
25-06-22 15:52:46.328 - WARNING: Params [module.irn.operations.4.NG.conv3.weight] will not optimize.
2025-06-22 15:52:46,328 - WARNING - Params [module.irn.operations.4.NG.conv3.weight] will not optimize.
25-06-22 15:52:46.328 - WARNING: Params [module.irn.operations.4.NG.conv3.bias] will not optimize.
2025-06-22 15:52:46,328 - WARNING - Params [module.irn.operations.4.NG.conv3.bias] will not optimize.
25-06-22 15:52:46.328 - WARNING: Params [module.irn.operations.4.NG.sca.1.weight] will not optimize.
2025-06-22 15:52:46,328 - WARNING - Params [module.irn.operations.4.NG.sca.1.weight] will not optimize.
25-06-22 15:52:46.328 - WARNING: Params [module.irn.operations.4.NG.sca.1.bias] will not optimize.
2025-06-22 15:52:46,328 - WARNING - Params [module.irn.operations.4.NG.sca.1.bias] will not optimize.
25-06-22 15:52:46.328 - WARNING: Params [module.irn.operations.4.NG.conv4.weight] will not optimize.
2025-06-22 15:52:46,328 - WARNING - Params [module.irn.operations.4.NG.conv4.weight] will not optimize.
25-06-22 15:52:46.328 - WARNING: Params [module.irn.operations.4.NG.conv4.bias] will not optimize.
2025-06-22 15:52:46,328 - WARNING - Params [module.irn.operations.4.NG.conv4.bias] will not optimize.
25-06-22 15:52:46.328 - WARNING: Params [module.irn.operations.4.NG.conv5.weight] will not optimize.
2025-06-22 15:52:46,328 - WARNING - Params [module.irn.operations.4.NG.conv5.weight] will not optimize.
25-06-22 15:52:46.328 - WARNING: Params [module.irn.operations.4.NG.conv5.bias] will not optimize.
2025-06-22 15:52:46,328 - WARNING - Params [module.irn.operations.4.NG.conv5.bias] will not optimize.
25-06-22 15:52:46.328 - WARNING: Params [module.irn.operations.4.NG.norm1.weight] will not optimize.
2025-06-22 15:52:46,328 - WARNING - Params [module.irn.operations.4.NG.norm1.weight] will not optimize.
25-06-22 15:52:46.328 - WARNING: Params [module.irn.operations.4.NG.norm1.bias] will not optimize.
2025-06-22 15:52:46,328 - WARNING - Params [module.irn.operations.4.NG.norm1.bias] will not optimize.
25-06-22 15:52:46.329 - WARNING: Params [module.irn.operations.4.NG.norm2.weight] will not optimize.
2025-06-22 15:52:46,329 - WARNING - Params [module.irn.operations.4.NG.norm2.weight] will not optimize.
25-06-22 15:52:46.329 - WARNING: Params [module.irn.operations.4.NG.norm2.bias] will not optimize.
2025-06-22 15:52:46,329 - WARNING - Params [module.irn.operations.4.NG.norm2.bias] will not optimize.
25-06-22 15:52:46.329 - WARNING: Params [module.irn.operations.4.H.conv1.weight] will not optimize.
2025-06-22 15:52:46,329 - WARNING - Params [module.irn.operations.4.H.conv1.weight] will not optimize.
25-06-22 15:52:46.329 - WARNING: Params [module.irn.operations.4.H.conv1.bias] will not optimize.
2025-06-22 15:52:46,329 - WARNING - Params [module.irn.operations.4.H.conv1.bias] will not optimize.
25-06-22 15:52:46.329 - WARNING: Params [module.irn.operations.4.H.conv2.weight] will not optimize.
2025-06-22 15:52:46,329 - WARNING - Params [module.irn.operations.4.H.conv2.weight] will not optimize.
25-06-22 15:52:46.329 - WARNING: Params [module.irn.operations.4.H.conv2.bias] will not optimize.
2025-06-22 15:52:46,329 - WARNING - Params [module.irn.operations.4.H.conv2.bias] will not optimize.
25-06-22 15:52:46.329 - WARNING: Params [module.irn.operations.4.H.conv3.weight] will not optimize.
2025-06-22 15:52:46,329 - WARNING - Params [module.irn.operations.4.H.conv3.weight] will not optimize.
25-06-22 15:52:46.329 - WARNING: Params [module.irn.operations.4.H.conv3.bias] will not optimize.
2025-06-22 15:52:46,329 - WARNING - Params [module.irn.operations.4.H.conv3.bias] will not optimize.
25-06-22 15:52:46.329 - WARNING: Params [module.irn.operations.4.H.conv4.weight] will not optimize.
2025-06-22 15:52:46,329 - WARNING - Params [module.irn.operations.4.H.conv4.weight] will not optimize.
25-06-22 15:52:46.329 - WARNING: Params [module.irn.operations.4.H.conv4.bias] will not optimize.
2025-06-22 15:52:46,329 - WARNING - Params [module.irn.operations.4.H.conv4.bias] will not optimize.
25-06-22 15:52:46.329 - WARNING: Params [module.irn.operations.4.H.conv5.weight] will not optimize.
2025-06-22 15:52:46,329 - WARNING - Params [module.irn.operations.4.H.conv5.weight] will not optimize.
25-06-22 15:52:46.329 - WARNING: Params [module.irn.operations.4.H.conv5.bias] will not optimize.
2025-06-22 15:52:46,329 - WARNING - Params [module.irn.operations.4.H.conv5.bias] will not optimize.
25-06-22 15:52:46.329 - WARNING: Params [module.irn.operations.4.NH.beta] will not optimize.
2025-06-22 15:52:46,329 - WARNING - Params [module.irn.operations.4.NH.beta] will not optimize.
25-06-22 15:52:46.329 - WARNING: Params [module.irn.operations.4.NH.gamma] will not optimize.
2025-06-22 15:52:46,329 - WARNING - Params [module.irn.operations.4.NH.gamma] will not optimize.
25-06-22 15:52:46.329 - WARNING: Params [module.irn.operations.4.NH.conv1.weight] will not optimize.
2025-06-22 15:52:46,329 - WARNING - Params [module.irn.operations.4.NH.conv1.weight] will not optimize.
25-06-22 15:52:46.329 - WARNING: Params [module.irn.operations.4.NH.conv1.bias] will not optimize.
2025-06-22 15:52:46,329 - WARNING - Params [module.irn.operations.4.NH.conv1.bias] will not optimize.
25-06-22 15:52:46.329 - WARNING: Params [module.irn.operations.4.NH.conv2.weight] will not optimize.
2025-06-22 15:52:46,329 - WARNING - Params [module.irn.operations.4.NH.conv2.weight] will not optimize.
25-06-22 15:52:46.329 - WARNING: Params [module.irn.operations.4.NH.conv2.bias] will not optimize.
2025-06-22 15:52:46,329 - WARNING - Params [module.irn.operations.4.NH.conv2.bias] will not optimize.
25-06-22 15:52:46.329 - WARNING: Params [module.irn.operations.4.NH.conv3.weight] will not optimize.
2025-06-22 15:52:46,329 - WARNING - Params [module.irn.operations.4.NH.conv3.weight] will not optimize.
25-06-22 15:52:46.330 - WARNING: Params [module.irn.operations.4.NH.conv3.bias] will not optimize.
2025-06-22 15:52:46,330 - WARNING - Params [module.irn.operations.4.NH.conv3.bias] will not optimize.
25-06-22 15:52:46.330 - WARNING: Params [module.irn.operations.4.NH.sca.1.weight] will not optimize.
2025-06-22 15:52:46,330 - WARNING - Params [module.irn.operations.4.NH.sca.1.weight] will not optimize.
25-06-22 15:52:46.330 - WARNING: Params [module.irn.operations.4.NH.sca.1.bias] will not optimize.
2025-06-22 15:52:46,330 - WARNING - Params [module.irn.operations.4.NH.sca.1.bias] will not optimize.
25-06-22 15:52:46.330 - WARNING: Params [module.irn.operations.4.NH.conv4.weight] will not optimize.
2025-06-22 15:52:46,330 - WARNING - Params [module.irn.operations.4.NH.conv4.weight] will not optimize.
25-06-22 15:52:46.330 - WARNING: Params [module.irn.operations.4.NH.conv4.bias] will not optimize.
2025-06-22 15:52:46,330 - WARNING - Params [module.irn.operations.4.NH.conv4.bias] will not optimize.
25-06-22 15:52:46.330 - WARNING: Params [module.irn.operations.4.NH.conv5.weight] will not optimize.
2025-06-22 15:52:46,330 - WARNING - Params [module.irn.operations.4.NH.conv5.weight] will not optimize.
25-06-22 15:52:46.330 - WARNING: Params [module.irn.operations.4.NH.conv5.bias] will not optimize.
2025-06-22 15:52:46,330 - WARNING - Params [module.irn.operations.4.NH.conv5.bias] will not optimize.
25-06-22 15:52:46.330 - WARNING: Params [module.irn.operations.4.NH.norm1.weight] will not optimize.
2025-06-22 15:52:46,330 - WARNING - Params [module.irn.operations.4.NH.norm1.weight] will not optimize.
25-06-22 15:52:46.330 - WARNING: Params [module.irn.operations.4.NH.norm1.bias] will not optimize.
2025-06-22 15:52:46,330 - WARNING - Params [module.irn.operations.4.NH.norm1.bias] will not optimize.
25-06-22 15:52:46.330 - WARNING: Params [module.irn.operations.4.NH.norm2.weight] will not optimize.
2025-06-22 15:52:46,330 - WARNING - Params [module.irn.operations.4.NH.norm2.weight] will not optimize.
25-06-22 15:52:46.330 - WARNING: Params [module.irn.operations.4.NH.norm2.bias] will not optimize.
2025-06-22 15:52:46,330 - WARNING - Params [module.irn.operations.4.NH.norm2.bias] will not optimize.
25-06-22 15:52:46.330 - WARNING: Params [module.irn.operations.5.F.conv1.weight] will not optimize.
2025-06-22 15:52:46,330 - WARNING - Params [module.irn.operations.5.F.conv1.weight] will not optimize.
25-06-22 15:52:46.330 - WARNING: Params [module.irn.operations.5.F.conv1.bias] will not optimize.
2025-06-22 15:52:46,330 - WARNING - Params [module.irn.operations.5.F.conv1.bias] will not optimize.
25-06-22 15:52:46.330 - WARNING: Params [module.irn.operations.5.F.conv2.weight] will not optimize.
2025-06-22 15:52:46,330 - WARNING - Params [module.irn.operations.5.F.conv2.weight] will not optimize.
25-06-22 15:52:46.330 - WARNING: Params [module.irn.operations.5.F.conv2.bias] will not optimize.
2025-06-22 15:52:46,330 - WARNING - Params [module.irn.operations.5.F.conv2.bias] will not optimize.
25-06-22 15:52:46.330 - WARNING: Params [module.irn.operations.5.F.conv3.weight] will not optimize.
2025-06-22 15:52:46,330 - WARNING - Params [module.irn.operations.5.F.conv3.weight] will not optimize.
25-06-22 15:52:46.330 - WARNING: Params [module.irn.operations.5.F.conv3.bias] will not optimize.
2025-06-22 15:52:46,330 - WARNING - Params [module.irn.operations.5.F.conv3.bias] will not optimize.
25-06-22 15:52:46.330 - WARNING: Params [module.irn.operations.5.F.conv4.weight] will not optimize.
2025-06-22 15:52:46,330 - WARNING - Params [module.irn.operations.5.F.conv4.weight] will not optimize.
25-06-22 15:52:46.330 - WARNING: Params [module.irn.operations.5.F.conv4.bias] will not optimize.
2025-06-22 15:52:46,330 - WARNING - Params [module.irn.operations.5.F.conv4.bias] will not optimize.
25-06-22 15:52:46.331 - WARNING: Params [module.irn.operations.5.F.conv5.weight] will not optimize.
2025-06-22 15:52:46,331 - WARNING - Params [module.irn.operations.5.F.conv5.weight] will not optimize.
25-06-22 15:52:46.331 - WARNING: Params [module.irn.operations.5.F.conv5.bias] will not optimize.
2025-06-22 15:52:46,331 - WARNING - Params [module.irn.operations.5.F.conv5.bias] will not optimize.
25-06-22 15:52:46.331 - WARNING: Params [module.irn.operations.5.NF.beta] will not optimize.
2025-06-22 15:52:46,331 - WARNING - Params [module.irn.operations.5.NF.beta] will not optimize.
25-06-22 15:52:46.331 - WARNING: Params [module.irn.operations.5.NF.gamma] will not optimize.
2025-06-22 15:52:46,331 - WARNING - Params [module.irn.operations.5.NF.gamma] will not optimize.
25-06-22 15:52:46.331 - WARNING: Params [module.irn.operations.5.NF.conv1.weight] will not optimize.
2025-06-22 15:52:46,331 - WARNING - Params [module.irn.operations.5.NF.conv1.weight] will not optimize.
25-06-22 15:52:46.331 - WARNING: Params [module.irn.operations.5.NF.conv1.bias] will not optimize.
2025-06-22 15:52:46,331 - WARNING - Params [module.irn.operations.5.NF.conv1.bias] will not optimize.
25-06-22 15:52:46.331 - WARNING: Params [module.irn.operations.5.NF.conv2.weight] will not optimize.
2025-06-22 15:52:46,331 - WARNING - Params [module.irn.operations.5.NF.conv2.weight] will not optimize.
25-06-22 15:52:46.331 - WARNING: Params [module.irn.operations.5.NF.conv2.bias] will not optimize.
2025-06-22 15:52:46,331 - WARNING - Params [module.irn.operations.5.NF.conv2.bias] will not optimize.
25-06-22 15:52:46.331 - WARNING: Params [module.irn.operations.5.NF.conv3.weight] will not optimize.
2025-06-22 15:52:46,331 - WARNING - Params [module.irn.operations.5.NF.conv3.weight] will not optimize.
25-06-22 15:52:46.331 - WARNING: Params [module.irn.operations.5.NF.conv3.bias] will not optimize.
2025-06-22 15:52:46,331 - WARNING - Params [module.irn.operations.5.NF.conv3.bias] will not optimize.
25-06-22 15:52:46.331 - WARNING: Params [module.irn.operations.5.NF.sca.1.weight] will not optimize.
2025-06-22 15:52:46,331 - WARNING - Params [module.irn.operations.5.NF.sca.1.weight] will not optimize.
25-06-22 15:52:46.331 - WARNING: Params [module.irn.operations.5.NF.sca.1.bias] will not optimize.
2025-06-22 15:52:46,331 - WARNING - Params [module.irn.operations.5.NF.sca.1.bias] will not optimize.
25-06-22 15:52:46.331 - WARNING: Params [module.irn.operations.5.NF.conv4.weight] will not optimize.
2025-06-22 15:52:46,331 - WARNING - Params [module.irn.operations.5.NF.conv4.weight] will not optimize.
25-06-22 15:52:46.331 - WARNING: Params [module.irn.operations.5.NF.conv4.bias] will not optimize.
2025-06-22 15:52:46,331 - WARNING - Params [module.irn.operations.5.NF.conv4.bias] will not optimize.
25-06-22 15:52:46.331 - WARNING: Params [module.irn.operations.5.NF.conv5.weight] will not optimize.
2025-06-22 15:52:46,331 - WARNING - Params [module.irn.operations.5.NF.conv5.weight] will not optimize.
25-06-22 15:52:46.331 - WARNING: Params [module.irn.operations.5.NF.conv5.bias] will not optimize.
2025-06-22 15:52:46,331 - WARNING - Params [module.irn.operations.5.NF.conv5.bias] will not optimize.
25-06-22 15:52:46.331 - WARNING: Params [module.irn.operations.5.NF.norm1.weight] will not optimize.
2025-06-22 15:52:46,331 - WARNING - Params [module.irn.operations.5.NF.norm1.weight] will not optimize.
25-06-22 15:52:46.331 - WARNING: Params [module.irn.operations.5.NF.norm1.bias] will not optimize.
2025-06-22 15:52:46,331 - WARNING - Params [module.irn.operations.5.NF.norm1.bias] will not optimize.
25-06-22 15:52:46.331 - WARNING: Params [module.irn.operations.5.NF.norm2.weight] will not optimize.
2025-06-22 15:52:46,331 - WARNING - Params [module.irn.operations.5.NF.norm2.weight] will not optimize.
25-06-22 15:52:46.332 - WARNING: Params [module.irn.operations.5.NF.norm2.bias] will not optimize.
2025-06-22 15:52:46,332 - WARNING - Params [module.irn.operations.5.NF.norm2.bias] will not optimize.
25-06-22 15:52:46.332 - WARNING: Params [module.irn.operations.5.G.conv1.weight] will not optimize.
2025-06-22 15:52:46,332 - WARNING - Params [module.irn.operations.5.G.conv1.weight] will not optimize.
25-06-22 15:52:46.332 - WARNING: Params [module.irn.operations.5.G.conv1.bias] will not optimize.
2025-06-22 15:52:46,332 - WARNING - Params [module.irn.operations.5.G.conv1.bias] will not optimize.
25-06-22 15:52:46.332 - WARNING: Params [module.irn.operations.5.G.conv2.weight] will not optimize.
2025-06-22 15:52:46,332 - WARNING - Params [module.irn.operations.5.G.conv2.weight] will not optimize.
25-06-22 15:52:46.332 - WARNING: Params [module.irn.operations.5.G.conv2.bias] will not optimize.
2025-06-22 15:52:46,332 - WARNING - Params [module.irn.operations.5.G.conv2.bias] will not optimize.
25-06-22 15:52:46.332 - WARNING: Params [module.irn.operations.5.G.conv3.weight] will not optimize.
2025-06-22 15:52:46,332 - WARNING - Params [module.irn.operations.5.G.conv3.weight] will not optimize.
25-06-22 15:52:46.332 - WARNING: Params [module.irn.operations.5.G.conv3.bias] will not optimize.
2025-06-22 15:52:46,332 - WARNING - Params [module.irn.operations.5.G.conv3.bias] will not optimize.
25-06-22 15:52:46.332 - WARNING: Params [module.irn.operations.5.G.conv4.weight] will not optimize.
2025-06-22 15:52:46,332 - WARNING - Params [module.irn.operations.5.G.conv4.weight] will not optimize.
25-06-22 15:52:46.332 - WARNING: Params [module.irn.operations.5.G.conv4.bias] will not optimize.
2025-06-22 15:52:46,332 - WARNING - Params [module.irn.operations.5.G.conv4.bias] will not optimize.
25-06-22 15:52:46.332 - WARNING: Params [module.irn.operations.5.G.conv5.weight] will not optimize.
2025-06-22 15:52:46,332 - WARNING - Params [module.irn.operations.5.G.conv5.weight] will not optimize.
25-06-22 15:52:46.332 - WARNING: Params [module.irn.operations.5.G.conv5.bias] will not optimize.
2025-06-22 15:52:46,332 - WARNING - Params [module.irn.operations.5.G.conv5.bias] will not optimize.
25-06-22 15:52:46.332 - WARNING: Params [module.irn.operations.5.NG.beta] will not optimize.
2025-06-22 15:52:46,332 - WARNING - Params [module.irn.operations.5.NG.beta] will not optimize.
25-06-22 15:52:46.332 - WARNING: Params [module.irn.operations.5.NG.gamma] will not optimize.
2025-06-22 15:52:46,332 - WARNING - Params [module.irn.operations.5.NG.gamma] will not optimize.
25-06-22 15:52:46.332 - WARNING: Params [module.irn.operations.5.NG.conv1.weight] will not optimize.
2025-06-22 15:52:46,332 - WARNING - Params [module.irn.operations.5.NG.conv1.weight] will not optimize.
25-06-22 15:52:46.332 - WARNING: Params [module.irn.operations.5.NG.conv1.bias] will not optimize.
2025-06-22 15:52:46,332 - WARNING - Params [module.irn.operations.5.NG.conv1.bias] will not optimize.
25-06-22 15:52:46.332 - WARNING: Params [module.irn.operations.5.NG.conv2.weight] will not optimize.
2025-06-22 15:52:46,332 - WARNING - Params [module.irn.operations.5.NG.conv2.weight] will not optimize.
25-06-22 15:52:46.332 - WARNING: Params [module.irn.operations.5.NG.conv2.bias] will not optimize.
2025-06-22 15:52:46,332 - WARNING - Params [module.irn.operations.5.NG.conv2.bias] will not optimize.
25-06-22 15:52:46.332 - WARNING: Params [module.irn.operations.5.NG.conv3.weight] will not optimize.
2025-06-22 15:52:46,332 - WARNING - Params [module.irn.operations.5.NG.conv3.weight] will not optimize.
25-06-22 15:52:46.332 - WARNING: Params [module.irn.operations.5.NG.conv3.bias] will not optimize.
2025-06-22 15:52:46,332 - WARNING - Params [module.irn.operations.5.NG.conv3.bias] will not optimize.
25-06-22 15:52:46.333 - WARNING: Params [module.irn.operations.5.NG.sca.1.weight] will not optimize.
2025-06-22 15:52:46,333 - WARNING - Params [module.irn.operations.5.NG.sca.1.weight] will not optimize.
25-06-22 15:52:46.333 - WARNING: Params [module.irn.operations.5.NG.sca.1.bias] will not optimize.
2025-06-22 15:52:46,333 - WARNING - Params [module.irn.operations.5.NG.sca.1.bias] will not optimize.
25-06-22 15:52:46.333 - WARNING: Params [module.irn.operations.5.NG.conv4.weight] will not optimize.
2025-06-22 15:52:46,333 - WARNING - Params [module.irn.operations.5.NG.conv4.weight] will not optimize.
25-06-22 15:52:46.333 - WARNING: Params [module.irn.operations.5.NG.conv4.bias] will not optimize.
2025-06-22 15:52:46,333 - WARNING - Params [module.irn.operations.5.NG.conv4.bias] will not optimize.
25-06-22 15:52:46.333 - WARNING: Params [module.irn.operations.5.NG.conv5.weight] will not optimize.
2025-06-22 15:52:46,333 - WARNING - Params [module.irn.operations.5.NG.conv5.weight] will not optimize.
25-06-22 15:52:46.333 - WARNING: Params [module.irn.operations.5.NG.conv5.bias] will not optimize.
2025-06-22 15:52:46,333 - WARNING - Params [module.irn.operations.5.NG.conv5.bias] will not optimize.
25-06-22 15:52:46.333 - WARNING: Params [module.irn.operations.5.NG.norm1.weight] will not optimize.
2025-06-22 15:52:46,333 - WARNING - Params [module.irn.operations.5.NG.norm1.weight] will not optimize.
25-06-22 15:52:46.333 - WARNING: Params [module.irn.operations.5.NG.norm1.bias] will not optimize.
2025-06-22 15:52:46,333 - WARNING - Params [module.irn.operations.5.NG.norm1.bias] will not optimize.
25-06-22 15:52:46.333 - WARNING: Params [module.irn.operations.5.NG.norm2.weight] will not optimize.
2025-06-22 15:52:46,333 - WARNING - Params [module.irn.operations.5.NG.norm2.weight] will not optimize.
25-06-22 15:52:46.333 - WARNING: Params [module.irn.operations.5.NG.norm2.bias] will not optimize.
2025-06-22 15:52:46,333 - WARNING - Params [module.irn.operations.5.NG.norm2.bias] will not optimize.
25-06-22 15:52:46.333 - WARNING: Params [module.irn.operations.5.H.conv1.weight] will not optimize.
2025-06-22 15:52:46,333 - WARNING - Params [module.irn.operations.5.H.conv1.weight] will not optimize.
25-06-22 15:52:46.333 - WARNING: Params [module.irn.operations.5.H.conv1.bias] will not optimize.
2025-06-22 15:52:46,333 - WARNING - Params [module.irn.operations.5.H.conv1.bias] will not optimize.
25-06-22 15:52:46.333 - WARNING: Params [module.irn.operations.5.H.conv2.weight] will not optimize.
2025-06-22 15:52:46,333 - WARNING - Params [module.irn.operations.5.H.conv2.weight] will not optimize.
25-06-22 15:52:46.333 - WARNING: Params [module.irn.operations.5.H.conv2.bias] will not optimize.
2025-06-22 15:52:46,333 - WARNING - Params [module.irn.operations.5.H.conv2.bias] will not optimize.
25-06-22 15:52:46.333 - WARNING: Params [module.irn.operations.5.H.conv3.weight] will not optimize.
2025-06-22 15:52:46,333 - WARNING - Params [module.irn.operations.5.H.conv3.weight] will not optimize.
25-06-22 15:52:46.333 - WARNING: Params [module.irn.operations.5.H.conv3.bias] will not optimize.
2025-06-22 15:52:46,333 - WARNING - Params [module.irn.operations.5.H.conv3.bias] will not optimize.
25-06-22 15:52:46.333 - WARNING: Params [module.irn.operations.5.H.conv4.weight] will not optimize.
2025-06-22 15:52:46,333 - WARNING - Params [module.irn.operations.5.H.conv4.weight] will not optimize.
25-06-22 15:52:46.333 - WARNING: Params [module.irn.operations.5.H.conv4.bias] will not optimize.
2025-06-22 15:52:46,333 - WARNING - Params [module.irn.operations.5.H.conv4.bias] will not optimize.
25-06-22 15:52:46.333 - WARNING: Params [module.irn.operations.5.H.conv5.weight] will not optimize.
2025-06-22 15:52:46,333 - WARNING - Params [module.irn.operations.5.H.conv5.weight] will not optimize.
25-06-22 15:52:46.334 - WARNING: Params [module.irn.operations.5.H.conv5.bias] will not optimize.
2025-06-22 15:52:46,334 - WARNING - Params [module.irn.operations.5.H.conv5.bias] will not optimize.
25-06-22 15:52:46.334 - WARNING: Params [module.irn.operations.5.NH.beta] will not optimize.
2025-06-22 15:52:46,334 - WARNING - Params [module.irn.operations.5.NH.beta] will not optimize.
25-06-22 15:52:46.334 - WARNING: Params [module.irn.operations.5.NH.gamma] will not optimize.
2025-06-22 15:52:46,334 - WARNING - Params [module.irn.operations.5.NH.gamma] will not optimize.
25-06-22 15:52:46.334 - WARNING: Params [module.irn.operations.5.NH.conv1.weight] will not optimize.
2025-06-22 15:52:46,334 - WARNING - Params [module.irn.operations.5.NH.conv1.weight] will not optimize.
25-06-22 15:52:46.334 - WARNING: Params [module.irn.operations.5.NH.conv1.bias] will not optimize.
2025-06-22 15:52:46,334 - WARNING - Params [module.irn.operations.5.NH.conv1.bias] will not optimize.
25-06-22 15:52:46.334 - WARNING: Params [module.irn.operations.5.NH.conv2.weight] will not optimize.
2025-06-22 15:52:46,334 - WARNING - Params [module.irn.operations.5.NH.conv2.weight] will not optimize.
25-06-22 15:52:46.334 - WARNING: Params [module.irn.operations.5.NH.conv2.bias] will not optimize.
2025-06-22 15:52:46,334 - WARNING - Params [module.irn.operations.5.NH.conv2.bias] will not optimize.
25-06-22 15:52:46.334 - WARNING: Params [module.irn.operations.5.NH.conv3.weight] will not optimize.
2025-06-22 15:52:46,334 - WARNING - Params [module.irn.operations.5.NH.conv3.weight] will not optimize.
25-06-22 15:52:46.334 - WARNING: Params [module.irn.operations.5.NH.conv3.bias] will not optimize.
2025-06-22 15:52:46,334 - WARNING - Params [module.irn.operations.5.NH.conv3.bias] will not optimize.
25-06-22 15:52:46.334 - WARNING: Params [module.irn.operations.5.NH.sca.1.weight] will not optimize.
2025-06-22 15:52:46,334 - WARNING - Params [module.irn.operations.5.NH.sca.1.weight] will not optimize.
25-06-22 15:52:46.334 - WARNING: Params [module.irn.operations.5.NH.sca.1.bias] will not optimize.
2025-06-22 15:52:46,334 - WARNING - Params [module.irn.operations.5.NH.sca.1.bias] will not optimize.
25-06-22 15:52:46.334 - WARNING: Params [module.irn.operations.5.NH.conv4.weight] will not optimize.
2025-06-22 15:52:46,334 - WARNING - Params [module.irn.operations.5.NH.conv4.weight] will not optimize.
25-06-22 15:52:46.334 - WARNING: Params [module.irn.operations.5.NH.conv4.bias] will not optimize.
2025-06-22 15:52:46,334 - WARNING - Params [module.irn.operations.5.NH.conv4.bias] will not optimize.
25-06-22 15:52:46.334 - WARNING: Params [module.irn.operations.5.NH.conv5.weight] will not optimize.
2025-06-22 15:52:46,334 - WARNING - Params [module.irn.operations.5.NH.conv5.weight] will not optimize.
25-06-22 15:52:46.334 - WARNING: Params [module.irn.operations.5.NH.conv5.bias] will not optimize.
2025-06-22 15:52:46,334 - WARNING - Params [module.irn.operations.5.NH.conv5.bias] will not optimize.
25-06-22 15:52:46.334 - WARNING: Params [module.irn.operations.5.NH.norm1.weight] will not optimize.
2025-06-22 15:52:46,334 - WARNING - Params [module.irn.operations.5.NH.norm1.weight] will not optimize.
25-06-22 15:52:46.334 - WARNING: Params [module.irn.operations.5.NH.norm1.bias] will not optimize.
2025-06-22 15:52:46,334 - WARNING - Params [module.irn.operations.5.NH.norm1.bias] will not optimize.
25-06-22 15:52:46.334 - WARNING: Params [module.irn.operations.5.NH.norm2.weight] will not optimize.
2025-06-22 15:52:46,334 - WARNING - Params [module.irn.operations.5.NH.norm2.weight] will not optimize.
25-06-22 15:52:46.334 - WARNING: Params [module.irn.operations.5.NH.norm2.bias] will not optimize.
2025-06-22 15:52:46,334 - WARNING - Params [module.irn.operations.5.NH.norm2.bias] will not optimize.
25-06-22 15:52:46.335 - WARNING: Params [module.irn.operations.6.F.conv1.weight] will not optimize.
2025-06-22 15:52:46,335 - WARNING - Params [module.irn.operations.6.F.conv1.weight] will not optimize.
25-06-22 15:52:46.335 - WARNING: Params [module.irn.operations.6.F.conv1.bias] will not optimize.
2025-06-22 15:52:46,335 - WARNING - Params [module.irn.operations.6.F.conv1.bias] will not optimize.
25-06-22 15:52:46.335 - WARNING: Params [module.irn.operations.6.F.conv2.weight] will not optimize.
2025-06-22 15:52:46,335 - WARNING - Params [module.irn.operations.6.F.conv2.weight] will not optimize.
25-06-22 15:52:46.335 - WARNING: Params [module.irn.operations.6.F.conv2.bias] will not optimize.
2025-06-22 15:52:46,335 - WARNING - Params [module.irn.operations.6.F.conv2.bias] will not optimize.
25-06-22 15:52:46.335 - WARNING: Params [module.irn.operations.6.F.conv3.weight] will not optimize.
2025-06-22 15:52:46,335 - WARNING - Params [module.irn.operations.6.F.conv3.weight] will not optimize.
25-06-22 15:52:46.335 - WARNING: Params [module.irn.operations.6.F.conv3.bias] will not optimize.
2025-06-22 15:52:46,335 - WARNING - Params [module.irn.operations.6.F.conv3.bias] will not optimize.
25-06-22 15:52:46.335 - WARNING: Params [module.irn.operations.6.F.conv4.weight] will not optimize.
2025-06-22 15:52:46,335 - WARNING - Params [module.irn.operations.6.F.conv4.weight] will not optimize.
25-06-22 15:52:46.335 - WARNING: Params [module.irn.operations.6.F.conv4.bias] will not optimize.
2025-06-22 15:52:46,335 - WARNING - Params [module.irn.operations.6.F.conv4.bias] will not optimize.
25-06-22 15:52:46.335 - WARNING: Params [module.irn.operations.6.F.conv5.weight] will not optimize.
2025-06-22 15:52:46,335 - WARNING - Params [module.irn.operations.6.F.conv5.weight] will not optimize.
25-06-22 15:52:46.335 - WARNING: Params [module.irn.operations.6.F.conv5.bias] will not optimize.
2025-06-22 15:52:46,335 - WARNING - Params [module.irn.operations.6.F.conv5.bias] will not optimize.
25-06-22 15:52:46.335 - WARNING: Params [module.irn.operations.6.NF.beta] will not optimize.
2025-06-22 15:52:46,335 - WARNING - Params [module.irn.operations.6.NF.beta] will not optimize.
25-06-22 15:52:46.335 - WARNING: Params [module.irn.operations.6.NF.gamma] will not optimize.
2025-06-22 15:52:46,335 - WARNING - Params [module.irn.operations.6.NF.gamma] will not optimize.
25-06-22 15:52:46.335 - WARNING: Params [module.irn.operations.6.NF.conv1.weight] will not optimize.
2025-06-22 15:52:46,335 - WARNING - Params [module.irn.operations.6.NF.conv1.weight] will not optimize.
25-06-22 15:52:46.335 - WARNING: Params [module.irn.operations.6.NF.conv1.bias] will not optimize.
2025-06-22 15:52:46,335 - WARNING - Params [module.irn.operations.6.NF.conv1.bias] will not optimize.
25-06-22 15:52:46.335 - WARNING: Params [module.irn.operations.6.NF.conv2.weight] will not optimize.
2025-06-22 15:52:46,335 - WARNING - Params [module.irn.operations.6.NF.conv2.weight] will not optimize.
25-06-22 15:52:46.335 - WARNING: Params [module.irn.operations.6.NF.conv2.bias] will not optimize.
2025-06-22 15:52:46,335 - WARNING - Params [module.irn.operations.6.NF.conv2.bias] will not optimize.
25-06-22 15:52:46.335 - WARNING: Params [module.irn.operations.6.NF.conv3.weight] will not optimize.
2025-06-22 15:52:46,335 - WARNING - Params [module.irn.operations.6.NF.conv3.weight] will not optimize.
25-06-22 15:52:46.335 - WARNING: Params [module.irn.operations.6.NF.conv3.bias] will not optimize.
2025-06-22 15:52:46,335 - WARNING - Params [module.irn.operations.6.NF.conv3.bias] will not optimize.
25-06-22 15:52:46.336 - WARNING: Params [module.irn.operations.6.NF.sca.1.weight] will not optimize.
2025-06-22 15:52:46,336 - WARNING - Params [module.irn.operations.6.NF.sca.1.weight] will not optimize.
25-06-22 15:52:46.336 - WARNING: Params [module.irn.operations.6.NF.sca.1.bias] will not optimize.
2025-06-22 15:52:46,336 - WARNING - Params [module.irn.operations.6.NF.sca.1.bias] will not optimize.
25-06-22 15:52:46.336 - WARNING: Params [module.irn.operations.6.NF.conv4.weight] will not optimize.
2025-06-22 15:52:46,336 - WARNING - Params [module.irn.operations.6.NF.conv4.weight] will not optimize.
25-06-22 15:52:46.336 - WARNING: Params [module.irn.operations.6.NF.conv4.bias] will not optimize.
2025-06-22 15:52:46,336 - WARNING - Params [module.irn.operations.6.NF.conv4.bias] will not optimize.
25-06-22 15:52:46.336 - WARNING: Params [module.irn.operations.6.NF.conv5.weight] will not optimize.
2025-06-22 15:52:46,336 - WARNING - Params [module.irn.operations.6.NF.conv5.weight] will not optimize.
25-06-22 15:52:46.336 - WARNING: Params [module.irn.operations.6.NF.conv5.bias] will not optimize.
2025-06-22 15:52:46,336 - WARNING - Params [module.irn.operations.6.NF.conv5.bias] will not optimize.
25-06-22 15:52:46.336 - WARNING: Params [module.irn.operations.6.NF.norm1.weight] will not optimize.
2025-06-22 15:52:46,336 - WARNING - Params [module.irn.operations.6.NF.norm1.weight] will not optimize.
25-06-22 15:52:46.336 - WARNING: Params [module.irn.operations.6.NF.norm1.bias] will not optimize.
2025-06-22 15:52:46,336 - WARNING - Params [module.irn.operations.6.NF.norm1.bias] will not optimize.
25-06-22 15:52:46.336 - WARNING: Params [module.irn.operations.6.NF.norm2.weight] will not optimize.
2025-06-22 15:52:46,336 - WARNING - Params [module.irn.operations.6.NF.norm2.weight] will not optimize.
25-06-22 15:52:46.336 - WARNING: Params [module.irn.operations.6.NF.norm2.bias] will not optimize.
2025-06-22 15:52:46,336 - WARNING - Params [module.irn.operations.6.NF.norm2.bias] will not optimize.
25-06-22 15:52:46.336 - WARNING: Params [module.irn.operations.6.G.conv1.weight] will not optimize.
2025-06-22 15:52:46,336 - WARNING - Params [module.irn.operations.6.G.conv1.weight] will not optimize.
25-06-22 15:52:46.336 - WARNING: Params [module.irn.operations.6.G.conv1.bias] will not optimize.
2025-06-22 15:52:46,336 - WARNING - Params [module.irn.operations.6.G.conv1.bias] will not optimize.
25-06-22 15:52:46.336 - WARNING: Params [module.irn.operations.6.G.conv2.weight] will not optimize.
2025-06-22 15:52:46,336 - WARNING - Params [module.irn.operations.6.G.conv2.weight] will not optimize.
25-06-22 15:52:46.336 - WARNING: Params [module.irn.operations.6.G.conv2.bias] will not optimize.
2025-06-22 15:52:46,336 - WARNING - Params [module.irn.operations.6.G.conv2.bias] will not optimize.
25-06-22 15:52:46.336 - WARNING: Params [module.irn.operations.6.G.conv3.weight] will not optimize.
2025-06-22 15:52:46,336 - WARNING - Params [module.irn.operations.6.G.conv3.weight] will not optimize.
25-06-22 15:52:46.336 - WARNING: Params [module.irn.operations.6.G.conv3.bias] will not optimize.
2025-06-22 15:52:46,336 - WARNING - Params [module.irn.operations.6.G.conv3.bias] will not optimize.
25-06-22 15:52:46.336 - WARNING: Params [module.irn.operations.6.G.conv4.weight] will not optimize.
2025-06-22 15:52:46,336 - WARNING - Params [module.irn.operations.6.G.conv4.weight] will not optimize.
25-06-22 15:52:46.336 - WARNING: Params [module.irn.operations.6.G.conv4.bias] will not optimize.
2025-06-22 15:52:46,336 - WARNING - Params [module.irn.operations.6.G.conv4.bias] will not optimize.
25-06-22 15:52:46.336 - WARNING: Params [module.irn.operations.6.G.conv5.weight] will not optimize.
2025-06-22 15:52:46,336 - WARNING - Params [module.irn.operations.6.G.conv5.weight] will not optimize.
25-06-22 15:52:46.337 - WARNING: Params [module.irn.operations.6.G.conv5.bias] will not optimize.
2025-06-22 15:52:46,337 - WARNING - Params [module.irn.operations.6.G.conv5.bias] will not optimize.
25-06-22 15:52:46.337 - WARNING: Params [module.irn.operations.6.NG.beta] will not optimize.
2025-06-22 15:52:46,337 - WARNING - Params [module.irn.operations.6.NG.beta] will not optimize.
25-06-22 15:52:46.337 - WARNING: Params [module.irn.operations.6.NG.gamma] will not optimize.
2025-06-22 15:52:46,337 - WARNING - Params [module.irn.operations.6.NG.gamma] will not optimize.
25-06-22 15:52:46.337 - WARNING: Params [module.irn.operations.6.NG.conv1.weight] will not optimize.
2025-06-22 15:52:46,337 - WARNING - Params [module.irn.operations.6.NG.conv1.weight] will not optimize.
25-06-22 15:52:46.337 - WARNING: Params [module.irn.operations.6.NG.conv1.bias] will not optimize.
2025-06-22 15:52:46,337 - WARNING - Params [module.irn.operations.6.NG.conv1.bias] will not optimize.
25-06-22 15:52:46.337 - WARNING: Params [module.irn.operations.6.NG.conv2.weight] will not optimize.
2025-06-22 15:52:46,337 - WARNING - Params [module.irn.operations.6.NG.conv2.weight] will not optimize.
25-06-22 15:52:46.337 - WARNING: Params [module.irn.operations.6.NG.conv2.bias] will not optimize.
2025-06-22 15:52:46,337 - WARNING - Params [module.irn.operations.6.NG.conv2.bias] will not optimize.
25-06-22 15:52:46.337 - WARNING: Params [module.irn.operations.6.NG.conv3.weight] will not optimize.
2025-06-22 15:52:46,337 - WARNING - Params [module.irn.operations.6.NG.conv3.weight] will not optimize.
25-06-22 15:52:46.337 - WARNING: Params [module.irn.operations.6.NG.conv3.bias] will not optimize.
2025-06-22 15:52:46,337 - WARNING - Params [module.irn.operations.6.NG.conv3.bias] will not optimize.
25-06-22 15:52:46.337 - WARNING: Params [module.irn.operations.6.NG.sca.1.weight] will not optimize.
2025-06-22 15:52:46,337 - WARNING - Params [module.irn.operations.6.NG.sca.1.weight] will not optimize.
25-06-22 15:52:46.337 - WARNING: Params [module.irn.operations.6.NG.sca.1.bias] will not optimize.
2025-06-22 15:52:46,337 - WARNING - Params [module.irn.operations.6.NG.sca.1.bias] will not optimize.
25-06-22 15:52:46.337 - WARNING: Params [module.irn.operations.6.NG.conv4.weight] will not optimize.
2025-06-22 15:52:46,337 - WARNING - Params [module.irn.operations.6.NG.conv4.weight] will not optimize.
25-06-22 15:52:46.337 - WARNING: Params [module.irn.operations.6.NG.conv4.bias] will not optimize.
2025-06-22 15:52:46,337 - WARNING - Params [module.irn.operations.6.NG.conv4.bias] will not optimize.
25-06-22 15:52:46.337 - WARNING: Params [module.irn.operations.6.NG.conv5.weight] will not optimize.
2025-06-22 15:52:46,337 - WARNING - Params [module.irn.operations.6.NG.conv5.weight] will not optimize.
25-06-22 15:52:46.337 - WARNING: Params [module.irn.operations.6.NG.conv5.bias] will not optimize.
2025-06-22 15:52:46,337 - WARNING - Params [module.irn.operations.6.NG.conv5.bias] will not optimize.
25-06-22 15:52:46.337 - WARNING: Params [module.irn.operations.6.NG.norm1.weight] will not optimize.
2025-06-22 15:52:46,337 - WARNING - Params [module.irn.operations.6.NG.norm1.weight] will not optimize.
25-06-22 15:52:46.337 - WARNING: Params [module.irn.operations.6.NG.norm1.bias] will not optimize.
2025-06-22 15:52:46,337 - WARNING - Params [module.irn.operations.6.NG.norm1.bias] will not optimize.
25-06-22 15:52:46.337 - WARNING: Params [module.irn.operations.6.NG.norm2.weight] will not optimize.
2025-06-22 15:52:46,337 - WARNING - Params [module.irn.operations.6.NG.norm2.weight] will not optimize.
25-06-22 15:52:46.337 - WARNING: Params [module.irn.operations.6.NG.norm2.bias] will not optimize.
2025-06-22 15:52:46,337 - WARNING - Params [module.irn.operations.6.NG.norm2.bias] will not optimize.
25-06-22 15:52:46.338 - WARNING: Params [module.irn.operations.6.H.conv1.weight] will not optimize.
2025-06-22 15:52:46,338 - WARNING - Params [module.irn.operations.6.H.conv1.weight] will not optimize.
25-06-22 15:52:46.338 - WARNING: Params [module.irn.operations.6.H.conv1.bias] will not optimize.
2025-06-22 15:52:46,338 - WARNING - Params [module.irn.operations.6.H.conv1.bias] will not optimize.
25-06-22 15:52:46.338 - WARNING: Params [module.irn.operations.6.H.conv2.weight] will not optimize.
2025-06-22 15:52:46,338 - WARNING - Params [module.irn.operations.6.H.conv2.weight] will not optimize.
25-06-22 15:52:46.338 - WARNING: Params [module.irn.operations.6.H.conv2.bias] will not optimize.
2025-06-22 15:52:46,338 - WARNING - Params [module.irn.operations.6.H.conv2.bias] will not optimize.
25-06-22 15:52:46.338 - WARNING: Params [module.irn.operations.6.H.conv3.weight] will not optimize.
2025-06-22 15:52:46,338 - WARNING - Params [module.irn.operations.6.H.conv3.weight] will not optimize.
25-06-22 15:52:46.338 - WARNING: Params [module.irn.operations.6.H.conv3.bias] will not optimize.
2025-06-22 15:52:46,338 - WARNING - Params [module.irn.operations.6.H.conv3.bias] will not optimize.
25-06-22 15:52:46.338 - WARNING: Params [module.irn.operations.6.H.conv4.weight] will not optimize.
2025-06-22 15:52:46,338 - WARNING - Params [module.irn.operations.6.H.conv4.weight] will not optimize.
25-06-22 15:52:46.338 - WARNING: Params [module.irn.operations.6.H.conv4.bias] will not optimize.
2025-06-22 15:52:46,338 - WARNING - Params [module.irn.operations.6.H.conv4.bias] will not optimize.
25-06-22 15:52:46.338 - WARNING: Params [module.irn.operations.6.H.conv5.weight] will not optimize.
2025-06-22 15:52:46,338 - WARNING - Params [module.irn.operations.6.H.conv5.weight] will not optimize.
25-06-22 15:52:46.338 - WARNING: Params [module.irn.operations.6.H.conv5.bias] will not optimize.
2025-06-22 15:52:46,338 - WARNING - Params [module.irn.operations.6.H.conv5.bias] will not optimize.
25-06-22 15:52:46.338 - WARNING: Params [module.irn.operations.6.NH.beta] will not optimize.
2025-06-22 15:52:46,338 - WARNING - Params [module.irn.operations.6.NH.beta] will not optimize.
25-06-22 15:52:46.338 - WARNING: Params [module.irn.operations.6.NH.gamma] will not optimize.
2025-06-22 15:52:46,338 - WARNING - Params [module.irn.operations.6.NH.gamma] will not optimize.
25-06-22 15:52:46.338 - WARNING: Params [module.irn.operations.6.NH.conv1.weight] will not optimize.
2025-06-22 15:52:46,338 - WARNING - Params [module.irn.operations.6.NH.conv1.weight] will not optimize.
25-06-22 15:52:46.338 - WARNING: Params [module.irn.operations.6.NH.conv1.bias] will not optimize.
2025-06-22 15:52:46,338 - WARNING - Params [module.irn.operations.6.NH.conv1.bias] will not optimize.
25-06-22 15:52:46.338 - WARNING: Params [module.irn.operations.6.NH.conv2.weight] will not optimize.
2025-06-22 15:52:46,338 - WARNING - Params [module.irn.operations.6.NH.conv2.weight] will not optimize.
25-06-22 15:52:46.338 - WARNING: Params [module.irn.operations.6.NH.conv2.bias] will not optimize.
2025-06-22 15:52:46,338 - WARNING - Params [module.irn.operations.6.NH.conv2.bias] will not optimize.
25-06-22 15:52:46.338 - WARNING: Params [module.irn.operations.6.NH.conv3.weight] will not optimize.
2025-06-22 15:52:46,338 - WARNING - Params [module.irn.operations.6.NH.conv3.weight] will not optimize.
25-06-22 15:52:46.338 - WARNING: Params [module.irn.operations.6.NH.conv3.bias] will not optimize.
2025-06-22 15:52:46,338 - WARNING - Params [module.irn.operations.6.NH.conv3.bias] will not optimize.
25-06-22 15:52:46.338 - WARNING: Params [module.irn.operations.6.NH.sca.1.weight] will not optimize.
2025-06-22 15:52:46,338 - WARNING - Params [module.irn.operations.6.NH.sca.1.weight] will not optimize.
25-06-22 15:52:46.339 - WARNING: Params [module.irn.operations.6.NH.sca.1.bias] will not optimize.
2025-06-22 15:52:46,339 - WARNING - Params [module.irn.operations.6.NH.sca.1.bias] will not optimize.
25-06-22 15:52:46.339 - WARNING: Params [module.irn.operations.6.NH.conv4.weight] will not optimize.
2025-06-22 15:52:46,339 - WARNING - Params [module.irn.operations.6.NH.conv4.weight] will not optimize.
25-06-22 15:52:46.339 - WARNING: Params [module.irn.operations.6.NH.conv4.bias] will not optimize.
2025-06-22 15:52:46,339 - WARNING - Params [module.irn.operations.6.NH.conv4.bias] will not optimize.
25-06-22 15:52:46.339 - WARNING: Params [module.irn.operations.6.NH.conv5.weight] will not optimize.
2025-06-22 15:52:46,339 - WARNING - Params [module.irn.operations.6.NH.conv5.weight] will not optimize.
25-06-22 15:52:46.339 - WARNING: Params [module.irn.operations.6.NH.conv5.bias] will not optimize.
2025-06-22 15:52:46,339 - WARNING - Params [module.irn.operations.6.NH.conv5.bias] will not optimize.
25-06-22 15:52:46.339 - WARNING: Params [module.irn.operations.6.NH.norm1.weight] will not optimize.
2025-06-22 15:52:46,339 - WARNING - Params [module.irn.operations.6.NH.norm1.weight] will not optimize.
25-06-22 15:52:46.339 - WARNING: Params [module.irn.operations.6.NH.norm1.bias] will not optimize.
2025-06-22 15:52:46,339 - WARNING - Params [module.irn.operations.6.NH.norm1.bias] will not optimize.
25-06-22 15:52:46.339 - WARNING: Params [module.irn.operations.6.NH.norm2.weight] will not optimize.
2025-06-22 15:52:46,339 - WARNING - Params [module.irn.operations.6.NH.norm2.weight] will not optimize.
25-06-22 15:52:46.339 - WARNING: Params [module.irn.operations.6.NH.norm2.bias] will not optimize.
2025-06-22 15:52:46,339 - WARNING - Params [module.irn.operations.6.NH.norm2.bias] will not optimize.
25-06-22 15:52:46.339 - WARNING: Params [module.irn.operations.7.F.conv1.weight] will not optimize.
2025-06-22 15:52:46,339 - WARNING - Params [module.irn.operations.7.F.conv1.weight] will not optimize.
25-06-22 15:52:46.339 - WARNING: Params [module.irn.operations.7.F.conv1.bias] will not optimize.
2025-06-22 15:52:46,339 - WARNING - Params [module.irn.operations.7.F.conv1.bias] will not optimize.
25-06-22 15:52:46.339 - WARNING: Params [module.irn.operations.7.F.conv2.weight] will not optimize.
2025-06-22 15:52:46,339 - WARNING - Params [module.irn.operations.7.F.conv2.weight] will not optimize.
25-06-22 15:52:46.339 - WARNING: Params [module.irn.operations.7.F.conv2.bias] will not optimize.
2025-06-22 15:52:46,339 - WARNING - Params [module.irn.operations.7.F.conv2.bias] will not optimize.
25-06-22 15:52:46.339 - WARNING: Params [module.irn.operations.7.F.conv3.weight] will not optimize.
2025-06-22 15:52:46,339 - WARNING - Params [module.irn.operations.7.F.conv3.weight] will not optimize.
25-06-22 15:52:46.339 - WARNING: Params [module.irn.operations.7.F.conv3.bias] will not optimize.
2025-06-22 15:52:46,339 - WARNING - Params [module.irn.operations.7.F.conv3.bias] will not optimize.
25-06-22 15:52:46.339 - WARNING: Params [module.irn.operations.7.F.conv4.weight] will not optimize.
2025-06-22 15:52:46,339 - WARNING - Params [module.irn.operations.7.F.conv4.weight] will not optimize.
25-06-22 15:52:46.339 - WARNING: Params [module.irn.operations.7.F.conv4.bias] will not optimize.
2025-06-22 15:52:46,339 - WARNING - Params [module.irn.operations.7.F.conv4.bias] will not optimize.
25-06-22 15:52:46.339 - WARNING: Params [module.irn.operations.7.F.conv5.weight] will not optimize.
2025-06-22 15:52:46,339 - WARNING - Params [module.irn.operations.7.F.conv5.weight] will not optimize.
25-06-22 15:52:46.339 - WARNING: Params [module.irn.operations.7.F.conv5.bias] will not optimize.
2025-06-22 15:52:46,339 - WARNING - Params [module.irn.operations.7.F.conv5.bias] will not optimize.
25-06-22 15:52:46.340 - WARNING: Params [module.irn.operations.7.NF.beta] will not optimize.
2025-06-22 15:52:46,340 - WARNING - Params [module.irn.operations.7.NF.beta] will not optimize.
25-06-22 15:52:46.340 - WARNING: Params [module.irn.operations.7.NF.gamma] will not optimize.
2025-06-22 15:52:46,340 - WARNING - Params [module.irn.operations.7.NF.gamma] will not optimize.
25-06-22 15:52:46.340 - WARNING: Params [module.irn.operations.7.NF.conv1.weight] will not optimize.
2025-06-22 15:52:46,340 - WARNING - Params [module.irn.operations.7.NF.conv1.weight] will not optimize.
25-06-22 15:52:46.340 - WARNING: Params [module.irn.operations.7.NF.conv1.bias] will not optimize.
2025-06-22 15:52:46,340 - WARNING - Params [module.irn.operations.7.NF.conv1.bias] will not optimize.
25-06-22 15:52:46.340 - WARNING: Params [module.irn.operations.7.NF.conv2.weight] will not optimize.
2025-06-22 15:52:46,340 - WARNING - Params [module.irn.operations.7.NF.conv2.weight] will not optimize.
25-06-22 15:52:46.340 - WARNING: Params [module.irn.operations.7.NF.conv2.bias] will not optimize.
2025-06-22 15:52:46,340 - WARNING - Params [module.irn.operations.7.NF.conv2.bias] will not optimize.
25-06-22 15:52:46.340 - WARNING: Params [module.irn.operations.7.NF.conv3.weight] will not optimize.
2025-06-22 15:52:46,340 - WARNING - Params [module.irn.operations.7.NF.conv3.weight] will not optimize.
25-06-22 15:52:46.340 - WARNING: Params [module.irn.operations.7.NF.conv3.bias] will not optimize.
2025-06-22 15:52:46,340 - WARNING - Params [module.irn.operations.7.NF.conv3.bias] will not optimize.
25-06-22 15:52:46.340 - WARNING: Params [module.irn.operations.7.NF.sca.1.weight] will not optimize.
2025-06-22 15:52:46,340 - WARNING - Params [module.irn.operations.7.NF.sca.1.weight] will not optimize.
25-06-22 15:52:46.340 - WARNING: Params [module.irn.operations.7.NF.sca.1.bias] will not optimize.
2025-06-22 15:52:46,340 - WARNING - Params [module.irn.operations.7.NF.sca.1.bias] will not optimize.
25-06-22 15:52:46.340 - WARNING: Params [module.irn.operations.7.NF.conv4.weight] will not optimize.
2025-06-22 15:52:46,340 - WARNING - Params [module.irn.operations.7.NF.conv4.weight] will not optimize.
25-06-22 15:52:46.340 - WARNING: Params [module.irn.operations.7.NF.conv4.bias] will not optimize.
2025-06-22 15:52:46,340 - WARNING - Params [module.irn.operations.7.NF.conv4.bias] will not optimize.
25-06-22 15:52:46.340 - WARNING: Params [module.irn.operations.7.NF.conv5.weight] will not optimize.
2025-06-22 15:52:46,340 - WARNING - Params [module.irn.operations.7.NF.conv5.weight] will not optimize.
25-06-22 15:52:46.340 - WARNING: Params [module.irn.operations.7.NF.conv5.bias] will not optimize.
2025-06-22 15:52:46,340 - WARNING - Params [module.irn.operations.7.NF.conv5.bias] will not optimize.
25-06-22 15:52:46.340 - WARNING: Params [module.irn.operations.7.NF.norm1.weight] will not optimize.
2025-06-22 15:52:46,340 - WARNING - Params [module.irn.operations.7.NF.norm1.weight] will not optimize.
25-06-22 15:52:46.340 - WARNING: Params [module.irn.operations.7.NF.norm1.bias] will not optimize.
2025-06-22 15:52:46,340 - WARNING - Params [module.irn.operations.7.NF.norm1.bias] will not optimize.
25-06-22 15:52:46.340 - WARNING: Params [module.irn.operations.7.NF.norm2.weight] will not optimize.
2025-06-22 15:52:46,340 - WARNING - Params [module.irn.operations.7.NF.norm2.weight] will not optimize.
25-06-22 15:52:46.340 - WARNING: Params [module.irn.operations.7.NF.norm2.bias] will not optimize.
2025-06-22 15:52:46,340 - WARNING - Params [module.irn.operations.7.NF.norm2.bias] will not optimize.
25-06-22 15:52:46.340 - WARNING: Params [module.irn.operations.7.G.conv1.weight] will not optimize.
2025-06-22 15:52:46,340 - WARNING - Params [module.irn.operations.7.G.conv1.weight] will not optimize.
25-06-22 15:52:46.341 - WARNING: Params [module.irn.operations.7.G.conv1.bias] will not optimize.
2025-06-22 15:52:46,341 - WARNING - Params [module.irn.operations.7.G.conv1.bias] will not optimize.
25-06-22 15:52:46.341 - WARNING: Params [module.irn.operations.7.G.conv2.weight] will not optimize.
2025-06-22 15:52:46,341 - WARNING - Params [module.irn.operations.7.G.conv2.weight] will not optimize.
25-06-22 15:52:46.341 - WARNING: Params [module.irn.operations.7.G.conv2.bias] will not optimize.
2025-06-22 15:52:46,341 - WARNING - Params [module.irn.operations.7.G.conv2.bias] will not optimize.
25-06-22 15:52:46.341 - WARNING: Params [module.irn.operations.7.G.conv3.weight] will not optimize.
2025-06-22 15:52:46,341 - WARNING - Params [module.irn.operations.7.G.conv3.weight] will not optimize.
25-06-22 15:52:46.341 - WARNING: Params [module.irn.operations.7.G.conv3.bias] will not optimize.
2025-06-22 15:52:46,341 - WARNING - Params [module.irn.operations.7.G.conv3.bias] will not optimize.
25-06-22 15:52:46.341 - WARNING: Params [module.irn.operations.7.G.conv4.weight] will not optimize.
2025-06-22 15:52:46,341 - WARNING - Params [module.irn.operations.7.G.conv4.weight] will not optimize.
25-06-22 15:52:46.341 - WARNING: Params [module.irn.operations.7.G.conv4.bias] will not optimize.
2025-06-22 15:52:46,341 - WARNING - Params [module.irn.operations.7.G.conv4.bias] will not optimize.
25-06-22 15:52:46.341 - WARNING: Params [module.irn.operations.7.G.conv5.weight] will not optimize.
2025-06-22 15:52:46,341 - WARNING - Params [module.irn.operations.7.G.conv5.weight] will not optimize.
25-06-22 15:52:46.341 - WARNING: Params [module.irn.operations.7.G.conv5.bias] will not optimize.
2025-06-22 15:52:46,341 - WARNING - Params [module.irn.operations.7.G.conv5.bias] will not optimize.
25-06-22 15:52:46.341 - WARNING: Params [module.irn.operations.7.NG.beta] will not optimize.
2025-06-22 15:52:46,341 - WARNING - Params [module.irn.operations.7.NG.beta] will not optimize.
25-06-22 15:52:46.341 - WARNING: Params [module.irn.operations.7.NG.gamma] will not optimize.
2025-06-22 15:52:46,341 - WARNING - Params [module.irn.operations.7.NG.gamma] will not optimize.
25-06-22 15:52:46.341 - WARNING: Params [module.irn.operations.7.NG.conv1.weight] will not optimize.
2025-06-22 15:52:46,341 - WARNING - Params [module.irn.operations.7.NG.conv1.weight] will not optimize.
25-06-22 15:52:46.341 - WARNING: Params [module.irn.operations.7.NG.conv1.bias] will not optimize.
2025-06-22 15:52:46,341 - WARNING - Params [module.irn.operations.7.NG.conv1.bias] will not optimize.
25-06-22 15:52:46.341 - WARNING: Params [module.irn.operations.7.NG.conv2.weight] will not optimize.
2025-06-22 15:52:46,341 - WARNING - Params [module.irn.operations.7.NG.conv2.weight] will not optimize.
25-06-22 15:52:46.341 - WARNING: Params [module.irn.operations.7.NG.conv2.bias] will not optimize.
2025-06-22 15:52:46,341 - WARNING - Params [module.irn.operations.7.NG.conv2.bias] will not optimize.
25-06-22 15:52:46.341 - WARNING: Params [module.irn.operations.7.NG.conv3.weight] will not optimize.
2025-06-22 15:52:46,341 - WARNING - Params [module.irn.operations.7.NG.conv3.weight] will not optimize.
25-06-22 15:52:46.341 - WARNING: Params [module.irn.operations.7.NG.conv3.bias] will not optimize.
2025-06-22 15:52:46,341 - WARNING - Params [module.irn.operations.7.NG.conv3.bias] will not optimize.
25-06-22 15:52:46.341 - WARNING: Params [module.irn.operations.7.NG.sca.1.weight] will not optimize.
2025-06-22 15:52:46,341 - WARNING - Params [module.irn.operations.7.NG.sca.1.weight] will not optimize.
25-06-22 15:52:46.341 - WARNING: Params [module.irn.operations.7.NG.sca.1.bias] will not optimize.
2025-06-22 15:52:46,341 - WARNING - Params [module.irn.operations.7.NG.sca.1.bias] will not optimize.
25-06-22 15:52:46.342 - WARNING: Params [module.irn.operations.7.NG.conv4.weight] will not optimize.
2025-06-22 15:52:46,342 - WARNING - Params [module.irn.operations.7.NG.conv4.weight] will not optimize.
25-06-22 15:52:46.342 - WARNING: Params [module.irn.operations.7.NG.conv4.bias] will not optimize.
2025-06-22 15:52:46,342 - WARNING - Params [module.irn.operations.7.NG.conv4.bias] will not optimize.
25-06-22 15:52:46.342 - WARNING: Params [module.irn.operations.7.NG.conv5.weight] will not optimize.
2025-06-22 15:52:46,342 - WARNING - Params [module.irn.operations.7.NG.conv5.weight] will not optimize.
25-06-22 15:52:46.342 - WARNING: Params [module.irn.operations.7.NG.conv5.bias] will not optimize.
2025-06-22 15:52:46,342 - WARNING - Params [module.irn.operations.7.NG.conv5.bias] will not optimize.
25-06-22 15:52:46.342 - WARNING: Params [module.irn.operations.7.NG.norm1.weight] will not optimize.
2025-06-22 15:52:46,342 - WARNING - Params [module.irn.operations.7.NG.norm1.weight] will not optimize.
25-06-22 15:52:46.342 - WARNING: Params [module.irn.operations.7.NG.norm1.bias] will not optimize.
2025-06-22 15:52:46,342 - WARNING - Params [module.irn.operations.7.NG.norm1.bias] will not optimize.
25-06-22 15:52:46.342 - WARNING: Params [module.irn.operations.7.NG.norm2.weight] will not optimize.
2025-06-22 15:52:46,342 - WARNING - Params [module.irn.operations.7.NG.norm2.weight] will not optimize.
25-06-22 15:52:46.342 - WARNING: Params [module.irn.operations.7.NG.norm2.bias] will not optimize.
2025-06-22 15:52:46,342 - WARNING - Params [module.irn.operations.7.NG.norm2.bias] will not optimize.
25-06-22 15:52:46.342 - WARNING: Params [module.irn.operations.7.H.conv1.weight] will not optimize.
2025-06-22 15:52:46,342 - WARNING - Params [module.irn.operations.7.H.conv1.weight] will not optimize.
25-06-22 15:52:46.342 - WARNING: Params [module.irn.operations.7.H.conv1.bias] will not optimize.
2025-06-22 15:52:46,342 - WARNING - Params [module.irn.operations.7.H.conv1.bias] will not optimize.
25-06-22 15:52:46.342 - WARNING: Params [module.irn.operations.7.H.conv2.weight] will not optimize.
2025-06-22 15:52:46,342 - WARNING - Params [module.irn.operations.7.H.conv2.weight] will not optimize.
25-06-22 15:52:46.342 - WARNING: Params [module.irn.operations.7.H.conv2.bias] will not optimize.
2025-06-22 15:52:46,342 - WARNING - Params [module.irn.operations.7.H.conv2.bias] will not optimize.
25-06-22 15:52:46.342 - WARNING: Params [module.irn.operations.7.H.conv3.weight] will not optimize.
2025-06-22 15:52:46,342 - WARNING - Params [module.irn.operations.7.H.conv3.weight] will not optimize.
25-06-22 15:52:46.342 - WARNING: Params [module.irn.operations.7.H.conv3.bias] will not optimize.
2025-06-22 15:52:46,342 - WARNING - Params [module.irn.operations.7.H.conv3.bias] will not optimize.
25-06-22 15:52:46.342 - WARNING: Params [module.irn.operations.7.H.conv4.weight] will not optimize.
2025-06-22 15:52:46,342 - WARNING - Params [module.irn.operations.7.H.conv4.weight] will not optimize.
25-06-22 15:52:46.342 - WARNING: Params [module.irn.operations.7.H.conv4.bias] will not optimize.
2025-06-22 15:52:46,342 - WARNING - Params [module.irn.operations.7.H.conv4.bias] will not optimize.
25-06-22 15:52:46.342 - WARNING: Params [module.irn.operations.7.H.conv5.weight] will not optimize.
2025-06-22 15:52:46,342 - WARNING - Params [module.irn.operations.7.H.conv5.weight] will not optimize.
25-06-22 15:52:46.342 - WARNING: Params [module.irn.operations.7.H.conv5.bias] will not optimize.
2025-06-22 15:52:46,342 - WARNING - Params [module.irn.operations.7.H.conv5.bias] will not optimize.
25-06-22 15:52:46.342 - WARNING: Params [module.irn.operations.7.NH.beta] will not optimize.
2025-06-22 15:52:46,342 - WARNING - Params [module.irn.operations.7.NH.beta] will not optimize.
25-06-22 15:52:46.343 - WARNING: Params [module.irn.operations.7.NH.gamma] will not optimize.
2025-06-22 15:52:46,343 - WARNING - Params [module.irn.operations.7.NH.gamma] will not optimize.
25-06-22 15:52:46.343 - WARNING: Params [module.irn.operations.7.NH.conv1.weight] will not optimize.
2025-06-22 15:52:46,343 - WARNING - Params [module.irn.operations.7.NH.conv1.weight] will not optimize.
25-06-22 15:52:46.343 - WARNING: Params [module.irn.operations.7.NH.conv1.bias] will not optimize.
2025-06-22 15:52:46,343 - WARNING - Params [module.irn.operations.7.NH.conv1.bias] will not optimize.
25-06-22 15:52:46.343 - WARNING: Params [module.irn.operations.7.NH.conv2.weight] will not optimize.
2025-06-22 15:52:46,343 - WARNING - Params [module.irn.operations.7.NH.conv2.weight] will not optimize.
25-06-22 15:52:46.343 - WARNING: Params [module.irn.operations.7.NH.conv2.bias] will not optimize.
2025-06-22 15:52:46,343 - WARNING - Params [module.irn.operations.7.NH.conv2.bias] will not optimize.
25-06-22 15:52:46.343 - WARNING: Params [module.irn.operations.7.NH.conv3.weight] will not optimize.
2025-06-22 15:52:46,343 - WARNING - Params [module.irn.operations.7.NH.conv3.weight] will not optimize.
25-06-22 15:52:46.343 - WARNING: Params [module.irn.operations.7.NH.conv3.bias] will not optimize.
2025-06-22 15:52:46,343 - WARNING - Params [module.irn.operations.7.NH.conv3.bias] will not optimize.
25-06-22 15:52:46.343 - WARNING: Params [module.irn.operations.7.NH.sca.1.weight] will not optimize.
2025-06-22 15:52:46,343 - WARNING - Params [module.irn.operations.7.NH.sca.1.weight] will not optimize.
25-06-22 15:52:46.343 - WARNING: Params [module.irn.operations.7.NH.sca.1.bias] will not optimize.
2025-06-22 15:52:46,343 - WARNING - Params [module.irn.operations.7.NH.sca.1.bias] will not optimize.
25-06-22 15:52:46.343 - WARNING: Params [module.irn.operations.7.NH.conv4.weight] will not optimize.
2025-06-22 15:52:46,343 - WARNING - Params [module.irn.operations.7.NH.conv4.weight] will not optimize.
25-06-22 15:52:46.343 - WARNING: Params [module.irn.operations.7.NH.conv4.bias] will not optimize.
2025-06-22 15:52:46,343 - WARNING - Params [module.irn.operations.7.NH.conv4.bias] will not optimize.
25-06-22 15:52:46.343 - WARNING: Params [module.irn.operations.7.NH.conv5.weight] will not optimize.
2025-06-22 15:52:46,343 - WARNING - Params [module.irn.operations.7.NH.conv5.weight] will not optimize.
25-06-22 15:52:46.343 - WARNING: Params [module.irn.operations.7.NH.conv5.bias] will not optimize.
2025-06-22 15:52:46,343 - WARNING - Params [module.irn.operations.7.NH.conv5.bias] will not optimize.
25-06-22 15:52:46.343 - WARNING: Params [module.irn.operations.7.NH.norm1.weight] will not optimize.
2025-06-22 15:52:46,343 - WARNING - Params [module.irn.operations.7.NH.norm1.weight] will not optimize.
25-06-22 15:52:46.343 - WARNING: Params [module.irn.operations.7.NH.norm1.bias] will not optimize.
2025-06-22 15:52:46,343 - WARNING - Params [module.irn.operations.7.NH.norm1.bias] will not optimize.
25-06-22 15:52:46.343 - WARNING: Params [module.irn.operations.7.NH.norm2.weight] will not optimize.
2025-06-22 15:52:46,343 - WARNING - Params [module.irn.operations.7.NH.norm2.weight] will not optimize.
25-06-22 15:52:46.343 - WARNING: Params [module.irn.operations.7.NH.norm2.bias] will not optimize.
2025-06-22 15:52:46,343 - WARNING - Params [module.irn.operations.7.NH.norm2.bias] will not optimize.
25-06-22 15:52:46.343 - WARNING: Params [module.irn.operations.8.F.conv1.weight] will not optimize.
2025-06-22 15:52:46,343 - WARNING - Params [module.irn.operations.8.F.conv1.weight] will not optimize.
25-06-22 15:52:46.344 - WARNING: Params [module.irn.operations.8.F.conv1.bias] will not optimize.
2025-06-22 15:52:46,344 - WARNING - Params [module.irn.operations.8.F.conv1.bias] will not optimize.
25-06-22 15:52:46.344 - WARNING: Params [module.irn.operations.8.F.conv2.weight] will not optimize.
2025-06-22 15:52:46,344 - WARNING - Params [module.irn.operations.8.F.conv2.weight] will not optimize.
25-06-22 15:52:46.344 - WARNING: Params [module.irn.operations.8.F.conv2.bias] will not optimize.
2025-06-22 15:52:46,344 - WARNING - Params [module.irn.operations.8.F.conv2.bias] will not optimize.
25-06-22 15:52:46.344 - WARNING: Params [module.irn.operations.8.F.conv3.weight] will not optimize.
2025-06-22 15:52:46,344 - WARNING - Params [module.irn.operations.8.F.conv3.weight] will not optimize.
25-06-22 15:52:46.344 - WARNING: Params [module.irn.operations.8.F.conv3.bias] will not optimize.
2025-06-22 15:52:46,344 - WARNING - Params [module.irn.operations.8.F.conv3.bias] will not optimize.
25-06-22 15:52:46.344 - WARNING: Params [module.irn.operations.8.F.conv4.weight] will not optimize.
2025-06-22 15:52:46,344 - WARNING - Params [module.irn.operations.8.F.conv4.weight] will not optimize.
25-06-22 15:52:46.344 - WARNING: Params [module.irn.operations.8.F.conv4.bias] will not optimize.
2025-06-22 15:52:46,344 - WARNING - Params [module.irn.operations.8.F.conv4.bias] will not optimize.
25-06-22 15:52:46.344 - WARNING: Params [module.irn.operations.8.F.conv5.weight] will not optimize.
2025-06-22 15:52:46,344 - WARNING - Params [module.irn.operations.8.F.conv5.weight] will not optimize.
25-06-22 15:52:46.344 - WARNING: Params [module.irn.operations.8.F.conv5.bias] will not optimize.
2025-06-22 15:52:46,344 - WARNING - Params [module.irn.operations.8.F.conv5.bias] will not optimize.
25-06-22 15:52:46.344 - WARNING: Params [module.irn.operations.8.NF.beta] will not optimize.
2025-06-22 15:52:46,344 - WARNING - Params [module.irn.operations.8.NF.beta] will not optimize.
25-06-22 15:52:46.344 - WARNING: Params [module.irn.operations.8.NF.gamma] will not optimize.
2025-06-22 15:52:46,344 - WARNING - Params [module.irn.operations.8.NF.gamma] will not optimize.
25-06-22 15:52:46.344 - WARNING: Params [module.irn.operations.8.NF.conv1.weight] will not optimize.
2025-06-22 15:52:46,344 - WARNING - Params [module.irn.operations.8.NF.conv1.weight] will not optimize.
25-06-22 15:52:46.344 - WARNING: Params [module.irn.operations.8.NF.conv1.bias] will not optimize.
2025-06-22 15:52:46,344 - WARNING - Params [module.irn.operations.8.NF.conv1.bias] will not optimize.
25-06-22 15:52:46.344 - WARNING: Params [module.irn.operations.8.NF.conv2.weight] will not optimize.
2025-06-22 15:52:46,344 - WARNING - Params [module.irn.operations.8.NF.conv2.weight] will not optimize.
25-06-22 15:52:46.344 - WARNING: Params [module.irn.operations.8.NF.conv2.bias] will not optimize.
2025-06-22 15:52:46,344 - WARNING - Params [module.irn.operations.8.NF.conv2.bias] will not optimize.
25-06-22 15:52:46.344 - WARNING: Params [module.irn.operations.8.NF.conv3.weight] will not optimize.
2025-06-22 15:52:46,344 - WARNING - Params [module.irn.operations.8.NF.conv3.weight] will not optimize.
25-06-22 15:52:46.344 - WARNING: Params [module.irn.operations.8.NF.conv3.bias] will not optimize.
2025-06-22 15:52:46,344 - WARNING - Params [module.irn.operations.8.NF.conv3.bias] will not optimize.
25-06-22 15:52:46.344 - WARNING: Params [module.irn.operations.8.NF.sca.1.weight] will not optimize.
2025-06-22 15:52:46,344 - WARNING - Params [module.irn.operations.8.NF.sca.1.weight] will not optimize.
25-06-22 15:52:46.344 - WARNING: Params [module.irn.operations.8.NF.sca.1.bias] will not optimize.
2025-06-22 15:52:46,344 - WARNING - Params [module.irn.operations.8.NF.sca.1.bias] will not optimize.
25-06-22 15:52:46.345 - WARNING: Params [module.irn.operations.8.NF.conv4.weight] will not optimize.
2025-06-22 15:52:46,345 - WARNING - Params [module.irn.operations.8.NF.conv4.weight] will not optimize.
25-06-22 15:52:46.345 - WARNING: Params [module.irn.operations.8.NF.conv4.bias] will not optimize.
2025-06-22 15:52:46,345 - WARNING - Params [module.irn.operations.8.NF.conv4.bias] will not optimize.
25-06-22 15:52:46.345 - WARNING: Params [module.irn.operations.8.NF.conv5.weight] will not optimize.
2025-06-22 15:52:46,345 - WARNING - Params [module.irn.operations.8.NF.conv5.weight] will not optimize.
25-06-22 15:52:46.345 - WARNING: Params [module.irn.operations.8.NF.conv5.bias] will not optimize.
2025-06-22 15:52:46,345 - WARNING - Params [module.irn.operations.8.NF.conv5.bias] will not optimize.
25-06-22 15:52:46.345 - WARNING: Params [module.irn.operations.8.NF.norm1.weight] will not optimize.
2025-06-22 15:52:46,345 - WARNING - Params [module.irn.operations.8.NF.norm1.weight] will not optimize.
25-06-22 15:52:46.345 - WARNING: Params [module.irn.operations.8.NF.norm1.bias] will not optimize.
2025-06-22 15:52:46,345 - WARNING - Params [module.irn.operations.8.NF.norm1.bias] will not optimize.
25-06-22 15:52:46.345 - WARNING: Params [module.irn.operations.8.NF.norm2.weight] will not optimize.
2025-06-22 15:52:46,345 - WARNING - Params [module.irn.operations.8.NF.norm2.weight] will not optimize.
25-06-22 15:52:46.345 - WARNING: Params [module.irn.operations.8.NF.norm2.bias] will not optimize.
2025-06-22 15:52:46,345 - WARNING - Params [module.irn.operations.8.NF.norm2.bias] will not optimize.
25-06-22 15:52:46.345 - WARNING: Params [module.irn.operations.8.G.conv1.weight] will not optimize.
2025-06-22 15:52:46,345 - WARNING - Params [module.irn.operations.8.G.conv1.weight] will not optimize.
25-06-22 15:52:46.345 - WARNING: Params [module.irn.operations.8.G.conv1.bias] will not optimize.
2025-06-22 15:52:46,345 - WARNING - Params [module.irn.operations.8.G.conv1.bias] will not optimize.
25-06-22 15:52:46.345 - WARNING: Params [module.irn.operations.8.G.conv2.weight] will not optimize.
2025-06-22 15:52:46,345 - WARNING - Params [module.irn.operations.8.G.conv2.weight] will not optimize.
25-06-22 15:52:46.345 - WARNING: Params [module.irn.operations.8.G.conv2.bias] will not optimize.
2025-06-22 15:52:46,345 - WARNING - Params [module.irn.operations.8.G.conv2.bias] will not optimize.
25-06-22 15:52:46.345 - WARNING: Params [module.irn.operations.8.G.conv3.weight] will not optimize.
2025-06-22 15:52:46,345 - WARNING - Params [module.irn.operations.8.G.conv3.weight] will not optimize.
25-06-22 15:52:46.345 - WARNING: Params [module.irn.operations.8.G.conv3.bias] will not optimize.
2025-06-22 15:52:46,345 - WARNING - Params [module.irn.operations.8.G.conv3.bias] will not optimize.
25-06-22 15:52:46.345 - WARNING: Params [module.irn.operations.8.G.conv4.weight] will not optimize.
2025-06-22 15:52:46,345 - WARNING - Params [module.irn.operations.8.G.conv4.weight] will not optimize.
25-06-22 15:52:46.345 - WARNING: Params [module.irn.operations.8.G.conv4.bias] will not optimize.
2025-06-22 15:52:46,345 - WARNING - Params [module.irn.operations.8.G.conv4.bias] will not optimize.
25-06-22 15:52:46.345 - WARNING: Params [module.irn.operations.8.G.conv5.weight] will not optimize.
2025-06-22 15:52:46,345 - WARNING - Params [module.irn.operations.8.G.conv5.weight] will not optimize.
25-06-22 15:52:46.345 - WARNING: Params [module.irn.operations.8.G.conv5.bias] will not optimize.
2025-06-22 15:52:46,345 - WARNING - Params [module.irn.operations.8.G.conv5.bias] will not optimize.
25-06-22 15:52:46.345 - WARNING: Params [module.irn.operations.8.NG.beta] will not optimize.
2025-06-22 15:52:46,345 - WARNING - Params [module.irn.operations.8.NG.beta] will not optimize.
25-06-22 15:52:46.346 - WARNING: Params [module.irn.operations.8.NG.gamma] will not optimize.
2025-06-22 15:52:46,346 - WARNING - Params [module.irn.operations.8.NG.gamma] will not optimize.
25-06-22 15:52:46.346 - WARNING: Params [module.irn.operations.8.NG.conv1.weight] will not optimize.
2025-06-22 15:52:46,346 - WARNING - Params [module.irn.operations.8.NG.conv1.weight] will not optimize.
25-06-22 15:52:46.346 - WARNING: Params [module.irn.operations.8.NG.conv1.bias] will not optimize.
2025-06-22 15:52:46,346 - WARNING - Params [module.irn.operations.8.NG.conv1.bias] will not optimize.
25-06-22 15:52:46.346 - WARNING: Params [module.irn.operations.8.NG.conv2.weight] will not optimize.
2025-06-22 15:52:46,346 - WARNING - Params [module.irn.operations.8.NG.conv2.weight] will not optimize.
25-06-22 15:52:46.346 - WARNING: Params [module.irn.operations.8.NG.conv2.bias] will not optimize.
2025-06-22 15:52:46,346 - WARNING - Params [module.irn.operations.8.NG.conv2.bias] will not optimize.
25-06-22 15:52:46.346 - WARNING: Params [module.irn.operations.8.NG.conv3.weight] will not optimize.
2025-06-22 15:52:46,346 - WARNING - Params [module.irn.operations.8.NG.conv3.weight] will not optimize.
25-06-22 15:52:46.346 - WARNING: Params [module.irn.operations.8.NG.conv3.bias] will not optimize.
2025-06-22 15:52:46,346 - WARNING - Params [module.irn.operations.8.NG.conv3.bias] will not optimize.
25-06-22 15:52:46.346 - WARNING: Params [module.irn.operations.8.NG.sca.1.weight] will not optimize.
2025-06-22 15:52:46,346 - WARNING - Params [module.irn.operations.8.NG.sca.1.weight] will not optimize.
25-06-22 15:52:46.346 - WARNING: Params [module.irn.operations.8.NG.sca.1.bias] will not optimize.
2025-06-22 15:52:46,346 - WARNING - Params [module.irn.operations.8.NG.sca.1.bias] will not optimize.
25-06-22 15:52:46.346 - WARNING: Params [module.irn.operations.8.NG.conv4.weight] will not optimize.
2025-06-22 15:52:46,346 - WARNING - Params [module.irn.operations.8.NG.conv4.weight] will not optimize.
25-06-22 15:52:46.346 - WARNING: Params [module.irn.operations.8.NG.conv4.bias] will not optimize.
2025-06-22 15:52:46,346 - WARNING - Params [module.irn.operations.8.NG.conv4.bias] will not optimize.
25-06-22 15:52:46.346 - WARNING: Params [module.irn.operations.8.NG.conv5.weight] will not optimize.
2025-06-22 15:52:46,346 - WARNING - Params [module.irn.operations.8.NG.conv5.weight] will not optimize.
25-06-22 15:52:46.346 - WARNING: Params [module.irn.operations.8.NG.conv5.bias] will not optimize.
2025-06-22 15:52:46,346 - WARNING - Params [module.irn.operations.8.NG.conv5.bias] will not optimize.
25-06-22 15:52:46.346 - WARNING: Params [module.irn.operations.8.NG.norm1.weight] will not optimize.
2025-06-22 15:52:46,346 - WARNING - Params [module.irn.operations.8.NG.norm1.weight] will not optimize.
25-06-22 15:52:46.346 - WARNING: Params [module.irn.operations.8.NG.norm1.bias] will not optimize.
2025-06-22 15:52:46,346 - WARNING - Params [module.irn.operations.8.NG.norm1.bias] will not optimize.
25-06-22 15:52:46.346 - WARNING: Params [module.irn.operations.8.NG.norm2.weight] will not optimize.
2025-06-22 15:52:46,346 - WARNING - Params [module.irn.operations.8.NG.norm2.weight] will not optimize.
25-06-22 15:52:46.346 - WARNING: Params [module.irn.operations.8.NG.norm2.bias] will not optimize.
2025-06-22 15:52:46,346 - WARNING - Params [module.irn.operations.8.NG.norm2.bias] will not optimize.
25-06-22 15:52:46.346 - WARNING: Params [module.irn.operations.8.H.conv1.weight] will not optimize.
2025-06-22 15:52:46,346 - WARNING - Params [module.irn.operations.8.H.conv1.weight] will not optimize.
25-06-22 15:52:46.346 - WARNING: Params [module.irn.operations.8.H.conv1.bias] will not optimize.
2025-06-22 15:52:46,346 - WARNING - Params [module.irn.operations.8.H.conv1.bias] will not optimize.
25-06-22 15:52:46.347 - WARNING: Params [module.irn.operations.8.H.conv2.weight] will not optimize.
2025-06-22 15:52:46,347 - WARNING - Params [module.irn.operations.8.H.conv2.weight] will not optimize.
25-06-22 15:52:46.347 - WARNING: Params [module.irn.operations.8.H.conv2.bias] will not optimize.
2025-06-22 15:52:46,347 - WARNING - Params [module.irn.operations.8.H.conv2.bias] will not optimize.
25-06-22 15:52:46.347 - WARNING: Params [module.irn.operations.8.H.conv3.weight] will not optimize.
2025-06-22 15:52:46,347 - WARNING - Params [module.irn.operations.8.H.conv3.weight] will not optimize.
25-06-22 15:52:46.347 - WARNING: Params [module.irn.operations.8.H.conv3.bias] will not optimize.
2025-06-22 15:52:46,347 - WARNING - Params [module.irn.operations.8.H.conv3.bias] will not optimize.
25-06-22 15:52:46.347 - WARNING: Params [module.irn.operations.8.H.conv4.weight] will not optimize.
2025-06-22 15:52:46,347 - WARNING - Params [module.irn.operations.8.H.conv4.weight] will not optimize.
25-06-22 15:52:46.347 - WARNING: Params [module.irn.operations.8.H.conv4.bias] will not optimize.
2025-06-22 15:52:46,347 - WARNING - Params [module.irn.operations.8.H.conv4.bias] will not optimize.
25-06-22 15:52:46.347 - WARNING: Params [module.irn.operations.8.H.conv5.weight] will not optimize.
2025-06-22 15:52:46,347 - WARNING - Params [module.irn.operations.8.H.conv5.weight] will not optimize.
25-06-22 15:52:46.347 - WARNING: Params [module.irn.operations.8.H.conv5.bias] will not optimize.
2025-06-22 15:52:46,347 - WARNING - Params [module.irn.operations.8.H.conv5.bias] will not optimize.
25-06-22 15:52:46.347 - WARNING: Params [module.irn.operations.8.NH.beta] will not optimize.
2025-06-22 15:52:46,347 - WARNING - Params [module.irn.operations.8.NH.beta] will not optimize.
25-06-22 15:52:46.347 - WARNING: Params [module.irn.operations.8.NH.gamma] will not optimize.
2025-06-22 15:52:46,347 - WARNING - Params [module.irn.operations.8.NH.gamma] will not optimize.
25-06-22 15:52:46.347 - WARNING: Params [module.irn.operations.8.NH.conv1.weight] will not optimize.
2025-06-22 15:52:46,347 - WARNING - Params [module.irn.operations.8.NH.conv1.weight] will not optimize.
25-06-22 15:52:46.347 - WARNING: Params [module.irn.operations.8.NH.conv1.bias] will not optimize.
2025-06-22 15:52:46,347 - WARNING - Params [module.irn.operations.8.NH.conv1.bias] will not optimize.
25-06-22 15:52:46.347 - WARNING: Params [module.irn.operations.8.NH.conv2.weight] will not optimize.
2025-06-22 15:52:46,347 - WARNING - Params [module.irn.operations.8.NH.conv2.weight] will not optimize.
25-06-22 15:52:46.347 - WARNING: Params [module.irn.operations.8.NH.conv2.bias] will not optimize.
2025-06-22 15:52:46,347 - WARNING - Params [module.irn.operations.8.NH.conv2.bias] will not optimize.
25-06-22 15:52:46.347 - WARNING: Params [module.irn.operations.8.NH.conv3.weight] will not optimize.
2025-06-22 15:52:46,347 - WARNING - Params [module.irn.operations.8.NH.conv3.weight] will not optimize.
25-06-22 15:52:46.347 - WARNING: Params [module.irn.operations.8.NH.conv3.bias] will not optimize.
2025-06-22 15:52:46,347 - WARNING - Params [module.irn.operations.8.NH.conv3.bias] will not optimize.
25-06-22 15:52:46.347 - WARNING: Params [module.irn.operations.8.NH.sca.1.weight] will not optimize.
2025-06-22 15:52:46,347 - WARNING - Params [module.irn.operations.8.NH.sca.1.weight] will not optimize.
25-06-22 15:52:46.347 - WARNING: Params [module.irn.operations.8.NH.sca.1.bias] will not optimize.
2025-06-22 15:52:46,347 - WARNING - Params [module.irn.operations.8.NH.sca.1.bias] will not optimize.
25-06-22 15:52:46.347 - WARNING: Params [module.irn.operations.8.NH.conv4.weight] will not optimize.
2025-06-22 15:52:46,347 - WARNING - Params [module.irn.operations.8.NH.conv4.weight] will not optimize.
25-06-22 15:52:46.348 - WARNING: Params [module.irn.operations.8.NH.conv4.bias] will not optimize.
2025-06-22 15:52:46,348 - WARNING - Params [module.irn.operations.8.NH.conv4.bias] will not optimize.
25-06-22 15:52:46.348 - WARNING: Params [module.irn.operations.8.NH.conv5.weight] will not optimize.
2025-06-22 15:52:46,348 - WARNING - Params [module.irn.operations.8.NH.conv5.weight] will not optimize.
25-06-22 15:52:46.348 - WARNING: Params [module.irn.operations.8.NH.conv5.bias] will not optimize.
2025-06-22 15:52:46,348 - WARNING - Params [module.irn.operations.8.NH.conv5.bias] will not optimize.
25-06-22 15:52:46.348 - WARNING: Params [module.irn.operations.8.NH.norm1.weight] will not optimize.
2025-06-22 15:52:46,348 - WARNING - Params [module.irn.operations.8.NH.norm1.weight] will not optimize.
25-06-22 15:52:46.348 - WARNING: Params [module.irn.operations.8.NH.norm1.bias] will not optimize.
2025-06-22 15:52:46,348 - WARNING - Params [module.irn.operations.8.NH.norm1.bias] will not optimize.
25-06-22 15:52:46.348 - WARNING: Params [module.irn.operations.8.NH.norm2.weight] will not optimize.
2025-06-22 15:52:46,348 - WARNING - Params [module.irn.operations.8.NH.norm2.weight] will not optimize.
25-06-22 15:52:46.348 - WARNING: Params [module.irn.operations.8.NH.norm2.bias] will not optimize.
2025-06-22 15:52:46,348 - WARNING - Params [module.irn.operations.8.NH.norm2.bias] will not optimize.
25-06-22 15:52:46.348 - WARNING: Params [module.irn.operations.9.F.conv1.weight] will not optimize.
2025-06-22 15:52:46,348 - WARNING - Params [module.irn.operations.9.F.conv1.weight] will not optimize.
25-06-22 15:52:46.348 - WARNING: Params [module.irn.operations.9.F.conv1.bias] will not optimize.
2025-06-22 15:52:46,348 - WARNING - Params [module.irn.operations.9.F.conv1.bias] will not optimize.
25-06-22 15:52:46.348 - WARNING: Params [module.irn.operations.9.F.conv2.weight] will not optimize.
2025-06-22 15:52:46,348 - WARNING - Params [module.irn.operations.9.F.conv2.weight] will not optimize.
25-06-22 15:52:46.348 - WARNING: Params [module.irn.operations.9.F.conv2.bias] will not optimize.
2025-06-22 15:52:46,348 - WARNING - Params [module.irn.operations.9.F.conv2.bias] will not optimize.
25-06-22 15:52:46.348 - WARNING: Params [module.irn.operations.9.F.conv3.weight] will not optimize.
2025-06-22 15:52:46,348 - WARNING - Params [module.irn.operations.9.F.conv3.weight] will not optimize.
25-06-22 15:52:46.348 - WARNING: Params [module.irn.operations.9.F.conv3.bias] will not optimize.
2025-06-22 15:52:46,348 - WARNING - Params [module.irn.operations.9.F.conv3.bias] will not optimize.
25-06-22 15:52:46.348 - WARNING: Params [module.irn.operations.9.F.conv4.weight] will not optimize.
2025-06-22 15:52:46,348 - WARNING - Params [module.irn.operations.9.F.conv4.weight] will not optimize.
25-06-22 15:52:46.348 - WARNING: Params [module.irn.operations.9.F.conv4.bias] will not optimize.
2025-06-22 15:52:46,348 - WARNING - Params [module.irn.operations.9.F.conv4.bias] will not optimize.
25-06-22 15:52:46.348 - WARNING: Params [module.irn.operations.9.F.conv5.weight] will not optimize.
2025-06-22 15:52:46,348 - WARNING - Params [module.irn.operations.9.F.conv5.weight] will not optimize.
25-06-22 15:52:46.348 - WARNING: Params [module.irn.operations.9.F.conv5.bias] will not optimize.
2025-06-22 15:52:46,348 - WARNING - Params [module.irn.operations.9.F.conv5.bias] will not optimize.
25-06-22 15:52:46.348 - WARNING: Params [module.irn.operations.9.NF.beta] will not optimize.
2025-06-22 15:52:46,348 - WARNING - Params [module.irn.operations.9.NF.beta] will not optimize.
25-06-22 15:52:46.348 - WARNING: Params [module.irn.operations.9.NF.gamma] will not optimize.
2025-06-22 15:52:46,348 - WARNING - Params [module.irn.operations.9.NF.gamma] will not optimize.
25-06-22 15:52:46.349 - WARNING: Params [module.irn.operations.9.NF.conv1.weight] will not optimize.
2025-06-22 15:52:46,349 - WARNING - Params [module.irn.operations.9.NF.conv1.weight] will not optimize.
25-06-22 15:52:46.349 - WARNING: Params [module.irn.operations.9.NF.conv1.bias] will not optimize.
2025-06-22 15:52:46,349 - WARNING - Params [module.irn.operations.9.NF.conv1.bias] will not optimize.
25-06-22 15:52:46.349 - WARNING: Params [module.irn.operations.9.NF.conv2.weight] will not optimize.
2025-06-22 15:52:46,349 - WARNING - Params [module.irn.operations.9.NF.conv2.weight] will not optimize.
25-06-22 15:52:46.349 - WARNING: Params [module.irn.operations.9.NF.conv2.bias] will not optimize.
2025-06-22 15:52:46,349 - WARNING - Params [module.irn.operations.9.NF.conv2.bias] will not optimize.
25-06-22 15:52:46.349 - WARNING: Params [module.irn.operations.9.NF.conv3.weight] will not optimize.
2025-06-22 15:52:46,349 - WARNING - Params [module.irn.operations.9.NF.conv3.weight] will not optimize.
25-06-22 15:52:46.349 - WARNING: Params [module.irn.operations.9.NF.conv3.bias] will not optimize.
2025-06-22 15:52:46,349 - WARNING - Params [module.irn.operations.9.NF.conv3.bias] will not optimize.
25-06-22 15:52:46.349 - WARNING: Params [module.irn.operations.9.NF.sca.1.weight] will not optimize.
2025-06-22 15:52:46,349 - WARNING - Params [module.irn.operations.9.NF.sca.1.weight] will not optimize.
25-06-22 15:52:46.349 - WARNING: Params [module.irn.operations.9.NF.sca.1.bias] will not optimize.
2025-06-22 15:52:46,349 - WARNING - Params [module.irn.operations.9.NF.sca.1.bias] will not optimize.
25-06-22 15:52:46.349 - WARNING: Params [module.irn.operations.9.NF.conv4.weight] will not optimize.
2025-06-22 15:52:46,349 - WARNING - Params [module.irn.operations.9.NF.conv4.weight] will not optimize.
25-06-22 15:52:46.349 - WARNING: Params [module.irn.operations.9.NF.conv4.bias] will not optimize.
2025-06-22 15:52:46,349 - WARNING - Params [module.irn.operations.9.NF.conv4.bias] will not optimize.
25-06-22 15:52:46.349 - WARNING: Params [module.irn.operations.9.NF.conv5.weight] will not optimize.
2025-06-22 15:52:46,349 - WARNING - Params [module.irn.operations.9.NF.conv5.weight] will not optimize.
25-06-22 15:52:46.349 - WARNING: Params [module.irn.operations.9.NF.conv5.bias] will not optimize.
2025-06-22 15:52:46,349 - WARNING - Params [module.irn.operations.9.NF.conv5.bias] will not optimize.
25-06-22 15:52:46.349 - WARNING: Params [module.irn.operations.9.NF.norm1.weight] will not optimize.
2025-06-22 15:52:46,349 - WARNING - Params [module.irn.operations.9.NF.norm1.weight] will not optimize.
25-06-22 15:52:46.349 - WARNING: Params [module.irn.operations.9.NF.norm1.bias] will not optimize.
2025-06-22 15:52:46,349 - WARNING - Params [module.irn.operations.9.NF.norm1.bias] will not optimize.
25-06-22 15:52:46.349 - WARNING: Params [module.irn.operations.9.NF.norm2.weight] will not optimize.
2025-06-22 15:52:46,349 - WARNING - Params [module.irn.operations.9.NF.norm2.weight] will not optimize.
25-06-22 15:52:46.349 - WARNING: Params [module.irn.operations.9.NF.norm2.bias] will not optimize.
2025-06-22 15:52:46,349 - WARNING - Params [module.irn.operations.9.NF.norm2.bias] will not optimize.
25-06-22 15:52:46.349 - WARNING: Params [module.irn.operations.9.G.conv1.weight] will not optimize.
2025-06-22 15:52:46,349 - WARNING - Params [module.irn.operations.9.G.conv1.weight] will not optimize.
25-06-22 15:52:46.349 - WARNING: Params [module.irn.operations.9.G.conv1.bias] will not optimize.
2025-06-22 15:52:46,349 - WARNING - Params [module.irn.operations.9.G.conv1.bias] will not optimize.
25-06-22 15:52:46.349 - WARNING: Params [module.irn.operations.9.G.conv2.weight] will not optimize.
2025-06-22 15:52:46,349 - WARNING - Params [module.irn.operations.9.G.conv2.weight] will not optimize.
25-06-22 15:52:46.350 - WARNING: Params [module.irn.operations.9.G.conv2.bias] will not optimize.
2025-06-22 15:52:46,350 - WARNING - Params [module.irn.operations.9.G.conv2.bias] will not optimize.
25-06-22 15:52:46.350 - WARNING: Params [module.irn.operations.9.G.conv3.weight] will not optimize.
2025-06-22 15:52:46,350 - WARNING - Params [module.irn.operations.9.G.conv3.weight] will not optimize.
25-06-22 15:52:46.350 - WARNING: Params [module.irn.operations.9.G.conv3.bias] will not optimize.
2025-06-22 15:52:46,350 - WARNING - Params [module.irn.operations.9.G.conv3.bias] will not optimize.
25-06-22 15:52:46.350 - WARNING: Params [module.irn.operations.9.G.conv4.weight] will not optimize.
2025-06-22 15:52:46,350 - WARNING - Params [module.irn.operations.9.G.conv4.weight] will not optimize.
25-06-22 15:52:46.350 - WARNING: Params [module.irn.operations.9.G.conv4.bias] will not optimize.
2025-06-22 15:52:46,350 - WARNING - Params [module.irn.operations.9.G.conv4.bias] will not optimize.
25-06-22 15:52:46.350 - WARNING: Params [module.irn.operations.9.G.conv5.weight] will not optimize.
2025-06-22 15:52:46,350 - WARNING - Params [module.irn.operations.9.G.conv5.weight] will not optimize.
25-06-22 15:52:46.350 - WARNING: Params [module.irn.operations.9.G.conv5.bias] will not optimize.
2025-06-22 15:52:46,350 - WARNING - Params [module.irn.operations.9.G.conv5.bias] will not optimize.
25-06-22 15:52:46.350 - WARNING: Params [module.irn.operations.9.NG.beta] will not optimize.
2025-06-22 15:52:46,350 - WARNING - Params [module.irn.operations.9.NG.beta] will not optimize.
25-06-22 15:52:46.350 - WARNING: Params [module.irn.operations.9.NG.gamma] will not optimize.
2025-06-22 15:52:46,350 - WARNING - Params [module.irn.operations.9.NG.gamma] will not optimize.
25-06-22 15:52:46.350 - WARNING: Params [module.irn.operations.9.NG.conv1.weight] will not optimize.
2025-06-22 15:52:46,350 - WARNING - Params [module.irn.operations.9.NG.conv1.weight] will not optimize.
25-06-22 15:52:46.350 - WARNING: Params [module.irn.operations.9.NG.conv1.bias] will not optimize.
2025-06-22 15:52:46,350 - WARNING - Params [module.irn.operations.9.NG.conv1.bias] will not optimize.
25-06-22 15:52:46.350 - WARNING: Params [module.irn.operations.9.NG.conv2.weight] will not optimize.
2025-06-22 15:52:46,350 - WARNING - Params [module.irn.operations.9.NG.conv2.weight] will not optimize.
25-06-22 15:52:46.350 - WARNING: Params [module.irn.operations.9.NG.conv2.bias] will not optimize.
2025-06-22 15:52:46,350 - WARNING - Params [module.irn.operations.9.NG.conv2.bias] will not optimize.
25-06-22 15:52:46.350 - WARNING: Params [module.irn.operations.9.NG.conv3.weight] will not optimize.
2025-06-22 15:52:46,350 - WARNING - Params [module.irn.operations.9.NG.conv3.weight] will not optimize.
25-06-22 15:52:46.350 - WARNING: Params [module.irn.operations.9.NG.conv3.bias] will not optimize.
2025-06-22 15:52:46,350 - WARNING - Params [module.irn.operations.9.NG.conv3.bias] will not optimize.
25-06-22 15:52:46.350 - WARNING: Params [module.irn.operations.9.NG.sca.1.weight] will not optimize.
2025-06-22 15:52:46,350 - WARNING - Params [module.irn.operations.9.NG.sca.1.weight] will not optimize.
25-06-22 15:52:46.350 - WARNING: Params [module.irn.operations.9.NG.sca.1.bias] will not optimize.
2025-06-22 15:52:46,350 - WARNING - Params [module.irn.operations.9.NG.sca.1.bias] will not optimize.
25-06-22 15:52:46.350 - WARNING: Params [module.irn.operations.9.NG.conv4.weight] will not optimize.
2025-06-22 15:52:46,350 - WARNING - Params [module.irn.operations.9.NG.conv4.weight] will not optimize.
25-06-22 15:52:46.350 - WARNING: Params [module.irn.operations.9.NG.conv4.bias] will not optimize.
2025-06-22 15:52:46,350 - WARNING - Params [module.irn.operations.9.NG.conv4.bias] will not optimize.
25-06-22 15:52:46.351 - WARNING: Params [module.irn.operations.9.NG.conv5.weight] will not optimize.
2025-06-22 15:52:46,351 - WARNING - Params [module.irn.operations.9.NG.conv5.weight] will not optimize.
25-06-22 15:52:46.351 - WARNING: Params [module.irn.operations.9.NG.conv5.bias] will not optimize.
2025-06-22 15:52:46,351 - WARNING - Params [module.irn.operations.9.NG.conv5.bias] will not optimize.
25-06-22 15:52:46.351 - WARNING: Params [module.irn.operations.9.NG.norm1.weight] will not optimize.
2025-06-22 15:52:46,351 - WARNING - Params [module.irn.operations.9.NG.norm1.weight] will not optimize.
25-06-22 15:52:46.351 - WARNING: Params [module.irn.operations.9.NG.norm1.bias] will not optimize.
2025-06-22 15:52:46,351 - WARNING - Params [module.irn.operations.9.NG.norm1.bias] will not optimize.
25-06-22 15:52:46.351 - WARNING: Params [module.irn.operations.9.NG.norm2.weight] will not optimize.
2025-06-22 15:52:46,351 - WARNING - Params [module.irn.operations.9.NG.norm2.weight] will not optimize.
25-06-22 15:52:46.351 - WARNING: Params [module.irn.operations.9.NG.norm2.bias] will not optimize.
2025-06-22 15:52:46,351 - WARNING - Params [module.irn.operations.9.NG.norm2.bias] will not optimize.
25-06-22 15:52:46.351 - WARNING: Params [module.irn.operations.9.H.conv1.weight] will not optimize.
2025-06-22 15:52:46,351 - WARNING - Params [module.irn.operations.9.H.conv1.weight] will not optimize.
25-06-22 15:52:46.351 - WARNING: Params [module.irn.operations.9.H.conv1.bias] will not optimize.
2025-06-22 15:52:46,351 - WARNING - Params [module.irn.operations.9.H.conv1.bias] will not optimize.
25-06-22 15:52:46.351 - WARNING: Params [module.irn.operations.9.H.conv2.weight] will not optimize.
2025-06-22 15:52:46,351 - WARNING - Params [module.irn.operations.9.H.conv2.weight] will not optimize.
25-06-22 15:52:46.351 - WARNING: Params [module.irn.operations.9.H.conv2.bias] will not optimize.
2025-06-22 15:52:46,351 - WARNING - Params [module.irn.operations.9.H.conv2.bias] will not optimize.
25-06-22 15:52:46.351 - WARNING: Params [module.irn.operations.9.H.conv3.weight] will not optimize.
2025-06-22 15:52:46,351 - WARNING - Params [module.irn.operations.9.H.conv3.weight] will not optimize.
25-06-22 15:52:46.351 - WARNING: Params [module.irn.operations.9.H.conv3.bias] will not optimize.
2025-06-22 15:52:46,351 - WARNING - Params [module.irn.operations.9.H.conv3.bias] will not optimize.
25-06-22 15:52:46.351 - WARNING: Params [module.irn.operations.9.H.conv4.weight] will not optimize.
2025-06-22 15:52:46,351 - WARNING - Params [module.irn.operations.9.H.conv4.weight] will not optimize.
25-06-22 15:52:46.351 - WARNING: Params [module.irn.operations.9.H.conv4.bias] will not optimize.
2025-06-22 15:52:46,351 - WARNING - Params [module.irn.operations.9.H.conv4.bias] will not optimize.
25-06-22 15:52:46.351 - WARNING: Params [module.irn.operations.9.H.conv5.weight] will not optimize.
2025-06-22 15:52:46,351 - WARNING - Params [module.irn.operations.9.H.conv5.weight] will not optimize.
25-06-22 15:52:46.351 - WARNING: Params [module.irn.operations.9.H.conv5.bias] will not optimize.
2025-06-22 15:52:46,351 - WARNING - Params [module.irn.operations.9.H.conv5.bias] will not optimize.
25-06-22 15:52:46.351 - WARNING: Params [module.irn.operations.9.NH.beta] will not optimize.
2025-06-22 15:52:46,351 - WARNING - Params [module.irn.operations.9.NH.beta] will not optimize.
25-06-22 15:52:46.351 - WARNING: Params [module.irn.operations.9.NH.gamma] will not optimize.
2025-06-22 15:52:46,351 - WARNING - Params [module.irn.operations.9.NH.gamma] will not optimize.
25-06-22 15:52:46.352 - WARNING: Params [module.irn.operations.9.NH.conv1.weight] will not optimize.
2025-06-22 15:52:46,352 - WARNING - Params [module.irn.operations.9.NH.conv1.weight] will not optimize.
25-06-22 15:52:46.352 - WARNING: Params [module.irn.operations.9.NH.conv1.bias] will not optimize.
2025-06-22 15:52:46,352 - WARNING - Params [module.irn.operations.9.NH.conv1.bias] will not optimize.
25-06-22 15:52:46.352 - WARNING: Params [module.irn.operations.9.NH.conv2.weight] will not optimize.
2025-06-22 15:52:46,352 - WARNING - Params [module.irn.operations.9.NH.conv2.weight] will not optimize.
25-06-22 15:52:46.352 - WARNING: Params [module.irn.operations.9.NH.conv2.bias] will not optimize.
2025-06-22 15:52:46,352 - WARNING - Params [module.irn.operations.9.NH.conv2.bias] will not optimize.
25-06-22 15:52:46.352 - WARNING: Params [module.irn.operations.9.NH.conv3.weight] will not optimize.
2025-06-22 15:52:46,352 - WARNING - Params [module.irn.operations.9.NH.conv3.weight] will not optimize.
25-06-22 15:52:46.352 - WARNING: Params [module.irn.operations.9.NH.conv3.bias] will not optimize.
2025-06-22 15:52:46,352 - WARNING - Params [module.irn.operations.9.NH.conv3.bias] will not optimize.
25-06-22 15:52:46.352 - WARNING: Params [module.irn.operations.9.NH.sca.1.weight] will not optimize.
2025-06-22 15:52:46,352 - WARNING - Params [module.irn.operations.9.NH.sca.1.weight] will not optimize.
25-06-22 15:52:46.352 - WARNING: Params [module.irn.operations.9.NH.sca.1.bias] will not optimize.
2025-06-22 15:52:46,352 - WARNING - Params [module.irn.operations.9.NH.sca.1.bias] will not optimize.
25-06-22 15:52:46.352 - WARNING: Params [module.irn.operations.9.NH.conv4.weight] will not optimize.
2025-06-22 15:52:46,352 - WARNING - Params [module.irn.operations.9.NH.conv4.weight] will not optimize.
25-06-22 15:52:46.352 - WARNING: Params [module.irn.operations.9.NH.conv4.bias] will not optimize.
2025-06-22 15:52:46,352 - WARNING - Params [module.irn.operations.9.NH.conv4.bias] will not optimize.
25-06-22 15:52:46.352 - WARNING: Params [module.irn.operations.9.NH.conv5.weight] will not optimize.
2025-06-22 15:52:46,352 - WARNING - Params [module.irn.operations.9.NH.conv5.weight] will not optimize.
25-06-22 15:52:46.352 - WARNING: Params [module.irn.operations.9.NH.conv5.bias] will not optimize.
2025-06-22 15:52:46,352 - WARNING - Params [module.irn.operations.9.NH.conv5.bias] will not optimize.
25-06-22 15:52:46.352 - WARNING: Params [module.irn.operations.9.NH.norm1.weight] will not optimize.
2025-06-22 15:52:46,352 - WARNING - Params [module.irn.operations.9.NH.norm1.weight] will not optimize.
25-06-22 15:52:46.352 - WARNING: Params [module.irn.operations.9.NH.norm1.bias] will not optimize.
2025-06-22 15:52:46,352 - WARNING - Params [module.irn.operations.9.NH.norm1.bias] will not optimize.
25-06-22 15:52:46.352 - WARNING: Params [module.irn.operations.9.NH.norm2.weight] will not optimize.
2025-06-22 15:52:46,352 - WARNING - Params [module.irn.operations.9.NH.norm2.weight] will not optimize.
25-06-22 15:52:46.352 - WARNING: Params [module.irn.operations.9.NH.norm2.bias] will not optimize.
2025-06-22 15:52:46,352 - WARNING - Params [module.irn.operations.9.NH.norm2.bias] will not optimize.
25-06-22 15:52:46.352 - WARNING: Params [module.irn.operations.10.F.conv1.weight] will not optimize.
2025-06-22 15:52:46,352 - WARNING - Params [module.irn.operations.10.F.conv1.weight] will not optimize.
25-06-22 15:52:46.352 - WARNING: Params [module.irn.operations.10.F.conv1.bias] will not optimize.
2025-06-22 15:52:46,352 - WARNING - Params [module.irn.operations.10.F.conv1.bias] will not optimize.
25-06-22 15:52:46.352 - WARNING: Params [module.irn.operations.10.F.conv2.weight] will not optimize.
2025-06-22 15:52:46,352 - WARNING - Params [module.irn.operations.10.F.conv2.weight] will not optimize.
25-06-22 15:52:46.353 - WARNING: Params [module.irn.operations.10.F.conv2.bias] will not optimize.
2025-06-22 15:52:46,353 - WARNING - Params [module.irn.operations.10.F.conv2.bias] will not optimize.
25-06-22 15:52:46.353 - WARNING: Params [module.irn.operations.10.F.conv3.weight] will not optimize.
2025-06-22 15:52:46,353 - WARNING - Params [module.irn.operations.10.F.conv3.weight] will not optimize.
25-06-22 15:52:46.353 - WARNING: Params [module.irn.operations.10.F.conv3.bias] will not optimize.
2025-06-22 15:52:46,353 - WARNING - Params [module.irn.operations.10.F.conv3.bias] will not optimize.
25-06-22 15:52:46.353 - WARNING: Params [module.irn.operations.10.F.conv4.weight] will not optimize.
2025-06-22 15:52:46,353 - WARNING - Params [module.irn.operations.10.F.conv4.weight] will not optimize.
25-06-22 15:52:46.353 - WARNING: Params [module.irn.operations.10.F.conv4.bias] will not optimize.
2025-06-22 15:52:46,353 - WARNING - Params [module.irn.operations.10.F.conv4.bias] will not optimize.
25-06-22 15:52:46.353 - WARNING: Params [module.irn.operations.10.F.conv5.weight] will not optimize.
2025-06-22 15:52:46,353 - WARNING - Params [module.irn.operations.10.F.conv5.weight] will not optimize.
25-06-22 15:52:46.353 - WARNING: Params [module.irn.operations.10.F.conv5.bias] will not optimize.
2025-06-22 15:52:46,353 - WARNING - Params [module.irn.operations.10.F.conv5.bias] will not optimize.
25-06-22 15:52:46.353 - WARNING: Params [module.irn.operations.10.NF.beta] will not optimize.
2025-06-22 15:52:46,353 - WARNING - Params [module.irn.operations.10.NF.beta] will not optimize.
25-06-22 15:52:46.353 - WARNING: Params [module.irn.operations.10.NF.gamma] will not optimize.
2025-06-22 15:52:46,353 - WARNING - Params [module.irn.operations.10.NF.gamma] will not optimize.
25-06-22 15:52:46.353 - WARNING: Params [module.irn.operations.10.NF.conv1.weight] will not optimize.
2025-06-22 15:52:46,353 - WARNING - Params [module.irn.operations.10.NF.conv1.weight] will not optimize.
25-06-22 15:52:46.353 - WARNING: Params [module.irn.operations.10.NF.conv1.bias] will not optimize.
2025-06-22 15:52:46,353 - WARNING - Params [module.irn.operations.10.NF.conv1.bias] will not optimize.
25-06-22 15:52:46.353 - WARNING: Params [module.irn.operations.10.NF.conv2.weight] will not optimize.
2025-06-22 15:52:46,353 - WARNING - Params [module.irn.operations.10.NF.conv2.weight] will not optimize.
25-06-22 15:52:46.353 - WARNING: Params [module.irn.operations.10.NF.conv2.bias] will not optimize.
2025-06-22 15:52:46,353 - WARNING - Params [module.irn.operations.10.NF.conv2.bias] will not optimize.
25-06-22 15:52:46.353 - WARNING: Params [module.irn.operations.10.NF.conv3.weight] will not optimize.
2025-06-22 15:52:46,353 - WARNING - Params [module.irn.operations.10.NF.conv3.weight] will not optimize.
25-06-22 15:52:46.353 - WARNING: Params [module.irn.operations.10.NF.conv3.bias] will not optimize.
2025-06-22 15:52:46,353 - WARNING - Params [module.irn.operations.10.NF.conv3.bias] will not optimize.
25-06-22 15:52:46.353 - WARNING: Params [module.irn.operations.10.NF.sca.1.weight] will not optimize.
2025-06-22 15:52:46,353 - WARNING - Params [module.irn.operations.10.NF.sca.1.weight] will not optimize.
25-06-22 15:52:46.353 - WARNING: Params [module.irn.operations.10.NF.sca.1.bias] will not optimize.
2025-06-22 15:52:46,353 - WARNING - Params [module.irn.operations.10.NF.sca.1.bias] will not optimize.
25-06-22 15:52:46.353 - WARNING: Params [module.irn.operations.10.NF.conv4.weight] will not optimize.
2025-06-22 15:52:46,353 - WARNING - Params [module.irn.operations.10.NF.conv4.weight] will not optimize.
25-06-22 15:52:46.353 - WARNING: Params [module.irn.operations.10.NF.conv4.bias] will not optimize.
2025-06-22 15:52:46,353 - WARNING - Params [module.irn.operations.10.NF.conv4.bias] will not optimize.
25-06-22 15:52:46.354 - WARNING: Params [module.irn.operations.10.NF.conv5.weight] will not optimize.
2025-06-22 15:52:46,354 - WARNING - Params [module.irn.operations.10.NF.conv5.weight] will not optimize.
25-06-22 15:52:46.354 - WARNING: Params [module.irn.operations.10.NF.conv5.bias] will not optimize.
2025-06-22 15:52:46,354 - WARNING - Params [module.irn.operations.10.NF.conv5.bias] will not optimize.
25-06-22 15:52:46.354 - WARNING: Params [module.irn.operations.10.NF.norm1.weight] will not optimize.
2025-06-22 15:52:46,354 - WARNING - Params [module.irn.operations.10.NF.norm1.weight] will not optimize.
25-06-22 15:52:46.354 - WARNING: Params [module.irn.operations.10.NF.norm1.bias] will not optimize.
2025-06-22 15:52:46,354 - WARNING - Params [module.irn.operations.10.NF.norm1.bias] will not optimize.
25-06-22 15:52:46.354 - WARNING: Params [module.irn.operations.10.NF.norm2.weight] will not optimize.
2025-06-22 15:52:46,354 - WARNING - Params [module.irn.operations.10.NF.norm2.weight] will not optimize.
25-06-22 15:52:46.354 - WARNING: Params [module.irn.operations.10.NF.norm2.bias] will not optimize.
2025-06-22 15:52:46,354 - WARNING - Params [module.irn.operations.10.NF.norm2.bias] will not optimize.
25-06-22 15:52:46.354 - WARNING: Params [module.irn.operations.10.G.conv1.weight] will not optimize.
2025-06-22 15:52:46,354 - WARNING - Params [module.irn.operations.10.G.conv1.weight] will not optimize.
25-06-22 15:52:46.354 - WARNING: Params [module.irn.operations.10.G.conv1.bias] will not optimize.
2025-06-22 15:52:46,354 - WARNING - Params [module.irn.operations.10.G.conv1.bias] will not optimize.
25-06-22 15:52:46.354 - WARNING: Params [module.irn.operations.10.G.conv2.weight] will not optimize.
2025-06-22 15:52:46,354 - WARNING - Params [module.irn.operations.10.G.conv2.weight] will not optimize.
25-06-22 15:52:46.354 - WARNING: Params [module.irn.operations.10.G.conv2.bias] will not optimize.
2025-06-22 15:52:46,354 - WARNING - Params [module.irn.operations.10.G.conv2.bias] will not optimize.
25-06-22 15:52:46.354 - WARNING: Params [module.irn.operations.10.G.conv3.weight] will not optimize.
2025-06-22 15:52:46,354 - WARNING - Params [module.irn.operations.10.G.conv3.weight] will not optimize.
25-06-22 15:52:46.354 - WARNING: Params [module.irn.operations.10.G.conv3.bias] will not optimize.
2025-06-22 15:52:46,354 - WARNING - Params [module.irn.operations.10.G.conv3.bias] will not optimize.
25-06-22 15:52:46.354 - WARNING: Params [module.irn.operations.10.G.conv4.weight] will not optimize.
2025-06-22 15:52:46,354 - WARNING - Params [module.irn.operations.10.G.conv4.weight] will not optimize.
25-06-22 15:52:46.354 - WARNING: Params [module.irn.operations.10.G.conv4.bias] will not optimize.
2025-06-22 15:52:46,354 - WARNING - Params [module.irn.operations.10.G.conv4.bias] will not optimize.
25-06-22 15:52:46.354 - WARNING: Params [module.irn.operations.10.G.conv5.weight] will not optimize.
2025-06-22 15:52:46,354 - WARNING - Params [module.irn.operations.10.G.conv5.weight] will not optimize.
25-06-22 15:52:46.354 - WARNING: Params [module.irn.operations.10.G.conv5.bias] will not optimize.
2025-06-22 15:52:46,354 - WARNING - Params [module.irn.operations.10.G.conv5.bias] will not optimize.
25-06-22 15:52:46.354 - WARNING: Params [module.irn.operations.10.NG.beta] will not optimize.
2025-06-22 15:52:46,354 - WARNING - Params [module.irn.operations.10.NG.beta] will not optimize.
25-06-22 15:52:46.354 - WARNING: Params [module.irn.operations.10.NG.gamma] will not optimize.
2025-06-22 15:52:46,354 - WARNING - Params [module.irn.operations.10.NG.gamma] will not optimize.
25-06-22 15:52:46.354 - WARNING: Params [module.irn.operations.10.NG.conv1.weight] will not optimize.
2025-06-22 15:52:46,354 - WARNING - Params [module.irn.operations.10.NG.conv1.weight] will not optimize.
25-06-22 15:52:46.355 - WARNING: Params [module.irn.operations.10.NG.conv1.bias] will not optimize.
2025-06-22 15:52:46,355 - WARNING - Params [module.irn.operations.10.NG.conv1.bias] will not optimize.
25-06-22 15:52:46.355 - WARNING: Params [module.irn.operations.10.NG.conv2.weight] will not optimize.
2025-06-22 15:52:46,355 - WARNING - Params [module.irn.operations.10.NG.conv2.weight] will not optimize.
25-06-22 15:52:46.355 - WARNING: Params [module.irn.operations.10.NG.conv2.bias] will not optimize.
2025-06-22 15:52:46,355 - WARNING - Params [module.irn.operations.10.NG.conv2.bias] will not optimize.
25-06-22 15:52:46.355 - WARNING: Params [module.irn.operations.10.NG.conv3.weight] will not optimize.
2025-06-22 15:52:46,355 - WARNING - Params [module.irn.operations.10.NG.conv3.weight] will not optimize.
25-06-22 15:52:46.355 - WARNING: Params [module.irn.operations.10.NG.conv3.bias] will not optimize.
2025-06-22 15:52:46,355 - WARNING - Params [module.irn.operations.10.NG.conv3.bias] will not optimize.
25-06-22 15:52:46.355 - WARNING: Params [module.irn.operations.10.NG.sca.1.weight] will not optimize.
2025-06-22 15:52:46,355 - WARNING - Params [module.irn.operations.10.NG.sca.1.weight] will not optimize.
25-06-22 15:52:46.355 - WARNING: Params [module.irn.operations.10.NG.sca.1.bias] will not optimize.
2025-06-22 15:52:46,355 - WARNING - Params [module.irn.operations.10.NG.sca.1.bias] will not optimize.
25-06-22 15:52:46.355 - WARNING: Params [module.irn.operations.10.NG.conv4.weight] will not optimize.
2025-06-22 15:52:46,355 - WARNING - Params [module.irn.operations.10.NG.conv4.weight] will not optimize.
25-06-22 15:52:46.355 - WARNING: Params [module.irn.operations.10.NG.conv4.bias] will not optimize.
2025-06-22 15:52:46,355 - WARNING - Params [module.irn.operations.10.NG.conv4.bias] will not optimize.
25-06-22 15:52:46.355 - WARNING: Params [module.irn.operations.10.NG.conv5.weight] will not optimize.
2025-06-22 15:52:46,355 - WARNING - Params [module.irn.operations.10.NG.conv5.weight] will not optimize.
25-06-22 15:52:46.355 - WARNING: Params [module.irn.operations.10.NG.conv5.bias] will not optimize.
2025-06-22 15:52:46,355 - WARNING - Params [module.irn.operations.10.NG.conv5.bias] will not optimize.
25-06-22 15:52:46.355 - WARNING: Params [module.irn.operations.10.NG.norm1.weight] will not optimize.
2025-06-22 15:52:46,355 - WARNING - Params [module.irn.operations.10.NG.norm1.weight] will not optimize.
25-06-22 15:52:46.355 - WARNING: Params [module.irn.operations.10.NG.norm1.bias] will not optimize.
2025-06-22 15:52:46,355 - WARNING - Params [module.irn.operations.10.NG.norm1.bias] will not optimize.
25-06-22 15:52:46.355 - WARNING: Params [module.irn.operations.10.NG.norm2.weight] will not optimize.
2025-06-22 15:52:46,355 - WARNING - Params [module.irn.operations.10.NG.norm2.weight] will not optimize.
25-06-22 15:52:46.355 - WARNING: Params [module.irn.operations.10.NG.norm2.bias] will not optimize.
2025-06-22 15:52:46,355 - WARNING - Params [module.irn.operations.10.NG.norm2.bias] will not optimize.
25-06-22 15:52:46.355 - WARNING: Params [module.irn.operations.10.H.conv1.weight] will not optimize.
2025-06-22 15:52:46,355 - WARNING - Params [module.irn.operations.10.H.conv1.weight] will not optimize.
25-06-22 15:52:46.355 - WARNING: Params [module.irn.operations.10.H.conv1.bias] will not optimize.
2025-06-22 15:52:46,355 - WARNING - Params [module.irn.operations.10.H.conv1.bias] will not optimize.
25-06-22 15:52:46.355 - WARNING: Params [module.irn.operations.10.H.conv2.weight] will not optimize.
2025-06-22 15:52:46,355 - WARNING - Params [module.irn.operations.10.H.conv2.weight] will not optimize.
25-06-22 15:52:46.355 - WARNING: Params [module.irn.operations.10.H.conv2.bias] will not optimize.
2025-06-22 15:52:46,355 - WARNING - Params [module.irn.operations.10.H.conv2.bias] will not optimize.
25-06-22 15:52:46.356 - WARNING: Params [module.irn.operations.10.H.conv3.weight] will not optimize.
2025-06-22 15:52:46,356 - WARNING - Params [module.irn.operations.10.H.conv3.weight] will not optimize.
25-06-22 15:52:46.356 - WARNING: Params [module.irn.operations.10.H.conv3.bias] will not optimize.
2025-06-22 15:52:46,356 - WARNING - Params [module.irn.operations.10.H.conv3.bias] will not optimize.
25-06-22 15:52:46.356 - WARNING: Params [module.irn.operations.10.H.conv4.weight] will not optimize.
2025-06-22 15:52:46,356 - WARNING - Params [module.irn.operations.10.H.conv4.weight] will not optimize.
25-06-22 15:52:46.356 - WARNING: Params [module.irn.operations.10.H.conv4.bias] will not optimize.
2025-06-22 15:52:46,356 - WARNING - Params [module.irn.operations.10.H.conv4.bias] will not optimize.
25-06-22 15:52:46.356 - WARNING: Params [module.irn.operations.10.H.conv5.weight] will not optimize.
2025-06-22 15:52:46,356 - WARNING - Params [module.irn.operations.10.H.conv5.weight] will not optimize.
25-06-22 15:52:46.356 - WARNING: Params [module.irn.operations.10.H.conv5.bias] will not optimize.
2025-06-22 15:52:46,356 - WARNING - Params [module.irn.operations.10.H.conv5.bias] will not optimize.
25-06-22 15:52:46.356 - WARNING: Params [module.irn.operations.10.NH.beta] will not optimize.
2025-06-22 15:52:46,356 - WARNING - Params [module.irn.operations.10.NH.beta] will not optimize.
25-06-22 15:52:46.356 - WARNING: Params [module.irn.operations.10.NH.gamma] will not optimize.
2025-06-22 15:52:46,356 - WARNING - Params [module.irn.operations.10.NH.gamma] will not optimize.
25-06-22 15:52:46.356 - WARNING: Params [module.irn.operations.10.NH.conv1.weight] will not optimize.
2025-06-22 15:52:46,356 - WARNING - Params [module.irn.operations.10.NH.conv1.weight] will not optimize.
25-06-22 15:52:46.356 - WARNING: Params [module.irn.operations.10.NH.conv1.bias] will not optimize.
2025-06-22 15:52:46,356 - WARNING - Params [module.irn.operations.10.NH.conv1.bias] will not optimize.
25-06-22 15:52:46.356 - WARNING: Params [module.irn.operations.10.NH.conv2.weight] will not optimize.
2025-06-22 15:52:46,356 - WARNING - Params [module.irn.operations.10.NH.conv2.weight] will not optimize.
25-06-22 15:52:46.356 - WARNING: Params [module.irn.operations.10.NH.conv2.bias] will not optimize.
2025-06-22 15:52:46,356 - WARNING - Params [module.irn.operations.10.NH.conv2.bias] will not optimize.
25-06-22 15:52:46.356 - WARNING: Params [module.irn.operations.10.NH.conv3.weight] will not optimize.
2025-06-22 15:52:46,356 - WARNING - Params [module.irn.operations.10.NH.conv3.weight] will not optimize.
25-06-22 15:52:46.356 - WARNING: Params [module.irn.operations.10.NH.conv3.bias] will not optimize.
2025-06-22 15:52:46,356 - WARNING - Params [module.irn.operations.10.NH.conv3.bias] will not optimize.
25-06-22 15:52:46.356 - WARNING: Params [module.irn.operations.10.NH.sca.1.weight] will not optimize.
2025-06-22 15:52:46,356 - WARNING - Params [module.irn.operations.10.NH.sca.1.weight] will not optimize.
25-06-22 15:52:46.356 - WARNING: Params [module.irn.operations.10.NH.sca.1.bias] will not optimize.
2025-06-22 15:52:46,356 - WARNING - Params [module.irn.operations.10.NH.sca.1.bias] will not optimize.
25-06-22 15:52:46.356 - WARNING: Params [module.irn.operations.10.NH.conv4.weight] will not optimize.
2025-06-22 15:52:46,356 - WARNING - Params [module.irn.operations.10.NH.conv4.weight] will not optimize.
25-06-22 15:52:46.356 - WARNING: Params [module.irn.operations.10.NH.conv4.bias] will not optimize.
2025-06-22 15:52:46,356 - WARNING - Params [module.irn.operations.10.NH.conv4.bias] will not optimize.
25-06-22 15:52:46.357 - WARNING: Params [module.irn.operations.10.NH.conv5.weight] will not optimize.
2025-06-22 15:52:46,357 - WARNING - Params [module.irn.operations.10.NH.conv5.weight] will not optimize.
25-06-22 15:52:46.357 - WARNING: Params [module.irn.operations.10.NH.conv5.bias] will not optimize.
2025-06-22 15:52:46,357 - WARNING - Params [module.irn.operations.10.NH.conv5.bias] will not optimize.
25-06-22 15:52:46.357 - WARNING: Params [module.irn.operations.10.NH.norm1.weight] will not optimize.
2025-06-22 15:52:46,357 - WARNING - Params [module.irn.operations.10.NH.norm1.weight] will not optimize.
25-06-22 15:52:46.357 - WARNING: Params [module.irn.operations.10.NH.norm1.bias] will not optimize.
2025-06-22 15:52:46,357 - WARNING - Params [module.irn.operations.10.NH.norm1.bias] will not optimize.
25-06-22 15:52:46.357 - WARNING: Params [module.irn.operations.10.NH.norm2.weight] will not optimize.
2025-06-22 15:52:46,357 - WARNING - Params [module.irn.operations.10.NH.norm2.weight] will not optimize.
25-06-22 15:52:46.357 - WARNING: Params [module.irn.operations.10.NH.norm2.bias] will not optimize.
2025-06-22 15:52:46,357 - WARNING - Params [module.irn.operations.10.NH.norm2.bias] will not optimize.
25-06-22 15:52:46.357 - WARNING: Params [module.irn.operations.11.F.conv1.weight] will not optimize.
2025-06-22 15:52:46,357 - WARNING - Params [module.irn.operations.11.F.conv1.weight] will not optimize.
25-06-22 15:52:46.357 - WARNING: Params [module.irn.operations.11.F.conv1.bias] will not optimize.
2025-06-22 15:52:46,357 - WARNING - Params [module.irn.operations.11.F.conv1.bias] will not optimize.
25-06-22 15:52:46.357 - WARNING: Params [module.irn.operations.11.F.conv2.weight] will not optimize.
2025-06-22 15:52:46,357 - WARNING - Params [module.irn.operations.11.F.conv2.weight] will not optimize.
25-06-22 15:52:46.357 - WARNING: Params [module.irn.operations.11.F.conv2.bias] will not optimize.
2025-06-22 15:52:46,357 - WARNING - Params [module.irn.operations.11.F.conv2.bias] will not optimize.
25-06-22 15:52:46.357 - WARNING: Params [module.irn.operations.11.F.conv3.weight] will not optimize.
2025-06-22 15:52:46,357 - WARNING - Params [module.irn.operations.11.F.conv3.weight] will not optimize.
25-06-22 15:52:46.357 - WARNING: Params [module.irn.operations.11.F.conv3.bias] will not optimize.
2025-06-22 15:52:46,357 - WARNING - Params [module.irn.operations.11.F.conv3.bias] will not optimize.
25-06-22 15:52:46.357 - WARNING: Params [module.irn.operations.11.F.conv4.weight] will not optimize.
2025-06-22 15:52:46,357 - WARNING - Params [module.irn.operations.11.F.conv4.weight] will not optimize.
25-06-22 15:52:46.357 - WARNING: Params [module.irn.operations.11.F.conv4.bias] will not optimize.
2025-06-22 15:52:46,357 - WARNING - Params [module.irn.operations.11.F.conv4.bias] will not optimize.
25-06-22 15:52:46.357 - WARNING: Params [module.irn.operations.11.F.conv5.weight] will not optimize.
2025-06-22 15:52:46,357 - WARNING - Params [module.irn.operations.11.F.conv5.weight] will not optimize.
25-06-22 15:52:46.357 - WARNING: Params [module.irn.operations.11.F.conv5.bias] will not optimize.
2025-06-22 15:52:46,357 - WARNING - Params [module.irn.operations.11.F.conv5.bias] will not optimize.
25-06-22 15:52:46.357 - WARNING: Params [module.irn.operations.11.NF.beta] will not optimize.
2025-06-22 15:52:46,357 - WARNING - Params [module.irn.operations.11.NF.beta] will not optimize.
25-06-22 15:52:46.357 - WARNING: Params [module.irn.operations.11.NF.gamma] will not optimize.
2025-06-22 15:52:46,357 - WARNING - Params [module.irn.operations.11.NF.gamma] will not optimize.
25-06-22 15:52:46.357 - WARNING: Params [module.irn.operations.11.NF.conv1.weight] will not optimize.
2025-06-22 15:52:46,357 - WARNING - Params [module.irn.operations.11.NF.conv1.weight] will not optimize.
25-06-22 15:52:46.358 - WARNING: Params [module.irn.operations.11.NF.conv1.bias] will not optimize.
2025-06-22 15:52:46,358 - WARNING - Params [module.irn.operations.11.NF.conv1.bias] will not optimize.
25-06-22 15:52:46.358 - WARNING: Params [module.irn.operations.11.NF.conv2.weight] will not optimize.
2025-06-22 15:52:46,358 - WARNING - Params [module.irn.operations.11.NF.conv2.weight] will not optimize.
25-06-22 15:52:46.358 - WARNING: Params [module.irn.operations.11.NF.conv2.bias] will not optimize.
2025-06-22 15:52:46,358 - WARNING - Params [module.irn.operations.11.NF.conv2.bias] will not optimize.
25-06-22 15:52:46.358 - WARNING: Params [module.irn.operations.11.NF.conv3.weight] will not optimize.
2025-06-22 15:52:46,358 - WARNING - Params [module.irn.operations.11.NF.conv3.weight] will not optimize.
25-06-22 15:52:46.358 - WARNING: Params [module.irn.operations.11.NF.conv3.bias] will not optimize.
2025-06-22 15:52:46,358 - WARNING - Params [module.irn.operations.11.NF.conv3.bias] will not optimize.
25-06-22 15:52:46.358 - WARNING: Params [module.irn.operations.11.NF.sca.1.weight] will not optimize.
2025-06-22 15:52:46,358 - WARNING - Params [module.irn.operations.11.NF.sca.1.weight] will not optimize.
25-06-22 15:52:46.358 - WARNING: Params [module.irn.operations.11.NF.sca.1.bias] will not optimize.
2025-06-22 15:52:46,358 - WARNING - Params [module.irn.operations.11.NF.sca.1.bias] will not optimize.
25-06-22 15:52:46.358 - WARNING: Params [module.irn.operations.11.NF.conv4.weight] will not optimize.
2025-06-22 15:52:46,358 - WARNING - Params [module.irn.operations.11.NF.conv4.weight] will not optimize.
25-06-22 15:52:46.358 - WARNING: Params [module.irn.operations.11.NF.conv4.bias] will not optimize.
2025-06-22 15:52:46,358 - WARNING - Params [module.irn.operations.11.NF.conv4.bias] will not optimize.
25-06-22 15:52:46.358 - WARNING: Params [module.irn.operations.11.NF.conv5.weight] will not optimize.
2025-06-22 15:52:46,358 - WARNING - Params [module.irn.operations.11.NF.conv5.weight] will not optimize.
25-06-22 15:52:46.358 - WARNING: Params [module.irn.operations.11.NF.conv5.bias] will not optimize.
2025-06-22 15:52:46,358 - WARNING - Params [module.irn.operations.11.NF.conv5.bias] will not optimize.
25-06-22 15:52:46.358 - WARNING: Params [module.irn.operations.11.NF.norm1.weight] will not optimize.
2025-06-22 15:52:46,358 - WARNING - Params [module.irn.operations.11.NF.norm1.weight] will not optimize.
25-06-22 15:52:46.358 - WARNING: Params [module.irn.operations.11.NF.norm1.bias] will not optimize.
2025-06-22 15:52:46,358 - WARNING - Params [module.irn.operations.11.NF.norm1.bias] will not optimize.
25-06-22 15:52:46.358 - WARNING: Params [module.irn.operations.11.NF.norm2.weight] will not optimize.
2025-06-22 15:52:46,358 - WARNING - Params [module.irn.operations.11.NF.norm2.weight] will not optimize.
25-06-22 15:52:46.358 - WARNING: Params [module.irn.operations.11.NF.norm2.bias] will not optimize.
2025-06-22 15:52:46,358 - WARNING - Params [module.irn.operations.11.NF.norm2.bias] will not optimize.
25-06-22 15:52:46.358 - WARNING: Params [module.irn.operations.11.G.conv1.weight] will not optimize.
2025-06-22 15:52:46,358 - WARNING - Params [module.irn.operations.11.G.conv1.weight] will not optimize.
25-06-22 15:52:46.358 - WARNING: Params [module.irn.operations.11.G.conv1.bias] will not optimize.
2025-06-22 15:52:46,358 - WARNING - Params [module.irn.operations.11.G.conv1.bias] will not optimize.
25-06-22 15:52:46.358 - WARNING: Params [module.irn.operations.11.G.conv2.weight] will not optimize.
2025-06-22 15:52:46,358 - WARNING - Params [module.irn.operations.11.G.conv2.weight] will not optimize.
25-06-22 15:52:46.358 - WARNING: Params [module.irn.operations.11.G.conv2.bias] will not optimize.
2025-06-22 15:52:46,358 - WARNING - Params [module.irn.operations.11.G.conv2.bias] will not optimize.
25-06-22 15:52:46.359 - WARNING: Params [module.irn.operations.11.G.conv3.weight] will not optimize.
2025-06-22 15:52:46,359 - WARNING - Params [module.irn.operations.11.G.conv3.weight] will not optimize.
25-06-22 15:52:46.359 - WARNING: Params [module.irn.operations.11.G.conv3.bias] will not optimize.
2025-06-22 15:52:46,359 - WARNING - Params [module.irn.operations.11.G.conv3.bias] will not optimize.
25-06-22 15:52:46.359 - WARNING: Params [module.irn.operations.11.G.conv4.weight] will not optimize.
2025-06-22 15:52:46,359 - WARNING - Params [module.irn.operations.11.G.conv4.weight] will not optimize.
25-06-22 15:52:46.359 - WARNING: Params [module.irn.operations.11.G.conv4.bias] will not optimize.
2025-06-22 15:52:46,359 - WARNING - Params [module.irn.operations.11.G.conv4.bias] will not optimize.
25-06-22 15:52:46.359 - WARNING: Params [module.irn.operations.11.G.conv5.weight] will not optimize.
2025-06-22 15:52:46,359 - WARNING - Params [module.irn.operations.11.G.conv5.weight] will not optimize.
25-06-22 15:52:46.359 - WARNING: Params [module.irn.operations.11.G.conv5.bias] will not optimize.
2025-06-22 15:52:46,359 - WARNING - Params [module.irn.operations.11.G.conv5.bias] will not optimize.
25-06-22 15:52:46.359 - WARNING: Params [module.irn.operations.11.NG.beta] will not optimize.
2025-06-22 15:52:46,359 - WARNING - Params [module.irn.operations.11.NG.beta] will not optimize.
25-06-22 15:52:46.359 - WARNING: Params [module.irn.operations.11.NG.gamma] will not optimize.
2025-06-22 15:52:46,359 - WARNING - Params [module.irn.operations.11.NG.gamma] will not optimize.
25-06-22 15:52:46.359 - WARNING: Params [module.irn.operations.11.NG.conv1.weight] will not optimize.
2025-06-22 15:52:46,359 - WARNING - Params [module.irn.operations.11.NG.conv1.weight] will not optimize.
25-06-22 15:52:46.359 - WARNING: Params [module.irn.operations.11.NG.conv1.bias] will not optimize.
2025-06-22 15:52:46,359 - WARNING - Params [module.irn.operations.11.NG.conv1.bias] will not optimize.
25-06-22 15:52:46.359 - WARNING: Params [module.irn.operations.11.NG.conv2.weight] will not optimize.
2025-06-22 15:52:46,359 - WARNING - Params [module.irn.operations.11.NG.conv2.weight] will not optimize.
25-06-22 15:52:46.359 - WARNING: Params [module.irn.operations.11.NG.conv2.bias] will not optimize.
2025-06-22 15:52:46,359 - WARNING - Params [module.irn.operations.11.NG.conv2.bias] will not optimize.
25-06-22 15:52:46.359 - WARNING: Params [module.irn.operations.11.NG.conv3.weight] will not optimize.
2025-06-22 15:52:46,359 - WARNING - Params [module.irn.operations.11.NG.conv3.weight] will not optimize.
25-06-22 15:52:46.359 - WARNING: Params [module.irn.operations.11.NG.conv3.bias] will not optimize.
2025-06-22 15:52:46,359 - WARNING - Params [module.irn.operations.11.NG.conv3.bias] will not optimize.
25-06-22 15:52:46.359 - WARNING: Params [module.irn.operations.11.NG.sca.1.weight] will not optimize.
2025-06-22 15:52:46,359 - WARNING - Params [module.irn.operations.11.NG.sca.1.weight] will not optimize.
25-06-22 15:52:46.359 - WARNING: Params [module.irn.operations.11.NG.sca.1.bias] will not optimize.
2025-06-22 15:52:46,359 - WARNING - Params [module.irn.operations.11.NG.sca.1.bias] will not optimize.
25-06-22 15:52:46.359 - WARNING: Params [module.irn.operations.11.NG.conv4.weight] will not optimize.
2025-06-22 15:52:46,359 - WARNING - Params [module.irn.operations.11.NG.conv4.weight] will not optimize.
25-06-22 15:52:46.359 - WARNING: Params [module.irn.operations.11.NG.conv4.bias] will not optimize.
2025-06-22 15:52:46,359 - WARNING - Params [module.irn.operations.11.NG.conv4.bias] will not optimize.
25-06-22 15:52:46.359 - WARNING: Params [module.irn.operations.11.NG.conv5.weight] will not optimize.
2025-06-22 15:52:46,359 - WARNING - Params [module.irn.operations.11.NG.conv5.weight] will not optimize.
25-06-22 15:52:46.360 - WARNING: Params [module.irn.operations.11.NG.conv5.bias] will not optimize.
2025-06-22 15:52:46,360 - WARNING - Params [module.irn.operations.11.NG.conv5.bias] will not optimize.
25-06-22 15:52:46.360 - WARNING: Params [module.irn.operations.11.NG.norm1.weight] will not optimize.
2025-06-22 15:52:46,360 - WARNING - Params [module.irn.operations.11.NG.norm1.weight] will not optimize.
25-06-22 15:52:46.360 - WARNING: Params [module.irn.operations.11.NG.norm1.bias] will not optimize.
2025-06-22 15:52:46,360 - WARNING - Params [module.irn.operations.11.NG.norm1.bias] will not optimize.
25-06-22 15:52:46.360 - WARNING: Params [module.irn.operations.11.NG.norm2.weight] will not optimize.
2025-06-22 15:52:46,360 - WARNING - Params [module.irn.operations.11.NG.norm2.weight] will not optimize.
25-06-22 15:52:46.360 - WARNING: Params [module.irn.operations.11.NG.norm2.bias] will not optimize.
2025-06-22 15:52:46,360 - WARNING - Params [module.irn.operations.11.NG.norm2.bias] will not optimize.
25-06-22 15:52:46.360 - WARNING: Params [module.irn.operations.11.H.conv1.weight] will not optimize.
2025-06-22 15:52:46,360 - WARNING - Params [module.irn.operations.11.H.conv1.weight] will not optimize.
25-06-22 15:52:46.360 - WARNING: Params [module.irn.operations.11.H.conv1.bias] will not optimize.
2025-06-22 15:52:46,360 - WARNING - Params [module.irn.operations.11.H.conv1.bias] will not optimize.
25-06-22 15:52:46.360 - WARNING: Params [module.irn.operations.11.H.conv2.weight] will not optimize.
2025-06-22 15:52:46,360 - WARNING - Params [module.irn.operations.11.H.conv2.weight] will not optimize.
25-06-22 15:52:46.360 - WARNING: Params [module.irn.operations.11.H.conv2.bias] will not optimize.
2025-06-22 15:52:46,360 - WARNING - Params [module.irn.operations.11.H.conv2.bias] will not optimize.
25-06-22 15:52:46.360 - WARNING: Params [module.irn.operations.11.H.conv3.weight] will not optimize.
2025-06-22 15:52:46,360 - WARNING - Params [module.irn.operations.11.H.conv3.weight] will not optimize.
25-06-22 15:52:46.360 - WARNING: Params [module.irn.operations.11.H.conv3.bias] will not optimize.
2025-06-22 15:52:46,360 - WARNING - Params [module.irn.operations.11.H.conv3.bias] will not optimize.
25-06-22 15:52:46.360 - WARNING: Params [module.irn.operations.11.H.conv4.weight] will not optimize.
2025-06-22 15:52:46,360 - WARNING - Params [module.irn.operations.11.H.conv4.weight] will not optimize.
25-06-22 15:52:46.360 - WARNING: Params [module.irn.operations.11.H.conv4.bias] will not optimize.
2025-06-22 15:52:46,360 - WARNING - Params [module.irn.operations.11.H.conv4.bias] will not optimize.
25-06-22 15:52:46.360 - WARNING: Params [module.irn.operations.11.H.conv5.weight] will not optimize.
2025-06-22 15:52:46,360 - WARNING - Params [module.irn.operations.11.H.conv5.weight] will not optimize.
25-06-22 15:52:46.360 - WARNING: Params [module.irn.operations.11.H.conv5.bias] will not optimize.
2025-06-22 15:52:46,360 - WARNING - Params [module.irn.operations.11.H.conv5.bias] will not optimize.
25-06-22 15:52:46.360 - WARNING: Params [module.irn.operations.11.NH.beta] will not optimize.
2025-06-22 15:52:46,360 - WARNING - Params [module.irn.operations.11.NH.beta] will not optimize.
25-06-22 15:52:46.360 - WARNING: Params [module.irn.operations.11.NH.gamma] will not optimize.
2025-06-22 15:52:46,360 - WARNING - Params [module.irn.operations.11.NH.gamma] will not optimize.
25-06-22 15:52:46.360 - WARNING: Params [module.irn.operations.11.NH.conv1.weight] will not optimize.
2025-06-22 15:52:46,360 - WARNING - Params [module.irn.operations.11.NH.conv1.weight] will not optimize.
25-06-22 15:52:46.360 - WARNING: Params [module.irn.operations.11.NH.conv1.bias] will not optimize.
2025-06-22 15:52:46,360 - WARNING - Params [module.irn.operations.11.NH.conv1.bias] will not optimize.
25-06-22 15:52:46.361 - WARNING: Params [module.irn.operations.11.NH.conv2.weight] will not optimize.
2025-06-22 15:52:46,361 - WARNING - Params [module.irn.operations.11.NH.conv2.weight] will not optimize.
25-06-22 15:52:46.361 - WARNING: Params [module.irn.operations.11.NH.conv2.bias] will not optimize.
2025-06-22 15:52:46,361 - WARNING - Params [module.irn.operations.11.NH.conv2.bias] will not optimize.
25-06-22 15:52:46.361 - WARNING: Params [module.irn.operations.11.NH.conv3.weight] will not optimize.
2025-06-22 15:52:46,361 - WARNING - Params [module.irn.operations.11.NH.conv3.weight] will not optimize.
25-06-22 15:52:46.361 - WARNING: Params [module.irn.operations.11.NH.conv3.bias] will not optimize.
2025-06-22 15:52:46,361 - WARNING - Params [module.irn.operations.11.NH.conv3.bias] will not optimize.
25-06-22 15:52:46.361 - WARNING: Params [module.irn.operations.11.NH.sca.1.weight] will not optimize.
2025-06-22 15:52:46,361 - WARNING - Params [module.irn.operations.11.NH.sca.1.weight] will not optimize.
25-06-22 15:52:46.361 - WARNING: Params [module.irn.operations.11.NH.sca.1.bias] will not optimize.
2025-06-22 15:52:46,361 - WARNING - Params [module.irn.operations.11.NH.sca.1.bias] will not optimize.
25-06-22 15:52:46.361 - WARNING: Params [module.irn.operations.11.NH.conv4.weight] will not optimize.
2025-06-22 15:52:46,361 - WARNING - Params [module.irn.operations.11.NH.conv4.weight] will not optimize.
25-06-22 15:52:46.361 - WARNING: Params [module.irn.operations.11.NH.conv4.bias] will not optimize.
2025-06-22 15:52:46,361 - WARNING - Params [module.irn.operations.11.NH.conv4.bias] will not optimize.
25-06-22 15:52:46.361 - WARNING: Params [module.irn.operations.11.NH.conv5.weight] will not optimize.
2025-06-22 15:52:46,361 - WARNING - Params [module.irn.operations.11.NH.conv5.weight] will not optimize.
25-06-22 15:52:46.361 - WARNING: Params [module.irn.operations.11.NH.conv5.bias] will not optimize.
2025-06-22 15:52:46,361 - WARNING - Params [module.irn.operations.11.NH.conv5.bias] will not optimize.
25-06-22 15:52:46.361 - WARNING: Params [module.irn.operations.11.NH.norm1.weight] will not optimize.
2025-06-22 15:52:46,361 - WARNING - Params [module.irn.operations.11.NH.norm1.weight] will not optimize.
25-06-22 15:52:46.361 - WARNING: Params [module.irn.operations.11.NH.norm1.bias] will not optimize.
2025-06-22 15:52:46,361 - WARNING - Params [module.irn.operations.11.NH.norm1.bias] will not optimize.
25-06-22 15:52:46.361 - WARNING: Params [module.irn.operations.11.NH.norm2.weight] will not optimize.
2025-06-22 15:52:46,361 - WARNING - Params [module.irn.operations.11.NH.norm2.weight] will not optimize.
25-06-22 15:52:46.361 - WARNING: Params [module.irn.operations.11.NH.norm2.bias] will not optimize.
2025-06-22 15:52:46,361 - WARNING - Params [module.irn.operations.11.NH.norm2.bias] will not optimize.
25-06-22 15:52:46.361 - WARNING: Params [module.pm.conv_in.weight] will not optimize.
2025-06-22 15:52:46,361 - WARNING - Params [module.pm.conv_in.weight] will not optimize.
25-06-22 15:52:46.361 - WARNING: Params [module.pm.conv_in.bias] will not optimize.
2025-06-22 15:52:46,361 - WARNING - Params [module.pm.conv_in.bias] will not optimize.
25-06-22 15:52:46.361 - WARNING: Params [module.pm.res_block.0.conv1.weight] will not optimize.
2025-06-22 15:52:46,361 - WARNING - Params [module.pm.res_block.0.conv1.weight] will not optimize.
25-06-22 15:52:46.361 - WARNING: Params [module.pm.res_block.0.conv1.bias] will not optimize.
2025-06-22 15:52:46,361 - WARNING - Params [module.pm.res_block.0.conv1.bias] will not optimize.
25-06-22 15:52:46.361 - WARNING: Params [module.pm.res_block.0.conv2.weight] will not optimize.
2025-06-22 15:52:46,361 - WARNING - Params [module.pm.res_block.0.conv2.weight] will not optimize.
25-06-22 15:52:46.362 - WARNING: Params [module.pm.res_block.0.conv2.bias] will not optimize.
2025-06-22 15:52:46,362 - WARNING - Params [module.pm.res_block.0.conv2.bias] will not optimize.
25-06-22 15:52:46.362 - WARNING: Params [module.pm.res_block.1.conv1.weight] will not optimize.
2025-06-22 15:52:46,362 - WARNING - Params [module.pm.res_block.1.conv1.weight] will not optimize.
25-06-22 15:52:46.362 - WARNING: Params [module.pm.res_block.1.conv1.bias] will not optimize.
2025-06-22 15:52:46,362 - WARNING - Params [module.pm.res_block.1.conv1.bias] will not optimize.
25-06-22 15:52:46.362 - WARNING: Params [module.pm.res_block.1.conv2.weight] will not optimize.
2025-06-22 15:52:46,362 - WARNING - Params [module.pm.res_block.1.conv2.weight] will not optimize.
25-06-22 15:52:46.362 - WARNING: Params [module.pm.res_block.1.conv2.bias] will not optimize.
2025-06-22 15:52:46,362 - WARNING - Params [module.pm.res_block.1.conv2.bias] will not optimize.
25-06-22 15:52:46.362 - WARNING: Params [module.pm.res_block.2.conv1.weight] will not optimize.
2025-06-22 15:52:46,362 - WARNING - Params [module.pm.res_block.2.conv1.weight] will not optimize.
25-06-22 15:52:46.362 - WARNING: Params [module.pm.res_block.2.conv1.bias] will not optimize.
2025-06-22 15:52:46,362 - WARNING - Params [module.pm.res_block.2.conv1.bias] will not optimize.
25-06-22 15:52:46.362 - WARNING: Params [module.pm.res_block.2.conv2.weight] will not optimize.
2025-06-22 15:52:46,362 - WARNING - Params [module.pm.res_block.2.conv2.weight] will not optimize.
25-06-22 15:52:46.362 - WARNING: Params [module.pm.res_block.2.conv2.bias] will not optimize.
2025-06-22 15:52:46,362 - WARNING - Params [module.pm.res_block.2.conv2.bias] will not optimize.
25-06-22 15:52:46.362 - WARNING: Params [module.pm.res_block.3.conv1.weight] will not optimize.
2025-06-22 15:52:46,362 - WARNING - Params [module.pm.res_block.3.conv1.weight] will not optimize.
25-06-22 15:52:46.362 - WARNING: Params [module.pm.res_block.3.conv1.bias] will not optimize.
2025-06-22 15:52:46,362 - WARNING - Params [module.pm.res_block.3.conv1.bias] will not optimize.
25-06-22 15:52:46.362 - WARNING: Params [module.pm.res_block.3.conv2.weight] will not optimize.
2025-06-22 15:52:46,362 - WARNING - Params [module.pm.res_block.3.conv2.weight] will not optimize.
25-06-22 15:52:46.362 - WARNING: Params [module.pm.res_block.3.conv2.bias] will not optimize.
2025-06-22 15:52:46,362 - WARNING - Params [module.pm.res_block.3.conv2.bias] will not optimize.
25-06-22 15:52:46.362 - WARNING: Params [module.pm.res_block.4.conv1.weight] will not optimize.
2025-06-22 15:52:46,362 - WARNING - Params [module.pm.res_block.4.conv1.weight] will not optimize.
25-06-22 15:52:46.362 - WARNING: Params [module.pm.res_block.4.conv1.bias] will not optimize.
2025-06-22 15:52:46,362 - WARNING - Params [module.pm.res_block.4.conv1.bias] will not optimize.
25-06-22 15:52:46.362 - WARNING: Params [module.pm.res_block.4.conv2.weight] will not optimize.
2025-06-22 15:52:46,362 - WARNING - Params [module.pm.res_block.4.conv2.weight] will not optimize.
25-06-22 15:52:46.362 - WARNING: Params [module.pm.res_block.4.conv2.bias] will not optimize.
2025-06-22 15:52:46,362 - WARNING - Params [module.pm.res_block.4.conv2.bias] will not optimize.
25-06-22 15:52:46.362 - WARNING: Params [module.pm.res_block.5.conv1.weight] will not optimize.
2025-06-22 15:52:46,362 - WARNING - Params [module.pm.res_block.5.conv1.weight] will not optimize.
25-06-22 15:52:46.363 - WARNING: Params [module.pm.res_block.5.conv1.bias] will not optimize.
2025-06-22 15:52:46,363 - WARNING - Params [module.pm.res_block.5.conv1.bias] will not optimize.
25-06-22 15:52:46.363 - WARNING: Params [module.pm.res_block.5.conv2.weight] will not optimize.
2025-06-22 15:52:46,363 - WARNING - Params [module.pm.res_block.5.conv2.weight] will not optimize.
25-06-22 15:52:46.363 - WARNING: Params [module.pm.res_block.5.conv2.bias] will not optimize.
2025-06-22 15:52:46,363 - WARNING - Params [module.pm.res_block.5.conv2.bias] will not optimize.
25-06-22 15:52:46.363 - WARNING: Params [module.pm.res_block.6.conv1.weight] will not optimize.
2025-06-22 15:52:46,363 - WARNING - Params [module.pm.res_block.6.conv1.weight] will not optimize.
25-06-22 15:52:46.363 - WARNING: Params [module.pm.res_block.6.conv1.bias] will not optimize.
2025-06-22 15:52:46,363 - WARNING - Params [module.pm.res_block.6.conv1.bias] will not optimize.
25-06-22 15:52:46.363 - WARNING: Params [module.pm.res_block.6.conv2.weight] will not optimize.
2025-06-22 15:52:46,363 - WARNING - Params [module.pm.res_block.6.conv2.weight] will not optimize.
25-06-22 15:52:46.363 - WARNING: Params [module.pm.res_block.6.conv2.bias] will not optimize.
2025-06-22 15:52:46,363 - WARNING - Params [module.pm.res_block.6.conv2.bias] will not optimize.
25-06-22 15:52:46.363 - WARNING: Params [module.pm.res_block.7.conv1.weight] will not optimize.
2025-06-22 15:52:46,363 - WARNING - Params [module.pm.res_block.7.conv1.weight] will not optimize.
25-06-22 15:52:46.363 - WARNING: Params [module.pm.res_block.7.conv1.bias] will not optimize.
2025-06-22 15:52:46,363 - WARNING - Params [module.pm.res_block.7.conv1.bias] will not optimize.
25-06-22 15:52:46.363 - WARNING: Params [module.pm.res_block.7.conv2.weight] will not optimize.
2025-06-22 15:52:46,363 - WARNING - Params [module.pm.res_block.7.conv2.weight] will not optimize.
25-06-22 15:52:46.363 - WARNING: Params [module.pm.res_block.7.conv2.bias] will not optimize.
2025-06-22 15:52:46,363 - WARNING - Params [module.pm.res_block.7.conv2.bias] will not optimize.
25-06-22 15:52:46.363 - WARNING: Params [module.pm.transformer_block.0.norm1.body.weight] will not optimize.
2025-06-22 15:52:46,363 - WARNING - Params [module.pm.transformer_block.0.norm1.body.weight] will not optimize.
25-06-22 15:52:46.363 - WARNING: Params [module.pm.transformer_block.0.norm1.body.bias] will not optimize.
2025-06-22 15:52:46,363 - WARNING - Params [module.pm.transformer_block.0.norm1.body.bias] will not optimize.
25-06-22 15:52:46.363 - WARNING: Params [module.pm.transformer_block.0.attn.temperature] will not optimize.
2025-06-22 15:52:46,363 - WARNING - Params [module.pm.transformer_block.0.attn.temperature] will not optimize.
25-06-22 15:52:46.363 - WARNING: Params [module.pm.transformer_block.0.attn.qkv.weight] will not optimize.
2025-06-22 15:52:46,363 - WARNING - Params [module.pm.transformer_block.0.attn.qkv.weight] will not optimize.
25-06-22 15:52:46.363 - WARNING: Params [module.pm.transformer_block.0.attn.qkv_dwconv.weight] will not optimize.
2025-06-22 15:52:46,363 - WARNING - Params [module.pm.transformer_block.0.attn.qkv_dwconv.weight] will not optimize.
25-06-22 15:52:46.363 - WARNING: Params [module.pm.transformer_block.0.attn.project_out.weight] will not optimize.
2025-06-22 15:52:46,363 - WARNING - Params [module.pm.transformer_block.0.attn.project_out.weight] will not optimize.
25-06-22 15:52:46.363 - WARNING: Params [module.pm.transformer_block.0.norm2.body.weight] will not optimize.
2025-06-22 15:52:46,363 - WARNING - Params [module.pm.transformer_block.0.norm2.body.weight] will not optimize.
25-06-22 15:52:46.363 - WARNING: Params [module.pm.transformer_block.0.norm2.body.bias] will not optimize.
2025-06-22 15:52:46,363 - WARNING - Params [module.pm.transformer_block.0.norm2.body.bias] will not optimize.
25-06-22 15:52:46.364 - WARNING: Params [module.pm.transformer_block.0.ffn.project_in.weight] will not optimize.
2025-06-22 15:52:46,364 - WARNING - Params [module.pm.transformer_block.0.ffn.project_in.weight] will not optimize.
25-06-22 15:52:46.364 - WARNING: Params [module.pm.transformer_block.0.ffn.dwconv.weight] will not optimize.
2025-06-22 15:52:46,364 - WARNING - Params [module.pm.transformer_block.0.ffn.dwconv.weight] will not optimize.
25-06-22 15:52:46.364 - WARNING: Params [module.pm.transformer_block.0.ffn.project_out.weight] will not optimize.
2025-06-22 15:52:46,364 - WARNING - Params [module.pm.transformer_block.0.ffn.project_out.weight] will not optimize.
25-06-22 15:52:46.364 - WARNING: Params [module.pm.transformer_block.1.norm1.body.weight] will not optimize.
2025-06-22 15:52:46,364 - WARNING - Params [module.pm.transformer_block.1.norm1.body.weight] will not optimize.
25-06-22 15:52:46.364 - WARNING: Params [module.pm.transformer_block.1.norm1.body.bias] will not optimize.
2025-06-22 15:52:46,364 - WARNING - Params [module.pm.transformer_block.1.norm1.body.bias] will not optimize.
25-06-22 15:52:46.364 - WARNING: Params [module.pm.transformer_block.1.attn.temperature] will not optimize.
2025-06-22 15:52:46,364 - WARNING - Params [module.pm.transformer_block.1.attn.temperature] will not optimize.
25-06-22 15:52:46.364 - WARNING: Params [module.pm.transformer_block.1.attn.qkv.weight] will not optimize.
2025-06-22 15:52:46,364 - WARNING - Params [module.pm.transformer_block.1.attn.qkv.weight] will not optimize.
25-06-22 15:52:46.364 - WARNING: Params [module.pm.transformer_block.1.attn.qkv_dwconv.weight] will not optimize.
2025-06-22 15:52:46,364 - WARNING - Params [module.pm.transformer_block.1.attn.qkv_dwconv.weight] will not optimize.
25-06-22 15:52:46.364 - WARNING: Params [module.pm.transformer_block.1.attn.project_out.weight] will not optimize.
2025-06-22 15:52:46,364 - WARNING - Params [module.pm.transformer_block.1.attn.project_out.weight] will not optimize.
25-06-22 15:52:46.364 - WARNING: Params [module.pm.transformer_block.1.norm2.body.weight] will not optimize.
2025-06-22 15:52:46,364 - WARNING - Params [module.pm.transformer_block.1.norm2.body.weight] will not optimize.
25-06-22 15:52:46.364 - WARNING: Params [module.pm.transformer_block.1.norm2.body.bias] will not optimize.
2025-06-22 15:52:46,364 - WARNING - Params [module.pm.transformer_block.1.norm2.body.bias] will not optimize.
25-06-22 15:52:46.364 - WARNING: Params [module.pm.transformer_block.1.ffn.project_in.weight] will not optimize.
2025-06-22 15:52:46,364 - WARNING - Params [module.pm.transformer_block.1.ffn.project_in.weight] will not optimize.
25-06-22 15:52:46.364 - WARNING: Params [module.pm.transformer_block.1.ffn.dwconv.weight] will not optimize.
2025-06-22 15:52:46,364 - WARNING - Params [module.pm.transformer_block.1.ffn.dwconv.weight] will not optimize.
25-06-22 15:52:46.364 - WARNING: Params [module.pm.transformer_block.1.ffn.project_out.weight] will not optimize.
2025-06-22 15:52:46,364 - WARNING - Params [module.pm.transformer_block.1.ffn.project_out.weight] will not optimize.
25-06-22 15:52:46.364 - WARNING: Params [module.pm.transformer_block.2.norm1.body.weight] will not optimize.
2025-06-22 15:52:46,364 - WARNING - Params [module.pm.transformer_block.2.norm1.body.weight] will not optimize.
25-06-22 15:52:46.364 - WARNING: Params [module.pm.transformer_block.2.norm1.body.bias] will not optimize.
2025-06-22 15:52:46,364 - WARNING - Params [module.pm.transformer_block.2.norm1.body.bias] will not optimize.
25-06-22 15:52:46.364 - WARNING: Params [module.pm.transformer_block.2.attn.temperature] will not optimize.
2025-06-22 15:52:46,364 - WARNING - Params [module.pm.transformer_block.2.attn.temperature] will not optimize.
25-06-22 15:52:46.364 - WARNING: Params [module.pm.transformer_block.2.attn.qkv.weight] will not optimize.
2025-06-22 15:52:46,364 - WARNING - Params [module.pm.transformer_block.2.attn.qkv.weight] will not optimize.
25-06-22 15:52:46.364 - WARNING: Params [module.pm.transformer_block.2.attn.qkv_dwconv.weight] will not optimize.
2025-06-22 15:52:46,364 - WARNING - Params [module.pm.transformer_block.2.attn.qkv_dwconv.weight] will not optimize.
25-06-22 15:52:46.365 - WARNING: Params [module.pm.transformer_block.2.attn.project_out.weight] will not optimize.
2025-06-22 15:52:46,365 - WARNING - Params [module.pm.transformer_block.2.attn.project_out.weight] will not optimize.
25-06-22 15:52:46.365 - WARNING: Params [module.pm.transformer_block.2.norm2.body.weight] will not optimize.
2025-06-22 15:52:46,365 - WARNING - Params [module.pm.transformer_block.2.norm2.body.weight] will not optimize.
25-06-22 15:52:46.365 - WARNING: Params [module.pm.transformer_block.2.norm2.body.bias] will not optimize.
2025-06-22 15:52:46,365 - WARNING - Params [module.pm.transformer_block.2.norm2.body.bias] will not optimize.
25-06-22 15:52:46.365 - WARNING: Params [module.pm.transformer_block.2.ffn.project_in.weight] will not optimize.
2025-06-22 15:52:46,365 - WARNING - Params [module.pm.transformer_block.2.ffn.project_in.weight] will not optimize.
25-06-22 15:52:46.365 - WARNING: Params [module.pm.transformer_block.2.ffn.dwconv.weight] will not optimize.
2025-06-22 15:52:46,365 - WARNING - Params [module.pm.transformer_block.2.ffn.dwconv.weight] will not optimize.
25-06-22 15:52:46.365 - WARNING: Params [module.pm.transformer_block.2.ffn.project_out.weight] will not optimize.
2025-06-22 15:52:46,365 - WARNING - Params [module.pm.transformer_block.2.ffn.project_out.weight] will not optimize.
25-06-22 15:52:46.365 - WARNING: Params [module.pm.transformer_block.3.norm1.body.weight] will not optimize.
2025-06-22 15:52:46,365 - WARNING - Params [module.pm.transformer_block.3.norm1.body.weight] will not optimize.
25-06-22 15:52:46.365 - WARNING: Params [module.pm.transformer_block.3.norm1.body.bias] will not optimize.
2025-06-22 15:52:46,365 - WARNING - Params [module.pm.transformer_block.3.norm1.body.bias] will not optimize.
25-06-22 15:52:46.365 - WARNING: Params [module.pm.transformer_block.3.attn.temperature] will not optimize.
2025-06-22 15:52:46,365 - WARNING - Params [module.pm.transformer_block.3.attn.temperature] will not optimize.
25-06-22 15:52:46.365 - WARNING: Params [module.pm.transformer_block.3.attn.qkv.weight] will not optimize.
2025-06-22 15:52:46,365 - WARNING - Params [module.pm.transformer_block.3.attn.qkv.weight] will not optimize.
25-06-22 15:52:46.365 - WARNING: Params [module.pm.transformer_block.3.attn.qkv_dwconv.weight] will not optimize.
2025-06-22 15:52:46,365 - WARNING - Params [module.pm.transformer_block.3.attn.qkv_dwconv.weight] will not optimize.
25-06-22 15:52:46.365 - WARNING: Params [module.pm.transformer_block.3.attn.project_out.weight] will not optimize.
2025-06-22 15:52:46,365 - WARNING - Params [module.pm.transformer_block.3.attn.project_out.weight] will not optimize.
25-06-22 15:52:46.365 - WARNING: Params [module.pm.transformer_block.3.norm2.body.weight] will not optimize.
2025-06-22 15:52:46,365 - WARNING - Params [module.pm.transformer_block.3.norm2.body.weight] will not optimize.
25-06-22 15:52:46.365 - WARNING: Params [module.pm.transformer_block.3.norm2.body.bias] will not optimize.
2025-06-22 15:52:46,365 - WARNING - Params [module.pm.transformer_block.3.norm2.body.bias] will not optimize.
25-06-22 15:52:46.365 - WARNING: Params [module.pm.transformer_block.3.ffn.project_in.weight] will not optimize.
2025-06-22 15:52:46,365 - WARNING - Params [module.pm.transformer_block.3.ffn.project_in.weight] will not optimize.
25-06-22 15:52:46.365 - WARNING: Params [module.pm.transformer_block.3.ffn.dwconv.weight] will not optimize.
2025-06-22 15:52:46,365 - WARNING - Params [module.pm.transformer_block.3.ffn.dwconv.weight] will not optimize.
25-06-22 15:52:46.365 - WARNING: Params [module.pm.transformer_block.3.ffn.project_out.weight] will not optimize.
2025-06-22 15:52:46,365 - WARNING - Params [module.pm.transformer_block.3.ffn.project_out.weight] will not optimize.
25-06-22 15:52:46.365 - WARNING: Params [module.pm.prompt.prompt_param] will not optimize.
2025-06-22 15:52:46,365 - WARNING - Params [module.pm.prompt.prompt_param] will not optimize.
25-06-22 15:52:46.366 - WARNING: Params [module.pm.prompt.linear_layer.weight] will not optimize.
2025-06-22 15:52:46,366 - WARNING - Params [module.pm.prompt.linear_layer.weight] will not optimize.
25-06-22 15:52:46.366 - WARNING: Params [module.pm.prompt.linear_layer.bias] will not optimize.
2025-06-22 15:52:46,366 - WARNING - Params [module.pm.prompt.linear_layer.bias] will not optimize.
25-06-22 15:52:46.366 - WARNING: Params [module.pm.prompt.conv3x3.weight] will not optimize.
2025-06-22 15:52:46,366 - WARNING - Params [module.pm.prompt.conv3x3.weight] will not optimize.
25-06-22 15:52:46.366 - WARNING: Params [module.pm.fuse.weight] will not optimize.
2025-06-22 15:52:46,366 - WARNING - Params [module.pm.fuse.weight] will not optimize.
25-06-22 15:52:46.366 - WARNING: Params [module.pm.fuse.bias] will not optimize.
2025-06-22 15:52:46,366 - WARNING - Params [module.pm.fuse.bias] will not optimize.
25-06-22 15:52:46.366 - INFO: Model [Model_VSN] is created.
2025-06-22 15:52:46,366 - INFO - Model [Model_VSN] is created.
25-06-22 15:52:46.366 - INFO: Start training from epoch: 0, iter: 0
2025-06-22 15:52:46,366 - INFO - Start training from epoch: 0, iter: 0
========== Epoch: 0 ==========
25-06-22 15:53:14.033 - INFO: <epoch:  0, iter:     100, lr:1.000e-04> l_forw_fit: 1.9059e+05 l_msg: 3.0218e-01 
2025-06-22 15:53:14,033 - INFO - <epoch:  0, iter:     100, lr:1.000e-04> l_forw_fit: 1.9059e+05 l_msg: 3.0218e-01 
25-06-22 15:53:35.942 - INFO: <epoch:  0, iter:     200, lr:1.000e-04> l_forw_fit: 1.2681e+05 l_msg: 2.7044e-01 
2025-06-22 15:53:35,942 - INFO - <epoch:  0, iter:     200, lr:1.000e-04> l_forw_fit: 1.2681e+05 l_msg: 2.7044e-01 
25-06-22 15:53:58.483 - INFO: <epoch:  0, iter:     300, lr:1.000e-04> l_forw_fit: 5.7874e+04 l_msg: 2.7498e-01 
2025-06-22 15:53:58,483 - INFO - <epoch:  0, iter:     300, lr:1.000e-04> l_forw_fit: 5.7874e+04 l_msg: 2.7498e-01 
25-06-22 15:54:20.091 - INFO: <epoch:  0, iter:     400, lr:1.000e-04> l_forw_fit: 3.6244e+04 l_msg: 2.5608e-01 
2025-06-22 15:54:20,091 - INFO - <epoch:  0, iter:     400, lr:1.000e-04> l_forw_fit: 3.6244e+04 l_msg: 2.5608e-01 
25-06-22 15:54:42.146 - INFO: <epoch:  0, iter:     500, lr:1.000e-04> l_forw_fit: 3.6974e+04 l_msg: 2.4064e-01 
2025-06-22 15:54:42,146 - INFO - <epoch:  0, iter:     500, lr:1.000e-04> l_forw_fit: 3.6974e+04 l_msg: 2.4064e-01 
Embed time: 0.40 seconds
Extract time: 0.03 seconds
0.421875
Embed time: 0.02 seconds
Extract time: 0.01 seconds
0.484375
Embed time: 0.02 seconds
Extract time: 0.01 seconds
0.46875
Embed time: 0.04 seconds
Extract time: 0.01 seconds
0.3125
Embed time: 0.02 seconds
Extract time: 0.01 seconds
0.421875
Embed time: 0.05 seconds
Extract time: 0.01 seconds
0.5
Embed time: 0.01 seconds
Extract time: 0.01 seconds
0.328125
Embed time: 0.02 seconds
Extract time: 0.01 seconds
0.515625
Embed time: 0.02 seconds
Extract time: 0.01 seconds
0.4375
Embed time: 0.05 seconds
Extract time: 0.01 seconds
0.3125
Embed time: 0.02 seconds
Extract time: 0.01 seconds
0.390625
Embed time: 0.05 seconds
Extract time: 0.01 seconds
0.34375
Embed time: 0.02 seconds
Extract time: 0.01 seconds
0.375
Embed time: 0.02 seconds
Extract time: 0.01 seconds
0.46875
Embed time: 0.01 seconds
Extract time: 0.01 seconds
0.46875
Embed time: 0.01 seconds
Extract time: 0.01 seconds
0.375
Embed time: 0.03 seconds
Extract time: 0.01 seconds
0.328125
Embed time: 0.02 seconds
Extract time: 0.01 seconds
0.34375
Embed time: 0.05 seconds
Extract time: 0.01 seconds
0.46875
Embed time: 0.01 seconds
Extract time: 0.01 seconds
0.375
Embed time: 0.01 seconds
Extract time: 0.01 seconds
0.375
Embed time: 0.05 seconds
Extract time: 0.01 seconds
0.4375
Embed time: 0.01 seconds
Extract time: 0.01 seconds
0.4375
Embed time: 0.05 seconds
Extract time: 0.01 seconds
0.453125
Embed time: 0.02 seconds
Extract time: 0.01 seconds
0.421875
Embed time: 0.02 seconds
Extract time: 0.01 seconds
0.390625
Embed time: 0.04 seconds
Extract time: 0.01 seconds
0.375
Embed time: 0.02 seconds
Extract time: 0.01 seconds
0.3125
Embed time: 0.01 seconds
Extract time: 0.04 seconds
0.4375
Embed time: 0.04 seconds
Extract time: 0.01 seconds
0.421875
Embed time: 0.02 seconds
Extract time: 0.03 seconds
0.515625
Embed time: 0.04 seconds
Extract time: 0.01 seconds
0.484375
Embed time: 0.02 seconds
Extract time: 0.01 seconds
0.328125
Embed time: 0.01 seconds
Extract time: 0.01 seconds
0.453125
Embed time: 0.03 seconds
Extract time: 0.01 seconds
0.359375
Embed time: 0.01 seconds
Extract time: 0.01 seconds
0.4375
Embed time: 0.04 seconds
Extract time: 0.01 seconds
0.359375
Embed time: 0.02 seconds
Extract time: 0.01 seconds
0.390625
Embed time: 0.01 seconds
Extract time: 0.04 seconds
0.359375
Embed time: 0.04 seconds
Extract time: 0.01 seconds
0.328125
Embed time: 0.01 seconds
Extract time: 0.01 seconds
0.25
Embed time: 0.04 seconds
Extract time: 0.01 seconds
0.453125
Embed time: 0.02 seconds
Extract time: 0.01 seconds
0.28125
Embed time: 0.04 seconds
Extract time: 0.01 seconds
0.296875
Embed time: 0.02 seconds
Extract time: 0.01 seconds
0.328125
Embed time: 0.02 seconds
Extract time: 0.01 seconds
0.328125
Embed time: 0.04 seconds
Extract time: 0.01 seconds
0.4375
Embed time: 0.02 seconds
Extract time: 0.01 seconds
0.421875
Embed time: 0.05 seconds
Extract time: 0.01 seconds
0.3125
Embed time: 0.02 seconds
Extract time: 0.01 seconds
0.46875
Embed time: 0.01 seconds
Extract time: 0.03 seconds
0.40625
Embed time: 0.03 seconds
Extract time: 0.01 seconds
0.4375
Embed time: 0.02 seconds
Extract time: 0.01 seconds
0.515625
Embed time: 0.02 seconds
Extract time: 0.04 seconds
0.390625
Embed time: 0.04 seconds
Extract time: 0.01 seconds
0.40625
Embed time: 0.02 seconds
Extract time: 0.01 seconds
0.390625
Embed time: 0.05 seconds
Extract time: 0.01 seconds
0.375
Embed time: 0.02 seconds
Extract time: 0.01 seconds
0.421875
Embed time: 0.01 seconds
Extract time: 0.01 seconds
0.28125
Embed time: 0.03 seconds
Extract time: 0.01 seconds
0.375
Embed time: 0.02 seconds
Extract time: 0.01 seconds
0.359375
Embed time: 0.01 seconds
Extract time: 0.04 seconds
0.328125
Embed time: 0.04 seconds
Extract time: 0.01 seconds
0.421875
Embed time: 0.02 seconds
Extract time: 0.01 seconds
0.453125
Embed time: 0.01 seconds
Extract time: 0.01 seconds
0.359375
Embed time: 0.01 seconds
Extract time: 0.01 seconds
0.40625
Embed time: 0.02 seconds
Extract time: 0.01 seconds
0.421875
Embed time: 0.02 seconds
Extract time: 0.04 seconds
0.40625
Embed time: 0.02 seconds
Extract time: 0.01 seconds
0.4375
Embed time: 0.05 seconds
Extract time: 0.01 seconds
0.296875
Embed time: 0.02 seconds
Extract time: 0.01 seconds
0.40625
Embed time: 0.01 seconds
Extract time: 0.01 seconds
0.421875
Embed time: 0.05 seconds
Extract time: 0.01 seconds
0.40625
Embed time: 0.02 seconds
Extract time: 0.01 seconds
0.5
Embed time: 0.05 seconds
Extract time: 0.01 seconds
0.390625
Embed time: 0.02 seconds
Extract time: 0.03 seconds
0.4375
Embed time: 0.01 seconds
Extract time: 0.03 seconds
0.40625
Embed time: 0.02 seconds
Extract time: 0.01 seconds
0.453125
Embed time: 0.01 seconds
Extract time: 0.01 seconds
0.453125
Embed time: 0.02 seconds
Extract time: 0.01 seconds
0.34375
Embed time: 0.02 seconds
Extract time: 0.01 seconds
0.484375
Embed time: 0.04 seconds
Extract time: 0.01 seconds
0.4375
Embed time: 0.02 seconds
Extract time: 0.01 seconds
0.328125
Embed time: 0.05 seconds
Extract time: 0.01 seconds
0.375
Embed time: 0.02 seconds
Extract time: 0.01 seconds
0.546875
Embed time: 0.05 seconds
Extract time: 0.01 seconds
0.484375
Embed time: 0.02 seconds
Extract time: 0.01 seconds
0.328125
Embed time: 0.02 seconds
Extract time: 0.01 seconds
0.390625
Embed time: 0.02 seconds
Extract time: 0.01 seconds
0.4375
Embed time: 0.02 seconds
Extract time: 0.03 seconds
0.46875
Embed time: 0.04 seconds
Extract time: 0.01 seconds
0.421875
Embed time: 0.02 seconds
Extract time: 0.01 seconds
0.328125
Embed time: 0.05 seconds
Extract time: 0.01 seconds
0.53125
Embed time: 0.01 seconds
Extract time: 0.01 seconds
0.4375
Embed time: 0.01 seconds
Extract time: 0.01 seconds
0.375
Embed time: 0.02 seconds
Extract time: 0.01 seconds
0.21875
Embed time: 0.02 seconds
Extract time: 0.01 seconds
0.4375
Embed time: 0.05 seconds
Extract time: 0.01 seconds
0.359375
Embed time: 0.02 seconds
Extract time: 0.01 seconds
0.25
Embed time: 0.02 seconds
Extract time: 0.01 seconds
0.328125
25-06-22 15:54:56.897 - INFO: # Validation # PSNR_Stego: 1.5201e+01, Bit_acc:  3.9875e-01
2025-06-22 15:54:56,897 - INFO - # Validation # PSNR_Stego: 1.5201e+01, Bit_acc:  3.9875e-01
25-06-22 15:54:56.898 - INFO: <epoch:  0, iter:     500> PSNR_Stego: 1.5201e+01, Bit_acc:  3.9875e-01
2025-06-22 15:54:56,898 - INFO - <epoch:  0, iter:     500> PSNR_Stego: 1.5201e+01, Bit_acc:  3.9875e-01
25-06-22 15:55:18.997 - INFO: <epoch:  0, iter:     600, lr:1.000e-04> l_forw_fit: 3.7514e+04 l_msg: 2.3891e-01 
2025-06-22 15:55:18,997 - INFO - <epoch:  0, iter:     600, lr:1.000e-04> l_forw_fit: 3.7514e+04 l_msg: 2.3891e-01 
25-06-22 15:55:41.338 - INFO: <epoch:  0, iter:     700, lr:1.000e-04> l_forw_fit: 2.9155e+04 l_msg: 2.0318e-01 
2025-06-22 15:55:41,338 - INFO - <epoch:  0, iter:     700, lr:1.000e-04> l_forw_fit: 2.9155e+04 l_msg: 2.0318e-01 
25-06-22 15:56:03.392 - INFO: <epoch:  0, iter:     800, lr:1.000e-04> l_forw_fit: 4.2608e+04 l_msg: 1.7446e-01 
2025-06-22 15:56:03,392 - INFO - <epoch:  0, iter:     800, lr:1.000e-04> l_forw_fit: 4.2608e+04 l_msg: 1.7446e-01 
25-06-22 15:56:25.464 - INFO: <epoch:  0, iter:     900, lr:1.000e-04> l_forw_fit: 2.3077e+04 l_msg: 1.5096e-01 
2025-06-22 15:56:25,464 - INFO - <epoch:  0, iter:     900, lr:1.000e-04> l_forw_fit: 2.3077e+04 l_msg: 1.5096e-01 
25-06-22 15:56:47.037 - INFO: <epoch:  0, iter:   1,000, lr:1.000e-04> l_forw_fit: 2.2037e+04 l_msg: 8.5725e-02 
2025-06-22 15:56:47,037 - INFO - <epoch:  0, iter:   1,000, lr:1.000e-04> l_forw_fit: 2.2037e+04 l_msg: 8.5725e-02 
Embed time: 0.03 seconds
Extract time: 0.01 seconds
0.109375
Embed time: 0.02 seconds
Extract time: 0.01 seconds
0.125
Embed time: 0.02 seconds
Extract time: 0.01 seconds
0.15625
Embed time: 0.02 seconds
Extract time: 0.01 seconds
0.0625
Embed time: 0.03 seconds
Extract time: 0.01 seconds
0.171875
Embed time: 0.02 seconds
Extract time: 0.01 seconds
0.265625
Embed time: 0.05 seconds
Extract time: 0.01 seconds
0.078125
Embed time: 0.02 seconds
Extract time: 0.01 seconds
0.140625
Embed time: 0.05 seconds
Extract time: 0.01 seconds
0.234375
Embed time: 0.02 seconds
Extract time: 0.01 seconds
0.0625
Embed time: 0.04 seconds
Extract time: 0.01 seconds
0.359375
Embed time: 0.02 seconds
Extract time: 0.01 seconds
0.1875
Embed time: 0.02 seconds
Extract time: 0.01 seconds
0.109375
Embed time: 0.02 seconds
Extract time: 0.01 seconds
0.1875
Embed time: 0.02 seconds
Extract time: 0.02 seconds
0.1875
Embed time: 0.03 seconds
Extract time: 0.01 seconds
0.109375
Embed time: 0.02 seconds
Extract time: 0.01 seconds
0.1875
Embed time: 0.02 seconds
Extract time: 0.01 seconds
0.140625
Embed time: 0.02 seconds
Extract time: 0.01 seconds
0.078125
Embed time: 0.02 seconds
Extract time: 0.01 seconds
0.140625
Embed time: 0.02 seconds
Extract time: 0.01 seconds
0.109375
Embed time: 0.01 seconds
Extract time: 0.01 seconds
0.28125
Embed time: 0.02 seconds
Extract time: 0.01 seconds
0.171875
Embed time: 0.01 seconds
Extract time: 0.01 seconds
0.09375
Embed time: 0.02 seconds
Extract time: 0.01 seconds
0.1875
Embed time: 0.05 seconds
Extract time: 0.01 seconds
0.09375
Embed time: 0.02 seconds
Extract time: 0.01 seconds
0.171875
Embed time: 0.01 seconds
Extract time: 0.01 seconds
0.09375
Embed time: 0.02 seconds
Extract time: 0.01 seconds
0.25
Embed time: 0.01 seconds
Extract time: 0.01 seconds
0.09375
Embed time: 0.05 seconds
Extract time: 0.01 seconds
0.1875
Embed time: 0.02 seconds
Extract time: 0.01 seconds
0.109375
Embed time: 0.02 seconds
Extract time: 0.01 seconds
0.203125
Embed time: 0.01 seconds
Extract time: 0.01 seconds
0.046875
Embed time: 0.01 seconds
Extract time: 0.01 seconds
0.15625
Embed time: 0.01 seconds
Extract time: 0.04 seconds
0.15625
Embed time: 0.01 seconds
Extract time: 0.01 seconds
0.09375
Embed time: 0.01 seconds
Extract time: 0.01 seconds
0.109375
Embed time: 0.01 seconds
Extract time: 0.01 seconds
0.09375
Embed time: 0.05 seconds
Extract time: 0.01 seconds
0.0625
Embed time: 0.03 seconds
Extract time: 0.01 seconds
0.109375
Embed time: 0.01 seconds
Extract time: 0.01 seconds
0.140625
Embed time: 0.05 seconds
Extract time: 0.01 seconds
0.34375
Embed time: 0.01 seconds
Extract time: 0.01 seconds
0.21875
Embed time: 0.01 seconds
Extract time: 0.01 seconds
0.25
Embed time: 0.01 seconds
Extract time: 0.01 seconds
0.125
Embed time: 0.01 seconds
Extract time: 0.01 seconds
0.09375
Embed time: 0.02 seconds
Extract time: 0.01 seconds
0.140625
Embed time: 0.01 seconds
Extract time: 0.01 seconds
0.125
Embed time: 0.03 seconds
Extract time: 0.01 seconds
0.15625
Embed time: 0.01 seconds
Extract time: 0.04 seconds
0.171875
Embed time: 0.04 seconds
Extract time: 0.01 seconds
0.171875
Embed time: 0.01 seconds
Extract time: 0.01 seconds
0.171875
Embed time: 0.05 seconds
Extract time: 0.01 seconds
0.09375
Embed time: 0.01 seconds
Extract time: 0.01 seconds
0.25
Embed time: 0.05 seconds
Extract time: 0.01 seconds
0.109375
Embed time: 0.01 seconds
Extract time: 0.01 seconds
0.234375
Embed time: 0.05 seconds
Extract time: 0.01 seconds
0.140625
Embed time: 0.01 seconds
Extract time: 0.01 seconds
0.109375
Embed time: 0.05 seconds
Extract time: 0.01 seconds
0.0625
Embed time: 0.01 seconds
Extract time: 0.01 seconds
0.125
Embed time: 0.01 seconds
Extract time: 0.05 seconds
0.15625
Embed time: 0.01 seconds
Extract time: 0.01 seconds
0.234375
Embed time: 0.05 seconds
Extract time: 0.01 seconds
0.203125
Embed time: 0.01 seconds
Extract time: 0.01 seconds
0.1875
Embed time: 0.05 seconds
Extract time: 0.01 seconds
0.140625
Embed time: 0.01 seconds
Extract time: 0.01 seconds
0.109375
Embed time: 0.01 seconds
Extract time: 0.05 seconds
0.125
Embed time: 0.01 seconds
Extract time: 0.01 seconds
0.078125
Embed time: 0.01 seconds
Extract time: 0.01 seconds
0.0625
Embed time: 0.06 seconds
Extract time: 0.01 seconds
0.15625
Embed time: 0.01 seconds
Extract time: 0.01 seconds
0.09375
Embed time: 0.05 seconds
Extract time: 0.01 seconds
0.15625
Embed time: 0.01 seconds
Extract time: 0.01 seconds
0.25
Embed time: 0.01 seconds
Extract time: 0.01 seconds
0.171875
Embed time: 0.03 seconds
Extract time: 0.01 seconds
0.09375
Embed time: 0.01 seconds
Extract time: 0.01 seconds
0.15625
Embed time: 0.03 seconds
Extract time: 0.01 seconds
0.140625
Embed time: 0.05 seconds
Extract time: 0.01 seconds
0.15625
Embed time: 0.01 seconds
Extract time: 0.01 seconds
0.0625
Embed time: 0.06 seconds
Extract time: 0.01 seconds
0.078125
Embed time: 0.01 seconds
Extract time: 0.01 seconds
0.09375
Embed time: 0.01 seconds
Extract time: 0.01 seconds
0.1875
Embed time: 0.02 seconds
Extract time: 0.01 seconds
0.15625
Embed time: 0.01 seconds
Extract time: 0.01 seconds
0.15625
Embed time: 0.03 seconds
Extract time: 0.01 seconds
0.25
Embed time: 0.01 seconds
Extract time: 0.01 seconds
0.0625
Embed time: 0.05 seconds
Extract time: 0.01 seconds
0.125
Embed time: 0.01 seconds
Extract time: 0.01 seconds
0.125
Embed time: 0.01 seconds
Extract time: 0.01 seconds
0.109375
Embed time: 0.02 seconds
Extract time: 0.01 seconds
0.171875
Embed time: 0.01 seconds
Extract time: 0.01 seconds
0.140625
Embed time: 0.02 seconds
Extract time: 0.01 seconds
0.109375
Embed time: 0.01 seconds
Extract time: 0.01 seconds
0.1875
Embed time: 0.04 seconds
Extract time: 0.01 seconds
0.125
Embed time: 0.01 seconds
Extract time: 0.01 seconds
0.0625
Embed time: 0.05 seconds
Extract time: 0.01 seconds
0.1875
Embed time: 0.01 seconds
Extract time: 0.01 seconds
0.171875
Embed time: 0.01 seconds
Extract time: 0.01 seconds
0.171875
Embed time: 0.02 seconds
Extract time: 0.01 seconds
0.125
25-06-22 15:57:01.791 - INFO: # Validation # PSNR_Stego: 1.7240e+01, Bit_acc:  1.4734e-01
2025-06-22 15:57:01,791 - INFO - # Validation # PSNR_Stego: 1.7240e+01, Bit_acc:  1.4734e-01
25-06-22 15:57:01.791 - INFO: <epoch:  0, iter:   1,000> PSNR_Stego: 1.7240e+01, Bit_acc:  1.4734e-01
2025-06-22 15:57:01,791 - INFO - <epoch:  0, iter:   1,000> PSNR_Stego: 1.7240e+01, Bit_acc:  1.4734e-01
25-06-22 15:57:01.791 - INFO: Saving models and training states.
2025-06-22 15:57:01,791 - INFO - Saving models and training states.
Checkpoint save path: /workspace/EditGuard-V1/experiments/train_ibsn_bit_64/models/1000_G.pth

===== Checkpoint State Path: /workspace/EditGuard-V1/experiments/train_ibsn_bit_64/training_state/1000.state =====

25-06-22 15:57:23.846 - INFO: <epoch:  0, iter:   1,100, lr:1.000e-04> l_forw_fit: 1.1120e+04 l_msg: 1.3533e-01 
2025-06-22 15:57:23,846 - INFO - <epoch:  0, iter:   1,100, lr:1.000e-04> l_forw_fit: 1.1120e+04 l_msg: 1.3533e-01 
25-06-22 15:57:45.903 - INFO: <epoch:  0, iter:   1,200, lr:1.000e-04> l_forw_fit: 1.0775e+04 l_msg: 6.7443e-02 
2025-06-22 15:57:45,903 - INFO - <epoch:  0, iter:   1,200, lr:1.000e-04> l_forw_fit: 1.0775e+04 l_msg: 6.7443e-02 
25-06-22 15:58:08.000 - INFO: <epoch:  0, iter:   1,300, lr:1.000e-04> l_forw_fit: 1.6842e+04 l_msg: 5.9880e-02 
2025-06-22 15:58:08,000 - INFO - <epoch:  0, iter:   1,300, lr:1.000e-04> l_forw_fit: 1.6842e+04 l_msg: 5.9880e-02 
25-06-22 15:58:29.907 - INFO: <epoch:  0, iter:   1,400, lr:1.000e-04> l_forw_fit: 6.0985e+03 l_msg: 2.2253e-02 
2025-06-22 15:58:29,907 - INFO - <epoch:  0, iter:   1,400, lr:1.000e-04> l_forw_fit: 6.0985e+03 l_msg: 2.2253e-02 
25-06-22 15:58:51.944 - INFO: <epoch:  0, iter:   1,500, lr:1.000e-04> l_forw_fit: 1.1723e+04 l_msg: 9.4013e-02 
2025-06-22 15:58:51,944 - INFO - <epoch:  0, iter:   1,500, lr:1.000e-04> l_forw_fit: 1.1723e+04 l_msg: 9.4013e-02 
Embed time: 0.08 seconds
Extract time: 0.01 seconds
0.03125
Embed time: 0.02 seconds
Extract time: 0.01 seconds
0.046875
Embed time: 0.02 seconds
Extract time: 0.01 seconds
0.09375
Embed time: 0.01 seconds
Extract time: 0.05 seconds
0.015625
Embed time: 0.04 seconds
Extract time: 0.01 seconds
0.140625
Embed time: 0.01 seconds
Extract time: 0.01 seconds
0.015625
Embed time: 0.01 seconds
Extract time: 0.01 seconds
0.03125
Embed time: 0.01 seconds
Extract time: 0.03 seconds
0.015625
Embed time: 0.04 seconds
Extract time: 0.01 seconds
0.015625
Embed time: 0.01 seconds
Extract time: 0.01 seconds
0.0625
Embed time: 0.04 seconds
Extract time: 0.01 seconds
0.0625
Embed time: 0.02 seconds
Extract time: 0.01 seconds
0.03125
Embed time: 0.01 seconds
Extract time: 0.01 seconds
0.03125
Embed time: 0.02 seconds
Extract time: 0.01 seconds
0.046875
Embed time: 0.02 seconds
Extract time: 0.01 seconds
0.0
Embed time: 0.01 seconds
Extract time: 0.04 seconds
0.03125
Embed time: 0.01 seconds
Extract time: 0.01 seconds
0.0
Embed time: 0.02 seconds
Extract time: 0.01 seconds
0.0625
Embed time: 0.02 seconds
Extract time: 0.01 seconds
0.09375
Embed time: 0.05 seconds
Extract time: 0.01 seconds
0.203125
Embed time: 0.01 seconds
Extract time: 0.01 seconds
0.015625
Embed time: 0.05 seconds
Extract time: 0.01 seconds
0.109375
Embed time: 0.02 seconds
Extract time: 0.01 seconds
0.0
Embed time: 0.05 seconds
Extract time: 0.01 seconds
0.0
Embed time: 0.02 seconds
Extract time: 0.01 seconds
0.015625
Embed time: 0.05 seconds
Extract time: 0.01 seconds
0.0625
Embed time: 0.02 seconds
Extract time: 0.01 seconds
0.0625
Embed time: 0.01 seconds
Extract time: 0.01 seconds
0.046875
Embed time: 0.05 seconds
Extract time: 0.01 seconds
0.109375
Embed time: 0.02 seconds
Extract time: 0.01 seconds
0.109375
Embed time: 0.05 seconds
Extract time: 0.01 seconds
0.1875
Embed time: 0.02 seconds
Extract time: 0.01 seconds
0.015625
Embed time: 0.05 seconds
Extract time: 0.01 seconds
0.0625
Embed time: 0.02 seconds
Extract time: 0.01 seconds
0.015625
Embed time: 0.01 seconds
Extract time: 0.05 seconds
0.046875
Embed time: 0.05 seconds
Extract time: 0.01 seconds
0.09375
Embed time: 0.01 seconds
Extract time: 0.05 seconds
0.03125
Embed time: 0.04 seconds
Extract time: 0.01 seconds
0.046875
Embed time: 0.01 seconds
Extract time: 0.01 seconds
0.03125
Embed time: 0.06 seconds
Extract time: 0.01 seconds
0.078125
Embed time: 0.01 seconds
Extract time: 0.01 seconds
0.0625
Embed time: 0.01 seconds
Extract time: 0.01 seconds
0.03125
Embed time: 0.01 seconds
Extract time: 0.01 seconds
0.109375
Embed time: 0.01 seconds
Extract time: 0.01 seconds
0.09375
Embed time: 0.02 seconds
Extract time: 0.01 seconds
0.09375
Embed time: 0.01 seconds
Extract time: 0.01 seconds
0.015625
Embed time: 0.04 seconds
Extract time: 0.01 seconds
0.046875
Embed time: 0.01 seconds
Extract time: 0.03 seconds
0.140625
Embed time: 0.03 seconds
Extract time: 0.01 seconds
0.015625
Embed time: 0.01 seconds
Extract time: 0.01 seconds
0.171875
Embed time: 0.01 seconds
Extract time: 0.01 seconds
0.078125
Embed time: 0.02 seconds
Extract time: 0.01 seconds
0.09375
Embed time: 0.01 seconds
Extract time: 0.05 seconds
0.015625
Embed time: 0.04 seconds
Extract time: 0.01 seconds
0.0
Embed time: 0.01 seconds
Extract time: 0.01 seconds
0.125
Embed time: 0.04 seconds
Extract time: 0.01 seconds
0.03125
Embed time: 0.01 seconds
Extract time: 0.01 seconds
0.03125
Embed time: 0.04 seconds
Extract time: 0.01 seconds
0.015625
Embed time: 0.01 seconds
Extract time: 0.01 seconds
0.015625
Embed time: 0.05 seconds
Extract time: 0.01 seconds
0.015625
Embed time: 0.01 seconds
Extract time: 0.01 seconds
0.0
Embed time: 0.05 seconds
Extract time: 0.01 seconds
0.0
Embed time: 0.01 seconds
Extract time: 0.01 seconds
0.09375
Embed time: 0.04 seconds
Extract time: 0.01 seconds
0.0625
Embed time: 0.02 seconds
Extract time: 0.01 seconds
0.0625
Embed time: 0.02 seconds
Extract time: 0.01 seconds
0.03125
Embed time: 0.01 seconds
Extract time: 0.01 seconds
0.015625
Embed time: 0.02 seconds
Extract time: 0.01 seconds
0.015625
Embed time: 0.05 seconds
Extract time: 0.01 seconds
0.09375
Embed time: 0.02 seconds
Extract time: 0.01 seconds
0.078125
Embed time: 0.02 seconds
Extract time: 0.01 seconds
0.0625
Embed time: 0.01 seconds
Extract time: 0.01 seconds
0.015625
Embed time: 0.02 seconds
Extract time: 0.05 seconds
0.046875
Embed time: 0.04 seconds
Extract time: 0.01 seconds
0.0625
Embed time: 0.01 seconds
Extract time: 0.01 seconds
0.046875
Embed time: 0.01 seconds
Extract time: 0.05 seconds
0.0
Embed time: 0.04 seconds
Extract time: 0.01 seconds
0.03125
Embed time: 0.02 seconds
Extract time: 0.01 seconds
0.03125
Embed time: 0.05 seconds
Extract time: 0.01 seconds
0.03125
Embed time: 0.01 seconds
Extract time: 0.01 seconds
0.046875
Embed time: 0.05 seconds
Extract time: 0.01 seconds
0.078125
Embed time: 0.02 seconds
Extract time: 0.01 seconds
0.015625
Embed time: 0.02 seconds
Extract time: 0.01 seconds
0.09375
Embed time: 0.05 seconds
Extract time: 0.01 seconds
0.265625
Embed time: 0.02 seconds
Extract time: 0.01 seconds
0.078125
Embed time: 0.05 seconds
Extract time: 0.01 seconds
0.28125
Embed time: 0.02 seconds
Extract time: 0.01 seconds
0.046875
Embed time: 0.05 seconds
Extract time: 0.01 seconds
0.09375
Embed time: 0.02 seconds
Extract time: 0.01 seconds
0.109375
Embed time: 0.05 seconds
Extract time: 0.01 seconds
0.046875
Embed time: 0.02 seconds
Extract time: 0.01 seconds
0.015625
Embed time: 0.02 seconds
Extract time: 0.01 seconds
0.078125
Embed time: 0.02 seconds
Extract time: 0.01 seconds
0.015625
Embed time: 0.02 seconds
Extract time: 0.01 seconds
0.078125
Embed time: 0.02 seconds
Extract time: 0.01 seconds
0.109375
Embed time: 0.02 seconds
Extract time: 0.01 seconds
0.03125
Embed time: 0.05 seconds
Extract time: 0.01 seconds
0.046875
Embed time: 0.02 seconds
Extract time: 0.01 seconds
0.109375
Embed time: 0.02 seconds
Extract time: 0.01 seconds
0.015625
Embed time: 0.03 seconds
Extract time: 0.01 seconds
0.0
25-06-22 15:59:06.728 - INFO: # Validation # PSNR_Stego: 1.8650e+01, Bit_acc:  5.8125e-02
2025-06-22 15:59:06,728 - INFO - # Validation # PSNR_Stego: 1.8650e+01, Bit_acc:  5.8125e-02
25-06-22 15:59:06.728 - INFO: <epoch:  0, iter:   1,500> PSNR_Stego: 1.8650e+01, Bit_acc:  5.8125e-02
2025-06-22 15:59:06,728 - INFO - <epoch:  0, iter:   1,500> PSNR_Stego: 1.8650e+01, Bit_acc:  5.8125e-02
25-06-22 15:59:28.814 - INFO: <epoch:  0, iter:   1,600, lr:1.000e-04> l_forw_fit: 2.3102e+04 l_msg: 7.6743e-02 
2025-06-22 15:59:28,814 - INFO - <epoch:  0, iter:   1,600, lr:1.000e-04> l_forw_fit: 2.3102e+04 l_msg: 7.6743e-02 
25-06-22 15:59:51.233 - INFO: <epoch:  0, iter:   1,700, lr:1.000e-04> l_forw_fit: 1.2838e+04 l_msg: 2.6847e-02 
2025-06-22 15:59:51,233 - INFO - <epoch:  0, iter:   1,700, lr:1.000e-04> l_forw_fit: 1.2838e+04 l_msg: 2.6847e-02 
25-06-22 16:00:13.164 - INFO: <epoch:  0, iter:   1,800, lr:1.000e-04> l_forw_fit: 6.8215e+03 l_msg: 1.3626e-01 
2025-06-22 16:00:13,164 - INFO - <epoch:  0, iter:   1,800, lr:1.000e-04> l_forw_fit: 6.8215e+03 l_msg: 1.3626e-01 
25-06-22 16:00:35.088 - INFO: <epoch:  0, iter:   1,900, lr:1.000e-04> l_forw_fit: 1.1952e+04 l_msg: 1.0113e-01 
2025-06-22 16:00:35,088 - INFO - <epoch:  0, iter:   1,900, lr:1.000e-04> l_forw_fit: 1.1952e+04 l_msg: 1.0113e-01 
25-06-22 16:00:56.728 - INFO: <epoch:  0, iter:   2,000, lr:1.000e-04> l_forw_fit: 5.8369e+03 l_msg: 1.2667e-02 
2025-06-22 16:00:56,728 - INFO - <epoch:  0, iter:   2,000, lr:1.000e-04> l_forw_fit: 5.8369e+03 l_msg: 1.2667e-02 
Embed time: 0.08 seconds
Extract time: 0.01 seconds
0.015625
Embed time: 0.02 seconds
Extract time: 0.01 seconds
0.015625
Embed time: 0.04 seconds
Extract time: 0.01 seconds
0.09375
Embed time: 0.02 seconds
Extract time: 0.01 seconds
0.046875
Embed time: 0.04 seconds
Extract time: 0.01 seconds
0.0625
Embed time: 0.01 seconds
Extract time: 0.01 seconds
0.046875
Embed time: 0.05 seconds
Extract time: 0.01 seconds
0.015625
Embed time: 0.01 seconds
Extract time: 0.01 seconds
0.0
Embed time: 0.05 seconds
Extract time: 0.01 seconds
0.015625
Embed time: 0.01 seconds
Extract time: 0.01 seconds
0.0
Embed time: 0.05 seconds
Extract time: 0.01 seconds
0.21875
Embed time: 0.01 seconds
Extract time: 0.01 seconds
0.015625
Embed time: 0.01 seconds
Extract time: 0.01 seconds
0.046875
Embed time: 0.02 seconds
Extract time: 0.01 seconds
0.015625
Embed time: 0.01 seconds
Extract time: 0.01 seconds
0.015625
Embed time: 0.05 seconds
Extract time: 0.02 seconds
0.0
Embed time: 0.01 seconds
Extract time: 0.01 seconds
0.0
Embed time: 0.01 seconds
Extract time: 0.04 seconds
0.0
Embed time: 0.02 seconds
Extract time: 0.01 seconds
0.0
Embed time: 0.02 seconds
Extract time: 0.01 seconds
0.046875
Embed time: 0.01 seconds
Extract time: 0.01 seconds
0.0
Embed time: 0.01 seconds
Extract time: 0.04 seconds
0.125
Embed time: 0.01 seconds
Extract time: 0.01 seconds
0.03125
Embed time: 0.01 seconds
Extract time: 0.01 seconds
0.046875
Embed time: 0.01 seconds
Extract time: 0.01 seconds
0.015625
Embed time: 0.01 seconds
Extract time: 0.01 seconds
0.015625
Embed time: 0.02 seconds
Extract time: 0.01 seconds
0.015625
Embed time: 0.01 seconds
Extract time: 0.01 seconds
0.015625
Embed time: 0.01 seconds
Extract time: 0.05 seconds
0.03125
Embed time: 0.04 seconds
Extract time: 0.01 seconds
0.03125
Embed time: 0.01 seconds
Extract time: 0.01 seconds
0.046875
Embed time: 0.01 seconds
Extract time: 0.04 seconds
0.0
Embed time: 0.01 seconds
Extract time: 0.01 seconds
0.015625
Embed time: 0.05 seconds
Extract time: 0.01 seconds
0.015625
Embed time: 0.02 seconds
Extract time: 0.01 seconds
0.03125
Embed time: 0.01 seconds
Extract time: 0.01 seconds
0.03125
Embed time: 0.02 seconds
Extract time: 0.01 seconds
0.0625
Embed time: 0.02 seconds
Extract time: 0.01 seconds
0.015625
Embed time: 0.02 seconds
Extract time: 0.01 seconds
0.109375
Embed time: 0.02 seconds
Extract time: 0.03 seconds
0.0
Embed time: 0.04 seconds
Extract time: 0.01 seconds
0.0
Embed time: 0.02 seconds
Extract time: 0.01 seconds
0.046875
Embed time: 0.05 seconds
Extract time: 0.01 seconds
0.171875
Embed time: 0.02 seconds
Extract time: 0.01 seconds
0.0625
Embed time: 0.05 seconds
Extract time: 0.01 seconds
0.015625
Embed time: 0.02 seconds
Extract time: 0.01 seconds
0.015625
Embed time: 0.02 seconds
Extract time: 0.01 seconds
0.0
Embed time: 0.02 seconds
Extract time: 0.01 seconds
0.0
Embed time: 0.05 seconds
Extract time: 0.01 seconds
0.0
Embed time: 0.02 seconds
Extract time: 0.01 seconds
0.171875
Embed time: 0.02 seconds
Extract time: 0.01 seconds
0.078125
Embed time: 0.02 seconds
Extract time: 0.01 seconds
0.109375
Embed time: 0.02 seconds
Extract time: 0.01 seconds
0.015625
Embed time: 0.02 seconds
Extract time: 0.01 seconds
0.03125
Embed time: 0.02 seconds
Extract time: 0.01 seconds
0.109375
Embed time: 0.02 seconds
Extract time: 0.01 seconds
0.046875
Embed time: 0.02 seconds
Extract time: 0.01 seconds
0.078125
Embed time: 0.05 seconds
Extract time: 0.01 seconds
0.03125
Embed time: 0.02 seconds
Extract time: 0.01 seconds
0.03125
Embed time: 0.05 seconds
Extract time: 0.01 seconds
0.015625
Embed time: 0.02 seconds
Extract time: 0.01 seconds
0.0
Embed time: 0.02 seconds
Extract time: 0.01 seconds
0.0
Embed time: 0.05 seconds
Extract time: 0.01 seconds
0.109375
Embed time: 0.02 seconds
Extract time: 0.01 seconds
0.046875
Embed time: 0.05 seconds
Extract time: 0.01 seconds
0.03125
Embed time: 0.01 seconds
Extract time: 0.01 seconds
0.015625
Embed time: 0.02 seconds
Extract time: 0.01 seconds
0.015625
Embed time: 0.02 seconds
Extract time: 0.01 seconds
0.015625
Embed time: 0.02 seconds
Extract time: 0.01 seconds
0.0
Embed time: 0.01 seconds
Extract time: 0.03 seconds
0.015625
Embed time: 0.01 seconds
Extract time: 0.01 seconds
0.0
Embed time: 0.02 seconds
Extract time: 0.01 seconds
0.078125
Embed time: 0.02 seconds
Extract time: 0.01 seconds
0.140625
Embed time: 0.02 seconds
Extract time: 0.01 seconds
0.0625
Embed time: 0.02 seconds
Extract time: 0.01 seconds
0.0
Embed time: 0.02 seconds
Extract time: 0.01 seconds
0.03125
Embed time: 0.05 seconds
Extract time: 0.01 seconds
0.03125
Embed time: 0.02 seconds
Extract time: 0.01 seconds
0.015625
Embed time: 0.01 seconds
Extract time: 0.04 seconds
0.015625
Embed time: 0.01 seconds
Extract time: 0.01 seconds
0.046875
Embed time: 0.05 seconds
Extract time: 0.01 seconds
0.0
Embed time: 0.01 seconds
Extract time: 0.01 seconds
0.0
Embed time: 0.01 seconds
Extract time: 0.01 seconds
0.171875
Embed time: 0.04 seconds
Extract time: 0.01 seconds
0.078125
Embed time: 0.01 seconds
Extract time: 0.01 seconds
0.015625
Embed time: 0.01 seconds
Extract time: 0.01 seconds
0.046875
Embed time: 0.02 seconds
Extract time: 0.01 seconds
0.015625
Embed time: 0.01 seconds
Extract time: 0.01 seconds
0.0625
Embed time: 0.05 seconds
Extract time: 0.01 seconds
0.0
Embed time: 0.01 seconds
Extract time: 0.01 seconds
0.03125
Embed time: 0.01 seconds
Extract time: 0.01 seconds
0.0
Embed time: 0.05 seconds
Extract time: 0.01 seconds
0.03125
Embed time: 0.02 seconds
Extract time: 0.01 seconds
0.015625
Embed time: 0.05 seconds
Extract time: 0.01 seconds
0.0625
Embed time: 0.02 seconds
Extract time: 0.01 seconds
0.015625
Embed time: 0.01 seconds
Extract time: 0.01 seconds
0.0
Embed time: 0.05 seconds
Extract time: 0.01 seconds
0.03125
Embed time: 0.02 seconds
Extract time: 0.01 seconds
0.0
Embed time: 0.02 seconds
Extract time: 0.01 seconds
0.046875
Embed time: 0.02 seconds
Extract time: 0.03 seconds
0.03125
25-06-22 16:01:11.341 - INFO: # Validation # PSNR_Stego: 1.9881e+01, Bit_acc:  3.6875e-02
2025-06-22 16:01:11,341 - INFO - # Validation # PSNR_Stego: 1.9881e+01, Bit_acc:  3.6875e-02
25-06-22 16:01:11.341 - INFO: <epoch:  0, iter:   2,000> PSNR_Stego: 1.9881e+01, Bit_acc:  3.6875e-02
2025-06-22 16:01:11,341 - INFO - <epoch:  0, iter:   2,000> PSNR_Stego: 1.9881e+01, Bit_acc:  3.6875e-02
25-06-22 16:01:11.342 - INFO: Saving models and training states.
2025-06-22 16:01:11,342 - INFO - Saving models and training states.
Checkpoint save path: /workspace/EditGuard-V1/experiments/train_ibsn_bit_64/models/2000_G.pth

===== Checkpoint State Path: /workspace/EditGuard-V1/experiments/train_ibsn_bit_64/training_state/2000.state =====

25-06-22 16:01:33.462 - INFO: <epoch:  0, iter:   2,100, lr:1.000e-04> l_forw_fit: 1.5604e+04 l_msg: 3.4095e-02 
2025-06-22 16:01:33,462 - INFO - <epoch:  0, iter:   2,100, lr:1.000e-04> l_forw_fit: 1.5604e+04 l_msg: 3.4095e-02 
25-06-22 16:01:55.670 - INFO: <epoch:  0, iter:   2,200, lr:1.000e-04> l_forw_fit: 7.8775e+03 l_msg: 6.6865e-03 
2025-06-22 16:01:55,670 - INFO - <epoch:  0, iter:   2,200, lr:1.000e-04> l_forw_fit: 7.8775e+03 l_msg: 6.6865e-03 
25-06-22 16:02:17.767 - INFO: <epoch:  0, iter:   2,300, lr:1.000e-04> l_forw_fit: 5.5558e+03 l_msg: 5.3465e-02 
2025-06-22 16:02:17,767 - INFO - <epoch:  0, iter:   2,300, lr:1.000e-04> l_forw_fit: 5.5558e+03 l_msg: 5.3465e-02 
25-06-22 16:02:40.036 - INFO: <epoch:  0, iter:   2,400, lr:1.000e-04> l_forw_fit: 5.2742e+03 l_msg: 1.1655e-02 
2025-06-22 16:02:40,036 - INFO - <epoch:  0, iter:   2,400, lr:1.000e-04> l_forw_fit: 5.2742e+03 l_msg: 1.1655e-02 
25-06-22 16:03:02.051 - INFO: <epoch:  0, iter:   2,500, lr:1.000e-04> l_forw_fit: 6.6289e+03 l_msg: 4.5440e-02 
2025-06-22 16:03:02,051 - INFO - <epoch:  0, iter:   2,500, lr:1.000e-04> l_forw_fit: 6.6289e+03 l_msg: 4.5440e-02 
Embed time: 0.07 seconds
Extract time: 0.01 seconds
0.0
Embed time: 0.03 seconds
Extract time: 0.01 seconds
0.0
Embed time: 0.02 seconds
Extract time: 0.01 seconds
0.0
Embed time: 0.05 seconds
Extract time: 0.01 seconds
0.03125
Embed time: 0.02 seconds
Extract time: 0.01 seconds
0.140625
Embed time: 0.05 seconds
Extract time: 0.01 seconds
0.0
Embed time: 0.02 seconds
Extract time: 0.01 seconds
0.0625
Embed time: 0.01 seconds
Extract time: 0.01 seconds
0.0
Embed time: 0.01 seconds
Extract time: 0.01 seconds
0.0
Embed time: 0.05 seconds
Extract time: 0.01 seconds
0.0
Embed time: 0.01 seconds
Extract time: 0.01 seconds
0.0
Embed time: 0.01 seconds
Extract time: 0.01 seconds
0.0
Embed time: 0.02 seconds
Extract time: 0.01 seconds
0.015625
Embed time: 0.01 seconds
Extract time: 0.01 seconds
0.0
Embed time: 0.05 seconds
Extract time: 0.01 seconds
0.03125
Embed time: 0.01 seconds
Extract time: 0.01 seconds
0.0
Embed time: 0.01 seconds
Extract time: 0.01 seconds
0.015625
Embed time: 0.02 seconds
Extract time: 0.01 seconds
0.0
Embed time: 0.01 seconds
Extract time: 0.01 seconds
0.015625
Embed time: 0.03 seconds
Extract time: 0.01 seconds
0.015625
Embed time: 0.01 seconds
Extract time: 0.01 seconds
0.0
Embed time: 0.05 seconds
Extract time: 0.01 seconds
0.0625
Embed time: 0.01 seconds
Extract time: 0.01 seconds
0.03125
Embed time: 0.01 seconds
Extract time: 0.01 seconds
0.046875
Embed time: 0.01 seconds
Extract time: 0.01 seconds
0.03125
Embed time: 0.01 seconds
Extract time: 0.01 seconds
0.0
Embed time: 0.05 seconds
Extract time: 0.01 seconds
0.015625
Embed time: 0.02 seconds
Extract time: 0.01 seconds
0.0
Embed time: 0.01 seconds
Extract time: 0.01 seconds
0.03125
Embed time: 0.01 seconds
Extract time: 0.01 seconds
0.015625
Embed time: 0.01 seconds
Extract time: 0.01 seconds
0.078125
Embed time: 0.02 seconds
Extract time: 0.01 seconds
0.0
Embed time: 0.01 seconds
Extract time: 0.01 seconds
0.0
Embed time: 0.05 seconds
Extract time: 0.01 seconds
0.0
Embed time: 0.05 seconds
Extract time: 0.01 seconds
0.171875
Embed time: 0.01 seconds
Extract time: 0.01 seconds
0.0
Embed time: 0.05 seconds
Extract time: 0.01 seconds
0.0
Embed time: 0.01 seconds
Extract time: 0.01 seconds
0.0
Embed time: 0.06 seconds
Extract time: 0.01 seconds
0.046875
Embed time: 0.03 seconds
Extract time: 0.01 seconds
0.125
Embed time: 0.02 seconds
Extract time: 0.01 seconds
0.0
Embed time: 0.02 seconds
Extract time: 0.01 seconds
0.03125
Embed time: 0.04 seconds
Extract time: 0.01 seconds
0.109375
Embed time: 0.02 seconds
Extract time: 0.01 seconds
0.078125
Embed time: 0.01 seconds
Extract time: 0.01 seconds
0.03125
Embed time: 0.02 seconds
Extract time: 0.01 seconds
0.0
Embed time: 0.01 seconds
Extract time: 0.03 seconds
0.015625
Embed time: 0.03 seconds
Extract time: 0.01 seconds
0.0
Embed time: 0.01 seconds
Extract time: 0.01 seconds
0.046875
Embed time: 0.05 seconds
Extract time: 0.01 seconds
0.046875
Embed time: 0.01 seconds
Extract time: 0.01 seconds
0.03125
Embed time: 0.04 seconds
Extract time: 0.01 seconds
0.015625
Embed time: 0.02 seconds
Extract time: 0.01 seconds
0.0
Embed time: 0.01 seconds
Extract time: 0.01 seconds
0.0
Embed time: 0.01 seconds
Extract time: 0.01 seconds
0.203125
Embed time: 0.01 seconds
Extract time: 0.02 seconds
0.203125
Embed time: 0.03 seconds
Extract time: 0.01 seconds
0.171875
Embed time: 0.01 seconds
Extract time: 0.01 seconds
0.03125
Embed time: 0.01 seconds
Extract time: 0.04 seconds
0.0
Embed time: 0.04 seconds
Extract time: 0.01 seconds
0.015625
Embed time: 0.01 seconds
Extract time: 0.01 seconds
0.015625
Embed time: 0.02 seconds
Extract time: 0.01 seconds
0.015625
Embed time: 0.01 seconds
Extract time: 0.01 seconds
0.0
Embed time: 0.06 seconds
Extract time: 0.01 seconds
0.09375
Embed time: 0.01 seconds
Extract time: 0.01 seconds
0.03125
Embed time: 0.01 seconds
Extract time: 0.01 seconds
0.0
Embed time: 0.01 seconds
Extract time: 0.01 seconds
0.0
Embed time: 0.06 seconds
Extract time: 0.01 seconds
0.015625
Embed time: 0.01 seconds
Extract time: 0.01 seconds
0.0
Embed time: 0.01 seconds
Extract time: 0.01 seconds
0.015625
Embed time: 0.03 seconds
Extract time: 0.01 seconds
0.0
Embed time: 0.01 seconds
Extract time: 0.01 seconds
0.03125
Embed time: 0.06 seconds
Extract time: 0.01 seconds
0.0
Embed time: 0.01 seconds
Extract time: 0.01 seconds
0.015625
Embed time: 0.01 seconds
Extract time: 0.01 seconds
0.0
Embed time: 0.01 seconds
Extract time: 0.01 seconds
0.0
Embed time: 0.01 seconds
Extract time: 0.01 seconds
0.0
Embed time: 0.05 seconds
Extract time: 0.01 seconds
0.0
Embed time: 0.01 seconds
Extract time: 0.01 seconds
0.015625
Embed time: 0.01 seconds
Extract time: 0.01 seconds
0.03125
Embed time: 0.02 seconds
Extract time: 0.01 seconds
0.03125
Embed time: 0.01 seconds
Extract time: 0.01 seconds
0.0
Embed time: 0.05 seconds
Extract time: 0.01 seconds
0.09375
Embed time: 0.01 seconds
Extract time: 0.01 seconds
0.0
Embed time: 0.01 seconds
Extract time: 0.01 seconds
0.015625
Embed time: 0.03 seconds
Extract time: 0.01 seconds
0.09375
Embed time: 0.01 seconds
Extract time: 0.03 seconds
0.03125
Embed time: 0.04 seconds
Extract time: 0.01 seconds
0.0625
Embed time: 0.02 seconds
Extract time: 0.01 seconds
0.015625
Embed time: 0.05 seconds
Extract time: 0.01 seconds
0.0
Embed time: 0.02 seconds
Extract time: 0.01 seconds
0.0625
Embed time: 0.01 seconds
Extract time: 0.01 seconds
0.140625
Embed time: 0.02 seconds
Extract time: 0.01 seconds
0.015625
Embed time: 0.02 seconds
Extract time: 0.02 seconds
0.078125
Embed time: 0.04 seconds
Extract time: 0.01 seconds
0.0
Embed time: 0.02 seconds
Extract time: 0.01 seconds
0.0
Embed time: 0.01 seconds
Extract time: 0.01 seconds
0.0
Embed time: 0.03 seconds
Extract time: 0.01 seconds
0.046875
Embed time: 0.02 seconds
Extract time: 0.01 seconds
0.0
Embed time: 0.05 seconds
Extract time: 0.01 seconds
0.0
25-06-22 16:03:16.714 - INFO: # Validation # PSNR_Stego: 2.1006e+01, Bit_acc:  2.9844e-02
2025-06-22 16:03:16,714 - INFO - # Validation # PSNR_Stego: 2.1006e+01, Bit_acc:  2.9844e-02
25-06-22 16:03:16.715 - INFO: <epoch:  0, iter:   2,500> PSNR_Stego: 2.1006e+01, Bit_acc:  2.9844e-02
2025-06-22 16:03:16,715 - INFO - <epoch:  0, iter:   2,500> PSNR_Stego: 2.1006e+01, Bit_acc:  2.9844e-02
25-06-22 16:03:39.025 - INFO: <epoch:  0, iter:   2,600, lr:1.000e-04> l_forw_fit: 1.0517e+04 l_msg: 1.0946e-02 
2025-06-22 16:03:39,025 - INFO - <epoch:  0, iter:   2,600, lr:1.000e-04> l_forw_fit: 1.0517e+04 l_msg: 1.0946e-02 
25-06-22 16:04:00.713 - INFO: <epoch:  0, iter:   2,700, lr:1.000e-04> l_forw_fit: 1.3156e+04 l_msg: 1.4386e-01 
2025-06-22 16:04:00,713 - INFO - <epoch:  0, iter:   2,700, lr:1.000e-04> l_forw_fit: 1.3156e+04 l_msg: 1.4386e-01 
25-06-22 16:04:23.081 - INFO: <epoch:  0, iter:   2,800, lr:1.000e-04> l_forw_fit: 1.4310e+04 l_msg: 3.4378e-02 
2025-06-22 16:04:23,081 - INFO - <epoch:  0, iter:   2,800, lr:1.000e-04> l_forw_fit: 1.4310e+04 l_msg: 3.4378e-02 
25-06-22 16:04:45.338 - INFO: <epoch:  0, iter:   2,900, lr:1.000e-04> l_forw_fit: 6.6540e+03 l_msg: 4.2389e-02 
2025-06-22 16:04:45,338 - INFO - <epoch:  0, iter:   2,900, lr:1.000e-04> l_forw_fit: 6.6540e+03 l_msg: 4.2389e-02 
25-06-22 16:05:07.270 - INFO: <epoch:  0, iter:   3,000, lr:1.000e-04> l_forw_fit: 4.9269e+03 l_msg: 1.0749e-01 
2025-06-22 16:05:07,270 - INFO - <epoch:  0, iter:   3,000, lr:1.000e-04> l_forw_fit: 4.9269e+03 l_msg: 1.0749e-01 
Embed time: 0.03 seconds
Extract time: 0.01 seconds
0.0
Embed time: 0.02 seconds
Extract time: 0.01 seconds
0.0
Embed time: 0.04 seconds
Extract time: 0.01 seconds
0.03125
Embed time: 0.01 seconds
Extract time: 0.01 seconds
0.015625
Embed time: 0.04 seconds
Extract time: 0.01 seconds
0.109375
Embed time: 0.01 seconds
Extract time: 0.01 seconds
0.046875
Embed time: 0.01 seconds
Extract time: 0.01 seconds
0.03125
Embed time: 0.01 seconds
Extract time: 0.01 seconds
0.0
Embed time: 0.01 seconds
Extract time: 0.01 seconds
0.0
Embed time: 0.01 seconds
Extract time: 0.01 seconds
0.0
Embed time: 0.01 seconds
Extract time: 0.01 seconds
0.046875
Embed time: 0.05 seconds
Extract time: 0.01 seconds
0.0
Embed time: 0.01 seconds
Extract time: 0.01 seconds
0.0
Embed time: 0.06 seconds
Extract time: 0.01 seconds
0.015625
Embed time: 0.01 seconds
Extract time: 0.01 seconds
0.0
Embed time: 0.05 seconds
Extract time: 0.01 seconds
0.015625
Embed time: 0.01 seconds
Extract time: 0.01 seconds
0.015625
Embed time: 0.04 seconds
Extract time: 0.01 seconds
0.078125
Embed time: 0.01 seconds
Extract time: 0.01 seconds
0.0
Embed time: 0.05 seconds
Extract time: 0.01 seconds
0.0
Embed time: 0.01 seconds
Extract time: 0.01 seconds
0.0
Embed time: 0.05 seconds
Extract time: 0.01 seconds
0.078125
Embed time: 0.01 seconds
Extract time: 0.01 seconds
0.015625
Embed time: 0.02 seconds
Extract time: 0.01 seconds
0.015625
Embed time: 0.04 seconds
Extract time: 0.01 seconds
0.015625
Embed time: 0.01 seconds
Extract time: 0.01 seconds
0.0
Embed time: 0.05 seconds
Extract time: 0.01 seconds
0.0625
Embed time: 0.01 seconds
Extract time: 0.01 seconds
0.015625
Embed time: 0.01 seconds
Extract time: 0.01 seconds
0.03125
Embed time: 0.02 seconds
Extract time: 0.01 seconds
0.015625
Embed time: 0.01 seconds
Extract time: 0.01 seconds
0.046875
Embed time: 0.05 seconds
Extract time: 0.01 seconds
0.03125
Embed time: 0.01 seconds
Extract time: 0.01 seconds
0.125
Embed time: 0.01 seconds
Extract time: 0.01 seconds
0.015625
Embed time: 0.05 seconds
Extract time: 0.01 seconds
0.046875
Embed time: 0.01 seconds
Extract time: 0.01 seconds
0.03125
Embed time: 0.04 seconds
Extract time: 0.01 seconds
0.015625
Embed time: 0.01 seconds
Extract time: 0.01 seconds
0.0
Embed time: 0.05 seconds
Extract time: 0.01 seconds
0.015625
Embed time: 0.01 seconds
Extract time: 0.01 seconds
0.015625
Embed time: 0.01 seconds
Extract time: 0.01 seconds
0.0
Embed time: 0.02 seconds
Extract time: 0.01 seconds
0.09375
Embed time: 0.01 seconds
Extract time: 0.01 seconds
0.0625
Embed time: 0.05 seconds
Extract time: 0.01 seconds
0.078125
Embed time: 0.01 seconds
Extract time: 0.01 seconds
0.015625
Embed time: 0.01 seconds
Extract time: 0.01 seconds
0.015625
Embed time: 0.01 seconds
Extract time: 0.01 seconds
0.0
Embed time: 0.01 seconds
Extract time: 0.01 seconds
0.0
Embed time: 0.02 seconds
Extract time: 0.01 seconds
0.015625
Embed time: 0.05 seconds
Extract time: 0.01 seconds
0.03125
Embed time: 0.01 seconds
Extract time: 0.01 seconds
0.09375
Embed time: 0.01 seconds
Extract time: 0.01 seconds
0.0
Embed time: 0.01 seconds
Extract time: 0.01 seconds
0.0
Embed time: 0.01 seconds
Extract time: 0.01 seconds
0.0
Embed time: 0.02 seconds
Extract time: 0.01 seconds
0.265625
Embed time: 0.01 seconds
Extract time: 0.01 seconds
0.0625
Embed time: 0.05 seconds
Extract time: 0.01 seconds
0.09375
Embed time: 0.01 seconds
Extract time: 0.01 seconds
0.0
Embed time: 0.01 seconds
Extract time: 0.01 seconds
0.0
Embed time: 0.01 seconds
Extract time: 0.01 seconds
0.03125
Embed time: 0.01 seconds
Extract time: 0.01 seconds
0.015625
Embed time: 0.01 seconds
Extract time: 0.01 seconds
0.0
Embed time: 0.05 seconds
Extract time: 0.01 seconds
0.0
Embed time: 0.01 seconds
Extract time: 0.01 seconds
0.046875
Embed time: 0.01 seconds
Extract time: 0.01 seconds
0.0625
Embed time: 0.01 seconds
Extract time: 0.01 seconds
0.0
Embed time: 0.03 seconds
Extract time: 0.01 seconds
0.09375
Embed time: 0.01 seconds
Extract time: 0.01 seconds
0.0
Embed time: 0.01 seconds
Extract time: 0.01 seconds
0.0625
Embed time: 0.05 seconds
Extract time: 0.01 seconds
0.015625
Embed time: 0.01 seconds
Extract time: 0.01 seconds
0.015625
Embed time: 0.03 seconds
Extract time: 0.01 seconds
0.0
Embed time: 0.06 seconds
Extract time: 0.01 seconds
0.0
Embed time: 0.04 seconds
Extract time: 0.01 seconds
0.015625
Embed time: 0.01 seconds
Extract time: 0.01 seconds
0.015625
Embed time: 0.01 seconds
Extract time: 0.01 seconds
0.0
Embed time: 0.01 seconds
Extract time: 0.05 seconds
0.0
Embed time: 0.01 seconds
Extract time: 0.01 seconds
0.0
Embed time: 0.05 seconds
Extract time: 0.01 seconds
0.03125
Embed time: 0.01 seconds
Extract time: 0.01 seconds
0.0
Embed time: 0.04 seconds
Extract time: 0.01 seconds
0.015625
Embed time: 0.01 seconds
Extract time: 0.01 seconds
0.0
Embed time: 0.01 seconds
Extract time: 0.01 seconds
0.0625
Embed time: 0.06 seconds
Extract time: 0.01 seconds
0.078125
Embed time: 0.02 seconds
Extract time: 0.01 seconds
0.0
Embed time: 0.01 seconds
Extract time: 0.01 seconds
0.140625
Embed time: 0.05 seconds
Extract time: 0.01 seconds
0.03125
Embed time: 0.05 seconds
Extract time: 0.01 seconds
0.140625
Embed time: 0.02 seconds
Extract time: 0.01 seconds
0.046875
Embed time: 0.02 seconds
Extract time: 0.01 seconds
0.0
Embed time: 0.06 seconds
Extract time: 0.01 seconds
0.0
Embed time: 0.02 seconds
Extract time: 0.01 seconds
0.0
Embed time: 0.02 seconds
Extract time: 0.01 seconds
0.0
Embed time: 0.05 seconds
Extract time: 0.01 seconds
0.0
Embed time: 0.02 seconds
Extract time: 0.01 seconds
0.015625
Embed time: 0.01 seconds
Extract time: 0.01 seconds
0.015625
Embed time: 0.02 seconds
Extract time: 0.01 seconds
0.046875
Embed time: 0.06 seconds
Extract time: 0.01 seconds
0.0
Embed time: 0.02 seconds
Extract time: 0.01 seconds
0.0
Embed time: 0.06 seconds
Extract time: 0.01 seconds
0.0
25-06-22 16:05:22.471 - INFO: # Validation # PSNR_Stego: 2.1863e+01, Bit_acc:  2.8281e-02
2025-06-22 16:05:22,471 - INFO - # Validation # PSNR_Stego: 2.1863e+01, Bit_acc:  2.8281e-02
25-06-22 16:05:22.471 - INFO: <epoch:  0, iter:   3,000> PSNR_Stego: 2.1863e+01, Bit_acc:  2.8281e-02
2025-06-22 16:05:22,471 - INFO - <epoch:  0, iter:   3,000> PSNR_Stego: 2.1863e+01, Bit_acc:  2.8281e-02
25-06-22 16:05:22.472 - INFO: Saving models and training states.
2025-06-22 16:05:22,472 - INFO - Saving models and training states.
Checkpoint save path: /workspace/EditGuard-V1/experiments/train_ibsn_bit_64/models/3000_G.pth

===== Checkpoint State Path: /workspace/EditGuard-V1/experiments/train_ibsn_bit_64/training_state/3000.state =====

25-06-22 16:05:45.062 - INFO: <epoch:  0, iter:   3,100, lr:1.000e-04> l_forw_fit: 6.2707e+03 l_msg: 1.2538e-02 
2025-06-22 16:05:45,062 - INFO - <epoch:  0, iter:   3,100, lr:1.000e-04> l_forw_fit: 6.2707e+03 l_msg: 1.2538e-02 
25-06-22 16:06:07.648 - INFO: <epoch:  0, iter:   3,200, lr:1.000e-04> l_forw_fit: 4.9264e+03 l_msg: 7.3656e-03 
2025-06-22 16:06:07,648 - INFO - <epoch:  0, iter:   3,200, lr:1.000e-04> l_forw_fit: 4.9264e+03 l_msg: 7.3656e-03 
25-06-22 16:06:30.217 - INFO: <epoch:  0, iter:   3,300, lr:1.000e-04> l_forw_fit: 5.4144e+03 l_msg: 4.4626e-02 
2025-06-22 16:06:30,217 - INFO - <epoch:  0, iter:   3,300, lr:1.000e-04> l_forw_fit: 5.4144e+03 l_msg: 4.4626e-02 
25-06-22 16:06:52.597 - INFO: <epoch:  0, iter:   3,400, lr:1.000e-04> l_forw_fit: 6.8223e+03 l_msg: 5.9696e-02 
2025-06-22 16:06:52,597 - INFO - <epoch:  0, iter:   3,400, lr:1.000e-04> l_forw_fit: 6.8223e+03 l_msg: 5.9696e-02 
25-06-22 16:07:14.323 - INFO: <epoch:  0, iter:   3,500, lr:1.000e-04> l_forw_fit: 3.9496e+03 l_msg: 9.0392e-04 
2025-06-22 16:07:14,323 - INFO - <epoch:  0, iter:   3,500, lr:1.000e-04> l_forw_fit: 3.9496e+03 l_msg: 9.0392e-04 
Embed time: 0.03 seconds
Extract time: 0.01 seconds
0.0
Embed time: 0.02 seconds
Extract time: 0.01 seconds
0.0
Embed time: 0.02 seconds
Extract time: 0.01 seconds
0.015625
Embed time: 0.05 seconds
Extract time: 0.01 seconds
0.0
Embed time: 0.02 seconds
Extract time: 0.01 seconds
0.0625
Embed time: 0.02 seconds
Extract time: 0.01 seconds
0.078125
Embed time: 0.02 seconds
Extract time: 0.01 seconds
0.015625
Embed time: 0.04 seconds
Extract time: 0.01 seconds
0.0
Embed time: 0.02 seconds
Extract time: 0.01 seconds
0.015625
Embed time: 0.04 seconds
Extract time: 0.01 seconds
0.0
Embed time: 0.02 seconds
Extract time: 0.01 seconds
0.09375
Embed time: 0.04 seconds
Extract time: 0.01 seconds
0.0
Embed time: 0.02 seconds
Extract time: 0.01 seconds
0.0
Embed time: 0.05 seconds
Extract time: 0.01 seconds
0.0
Embed time: 0.02 seconds
Extract time: 0.01 seconds
0.0
Embed time: 0.05 seconds
Extract time: 0.01 seconds
0.0
Embed time: 0.02 seconds
Extract time: 0.01 seconds
0.0
Embed time: 0.02 seconds
Extract time: 0.01 seconds
0.015625
Embed time: 0.02 seconds
Extract time: 0.01 seconds
0.0
Embed time: 0.02 seconds
Extract time: 0.01 seconds
0.015625
Embed time: 0.05 seconds
Extract time: 0.01 seconds
0.0
Embed time: 0.02 seconds
Extract time: 0.01 seconds
0.09375
Embed time: 0.02 seconds
Extract time: 0.01 seconds
0.0
Embed time: 0.02 seconds
Extract time: 0.01 seconds
0.0
Embed time: 0.05 seconds
Extract time: 0.01 seconds
0.0
Embed time: 0.02 seconds
Extract time: 0.01 seconds
0.0
Embed time: 0.02 seconds
Extract time: 0.01 seconds
0.0
Embed time: 0.02 seconds
Extract time: 0.01 seconds
0.03125
Embed time: 0.02 seconds
Extract time: 0.01 seconds
0.03125
Embed time: 0.02 seconds
Extract time: 0.01 seconds
0.0
Embed time: 0.02 seconds
Extract time: 0.01 seconds
0.140625
Embed time: 0.05 seconds
Extract time: 0.01 seconds
0.0
Embed time: 0.02 seconds
Extract time: 0.01 seconds
0.0
Embed time: 0.02 seconds
Extract time: 0.01 seconds
0.015625
Embed time: 0.05 seconds
Extract time: 0.01 seconds
0.078125
Embed time: 0.02 seconds
Extract time: 0.01 seconds
0.015625
Embed time: 0.02 seconds
Extract time: 0.04 seconds
0.0
Embed time: 0.02 seconds
Extract time: 0.01 seconds
0.0
Embed time: 0.02 seconds
Extract time: 0.01 seconds
0.0
Embed time: 0.02 seconds
Extract time: 0.01 seconds
0.015625
Embed time: 0.02 seconds
Extract time: 0.02 seconds
0.0
Embed time: 0.04 seconds
Extract time: 0.01 seconds
0.046875
Embed time: 0.02 seconds
Extract time: 0.01 seconds
0.046875
Embed time: 0.04 seconds
Extract time: 0.01 seconds
0.078125
Embed time: 0.02 seconds
Extract time: 0.01 seconds
0.0
Embed time: 0.02 seconds
Extract time: 0.01 seconds
0.0
Embed time: 0.05 seconds
Extract time: 0.01 seconds
0.0
Embed time: 0.02 seconds
Extract time: 0.01 seconds
0.015625
Embed time: 0.04 seconds
Extract time: 0.01 seconds
0.0
Embed time: 0.02 seconds
Extract time: 0.01 seconds
0.1875
Embed time: 0.04 seconds
Extract time: 0.01 seconds
0.015625
Embed time: 0.02 seconds
Extract time: 0.01 seconds
0.046875
Embed time: 0.03 seconds
Extract time: 0.01 seconds
0.0
Embed time: 0.02 seconds
Extract time: 0.01 seconds
0.0
Embed time: 0.05 seconds
Extract time: 0.01 seconds
0.03125
Embed time: 0.02 seconds
Extract time: 0.01 seconds
0.0
Embed time: 0.02 seconds
Extract time: 0.01 seconds
0.0
Embed time: 0.02 seconds
Extract time: 0.01 seconds
0.015625
Embed time: 0.02 seconds
Extract time: 0.01 seconds
0.0
Embed time: 0.02 seconds
Extract time: 0.01 seconds
0.0
Embed time: 0.02 seconds
Extract time: 0.01 seconds
0.0
Embed time: 0.03 seconds
Extract time: 0.01 seconds
0.046875
Embed time: 0.02 seconds
Extract time: 0.01 seconds
0.0
Embed time: 0.05 seconds
Extract time: 0.01 seconds
0.015625
Embed time: 0.02 seconds
Extract time: 0.01 seconds
0.0
Embed time: 0.04 seconds
Extract time: 0.01 seconds
0.015625
Embed time: 0.02 seconds
Extract time: 0.01 seconds
0.0
Embed time: 0.05 seconds
Extract time: 0.01 seconds
0.0
Embed time: 0.01 seconds
Extract time: 0.01 seconds
0.0
Embed time: 0.01 seconds
Extract time: 0.01 seconds
0.0
Embed time: 0.05 seconds
Extract time: 0.01 seconds
0.0
Embed time: 0.02 seconds
Extract time: 0.01 seconds
0.0
Embed time: 0.05 seconds
Extract time: 0.01 seconds
0.015625
Embed time: 0.02 seconds
Extract time: 0.01 seconds
0.015625
Embed time: 0.02 seconds
Extract time: 0.01 seconds
0.046875
Embed time: 0.02 seconds
Extract time: 0.01 seconds
0.015625
Embed time: 0.05 seconds
Extract time: 0.01 seconds
0.0
Embed time: 0.02 seconds
Extract time: 0.01 seconds
0.0
Embed time: 0.02 seconds
Extract time: 0.01 seconds
0.015625
Embed time: 0.05 seconds
Extract time: 0.01 seconds
0.0
Embed time: 0.02 seconds
Extract time: 0.01 seconds
0.03125
Embed time: 0.05 seconds
Extract time: 0.01 seconds
0.0
Embed time: 0.02 seconds
Extract time: 0.01 seconds
0.171875
Embed time: 0.02 seconds
Extract time: 0.04 seconds
0.015625
Embed time: 0.03 seconds
Extract time: 0.01 seconds
0.046875
Embed time: 0.02 seconds
Extract time: 0.01 seconds
0.125
Embed time: 0.05 seconds
Extract time: 0.01 seconds
0.015625
Embed time: 0.02 seconds
Extract time: 0.01 seconds
0.015625
Embed time: 0.02 seconds
Extract time: 0.01 seconds
0.0
Embed time: 0.05 seconds
Extract time: 0.01 seconds
0.0
Embed time: 0.02 seconds
Extract time: 0.01 seconds
0.046875
Embed time: 0.05 seconds
Extract time: 0.01 seconds
0.015625
Embed time: 0.02 seconds
Extract time: 0.01 seconds
0.015625
Embed time: 0.02 seconds
Extract time: 0.04 seconds
0.0
Embed time: 0.03 seconds
Extract time: 0.01 seconds
0.015625
Embed time: 0.02 seconds
Extract time: 0.01 seconds
0.0
Embed time: 0.05 seconds
Extract time: 0.01 seconds
0.0625
Embed time: 0.02 seconds
Extract time: 0.01 seconds
0.0
Embed time: 0.06 seconds
Extract time: 0.01 seconds
0.03125
Embed time: 0.02 seconds
Extract time: 0.01 seconds
0.015625
25-06-22 16:07:29.105 - INFO: # Validation # PSNR_Stego: 2.2624e+01, Bit_acc:  2.0313e-02
2025-06-22 16:07:29,105 - INFO - # Validation # PSNR_Stego: 2.2624e+01, Bit_acc:  2.0313e-02
25-06-22 16:07:29.106 - INFO: <epoch:  0, iter:   3,500> PSNR_Stego: 2.2624e+01, Bit_acc:  2.0313e-02
2025-06-22 16:07:29,106 - INFO - <epoch:  0, iter:   3,500> PSNR_Stego: 2.2624e+01, Bit_acc:  2.0313e-02
25-06-22 16:07:51.215 - INFO: <epoch:  0, iter:   3,600, lr:1.000e-04> l_forw_fit: 5.1361e+03 l_msg: 9.9928e-02 
2025-06-22 16:07:51,215 - INFO - <epoch:  0, iter:   3,600, lr:1.000e-04> l_forw_fit: 5.1361e+03 l_msg: 9.9928e-02 
25-06-22 16:08:13.017 - INFO: <epoch:  0, iter:   3,700, lr:1.000e-04> l_forw_fit: 6.0971e+03 l_msg: 7.0820e-03 
2025-06-22 16:08:13,017 - INFO - <epoch:  0, iter:   3,700, lr:1.000e-04> l_forw_fit: 6.0971e+03 l_msg: 7.0820e-03 
25-06-22 16:08:35.263 - INFO: <epoch:  0, iter:   3,800, lr:1.000e-04> l_forw_fit: 4.4277e+03 l_msg: 9.7001e-02 
2025-06-22 16:08:35,263 - INFO - <epoch:  0, iter:   3,800, lr:1.000e-04> l_forw_fit: 4.4277e+03 l_msg: 9.7001e-02 
25-06-22 16:08:57.201 - INFO: <epoch:  0, iter:   3,900, lr:1.000e-04> l_forw_fit: 4.2606e+03 l_msg: 7.4548e-02 
2025-06-22 16:08:57,201 - INFO - <epoch:  0, iter:   3,900, lr:1.000e-04> l_forw_fit: 4.2606e+03 l_msg: 7.4548e-02 
25-06-22 16:09:19.320 - INFO: <epoch:  0, iter:   4,000, lr:1.000e-04> l_forw_fit: 5.1513e+03 l_msg: 1.4197e-02 
2025-06-22 16:09:19,320 - INFO - <epoch:  0, iter:   4,000, lr:1.000e-04> l_forw_fit: 5.1513e+03 l_msg: 1.4197e-02 
Embed time: 0.03 seconds
Extract time: 0.01 seconds
0.0
Embed time: 0.02 seconds
Extract time: 0.01 seconds
0.125
Embed time: 0.02 seconds
Extract time: 0.01 seconds
0.03125
Embed time: 0.02 seconds
Extract time: 0.01 seconds
0.015625
Embed time: 0.01 seconds
Extract time: 0.01 seconds
0.03125
Embed time: 0.01 seconds
Extract time: 0.01 seconds
0.046875
Embed time: 0.05 seconds
Extract time: 0.01 seconds
0.015625
Embed time: 0.02 seconds
Extract time: 0.01 seconds
0.015625
Embed time: 0.05 seconds
Extract time: 0.01 seconds
0.03125
Embed time: 0.02 seconds
Extract time: 0.01 seconds
0.0
Embed time: 0.05 seconds
Extract time: 0.01 seconds
0.046875
Embed time: 0.02 seconds
Extract time: 0.01 seconds
0.015625
Embed time: 0.01 seconds
Extract time: 0.01 seconds
0.0
Embed time: 0.03 seconds
Extract time: 0.01 seconds
0.0
Embed time: 0.02 seconds
Extract time: 0.03 seconds
0.0
Embed time: 0.05 seconds
Extract time: 0.01 seconds
0.0
Embed time: 0.02 seconds
Extract time: 0.01 seconds
0.0
Embed time: 0.04 seconds
Extract time: 0.01 seconds
0.0
Embed time: 0.02 seconds
Extract time: 0.01 seconds
0.015625
Embed time: 0.01 seconds
Extract time: 0.01 seconds
0.046875
Embed time: 0.02 seconds
Extract time: 0.01 seconds
0.015625
Embed time: 0.01 seconds
Extract time: 0.04 seconds
0.09375
Embed time: 0.04 seconds
Extract time: 0.01 seconds
0.046875
Embed time: 0.01 seconds
Extract time: 0.01 seconds
0.046875
Embed time: 0.05 seconds
Extract time: 0.01 seconds
0.0
Embed time: 0.02 seconds
Extract time: 0.01 seconds
0.015625
Embed time: 0.01 seconds
Extract time: 0.01 seconds
0.046875
Embed time: 0.02 seconds
Extract time: 0.01 seconds
0.015625
Embed time: 0.05 seconds
Extract time: 0.01 seconds
0.0
Embed time: 0.01 seconds
Extract time: 0.01 seconds
0.078125
Embed time: 0.02 seconds
Extract time: 0.04 seconds
0.09375
Embed time: 0.01 seconds
Extract time: 0.01 seconds
0.0
Embed time: 0.04 seconds
Extract time: 0.01 seconds
0.03125
Embed time: 0.01 seconds
Extract time: 0.01 seconds
0.0
Embed time: 0.06 seconds
Extract time: 0.01 seconds
0.15625
Embed time: 0.01 seconds
Extract time: 0.01 seconds
0.0
Embed time: 0.04 seconds
Extract time: 0.01 seconds
0.0
Embed time: 0.01 seconds
Extract time: 0.01 seconds
0.03125
Embed time: 0.01 seconds
Extract time: 0.01 seconds
0.03125
Embed time: 0.01 seconds
Extract time: 0.01 seconds
0.140625
Embed time: 0.01 seconds
Extract time: 0.01 seconds
0.015625
Embed time: 0.01 seconds
Extract time: 0.01 seconds
0.0625
Embed time: 0.05 seconds
Extract time: 0.01 seconds
0.109375
Embed time: 0.02 seconds
Extract time: 0.01 seconds
0.265625
Embed time: 0.02 seconds
Extract time: 0.01 seconds
0.015625
Embed time: 0.01 seconds
Extract time: 0.01 seconds
0.015625
Embed time: 0.05 seconds
Extract time: 0.01 seconds
0.0
Embed time: 0.01 seconds
Extract time: 0.01 seconds
0.0
Embed time: 0.05 seconds
Extract time: 0.01 seconds
0.0
Embed time: 0.02 seconds
Extract time: 0.01 seconds
0.046875
Embed time: 0.05 seconds
Extract time: 0.01 seconds
0.046875
Embed time: 0.02 seconds
Extract time: 0.01 seconds
0.015625
Embed time: 0.02 seconds
Extract time: 0.01 seconds
0.0
Embed time: 0.01 seconds
Extract time: 0.01 seconds
0.015625
Embed time: 0.01 seconds
Extract time: 0.01 seconds
0.328125
Embed time: 0.04 seconds
Extract time: 0.01 seconds
0.171875
Embed time: 0.02 seconds
Extract time: 0.01 seconds
0.046875
Embed time: 0.05 seconds
Extract time: 0.01 seconds
0.015625
Embed time: 0.01 seconds
Extract time: 0.01 seconds
0.0
Embed time: 0.05 seconds
Extract time: 0.01 seconds
0.015625
Embed time: 0.01 seconds
Extract time: 0.01 seconds
0.0
Embed time: 0.01 seconds
Extract time: 0.01 seconds
0.03125
Embed time: 0.04 seconds
Extract time: 0.01 seconds
0.015625
Embed time: 0.01 seconds
Extract time: 0.01 seconds
0.03125
Embed time: 0.01 seconds
Extract time: 0.01 seconds
0.09375
Embed time: 0.01 seconds
Extract time: 0.01 seconds
0.03125
Embed time: 0.05 seconds
Extract time: 0.01 seconds
0.015625
Embed time: 0.01 seconds
Extract time: 0.01 seconds
0.015625
Embed time: 0.01 seconds
Extract time: 0.01 seconds
0.0625
Embed time: 0.02 seconds
Extract time: 0.01 seconds
0.0
Embed time: 0.01 seconds
Extract time: 0.01 seconds
0.0
Embed time: 0.05 seconds
Extract time: 0.02 seconds
0.0
Embed time: 0.01 seconds
Extract time: 0.01 seconds
0.0
Embed time: 0.05 seconds
Extract time: 0.01 seconds
0.03125
Embed time: 0.01 seconds
Extract time: 0.01 seconds
0.015625
Embed time: 0.01 seconds
Extract time: 0.01 seconds
0.03125
Embed time: 0.01 seconds
Extract time: 0.01 seconds
0.046875
Embed time: 0.04 seconds
Extract time: 0.01 seconds
0.0
Embed time: 0.01 seconds
Extract time: 0.01 seconds
0.0625
Embed time: 0.05 seconds
Extract time: 0.01 seconds
0.015625
Embed time: 0.01 seconds
Extract time: 0.01 seconds
0.1875
Embed time: 0.01 seconds
Extract time: 0.01 seconds
0.015625
Embed time: 0.01 seconds
Extract time: 0.01 seconds
0.15625
Embed time: 0.01 seconds
Extract time: 0.02 seconds
0.03125
Embed time: 0.04 seconds
Extract time: 0.01 seconds
0.078125
Embed time: 0.02 seconds
Extract time: 0.01 seconds
0.15625
Embed time: 0.04 seconds
Extract time: 0.01 seconds
0.0
Embed time: 0.01 seconds
Extract time: 0.01 seconds
0.078125
Embed time: 0.05 seconds
Extract time: 0.01 seconds
0.0
Embed time: 0.01 seconds
Extract time: 0.01 seconds
0.0
Embed time: 0.01 seconds
Extract time: 0.01 seconds
0.09375
Embed time: 0.01 seconds
Extract time: 0.01 seconds
0.0
Embed time: 0.01 seconds
Extract time: 0.04 seconds
0.0
Embed time: 0.04 seconds
Extract time: 0.01 seconds
0.0625
Embed time: 0.01 seconds
Extract time: 0.01 seconds
0.0
Embed time: 0.05 seconds
Extract time: 0.01 seconds
0.0
Embed time: 0.01 seconds
Extract time: 0.01 seconds
0.03125
Embed time: 0.04 seconds
Extract time: 0.01 seconds
0.0
Embed time: 0.01 seconds
Extract time: 0.01 seconds
0.046875
Embed time: 0.04 seconds
Extract time: 0.01 seconds
0.0625
25-06-22 16:09:34.267 - INFO: # Validation # PSNR_Stego: 2.3292e+01, Bit_acc:  3.9688e-02
2025-06-22 16:09:34,267 - INFO - # Validation # PSNR_Stego: 2.3292e+01, Bit_acc:  3.9688e-02
25-06-22 16:09:34.268 - INFO: <epoch:  0, iter:   4,000> PSNR_Stego: 2.3292e+01, Bit_acc:  3.9688e-02
2025-06-22 16:09:34,268 - INFO - <epoch:  0, iter:   4,000> PSNR_Stego: 2.3292e+01, Bit_acc:  3.9688e-02
25-06-22 16:09:34.268 - INFO: Saving models and training states.
2025-06-22 16:09:34,268 - INFO - Saving models and training states.
Checkpoint save path: /workspace/EditGuard-V1/experiments/train_ibsn_bit_64/models/4000_G.pth

===== Checkpoint State Path: /workspace/EditGuard-V1/experiments/train_ibsn_bit_64/training_state/4000.state =====

25-06-22 16:09:56.465 - INFO: <epoch:  0, iter:   4,100, lr:1.000e-04> l_forw_fit: 7.1830e+03 l_msg: 5.4655e-02 
2025-06-22 16:09:56,465 - INFO - <epoch:  0, iter:   4,100, lr:1.000e-04> l_forw_fit: 7.1830e+03 l_msg: 5.4655e-02 
25-06-22 16:10:18.699 - INFO: <epoch:  0, iter:   4,200, lr:1.000e-04> l_forw_fit: 2.9770e+03 l_msg: 1.1977e-01 
2025-06-22 16:10:18,699 - INFO - <epoch:  0, iter:   4,200, lr:1.000e-04> l_forw_fit: 2.9770e+03 l_msg: 1.1977e-01 
25-06-22 16:10:40.523 - INFO: <epoch:  0, iter:   4,300, lr:1.000e-04> l_forw_fit: 2.0352e+03 l_msg: 1.7864e-02 
2025-06-22 16:10:40,523 - INFO - <epoch:  0, iter:   4,300, lr:1.000e-04> l_forw_fit: 2.0352e+03 l_msg: 1.7864e-02 
25-06-22 16:11:02.861 - INFO: <epoch:  0, iter:   4,400, lr:1.000e-04> l_forw_fit: 5.6447e+03 l_msg: 2.1993e-02 
2025-06-22 16:11:02,861 - INFO - <epoch:  0, iter:   4,400, lr:1.000e-04> l_forw_fit: 5.6447e+03 l_msg: 2.1993e-02 
25-06-22 16:11:25.199 - INFO: <epoch:  0, iter:   4,500, lr:1.000e-04> l_forw_fit: 3.4871e+03 l_msg: 9.9731e-02 
2025-06-22 16:11:25,199 - INFO - <epoch:  0, iter:   4,500, lr:1.000e-04> l_forw_fit: 3.4871e+03 l_msg: 9.9731e-02 
Embed time: 0.03 seconds
Extract time: 0.01 seconds
0.0
Embed time: 0.03 seconds
Extract time: 0.01 seconds
0.078125
Embed time: 0.02 seconds
Extract time: 0.01 seconds
0.046875
Embed time: 0.02 seconds
Extract time: 0.01 seconds
0.0
Embed time: 0.02 seconds
Extract time: 0.01 seconds
0.015625
Embed time: 0.02 seconds
Extract time: 0.01 seconds
0.0625
Embed time: 0.02 seconds
Extract time: 0.01 seconds
0.0
Embed time: 0.05 seconds
Extract time: 0.01 seconds
0.0
Embed time: 0.02 seconds
Extract time: 0.01 seconds
0.0
Embed time: 0.04 seconds
Extract time: 0.01 seconds
0.0
Embed time: 0.02 seconds
Extract time: 0.01 seconds
0.03125
Embed time: 0.05 seconds
Extract time: 0.01 seconds
0.0
Embed time: 0.02 seconds
Extract time: 0.01 seconds
0.0625
Embed time: 0.02 seconds
Extract time: 0.01 seconds
0.015625
Embed time: 0.02 seconds
Extract time: 0.01 seconds
0.0
Embed time: 0.02 seconds
Extract time: 0.01 seconds
0.0
Embed time: 0.05 seconds
Extract time: 0.01 seconds
0.0
Embed time: 0.01 seconds
Extract time: 0.01 seconds
0.015625
Embed time: 0.05 seconds
Extract time: 0.01 seconds
0.0
Embed time: 0.01 seconds
Extract time: 0.01 seconds
0.09375
Embed time: 0.04 seconds
Extract time: 0.01 seconds
0.0
Embed time: 0.01 seconds
Extract time: 0.01 seconds
0.109375
Embed time: 0.01 seconds
Extract time: 0.05 seconds
0.0
Embed time: 0.03 seconds
Extract time: 0.01 seconds
0.0
Embed time: 0.02 seconds
Extract time: 0.01 seconds
0.015625
Embed time: 0.03 seconds
Extract time: 0.01 seconds
0.0
Embed time: 0.03 seconds
Extract time: 0.01 seconds
0.015625
Embed time: 0.03 seconds
Extract time: 0.01 seconds
0.0
Embed time: 0.02 seconds
Extract time: 0.01 seconds
0.03125
Embed time: 0.05 seconds
Extract time: 0.01 seconds
0.0
Embed time: 0.02 seconds
Extract time: 0.01 seconds
0.09375
Embed time: 0.02 seconds
Extract time: 0.04 seconds
0.0
Embed time: 0.03 seconds
Extract time: 0.01 seconds
0.015625
Embed time: 0.02 seconds
Extract time: 0.01 seconds
0.015625
Embed time: 0.03 seconds
Extract time: 0.01 seconds
0.15625
Embed time: 0.02 seconds
Extract time: 0.01 seconds
0.046875
Embed time: 0.04 seconds
Extract time: 0.01 seconds
0.0
Embed time: 0.02 seconds
Extract time: 0.01 seconds
0.0
Embed time: 0.05 seconds
Extract time: 0.01 seconds
0.015625
Embed time: 0.02 seconds
Extract time: 0.01 seconds
0.078125
Embed time: 0.05 seconds
Extract time: 0.01 seconds
0.015625
Embed time: 0.02 seconds
Extract time: 0.01 seconds
0.0
Embed time: 0.02 seconds
Extract time: 0.01 seconds
0.078125
Embed time: 0.02 seconds
Extract time: 0.02 seconds
0.125
Embed time: 0.02 seconds
Extract time: 0.01 seconds
0.015625
Embed time: 0.02 seconds
Extract time: 0.01 seconds
0.0625
Embed time: 0.02 seconds
Extract time: 0.04 seconds
0.0
Embed time: 0.03 seconds
Extract time: 0.01 seconds
0.0
Embed time: 0.02 seconds
Extract time: 0.01 seconds
0.03125
Embed time: 0.05 seconds
Extract time: 0.01 seconds
0.0625
Embed time: 0.02 seconds
Extract time: 0.01 seconds
0.015625
Embed time: 0.05 seconds
Extract time: 0.01 seconds
0.03125
Embed time: 0.02 seconds
Extract time: 0.01 seconds
0.015625
Embed time: 0.05 seconds
Extract time: 0.01 seconds
0.015625
Embed time: 0.02 seconds
Extract time: 0.01 seconds
0.125
Embed time: 0.04 seconds
Extract time: 0.01 seconds
0.09375
Embed time: 0.02 seconds
Extract time: 0.01 seconds
0.171875
Embed time: 0.03 seconds
Extract time: 0.01 seconds
0.015625
Embed time: 0.02 seconds
Extract time: 0.01 seconds
0.0
Embed time: 0.02 seconds
Extract time: 0.01 seconds
0.015625
Embed time: 0.02 seconds
Extract time: 0.01 seconds
0.0
Embed time: 0.02 seconds
Extract time: 0.06 seconds
0.0
Embed time: 0.03 seconds
Extract time: 0.01 seconds
0.0
Embed time: 0.02 seconds
Extract time: 0.01 seconds
0.09375
Embed time: 0.02 seconds
Extract time: 0.01 seconds
0.015625
Embed time: 0.02 seconds
Extract time: 0.01 seconds
0.046875
Embed time: 0.02 seconds
Extract time: 0.01 seconds
0.0
Embed time: 0.02 seconds
Extract time: 0.01 seconds
0.046875
Embed time: 0.02 seconds
Extract time: 0.01 seconds
0.046875
Embed time: 0.02 seconds
Extract time: 0.01 seconds
0.015625
Embed time: 0.02 seconds
Extract time: 0.01 seconds
0.0
Embed time: 0.02 seconds
Extract time: 0.01 seconds
0.046875
Embed time: 0.03 seconds
Extract time: 0.01 seconds
0.015625
Embed time: 0.02 seconds
Extract time: 0.01 seconds
0.0
Embed time: 0.02 seconds
Extract time: 0.04 seconds
0.0
Embed time: 0.03 seconds
Extract time: 0.01 seconds
0.0
Embed time: 0.02 seconds
Extract time: 0.01 seconds
0.046875
Embed time: 0.02 seconds
Extract time: 0.01 seconds
0.0
Embed time: 0.02 seconds
Extract time: 0.01 seconds
0.015625
Embed time: 0.02 seconds
Extract time: 0.01 seconds
0.0
Embed time: 0.02 seconds
Extract time: 0.01 seconds
0.03125
Embed time: 0.02 seconds
Extract time: 0.01 seconds
0.0
Embed time: 0.05 seconds
Extract time: 0.01 seconds
0.140625
Embed time: 0.02 seconds
Extract time: 0.01 seconds
0.109375
Embed time: 0.03 seconds
Extract time: 0.01 seconds
0.015625
Embed time: 0.02 seconds
Extract time: 0.01 seconds
0.140625
Embed time: 0.03 seconds
Extract time: 0.01 seconds
0.03125
Embed time: 0.02 seconds
Extract time: 0.01 seconds
0.15625
Embed time: 0.04 seconds
Extract time: 0.01 seconds
0.046875
Embed time: 0.02 seconds
Extract time: 0.01 seconds
0.0
Embed time: 0.02 seconds
Extract time: 0.01 seconds
0.015625
Embed time: 0.05 seconds
Extract time: 0.01 seconds
0.0
Embed time: 0.02 seconds
Extract time: 0.01 seconds
0.0
Embed time: 0.02 seconds
Extract time: 0.04 seconds
0.0
Embed time: 0.02 seconds
Extract time: 0.01 seconds
0.015625
Embed time: 0.02 seconds
Extract time: 0.01 seconds
0.0
Embed time: 0.02 seconds
Extract time: 0.01 seconds
0.015625
Embed time: 0.02 seconds
Extract time: 0.05 seconds
0.0
Embed time: 0.02 seconds
Extract time: 0.01 seconds
0.0
Embed time: 0.02 seconds
Extract time: 0.01 seconds
0.0
25-06-22 16:11:39.986 - INFO: # Validation # PSNR_Stego: 2.3943e+01, Bit_acc:  3.0156e-02
2025-06-22 16:11:39,986 - INFO - # Validation # PSNR_Stego: 2.3943e+01, Bit_acc:  3.0156e-02
25-06-22 16:11:39.987 - INFO: <epoch:  0, iter:   4,500> PSNR_Stego: 2.3943e+01, Bit_acc:  3.0156e-02
2025-06-22 16:11:39,987 - INFO - <epoch:  0, iter:   4,500> PSNR_Stego: 2.3943e+01, Bit_acc:  3.0156e-02
25-06-22 16:12:02.002 - INFO: <epoch:  0, iter:   4,600, lr:1.000e-04> l_forw_fit: 4.6614e+03 l_msg: 2.1353e-02 
2025-06-22 16:12:02,002 - INFO - <epoch:  0, iter:   4,600, lr:1.000e-04> l_forw_fit: 4.6614e+03 l_msg: 2.1353e-02 
25-06-22 16:12:24.450 - INFO: <epoch:  0, iter:   4,700, lr:1.000e-04> l_forw_fit: 3.4778e+03 l_msg: 2.3501e-02 
2025-06-22 16:12:24,450 - INFO - <epoch:  0, iter:   4,700, lr:1.000e-04> l_forw_fit: 3.4778e+03 l_msg: 2.3501e-02 
25-06-22 16:12:46.377 - INFO: <epoch:  0, iter:   4,800, lr:1.000e-04> l_forw_fit: 6.4225e+03 l_msg: 4.2425e-03 
2025-06-22 16:12:46,377 - INFO - <epoch:  0, iter:   4,800, lr:1.000e-04> l_forw_fit: 6.4225e+03 l_msg: 4.2425e-03 
25-06-22 16:13:08.592 - INFO: <epoch:  0, iter:   4,900, lr:1.000e-04> l_forw_fit: 2.9272e+03 l_msg: 3.7365e-04 
2025-06-22 16:13:08,592 - INFO - <epoch:  0, iter:   4,900, lr:1.000e-04> l_forw_fit: 2.9272e+03 l_msg: 3.7365e-04 
25-06-22 16:13:30.660 - INFO: <epoch:  0, iter:   5,000, lr:1.000e-04> l_forw_fit: 4.7140e+03 l_msg: 4.5411e-02 
2025-06-22 16:13:30,660 - INFO - <epoch:  0, iter:   5,000, lr:1.000e-04> l_forw_fit: 4.7140e+03 l_msg: 4.5411e-02 
Embed time: 0.04 seconds
Extract time: 0.01 seconds
0.0
Embed time: 0.02 seconds
Extract time: 0.01 seconds
0.109375
Embed time: 0.02 seconds
Extract time: 0.01 seconds
0.03125
Embed time: 0.01 seconds
Extract time: 0.01 seconds
0.015625
Embed time: 0.05 seconds
Extract time: 0.01 seconds
0.234375
Embed time: 0.01 seconds
Extract time: 0.01 seconds
0.109375
Embed time: 0.01 seconds
Extract time: 0.01 seconds
0.0625
Embed time: 0.01 seconds
Extract time: 0.01 seconds
0.0
Embed time: 0.01 seconds
Extract time: 0.01 seconds
0.0
Embed time: 0.01 seconds
Extract time: 0.01 seconds
0.0
Embed time: 0.01 seconds
Extract time: 0.01 seconds
0.0
Embed time: 0.05 seconds
Extract time: 0.01 seconds
0.0
Embed time: 0.01 seconds
Extract time: 0.01 seconds
0.0
Embed time: 0.01 seconds
Extract time: 0.01 seconds
0.09375
Embed time: 0.01 seconds
Extract time: 0.01 seconds
0.015625
Embed time: 0.05 seconds
Extract time: 0.01 seconds
0.015625
Embed time: 0.01 seconds
Extract time: 0.01 seconds
0.046875
Embed time: 0.04 seconds
Extract time: 0.01 seconds
0.03125
Embed time: 0.01 seconds
Extract time: 0.01 seconds
0.0
Embed time: 0.01 seconds
Extract time: 0.01 seconds
0.1875
Embed time: 0.02 seconds
Extract time: 0.01 seconds
0.0
Embed time: 0.01 seconds
Extract time: 0.01 seconds
0.125
Embed time: 0.05 seconds
Extract time: 0.01 seconds
0.046875
Embed time: 0.01 seconds
Extract time: 0.01 seconds
0.078125
Embed time: 0.04 seconds
Extract time: 0.01 seconds
0.0
Embed time: 0.01 seconds
Extract time: 0.01 seconds
0.015625
Embed time: 0.05 seconds
Extract time: 0.01 seconds
0.0
Embed time: 0.01 seconds
Extract time: 0.01 seconds
0.0
Embed time: 0.01 seconds
Extract time: 0.01 seconds
0.125
Embed time: 0.02 seconds
Extract time: 0.01 seconds
0.125
Embed time: 0.01 seconds
Extract time: 0.01 seconds
0.171875
Embed time: 0.02 seconds
Extract time: 0.01 seconds
0.0
Embed time: 0.01 seconds
Extract time: 0.01 seconds
0.046875
Embed time: 0.05 seconds
Extract time: 0.01 seconds
0.0625
Embed time: 0.01 seconds
Extract time: 0.01 seconds
0.171875
Embed time: 0.01 seconds
Extract time: 0.03 seconds
0.0
Embed time: 0.01 seconds
Extract time: 0.01 seconds
0.03125
Embed time: 0.01 seconds
Extract time: 0.01 seconds
0.046875
Embed time: 0.01 seconds
Extract time: 0.01 seconds
0.109375
Embed time: 0.04 seconds
Extract time: 0.01 seconds
0.03125
Embed time: 0.01 seconds
Extract time: 0.01 seconds
0.03125
Embed time: 0.01 seconds
Extract time: 0.01 seconds
0.046875
Embed time: 0.01 seconds
Extract time: 0.01 seconds
0.125
Embed time: 0.01 seconds
Extract time: 0.05 seconds
0.03125
Embed time: 0.03 seconds
Extract time: 0.01 seconds
0.0
Embed time: 0.01 seconds
Extract time: 0.01 seconds
0.015625
Embed time: 0.05 seconds
Extract time: 0.01 seconds
0.03125
Embed time: 0.01 seconds
Extract time: 0.01 seconds
0.078125
Embed time: 0.01 seconds
Extract time: 0.04 seconds
0.03125
Embed time: 0.01 seconds
Extract time: 0.01 seconds
0.125
Embed time: 0.01 seconds
Extract time: 0.01 seconds
0.078125
Embed time: 0.01 seconds
Extract time: 0.01 seconds
0.078125
Embed time: 0.01 seconds
Extract time: 0.01 seconds
0.03125
Embed time: 0.04 seconds
Extract time: 0.01 seconds
0.0
Embed time: 0.01 seconds
Extract time: 0.01 seconds
0.21875
Embed time: 0.05 seconds
Extract time: 0.01 seconds
0.0625
Embed time: 0.01 seconds
Extract time: 0.01 seconds
0.109375
Embed time: 0.01 seconds
Extract time: 0.01 seconds
0.109375
Embed time: 0.01 seconds
Extract time: 0.01 seconds
0.0
Embed time: 0.01 seconds
Extract time: 0.04 seconds
0.015625
Embed time: 0.03 seconds
Extract time: 0.01 seconds
0.0
Embed time: 0.01 seconds
Extract time: 0.01 seconds
0.015625
Embed time: 0.05 seconds
Extract time: 0.01 seconds
0.109375
Embed time: 0.01 seconds
Extract time: 0.01 seconds
0.046875
Embed time: 0.01 seconds
Extract time: 0.01 seconds
0.03125
Embed time: 0.01 seconds
Extract time: 0.01 seconds
0.015625
Embed time: 0.01 seconds
Extract time: 0.01 seconds
0.0
Embed time: 0.01 seconds
Extract time: 0.01 seconds
0.109375
Embed time: 0.01 seconds
Extract time: 0.01 seconds
0.03125
Embed time: 0.02 seconds
Extract time: 0.04 seconds
0.015625
Embed time: 0.01 seconds
Extract time: 0.01 seconds
0.0
Embed time: 0.05 seconds
Extract time: 0.01 seconds
0.0
Embed time: 0.01 seconds
Extract time: 0.01 seconds
0.015625
Embed time: 0.01 seconds
Extract time: 0.01 seconds
0.0
Embed time: 0.04 seconds
Extract time: 0.01 seconds
0.0
Embed time: 0.01 seconds
Extract time: 0.03 seconds
0.015625
Embed time: 0.03 seconds
Extract time: 0.01 seconds
0.046875
Embed time: 0.01 seconds
Extract time: 0.01 seconds
0.0
Embed time: 0.04 seconds
Extract time: 0.01 seconds
0.0
Embed time: 0.01 seconds
Extract time: 0.01 seconds
0.0
Embed time: 0.05 seconds
Extract time: 0.01 seconds
0.125
Embed time: 0.01 seconds
Extract time: 0.01 seconds
0.0
Embed time: 0.01 seconds
Extract time: 0.01 seconds
0.203125
Embed time: 0.01 seconds
Extract time: 0.01 seconds
0.0625
Embed time: 0.04 seconds
Extract time: 0.01 seconds
0.078125
Embed time: 0.01 seconds
Extract time: 0.01 seconds
0.3125
Embed time: 0.05 seconds
Extract time: 0.01 seconds
0.078125
Embed time: 0.01 seconds
Extract time: 0.01 seconds
0.125
Embed time: 0.01 seconds
Extract time: 0.01 seconds
0.046875
Embed time: 0.01 seconds
Extract time: 0.01 seconds
0.078125
Embed time: 0.01 seconds
Extract time: 0.01 seconds
0.0625
Embed time: 0.02 seconds
Extract time: 0.01 seconds
0.0625
Embed time: 0.01 seconds
Extract time: 0.01 seconds
0.0
Embed time: 0.06 seconds
Extract time: 0.01 seconds
0.046875
Embed time: 0.01 seconds
Extract time: 0.01 seconds
0.03125
Embed time: 0.05 seconds
Extract time: 0.01 seconds
0.015625
Embed time: 0.01 seconds
Extract time: 0.01 seconds
0.09375
Embed time: 0.01 seconds
Extract time: 0.04 seconds
0.0
Embed time: 0.01 seconds
Extract time: 0.01 seconds
0.015625
Embed time: 0.01 seconds
Extract time: 0.01 seconds
0.0
25-06-22 16:13:45.519 - INFO: # Validation # PSNR_Stego: 2.4542e+01, Bit_acc:  5.2500e-02
2025-06-22 16:13:45,519 - INFO - # Validation # PSNR_Stego: 2.4542e+01, Bit_acc:  5.2500e-02
25-06-22 16:13:45.519 - INFO: <epoch:  0, iter:   5,000> PSNR_Stego: 2.4542e+01, Bit_acc:  5.2500e-02
2025-06-22 16:13:45,519 - INFO - <epoch:  0, iter:   5,000> PSNR_Stego: 2.4542e+01, Bit_acc:  5.2500e-02
25-06-22 16:13:45.520 - INFO: Saving models and training states.
2025-06-22 16:13:45,520 - INFO - Saving models and training states.
Checkpoint save path: /workspace/EditGuard-V1/experiments/train_ibsn_bit_64/models/5000_G.pth

===== Checkpoint State Path: /workspace/EditGuard-V1/experiments/train_ibsn_bit_64/training_state/5000.state =====

25-06-22 16:14:07.619 - INFO: <epoch:  0, iter:   5,100, lr:1.000e-04> l_forw_fit: 2.8187e+03 l_msg: 6.1958e-03 
2025-06-22 16:14:07,619 - INFO - <epoch:  0, iter:   5,100, lr:1.000e-04> l_forw_fit: 2.8187e+03 l_msg: 6.1958e-03 
25-06-22 16:14:29.832 - INFO: <epoch:  0, iter:   5,200, lr:1.000e-04> l_forw_fit: 3.8957e+03 l_msg: 6.3270e-03 
2025-06-22 16:14:29,832 - INFO - <epoch:  0, iter:   5,200, lr:1.000e-04> l_forw_fit: 3.8957e+03 l_msg: 6.3270e-03 
25-06-22 16:14:52.040 - INFO: <epoch:  0, iter:   5,300, lr:1.000e-04> l_forw_fit: 4.4512e+03 l_msg: 2.7933e-02 
2025-06-22 16:14:52,040 - INFO - <epoch:  0, iter:   5,300, lr:1.000e-04> l_forw_fit: 4.4512e+03 l_msg: 2.7933e-02 
25-06-22 16:15:14.010 - INFO: <epoch:  0, iter:   5,400, lr:1.000e-04> l_forw_fit: 4.7972e+03 l_msg: 4.6446e-02 
2025-06-22 16:15:14,010 - INFO - <epoch:  0, iter:   5,400, lr:1.000e-04> l_forw_fit: 4.7972e+03 l_msg: 4.6446e-02 
25-06-22 16:15:36.129 - INFO: <epoch:  0, iter:   5,500, lr:1.000e-04> l_forw_fit: 5.0549e+03 l_msg: 1.9484e-03 
2025-06-22 16:15:36,129 - INFO - <epoch:  0, iter:   5,500, lr:1.000e-04> l_forw_fit: 5.0549e+03 l_msg: 1.9484e-03 
Embed time: 0.03 seconds
Extract time: 0.01 seconds
0.0
Embed time: 0.02 seconds
Extract time: 0.01 seconds
0.015625
Embed time: 0.02 seconds
Extract time: 0.01 seconds
0.03125
Embed time: 0.02 seconds
Extract time: 0.01 seconds
0.0
Embed time: 0.02 seconds
Extract time: 0.01 seconds
0.140625
Embed time: 0.02 seconds
Extract time: 0.01 seconds
0.015625
Embed time: 0.02 seconds
Extract time: 0.01 seconds
0.0
Embed time: 0.02 seconds
Extract time: 0.01 seconds
0.0
Embed time: 0.01 seconds
Extract time: 0.01 seconds
0.0
Embed time: 0.02 seconds
Extract time: 0.01 seconds
0.0
Embed time: 0.05 seconds
Extract time: 0.01 seconds
0.109375
Embed time: 0.02 seconds
Extract time: 0.01 seconds
0.0
Embed time: 0.04 seconds
Extract time: 0.01 seconds
0.015625
Embed time: 0.02 seconds
Extract time: 0.01 seconds
0.046875
Embed time: 0.02 seconds
Extract time: 0.01 seconds
0.0
Embed time: 0.02 seconds
Extract time: 0.01 seconds
0.0
Embed time: 0.02 seconds
Extract time: 0.05 seconds
0.0
Embed time: 0.03 seconds
Extract time: 0.01 seconds
0.0
Embed time: 0.02 seconds
Extract time: 0.01 seconds
0.0
Embed time: 0.05 seconds
Extract time: 0.01 seconds
0.0
Embed time: 0.02 seconds
Extract time: 0.01 seconds
0.0
Embed time: 0.01 seconds
Extract time: 0.04 seconds
0.0
Embed time: 0.02 seconds
Extract time: 0.01 seconds
0.015625
Embed time: 0.02 seconds
Extract time: 0.01 seconds
0.0
Embed time: 0.02 seconds
Extract time: 0.01 seconds
0.0
Embed time: 0.02 seconds
Extract time: 0.01 seconds
0.03125
Embed time: 0.02 seconds
Extract time: 0.01 seconds
0.0
Embed time: 0.03 seconds
Extract time: 0.01 seconds
0.0
Embed time: 0.05 seconds
Extract time: 0.01 seconds
0.0
Embed time: 0.02 seconds
Extract time: 0.01 seconds
0.0625
Embed time: 0.04 seconds
Extract time: 0.01 seconds
0.046875
Embed time: 0.02 seconds
Extract time: 0.01 seconds
0.0
Embed time: 0.02 seconds
Extract time: 0.01 seconds
0.03125
Embed time: 0.02 seconds
Extract time: 0.01 seconds
0.015625
Embed time: 0.03 seconds
Extract time: 0.01 seconds
0.078125
Embed time: 0.02 seconds
Extract time: 0.01 seconds
0.015625
Embed time: 0.03 seconds
Extract time: 0.01 seconds
0.0
Embed time: 0.01 seconds
Extract time: 0.01 seconds
0.0
Embed time: 0.05 seconds
Extract time: 0.01 seconds
0.03125
Embed time: 0.01 seconds
Extract time: 0.01 seconds
0.015625
Embed time: 0.01 seconds
Extract time: 0.01 seconds
0.0
Embed time: 0.01 seconds
Extract time: 0.01 seconds
0.0625
Embed time: 0.05 seconds
Extract time: 0.01 seconds
0.1875
Embed time: 0.01 seconds
Extract time: 0.01 seconds
0.046875
Embed time: 0.01 seconds
Extract time: 0.01 seconds
0.0
Embed time: 0.01 seconds
Extract time: 0.01 seconds
0.0
Embed time: 0.05 seconds
Extract time: 0.01 seconds
0.0
Embed time: 0.01 seconds
Extract time: 0.01 seconds
0.0
Embed time: 0.05 seconds
Extract time: 0.01 seconds
0.0
Embed time: 0.01 seconds
Extract time: 0.01 seconds
0.0625
Embed time: 0.04 seconds
Extract time: 0.01 seconds
0.015625
Embed time: 0.01 seconds
Extract time: 0.01 seconds
0.0
Embed time: 0.05 seconds
Extract time: 0.01 seconds
0.0
Embed time: 0.01 seconds
Extract time: 0.01 seconds
0.015625
Embed time: 0.01 seconds
Extract time: 0.01 seconds
0.125
Embed time: 0.01 seconds
Extract time: 0.01 seconds
0.046875
Embed time: 0.01 seconds
Extract time: 0.01 seconds
0.140625
Embed time: 0.01 seconds
Extract time: 0.01 seconds
0.015625
Embed time: 0.01 seconds
Extract time: 0.01 seconds
0.0
Embed time: 0.02 seconds
Extract time: 0.01 seconds
0.03125
Embed time: 0.01 seconds
Extract time: 0.01 seconds
0.0
Embed time: 0.01 seconds
Extract time: 0.01 seconds
0.0
Embed time: 0.02 seconds
Extract time: 0.01 seconds
0.015625
Embed time: 0.01 seconds
Extract time: 0.03 seconds
0.046875
Embed time: 0.03 seconds
Extract time: 0.01 seconds
0.0
Embed time: 0.01 seconds
Extract time: 0.01 seconds
0.0
Embed time: 0.05 seconds
Extract time: 0.01 seconds
0.0
Embed time: 0.01 seconds
Extract time: 0.01 seconds
0.015625
Embed time: 0.01 seconds
Extract time: 0.04 seconds
0.0
Embed time: 0.01 seconds
Extract time: 0.01 seconds
0.0
Embed time: 0.01 seconds
Extract time: 0.01 seconds
0.0
Embed time: 0.02 seconds
Extract time: 0.01 seconds
0.0
Embed time: 0.01 seconds
Extract time: 0.01 seconds
0.0
Embed time: 0.01 seconds
Extract time: 0.01 seconds
0.0
Embed time: 0.01 seconds
Extract time: 0.01 seconds
0.015625
Embed time: 0.05 seconds
Extract time: 0.01 seconds
0.0
Embed time: 0.01 seconds
Extract time: 0.01 seconds
0.0
Embed time: 0.01 seconds
Extract time: 0.01 seconds
0.0
Embed time: 0.05 seconds
Extract time: 0.01 seconds
0.0
Embed time: 0.01 seconds
Extract time: 0.01 seconds
0.0
Embed time: 0.01 seconds
Extract time: 0.01 seconds
0.0
Embed time: 0.05 seconds
Extract time: 0.01 seconds
0.0
Embed time: 0.01 seconds
Extract time: 0.01 seconds
0.046875
Embed time: 0.04 seconds
Extract time: 0.01 seconds
0.0
Embed time: 0.01 seconds
Extract time: 0.01 seconds
0.0
Embed time: 0.05 seconds
Extract time: 0.01 seconds
0.046875
Embed time: 0.01 seconds
Extract time: 0.01 seconds
0.0
Embed time: 0.04 seconds
Extract time: 0.01 seconds
0.09375
Embed time: 0.01 seconds
Extract time: 0.02 seconds
0.0
Embed time: 0.04 seconds
Extract time: 0.01 seconds
0.0
Embed time: 0.01 seconds
Extract time: 0.01 seconds
0.0
Embed time: 0.04 seconds
Extract time: 0.01 seconds
0.03125
Embed time: 0.01 seconds
Extract time: 0.01 seconds
0.0
Embed time: 0.01 seconds
Extract time: 0.01 seconds
0.0
Embed time: 0.01 seconds
Extract time: 0.01 seconds
0.0
Embed time: 0.01 seconds
Extract time: 0.01 seconds
0.0
Embed time: 0.01 seconds
Extract time: 0.01 seconds
0.078125
Embed time: 0.01 seconds
Extract time: 0.01 seconds
0.0
Embed time: 0.05 seconds
Extract time: 0.01 seconds
0.0
Embed time: 0.01 seconds
Extract time: 0.01 seconds
0.0
25-06-22 16:15:50.994 - INFO: # Validation # PSNR_Stego: 2.4934e+01, Bit_acc:  1.8594e-02
2025-06-22 16:15:50,994 - INFO - # Validation # PSNR_Stego: 2.4934e+01, Bit_acc:  1.8594e-02
25-06-22 16:15:50.994 - INFO: <epoch:  0, iter:   5,500> PSNR_Stego: 2.4934e+01, Bit_acc:  1.8594e-02
2025-06-22 16:15:50,994 - INFO - <epoch:  0, iter:   5,500> PSNR_Stego: 2.4934e+01, Bit_acc:  1.8594e-02
25-06-22 16:16:13.460 - INFO: <epoch:  0, iter:   5,600, lr:1.000e-04> l_forw_fit: 4.4175e+03 l_msg: 3.0757e-02 
2025-06-22 16:16:13,460 - INFO - <epoch:  0, iter:   5,600, lr:1.000e-04> l_forw_fit: 4.4175e+03 l_msg: 3.0757e-02 
25-06-22 16:16:36.307 - INFO: <epoch:  0, iter:   5,700, lr:1.000e-04> l_forw_fit: 3.1867e+03 l_msg: 3.3791e-02 
2025-06-22 16:16:36,307 - INFO - <epoch:  0, iter:   5,700, lr:1.000e-04> l_forw_fit: 3.1867e+03 l_msg: 3.3791e-02 
25-06-22 16:16:58.333 - INFO: <epoch:  0, iter:   5,800, lr:1.000e-04> l_forw_fit: 3.8863e+03 l_msg: 1.3399e-03 
2025-06-22 16:16:58,333 - INFO - <epoch:  0, iter:   5,800, lr:1.000e-04> l_forw_fit: 3.8863e+03 l_msg: 1.3399e-03 
25-06-22 16:17:20.609 - INFO: <epoch:  0, iter:   5,900, lr:1.000e-04> l_forw_fit: 3.0356e+03 l_msg: 3.5402e-02 
2025-06-22 16:17:20,609 - INFO - <epoch:  0, iter:   5,900, lr:1.000e-04> l_forw_fit: 3.0356e+03 l_msg: 3.5402e-02 
25-06-22 16:17:42.991 - INFO: <epoch:  0, iter:   6,000, lr:1.000e-04> l_forw_fit: 2.5966e+03 l_msg: 3.4081e-02 
2025-06-22 16:17:42,991 - INFO - <epoch:  0, iter:   6,000, lr:1.000e-04> l_forw_fit: 2.5966e+03 l_msg: 3.4081e-02 
Embed time: 0.03 seconds
Extract time: 0.01 seconds
0.0
Embed time: 0.02 seconds
Extract time: 0.01 seconds
0.015625
Embed time: 0.02 seconds
Extract time: 0.05 seconds
0.0
Embed time: 0.03 seconds
Extract time: 0.01 seconds
0.0
Embed time: 0.02 seconds
Extract time: 0.01 seconds
0.21875
Embed time: 0.05 seconds
Extract time: 0.01 seconds
0.0625
Embed time: 0.01 seconds
Extract time: 0.01 seconds
0.015625
Embed time: 0.04 seconds
Extract time: 0.01 seconds
0.0
Embed time: 0.01 seconds
Extract time: 0.01 seconds
0.0
Embed time: 0.04 seconds
Extract time: 0.01 seconds
0.0
Embed time: 0.01 seconds
Extract time: 0.01 seconds
0.015625
Embed time: 0.05 seconds
Extract time: 0.01 seconds
0.015625
Embed time: 0.02 seconds
Extract time: 0.01 seconds
0.0
Embed time: 0.02 seconds
Extract time: 0.01 seconds
0.0
Embed time: 0.03 seconds
Extract time: 0.01 seconds
0.0
Embed time: 0.01 seconds
Extract time: 0.01 seconds
0.0
Embed time: 0.01 seconds
Extract time: 0.01 seconds
0.03125
Embed time: 0.01 seconds
Extract time: 0.01 seconds
0.0625
Embed time: 0.01 seconds
Extract time: 0.01 seconds
0.0
Embed time: 0.05 seconds
Extract time: 0.01 seconds
0.125
Embed time: 0.01 seconds
Extract time: 0.01 seconds
0.0
Embed time: 0.01 seconds
Extract time: 0.01 seconds
0.0
Embed time: 0.01 seconds
Extract time: 0.01 seconds
0.09375
Embed time: 0.02 seconds
Extract time: 0.04 seconds
0.0
Embed time: 0.04 seconds
Extract time: 0.01 seconds
0.0
Embed time: 0.02 seconds
Extract time: 0.01 seconds
0.0
Embed time: 0.06 seconds
Extract time: 0.02 seconds
0.0
Embed time: 0.02 seconds
Extract time: 0.02 seconds
0.0
Embed time: 0.05 seconds
Extract time: 0.01 seconds
0.046875
Embed time: 0.02 seconds
Extract time: 0.01 seconds
0.046875
Embed time: 0.02 seconds
Extract time: 0.01 seconds
0.171875
Embed time: 0.02 seconds
Extract time: 0.01 seconds
0.0
Embed time: 0.02 seconds
Extract time: 0.01 seconds
0.0
Embed time: 0.04 seconds
Extract time: 0.01 seconds
0.015625
Embed time: 0.02 seconds
Extract time: 0.01 seconds
0.078125
Embed time: 0.05 seconds
Extract time: 0.01 seconds
0.0
Embed time: 0.02 seconds
Extract time: 0.01 seconds
0.0
Embed time: 0.04 seconds
Extract time: 0.01 seconds
0.0
Embed time: 0.02 seconds
Extract time: 0.01 seconds
0.0
Embed time: 0.06 seconds
Extract time: 0.01 seconds
0.015625
Embed time: 0.02 seconds
Extract time: 0.01 seconds
0.03125
Embed time: 0.02 seconds
Extract time: 0.01 seconds
0.015625
Embed time: 0.04 seconds
Extract time: 0.01 seconds
0.03125
Embed time: 0.02 seconds
Extract time: 0.01 seconds
0.0625
Embed time: 0.01 seconds
Extract time: 0.01 seconds
0.0
Embed time: 0.01 seconds
Extract time: 0.01 seconds
0.0625
Embed time: 0.01 seconds
Extract time: 0.01 seconds
0.0
Embed time: 0.02 seconds
Extract time: 0.01 seconds
0.03125
Embed time: 0.01 seconds
Extract time: 0.01 seconds
0.0
Embed time: 0.03 seconds
Extract time: 0.01 seconds
0.203125
Embed time: 0.01 seconds
Extract time: 0.01 seconds
0.0
Embed time: 0.05 seconds
Extract time: 0.01 seconds
0.0
Embed time: 0.02 seconds
Extract time: 0.01 seconds
0.015625
Embed time: 0.05 seconds
Extract time: 0.01 seconds
0.0
Embed time: 0.01 seconds
Extract time: 0.01 seconds
0.21875
Embed time: 0.01 seconds
Extract time: 0.01 seconds
0.015625
Embed time: 0.01 seconds
Extract time: 0.01 seconds
0.28125
Embed time: 0.01 seconds
Extract time: 0.01 seconds
0.046875
Embed time: 0.01 seconds
Extract time: 0.01 seconds
0.0
Embed time: 0.01 seconds
Extract time: 0.01 seconds
0.0
Embed time: 0.04 seconds
Extract time: 0.01 seconds
0.0
Embed time: 0.01 seconds
Extract time: 0.01 seconds
0.0
Embed time: 0.05 seconds
Extract time: 0.01 seconds
0.0
Embed time: 0.01 seconds
Extract time: 0.01 seconds
0.046875
Embed time: 0.01 seconds
Extract time: 0.01 seconds
0.0
Embed time: 0.04 seconds
Extract time: 0.01 seconds
0.0
Embed time: 0.04 seconds
Extract time: 0.01 seconds
0.0
Embed time: 0.01 seconds
Extract time: 0.01 seconds
0.046875
Embed time: 0.02 seconds
Extract time: 0.01 seconds
0.015625
Embed time: 0.01 seconds
Extract time: 0.01 seconds
0.0
Embed time: 0.05 seconds
Extract time: 0.01 seconds
0.015625
Embed time: 0.01 seconds
Extract time: 0.01 seconds
0.0
Embed time: 0.05 seconds
Extract time: 0.01 seconds
0.0
Embed time: 0.01 seconds
Extract time: 0.01 seconds
0.0
Embed time: 0.01 seconds
Extract time: 0.01 seconds
0.0
Embed time: 0.01 seconds
Extract time: 0.01 seconds
0.0
Embed time: 0.01 seconds
Extract time: 0.01 seconds
0.03125
Embed time: 0.01 seconds
Extract time: 0.01 seconds
0.0
Embed time: 0.01 seconds
Extract time: 0.01 seconds
0.0
Embed time: 0.05 seconds
Extract time: 0.01 seconds
0.0
Embed time: 0.01 seconds
Extract time: 0.01 seconds
0.0
Embed time: 0.01 seconds
Extract time: 0.01 seconds
0.0
Embed time: 0.04 seconds
Extract time: 0.01 seconds
0.03125
Embed time: 0.01 seconds
Extract time: 0.01 seconds
0.0
Embed time: 0.03 seconds
Extract time: 0.01 seconds
0.0
Embed time: 0.01 seconds
Extract time: 0.01 seconds
0.0625
Embed time: 0.01 seconds
Extract time: 0.01 seconds
0.0
Embed time: 0.01 seconds
Extract time: 0.01 seconds
0.046875
Embed time: 0.01 seconds
Extract time: 0.01 seconds
0.0
Embed time: 0.01 seconds
Extract time: 0.01 seconds
0.0
Embed time: 0.01 seconds
Extract time: 0.01 seconds
0.0625
Embed time: 0.02 seconds
Extract time: 0.01 seconds
0.046875
Embed time: 0.01 seconds
Extract time: 0.01 seconds
0.0
Embed time: 0.05 seconds
Extract time: 0.01 seconds
0.0625
Embed time: 0.01 seconds
Extract time: 0.01 seconds
0.046875
Embed time: 0.04 seconds
Extract time: 0.01 seconds
0.0
Embed time: 0.01 seconds
Extract time: 0.01 seconds
0.015625
Embed time: 0.05 seconds
Extract time: 0.01 seconds
0.03125
Embed time: 0.01 seconds
Extract time: 0.01 seconds
0.03125
Embed time: 0.01 seconds
Extract time: 0.01 seconds
0.0
25-06-22 16:17:57.700 - INFO: # Validation # PSNR_Stego: 2.5350e+01, Bit_acc:  2.6406e-02
2025-06-22 16:17:57,700 - INFO - # Validation # PSNR_Stego: 2.5350e+01, Bit_acc:  2.6406e-02
25-06-22 16:17:57.700 - INFO: <epoch:  0, iter:   6,000> PSNR_Stego: 2.5350e+01, Bit_acc:  2.6406e-02
2025-06-22 16:17:57,700 - INFO - <epoch:  0, iter:   6,000> PSNR_Stego: 2.5350e+01, Bit_acc:  2.6406e-02
25-06-22 16:17:57.700 - INFO: Saving models and training states.
2025-06-22 16:17:57,700 - INFO - Saving models and training states.
Checkpoint save path: /workspace/EditGuard-V1/experiments/train_ibsn_bit_64/models/6000_G.pth

===== Checkpoint State Path: /workspace/EditGuard-V1/experiments/train_ibsn_bit_64/training_state/6000.state =====

25-06-22 16:18:20.262 - INFO: <epoch:  0, iter:   6,100, lr:1.000e-04> l_forw_fit: 2.1693e+03 l_msg: 1.1006e-01 
2025-06-22 16:18:20,262 - INFO - <epoch:  0, iter:   6,100, lr:1.000e-04> l_forw_fit: 2.1693e+03 l_msg: 1.1006e-01 
25-06-22 16:18:42.184 - INFO: <epoch:  0, iter:   6,200, lr:1.000e-04> l_forw_fit: 5.5257e+03 l_msg: 1.5469e-02 
2025-06-22 16:18:42,184 - INFO - <epoch:  0, iter:   6,200, lr:1.000e-04> l_forw_fit: 5.5257e+03 l_msg: 1.5469e-02 
25-06-22 16:19:04.558 - INFO: <epoch:  0, iter:   6,300, lr:1.000e-04> l_forw_fit: 1.8412e+03 l_msg: 3.4234e-02 
2025-06-22 16:19:04,558 - INFO - <epoch:  0, iter:   6,300, lr:1.000e-04> l_forw_fit: 1.8412e+03 l_msg: 3.4234e-02 
25-06-22 16:19:26.408 - INFO: <epoch:  0, iter:   6,400, lr:1.000e-04> l_forw_fit: 2.5324e+03 l_msg: 8.0062e-02 
2025-06-22 16:19:26,408 - INFO - <epoch:  0, iter:   6,400, lr:1.000e-04> l_forw_fit: 2.5324e+03 l_msg: 8.0062e-02 
25-06-22 16:19:48.159 - INFO: <epoch:  0, iter:   6,500, lr:1.000e-04> l_forw_fit: 2.7663e+03 l_msg: 1.2941e-02 
2025-06-22 16:19:48,159 - INFO - <epoch:  0, iter:   6,500, lr:1.000e-04> l_forw_fit: 2.7663e+03 l_msg: 1.2941e-02 
Embed time: 0.03 seconds
Extract time: 0.01 seconds
0.0
Embed time: 0.02 seconds
Extract time: 0.01 seconds
0.015625
Embed time: 0.02 seconds
Extract time: 0.01 seconds
0.0
Embed time: 0.02 seconds
Extract time: 0.01 seconds
0.0
Embed time: 0.02 seconds
Extract time: 0.01 seconds
0.03125
Embed time: 0.03 seconds
Extract time: 0.01 seconds
0.015625
Embed time: 0.02 seconds
Extract time: 0.01 seconds
0.0
Embed time: 0.02 seconds
Extract time: 0.01 seconds
0.0
Embed time: 0.05 seconds
Extract time: 0.01 seconds
0.03125
Embed time: 0.02 seconds
Extract time: 0.01 seconds
0.015625
Embed time: 0.05 seconds
Extract time: 0.01 seconds
0.0
Embed time: 0.01 seconds
Extract time: 0.01 seconds
0.0
Embed time: 0.02 seconds
Extract time: 0.01 seconds
0.03125
Embed time: 0.02 seconds
Extract time: 0.01 seconds
0.0
Embed time: 0.02 seconds
Extract time: 0.01 seconds
0.0
Embed time: 0.02 seconds
Extract time: 0.01 seconds
0.0
Embed time: 0.01 seconds
Extract time: 0.01 seconds
0.0
Embed time: 0.05 seconds
Extract time: 0.01 seconds
0.0
Embed time: 0.01 seconds
Extract time: 0.01 seconds
0.0
Embed time: 0.02 seconds
Extract time: 0.04 seconds
0.03125
Embed time: 0.02 seconds
Extract time: 0.01 seconds
0.0
Embed time: 0.02 seconds
Extract time: 0.01 seconds
0.078125
Embed time: 0.03 seconds
Extract time: 0.01 seconds
0.015625
Embed time: 0.02 seconds
Extract time: 0.01 seconds
0.0
Embed time: 0.02 seconds
Extract time: 0.01 seconds
0.03125
Embed time: 0.01 seconds
Extract time: 0.01 seconds
0.0
Embed time: 0.02 seconds
Extract time: 0.04 seconds
0.0
Embed time: 0.01 seconds
Extract time: 0.03 seconds
0.0
Embed time: 0.01 seconds
Extract time: 0.01 seconds
0.015625
Embed time: 0.05 seconds
Extract time: 0.01 seconds
0.0
Embed time: 0.02 seconds
Extract time: 0.01 seconds
0.09375
Embed time: 0.03 seconds
Extract time: 0.01 seconds
0.0
Embed time: 0.01 seconds
Extract time: 0.01 seconds
0.046875
Embed time: 0.01 seconds
Extract time: 0.01 seconds
0.015625
Embed time: 0.02 seconds
Extract time: 0.01 seconds
0.09375
Embed time: 0.01 seconds
Extract time: 0.01 seconds
0.0
Embed time: 0.02 seconds
Extract time: 0.01 seconds
0.0
Embed time: 0.01 seconds
Extract time: 0.01 seconds
0.0
Embed time: 0.06 seconds
Extract time: 0.01 seconds
0.015625
Embed time: 0.01 seconds
Extract time: 0.02 seconds
0.0
Embed time: 0.04 seconds
Extract time: 0.01 seconds
0.0
Embed time: 0.01 seconds
Extract time: 0.01 seconds
0.0
Embed time: 0.05 seconds
Extract time: 0.01 seconds
0.03125
Embed time: 0.01 seconds
Extract time: 0.01 seconds
0.03125
Embed time: 0.05 seconds
Extract time: 0.01 seconds
0.0
Embed time: 0.01 seconds
Extract time: 0.01 seconds
0.03125
Embed time: 0.01 seconds
Extract time: 0.04 seconds
0.0
Embed time: 0.01 seconds
Extract time: 0.01 seconds
0.0
Embed time: 0.01 seconds
Extract time: 0.05 seconds
0.0
Embed time: 0.02 seconds
Extract time: 0.01 seconds
0.265625
Embed time: 0.01 seconds
Extract time: 0.01 seconds
0.09375
Embed time: 0.02 seconds
Extract time: 0.01 seconds
0.0
Embed time: 0.01 seconds
Extract time: 0.01 seconds
0.015625
Embed time: 0.02 seconds
Extract time: 0.01 seconds
0.0
Embed time: 0.01 seconds
Extract time: 0.01 seconds
0.3125
Embed time: 0.01 seconds
Extract time: 0.01 seconds
0.109375
Embed time: 0.01 seconds
Extract time: 0.01 seconds
0.078125
Embed time: 0.04 seconds
Extract time: 0.01 seconds
0.046875
Embed time: 0.01 seconds
Extract time: 0.01 seconds
0.0
Embed time: 0.05 seconds
Extract time: 0.01 seconds
0.03125
Embed time: 0.01 seconds
Extract time: 0.01 seconds
0.03125
Embed time: 0.05 seconds
Extract time: 0.01 seconds
0.0625
Embed time: 0.01 seconds
Extract time: 0.01 seconds
0.015625
Embed time: 0.05 seconds
Extract time: 0.01 seconds
0.09375
Embed time: 0.01 seconds
Extract time: 0.01 seconds
0.0
Embed time: 0.01 seconds
Extract time: 0.01 seconds
0.015625
Embed time: 0.02 seconds
Extract time: 0.01 seconds
0.0
Embed time: 0.01 seconds
Extract time: 0.04 seconds
0.0
Embed time: 0.04 seconds
Extract time: 0.01 seconds
0.0
Embed time: 0.01 seconds
Extract time: 0.01 seconds
0.0
Embed time: 0.01 seconds
Extract time: 0.01 seconds
0.0
Embed time: 0.01 seconds
Extract time: 0.01 seconds
0.03125
Embed time: 0.01 seconds
Extract time: 0.01 seconds
0.03125
Embed time: 0.04 seconds
Extract time: 0.01 seconds
0.0
Embed time: 0.01 seconds
Extract time: 0.01 seconds
0.015625
Embed time: 0.05 seconds
Extract time: 0.01 seconds
0.0
Embed time: 0.01 seconds
Extract time: 0.01 seconds
0.0
Embed time: 0.01 seconds
Extract time: 0.01 seconds
0.0
Embed time: 0.02 seconds
Extract time: 0.01 seconds
0.0
Embed time: 0.01 seconds
Extract time: 0.01 seconds
0.0
Embed time: 0.04 seconds
Extract time: 0.01 seconds
0.125
Embed time: 0.01 seconds
Extract time: 0.01 seconds
0.0
Embed time: 0.01 seconds
Extract time: 0.05 seconds
0.015625
Embed time: 0.04 seconds
Extract time: 0.01 seconds
0.015625
Embed time: 0.01 seconds
Extract time: 0.01 seconds
0.03125
Embed time: 0.04 seconds
Extract time: 0.01 seconds
0.109375
Embed time: 0.01 seconds
Extract time: 0.01 seconds
0.0
Embed time: 0.01 seconds
Extract time: 0.04 seconds
0.0
Embed time: 0.05 seconds
Extract time: 0.01 seconds
0.0
Embed time: 0.01 seconds
Extract time: 0.01 seconds
0.015625
Embed time: 0.05 seconds
Extract time: 0.01 seconds
0.046875
Embed time: 0.01 seconds
Extract time: 0.02 seconds
0.0625
Embed time: 0.03 seconds
Extract time: 0.01 seconds
0.0
Embed time: 0.01 seconds
Extract time: 0.01 seconds
0.078125
Embed time: 0.01 seconds
Extract time: 0.01 seconds
0.0
Embed time: 0.01 seconds
Extract time: 0.01 seconds
0.046875
Embed time: 0.01 seconds
Extract time: 0.01 seconds
0.015625
Embed time: 0.02 seconds
Extract time: 0.01 seconds
0.0
Embed time: 0.01 seconds
Extract time: 0.01 seconds
0.0
Embed time: 0.01 seconds
Extract time: 0.01 seconds
0.0
25-06-22 16:20:02.968 - INFO: # Validation # PSNR_Stego: 2.6032e+01, Bit_acc:  2.4844e-02
2025-06-22 16:20:02,968 - INFO - # Validation # PSNR_Stego: 2.6032e+01, Bit_acc:  2.4844e-02
25-06-22 16:20:02.969 - INFO: <epoch:  0, iter:   6,500> PSNR_Stego: 2.6032e+01, Bit_acc:  2.4844e-02
2025-06-22 16:20:02,969 - INFO - <epoch:  0, iter:   6,500> PSNR_Stego: 2.6032e+01, Bit_acc:  2.4844e-02
25-06-22 16:20:25.164 - INFO: <epoch:  0, iter:   6,600, lr:1.000e-04> l_forw_fit: 1.9633e+03 l_msg: 4.5674e-02 
2025-06-22 16:20:25,164 - INFO - <epoch:  0, iter:   6,600, lr:1.000e-04> l_forw_fit: 1.9633e+03 l_msg: 4.5674e-02 
25-06-22 16:20:47.787 - INFO: <epoch:  0, iter:   6,700, lr:1.000e-04> l_forw_fit: 2.3508e+03 l_msg: 1.3635e-02 
2025-06-22 16:20:47,787 - INFO - <epoch:  0, iter:   6,700, lr:1.000e-04> l_forw_fit: 2.3508e+03 l_msg: 1.3635e-02 
25-06-22 16:21:09.275 - INFO: <epoch:  0, iter:   6,800, lr:1.000e-04> l_forw_fit: 1.1333e+03 l_msg: 4.3748e-02 
2025-06-22 16:21:09,275 - INFO - <epoch:  0, iter:   6,800, lr:1.000e-04> l_forw_fit: 1.1333e+03 l_msg: 4.3748e-02 
25-06-22 16:21:31.632 - INFO: <epoch:  0, iter:   6,900, lr:1.000e-04> l_forw_fit: 2.8523e+03 l_msg: 3.2111e-02 
2025-06-22 16:21:31,632 - INFO - <epoch:  0, iter:   6,900, lr:1.000e-04> l_forw_fit: 2.8523e+03 l_msg: 3.2111e-02 
25-06-22 16:21:54.077 - INFO: <epoch:  0, iter:   7,000, lr:1.000e-04> l_forw_fit: 2.4305e+03 l_msg: 5.5884e-02 
2025-06-22 16:21:54,077 - INFO - <epoch:  0, iter:   7,000, lr:1.000e-04> l_forw_fit: 2.4305e+03 l_msg: 5.5884e-02 
Embed time: 0.03 seconds
Extract time: 0.01 seconds
0.0
Embed time: 0.03 seconds
Extract time: 0.01 seconds
0.0
Embed time: 0.05 seconds
Extract time: 0.01 seconds
0.0
Embed time: 0.02 seconds
Extract time: 0.01 seconds
0.0
Embed time: 0.02 seconds
Extract time: 0.01 seconds
0.078125
Embed time: 0.02 seconds
Extract time: 0.01 seconds
0.078125
Embed time: 0.02 seconds
Extract time: 0.01 seconds
0.03125
Embed time: 0.02 seconds
Extract time: 0.01 seconds
0.0
Embed time: 0.04 seconds
Extract time: 0.01 seconds
0.0
Embed time: 0.02 seconds
Extract time: 0.01 seconds
0.0
Embed time: 0.05 seconds
Extract time: 0.01 seconds
0.0625
Embed time: 0.02 seconds
Extract time: 0.01 seconds
0.0
Embed time: 0.02 seconds
Extract time: 0.04 seconds
0.0
Embed time: 0.04 seconds
Extract time: 0.01 seconds
0.0
Embed time: 0.01 seconds
Extract time: 0.01 seconds
0.0
Embed time: 0.02 seconds
Extract time: 0.01 seconds
0.015625
Embed time: 0.02 seconds
Extract time: 0.01 seconds
0.0
Embed time: 0.05 seconds
Extract time: 0.01 seconds
0.0
Embed time: 0.02 seconds
Extract time: 0.01 seconds
0.0
Embed time: 0.05 seconds
Extract time: 0.01 seconds
0.0
Embed time: 0.02 seconds
Extract time: 0.01 seconds
0.0
Embed time: 0.05 seconds
Extract time: 0.01 seconds
0.140625
Embed time: 0.01 seconds
Extract time: 0.01 seconds
0.046875
Embed time: 0.04 seconds
Extract time: 0.01 seconds
0.03125
Embed time: 0.02 seconds
Extract time: 0.01 seconds
0.0
Embed time: 0.05 seconds
Extract time: 0.01 seconds
0.0
Embed time: 0.02 seconds
Extract time: 0.01 seconds
0.0
Embed time: 0.02 seconds
Extract time: 0.01 seconds
0.015625
Embed time: 0.01 seconds
Extract time: 0.01 seconds
0.0
Embed time: 0.02 seconds
Extract time: 0.05 seconds
0.03125
Embed time: 0.03 seconds
Extract time: 0.01 seconds
0.0625
Embed time: 0.02 seconds
Extract time: 0.01 seconds
0.015625
Embed time: 0.05 seconds
Extract time: 0.01 seconds
0.015625
Embed time: 0.02 seconds
Extract time: 0.01 seconds
0.03125
Embed time: 0.06 seconds
Extract time: 0.01 seconds
0.0
Embed time: 0.02 seconds
Extract time: 0.01 seconds
0.0
Embed time: 0.04 seconds
Extract time: 0.01 seconds
0.0
Embed time: 0.02 seconds
Extract time: 0.01 seconds
0.015625
Embed time: 0.05 seconds
Extract time: 0.01 seconds
0.015625
Embed time: 0.02 seconds
Extract time: 0.01 seconds
0.0625
Embed time: 0.02 seconds
Extract time: 0.01 seconds
0.0
Embed time: 0.03 seconds
Extract time: 0.01 seconds
0.0
Embed time: 0.02 seconds
Extract time: 0.01 seconds
0.140625
Embed time: 0.03 seconds
Extract time: 0.01 seconds
0.203125
Embed time: 0.02 seconds
Extract time: 0.01 seconds
0.0
Embed time: 0.02 seconds
Extract time: 0.01 seconds
0.046875
Embed time: 0.02 seconds
Extract time: 0.01 seconds
0.0
Embed time: 0.02 seconds
Extract time: 0.01 seconds
0.0
Embed time: 0.05 seconds
Extract time: 0.01 seconds
0.0
Embed time: 0.02 seconds
Extract time: 0.01 seconds
0.375
Embed time: 0.04 seconds
Extract time: 0.01 seconds
0.0
Embed time: 0.02 seconds
Extract time: 0.01 seconds
0.0
Embed time: 0.01 seconds
Extract time: 0.04 seconds
0.0
Embed time: 0.02 seconds
Extract time: 0.01 seconds
0.0
Embed time: 0.05 seconds
Extract time: 0.01 seconds
0.0625
Embed time: 0.02 seconds
Extract time: 0.01 seconds
0.140625
Embed time: 0.05 seconds
Extract time: 0.01 seconds
0.109375
Embed time: 0.02 seconds
Extract time: 0.01 seconds
0.046875
Embed time: 0.02 seconds
Extract time: 0.01 seconds
0.0
Embed time: 0.05 seconds
Extract time: 0.01 seconds
0.046875
Embed time: 0.02 seconds
Extract time: 0.01 seconds
0.0
Embed time: 0.05 seconds
Extract time: 0.01 seconds
0.0
Embed time: 0.02 seconds
Extract time: 0.01 seconds
0.0
Embed time: 0.02 seconds
Extract time: 0.04 seconds
0.0
Embed time: 0.03 seconds
Extract time: 0.01 seconds
0.03125
Embed time: 0.02 seconds
Extract time: 0.01 seconds
0.0
Embed time: 0.03 seconds
Extract time: 0.01 seconds
0.0
Embed time: 0.02 seconds
Extract time: 0.01 seconds
0.0
Embed time: 0.05 seconds
Extract time: 0.01 seconds
0.0
Embed time: 0.02 seconds
Extract time: 0.01 seconds
0.015625
Embed time: 0.02 seconds
Extract time: 0.01 seconds
0.0
Embed time: 0.02 seconds
Extract time: 0.01 seconds
0.0
Embed time: 0.02 seconds
Extract time: 0.01 seconds
0.03125
Embed time: 0.03 seconds
Extract time: 0.01 seconds
0.0
Embed time: 0.01 seconds
Extract time: 0.01 seconds
0.015625
Embed time: 0.04 seconds
Extract time: 0.01 seconds
0.0
Embed time: 0.02 seconds
Extract time: 0.01 seconds
0.0
Embed time: 0.02 seconds
Extract time: 0.01 seconds
0.0
Embed time: 0.02 seconds
Extract time: 0.01 seconds
0.0
Embed time: 0.02 seconds
Extract time: 0.01 seconds
0.015625
Embed time: 0.02 seconds
Extract time: 0.01 seconds
0.078125
Embed time: 0.02 seconds
Extract time: 0.01 seconds
0.0
Embed time: 0.05 seconds
Extract time: 0.01 seconds
0.078125
Embed time: 0.01 seconds
Extract time: 0.02 seconds
0.015625
Embed time: 0.03 seconds
Extract time: 0.01 seconds
0.0
Embed time: 0.02 seconds
Extract time: 0.01 seconds
0.0625
Embed time: 0.05 seconds
Extract time: 0.01 seconds
0.0
Embed time: 0.02 seconds
Extract time: 0.01 seconds
0.0625
Embed time: 0.05 seconds
Extract time: 0.01 seconds
0.0
Embed time: 0.02 seconds
Extract time: 0.01 seconds
0.0
Embed time: 0.01 seconds
Extract time: 0.01 seconds
0.0
Embed time: 0.04 seconds
Extract time: 0.01 seconds
0.03125
Embed time: 0.01 seconds
Extract time: 0.01 seconds
0.0
Embed time: 0.05 seconds
Extract time: 0.01 seconds
0.03125
Embed time: 0.01 seconds
Extract time: 0.01 seconds
0.0
Embed time: 0.05 seconds
Extract time: 0.01 seconds
0.0
Embed time: 0.01 seconds
Extract time: 0.01 seconds
0.015625
Embed time: 0.01 seconds
Extract time: 0.01 seconds
0.015625
Embed time: 0.01 seconds
Extract time: 0.01 seconds
0.0
Embed time: 0.01 seconds
Extract time: 0.01 seconds
0.015625
25-06-22 16:22:08.898 - INFO: # Validation # PSNR_Stego: 2.6765e+01, Bit_acc:  2.4375e-02
2025-06-22 16:22:08,898 - INFO - # Validation # PSNR_Stego: 2.6765e+01, Bit_acc:  2.4375e-02
25-06-22 16:22:08.898 - INFO: <epoch:  0, iter:   7,000> PSNR_Stego: 2.6765e+01, Bit_acc:  2.4375e-02
2025-06-22 16:22:08,898 - INFO - <epoch:  0, iter:   7,000> PSNR_Stego: 2.6765e+01, Bit_acc:  2.4375e-02
25-06-22 16:22:08.898 - INFO: Saving models and training states.
2025-06-22 16:22:08,898 - INFO - Saving models and training states.
Checkpoint save path: /workspace/EditGuard-V1/experiments/train_ibsn_bit_64/models/7000_G.pth

===== Checkpoint State Path: /workspace/EditGuard-V1/experiments/train_ibsn_bit_64/training_state/7000.state =====

25-06-22 16:22:31.350 - INFO: <epoch:  0, iter:   7,100, lr:1.000e-04> l_forw_fit: 2.4877e+03 l_msg: 2.1927e-02 
2025-06-22 16:22:31,350 - INFO - <epoch:  0, iter:   7,100, lr:1.000e-04> l_forw_fit: 2.4877e+03 l_msg: 2.1927e-02 
25-06-22 16:22:53.689 - INFO: <epoch:  0, iter:   7,200, lr:1.000e-04> l_forw_fit: 2.2577e+03 l_msg: 6.5043e-02 
2025-06-22 16:22:53,689 - INFO - <epoch:  0, iter:   7,200, lr:1.000e-04> l_forw_fit: 2.2577e+03 l_msg: 6.5043e-02 
25-06-22 16:23:16.168 - INFO: <epoch:  0, iter:   7,300, lr:1.000e-04> l_forw_fit: 3.3281e+03 l_msg: 2.7044e-03 
2025-06-22 16:23:16,168 - INFO - <epoch:  0, iter:   7,300, lr:1.000e-04> l_forw_fit: 3.3281e+03 l_msg: 2.7044e-03 
25-06-22 16:23:38.177 - INFO: <epoch:  0, iter:   7,400, lr:1.000e-04> l_forw_fit: 2.0928e+03 l_msg: 2.6780e-02 
2025-06-22 16:23:38,177 - INFO - <epoch:  0, iter:   7,400, lr:1.000e-04> l_forw_fit: 2.0928e+03 l_msg: 2.6780e-02 
25-06-22 16:24:00.669 - INFO: <epoch:  0, iter:   7,500, lr:1.000e-04> l_forw_fit: 1.4077e+03 l_msg: 3.8016e-02 
2025-06-22 16:24:00,669 - INFO - <epoch:  0, iter:   7,500, lr:1.000e-04> l_forw_fit: 1.4077e+03 l_msg: 3.8016e-02 
Embed time: 0.03 seconds
Extract time: 0.01 seconds
0.0
Embed time: 0.02 seconds
Extract time: 0.03 seconds
0.0
Embed time: 0.02 seconds
Extract time: 0.04 seconds
0.015625
Embed time: 0.04 seconds
Extract time: 0.01 seconds
0.0
Embed time: 0.02 seconds
Extract time: 0.01 seconds
0.0
Embed time: 0.05 seconds
Extract time: 0.01 seconds
0.015625
Embed time: 0.02 seconds
Extract time: 0.01 seconds
0.015625
Embed time: 0.02 seconds
Extract time: 0.01 seconds
0.015625
Embed time: 0.01 seconds
Extract time: 0.01 seconds
0.015625
Embed time: 0.05 seconds
Extract time: 0.01 seconds
0.0
Embed time: 0.01 seconds
Extract time: 0.01 seconds
0.015625
Embed time: 0.05 seconds
Extract time: 0.01 seconds
0.0
Embed time: 0.01 seconds
Extract time: 0.01 seconds
0.0
Embed time: 0.01 seconds
Extract time: 0.01 seconds
0.015625
Embed time: 0.01 seconds
Extract time: 0.01 seconds
0.015625
Embed time: 0.01 seconds
Extract time: 0.01 seconds
0.0
Embed time: 0.05 seconds
Extract time: 0.01 seconds
0.015625
Embed time: 0.01 seconds
Extract time: 0.01 seconds
0.015625
Embed time: 0.04 seconds
Extract time: 0.01 seconds
0.0
Embed time: 0.02 seconds
Extract time: 0.01 seconds
0.03125
Embed time: 0.04 seconds
Extract time: 0.01 seconds
0.0
Embed time: 0.02 seconds
Extract time: 0.01 seconds
0.109375
Embed time: 0.03 seconds
Extract time: 0.01 seconds
0.0
Embed time: 0.02 seconds
Extract time: 0.01 seconds
0.0
Embed time: 0.03 seconds
Extract time: 0.01 seconds
0.0
Embed time: 0.02 seconds
Extract time: 0.01 seconds
0.0
Embed time: 0.05 seconds
Extract time: 0.01 seconds
0.0
Embed time: 0.03 seconds
Extract time: 0.01 seconds
0.0
Embed time: 0.02 seconds
Extract time: 0.03 seconds
0.046875
Embed time: 0.03 seconds
Extract time: 0.01 seconds
0.0
Embed time: 0.02 seconds
Extract time: 0.01 seconds
0.15625
Embed time: 0.01 seconds
Extract time: 0.01 seconds
0.015625
Embed time: 0.02 seconds
Extract time: 0.01 seconds
0.015625
Embed time: 0.02 seconds
Extract time: 0.01 seconds
0.0
Embed time: 0.03 seconds
Extract time: 0.01 seconds
0.03125
Embed time: 0.02 seconds
Extract time: 0.01 seconds
0.0
Embed time: 0.02 seconds
Extract time: 0.04 seconds
0.0
Embed time: 0.02 seconds
Extract time: 0.01 seconds
0.0
Embed time: 0.05 seconds
Extract time: 0.01 seconds
0.0
Embed time: 0.01 seconds
Extract time: 0.01 seconds
0.015625
Embed time: 0.02 seconds
Extract time: 0.01 seconds
0.0
Embed time: 0.01 seconds
Extract time: 0.01 seconds
0.015625
Embed time: 0.02 seconds
Extract time: 0.01 seconds
0.046875
Embed time: 0.04 seconds
Extract time: 0.01 seconds
0.0625
Embed time: 0.02 seconds
Extract time: 0.01 seconds
0.0
Embed time: 0.05 seconds
Extract time: 0.01 seconds
0.0
Embed time: 0.02 seconds
Extract time: 0.01 seconds
0.0
Embed time: 0.05 seconds
Extract time: 0.01 seconds
0.0
Embed time: 0.02 seconds
Extract time: 0.01 seconds
0.0
Embed time: 0.01 seconds
Extract time: 0.01 seconds
0.171875
Embed time: 0.02 seconds
Extract time: 0.01 seconds
0.03125
Embed time: 0.02 seconds
Extract time: 0.01 seconds
0.015625
Embed time: 0.03 seconds
Extract time: 0.01 seconds
0.0
Embed time: 0.02 seconds
Extract time: 0.01 seconds
0.0
Embed time: 0.05 seconds
Extract time: 0.01 seconds
0.09375
Embed time: 0.02 seconds
Extract time: 0.01 seconds
0.03125
Embed time: 0.05 seconds
Extract time: 0.01 seconds
0.1875
Embed time: 0.01 seconds
Extract time: 0.01 seconds
0.0
Embed time: 0.01 seconds
Extract time: 0.01 seconds
0.0
Embed time: 0.01 seconds
Extract time: 0.01 seconds
0.046875
Embed time: 0.01 seconds
Extract time: 0.01 seconds
0.0
Embed time: 0.05 seconds
Extract time: 0.01 seconds
0.0
Embed time: 0.01 seconds
Extract time: 0.01 seconds
0.0625
Embed time: 0.02 seconds
Extract time: 0.01 seconds
0.03125
Embed time: 0.01 seconds
Extract time: 0.01 seconds
0.015625
Embed time: 0.02 seconds
Extract time: 0.01 seconds
0.0
Embed time: 0.01 seconds
Extract time: 0.01 seconds
0.0
Embed time: 0.02 seconds
Extract time: 0.01 seconds
0.0
Embed time: 0.01 seconds
Extract time: 0.01 seconds
0.015625
Embed time: 0.05 seconds
Extract time: 0.01 seconds
0.0
Embed time: 0.01 seconds
Extract time: 0.01 seconds
0.0
Embed time: 0.06 seconds
Extract time: 0.01 seconds
0.03125
Embed time: 0.01 seconds
Extract time: 0.01 seconds
0.015625
Embed time: 0.01 seconds
Extract time: 0.01 seconds
0.015625
Embed time: 0.03 seconds
Extract time: 0.01 seconds
0.0
Embed time: 0.01 seconds
Extract time: 0.04 seconds
0.0
Embed time: 0.04 seconds
Extract time: 0.01 seconds
0.0
Embed time: 0.01 seconds
Extract time: 0.01 seconds
0.0
Embed time: 0.04 seconds
Extract time: 0.01 seconds
0.0
Embed time: 0.01 seconds
Extract time: 0.01 seconds
0.0
Embed time: 0.04 seconds
Extract time: 0.01 seconds
0.046875
Embed time: 0.01 seconds
Extract time: 0.01 seconds
0.0
Embed time: 0.05 seconds
Extract time: 0.01 seconds
0.078125
Embed time: 0.01 seconds
Extract time: 0.01 seconds
0.078125
Embed time: 0.04 seconds
Extract time: 0.01 seconds
0.0
Embed time: 0.01 seconds
Extract time: 0.01 seconds
0.203125
Embed time: 0.03 seconds
Extract time: 0.01 seconds
0.0
Embed time: 0.01 seconds
Extract time: 0.01 seconds
0.140625
Embed time: 0.01 seconds
Extract time: 0.01 seconds
0.015625
Embed time: 0.02 seconds
Extract time: 0.01 seconds
0.03125
Embed time: 0.01 seconds
Extract time: 0.01 seconds
0.03125
Embed time: 0.02 seconds
Extract time: 0.01 seconds
0.0
Embed time: 0.01 seconds
Extract time: 0.03 seconds
0.0
Embed time: 0.04 seconds
Extract time: 0.01 seconds
0.015625
Embed time: 0.01 seconds
Extract time: 0.01 seconds
0.0
Embed time: 0.01 seconds
Extract time: 0.04 seconds
0.015625
Embed time: 0.01 seconds
Extract time: 0.01 seconds
0.03125
Embed time: 0.01 seconds
Extract time: 0.01 seconds
0.015625
Embed time: 0.01 seconds
Extract time: 0.01 seconds
0.0
Embed time: 0.01 seconds
Extract time: 0.01 seconds
0.0
25-06-22 16:24:15.627 - INFO: # Validation # PSNR_Stego: 2.7155e+01, Bit_acc:  2.1719e-02
2025-06-22 16:24:15,627 - INFO - # Validation # PSNR_Stego: 2.7155e+01, Bit_acc:  2.1719e-02
25-06-22 16:24:15.628 - INFO: <epoch:  0, iter:   7,500> PSNR_Stego: 2.7155e+01, Bit_acc:  2.1719e-02
2025-06-22 16:24:15,628 - INFO - <epoch:  0, iter:   7,500> PSNR_Stego: 2.7155e+01, Bit_acc:  2.1719e-02
========== Epoch: 1 ==========
25-06-22 16:24:44.574 - INFO: <epoch:  1, iter:   7,600, lr:1.000e-04> l_forw_fit: 2.8708e+03 l_msg: 4.9760e-03 
2025-06-22 16:24:44,574 - INFO - <epoch:  1, iter:   7,600, lr:1.000e-04> l_forw_fit: 2.8708e+03 l_msg: 4.9760e-03 
25-06-22 16:25:06.917 - INFO: <epoch:  1, iter:   7,700, lr:1.000e-04> l_forw_fit: 7.4348e+02 l_msg: 9.2758e-03 
2025-06-22 16:25:06,917 - INFO - <epoch:  1, iter:   7,700, lr:1.000e-04> l_forw_fit: 7.4348e+02 l_msg: 9.2758e-03 
25-06-22 16:25:28.794 - INFO: <epoch:  1, iter:   7,800, lr:1.000e-04> l_forw_fit: 1.7759e+03 l_msg: 2.0083e-02 
2025-06-22 16:25:28,794 - INFO - <epoch:  1, iter:   7,800, lr:1.000e-04> l_forw_fit: 1.7759e+03 l_msg: 2.0083e-02 
25-06-22 16:25:50.758 - INFO: <epoch:  1, iter:   7,900, lr:1.000e-04> l_forw_fit: 2.6313e+03 l_msg: 2.8205e-02 
2025-06-22 16:25:50,758 - INFO - <epoch:  1, iter:   7,900, lr:1.000e-04> l_forw_fit: 2.6313e+03 l_msg: 2.8205e-02 
25-06-22 16:26:12.740 - INFO: <epoch:  1, iter:   8,000, lr:1.000e-04> l_forw_fit: 1.9733e+03 l_msg: 3.9670e-02 
2025-06-22 16:26:12,740 - INFO - <epoch:  1, iter:   8,000, lr:1.000e-04> l_forw_fit: 1.9733e+03 l_msg: 3.9670e-02 
Embed time: 0.08 seconds
Extract time: 0.01 seconds
0.0
Embed time: 0.02 seconds
Extract time: 0.03 seconds
0.0
Embed time: 0.04 seconds
Extract time: 0.01 seconds
0.0
Embed time: 0.02 seconds
Extract time: 0.01 seconds
0.0
Embed time: 0.05 seconds
Extract time: 0.01 seconds
0.0
Embed time: 0.02 seconds
Extract time: 0.01 seconds
0.03125
Embed time: 0.05 seconds
Extract time: 0.01 seconds
0.015625
Embed time: 0.02 seconds
Extract time: 0.01 seconds
0.0
Embed time: 0.06 seconds
Extract time: 0.01 seconds
0.0
Embed time: 0.02 seconds
Extract time: 0.01 seconds
0.0
Embed time: 0.02 seconds
Extract time: 0.01 seconds
0.0
Embed time: 0.02 seconds
Extract time: 0.01 seconds
0.0
Embed time: 0.02 seconds
Extract time: 0.01 seconds
0.015625
Embed time: 0.02 seconds
Extract time: 0.01 seconds
0.0
Embed time: 0.02 seconds
Extract time: 0.01 seconds
0.0
Embed time: 0.04 seconds
Extract time: 0.01 seconds
0.0
Embed time: 0.02 seconds
Extract time: 0.01 seconds
0.0
Embed time: 0.02 seconds
Extract time: 0.01 seconds
0.0
Embed time: 0.05 seconds
Extract time: 0.01 seconds
0.0
Embed time: 0.02 seconds
Extract time: 0.01 seconds
0.0
Embed time: 0.05 seconds
Extract time: 0.01 seconds
0.0
Embed time: 0.02 seconds
Extract time: 0.01 seconds
0.0
Embed time: 0.02 seconds
Extract time: 0.01 seconds
0.0
Embed time: 0.02 seconds
Extract time: 0.01 seconds
0.0
Embed time: 0.02 seconds
Extract time: 0.01 seconds
0.0
Embed time: 0.02 seconds
Extract time: 0.01 seconds
0.0
Embed time: 0.02 seconds
Extract time: 0.01 seconds
0.0
Embed time: 0.02 seconds
Extract time: 0.01 seconds
0.0
Embed time: 0.02 seconds
Extract time: 0.01 seconds
0.015625
Embed time: 0.03 seconds
Extract time: 0.01 seconds
0.0
Embed time: 0.01 seconds
Extract time: 0.01 seconds
0.015625
Embed time: 0.05 seconds
Extract time: 0.01 seconds
0.0
Embed time: 0.02 seconds
Extract time: 0.01 seconds
0.0
Embed time: 0.05 seconds
Extract time: 0.01 seconds
0.0
Embed time: 0.02 seconds
Extract time: 0.01 seconds
0.0
Embed time: 0.02 seconds
Extract time: 0.01 seconds
0.0
Embed time: 0.01 seconds
Extract time: 0.01 seconds
0.0
Embed time: 0.05 seconds
Extract time: 0.01 seconds
0.0
Embed time: 0.02 seconds
Extract time: 0.01 seconds
0.0
Embed time: 0.05 seconds
Extract time: 0.01 seconds
0.0
Embed time: 0.02 seconds
Extract time: 0.01 seconds
0.0
Embed time: 0.01 seconds
Extract time: 0.01 seconds
0.015625
Embed time: 0.02 seconds
Extract time: 0.01 seconds
0.046875
Embed time: 0.05 seconds
Extract time: 0.01 seconds
0.0
Embed time: 0.02 seconds
Extract time: 0.01 seconds
0.0
Embed time: 0.06 seconds
Extract time: 0.01 seconds
0.0
Embed time: 0.02 seconds
Extract time: 0.01 seconds
0.0
Embed time: 0.01 seconds
Extract time: 0.04 seconds
0.0
Embed time: 0.04 seconds
Extract time: 0.01 seconds
0.0
Embed time: 0.01 seconds
Extract time: 0.05 seconds
0.015625
Embed time: 0.04 seconds
Extract time: 0.01 seconds
0.03125
Embed time: 0.02 seconds
Extract time: 0.01 seconds
0.0
Embed time: 0.05 seconds
Extract time: 0.01 seconds
0.0
Embed time: 0.01 seconds
Extract time: 0.01 seconds
0.0
Embed time: 0.02 seconds
Extract time: 0.01 seconds
0.140625
Embed time: 0.02 seconds
Extract time: 0.01 seconds
0.046875
Embed time: 0.02 seconds
Extract time: 0.03 seconds
0.03125
Embed time: 0.04 seconds
Extract time: 0.01 seconds
0.0
Embed time: 0.02 seconds
Extract time: 0.02 seconds
0.015625
Embed time: 0.03 seconds
Extract time: 0.01 seconds
0.015625
Embed time: 0.01 seconds
Extract time: 0.01 seconds
0.0
Embed time: 0.05 seconds
Extract time: 0.01 seconds
0.0
Embed time: 0.02 seconds
Extract time: 0.01 seconds
0.0
Embed time: 0.02 seconds
Extract time: 0.01 seconds
0.015625
Embed time: 0.02 seconds
Extract time: 0.04 seconds
0.0
Embed time: 0.04 seconds
Extract time: 0.01 seconds
0.0
Embed time: 0.02 seconds
Extract time: 0.01 seconds
0.0
Embed time: 0.05 seconds
Extract time: 0.01 seconds
0.0
Embed time: 0.01 seconds
Extract time: 0.01 seconds
0.0
Embed time: 0.04 seconds
Extract time: 0.01 seconds
0.0
Embed time: 0.01 seconds
Extract time: 0.04 seconds
0.0
Embed time: 0.03 seconds
Extract time: 0.01 seconds
0.0
Embed time: 0.02 seconds
Extract time: 0.01 seconds
0.046875
Embed time: 0.05 seconds
Extract time: 0.01 seconds
0.0
Embed time: 0.02 seconds
Extract time: 0.01 seconds
0.0
Embed time: 0.04 seconds
Extract time: 0.01 seconds
0.0
Embed time: 0.02 seconds
Extract time: 0.01 seconds
0.0
Embed time: 0.06 seconds
Extract time: 0.01 seconds
0.0
Embed time: 0.01 seconds
Extract time: 0.01 seconds
0.0
Embed time: 0.05 seconds
Extract time: 0.01 seconds
0.0
Embed time: 0.01 seconds
Extract time: 0.01 seconds
0.0
Embed time: 0.06 seconds
Extract time: 0.01 seconds
0.0
Embed time: 0.01 seconds
Extract time: 0.01 seconds
0.015625
Embed time: 0.05 seconds
Extract time: 0.01 seconds
0.015625
Embed time: 0.02 seconds
Extract time: 0.01 seconds
0.0
Embed time: 0.04 seconds
Extract time: 0.01 seconds
0.015625
Embed time: 0.01 seconds
Extract time: 0.01 seconds
0.0
Embed time: 0.05 seconds
Extract time: 0.01 seconds
0.03125
Embed time: 0.01 seconds
Extract time: 0.01 seconds
0.0
Embed time: 0.04 seconds
Extract time: 0.01 seconds
0.0
Embed time: 0.01 seconds
Extract time: 0.01 seconds
0.0
Embed time: 0.04 seconds
Extract time: 0.01 seconds
0.0
Embed time: 0.01 seconds
Extract time: 0.01 seconds
0.015625
Embed time: 0.05 seconds
Extract time: 0.01 seconds
0.0
Embed time: 0.01 seconds
Extract time: 0.01 seconds
0.03125
Embed time: 0.03 seconds
Extract time: 0.01 seconds
0.015625
Embed time: 0.01 seconds
Extract time: 0.01 seconds
0.0
Embed time: 0.05 seconds
Extract time: 0.01 seconds
0.0
Embed time: 0.01 seconds
Extract time: 0.01 seconds
0.0
Embed time: 0.01 seconds
Extract time: 0.05 seconds
0.0
25-06-22 16:26:27.809 - INFO: # Validation # PSNR_Stego: 2.7836e+01, Bit_acc:  6.5625e-03
2025-06-22 16:26:27,809 - INFO - # Validation # PSNR_Stego: 2.7836e+01, Bit_acc:  6.5625e-03
25-06-22 16:26:27.810 - INFO: <epoch:  1, iter:   8,000> PSNR_Stego: 2.7836e+01, Bit_acc:  6.5625e-03
2025-06-22 16:26:27,810 - INFO - <epoch:  1, iter:   8,000> PSNR_Stego: 2.7836e+01, Bit_acc:  6.5625e-03
25-06-22 16:26:27.810 - INFO: Saving models and training states.
2025-06-22 16:26:27,810 - INFO - Saving models and training states.
Checkpoint save path: /workspace/EditGuard-V1/experiments/train_ibsn_bit_64/models/8000_G.pth

===== Checkpoint State Path: /workspace/EditGuard-V1/experiments/train_ibsn_bit_64/training_state/8000.state =====

25-06-22 16:26:50.128 - INFO: <epoch:  1, iter:   8,100, lr:1.000e-04> l_forw_fit: 1.2956e+03 l_msg: 4.0464e-02 
2025-06-22 16:26:50,128 - INFO - <epoch:  1, iter:   8,100, lr:1.000e-04> l_forw_fit: 1.2956e+03 l_msg: 4.0464e-02 
25-06-22 16:27:12.494 - INFO: <epoch:  1, iter:   8,200, lr:1.000e-04> l_forw_fit: 1.1948e+03 l_msg: 9.2752e-03 
2025-06-22 16:27:12,494 - INFO - <epoch:  1, iter:   8,200, lr:1.000e-04> l_forw_fit: 1.1948e+03 l_msg: 9.2752e-03 
25-06-22 16:27:34.289 - INFO: <epoch:  1, iter:   8,300, lr:1.000e-04> l_forw_fit: 1.8020e+03 l_msg: 5.7439e-04 
2025-06-22 16:27:34,289 - INFO - <epoch:  1, iter:   8,300, lr:1.000e-04> l_forw_fit: 1.8020e+03 l_msg: 5.7439e-04 
25-06-22 16:27:56.068 - INFO: <epoch:  1, iter:   8,400, lr:1.000e-04> l_forw_fit: 1.7532e+03 l_msg: 2.6382e-02 
2025-06-22 16:27:56,068 - INFO - <epoch:  1, iter:   8,400, lr:1.000e-04> l_forw_fit: 1.7532e+03 l_msg: 2.6382e-02 
25-06-22 16:28:18.343 - INFO: <epoch:  1, iter:   8,500, lr:1.000e-04> l_forw_fit: 1.0270e+03 l_msg: 4.5380e-02 
2025-06-22 16:28:18,343 - INFO - <epoch:  1, iter:   8,500, lr:1.000e-04> l_forw_fit: 1.0270e+03 l_msg: 4.5380e-02 
Embed time: 0.06 seconds
Extract time: 0.01 seconds
0.0
Embed time: 0.02 seconds
Extract time: 0.01 seconds
0.0
Embed time: 0.02 seconds
Extract time: 0.01 seconds
0.015625
Embed time: 0.02 seconds
Extract time: 0.01 seconds
0.0
Embed time: 0.02 seconds
Extract time: 0.01 seconds
0.015625
Embed time: 0.02 seconds
Extract time: 0.01 seconds
0.0
Embed time: 0.02 seconds
Extract time: 0.01 seconds
0.03125
Embed time: 0.02 seconds
Extract time: 0.01 seconds
0.0
Embed time: 0.06 seconds
Extract time: 0.01 seconds
0.015625
Embed time: 0.02 seconds
Extract time: 0.01 seconds
0.0
Embed time: 0.05 seconds
Extract time: 0.01 seconds
0.0
Embed time: 0.02 seconds
Extract time: 0.01 seconds
0.0
Embed time: 0.02 seconds
Extract time: 0.01 seconds
0.015625
Embed time: 0.02 seconds
Extract time: 0.01 seconds
0.03125
Embed time: 0.05 seconds
Extract time: 0.01 seconds
0.0
Embed time: 0.02 seconds
Extract time: 0.01 seconds
0.0
Embed time: 0.05 seconds
Extract time: 0.01 seconds
0.0
Embed time: 0.02 seconds
Extract time: 0.01 seconds
0.0
Embed time: 0.05 seconds
Extract time: 0.01 seconds
0.0
Embed time: 0.02 seconds
Extract time: 0.01 seconds
0.0
Embed time: 0.05 seconds
Extract time: 0.01 seconds
0.0
Embed time: 0.05 seconds
Extract time: 0.01 seconds
0.0625
Embed time: 0.02 seconds
Extract time: 0.01 seconds
0.0
Embed time: 0.05 seconds
Extract time: 0.01 seconds
0.0
Embed time: 0.02 seconds
Extract time: 0.01 seconds
0.0
Embed time: 0.02 seconds
Extract time: 0.01 seconds
0.0
Embed time: 0.05 seconds
Extract time: 0.01 seconds
0.0
Embed time: 0.02 seconds
Extract time: 0.01 seconds
0.0
Embed time: 0.02 seconds
Extract time: 0.01 seconds
0.0
Embed time: 0.02 seconds
Extract time: 0.01 seconds
0.0
Embed time: 0.02 seconds
Extract time: 0.01 seconds
0.09375
Embed time: 0.02 seconds
Extract time: 0.01 seconds
0.0
Embed time: 0.05 seconds
Extract time: 0.01 seconds
0.015625
Embed time: 0.02 seconds
Extract time: 0.01 seconds
0.0
Embed time: 0.06 seconds
Extract time: 0.01 seconds
0.0625
Embed time: 0.01 seconds
Extract time: 0.01 seconds
0.0
Embed time: 0.05 seconds
Extract time: 0.01 seconds
0.0
Embed time: 0.01 seconds
Extract time: 0.01 seconds
0.015625
Embed time: 0.05 seconds
Extract time: 0.01 seconds
0.0
Embed time: 0.01 seconds
Extract time: 0.01 seconds
0.0
Embed time: 0.01 seconds
Extract time: 0.01 seconds
0.0
Embed time: 0.01 seconds
Extract time: 0.01 seconds
0.0
Embed time: 0.03 seconds
Extract time: 0.01 seconds
0.203125
Embed time: 0.02 seconds
Extract time: 0.03 seconds
0.046875
Embed time: 0.03 seconds
Extract time: 0.01 seconds
0.03125
Embed time: 0.01 seconds
Extract time: 0.01 seconds
0.0
Embed time: 0.05 seconds
Extract time: 0.01 seconds
0.0
Embed time: 0.01 seconds
Extract time: 0.02 seconds
0.0
Embed time: 0.01 seconds
Extract time: 0.04 seconds
0.0
Embed time: 0.01 seconds
Extract time: 0.01 seconds
0.140625
Embed time: 0.04 seconds
Extract time: 0.01 seconds
0.0
Embed time: 0.02 seconds
Extract time: 0.01 seconds
0.0
Embed time: 0.03 seconds
Extract time: 0.01 seconds
0.0
Embed time: 0.02 seconds
Extract time: 0.01 seconds
0.0
Embed time: 0.04 seconds
Extract time: 0.01 seconds
0.0625
Embed time: 0.02 seconds
Extract time: 0.01 seconds
0.0
Embed time: 0.05 seconds
Extract time: 0.01 seconds
0.046875
Embed time: 0.02 seconds
Extract time: 0.01 seconds
0.0
Embed time: 0.05 seconds
Extract time: 0.01 seconds
0.0
Embed time: 0.02 seconds
Extract time: 0.01 seconds
0.03125
Embed time: 0.05 seconds
Extract time: 0.01 seconds
0.0
Embed time: 0.02 seconds
Extract time: 0.01 seconds
0.015625
Embed time: 0.05 seconds
Extract time: 0.01 seconds
0.0
Embed time: 0.02 seconds
Extract time: 0.01 seconds
0.0
Embed time: 0.05 seconds
Extract time: 0.01 seconds
0.03125
Embed time: 0.02 seconds
Extract time: 0.01 seconds
0.0
Embed time: 0.04 seconds
Extract time: 0.01 seconds
0.0
Embed time: 0.02 seconds
Extract time: 0.01 seconds
0.03125
Embed time: 0.02 seconds
Extract time: 0.01 seconds
0.0
Embed time: 0.02 seconds
Extract time: 0.01 seconds
0.0
Embed time: 0.06 seconds
Extract time: 0.01 seconds
0.0
Embed time: 0.02 seconds
Extract time: 0.01 seconds
0.0
Embed time: 0.02 seconds
Extract time: 0.04 seconds
0.015625
Embed time: 0.02 seconds
Extract time: 0.01 seconds
0.03125
Embed time: 0.04 seconds
Extract time: 0.01 seconds
0.0
Embed time: 0.02 seconds
Extract time: 0.01 seconds
0.0
Embed time: 0.02 seconds
Extract time: 0.01 seconds
0.0
Embed time: 0.05 seconds
Extract time: 0.01 seconds
0.0
Embed time: 0.02 seconds
Extract time: 0.01 seconds
0.0
Embed time: 0.05 seconds
Extract time: 0.01 seconds
0.0
Embed time: 0.02 seconds
Extract time: 0.01 seconds
0.046875
Embed time: 0.05 seconds
Extract time: 0.01 seconds
0.0
Embed time: 0.02 seconds
Extract time: 0.01 seconds
0.0625
Embed time: 0.02 seconds
Extract time: 0.01 seconds
0.0
Embed time: 0.02 seconds
Extract time: 0.01 seconds
0.0
Embed time: 0.02 seconds
Extract time: 0.02 seconds
0.046875
Embed time: 0.02 seconds
Extract time: 0.01 seconds
0.0
Embed time: 0.02 seconds
Extract time: 0.01 seconds
0.171875
Embed time: 0.02 seconds
Extract time: 0.01 seconds
0.0
Embed time: 0.01 seconds
Extract time: 0.01 seconds
0.046875
Embed time: 0.01 seconds
Extract time: 0.01 seconds
0.0
Embed time: 0.01 seconds
Extract time: 0.01 seconds
0.015625
Embed time: 0.02 seconds
Extract time: 0.02 seconds
0.0
Embed time: 0.01 seconds
Extract time: 0.01 seconds
0.015625
Embed time: 0.04 seconds
Extract time: 0.01 seconds
0.0
Embed time: 0.02 seconds
Extract time: 0.01 seconds
0.0
Embed time: 0.01 seconds
Extract time: 0.01 seconds
0.0
Embed time: 0.01 seconds
Extract time: 0.01 seconds
0.0
Embed time: 0.05 seconds
Extract time: 0.01 seconds
0.0
Embed time: 0.02 seconds
Extract time: 0.01 seconds
0.0
25-06-22 16:28:33.586 - INFO: # Validation # PSNR_Stego: 2.8359e+01, Bit_acc:  1.4687e-02
2025-06-22 16:28:33,586 - INFO - # Validation # PSNR_Stego: 2.8359e+01, Bit_acc:  1.4687e-02
25-06-22 16:28:33.586 - INFO: <epoch:  1, iter:   8,500> PSNR_Stego: 2.8359e+01, Bit_acc:  1.4687e-02
2025-06-22 16:28:33,586 - INFO - <epoch:  1, iter:   8,500> PSNR_Stego: 2.8359e+01, Bit_acc:  1.4687e-02
25-06-22 16:28:56.080 - INFO: <epoch:  1, iter:   8,600, lr:1.000e-04> l_forw_fit: 7.4366e+03 l_msg: 2.5589e-02 
2025-06-22 16:28:56,080 - INFO - <epoch:  1, iter:   8,600, lr:1.000e-04> l_forw_fit: 7.4366e+03 l_msg: 2.5589e-02 
25-06-22 16:29:18.261 - INFO: <epoch:  1, iter:   8,700, lr:1.000e-04> l_forw_fit: 2.9552e+03 l_msg: 5.7700e-02 
2025-06-22 16:29:18,261 - INFO - <epoch:  1, iter:   8,700, lr:1.000e-04> l_forw_fit: 2.9552e+03 l_msg: 5.7700e-02 
25-06-22 16:29:39.879 - INFO: <epoch:  1, iter:   8,800, lr:1.000e-04> l_forw_fit: 9.8334e+02 l_msg: 2.0423e-02 
2025-06-22 16:29:39,879 - INFO - <epoch:  1, iter:   8,800, lr:1.000e-04> l_forw_fit: 9.8334e+02 l_msg: 2.0423e-02 
25-06-22 16:30:02.368 - INFO: <epoch:  1, iter:   8,900, lr:1.000e-04> l_forw_fit: 1.0544e+03 l_msg: 5.4480e-03 
2025-06-22 16:30:02,368 - INFO - <epoch:  1, iter:   8,900, lr:1.000e-04> l_forw_fit: 1.0544e+03 l_msg: 5.4480e-03 
25-06-22 16:30:24.925 - INFO: <epoch:  1, iter:   9,000, lr:1.000e-04> l_forw_fit: 1.8279e+03 l_msg: 0.0000e+00 
2025-06-22 16:30:24,925 - INFO - <epoch:  1, iter:   9,000, lr:1.000e-04> l_forw_fit: 1.8279e+03 l_msg: 0.0000e+00 
Embed time: 0.03 seconds
Extract time: 0.01 seconds
0.0
Embed time: 0.03 seconds
Extract time: 0.01 seconds
0.0
Embed time: 0.02 seconds
Extract time: 0.01 seconds
0.0
Embed time: 0.05 seconds
Extract time: 0.01 seconds
0.0
Embed time: 0.02 seconds
Extract time: 0.01 seconds
0.0
Embed time: 0.02 seconds
Extract time: 0.01 seconds
0.0
Embed time: 0.02 seconds
Extract time: 0.01 seconds
0.015625
Embed time: 0.02 seconds
Extract time: 0.01 seconds
0.0
Embed time: 0.02 seconds
Extract time: 0.01 seconds
0.0
Embed time: 0.05 seconds
Extract time: 0.01 seconds
0.0
Embed time: 0.01 seconds
Extract time: 0.01 seconds
0.0
Embed time: 0.01 seconds
Extract time: 0.04 seconds
0.0
Embed time: 0.01 seconds
Extract time: 0.01 seconds
0.015625
Embed time: 0.01 seconds
Extract time: 0.01 seconds
0.03125
Embed time: 0.02 seconds
Extract time: 0.01 seconds
0.0
Embed time: 0.01 seconds
Extract time: 0.01 seconds
0.0
Embed time: 0.02 seconds
Extract time: 0.01 seconds
0.0
Embed time: 0.01 seconds
Extract time: 0.01 seconds
0.0
Embed time: 0.04 seconds
Extract time: 0.01 seconds
0.0
Embed time: 0.01 seconds
Extract time: 0.01 seconds
0.03125
Embed time: 0.01 seconds
Extract time: 0.01 seconds
0.0
Embed time: 0.01 seconds
Extract time: 0.01 seconds
0.0
Embed time: 0.01 seconds
Extract time: 0.01 seconds
0.0
Embed time: 0.03 seconds
Extract time: 0.01 seconds
0.0
Embed time: 0.01 seconds
Extract time: 0.01 seconds
0.0
Embed time: 0.03 seconds
Extract time: 0.01 seconds
0.0
Embed time: 0.01 seconds
Extract time: 0.01 seconds
0.0
Embed time: 0.05 seconds
Extract time: 0.01 seconds
0.0
Embed time: 0.02 seconds
Extract time: 0.01 seconds
0.03125
Embed time: 0.05 seconds
Extract time: 0.01 seconds
0.0
Embed time: 0.01 seconds
Extract time: 0.01 seconds
0.078125
Embed time: 0.05 seconds
Extract time: 0.01 seconds
0.0
Embed time: 0.01 seconds
Extract time: 0.01 seconds
0.0
Embed time: 0.05 seconds
Extract time: 0.01 seconds
0.0
Embed time: 0.01 seconds
Extract time: 0.01 seconds
0.015625
Embed time: 0.02 seconds
Extract time: 0.01 seconds
0.0
Embed time: 0.01 seconds
Extract time: 0.01 seconds
0.0
Embed time: 0.05 seconds
Extract time: 0.01 seconds
0.0
Embed time: 0.01 seconds
Extract time: 0.01 seconds
0.0
Embed time: 0.01 seconds
Extract time: 0.01 seconds
0.015625
Embed time: 0.01 seconds
Extract time: 0.01 seconds
0.0
Embed time: 0.01 seconds
Extract time: 0.04 seconds
0.0
Embed time: 0.01 seconds
Extract time: 0.01 seconds
0.125
Embed time: 0.01 seconds
Extract time: 0.01 seconds
0.015625
Embed time: 0.01 seconds
Extract time: 0.01 seconds
0.0
Embed time: 0.01 seconds
Extract time: 0.01 seconds
0.0
Embed time: 0.04 seconds
Extract time: 0.01 seconds
0.0
Embed time: 0.01 seconds
Extract time: 0.01 seconds
0.0
Embed time: 0.05 seconds
Extract time: 0.01 seconds
0.0
Embed time: 0.01 seconds
Extract time: 0.02 seconds
0.03125
Embed time: 0.02 seconds
Extract time: 0.03 seconds
0.0
Embed time: 0.04 seconds
Extract time: 0.01 seconds
0.0
Embed time: 0.01 seconds
Extract time: 0.01 seconds
0.0
Embed time: 0.02 seconds
Extract time: 0.01 seconds
0.0
Embed time: 0.01 seconds
Extract time: 0.01 seconds
0.03125
Embed time: 0.01 seconds
Extract time: 0.01 seconds
0.0
Embed time: 0.02 seconds
Extract time: 0.01 seconds
0.0
Embed time: 0.02 seconds
Extract time: 0.01 seconds
0.015625
Embed time: 0.02 seconds
Extract time: 0.01 seconds
0.0
Embed time: 0.02 seconds
Extract time: 0.03 seconds
0.0
Embed time: 0.04 seconds
Extract time: 0.01 seconds
0.0
Embed time: 0.02 seconds
Extract time: 0.01 seconds
0.0
Embed time: 0.02 seconds
Extract time: 0.01 seconds
0.0
Embed time: 0.02 seconds
Extract time: 0.01 seconds
0.046875
Embed time: 0.05 seconds
Extract time: 0.01 seconds
0.0
Embed time: 0.02 seconds
Extract time: 0.01 seconds
0.0
Embed time: 0.01 seconds
Extract time: 0.04 seconds
0.0
Embed time: 0.01 seconds
Extract time: 0.01 seconds
0.0
Embed time: 0.01 seconds
Extract time: 0.01 seconds
0.015625
Embed time: 0.02 seconds
Extract time: 0.01 seconds
0.0
Embed time: 0.01 seconds
Extract time: 0.01 seconds
0.0
Embed time: 0.03 seconds
Extract time: 0.01 seconds
0.0
Embed time: 0.01 seconds
Extract time: 0.01 seconds
0.0
Embed time: 0.05 seconds
Extract time: 0.01 seconds
0.0
Embed time: 0.01 seconds
Extract time: 0.01 seconds
0.0
Embed time: 0.04 seconds
Extract time: 0.01 seconds
0.0
Embed time: 0.01 seconds
Extract time: 0.01 seconds
0.0
Embed time: 0.06 seconds
Extract time: 0.01 seconds
0.0
Embed time: 0.01 seconds
Extract time: 0.01 seconds
0.0
Embed time: 0.01 seconds
Extract time: 0.01 seconds
0.0
Embed time: 0.03 seconds
Extract time: 0.01 seconds
0.0625
Embed time: 0.01 seconds
Extract time: 0.01 seconds
0.0
Embed time: 0.05 seconds
Extract time: 0.01 seconds
0.015625
Embed time: 0.01 seconds
Extract time: 0.01 seconds
0.0
Embed time: 0.01 seconds
Extract time: 0.01 seconds
0.0
Embed time: 0.01 seconds
Extract time: 0.01 seconds
0.015625
Embed time: 0.04 seconds
Extract time: 0.01 seconds
0.0
Embed time: 0.01 seconds
Extract time: 0.02 seconds
0.0625
Embed time: 0.04 seconds
Extract time: 0.01 seconds
0.0
Embed time: 0.02 seconds
Extract time: 0.01 seconds
0.015625
Embed time: 0.05 seconds
Extract time: 0.01 seconds
0.0
Embed time: 0.01 seconds
Extract time: 0.01 seconds
0.015625
Embed time: 0.01 seconds
Extract time: 0.01 seconds
0.0
Embed time: 0.01 seconds
Extract time: 0.01 seconds
0.0
Embed time: 0.02 seconds
Extract time: 0.01 seconds
0.0
Embed time: 0.01 seconds
Extract time: 0.01 seconds
0.0
Embed time: 0.06 seconds
Extract time: 0.01 seconds
0.0
Embed time: 0.01 seconds
Extract time: 0.01 seconds
0.0
Embed time: 0.01 seconds
Extract time: 0.01 seconds
0.0
Embed time: 0.02 seconds
Extract time: 0.01 seconds
0.0
25-06-22 16:30:39.903 - INFO: # Validation # PSNR_Stego: 2.8832e+01, Bit_acc:  7.0313e-03
2025-06-22 16:30:39,903 - INFO - # Validation # PSNR_Stego: 2.8832e+01, Bit_acc:  7.0313e-03
25-06-22 16:30:39.904 - INFO: <epoch:  1, iter:   9,000> PSNR_Stego: 2.8832e+01, Bit_acc:  7.0313e-03
2025-06-22 16:30:39,904 - INFO - <epoch:  1, iter:   9,000> PSNR_Stego: 2.8832e+01, Bit_acc:  7.0313e-03
25-06-22 16:30:39.904 - INFO: Saving models and training states.
2025-06-22 16:30:39,904 - INFO - Saving models and training states.
Checkpoint save path: /workspace/EditGuard-V1/experiments/train_ibsn_bit_64/models/9000_G.pth

===== Checkpoint State Path: /workspace/EditGuard-V1/experiments/train_ibsn_bit_64/training_state/9000.state =====

25-06-22 16:31:02.032 - INFO: <epoch:  1, iter:   9,100, lr:1.000e-04> l_forw_fit: 1.5608e+03 l_msg: 3.2902e-04 
2025-06-22 16:31:02,032 - INFO - <epoch:  1, iter:   9,100, lr:1.000e-04> l_forw_fit: 1.5608e+03 l_msg: 3.2902e-04 
25-06-22 16:31:24.742 - INFO: <epoch:  1, iter:   9,200, lr:1.000e-04> l_forw_fit: 1.0092e+03 l_msg: 4.4318e-04 
2025-06-22 16:31:24,742 - INFO - <epoch:  1, iter:   9,200, lr:1.000e-04> l_forw_fit: 1.0092e+03 l_msg: 4.4318e-04 
25-06-22 16:31:47.803 - INFO: <epoch:  1, iter:   9,300, lr:1.000e-04> l_forw_fit: 1.1744e+03 l_msg: 4.0503e-04 
2025-06-22 16:31:47,803 - INFO - <epoch:  1, iter:   9,300, lr:1.000e-04> l_forw_fit: 1.1744e+03 l_msg: 4.0503e-04 
25-06-22 16:32:09.504 - INFO: <epoch:  1, iter:   9,400, lr:1.000e-04> l_forw_fit: 1.0658e+03 l_msg: 6.2778e-03 
2025-06-22 16:32:09,504 - INFO - <epoch:  1, iter:   9,400, lr:1.000e-04> l_forw_fit: 1.0658e+03 l_msg: 6.2778e-03 
25-06-22 16:32:31.264 - INFO: <epoch:  1, iter:   9,500, lr:1.000e-04> l_forw_fit: 4.7919e+02 l_msg: 8.1521e-07 
2025-06-22 16:32:31,264 - INFO - <epoch:  1, iter:   9,500, lr:1.000e-04> l_forw_fit: 4.7919e+02 l_msg: 8.1521e-07 
Embed time: 0.03 seconds
Extract time: 0.01 seconds
0.0
Embed time: 0.02 seconds
Extract time: 0.04 seconds
0.0
Embed time: 0.03 seconds
Extract time: 0.01 seconds
0.03125
Embed time: 0.02 seconds
Extract time: 0.01 seconds
0.0
Embed time: 0.05 seconds
Extract time: 0.01 seconds
0.015625
Embed time: 0.02 seconds
Extract time: 0.01 seconds
0.03125
Embed time: 0.05 seconds
Extract time: 0.01 seconds
0.015625
Embed time: 0.04 seconds
Extract time: 0.01 seconds
0.0
Embed time: 0.02 seconds
Extract time: 0.01 seconds
0.0
Embed time: 0.05 seconds
Extract time: 0.01 seconds
0.0
Embed time: 0.02 seconds
Extract time: 0.01 seconds
0.078125
Embed time: 0.05 seconds
Extract time: 0.01 seconds
0.0
Embed time: 0.02 seconds
Extract time: 0.01 seconds
0.0
Embed time: 0.05 seconds
Extract time: 0.01 seconds
0.015625
Embed time: 0.02 seconds
Extract time: 0.01 seconds
0.0
Embed time: 0.01 seconds
Extract time: 0.01 seconds
0.0
Embed time: 0.02 seconds
Extract time: 0.01 seconds
0.03125
Embed time: 0.01 seconds
Extract time: 0.01 seconds
0.015625
Embed time: 0.01 seconds
Extract time: 0.01 seconds
0.015625
Embed time: 0.01 seconds
Extract time: 0.02 seconds
0.03125
Embed time: 0.01 seconds
Extract time: 0.01 seconds
0.0
Embed time: 0.01 seconds
Extract time: 0.05 seconds
0.09375
Embed time: 0.03 seconds
Extract time: 0.01 seconds
0.0
Embed time: 0.01 seconds
Extract time: 0.01 seconds
0.03125
Embed time: 0.01 seconds
Extract time: 0.01 seconds
0.0
Embed time: 0.01 seconds
Extract time: 0.01 seconds
0.0
Embed time: 0.03 seconds
Extract time: 0.01 seconds
0.0
Embed time: 0.01 seconds
Extract time: 0.01 seconds
0.015625
Embed time: 0.01 seconds
Extract time: 0.01 seconds
0.0625
Embed time: 0.01 seconds
Extract time: 0.01 seconds
0.0
Embed time: 0.05 seconds
Extract time: 0.01 seconds
0.046875
Embed time: 0.01 seconds
Extract time: 0.01 seconds
0.0
Embed time: 0.01 seconds
Extract time: 0.01 seconds
0.0
Embed time: 0.01 seconds
Extract time: 0.01 seconds
0.015625
Embed time: 0.03 seconds
Extract time: 0.01 seconds
0.046875
Embed time: 0.01 seconds
Extract time: 0.01 seconds
0.0
Embed time: 0.04 seconds
Extract time: 0.01 seconds
0.0
Embed time: 0.01 seconds
Extract time: 0.01 seconds
0.0
Embed time: 0.06 seconds
Extract time: 0.01 seconds
0.0
Embed time: 0.01 seconds
Extract time: 0.03 seconds
0.0
Embed time: 0.01 seconds
Extract time: 0.01 seconds
0.0
Embed time: 0.02 seconds
Extract time: 0.01 seconds
0.015625
Embed time: 0.01 seconds
Extract time: 0.01 seconds
0.046875
Embed time: 0.01 seconds
Extract time: 0.03 seconds
0.015625
Embed time: 0.02 seconds
Extract time: 0.01 seconds
0.0
Embed time: 0.01 seconds
Extract time: 0.01 seconds
0.015625
Embed time: 0.04 seconds
Extract time: 0.01 seconds
0.03125
Embed time: 0.01 seconds
Extract time: 0.01 seconds
0.0
Embed time: 0.05 seconds
Extract time: 0.01 seconds
0.015625
Embed time: 0.01 seconds
Extract time: 0.01 seconds
0.03125
Embed time: 0.01 seconds
Extract time: 0.01 seconds
0.03125
Embed time: 0.01 seconds
Extract time: 0.01 seconds
0.0
Embed time: 0.05 seconds
Extract time: 0.01 seconds
0.0
Embed time: 0.01 seconds
Extract time: 0.01 seconds
0.0
Embed time: 0.02 seconds
Extract time: 0.01 seconds
0.125
Embed time: 0.01 seconds
Extract time: 0.01 seconds
0.078125
Embed time: 0.03 seconds
Extract time: 0.01 seconds
0.125
Embed time: 0.01 seconds
Extract time: 0.01 seconds
0.0
Embed time: 0.06 seconds
Extract time: 0.01 seconds
0.0
Embed time: 0.01 seconds
Extract time: 0.03 seconds
0.015625
Embed time: 0.03 seconds
Extract time: 0.01 seconds
0.0
Embed time: 0.01 seconds
Extract time: 0.01 seconds
0.015625
Embed time: 0.05 seconds
Extract time: 0.01 seconds
0.0625
Embed time: 0.01 seconds
Extract time: 0.01 seconds
0.0
Embed time: 0.05 seconds
Extract time: 0.01 seconds
0.0
Embed time: 0.01 seconds
Extract time: 0.01 seconds
0.0
Embed time: 0.01 seconds
Extract time: 0.01 seconds
0.0
Embed time: 0.01 seconds
Extract time: 0.01 seconds
0.0
Embed time: 0.01 seconds
Extract time: 0.01 seconds
0.0
Embed time: 0.01 seconds
Extract time: 0.01 seconds
0.0
Embed time: 0.01 seconds
Extract time: 0.01 seconds
0.0
Embed time: 0.01 seconds
Extract time: 0.01 seconds
0.0
Embed time: 0.01 seconds
Extract time: 0.01 seconds
0.015625
Embed time: 0.02 seconds
Extract time: 0.01 seconds
0.03125
Embed time: 0.01 seconds
Extract time: 0.01 seconds
0.0
Embed time: 0.05 seconds
Extract time: 0.01 seconds
0.0
Embed time: 0.01 seconds
Extract time: 0.01 seconds
0.015625
Embed time: 0.06 seconds
Extract time: 0.01 seconds
0.0
Embed time: 0.02 seconds
Extract time: 0.01 seconds
0.015625
Embed time: 0.05 seconds
Extract time: 0.01 seconds
0.0
Embed time: 0.02 seconds
Extract time: 0.01 seconds
0.015625
Embed time: 0.01 seconds
Extract time: 0.01 seconds
0.0
Embed time: 0.02 seconds
Extract time: 0.01 seconds
0.015625
Embed time: 0.02 seconds
Extract time: 0.01 seconds
0.03125
Embed time: 0.04 seconds
Extract time: 0.01 seconds
0.0
Embed time: 0.02 seconds
Extract time: 0.01 seconds
0.046875
Embed time: 0.02 seconds
Extract time: 0.04 seconds
0.0
Embed time: 0.01 seconds
Extract time: 0.01 seconds
0.125
Embed time: 0.02 seconds
Extract time: 0.01 seconds
0.0
Embed time: 0.02 seconds
Extract time: 0.01 seconds
0.015625
Embed time: 0.02 seconds
Extract time: 0.01 seconds
0.0
Embed time: 0.02 seconds
Extract time: 0.01 seconds
0.015625
Embed time: 0.02 seconds
Extract time: 0.01 seconds
0.0
Embed time: 0.05 seconds
Extract time: 0.01 seconds
0.046875
Embed time: 0.02 seconds
Extract time: 0.01 seconds
0.0
Embed time: 0.01 seconds
Extract time: 0.01 seconds
0.0
Embed time: 0.05 seconds
Extract time: 0.01 seconds
0.0
Embed time: 0.02 seconds
Extract time: 0.01 seconds
0.015625
Embed time: 0.02 seconds
Extract time: 0.05 seconds
0.0
Embed time: 0.04 seconds
Extract time: 0.01 seconds
0.0
25-06-22 16:32:46.398 - INFO: # Validation # PSNR_Stego: 2.9245e+01, Bit_acc:  1.6250e-02
2025-06-22 16:32:46,398 - INFO - # Validation # PSNR_Stego: 2.9245e+01, Bit_acc:  1.6250e-02
25-06-22 16:32:46.399 - INFO: <epoch:  1, iter:   9,500> PSNR_Stego: 2.9245e+01, Bit_acc:  1.6250e-02
2025-06-22 16:32:46,399 - INFO - <epoch:  1, iter:   9,500> PSNR_Stego: 2.9245e+01, Bit_acc:  1.6250e-02
25-06-22 16:33:09.011 - INFO: <epoch:  1, iter:   9,600, lr:1.000e-04> l_forw_fit: 1.2018e+03 l_msg: 9.7699e-02 
2025-06-22 16:33:09,011 - INFO - <epoch:  1, iter:   9,600, lr:1.000e-04> l_forw_fit: 1.2018e+03 l_msg: 9.7699e-02 
25-06-22 16:33:31.168 - INFO: <epoch:  1, iter:   9,700, lr:1.000e-04> l_forw_fit: 7.2424e+02 l_msg: 1.2598e-02 
2025-06-22 16:33:31,168 - INFO - <epoch:  1, iter:   9,700, lr:1.000e-04> l_forw_fit: 7.2424e+02 l_msg: 1.2598e-02 
25-06-22 16:33:52.931 - INFO: <epoch:  1, iter:   9,800, lr:1.000e-04> l_forw_fit: 1.0948e+03 l_msg: 2.1730e-02 
2025-06-22 16:33:52,931 - INFO - <epoch:  1, iter:   9,800, lr:1.000e-04> l_forw_fit: 1.0948e+03 l_msg: 2.1730e-02 
25-06-22 16:34:14.784 - INFO: <epoch:  1, iter:   9,900, lr:1.000e-04> l_forw_fit: 9.5208e+02 l_msg: 8.0471e-02 
2025-06-22 16:34:14,784 - INFO - <epoch:  1, iter:   9,900, lr:1.000e-04> l_forw_fit: 9.5208e+02 l_msg: 8.0471e-02 
25-06-22 16:34:37.979 - INFO: <epoch:  1, iter:  10,000, lr:1.000e-04> l_forw_fit: 6.0474e+02 l_msg: 9.1152e-02 
2025-06-22 16:34:37,979 - INFO - <epoch:  1, iter:  10,000, lr:1.000e-04> l_forw_fit: 6.0474e+02 l_msg: 9.1152e-02 
Embed time: 0.03 seconds
Extract time: 0.01 seconds
0.0
Embed time: 0.02 seconds
Extract time: 0.01 seconds
0.0
Embed time: 0.06 seconds
Extract time: 0.01 seconds
0.015625
Embed time: 0.02 seconds
Extract time: 0.01 seconds
0.0
Embed time: 0.04 seconds
Extract time: 0.01 seconds
0.0
Embed time: 0.02 seconds
Extract time: 0.01 seconds
0.015625
Embed time: 0.05 seconds
Extract time: 0.01 seconds
0.0
Embed time: 0.02 seconds
Extract time: 0.01 seconds
0.0
Embed time: 0.05 seconds
Extract time: 0.01 seconds
0.0
Embed time: 0.02 seconds
Extract time: 0.01 seconds
0.0
Embed time: 0.05 seconds
Extract time: 0.01 seconds
0.015625
Embed time: 0.01 seconds
Extract time: 0.01 seconds
0.0
Embed time: 0.05 seconds
Extract time: 0.01 seconds
0.0
Embed time: 0.02 seconds
Extract time: 0.01 seconds
0.015625
Embed time: 0.05 seconds
Extract time: 0.01 seconds
0.0
Embed time: 0.02 seconds
Extract time: 0.01 seconds
0.0
Embed time: 0.05 seconds
Extract time: 0.01 seconds
0.0
Embed time: 0.02 seconds
Extract time: 0.01 seconds
0.0
Embed time: 0.02 seconds
Extract time: 0.01 seconds
0.0
Embed time: 0.05 seconds
Extract time: 0.01 seconds
0.015625
Embed time: 0.02 seconds
Extract time: 0.01 seconds
0.0
Embed time: 0.05 seconds
Extract time: 0.01 seconds
0.015625
Embed time: 0.02 seconds
Extract time: 0.01 seconds
0.0
Embed time: 0.05 seconds
Extract time: 0.01 seconds
0.0
Embed time: 0.02 seconds
Extract time: 0.01 seconds
0.0
Embed time: 0.05 seconds
Extract time: 0.01 seconds
0.0
Embed time: 0.02 seconds
Extract time: 0.01 seconds
0.0
Embed time: 0.02 seconds
Extract time: 0.01 seconds
0.0
Embed time: 0.02 seconds
Extract time: 0.01 seconds
0.0
Embed time: 0.02 seconds
Extract time: 0.01 seconds
0.0
Embed time: 0.05 seconds
Extract time: 0.01 seconds
0.015625
Embed time: 0.02 seconds
Extract time: 0.01 seconds
0.0
Embed time: 0.04 seconds
Extract time: 0.01 seconds
0.0
Embed time: 0.02 seconds
Extract time: 0.04 seconds
0.0
Embed time: 0.04 seconds
Extract time: 0.01 seconds
0.015625
Embed time: 0.02 seconds
Extract time: 0.01 seconds
0.0
Embed time: 0.05 seconds
Extract time: 0.01 seconds
0.0
Embed time: 0.02 seconds
Extract time: 0.01 seconds
0.0
Embed time: 0.01 seconds
Extract time: 0.01 seconds
0.0
Embed time: 0.03 seconds
Extract time: 0.01 seconds
0.0
Embed time: 0.02 seconds
Extract time: 0.01 seconds
0.0
Embed time: 0.05 seconds
Extract time: 0.01 seconds
0.0
Embed time: 0.02 seconds
Extract time: 0.01 seconds
0.03125
Embed time: 0.02 seconds
Extract time: 0.01 seconds
0.03125
Embed time: 0.02 seconds
Extract time: 0.01 seconds
0.015625
Embed time: 0.02 seconds
Extract time: 0.01 seconds
0.0
Embed time: 0.01 seconds
Extract time: 0.01 seconds
0.0
Embed time: 0.02 seconds
Extract time: 0.01 seconds
0.0
Embed time: 0.05 seconds
Extract time: 0.01 seconds
0.0
Embed time: 0.02 seconds
Extract time: 0.01 seconds
0.046875
Embed time: 0.04 seconds
Extract time: 0.01 seconds
0.0
Embed time: 0.02 seconds
Extract time: 0.01 seconds
0.0
Embed time: 0.04 seconds
Extract time: 0.01 seconds
0.0
Embed time: 0.02 seconds
Extract time: 0.01 seconds
0.0
Embed time: 0.05 seconds
Extract time: 0.01 seconds
0.03125
Embed time: 0.02 seconds
Extract time: 0.01 seconds
0.015625
Embed time: 0.05 seconds
Extract time: 0.01 seconds
0.03125
Embed time: 0.02 seconds
Extract time: 0.01 seconds
0.0
Embed time: 0.05 seconds
Extract time: 0.01 seconds
0.0
Embed time: 0.01 seconds
Extract time: 0.01 seconds
0.015625
Embed time: 0.04 seconds
Extract time: 0.01 seconds
0.0
Embed time: 0.02 seconds
Extract time: 0.01 seconds
0.015625
Embed time: 0.05 seconds
Extract time: 0.01 seconds
0.0
Embed time: 0.02 seconds
Extract time: 0.01 seconds
0.0
Embed time: 0.02 seconds
Extract time: 0.05 seconds
0.0
Embed time: 0.02 seconds
Extract time: 0.01 seconds
0.0
Embed time: 0.02 seconds
Extract time: 0.01 seconds
0.0
Embed time: 0.02 seconds
Extract time: 0.01 seconds
0.0
Embed time: 0.02 seconds
Extract time: 0.01 seconds
0.0
Embed time: 0.05 seconds
Extract time: 0.01 seconds
0.0
Embed time: 0.02 seconds
Extract time: 0.01 seconds
0.0
Embed time: 0.05 seconds
Extract time: 0.01 seconds
0.0
Embed time: 0.02 seconds
Extract time: 0.01 seconds
0.03125
Embed time: 0.05 seconds
Extract time: 0.01 seconds
0.0
Embed time: 0.02 seconds
Extract time: 0.01 seconds
0.0
Embed time: 0.04 seconds
Extract time: 0.01 seconds
0.0
Embed time: 0.02 seconds
Extract time: 0.01 seconds
0.0
Embed time: 0.02 seconds
Extract time: 0.01 seconds
0.0
Embed time: 0.02 seconds
Extract time: 0.01 seconds
0.0
Embed time: 0.05 seconds
Extract time: 0.01 seconds
0.0
Embed time: 0.01 seconds
Extract time: 0.01 seconds
0.03125
Embed time: 0.05 seconds
Extract time: 0.01 seconds
0.0
Embed time: 0.01 seconds
Extract time: 0.01 seconds
0.015625
Embed time: 0.02 seconds
Extract time: 0.01 seconds
0.0
Embed time: 0.02 seconds
Extract time: 0.03 seconds
0.0
Embed time: 0.04 seconds
Extract time: 0.01 seconds
0.140625
Embed time: 0.02 seconds
Extract time: 0.01 seconds
0.0
Embed time: 0.02 seconds
Extract time: 0.01 seconds
0.078125
Embed time: 0.02 seconds
Extract time: 0.01 seconds
0.0
Embed time: 0.02 seconds
Extract time: 0.01 seconds
0.015625
Embed time: 0.02 seconds
Extract time: 0.01 seconds
0.0
Embed time: 0.02 seconds
Extract time: 0.01 seconds
0.0
Embed time: 0.05 seconds
Extract time: 0.01 seconds
0.0
Embed time: 0.02 seconds
Extract time: 0.01 seconds
0.0
Embed time: 0.05 seconds
Extract time: 0.01 seconds
0.0
Embed time: 0.02 seconds
Extract time: 0.01 seconds
0.0
Embed time: 0.02 seconds
Extract time: 0.01 seconds
0.0
Embed time: 0.03 seconds
Extract time: 0.01 seconds
0.0
Embed time: 0.02 seconds
Extract time: 0.03 seconds
0.0
Embed time: 0.03 seconds
Extract time: 0.01 seconds
0.0
25-06-22 16:34:52.979 - INFO: # Validation # PSNR_Stego: 2.9990e+01, Bit_acc:  6.7187e-03
2025-06-22 16:34:52,979 - INFO - # Validation # PSNR_Stego: 2.9990e+01, Bit_acc:  6.7187e-03
25-06-22 16:34:52.980 - INFO: <epoch:  1, iter:  10,000> PSNR_Stego: 2.9990e+01, Bit_acc:  6.7187e-03
2025-06-22 16:34:52,980 - INFO - <epoch:  1, iter:  10,000> PSNR_Stego: 2.9990e+01, Bit_acc:  6.7187e-03
25-06-22 16:34:52.980 - INFO: Saving models and training states.
2025-06-22 16:34:52,980 - INFO - Saving models and training states.
Checkpoint save path: /workspace/EditGuard-V1/experiments/train_ibsn_bit_64/models/10000_G.pth

===== Checkpoint State Path: /workspace/EditGuard-V1/experiments/train_ibsn_bit_64/training_state/10000.state =====

25-06-22 16:35:15.768 - INFO: <epoch:  1, iter:  10,100, lr:1.000e-04> l_forw_fit: 7.2069e+02 l_msg: 1.9964e-03 
2025-06-22 16:35:15,768 - INFO - <epoch:  1, iter:  10,100, lr:1.000e-04> l_forw_fit: 7.2069e+02 l_msg: 1.9964e-03 
25-06-22 16:35:38.573 - INFO: <epoch:  1, iter:  10,200, lr:1.000e-04> l_forw_fit: 1.0471e+03 l_msg: 3.3765e-02 
2025-06-22 16:35:38,573 - INFO - <epoch:  1, iter:  10,200, lr:1.000e-04> l_forw_fit: 1.0471e+03 l_msg: 3.3765e-02 
25-06-22 16:36:00.760 - INFO: <epoch:  1, iter:  10,300, lr:1.000e-04> l_forw_fit: 1.3406e+03 l_msg: 2.8622e-02 
2025-06-22 16:36:00,760 - INFO - <epoch:  1, iter:  10,300, lr:1.000e-04> l_forw_fit: 1.3406e+03 l_msg: 2.8622e-02 
25-06-22 16:36:23.322 - INFO: <epoch:  1, iter:  10,400, lr:1.000e-04> l_forw_fit: 1.2395e+03 l_msg: 4.0330e-03 
2025-06-22 16:36:23,322 - INFO - <epoch:  1, iter:  10,400, lr:1.000e-04> l_forw_fit: 1.2395e+03 l_msg: 4.0330e-03 
Traceback (most recent call last):
  File "/workspace/EditGuard-V1/code/train_bit.py", line 263, in <module>
    main()
  File "/workspace/EditGuard-V1/code/train_bit.py", line 183, in main
    model.optimize_parameters(current_step)
  File "/workspace/EditGuard-V1/code/models/IBSN.py", line 340, in optimize_parameters
    self.log_dict['l_forw_fit'] = l_forw_fit.item()
KeyboardInterrupt
