export CUDA_VISIBLE_DEVICES=0,1
Disabled distributed training.
2025-06-23 15:47:11,103 - INFO - Set [pretrain_model_G] to /workspace/EditGuard-V1/experiments/train_ibsn_bit_64/models/30000_G.pth
25-06-23 15:47:11.104 - INFO:   name: train_ibsn_bit_64
  use_tb_logger: True
  model: MIMO-VRN-h
  distortion: sr
  scale: 4
  gpu_ids: [0, 1]
  gop: 1
  num_image: 1
  addnoise: False
  noisesigma: 0.05
  addjpeg: False
  jpegfactor: 90
  addpossion: False
  addblur: False
  addcolorjitter: False
  sdinpaint: False
  controlnetinpaint: False
  sdxl: False
  repaint: False
  sdprompt: False
  sdxlprompt: False
  faceswap: False
  hide: True
  bithide: True
  degrade_shuffle: True
  prompt: True
  prompt_len: 3
  message_length: 64
  losstype: mse
  mode: bit
  datasets:[
    train:[
      name: Vimeo90K
      mode: train
      interval_list: [1]
      random_reverse: False
      border_mode: False
      data_path: ../dataset/COCO-30000-images
      txt_path: ../dataset/COCO-30000-images.txt
      dataroot_LQ: /root/vimeo90k/vimeo90k_train_LR7frames.lmdb
      cache_keys: Vimeo90K_train_keys.pkl
      num_image: 1
      N_frames: 7
      use_shuffle: True
      n_workers: 24
      batch_size: 4
      GT_size: 400
      LQ_size: 36
      use_flip: True
      use_rot: True
      color: RGB
      phase: train
      scale: 4
      data_type: lmdb
    ]
    val:[
      num_image: 1
      name: Vid4
      mode: test
      data_path: ../dataset/valAGE-Set
      txt_path: ../dataset/sep_vallist.txt
      N_frames: 1
      padding: new_info
      pred_interval: -1
      phase: val
      scale: 4
      data_type: img
    ]
  ]
  network_G:[
    which_model_G:[
      subnet_type: DBNet
    ]
    in_nc: 12
    out_nc: 12
    block_num: [6, 6]
    scale: 4
    init: xavier_group
    block_num_rbm: 8
    block_num_trans: 4
  ]
  path:[
    pretrain_model_G: /workspace/EditGuard-V1/experiments/train_ibsn_bit_64/models/30000_G.pth
    models: /workspace/EditGuard-V1/experiments/train_ibsn_bit_64/models
    strict_load: True
    resume_state: /workspace/EditGuard-V1/experiments/train_ibsn_bit_64/training_state/30000.state
    root: /workspace/EditGuard-V1
    experiments_root: /workspace/EditGuard-V1/experiments/train_ibsn_bit_64
    training_state: /workspace/EditGuard-V1/experiments/train_ibsn_bit_64/training_state
    log: /workspace/EditGuard-V1/experiments/train_ibsn_bit_64
    val_images: /workspace/EditGuard-V1/experiments/train_ibsn_bit_64/val_images
  ]
  train:[
    lr_G: 0.0001
    beta1: 0.9
    beta2: 0.5
    niter: 45000
    warmup_iter: -1
    lr_scheme: MultiStepLR
    lr_steps: [30000, 100000, 250000]
    lr_gamma: 0.5
    pixel_criterion_forw: l2
    pixel_criterion_back: l1
    manual_seed: 10
    val_freq: 500.0
    lambda_fit_forw: 1.0
    lambda_rec_back: 1
    lambda_center: 0
    lambda_msg: 100.0
    progressive: False
    weight_decay_G: 1e-12
    gradient_clipping: 10
  ]
  logger:[
    print_freq: 100
    save_checkpoint_freq: 1000.0
  ]
  is_train: True
  dist: False

2025-06-23 15:47:11,104 - INFO -   name: train_ibsn_bit_64
  use_tb_logger: True
  model: MIMO-VRN-h
  distortion: sr
  scale: 4
  gpu_ids: [0, 1]
  gop: 1
  num_image: 1
  addnoise: False
  noisesigma: 0.05
  addjpeg: False
  jpegfactor: 90
  addpossion: False
  addblur: False
  addcolorjitter: False
  sdinpaint: False
  controlnetinpaint: False
  sdxl: False
  repaint: False
  sdprompt: False
  sdxlprompt: False
  faceswap: False
  hide: True
  bithide: True
  degrade_shuffle: True
  prompt: True
  prompt_len: 3
  message_length: 64
  losstype: mse
  mode: bit
  datasets:[
    train:[
      name: Vimeo90K
      mode: train
      interval_list: [1]
      random_reverse: False
      border_mode: False
      data_path: ../dataset/COCO-30000-images
      txt_path: ../dataset/COCO-30000-images.txt
      dataroot_LQ: /root/vimeo90k/vimeo90k_train_LR7frames.lmdb
      cache_keys: Vimeo90K_train_keys.pkl
      num_image: 1
      N_frames: 7
      use_shuffle: True
      n_workers: 24
      batch_size: 4
      GT_size: 400
      LQ_size: 36
      use_flip: True
      use_rot: True
      color: RGB
      phase: train
      scale: 4
      data_type: lmdb
    ]
    val:[
      num_image: 1
      name: Vid4
      mode: test
      data_path: ../dataset/valAGE-Set
      txt_path: ../dataset/sep_vallist.txt
      N_frames: 1
      padding: new_info
      pred_interval: -1
      phase: val
      scale: 4
      data_type: img
    ]
  ]
  network_G:[
    which_model_G:[
      subnet_type: DBNet
    ]
    in_nc: 12
    out_nc: 12
    block_num: [6, 6]
    scale: 4
    init: xavier_group
    block_num_rbm: 8
    block_num_trans: 4
  ]
  path:[
    pretrain_model_G: /workspace/EditGuard-V1/experiments/train_ibsn_bit_64/models/30000_G.pth
    models: /workspace/EditGuard-V1/experiments/train_ibsn_bit_64/models
    strict_load: True
    resume_state: /workspace/EditGuard-V1/experiments/train_ibsn_bit_64/training_state/30000.state
    root: /workspace/EditGuard-V1
    experiments_root: /workspace/EditGuard-V1/experiments/train_ibsn_bit_64
    training_state: /workspace/EditGuard-V1/experiments/train_ibsn_bit_64/training_state
    log: /workspace/EditGuard-V1/experiments/train_ibsn_bit_64
    val_images: /workspace/EditGuard-V1/experiments/train_ibsn_bit_64/val_images
  ]
  train:[
    lr_G: 0.0001
    beta1: 0.9
    beta2: 0.5
    niter: 45000
    warmup_iter: -1
    lr_scheme: MultiStepLR
    lr_steps: [30000, 100000, 250000]
    lr_gamma: 0.5
    pixel_criterion_forw: l2
    pixel_criterion_back: l1
    manual_seed: 10
    val_freq: 500.0
    lambda_fit_forw: 1.0
    lambda_rec_back: 1
    lambda_center: 0
    lambda_msg: 100.0
    progressive: False
    weight_decay_G: 1e-12
    gradient_clipping: 10
  ]
  logger:[
    print_freq: 100
    save_checkpoint_freq: 1000.0
  ]
  is_train: True
  dist: False

25-06-23 15:47:11.168 - INFO: Random seed: 10
2025-06-23 15:47:11,168 - INFO - Random seed: 10
train
25-06-23 15:47:11.176 - INFO: Temporal augmentation interval list: [1], with random reverse is False.
2025-06-23 15:47:11,176 - INFO - Temporal augmentation interval list: [1], with random reverse is False.
25-06-23 15:47:11.187 - INFO: Dataset [CoCoDataset - Vimeo90K] is created.
2025-06-23 15:47:11,187 - INFO - Dataset [CoCoDataset - Vimeo90K] is created.
25-06-23 15:47:11.187 - INFO: Number of train images: 30,000, iters: 7,500
2025-06-23 15:47:11,187 - INFO - Number of train images: 30,000, iters: 7,500
25-06-23 15:47:11.187 - INFO: Total epochs needed: 6 for iters 45,000
2025-06-23 15:47:11,187 - INFO - Total epochs needed: 6 for iters 45,000
test
25-06-23 15:47:11.188 - INFO: Dataset [imageTestDataset - Vid4] is created.
2025-06-23 15:47:11,188 - INFO - Dataset [imageTestDataset - Vid4] is created.
25-06-23 15:47:11.188 - INFO: Number of val images in [Vid4]: 100
2025-06-23 15:47:11,188 - INFO - Number of val images in [Vid4]: 100
SEAttention
SEAttention
SEAttention
SEAttention
SEAttention
SEAttention
SEAttention
SEAttention
SEAttention
SEAttention
SEAttention
SEAttention
25-06-23 15:47:12.344 - INFO: Network G structure: DataParallel - VSN, with parameters: 4,648,796
2025-06-23 15:47:12,344 - INFO - Network G structure: DataParallel - VSN, with parameters: 4,648,796
25-06-23 15:47:12.344 - INFO: VSN(
  (bitencoder): DW_Encoder_2(
    (conv1): DSConvBlock(
      (layers): Sequential(
        (0): DSConvINRelu(
          (dw): Conv2d(3, 3, kernel_size=(3, 3), stride=(1, 1), padding=(1, 1), groups=3, bias=False)
          (dw_norm): InstanceNorm2d(3, eps=1e-05, momentum=0.1, affine=False, track_running_stats=False)
          (dw_act): ReLU(inplace=True)
          (pw): Conv2d(3, 16, kernel_size=(1, 1), stride=(1, 1), bias=False)
          (pw_norm): InstanceNorm2d(16, eps=1e-05, momentum=0.1, affine=False, track_running_stats=False)
          (pw_act): ReLU(inplace=True)
        )
        (1): DSConvINRelu(
          (dw): Conv2d(16, 16, kernel_size=(3, 3), stride=(1, 1), padding=(1, 1), groups=16, bias=False)
          (dw_norm): InstanceNorm2d(16, eps=1e-05, momentum=0.1, affine=False, track_running_stats=False)
          (dw_act): ReLU(inplace=True)
          (pw): Conv2d(16, 16, kernel_size=(1, 1), stride=(1, 1), bias=False)
          (pw_norm): InstanceNorm2d(16, eps=1e-05, momentum=0.1, affine=False, track_running_stats=False)
          (pw_act): ReLU(inplace=True)
        )
      )
    )
    (down1): Down(
      (layer): Sequential(
        (0): DSConvINRelu(
          (dw): Conv2d(16, 16, kernel_size=(3, 3), stride=(2, 2), padding=(1, 1), groups=16, bias=False)
          (dw_norm): InstanceNorm2d(16, eps=1e-05, momentum=0.1, affine=False, track_running_stats=False)
          (dw_act): ReLU(inplace=True)
          (pw): Conv2d(16, 16, kernel_size=(1, 1), stride=(1, 1), bias=False)
          (pw_norm): InstanceNorm2d(16, eps=1e-05, momentum=0.1, affine=False, track_running_stats=False)
          (pw_act): ReLU(inplace=True)
        )
        (1): DSConvBlock(
          (layers): Sequential(
            (0): DSConvINRelu(
              (dw): Conv2d(16, 16, kernel_size=(3, 3), stride=(1, 1), padding=(1, 1), groups=16, bias=False)
              (dw_norm): InstanceNorm2d(16, eps=1e-05, momentum=0.1, affine=False, track_running_stats=False)
              (dw_act): ReLU(inplace=True)
              (pw): Conv2d(16, 32, kernel_size=(1, 1), stride=(1, 1), bias=False)
              (pw_norm): InstanceNorm2d(32, eps=1e-05, momentum=0.1, affine=False, track_running_stats=False)
              (pw_act): ReLU(inplace=True)
            )
            (1): DSConvINRelu(
              (dw): Conv2d(32, 32, kernel_size=(3, 3), stride=(1, 1), padding=(1, 1), groups=32, bias=False)
              (dw_norm): InstanceNorm2d(32, eps=1e-05, momentum=0.1, affine=False, track_running_stats=False)
              (dw_act): ReLU(inplace=True)
              (pw): Conv2d(32, 32, kernel_size=(1, 1), stride=(1, 1), bias=False)
              (pw_norm): InstanceNorm2d(32, eps=1e-05, momentum=0.1, affine=False, track_running_stats=False)
              (pw_act): ReLU(inplace=True)
            )
          )
        )
      )
    )
    (down2): Down(
      (layer): Sequential(
        (0): DSConvINRelu(
          (dw): Conv2d(32, 32, kernel_size=(3, 3), stride=(2, 2), padding=(1, 1), groups=32, bias=False)
          (dw_norm): InstanceNorm2d(32, eps=1e-05, momentum=0.1, affine=False, track_running_stats=False)
          (dw_act): ReLU(inplace=True)
          (pw): Conv2d(32, 32, kernel_size=(1, 1), stride=(1, 1), bias=False)
          (pw_norm): InstanceNorm2d(32, eps=1e-05, momentum=0.1, affine=False, track_running_stats=False)
          (pw_act): ReLU(inplace=True)
        )
        (1): DSConvBlock(
          (layers): Sequential(
            (0): DSConvINRelu(
              (dw): Conv2d(32, 32, kernel_size=(3, 3), stride=(1, 1), padding=(1, 1), groups=32, bias=False)
              (dw_norm): InstanceNorm2d(32, eps=1e-05, momentum=0.1, affine=False, track_running_stats=False)
              (dw_act): ReLU(inplace=True)
              (pw): Conv2d(32, 64, kernel_size=(1, 1), stride=(1, 1), bias=False)
              (pw_norm): InstanceNorm2d(64, eps=1e-05, momentum=0.1, affine=False, track_running_stats=False)
              (pw_act): ReLU(inplace=True)
            )
            (1): DSConvINRelu(
              (dw): Conv2d(64, 64, kernel_size=(3, 3), stride=(1, 1), padding=(1, 1), groups=64, bias=False)
              (dw_norm): InstanceNorm2d(64, eps=1e-05, momentum=0.1, affine=False, track_running_stats=False)
              (dw_act): ReLU(inplace=True)
              (pw): Conv2d(64, 64, kernel_size=(1, 1), stride=(1, 1), bias=False)
              (pw_norm): InstanceNorm2d(64, eps=1e-05, momentum=0.1, affine=False, track_running_stats=False)
              (pw_act): ReLU(inplace=True)
            )
          )
        )
      )
    )
    (down3): Down(
      (layer): Sequential(
        (0): DSConvINRelu(
          (dw): Conv2d(64, 64, kernel_size=(3, 3), stride=(2, 2), padding=(1, 1), groups=64, bias=False)
          (dw_norm): InstanceNorm2d(64, eps=1e-05, momentum=0.1, affine=False, track_running_stats=False)
          (dw_act): ReLU(inplace=True)
          (pw): Conv2d(64, 64, kernel_size=(1, 1), stride=(1, 1), bias=False)
          (pw_norm): InstanceNorm2d(64, eps=1e-05, momentum=0.1, affine=False, track_running_stats=False)
          (pw_act): ReLU(inplace=True)
        )
        (1): DSConvBlock(
          (layers): Sequential(
            (0): DSConvINRelu(
              (dw): Conv2d(64, 64, kernel_size=(3, 3), stride=(1, 1), padding=(1, 1), groups=64, bias=False)
              (dw_norm): InstanceNorm2d(64, eps=1e-05, momentum=0.1, affine=False, track_running_stats=False)
              (dw_act): ReLU(inplace=True)
              (pw): Conv2d(64, 128, kernel_size=(1, 1), stride=(1, 1), bias=False)
              (pw_norm): InstanceNorm2d(128, eps=1e-05, momentum=0.1, affine=False, track_running_stats=False)
              (pw_act): ReLU(inplace=True)
            )
            (1): DSConvINRelu(
              (dw): Conv2d(128, 128, kernel_size=(3, 3), stride=(1, 1), padding=(1, 1), groups=128, bias=False)
              (dw_norm): InstanceNorm2d(128, eps=1e-05, momentum=0.1, affine=False, track_running_stats=False)
              (dw_act): ReLU(inplace=True)
              (pw): Conv2d(128, 128, kernel_size=(1, 1), stride=(1, 1), bias=False)
              (pw_norm): InstanceNorm2d(128, eps=1e-05, momentum=0.1, affine=False, track_running_stats=False)
              (pw_act): ReLU(inplace=True)
            )
          )
        )
      )
    )
    (up2): UP(
      (conv): DSConvBlock(
        (layers): Sequential(
          (0): DSConvINRelu(
            (dw): Conv2d(128, 128, kernel_size=(3, 3), stride=(1, 1), padding=(1, 1), groups=128, bias=False)
            (dw_norm): InstanceNorm2d(128, eps=1e-05, momentum=0.1, affine=False, track_running_stats=False)
            (dw_act): ReLU(inplace=True)
            (pw): Conv2d(128, 64, kernel_size=(1, 1), stride=(1, 1), bias=False)
            (pw_norm): InstanceNorm2d(64, eps=1e-05, momentum=0.1, affine=False, track_running_stats=False)
            (pw_act): ReLU(inplace=True)
          )
        )
      )
    )
    (linear2): Linear(in_features=64, out_features=4096, bias=True)
    (Conv_message2): DSConvBlock(
      (layers): Sequential(
        (0): DSConvINRelu(
          (dw): Conv2d(1, 1, kernel_size=(3, 3), stride=(1, 1), padding=(1, 1), bias=False)
          (dw_norm): InstanceNorm2d(1, eps=1e-05, momentum=0.1, affine=False, track_running_stats=False)
          (dw_act): ReLU(inplace=True)
          (pw): Conv2d(1, 64, kernel_size=(1, 1), stride=(1, 1), bias=False)
          (pw_norm): InstanceNorm2d(64, eps=1e-05, momentum=0.1, affine=False, track_running_stats=False)
          (pw_act): ReLU(inplace=True)
        )
        (1): DSConvINRelu(
          (dw): Conv2d(64, 64, kernel_size=(3, 3), stride=(1, 1), padding=(1, 1), groups=64, bias=False)
          (dw_norm): InstanceNorm2d(64, eps=1e-05, momentum=0.1, affine=False, track_running_stats=False)
          (dw_act): ReLU(inplace=True)
          (pw): Conv2d(64, 64, kernel_size=(1, 1), stride=(1, 1), bias=False)
          (pw_norm): InstanceNorm2d(64, eps=1e-05, momentum=0.1, affine=False, track_running_stats=False)
          (pw_act): ReLU(inplace=True)
        )
      )
    )
    (att2): ResBlock(
      (layers): Sequential(
        (0): BottleneckBlock(
          (change): Sequential(
            (0): Conv2d(192, 64, kernel_size=(1, 1), stride=(1, 1), bias=False)
            (1): InstanceNorm2d(64, eps=1e-05, momentum=0.1, affine=False, track_running_stats=False)
          )
          (left): Sequential(
            (0): Conv2d(192, 64, kernel_size=(1, 1), stride=(1, 1), bias=False)
            (1): InstanceNorm2d(64, eps=1e-05, momentum=0.1, affine=False, track_running_stats=False)
            (2): ReLU(inplace=True)
            (3): Conv2d(64, 64, kernel_size=(3, 3), stride=(1, 1), padding=(1, 1), bias=False)
            (4): InstanceNorm2d(64, eps=1e-05, momentum=0.1, affine=False, track_running_stats=False)
            (5): ReLU(inplace=True)
            (6): Conv2d(64, 64, kernel_size=(1, 1), stride=(1, 1), bias=False)
            (7): InstanceNorm2d(64, eps=1e-05, momentum=0.1, affine=False, track_running_stats=False)
          )
          (attention): SEAttention(
            (se): Sequential(
              (0): AdaptiveAvgPool2d(output_size=(1, 1))
              (1): Conv2d(64, 8, kernel_size=(1, 1), stride=(1, 1), bias=False)
              (2): ReLU(inplace=True)
              (3): Conv2d(8, 64, kernel_size=(1, 1), stride=(1, 1), bias=False)
              (4): Sigmoid()
            )
          )
        )
        (1): BottleneckBlock(
          (left): Sequential(
            (0): Conv2d(64, 64, kernel_size=(1, 1), stride=(1, 1), bias=False)
            (1): InstanceNorm2d(64, eps=1e-05, momentum=0.1, affine=False, track_running_stats=False)
            (2): ReLU(inplace=True)
            (3): Conv2d(64, 64, kernel_size=(3, 3), stride=(1, 1), padding=(1, 1), bias=False)
            (4): InstanceNorm2d(64, eps=1e-05, momentum=0.1, affine=False, track_running_stats=False)
            (5): ReLU(inplace=True)
            (6): Conv2d(64, 64, kernel_size=(1, 1), stride=(1, 1), bias=False)
            (7): InstanceNorm2d(64, eps=1e-05, momentum=0.1, affine=False, track_running_stats=False)
          )
          (attention): SEAttention(
            (se): Sequential(
              (0): AdaptiveAvgPool2d(output_size=(1, 1))
              (1): Conv2d(64, 8, kernel_size=(1, 1), stride=(1, 1), bias=False)
              (2): ReLU(inplace=True)
              (3): Conv2d(8, 64, kernel_size=(1, 1), stride=(1, 1), bias=False)
              (4): Sigmoid()
            )
          )
        )
      )
    )
    (up1): UP(
      (conv): DSConvBlock(
        (layers): Sequential(
          (0): DSConvINRelu(
            (dw): Conv2d(64, 64, kernel_size=(3, 3), stride=(1, 1), padding=(1, 1), groups=64, bias=False)
            (dw_norm): InstanceNorm2d(64, eps=1e-05, momentum=0.1, affine=False, track_running_stats=False)
            (dw_act): ReLU(inplace=True)
            (pw): Conv2d(64, 32, kernel_size=(1, 1), stride=(1, 1), bias=False)
            (pw_norm): InstanceNorm2d(32, eps=1e-05, momentum=0.1, affine=False, track_running_stats=False)
            (pw_act): ReLU(inplace=True)
          )
        )
      )
    )
    (linear1): Linear(in_features=64, out_features=4096, bias=True)
    (Conv_message1): DSConvBlock(
      (layers): Sequential(
        (0): DSConvINRelu(
          (dw): Conv2d(1, 1, kernel_size=(3, 3), stride=(1, 1), padding=(1, 1), bias=False)
          (dw_norm): InstanceNorm2d(1, eps=1e-05, momentum=0.1, affine=False, track_running_stats=False)
          (dw_act): ReLU(inplace=True)
          (pw): Conv2d(1, 64, kernel_size=(1, 1), stride=(1, 1), bias=False)
          (pw_norm): InstanceNorm2d(64, eps=1e-05, momentum=0.1, affine=False, track_running_stats=False)
          (pw_act): ReLU(inplace=True)
        )
        (1): DSConvINRelu(
          (dw): Conv2d(64, 64, kernel_size=(3, 3), stride=(1, 1), padding=(1, 1), groups=64, bias=False)
          (dw_norm): InstanceNorm2d(64, eps=1e-05, momentum=0.1, affine=False, track_running_stats=False)
          (dw_act): ReLU(inplace=True)
          (pw): Conv2d(64, 64, kernel_size=(1, 1), stride=(1, 1), bias=False)
          (pw_norm): InstanceNorm2d(64, eps=1e-05, momentum=0.1, affine=False, track_running_stats=False)
          (pw_act): ReLU(inplace=True)
        )
      )
    )
    (att1): ResBlock(
      (layers): Sequential(
        (0): BottleneckBlock(
          (change): Sequential(
            (0): Conv2d(128, 32, kernel_size=(1, 1), stride=(1, 1), bias=False)
            (1): InstanceNorm2d(32, eps=1e-05, momentum=0.1, affine=False, track_running_stats=False)
          )
          (left): Sequential(
            (0): Conv2d(128, 32, kernel_size=(1, 1), stride=(1, 1), bias=False)
            (1): InstanceNorm2d(32, eps=1e-05, momentum=0.1, affine=False, track_running_stats=False)
            (2): ReLU(inplace=True)
            (3): Conv2d(32, 32, kernel_size=(3, 3), stride=(1, 1), padding=(1, 1), bias=False)
            (4): InstanceNorm2d(32, eps=1e-05, momentum=0.1, affine=False, track_running_stats=False)
            (5): ReLU(inplace=True)
            (6): Conv2d(32, 32, kernel_size=(1, 1), stride=(1, 1), bias=False)
            (7): InstanceNorm2d(32, eps=1e-05, momentum=0.1, affine=False, track_running_stats=False)
          )
          (attention): SEAttention(
            (se): Sequential(
              (0): AdaptiveAvgPool2d(output_size=(1, 1))
              (1): Conv2d(32, 4, kernel_size=(1, 1), stride=(1, 1), bias=False)
              (2): ReLU(inplace=True)
              (3): Conv2d(4, 32, kernel_size=(1, 1), stride=(1, 1), bias=False)
              (4): Sigmoid()
            )
          )
        )
        (1): BottleneckBlock(
          (left): Sequential(
            (0): Conv2d(32, 32, kernel_size=(1, 1), stride=(1, 1), bias=False)
            (1): InstanceNorm2d(32, eps=1e-05, momentum=0.1, affine=False, track_running_stats=False)
            (2): ReLU(inplace=True)
            (3): Conv2d(32, 32, kernel_size=(3, 3), stride=(1, 1), padding=(1, 1), bias=False)
            (4): InstanceNorm2d(32, eps=1e-05, momentum=0.1, affine=False, track_running_stats=False)
            (5): ReLU(inplace=True)
            (6): Conv2d(32, 32, kernel_size=(1, 1), stride=(1, 1), bias=False)
            (7): InstanceNorm2d(32, eps=1e-05, momentum=0.1, affine=False, track_running_stats=False)
          )
          (attention): SEAttention(
            (se): Sequential(
              (0): AdaptiveAvgPool2d(output_size=(1, 1))
              (1): Conv2d(32, 4, kernel_size=(1, 1), stride=(1, 1), bias=False)
              (2): ReLU(inplace=True)
              (3): Conv2d(4, 32, kernel_size=(1, 1), stride=(1, 1), bias=False)
              (4): Sigmoid()
            )
          )
        )
      )
    )
    (up0): UP(
      (conv): DSConvBlock(
        (layers): Sequential(
          (0): DSConvINRelu(
            (dw): Conv2d(32, 32, kernel_size=(3, 3), stride=(1, 1), padding=(1, 1), groups=32, bias=False)
            (dw_norm): InstanceNorm2d(32, eps=1e-05, momentum=0.1, affine=False, track_running_stats=False)
            (dw_act): ReLU(inplace=True)
            (pw): Conv2d(32, 16, kernel_size=(1, 1), stride=(1, 1), bias=False)
            (pw_norm): InstanceNorm2d(16, eps=1e-05, momentum=0.1, affine=False, track_running_stats=False)
            (pw_act): ReLU(inplace=True)
          )
        )
      )
    )
    (linear0): Linear(in_features=64, out_features=4096, bias=True)
    (Conv_message0): DSConvBlock(
      (layers): Sequential(
        (0): DSConvINRelu(
          (dw): Conv2d(1, 1, kernel_size=(3, 3), stride=(1, 1), padding=(1, 1), bias=False)
          (dw_norm): InstanceNorm2d(1, eps=1e-05, momentum=0.1, affine=False, track_running_stats=False)
          (dw_act): ReLU(inplace=True)
          (pw): Conv2d(1, 64, kernel_size=(1, 1), stride=(1, 1), bias=False)
          (pw_norm): InstanceNorm2d(64, eps=1e-05, momentum=0.1, affine=False, track_running_stats=False)
          (pw_act): ReLU(inplace=True)
        )
        (1): DSConvINRelu(
          (dw): Conv2d(64, 64, kernel_size=(3, 3), stride=(1, 1), padding=(1, 1), groups=64, bias=False)
          (dw_norm): InstanceNorm2d(64, eps=1e-05, momentum=0.1, affine=False, track_running_stats=False)
          (dw_act): ReLU(inplace=True)
          (pw): Conv2d(64, 64, kernel_size=(1, 1), stride=(1, 1), bias=False)
          (pw_norm): InstanceNorm2d(64, eps=1e-05, momentum=0.1, affine=False, track_running_stats=False)
          (pw_act): ReLU(inplace=True)
        )
      )
    )
    (att0): ResBlock(
      (layers): Sequential(
        (0): BottleneckBlock(
          (change): Sequential(
            (0): Conv2d(96, 16, kernel_size=(1, 1), stride=(1, 1), bias=False)
            (1): InstanceNorm2d(16, eps=1e-05, momentum=0.1, affine=False, track_running_stats=False)
          )
          (left): Sequential(
            (0): Conv2d(96, 16, kernel_size=(1, 1), stride=(1, 1), bias=False)
            (1): InstanceNorm2d(16, eps=1e-05, momentum=0.1, affine=False, track_running_stats=False)
            (2): ReLU(inplace=True)
            (3): Conv2d(16, 16, kernel_size=(3, 3), stride=(1, 1), padding=(1, 1), bias=False)
            (4): InstanceNorm2d(16, eps=1e-05, momentum=0.1, affine=False, track_running_stats=False)
            (5): ReLU(inplace=True)
            (6): Conv2d(16, 16, kernel_size=(1, 1), stride=(1, 1), bias=False)
            (7): InstanceNorm2d(16, eps=1e-05, momentum=0.1, affine=False, track_running_stats=False)
          )
          (attention): SEAttention(
            (se): Sequential(
              (0): AdaptiveAvgPool2d(output_size=(1, 1))
              (1): Conv2d(16, 2, kernel_size=(1, 1), stride=(1, 1), bias=False)
              (2): ReLU(inplace=True)
              (3): Conv2d(2, 16, kernel_size=(1, 1), stride=(1, 1), bias=False)
              (4): Sigmoid()
            )
          )
        )
        (1): BottleneckBlock(
          (left): Sequential(
            (0): Conv2d(16, 16, kernel_size=(1, 1), stride=(1, 1), bias=False)
            (1): InstanceNorm2d(16, eps=1e-05, momentum=0.1, affine=False, track_running_stats=False)
            (2): ReLU(inplace=True)
            (3): Conv2d(16, 16, kernel_size=(3, 3), stride=(1, 1), padding=(1, 1), bias=False)
            (4): InstanceNorm2d(16, eps=1e-05, momentum=0.1, affine=False, track_running_stats=False)
            (5): ReLU(inplace=True)
            (6): Conv2d(16, 16, kernel_size=(1, 1), stride=(1, 1), bias=False)
            (7): InstanceNorm2d(16, eps=1e-05, momentum=0.1, affine=False, track_running_stats=False)
          )
          (attention): SEAttention(
            (se): Sequential(
              (0): AdaptiveAvgPool2d(output_size=(1, 1))
              (1): Conv2d(16, 2, kernel_size=(1, 1), stride=(1, 1), bias=False)
              (2): ReLU(inplace=True)
              (3): Conv2d(2, 16, kernel_size=(1, 1), stride=(1, 1), bias=False)
              (4): Sigmoid()
            )
          )
        )
      )
    )
    (Conv_1x1): Conv2d(19, 3, kernel_size=(1, 1), stride=(1, 1))
  )
  (bitdecoder): DW_Decoder_2(
    (conv1): DSConvBlock(
      (layers): Sequential(
        (0): DSConvINRelu(
          (dw): Conv2d(3, 3, kernel_size=(3, 3), stride=(1, 1), padding=(1, 1), groups=3, bias=False)
          (dw_norm): InstanceNorm2d(3, eps=1e-05, momentum=0.1, affine=False, track_running_stats=False)
          (dw_act): ReLU(inplace=True)
          (pw): Conv2d(3, 16, kernel_size=(1, 1), stride=(1, 1), bias=False)
          (pw_norm): InstanceNorm2d(16, eps=1e-05, momentum=0.1, affine=False, track_running_stats=False)
          (pw_act): ReLU(inplace=True)
        )
        (1): DSConvINRelu(
          (dw): Conv2d(16, 16, kernel_size=(3, 3), stride=(1, 1), padding=(1, 1), groups=16, bias=False)
          (dw_norm): InstanceNorm2d(16, eps=1e-05, momentum=0.1, affine=False, track_running_stats=False)
          (dw_act): ReLU(inplace=True)
          (pw): Conv2d(16, 16, kernel_size=(1, 1), stride=(1, 1), bias=False)
          (pw_norm): InstanceNorm2d(16, eps=1e-05, momentum=0.1, affine=False, track_running_stats=False)
          (pw_act): ReLU(inplace=True)
        )
      )
    )
    (down1): Down(
      (layer): Sequential(
        (0): DSConvINRelu(
          (dw): Conv2d(16, 16, kernel_size=(3, 3), stride=(2, 2), padding=(1, 1), groups=16, bias=False)
          (dw_norm): InstanceNorm2d(16, eps=1e-05, momentum=0.1, affine=False, track_running_stats=False)
          (dw_act): ReLU(inplace=True)
          (pw): Conv2d(16, 16, kernel_size=(1, 1), stride=(1, 1), bias=False)
          (pw_norm): InstanceNorm2d(16, eps=1e-05, momentum=0.1, affine=False, track_running_stats=False)
          (pw_act): ReLU(inplace=True)
        )
        (1): DSConvBlock(
          (layers): Sequential(
            (0): DSConvINRelu(
              (dw): Conv2d(16, 16, kernel_size=(3, 3), stride=(1, 1), padding=(1, 1), groups=16, bias=False)
              (dw_norm): InstanceNorm2d(16, eps=1e-05, momentum=0.1, affine=False, track_running_stats=False)
              (dw_act): ReLU(inplace=True)
              (pw): Conv2d(16, 32, kernel_size=(1, 1), stride=(1, 1), bias=False)
              (pw_norm): InstanceNorm2d(32, eps=1e-05, momentum=0.1, affine=False, track_running_stats=False)
              (pw_act): ReLU(inplace=True)
            )
            (1): DSConvINRelu(
              (dw): Conv2d(32, 32, kernel_size=(3, 3), stride=(1, 1), padding=(1, 1), groups=32, bias=False)
              (dw_norm): InstanceNorm2d(32, eps=1e-05, momentum=0.1, affine=False, track_running_stats=False)
              (dw_act): ReLU(inplace=True)
              (pw): Conv2d(32, 32, kernel_size=(1, 1), stride=(1, 1), bias=False)
              (pw_norm): InstanceNorm2d(32, eps=1e-05, momentum=0.1, affine=False, track_running_stats=False)
              (pw_act): ReLU(inplace=True)
            )
          )
        )
      )
    )
    (down2): Down(
      (layer): Sequential(
        (0): DSConvINRelu(
          (dw): Conv2d(32, 32, kernel_size=(3, 3), stride=(2, 2), padding=(1, 1), groups=32, bias=False)
          (dw_norm): InstanceNorm2d(32, eps=1e-05, momentum=0.1, affine=False, track_running_stats=False)
          (dw_act): ReLU(inplace=True)
          (pw): Conv2d(32, 32, kernel_size=(1, 1), stride=(1, 1), bias=False)
          (pw_norm): InstanceNorm2d(32, eps=1e-05, momentum=0.1, affine=False, track_running_stats=False)
          (pw_act): ReLU(inplace=True)
        )
        (1): DSConvBlock(
          (layers): Sequential(
            (0): DSConvINRelu(
              (dw): Conv2d(32, 32, kernel_size=(3, 3), stride=(1, 1), padding=(1, 1), groups=32, bias=False)
              (dw_norm): InstanceNorm2d(32, eps=1e-05, momentum=0.1, affine=False, track_running_stats=False)
              (dw_act): ReLU(inplace=True)
              (pw): Conv2d(32, 64, kernel_size=(1, 1), stride=(1, 1), bias=False)
              (pw_norm): InstanceNorm2d(64, eps=1e-05, momentum=0.1, affine=False, track_running_stats=False)
              (pw_act): ReLU(inplace=True)
            )
            (1): DSConvINRelu(
              (dw): Conv2d(64, 64, kernel_size=(3, 3), stride=(1, 1), padding=(1, 1), groups=64, bias=False)
              (dw_norm): InstanceNorm2d(64, eps=1e-05, momentum=0.1, affine=False, track_running_stats=False)
              (dw_act): ReLU(inplace=True)
              (pw): Conv2d(64, 64, kernel_size=(1, 1), stride=(1, 1), bias=False)
              (pw_norm): InstanceNorm2d(64, eps=1e-05, momentum=0.1, affine=False, track_running_stats=False)
              (pw_act): ReLU(inplace=True)
            )
          )
        )
      )
    )
    (down3): Down(
      (layer): Sequential(
        (0): DSConvINRelu(
          (dw): Conv2d(64, 64, kernel_size=(3, 3), stride=(2, 2), padding=(1, 1), groups=64, bias=False)
          (dw_norm): InstanceNorm2d(64, eps=1e-05, momentum=0.1, affine=False, track_running_stats=False)
          (dw_act): ReLU(inplace=True)
          (pw): Conv2d(64, 64, kernel_size=(1, 1), stride=(1, 1), bias=False)
          (pw_norm): InstanceNorm2d(64, eps=1e-05, momentum=0.1, affine=False, track_running_stats=False)
          (pw_act): ReLU(inplace=True)
        )
        (1): DSConvBlock(
          (layers): Sequential(
            (0): DSConvINRelu(
              (dw): Conv2d(64, 64, kernel_size=(3, 3), stride=(1, 1), padding=(1, 1), groups=64, bias=False)
              (dw_norm): InstanceNorm2d(64, eps=1e-05, momentum=0.1, affine=False, track_running_stats=False)
              (dw_act): ReLU(inplace=True)
              (pw): Conv2d(64, 128, kernel_size=(1, 1), stride=(1, 1), bias=False)
              (pw_norm): InstanceNorm2d(128, eps=1e-05, momentum=0.1, affine=False, track_running_stats=False)
              (pw_act): ReLU(inplace=True)
            )
            (1): DSConvINRelu(
              (dw): Conv2d(128, 128, kernel_size=(3, 3), stride=(1, 1), padding=(1, 1), groups=128, bias=False)
              (dw_norm): InstanceNorm2d(128, eps=1e-05, momentum=0.1, affine=False, track_running_stats=False)
              (dw_act): ReLU(inplace=True)
              (pw): Conv2d(128, 128, kernel_size=(1, 1), stride=(1, 1), bias=False)
              (pw_norm): InstanceNorm2d(128, eps=1e-05, momentum=0.1, affine=False, track_running_stats=False)
              (pw_act): ReLU(inplace=True)
            )
          )
        )
      )
    )
    (up2): UP(
      (conv): DSConvBlock(
        (layers): Sequential(
          (0): DSConvINRelu(
            (dw): Conv2d(128, 128, kernel_size=(3, 3), stride=(1, 1), padding=(1, 1), groups=128, bias=False)
            (dw_norm): InstanceNorm2d(128, eps=1e-05, momentum=0.1, affine=False, track_running_stats=False)
            (dw_act): ReLU(inplace=True)
            (pw): Conv2d(128, 64, kernel_size=(1, 1), stride=(1, 1), bias=False)
            (pw_norm): InstanceNorm2d(64, eps=1e-05, momentum=0.1, affine=False, track_running_stats=False)
            (pw_act): ReLU(inplace=True)
          )
        )
      )
    )
    (att2): ResBlock(
      (layers): Sequential(
        (0): BottleneckBlock(
          (change): Sequential(
            (0): Conv2d(128, 64, kernel_size=(1, 1), stride=(1, 1), bias=False)
            (1): InstanceNorm2d(64, eps=1e-05, momentum=0.1, affine=False, track_running_stats=False)
          )
          (left): Sequential(
            (0): Conv2d(128, 64, kernel_size=(1, 1), stride=(1, 1), bias=False)
            (1): InstanceNorm2d(64, eps=1e-05, momentum=0.1, affine=False, track_running_stats=False)
            (2): ReLU(inplace=True)
            (3): Conv2d(64, 64, kernel_size=(3, 3), stride=(1, 1), padding=(1, 1), bias=False)
            (4): InstanceNorm2d(64, eps=1e-05, momentum=0.1, affine=False, track_running_stats=False)
            (5): ReLU(inplace=True)
            (6): Conv2d(64, 64, kernel_size=(1, 1), stride=(1, 1), bias=False)
            (7): InstanceNorm2d(64, eps=1e-05, momentum=0.1, affine=False, track_running_stats=False)
          )
          (attention): SEAttention(
            (se): Sequential(
              (0): AdaptiveAvgPool2d(output_size=(1, 1))
              (1): Conv2d(64, 8, kernel_size=(1, 1), stride=(1, 1), bias=False)
              (2): ReLU(inplace=True)
              (3): Conv2d(8, 64, kernel_size=(1, 1), stride=(1, 1), bias=False)
              (4): Sigmoid()
            )
          )
        )
        (1): BottleneckBlock(
          (left): Sequential(
            (0): Conv2d(64, 64, kernel_size=(1, 1), stride=(1, 1), bias=False)
            (1): InstanceNorm2d(64, eps=1e-05, momentum=0.1, affine=False, track_running_stats=False)
            (2): ReLU(inplace=True)
            (3): Conv2d(64, 64, kernel_size=(3, 3), stride=(1, 1), padding=(1, 1), bias=False)
            (4): InstanceNorm2d(64, eps=1e-05, momentum=0.1, affine=False, track_running_stats=False)
            (5): ReLU(inplace=True)
            (6): Conv2d(64, 64, kernel_size=(1, 1), stride=(1, 1), bias=False)
            (7): InstanceNorm2d(64, eps=1e-05, momentum=0.1, affine=False, track_running_stats=False)
          )
          (attention): SEAttention(
            (se): Sequential(
              (0): AdaptiveAvgPool2d(output_size=(1, 1))
              (1): Conv2d(64, 8, kernel_size=(1, 1), stride=(1, 1), bias=False)
              (2): ReLU(inplace=True)
              (3): Conv2d(8, 64, kernel_size=(1, 1), stride=(1, 1), bias=False)
              (4): Sigmoid()
            )
          )
        )
      )
    )
    (up1): UP(
      (conv): DSConvBlock(
        (layers): Sequential(
          (0): DSConvINRelu(
            (dw): Conv2d(64, 64, kernel_size=(3, 3), stride=(1, 1), padding=(1, 1), groups=64, bias=False)
            (dw_norm): InstanceNorm2d(64, eps=1e-05, momentum=0.1, affine=False, track_running_stats=False)
            (dw_act): ReLU(inplace=True)
            (pw): Conv2d(64, 32, kernel_size=(1, 1), stride=(1, 1), bias=False)
            (pw_norm): InstanceNorm2d(32, eps=1e-05, momentum=0.1, affine=False, track_running_stats=False)
            (pw_act): ReLU(inplace=True)
          )
        )
      )
    )
    (att1): ResBlock(
      (layers): Sequential(
        (0): BottleneckBlock(
          (change): Sequential(
            (0): Conv2d(64, 32, kernel_size=(1, 1), stride=(1, 1), bias=False)
            (1): InstanceNorm2d(32, eps=1e-05, momentum=0.1, affine=False, track_running_stats=False)
          )
          (left): Sequential(
            (0): Conv2d(64, 32, kernel_size=(1, 1), stride=(1, 1), bias=False)
            (1): InstanceNorm2d(32, eps=1e-05, momentum=0.1, affine=False, track_running_stats=False)
            (2): ReLU(inplace=True)
            (3): Conv2d(32, 32, kernel_size=(3, 3), stride=(1, 1), padding=(1, 1), bias=False)
            (4): InstanceNorm2d(32, eps=1e-05, momentum=0.1, affine=False, track_running_stats=False)
            (5): ReLU(inplace=True)
            (6): Conv2d(32, 32, kernel_size=(1, 1), stride=(1, 1), bias=False)
            (7): InstanceNorm2d(32, eps=1e-05, momentum=0.1, affine=False, track_running_stats=False)
          )
          (attention): SEAttention(
            (se): Sequential(
              (0): AdaptiveAvgPool2d(output_size=(1, 1))
              (1): Conv2d(32, 4, kernel_size=(1, 1), stride=(1, 1), bias=False)
              (2): ReLU(inplace=True)
              (3): Conv2d(4, 32, kernel_size=(1, 1), stride=(1, 1), bias=False)
              (4): Sigmoid()
            )
          )
        )
        (1): BottleneckBlock(
          (left): Sequential(
            (0): Conv2d(32, 32, kernel_size=(1, 1), stride=(1, 1), bias=False)
            (1): InstanceNorm2d(32, eps=1e-05, momentum=0.1, affine=False, track_running_stats=False)
            (2): ReLU(inplace=True)
            (3): Conv2d(32, 32, kernel_size=(3, 3), stride=(1, 1), padding=(1, 1), bias=False)
            (4): InstanceNorm2d(32, eps=1e-05, momentum=0.1, affine=False, track_running_stats=False)
            (5): ReLU(inplace=True)
            (6): Conv2d(32, 32, kernel_size=(1, 1), stride=(1, 1), bias=False)
            (7): InstanceNorm2d(32, eps=1e-05, momentum=0.1, affine=False, track_running_stats=False)
          )
          (attention): SEAttention(
            (se): Sequential(
              (0): AdaptiveAvgPool2d(output_size=(1, 1))
              (1): Conv2d(32, 4, kernel_size=(1, 1), stride=(1, 1), bias=False)
              (2): ReLU(inplace=True)
              (3): Conv2d(4, 32, kernel_size=(1, 1), stride=(1, 1), bias=False)
              (4): Sigmoid()
            )
          )
        )
      )
    )
    (up0): UP(
      (conv): DSConvBlock(
        (layers): Sequential(
          (0): DSConvINRelu(
            (dw): Conv2d(32, 32, kernel_size=(3, 3), stride=(1, 1), padding=(1, 1), groups=32, bias=False)
            (dw_norm): InstanceNorm2d(32, eps=1e-05, momentum=0.1, affine=False, track_running_stats=False)
            (dw_act): ReLU(inplace=True)
            (pw): Conv2d(32, 16, kernel_size=(1, 1), stride=(1, 1), bias=False)
            (pw_norm): InstanceNorm2d(16, eps=1e-05, momentum=0.1, affine=False, track_running_stats=False)
            (pw_act): ReLU(inplace=True)
          )
        )
      )
    )
    (att0): ResBlock(
      (layers): Sequential(
        (0): BottleneckBlock(
          (change): Sequential(
            (0): Conv2d(32, 16, kernel_size=(1, 1), stride=(1, 1), bias=False)
            (1): InstanceNorm2d(16, eps=1e-05, momentum=0.1, affine=False, track_running_stats=False)
          )
          (left): Sequential(
            (0): Conv2d(32, 16, kernel_size=(1, 1), stride=(1, 1), bias=False)
            (1): InstanceNorm2d(16, eps=1e-05, momentum=0.1, affine=False, track_running_stats=False)
            (2): ReLU(inplace=True)
            (3): Conv2d(16, 16, kernel_size=(3, 3), stride=(1, 1), padding=(1, 1), bias=False)
            (4): InstanceNorm2d(16, eps=1e-05, momentum=0.1, affine=False, track_running_stats=False)
            (5): ReLU(inplace=True)
            (6): Conv2d(16, 16, kernel_size=(1, 1), stride=(1, 1), bias=False)
            (7): InstanceNorm2d(16, eps=1e-05, momentum=0.1, affine=False, track_running_stats=False)
          )
          (attention): SEAttention(
            (se): Sequential(
              (0): AdaptiveAvgPool2d(output_size=(1, 1))
              (1): Conv2d(16, 2, kernel_size=(1, 1), stride=(1, 1), bias=False)
              (2): ReLU(inplace=True)
              (3): Conv2d(2, 16, kernel_size=(1, 1), stride=(1, 1), bias=False)
              (4): Sigmoid()
            )
          )
        )
        (1): BottleneckBlock(
          (left): Sequential(
            (0): Conv2d(16, 16, kernel_size=(1, 1), stride=(1, 1), bias=False)
            (1): InstanceNorm2d(16, eps=1e-05, momentum=0.1, affine=False, track_running_stats=False)
            (2): ReLU(inplace=True)
            (3): Conv2d(16, 16, kernel_size=(3, 3), stride=(1, 1), padding=(1, 1), bias=False)
            (4): InstanceNorm2d(16, eps=1e-05, momentum=0.1, affine=False, track_running_stats=False)
            (5): ReLU(inplace=True)
            (6): Conv2d(16, 16, kernel_size=(1, 1), stride=(1, 1), bias=False)
            (7): InstanceNorm2d(16, eps=1e-05, momentum=0.1, affine=False, track_running_stats=False)
          )
          (attention): SEAttention(
            (se): Sequential(
              (0): AdaptiveAvgPool2d(output_size=(1, 1))
              (1): Conv2d(16, 2, kernel_size=(1, 1), stride=(1, 1), bias=False)
              (2): ReLU(inplace=True)
              (3): Conv2d(2, 16, kernel_size=(1, 1), stride=(1, 1), bias=False)
              (4): Sigmoid()
            )
          )
        )
      )
    )
    (Conv_1x1): Conv2d(16, 1, kernel_size=(1, 1), stride=(1, 1), bias=False)
    (message_layer): Linear(in_features=4096, out_features=64, bias=True)
  )
  (irn): InvNN(
    (operations): ModuleList(
      (0-11): 12 x InvBlock(
        (F): DenseBlock(
          (conv1): Conv2d(12, 32, kernel_size=(3, 3), stride=(1, 1), padding=(1, 1))
          (conv2): Conv2d(44, 32, kernel_size=(3, 3), stride=(1, 1), padding=(1, 1))
          (conv3): Conv2d(76, 32, kernel_size=(3, 3), stride=(1, 1), padding=(1, 1))
          (conv4): Conv2d(108, 32, kernel_size=(3, 3), stride=(1, 1), padding=(1, 1))
          (conv5): Conv2d(140, 12, kernel_size=(3, 3), stride=(1, 1), padding=(1, 1))
          (lrelu): LeakyReLU(negative_slope=0.2, inplace=True)
        )
        (NF): NAFBlock(
          (conv1): Conv2d(12, 24, kernel_size=(1, 1), stride=(1, 1))
          (conv2): Conv2d(24, 24, kernel_size=(3, 3), stride=(1, 1), padding=(1, 1), groups=24)
          (conv3): Conv2d(12, 12, kernel_size=(1, 1), stride=(1, 1))
          (sca): Sequential(
            (0): AdaptiveAvgPool2d(output_size=1)
            (1): Conv2d(12, 12, kernel_size=(1, 1), stride=(1, 1))
          )
          (sg): SimpleGate()
          (conv4): Conv2d(12, 24, kernel_size=(1, 1), stride=(1, 1))
          (conv5): Conv2d(12, 12, kernel_size=(1, 1), stride=(1, 1))
          (norm1): LayerNorm2d()
          (norm2): LayerNorm2d()
          (dropout1): Identity()
          (dropout2): Identity()
        )
        (G): DenseBlock(
          (conv1): Conv2d(12, 32, kernel_size=(3, 3), stride=(1, 1), padding=(1, 1))
          (conv2): Conv2d(44, 32, kernel_size=(3, 3), stride=(1, 1), padding=(1, 1))
          (conv3): Conv2d(76, 32, kernel_size=(3, 3), stride=(1, 1), padding=(1, 1))
          (conv4): Conv2d(108, 32, kernel_size=(3, 3), stride=(1, 1), padding=(1, 1))
          (conv5): Conv2d(140, 12, kernel_size=(3, 3), stride=(1, 1), padding=(1, 1))
          (lrelu): LeakyReLU(negative_slope=0.2, inplace=True)
        )
        (NG): NAFBlock(
          (conv1): Conv2d(12, 24, kernel_size=(1, 1), stride=(1, 1))
          (conv2): Conv2d(24, 24, kernel_size=(3, 3), stride=(1, 1), padding=(1, 1), groups=24)
          (conv3): Conv2d(12, 12, kernel_size=(1, 1), stride=(1, 1))
          (sca): Sequential(
            (0): AdaptiveAvgPool2d(output_size=1)
            (1): Conv2d(12, 12, kernel_size=(1, 1), stride=(1, 1))
          )
          (sg): SimpleGate()
          (conv4): Conv2d(12, 24, kernel_size=(1, 1), stride=(1, 1))
          (conv5): Conv2d(12, 12, kernel_size=(1, 1), stride=(1, 1))
          (norm1): LayerNorm2d()
          (norm2): LayerNorm2d()
          (dropout1): Identity()
          (dropout2): Identity()
        )
        (H): DenseBlock(
          (conv1): Conv2d(12, 32, kernel_size=(3, 3), stride=(1, 1), padding=(1, 1))
          (conv2): Conv2d(44, 32, kernel_size=(3, 3), stride=(1, 1), padding=(1, 1))
          (conv3): Conv2d(76, 32, kernel_size=(3, 3), stride=(1, 1), padding=(1, 1))
          (conv4): Conv2d(108, 32, kernel_size=(3, 3), stride=(1, 1), padding=(1, 1))
          (conv5): Conv2d(140, 12, kernel_size=(3, 3), stride=(1, 1), padding=(1, 1))
          (lrelu): LeakyReLU(negative_slope=0.2, inplace=True)
        )
        (NH): NAFBlock(
          (conv1): Conv2d(12, 24, kernel_size=(1, 1), stride=(1, 1))
          (conv2): Conv2d(24, 24, kernel_size=(3, 3), stride=(1, 1), padding=(1, 1), groups=24)
          (conv3): Conv2d(12, 12, kernel_size=(1, 1), stride=(1, 1))
          (sca): Sequential(
            (0): AdaptiveAvgPool2d(output_size=1)
            (1): Conv2d(12, 12, kernel_size=(1, 1), stride=(1, 1))
          )
          (sg): SimpleGate()
          (conv4): Conv2d(12, 24, kernel_size=(1, 1), stride=(1, 1))
          (conv5): Conv2d(12, 12, kernel_size=(1, 1), stride=(1, 1))
          (norm1): LayerNorm2d()
          (norm2): LayerNorm2d()
          (dropout1): Identity()
          (dropout2): Identity()
        )
      )
    )
  )
  (pm): PredictiveModuleMIMO_prompt(
    (conv_in): Conv2d(12, 12, kernel_size=(3, 3), stride=(1, 1), padding=(1, 1))
    (res_block): Sequential(
      (0): ResidualBlockNoBN(
        (conv1): Conv2d(12, 12, kernel_size=(3, 3), stride=(1, 1), padding=(1, 1))
        (conv2): Conv2d(12, 12, kernel_size=(3, 3), stride=(1, 1), padding=(1, 1))
        (relu): LeakyReLU(negative_slope=0.2, inplace=True)
      )
      (1): ResidualBlockNoBN(
        (conv1): Conv2d(12, 12, kernel_size=(3, 3), stride=(1, 1), padding=(1, 1))
        (conv2): Conv2d(12, 12, kernel_size=(3, 3), stride=(1, 1), padding=(1, 1))
        (relu): LeakyReLU(negative_slope=0.2, inplace=True)
      )
      (2): ResidualBlockNoBN(
        (conv1): Conv2d(12, 12, kernel_size=(3, 3), stride=(1, 1), padding=(1, 1))
        (conv2): Conv2d(12, 12, kernel_size=(3, 3), stride=(1, 1), padding=(1, 1))
        (relu): LeakyReLU(negative_slope=0.2, inplace=True)
      )
      (3): ResidualBlockNoBN(
        (conv1): Conv2d(12, 12, kernel_size=(3, 3), stride=(1, 1), padding=(1, 1))
        (conv2): Conv2d(12, 12, kernel_size=(3, 3), stride=(1, 1), padding=(1, 1))
        (relu): LeakyReLU(negative_slope=0.2, inplace=True)
      )
      (4): ResidualBlockNoBN(
        (conv1): Conv2d(12, 12, kernel_size=(3, 3), stride=(1, 1), padding=(1, 1))
        (conv2): Conv2d(12, 12, kernel_size=(3, 3), stride=(1, 1), padding=(1, 1))
        (relu): LeakyReLU(negative_slope=0.2, inplace=True)
      )
      (5): ResidualBlockNoBN(
        (conv1): Conv2d(12, 12, kernel_size=(3, 3), stride=(1, 1), padding=(1, 1))
        (conv2): Conv2d(12, 12, kernel_size=(3, 3), stride=(1, 1), padding=(1, 1))
        (relu): LeakyReLU(negative_slope=0.2, inplace=True)
      )
      (6): ResidualBlockNoBN(
        (conv1): Conv2d(12, 12, kernel_size=(3, 3), stride=(1, 1), padding=(1, 1))
        (conv2): Conv2d(12, 12, kernel_size=(3, 3), stride=(1, 1), padding=(1, 1))
        (relu): LeakyReLU(negative_slope=0.2, inplace=True)
      )
      (7): ResidualBlockNoBN(
        (conv1): Conv2d(12, 12, kernel_size=(3, 3), stride=(1, 1), padding=(1, 1))
        (conv2): Conv2d(12, 12, kernel_size=(3, 3), stride=(1, 1), padding=(1, 1))
        (relu): LeakyReLU(negative_slope=0.2, inplace=True)
      )
    )
    (transformer_block): Sequential(
      (0): TransformerBlock(
        (norm1): LayerNorm(
          (body): WithBias_LayerNorm()
        )
        (attn): Attention(
          (qkv): Conv2d(12, 36, kernel_size=(1, 1), stride=(1, 1), bias=False)
          (qkv_dwconv): Conv2d(36, 36, kernel_size=(3, 3), stride=(1, 1), padding=(1, 1), groups=36, bias=False)
          (project_out): Conv2d(12, 12, kernel_size=(1, 1), stride=(1, 1), bias=False)
        )
        (norm2): LayerNorm(
          (body): WithBias_LayerNorm()
        )
        (ffn): FeedForward(
          (project_in): Conv2d(12, 96, kernel_size=(1, 1), stride=(1, 1), bias=False)
          (dwconv): Conv2d(96, 96, kernel_size=(3, 3), stride=(1, 1), padding=(1, 1), groups=96, bias=False)
          (project_out): Conv2d(48, 12, kernel_size=(1, 1), stride=(1, 1), bias=False)
        )
      )
      (1): TransformerBlock(
        (norm1): LayerNorm(
          (body): WithBias_LayerNorm()
        )
        (attn): Attention(
          (qkv): Conv2d(12, 36, kernel_size=(1, 1), stride=(1, 1), bias=False)
          (qkv_dwconv): Conv2d(36, 36, kernel_size=(3, 3), stride=(1, 1), padding=(1, 1), groups=36, bias=False)
          (project_out): Conv2d(12, 12, kernel_size=(1, 1), stride=(1, 1), bias=False)
        )
        (norm2): LayerNorm(
          (body): WithBias_LayerNorm()
        )
        (ffn): FeedForward(
          (project_in): Conv2d(12, 96, kernel_size=(1, 1), stride=(1, 1), bias=False)
          (dwconv): Conv2d(96, 96, kernel_size=(3, 3), stride=(1, 1), padding=(1, 1), groups=96, bias=False)
          (project_out): Conv2d(48, 12, kernel_size=(1, 1), stride=(1, 1), bias=False)
        )
      )
      (2): TransformerBlock(
        (norm1): LayerNorm(
          (body): WithBias_LayerNorm()
        )
        (attn): Attention(
          (qkv): Conv2d(12, 36, kernel_size=(1, 1), stride=(1, 1), bias=False)
          (qkv_dwconv): Conv2d(36, 36, kernel_size=(3, 3), stride=(1, 1), padding=(1, 1), groups=36, bias=False)
          (project_out): Conv2d(12, 12, kernel_size=(1, 1), stride=(1, 1), bias=False)
        )
        (norm2): LayerNorm(
          (body): WithBias_LayerNorm()
        )
        (ffn): FeedForward(
          (project_in): Conv2d(12, 96, kernel_size=(1, 1), stride=(1, 1), bias=False)
          (dwconv): Conv2d(96, 96, kernel_size=(3, 3), stride=(1, 1), padding=(1, 1), groups=96, bias=False)
          (project_out): Conv2d(48, 12, kernel_size=(1, 1), stride=(1, 1), bias=False)
        )
      )
      (3): TransformerBlock(
        (norm1): LayerNorm(
          (body): WithBias_LayerNorm()
        )
        (attn): Attention(
          (qkv): Conv2d(12, 36, kernel_size=(1, 1), stride=(1, 1), bias=False)
          (qkv_dwconv): Conv2d(36, 36, kernel_size=(3, 3), stride=(1, 1), padding=(1, 1), groups=36, bias=False)
          (project_out): Conv2d(12, 12, kernel_size=(1, 1), stride=(1, 1), bias=False)
        )
        (norm2): LayerNorm(
          (body): WithBias_LayerNorm()
        )
        (ffn): FeedForward(
          (project_in): Conv2d(12, 96, kernel_size=(1, 1), stride=(1, 1), bias=False)
          (dwconv): Conv2d(96, 96, kernel_size=(3, 3), stride=(1, 1), padding=(1, 1), groups=96, bias=False)
          (project_out): Conv2d(48, 12, kernel_size=(1, 1), stride=(1, 1), bias=False)
        )
      )
    )
    (prompt): PromptGenBlock(
      (linear_layer): Linear(in_features=12, out_features=3, bias=True)
      (conv3x3): Conv2d(12, 12, kernel_size=(3, 3), stride=(1, 1), padding=(1, 1), bias=False)
    )
    (fuse): Conv2d(24, 12, kernel_size=(3, 3), stride=(1, 1), padding=(1, 1))
  )
)
2025-06-23 15:47:12,344 - INFO - VSN(
  (bitencoder): DW_Encoder_2(
    (conv1): DSConvBlock(
      (layers): Sequential(
        (0): DSConvINRelu(
          (dw): Conv2d(3, 3, kernel_size=(3, 3), stride=(1, 1), padding=(1, 1), groups=3, bias=False)
          (dw_norm): InstanceNorm2d(3, eps=1e-05, momentum=0.1, affine=False, track_running_stats=False)
          (dw_act): ReLU(inplace=True)
          (pw): Conv2d(3, 16, kernel_size=(1, 1), stride=(1, 1), bias=False)
          (pw_norm): InstanceNorm2d(16, eps=1e-05, momentum=0.1, affine=False, track_running_stats=False)
          (pw_act): ReLU(inplace=True)
        )
        (1): DSConvINRelu(
          (dw): Conv2d(16, 16, kernel_size=(3, 3), stride=(1, 1), padding=(1, 1), groups=16, bias=False)
          (dw_norm): InstanceNorm2d(16, eps=1e-05, momentum=0.1, affine=False, track_running_stats=False)
          (dw_act): ReLU(inplace=True)
          (pw): Conv2d(16, 16, kernel_size=(1, 1), stride=(1, 1), bias=False)
          (pw_norm): InstanceNorm2d(16, eps=1e-05, momentum=0.1, affine=False, track_running_stats=False)
          (pw_act): ReLU(inplace=True)
        )
      )
    )
    (down1): Down(
      (layer): Sequential(
        (0): DSConvINRelu(
          (dw): Conv2d(16, 16, kernel_size=(3, 3), stride=(2, 2), padding=(1, 1), groups=16, bias=False)
          (dw_norm): InstanceNorm2d(16, eps=1e-05, momentum=0.1, affine=False, track_running_stats=False)
          (dw_act): ReLU(inplace=True)
          (pw): Conv2d(16, 16, kernel_size=(1, 1), stride=(1, 1), bias=False)
          (pw_norm): InstanceNorm2d(16, eps=1e-05, momentum=0.1, affine=False, track_running_stats=False)
          (pw_act): ReLU(inplace=True)
        )
        (1): DSConvBlock(
          (layers): Sequential(
            (0): DSConvINRelu(
              (dw): Conv2d(16, 16, kernel_size=(3, 3), stride=(1, 1), padding=(1, 1), groups=16, bias=False)
              (dw_norm): InstanceNorm2d(16, eps=1e-05, momentum=0.1, affine=False, track_running_stats=False)
              (dw_act): ReLU(inplace=True)
              (pw): Conv2d(16, 32, kernel_size=(1, 1), stride=(1, 1), bias=False)
              (pw_norm): InstanceNorm2d(32, eps=1e-05, momentum=0.1, affine=False, track_running_stats=False)
              (pw_act): ReLU(inplace=True)
            )
            (1): DSConvINRelu(
              (dw): Conv2d(32, 32, kernel_size=(3, 3), stride=(1, 1), padding=(1, 1), groups=32, bias=False)
              (dw_norm): InstanceNorm2d(32, eps=1e-05, momentum=0.1, affine=False, track_running_stats=False)
              (dw_act): ReLU(inplace=True)
              (pw): Conv2d(32, 32, kernel_size=(1, 1), stride=(1, 1), bias=False)
              (pw_norm): InstanceNorm2d(32, eps=1e-05, momentum=0.1, affine=False, track_running_stats=False)
              (pw_act): ReLU(inplace=True)
            )
          )
        )
      )
    )
    (down2): Down(
      (layer): Sequential(
        (0): DSConvINRelu(
          (dw): Conv2d(32, 32, kernel_size=(3, 3), stride=(2, 2), padding=(1, 1), groups=32, bias=False)
          (dw_norm): InstanceNorm2d(32, eps=1e-05, momentum=0.1, affine=False, track_running_stats=False)
          (dw_act): ReLU(inplace=True)
          (pw): Conv2d(32, 32, kernel_size=(1, 1), stride=(1, 1), bias=False)
          (pw_norm): InstanceNorm2d(32, eps=1e-05, momentum=0.1, affine=False, track_running_stats=False)
          (pw_act): ReLU(inplace=True)
        )
        (1): DSConvBlock(
          (layers): Sequential(
            (0): DSConvINRelu(
              (dw): Conv2d(32, 32, kernel_size=(3, 3), stride=(1, 1), padding=(1, 1), groups=32, bias=False)
              (dw_norm): InstanceNorm2d(32, eps=1e-05, momentum=0.1, affine=False, track_running_stats=False)
              (dw_act): ReLU(inplace=True)
              (pw): Conv2d(32, 64, kernel_size=(1, 1), stride=(1, 1), bias=False)
              (pw_norm): InstanceNorm2d(64, eps=1e-05, momentum=0.1, affine=False, track_running_stats=False)
              (pw_act): ReLU(inplace=True)
            )
            (1): DSConvINRelu(
              (dw): Conv2d(64, 64, kernel_size=(3, 3), stride=(1, 1), padding=(1, 1), groups=64, bias=False)
              (dw_norm): InstanceNorm2d(64, eps=1e-05, momentum=0.1, affine=False, track_running_stats=False)
              (dw_act): ReLU(inplace=True)
              (pw): Conv2d(64, 64, kernel_size=(1, 1), stride=(1, 1), bias=False)
              (pw_norm): InstanceNorm2d(64, eps=1e-05, momentum=0.1, affine=False, track_running_stats=False)
              (pw_act): ReLU(inplace=True)
            )
          )
        )
      )
    )
    (down3): Down(
      (layer): Sequential(
        (0): DSConvINRelu(
          (dw): Conv2d(64, 64, kernel_size=(3, 3), stride=(2, 2), padding=(1, 1), groups=64, bias=False)
          (dw_norm): InstanceNorm2d(64, eps=1e-05, momentum=0.1, affine=False, track_running_stats=False)
          (dw_act): ReLU(inplace=True)
          (pw): Conv2d(64, 64, kernel_size=(1, 1), stride=(1, 1), bias=False)
          (pw_norm): InstanceNorm2d(64, eps=1e-05, momentum=0.1, affine=False, track_running_stats=False)
          (pw_act): ReLU(inplace=True)
        )
        (1): DSConvBlock(
          (layers): Sequential(
            (0): DSConvINRelu(
              (dw): Conv2d(64, 64, kernel_size=(3, 3), stride=(1, 1), padding=(1, 1), groups=64, bias=False)
              (dw_norm): InstanceNorm2d(64, eps=1e-05, momentum=0.1, affine=False, track_running_stats=False)
              (dw_act): ReLU(inplace=True)
              (pw): Conv2d(64, 128, kernel_size=(1, 1), stride=(1, 1), bias=False)
              (pw_norm): InstanceNorm2d(128, eps=1e-05, momentum=0.1, affine=False, track_running_stats=False)
              (pw_act): ReLU(inplace=True)
            )
            (1): DSConvINRelu(
              (dw): Conv2d(128, 128, kernel_size=(3, 3), stride=(1, 1), padding=(1, 1), groups=128, bias=False)
              (dw_norm): InstanceNorm2d(128, eps=1e-05, momentum=0.1, affine=False, track_running_stats=False)
              (dw_act): ReLU(inplace=True)
              (pw): Conv2d(128, 128, kernel_size=(1, 1), stride=(1, 1), bias=False)
              (pw_norm): InstanceNorm2d(128, eps=1e-05, momentum=0.1, affine=False, track_running_stats=False)
              (pw_act): ReLU(inplace=True)
            )
          )
        )
      )
    )
    (up2): UP(
      (conv): DSConvBlock(
        (layers): Sequential(
          (0): DSConvINRelu(
            (dw): Conv2d(128, 128, kernel_size=(3, 3), stride=(1, 1), padding=(1, 1), groups=128, bias=False)
            (dw_norm): InstanceNorm2d(128, eps=1e-05, momentum=0.1, affine=False, track_running_stats=False)
            (dw_act): ReLU(inplace=True)
            (pw): Conv2d(128, 64, kernel_size=(1, 1), stride=(1, 1), bias=False)
            (pw_norm): InstanceNorm2d(64, eps=1e-05, momentum=0.1, affine=False, track_running_stats=False)
            (pw_act): ReLU(inplace=True)
          )
        )
      )
    )
    (linear2): Linear(in_features=64, out_features=4096, bias=True)
    (Conv_message2): DSConvBlock(
      (layers): Sequential(
        (0): DSConvINRelu(
          (dw): Conv2d(1, 1, kernel_size=(3, 3), stride=(1, 1), padding=(1, 1), bias=False)
          (dw_norm): InstanceNorm2d(1, eps=1e-05, momentum=0.1, affine=False, track_running_stats=False)
          (dw_act): ReLU(inplace=True)
          (pw): Conv2d(1, 64, kernel_size=(1, 1), stride=(1, 1), bias=False)
          (pw_norm): InstanceNorm2d(64, eps=1e-05, momentum=0.1, affine=False, track_running_stats=False)
          (pw_act): ReLU(inplace=True)
        )
        (1): DSConvINRelu(
          (dw): Conv2d(64, 64, kernel_size=(3, 3), stride=(1, 1), padding=(1, 1), groups=64, bias=False)
          (dw_norm): InstanceNorm2d(64, eps=1e-05, momentum=0.1, affine=False, track_running_stats=False)
          (dw_act): ReLU(inplace=True)
          (pw): Conv2d(64, 64, kernel_size=(1, 1), stride=(1, 1), bias=False)
          (pw_norm): InstanceNorm2d(64, eps=1e-05, momentum=0.1, affine=False, track_running_stats=False)
          (pw_act): ReLU(inplace=True)
        )
      )
    )
    (att2): ResBlock(
      (layers): Sequential(
        (0): BottleneckBlock(
          (change): Sequential(
            (0): Conv2d(192, 64, kernel_size=(1, 1), stride=(1, 1), bias=False)
            (1): InstanceNorm2d(64, eps=1e-05, momentum=0.1, affine=False, track_running_stats=False)
          )
          (left): Sequential(
            (0): Conv2d(192, 64, kernel_size=(1, 1), stride=(1, 1), bias=False)
            (1): InstanceNorm2d(64, eps=1e-05, momentum=0.1, affine=False, track_running_stats=False)
            (2): ReLU(inplace=True)
            (3): Conv2d(64, 64, kernel_size=(3, 3), stride=(1, 1), padding=(1, 1), bias=False)
            (4): InstanceNorm2d(64, eps=1e-05, momentum=0.1, affine=False, track_running_stats=False)
            (5): ReLU(inplace=True)
            (6): Conv2d(64, 64, kernel_size=(1, 1), stride=(1, 1), bias=False)
            (7): InstanceNorm2d(64, eps=1e-05, momentum=0.1, affine=False, track_running_stats=False)
          )
          (attention): SEAttention(
            (se): Sequential(
              (0): AdaptiveAvgPool2d(output_size=(1, 1))
              (1): Conv2d(64, 8, kernel_size=(1, 1), stride=(1, 1), bias=False)
              (2): ReLU(inplace=True)
              (3): Conv2d(8, 64, kernel_size=(1, 1), stride=(1, 1), bias=False)
              (4): Sigmoid()
            )
          )
        )
        (1): BottleneckBlock(
          (left): Sequential(
            (0): Conv2d(64, 64, kernel_size=(1, 1), stride=(1, 1), bias=False)
            (1): InstanceNorm2d(64, eps=1e-05, momentum=0.1, affine=False, track_running_stats=False)
            (2): ReLU(inplace=True)
            (3): Conv2d(64, 64, kernel_size=(3, 3), stride=(1, 1), padding=(1, 1), bias=False)
            (4): InstanceNorm2d(64, eps=1e-05, momentum=0.1, affine=False, track_running_stats=False)
            (5): ReLU(inplace=True)
            (6): Conv2d(64, 64, kernel_size=(1, 1), stride=(1, 1), bias=False)
            (7): InstanceNorm2d(64, eps=1e-05, momentum=0.1, affine=False, track_running_stats=False)
          )
          (attention): SEAttention(
            (se): Sequential(
              (0): AdaptiveAvgPool2d(output_size=(1, 1))
              (1): Conv2d(64, 8, kernel_size=(1, 1), stride=(1, 1), bias=False)
              (2): ReLU(inplace=True)
              (3): Conv2d(8, 64, kernel_size=(1, 1), stride=(1, 1), bias=False)
              (4): Sigmoid()
            )
          )
        )
      )
    )
    (up1): UP(
      (conv): DSConvBlock(
        (layers): Sequential(
          (0): DSConvINRelu(
            (dw): Conv2d(64, 64, kernel_size=(3, 3), stride=(1, 1), padding=(1, 1), groups=64, bias=False)
            (dw_norm): InstanceNorm2d(64, eps=1e-05, momentum=0.1, affine=False, track_running_stats=False)
            (dw_act): ReLU(inplace=True)
            (pw): Conv2d(64, 32, kernel_size=(1, 1), stride=(1, 1), bias=False)
            (pw_norm): InstanceNorm2d(32, eps=1e-05, momentum=0.1, affine=False, track_running_stats=False)
            (pw_act): ReLU(inplace=True)
          )
        )
      )
    )
    (linear1): Linear(in_features=64, out_features=4096, bias=True)
    (Conv_message1): DSConvBlock(
      (layers): Sequential(
        (0): DSConvINRelu(
          (dw): Conv2d(1, 1, kernel_size=(3, 3), stride=(1, 1), padding=(1, 1), bias=False)
          (dw_norm): InstanceNorm2d(1, eps=1e-05, momentum=0.1, affine=False, track_running_stats=False)
          (dw_act): ReLU(inplace=True)
          (pw): Conv2d(1, 64, kernel_size=(1, 1), stride=(1, 1), bias=False)
          (pw_norm): InstanceNorm2d(64, eps=1e-05, momentum=0.1, affine=False, track_running_stats=False)
          (pw_act): ReLU(inplace=True)
        )
        (1): DSConvINRelu(
          (dw): Conv2d(64, 64, kernel_size=(3, 3), stride=(1, 1), padding=(1, 1), groups=64, bias=False)
          (dw_norm): InstanceNorm2d(64, eps=1e-05, momentum=0.1, affine=False, track_running_stats=False)
          (dw_act): ReLU(inplace=True)
          (pw): Conv2d(64, 64, kernel_size=(1, 1), stride=(1, 1), bias=False)
          (pw_norm): InstanceNorm2d(64, eps=1e-05, momentum=0.1, affine=False, track_running_stats=False)
          (pw_act): ReLU(inplace=True)
        )
      )
    )
    (att1): ResBlock(
      (layers): Sequential(
        (0): BottleneckBlock(
          (change): Sequential(
            (0): Conv2d(128, 32, kernel_size=(1, 1), stride=(1, 1), bias=False)
            (1): InstanceNorm2d(32, eps=1e-05, momentum=0.1, affine=False, track_running_stats=False)
          )
          (left): Sequential(
            (0): Conv2d(128, 32, kernel_size=(1, 1), stride=(1, 1), bias=False)
            (1): InstanceNorm2d(32, eps=1e-05, momentum=0.1, affine=False, track_running_stats=False)
            (2): ReLU(inplace=True)
            (3): Conv2d(32, 32, kernel_size=(3, 3), stride=(1, 1), padding=(1, 1), bias=False)
            (4): InstanceNorm2d(32, eps=1e-05, momentum=0.1, affine=False, track_running_stats=False)
            (5): ReLU(inplace=True)
            (6): Conv2d(32, 32, kernel_size=(1, 1), stride=(1, 1), bias=False)
            (7): InstanceNorm2d(32, eps=1e-05, momentum=0.1, affine=False, track_running_stats=False)
          )
          (attention): SEAttention(
            (se): Sequential(
              (0): AdaptiveAvgPool2d(output_size=(1, 1))
              (1): Conv2d(32, 4, kernel_size=(1, 1), stride=(1, 1), bias=False)
              (2): ReLU(inplace=True)
              (3): Conv2d(4, 32, kernel_size=(1, 1), stride=(1, 1), bias=False)
              (4): Sigmoid()
            )
          )
        )
        (1): BottleneckBlock(
          (left): Sequential(
            (0): Conv2d(32, 32, kernel_size=(1, 1), stride=(1, 1), bias=False)
            (1): InstanceNorm2d(32, eps=1e-05, momentum=0.1, affine=False, track_running_stats=False)
            (2): ReLU(inplace=True)
            (3): Conv2d(32, 32, kernel_size=(3, 3), stride=(1, 1), padding=(1, 1), bias=False)
            (4): InstanceNorm2d(32, eps=1e-05, momentum=0.1, affine=False, track_running_stats=False)
            (5): ReLU(inplace=True)
            (6): Conv2d(32, 32, kernel_size=(1, 1), stride=(1, 1), bias=False)
            (7): InstanceNorm2d(32, eps=1e-05, momentum=0.1, affine=False, track_running_stats=False)
          )
          (attention): SEAttention(
            (se): Sequential(
              (0): AdaptiveAvgPool2d(output_size=(1, 1))
              (1): Conv2d(32, 4, kernel_size=(1, 1), stride=(1, 1), bias=False)
              (2): ReLU(inplace=True)
              (3): Conv2d(4, 32, kernel_size=(1, 1), stride=(1, 1), bias=False)
              (4): Sigmoid()
            )
          )
        )
      )
    )
    (up0): UP(
      (conv): DSConvBlock(
        (layers): Sequential(
          (0): DSConvINRelu(
            (dw): Conv2d(32, 32, kernel_size=(3, 3), stride=(1, 1), padding=(1, 1), groups=32, bias=False)
            (dw_norm): InstanceNorm2d(32, eps=1e-05, momentum=0.1, affine=False, track_running_stats=False)
            (dw_act): ReLU(inplace=True)
            (pw): Conv2d(32, 16, kernel_size=(1, 1), stride=(1, 1), bias=False)
            (pw_norm): InstanceNorm2d(16, eps=1e-05, momentum=0.1, affine=False, track_running_stats=False)
            (pw_act): ReLU(inplace=True)
          )
        )
      )
    )
    (linear0): Linear(in_features=64, out_features=4096, bias=True)
    (Conv_message0): DSConvBlock(
      (layers): Sequential(
        (0): DSConvINRelu(
          (dw): Conv2d(1, 1, kernel_size=(3, 3), stride=(1, 1), padding=(1, 1), bias=False)
          (dw_norm): InstanceNorm2d(1, eps=1e-05, momentum=0.1, affine=False, track_running_stats=False)
          (dw_act): ReLU(inplace=True)
          (pw): Conv2d(1, 64, kernel_size=(1, 1), stride=(1, 1), bias=False)
          (pw_norm): InstanceNorm2d(64, eps=1e-05, momentum=0.1, affine=False, track_running_stats=False)
          (pw_act): ReLU(inplace=True)
        )
        (1): DSConvINRelu(
          (dw): Conv2d(64, 64, kernel_size=(3, 3), stride=(1, 1), padding=(1, 1), groups=64, bias=False)
          (dw_norm): InstanceNorm2d(64, eps=1e-05, momentum=0.1, affine=False, track_running_stats=False)
          (dw_act): ReLU(inplace=True)
          (pw): Conv2d(64, 64, kernel_size=(1, 1), stride=(1, 1), bias=False)
          (pw_norm): InstanceNorm2d(64, eps=1e-05, momentum=0.1, affine=False, track_running_stats=False)
          (pw_act): ReLU(inplace=True)
        )
      )
    )
    (att0): ResBlock(
      (layers): Sequential(
        (0): BottleneckBlock(
          (change): Sequential(
            (0): Conv2d(96, 16, kernel_size=(1, 1), stride=(1, 1), bias=False)
            (1): InstanceNorm2d(16, eps=1e-05, momentum=0.1, affine=False, track_running_stats=False)
          )
          (left): Sequential(
            (0): Conv2d(96, 16, kernel_size=(1, 1), stride=(1, 1), bias=False)
            (1): InstanceNorm2d(16, eps=1e-05, momentum=0.1, affine=False, track_running_stats=False)
            (2): ReLU(inplace=True)
            (3): Conv2d(16, 16, kernel_size=(3, 3), stride=(1, 1), padding=(1, 1), bias=False)
            (4): InstanceNorm2d(16, eps=1e-05, momentum=0.1, affine=False, track_running_stats=False)
            (5): ReLU(inplace=True)
            (6): Conv2d(16, 16, kernel_size=(1, 1), stride=(1, 1), bias=False)
            (7): InstanceNorm2d(16, eps=1e-05, momentum=0.1, affine=False, track_running_stats=False)
          )
          (attention): SEAttention(
            (se): Sequential(
              (0): AdaptiveAvgPool2d(output_size=(1, 1))
              (1): Conv2d(16, 2, kernel_size=(1, 1), stride=(1, 1), bias=False)
              (2): ReLU(inplace=True)
              (3): Conv2d(2, 16, kernel_size=(1, 1), stride=(1, 1), bias=False)
              (4): Sigmoid()
            )
          )
        )
        (1): BottleneckBlock(
          (left): Sequential(
            (0): Conv2d(16, 16, kernel_size=(1, 1), stride=(1, 1), bias=False)
            (1): InstanceNorm2d(16, eps=1e-05, momentum=0.1, affine=False, track_running_stats=False)
            (2): ReLU(inplace=True)
            (3): Conv2d(16, 16, kernel_size=(3, 3), stride=(1, 1), padding=(1, 1), bias=False)
            (4): InstanceNorm2d(16, eps=1e-05, momentum=0.1, affine=False, track_running_stats=False)
            (5): ReLU(inplace=True)
            (6): Conv2d(16, 16, kernel_size=(1, 1), stride=(1, 1), bias=False)
            (7): InstanceNorm2d(16, eps=1e-05, momentum=0.1, affine=False, track_running_stats=False)
          )
          (attention): SEAttention(
            (se): Sequential(
              (0): AdaptiveAvgPool2d(output_size=(1, 1))
              (1): Conv2d(16, 2, kernel_size=(1, 1), stride=(1, 1), bias=False)
              (2): ReLU(inplace=True)
              (3): Conv2d(2, 16, kernel_size=(1, 1), stride=(1, 1), bias=False)
              (4): Sigmoid()
            )
          )
        )
      )
    )
    (Conv_1x1): Conv2d(19, 3, kernel_size=(1, 1), stride=(1, 1))
  )
  (bitdecoder): DW_Decoder_2(
    (conv1): DSConvBlock(
      (layers): Sequential(
        (0): DSConvINRelu(
          (dw): Conv2d(3, 3, kernel_size=(3, 3), stride=(1, 1), padding=(1, 1), groups=3, bias=False)
          (dw_norm): InstanceNorm2d(3, eps=1e-05, momentum=0.1, affine=False, track_running_stats=False)
          (dw_act): ReLU(inplace=True)
          (pw): Conv2d(3, 16, kernel_size=(1, 1), stride=(1, 1), bias=False)
          (pw_norm): InstanceNorm2d(16, eps=1e-05, momentum=0.1, affine=False, track_running_stats=False)
          (pw_act): ReLU(inplace=True)
        )
        (1): DSConvINRelu(
          (dw): Conv2d(16, 16, kernel_size=(3, 3), stride=(1, 1), padding=(1, 1), groups=16, bias=False)
          (dw_norm): InstanceNorm2d(16, eps=1e-05, momentum=0.1, affine=False, track_running_stats=False)
          (dw_act): ReLU(inplace=True)
          (pw): Conv2d(16, 16, kernel_size=(1, 1), stride=(1, 1), bias=False)
          (pw_norm): InstanceNorm2d(16, eps=1e-05, momentum=0.1, affine=False, track_running_stats=False)
          (pw_act): ReLU(inplace=True)
        )
      )
    )
    (down1): Down(
      (layer): Sequential(
        (0): DSConvINRelu(
          (dw): Conv2d(16, 16, kernel_size=(3, 3), stride=(2, 2), padding=(1, 1), groups=16, bias=False)
          (dw_norm): InstanceNorm2d(16, eps=1e-05, momentum=0.1, affine=False, track_running_stats=False)
          (dw_act): ReLU(inplace=True)
          (pw): Conv2d(16, 16, kernel_size=(1, 1), stride=(1, 1), bias=False)
          (pw_norm): InstanceNorm2d(16, eps=1e-05, momentum=0.1, affine=False, track_running_stats=False)
          (pw_act): ReLU(inplace=True)
        )
        (1): DSConvBlock(
          (layers): Sequential(
            (0): DSConvINRelu(
              (dw): Conv2d(16, 16, kernel_size=(3, 3), stride=(1, 1), padding=(1, 1), groups=16, bias=False)
              (dw_norm): InstanceNorm2d(16, eps=1e-05, momentum=0.1, affine=False, track_running_stats=False)
              (dw_act): ReLU(inplace=True)
              (pw): Conv2d(16, 32, kernel_size=(1, 1), stride=(1, 1), bias=False)
              (pw_norm): InstanceNorm2d(32, eps=1e-05, momentum=0.1, affine=False, track_running_stats=False)
              (pw_act): ReLU(inplace=True)
            )
            (1): DSConvINRelu(
              (dw): Conv2d(32, 32, kernel_size=(3, 3), stride=(1, 1), padding=(1, 1), groups=32, bias=False)
              (dw_norm): InstanceNorm2d(32, eps=1e-05, momentum=0.1, affine=False, track_running_stats=False)
              (dw_act): ReLU(inplace=True)
              (pw): Conv2d(32, 32, kernel_size=(1, 1), stride=(1, 1), bias=False)
              (pw_norm): InstanceNorm2d(32, eps=1e-05, momentum=0.1, affine=False, track_running_stats=False)
              (pw_act): ReLU(inplace=True)
            )
          )
        )
      )
    )
    (down2): Down(
      (layer): Sequential(
        (0): DSConvINRelu(
          (dw): Conv2d(32, 32, kernel_size=(3, 3), stride=(2, 2), padding=(1, 1), groups=32, bias=False)
          (dw_norm): InstanceNorm2d(32, eps=1e-05, momentum=0.1, affine=False, track_running_stats=False)
          (dw_act): ReLU(inplace=True)
          (pw): Conv2d(32, 32, kernel_size=(1, 1), stride=(1, 1), bias=False)
          (pw_norm): InstanceNorm2d(32, eps=1e-05, momentum=0.1, affine=False, track_running_stats=False)
          (pw_act): ReLU(inplace=True)
        )
        (1): DSConvBlock(
          (layers): Sequential(
            (0): DSConvINRelu(
              (dw): Conv2d(32, 32, kernel_size=(3, 3), stride=(1, 1), padding=(1, 1), groups=32, bias=False)
              (dw_norm): InstanceNorm2d(32, eps=1e-05, momentum=0.1, affine=False, track_running_stats=False)
              (dw_act): ReLU(inplace=True)
              (pw): Conv2d(32, 64, kernel_size=(1, 1), stride=(1, 1), bias=False)
              (pw_norm): InstanceNorm2d(64, eps=1e-05, momentum=0.1, affine=False, track_running_stats=False)
              (pw_act): ReLU(inplace=True)
            )
            (1): DSConvINRelu(
              (dw): Conv2d(64, 64, kernel_size=(3, 3), stride=(1, 1), padding=(1, 1), groups=64, bias=False)
              (dw_norm): InstanceNorm2d(64, eps=1e-05, momentum=0.1, affine=False, track_running_stats=False)
              (dw_act): ReLU(inplace=True)
              (pw): Conv2d(64, 64, kernel_size=(1, 1), stride=(1, 1), bias=False)
              (pw_norm): InstanceNorm2d(64, eps=1e-05, momentum=0.1, affine=False, track_running_stats=False)
              (pw_act): ReLU(inplace=True)
            )
          )
        )
      )
    )
    (down3): Down(
      (layer): Sequential(
        (0): DSConvINRelu(
          (dw): Conv2d(64, 64, kernel_size=(3, 3), stride=(2, 2), padding=(1, 1), groups=64, bias=False)
          (dw_norm): InstanceNorm2d(64, eps=1e-05, momentum=0.1, affine=False, track_running_stats=False)
          (dw_act): ReLU(inplace=True)
          (pw): Conv2d(64, 64, kernel_size=(1, 1), stride=(1, 1), bias=False)
          (pw_norm): InstanceNorm2d(64, eps=1e-05, momentum=0.1, affine=False, track_running_stats=False)
          (pw_act): ReLU(inplace=True)
        )
        (1): DSConvBlock(
          (layers): Sequential(
            (0): DSConvINRelu(
              (dw): Conv2d(64, 64, kernel_size=(3, 3), stride=(1, 1), padding=(1, 1), groups=64, bias=False)
              (dw_norm): InstanceNorm2d(64, eps=1e-05, momentum=0.1, affine=False, track_running_stats=False)
              (dw_act): ReLU(inplace=True)
              (pw): Conv2d(64, 128, kernel_size=(1, 1), stride=(1, 1), bias=False)
              (pw_norm): InstanceNorm2d(128, eps=1e-05, momentum=0.1, affine=False, track_running_stats=False)
              (pw_act): ReLU(inplace=True)
            )
            (1): DSConvINRelu(
              (dw): Conv2d(128, 128, kernel_size=(3, 3), stride=(1, 1), padding=(1, 1), groups=128, bias=False)
              (dw_norm): InstanceNorm2d(128, eps=1e-05, momentum=0.1, affine=False, track_running_stats=False)
              (dw_act): ReLU(inplace=True)
              (pw): Conv2d(128, 128, kernel_size=(1, 1), stride=(1, 1), bias=False)
              (pw_norm): InstanceNorm2d(128, eps=1e-05, momentum=0.1, affine=False, track_running_stats=False)
              (pw_act): ReLU(inplace=True)
            )
          )
        )
      )
    )
    (up2): UP(
      (conv): DSConvBlock(
        (layers): Sequential(
          (0): DSConvINRelu(
            (dw): Conv2d(128, 128, kernel_size=(3, 3), stride=(1, 1), padding=(1, 1), groups=128, bias=False)
            (dw_norm): InstanceNorm2d(128, eps=1e-05, momentum=0.1, affine=False, track_running_stats=False)
            (dw_act): ReLU(inplace=True)
            (pw): Conv2d(128, 64, kernel_size=(1, 1), stride=(1, 1), bias=False)
            (pw_norm): InstanceNorm2d(64, eps=1e-05, momentum=0.1, affine=False, track_running_stats=False)
            (pw_act): ReLU(inplace=True)
          )
        )
      )
    )
    (att2): ResBlock(
      (layers): Sequential(
        (0): BottleneckBlock(
          (change): Sequential(
            (0): Conv2d(128, 64, kernel_size=(1, 1), stride=(1, 1), bias=False)
            (1): InstanceNorm2d(64, eps=1e-05, momentum=0.1, affine=False, track_running_stats=False)
          )
          (left): Sequential(
            (0): Conv2d(128, 64, kernel_size=(1, 1), stride=(1, 1), bias=False)
            (1): InstanceNorm2d(64, eps=1e-05, momentum=0.1, affine=False, track_running_stats=False)
            (2): ReLU(inplace=True)
            (3): Conv2d(64, 64, kernel_size=(3, 3), stride=(1, 1), padding=(1, 1), bias=False)
            (4): InstanceNorm2d(64, eps=1e-05, momentum=0.1, affine=False, track_running_stats=False)
            (5): ReLU(inplace=True)
            (6): Conv2d(64, 64, kernel_size=(1, 1), stride=(1, 1), bias=False)
            (7): InstanceNorm2d(64, eps=1e-05, momentum=0.1, affine=False, track_running_stats=False)
          )
          (attention): SEAttention(
            (se): Sequential(
              (0): AdaptiveAvgPool2d(output_size=(1, 1))
              (1): Conv2d(64, 8, kernel_size=(1, 1), stride=(1, 1), bias=False)
              (2): ReLU(inplace=True)
              (3): Conv2d(8, 64, kernel_size=(1, 1), stride=(1, 1), bias=False)
              (4): Sigmoid()
            )
          )
        )
        (1): BottleneckBlock(
          (left): Sequential(
            (0): Conv2d(64, 64, kernel_size=(1, 1), stride=(1, 1), bias=False)
            (1): InstanceNorm2d(64, eps=1e-05, momentum=0.1, affine=False, track_running_stats=False)
            (2): ReLU(inplace=True)
            (3): Conv2d(64, 64, kernel_size=(3, 3), stride=(1, 1), padding=(1, 1), bias=False)
            (4): InstanceNorm2d(64, eps=1e-05, momentum=0.1, affine=False, track_running_stats=False)
            (5): ReLU(inplace=True)
            (6): Conv2d(64, 64, kernel_size=(1, 1), stride=(1, 1), bias=False)
            (7): InstanceNorm2d(64, eps=1e-05, momentum=0.1, affine=False, track_running_stats=False)
          )
          (attention): SEAttention(
            (se): Sequential(
              (0): AdaptiveAvgPool2d(output_size=(1, 1))
              (1): Conv2d(64, 8, kernel_size=(1, 1), stride=(1, 1), bias=False)
              (2): ReLU(inplace=True)
              (3): Conv2d(8, 64, kernel_size=(1, 1), stride=(1, 1), bias=False)
              (4): Sigmoid()
            )
          )
        )
      )
    )
    (up1): UP(
      (conv): DSConvBlock(
        (layers): Sequential(
          (0): DSConvINRelu(
            (dw): Conv2d(64, 64, kernel_size=(3, 3), stride=(1, 1), padding=(1, 1), groups=64, bias=False)
            (dw_norm): InstanceNorm2d(64, eps=1e-05, momentum=0.1, affine=False, track_running_stats=False)
            (dw_act): ReLU(inplace=True)
            (pw): Conv2d(64, 32, kernel_size=(1, 1), stride=(1, 1), bias=False)
            (pw_norm): InstanceNorm2d(32, eps=1e-05, momentum=0.1, affine=False, track_running_stats=False)
            (pw_act): ReLU(inplace=True)
          )
        )
      )
    )
    (att1): ResBlock(
      (layers): Sequential(
        (0): BottleneckBlock(
          (change): Sequential(
            (0): Conv2d(64, 32, kernel_size=(1, 1), stride=(1, 1), bias=False)
            (1): InstanceNorm2d(32, eps=1e-05, momentum=0.1, affine=False, track_running_stats=False)
          )
          (left): Sequential(
            (0): Conv2d(64, 32, kernel_size=(1, 1), stride=(1, 1), bias=False)
            (1): InstanceNorm2d(32, eps=1e-05, momentum=0.1, affine=False, track_running_stats=False)
            (2): ReLU(inplace=True)
            (3): Conv2d(32, 32, kernel_size=(3, 3), stride=(1, 1), padding=(1, 1), bias=False)
            (4): InstanceNorm2d(32, eps=1e-05, momentum=0.1, affine=False, track_running_stats=False)
            (5): ReLU(inplace=True)
            (6): Conv2d(32, 32, kernel_size=(1, 1), stride=(1, 1), bias=False)
            (7): InstanceNorm2d(32, eps=1e-05, momentum=0.1, affine=False, track_running_stats=False)
          )
          (attention): SEAttention(
            (se): Sequential(
              (0): AdaptiveAvgPool2d(output_size=(1, 1))
              (1): Conv2d(32, 4, kernel_size=(1, 1), stride=(1, 1), bias=False)
              (2): ReLU(inplace=True)
              (3): Conv2d(4, 32, kernel_size=(1, 1), stride=(1, 1), bias=False)
              (4): Sigmoid()
            )
          )
        )
        (1): BottleneckBlock(
          (left): Sequential(
            (0): Conv2d(32, 32, kernel_size=(1, 1), stride=(1, 1), bias=False)
            (1): InstanceNorm2d(32, eps=1e-05, momentum=0.1, affine=False, track_running_stats=False)
            (2): ReLU(inplace=True)
            (3): Conv2d(32, 32, kernel_size=(3, 3), stride=(1, 1), padding=(1, 1), bias=False)
            (4): InstanceNorm2d(32, eps=1e-05, momentum=0.1, affine=False, track_running_stats=False)
            (5): ReLU(inplace=True)
            (6): Conv2d(32, 32, kernel_size=(1, 1), stride=(1, 1), bias=False)
            (7): InstanceNorm2d(32, eps=1e-05, momentum=0.1, affine=False, track_running_stats=False)
          )
          (attention): SEAttention(
            (se): Sequential(
              (0): AdaptiveAvgPool2d(output_size=(1, 1))
              (1): Conv2d(32, 4, kernel_size=(1, 1), stride=(1, 1), bias=False)
              (2): ReLU(inplace=True)
              (3): Conv2d(4, 32, kernel_size=(1, 1), stride=(1, 1), bias=False)
              (4): Sigmoid()
            )
          )
        )
      )
    )
    (up0): UP(
      (conv): DSConvBlock(
        (layers): Sequential(
          (0): DSConvINRelu(
            (dw): Conv2d(32, 32, kernel_size=(3, 3), stride=(1, 1), padding=(1, 1), groups=32, bias=False)
            (dw_norm): InstanceNorm2d(32, eps=1e-05, momentum=0.1, affine=False, track_running_stats=False)
            (dw_act): ReLU(inplace=True)
            (pw): Conv2d(32, 16, kernel_size=(1, 1), stride=(1, 1), bias=False)
            (pw_norm): InstanceNorm2d(16, eps=1e-05, momentum=0.1, affine=False, track_running_stats=False)
            (pw_act): ReLU(inplace=True)
          )
        )
      )
    )
    (att0): ResBlock(
      (layers): Sequential(
        (0): BottleneckBlock(
          (change): Sequential(
            (0): Conv2d(32, 16, kernel_size=(1, 1), stride=(1, 1), bias=False)
            (1): InstanceNorm2d(16, eps=1e-05, momentum=0.1, affine=False, track_running_stats=False)
          )
          (left): Sequential(
            (0): Conv2d(32, 16, kernel_size=(1, 1), stride=(1, 1), bias=False)
            (1): InstanceNorm2d(16, eps=1e-05, momentum=0.1, affine=False, track_running_stats=False)
            (2): ReLU(inplace=True)
            (3): Conv2d(16, 16, kernel_size=(3, 3), stride=(1, 1), padding=(1, 1), bias=False)
            (4): InstanceNorm2d(16, eps=1e-05, momentum=0.1, affine=False, track_running_stats=False)
            (5): ReLU(inplace=True)
            (6): Conv2d(16, 16, kernel_size=(1, 1), stride=(1, 1), bias=False)
            (7): InstanceNorm2d(16, eps=1e-05, momentum=0.1, affine=False, track_running_stats=False)
          )
          (attention): SEAttention(
            (se): Sequential(
              (0): AdaptiveAvgPool2d(output_size=(1, 1))
              (1): Conv2d(16, 2, kernel_size=(1, 1), stride=(1, 1), bias=False)
              (2): ReLU(inplace=True)
              (3): Conv2d(2, 16, kernel_size=(1, 1), stride=(1, 1), bias=False)
              (4): Sigmoid()
            )
          )
        )
        (1): BottleneckBlock(
          (left): Sequential(
            (0): Conv2d(16, 16, kernel_size=(1, 1), stride=(1, 1), bias=False)
            (1): InstanceNorm2d(16, eps=1e-05, momentum=0.1, affine=False, track_running_stats=False)
            (2): ReLU(inplace=True)
            (3): Conv2d(16, 16, kernel_size=(3, 3), stride=(1, 1), padding=(1, 1), bias=False)
            (4): InstanceNorm2d(16, eps=1e-05, momentum=0.1, affine=False, track_running_stats=False)
            (5): ReLU(inplace=True)
            (6): Conv2d(16, 16, kernel_size=(1, 1), stride=(1, 1), bias=False)
            (7): InstanceNorm2d(16, eps=1e-05, momentum=0.1, affine=False, track_running_stats=False)
          )
          (attention): SEAttention(
            (se): Sequential(
              (0): AdaptiveAvgPool2d(output_size=(1, 1))
              (1): Conv2d(16, 2, kernel_size=(1, 1), stride=(1, 1), bias=False)
              (2): ReLU(inplace=True)
              (3): Conv2d(2, 16, kernel_size=(1, 1), stride=(1, 1), bias=False)
              (4): Sigmoid()
            )
          )
        )
      )
    )
    (Conv_1x1): Conv2d(16, 1, kernel_size=(1, 1), stride=(1, 1), bias=False)
    (message_layer): Linear(in_features=4096, out_features=64, bias=True)
  )
  (irn): InvNN(
    (operations): ModuleList(
      (0-11): 12 x InvBlock(
        (F): DenseBlock(
          (conv1): Conv2d(12, 32, kernel_size=(3, 3), stride=(1, 1), padding=(1, 1))
          (conv2): Conv2d(44, 32, kernel_size=(3, 3), stride=(1, 1), padding=(1, 1))
          (conv3): Conv2d(76, 32, kernel_size=(3, 3), stride=(1, 1), padding=(1, 1))
          (conv4): Conv2d(108, 32, kernel_size=(3, 3), stride=(1, 1), padding=(1, 1))
          (conv5): Conv2d(140, 12, kernel_size=(3, 3), stride=(1, 1), padding=(1, 1))
          (lrelu): LeakyReLU(negative_slope=0.2, inplace=True)
        )
        (NF): NAFBlock(
          (conv1): Conv2d(12, 24, kernel_size=(1, 1), stride=(1, 1))
          (conv2): Conv2d(24, 24, kernel_size=(3, 3), stride=(1, 1), padding=(1, 1), groups=24)
          (conv3): Conv2d(12, 12, kernel_size=(1, 1), stride=(1, 1))
          (sca): Sequential(
            (0): AdaptiveAvgPool2d(output_size=1)
            (1): Conv2d(12, 12, kernel_size=(1, 1), stride=(1, 1))
          )
          (sg): SimpleGate()
          (conv4): Conv2d(12, 24, kernel_size=(1, 1), stride=(1, 1))
          (conv5): Conv2d(12, 12, kernel_size=(1, 1), stride=(1, 1))
          (norm1): LayerNorm2d()
          (norm2): LayerNorm2d()
          (dropout1): Identity()
          (dropout2): Identity()
        )
        (G): DenseBlock(
          (conv1): Conv2d(12, 32, kernel_size=(3, 3), stride=(1, 1), padding=(1, 1))
          (conv2): Conv2d(44, 32, kernel_size=(3, 3), stride=(1, 1), padding=(1, 1))
          (conv3): Conv2d(76, 32, kernel_size=(3, 3), stride=(1, 1), padding=(1, 1))
          (conv4): Conv2d(108, 32, kernel_size=(3, 3), stride=(1, 1), padding=(1, 1))
          (conv5): Conv2d(140, 12, kernel_size=(3, 3), stride=(1, 1), padding=(1, 1))
          (lrelu): LeakyReLU(negative_slope=0.2, inplace=True)
        )
        (NG): NAFBlock(
          (conv1): Conv2d(12, 24, kernel_size=(1, 1), stride=(1, 1))
          (conv2): Conv2d(24, 24, kernel_size=(3, 3), stride=(1, 1), padding=(1, 1), groups=24)
          (conv3): Conv2d(12, 12, kernel_size=(1, 1), stride=(1, 1))
          (sca): Sequential(
            (0): AdaptiveAvgPool2d(output_size=1)
            (1): Conv2d(12, 12, kernel_size=(1, 1), stride=(1, 1))
          )
          (sg): SimpleGate()
          (conv4): Conv2d(12, 24, kernel_size=(1, 1), stride=(1, 1))
          (conv5): Conv2d(12, 12, kernel_size=(1, 1), stride=(1, 1))
          (norm1): LayerNorm2d()
          (norm2): LayerNorm2d()
          (dropout1): Identity()
          (dropout2): Identity()
        )
        (H): DenseBlock(
          (conv1): Conv2d(12, 32, kernel_size=(3, 3), stride=(1, 1), padding=(1, 1))
          (conv2): Conv2d(44, 32, kernel_size=(3, 3), stride=(1, 1), padding=(1, 1))
          (conv3): Conv2d(76, 32, kernel_size=(3, 3), stride=(1, 1), padding=(1, 1))
          (conv4): Conv2d(108, 32, kernel_size=(3, 3), stride=(1, 1), padding=(1, 1))
          (conv5): Conv2d(140, 12, kernel_size=(3, 3), stride=(1, 1), padding=(1, 1))
          (lrelu): LeakyReLU(negative_slope=0.2, inplace=True)
        )
        (NH): NAFBlock(
          (conv1): Conv2d(12, 24, kernel_size=(1, 1), stride=(1, 1))
          (conv2): Conv2d(24, 24, kernel_size=(3, 3), stride=(1, 1), padding=(1, 1), groups=24)
          (conv3): Conv2d(12, 12, kernel_size=(1, 1), stride=(1, 1))
          (sca): Sequential(
            (0): AdaptiveAvgPool2d(output_size=1)
            (1): Conv2d(12, 12, kernel_size=(1, 1), stride=(1, 1))
          )
          (sg): SimpleGate()
          (conv4): Conv2d(12, 24, kernel_size=(1, 1), stride=(1, 1))
          (conv5): Conv2d(12, 12, kernel_size=(1, 1), stride=(1, 1))
          (norm1): LayerNorm2d()
          (norm2): LayerNorm2d()
          (dropout1): Identity()
          (dropout2): Identity()
        )
      )
    )
  )
  (pm): PredictiveModuleMIMO_prompt(
    (conv_in): Conv2d(12, 12, kernel_size=(3, 3), stride=(1, 1), padding=(1, 1))
    (res_block): Sequential(
      (0): ResidualBlockNoBN(
        (conv1): Conv2d(12, 12, kernel_size=(3, 3), stride=(1, 1), padding=(1, 1))
        (conv2): Conv2d(12, 12, kernel_size=(3, 3), stride=(1, 1), padding=(1, 1))
        (relu): LeakyReLU(negative_slope=0.2, inplace=True)
      )
      (1): ResidualBlockNoBN(
        (conv1): Conv2d(12, 12, kernel_size=(3, 3), stride=(1, 1), padding=(1, 1))
        (conv2): Conv2d(12, 12, kernel_size=(3, 3), stride=(1, 1), padding=(1, 1))
        (relu): LeakyReLU(negative_slope=0.2, inplace=True)
      )
      (2): ResidualBlockNoBN(
        (conv1): Conv2d(12, 12, kernel_size=(3, 3), stride=(1, 1), padding=(1, 1))
        (conv2): Conv2d(12, 12, kernel_size=(3, 3), stride=(1, 1), padding=(1, 1))
        (relu): LeakyReLU(negative_slope=0.2, inplace=True)
      )
      (3): ResidualBlockNoBN(
        (conv1): Conv2d(12, 12, kernel_size=(3, 3), stride=(1, 1), padding=(1, 1))
        (conv2): Conv2d(12, 12, kernel_size=(3, 3), stride=(1, 1), padding=(1, 1))
        (relu): LeakyReLU(negative_slope=0.2, inplace=True)
      )
      (4): ResidualBlockNoBN(
        (conv1): Conv2d(12, 12, kernel_size=(3, 3), stride=(1, 1), padding=(1, 1))
        (conv2): Conv2d(12, 12, kernel_size=(3, 3), stride=(1, 1), padding=(1, 1))
        (relu): LeakyReLU(negative_slope=0.2, inplace=True)
      )
      (5): ResidualBlockNoBN(
        (conv1): Conv2d(12, 12, kernel_size=(3, 3), stride=(1, 1), padding=(1, 1))
        (conv2): Conv2d(12, 12, kernel_size=(3, 3), stride=(1, 1), padding=(1, 1))
        (relu): LeakyReLU(negative_slope=0.2, inplace=True)
      )
      (6): ResidualBlockNoBN(
        (conv1): Conv2d(12, 12, kernel_size=(3, 3), stride=(1, 1), padding=(1, 1))
        (conv2): Conv2d(12, 12, kernel_size=(3, 3), stride=(1, 1), padding=(1, 1))
        (relu): LeakyReLU(negative_slope=0.2, inplace=True)
      )
      (7): ResidualBlockNoBN(
        (conv1): Conv2d(12, 12, kernel_size=(3, 3), stride=(1, 1), padding=(1, 1))
        (conv2): Conv2d(12, 12, kernel_size=(3, 3), stride=(1, 1), padding=(1, 1))
        (relu): LeakyReLU(negative_slope=0.2, inplace=True)
      )
    )
    (transformer_block): Sequential(
      (0): TransformerBlock(
        (norm1): LayerNorm(
          (body): WithBias_LayerNorm()
        )
        (attn): Attention(
          (qkv): Conv2d(12, 36, kernel_size=(1, 1), stride=(1, 1), bias=False)
          (qkv_dwconv): Conv2d(36, 36, kernel_size=(3, 3), stride=(1, 1), padding=(1, 1), groups=36, bias=False)
          (project_out): Conv2d(12, 12, kernel_size=(1, 1), stride=(1, 1), bias=False)
        )
        (norm2): LayerNorm(
          (body): WithBias_LayerNorm()
        )
        (ffn): FeedForward(
          (project_in): Conv2d(12, 96, kernel_size=(1, 1), stride=(1, 1), bias=False)
          (dwconv): Conv2d(96, 96, kernel_size=(3, 3), stride=(1, 1), padding=(1, 1), groups=96, bias=False)
          (project_out): Conv2d(48, 12, kernel_size=(1, 1), stride=(1, 1), bias=False)
        )
      )
      (1): TransformerBlock(
        (norm1): LayerNorm(
          (body): WithBias_LayerNorm()
        )
        (attn): Attention(
          (qkv): Conv2d(12, 36, kernel_size=(1, 1), stride=(1, 1), bias=False)
          (qkv_dwconv): Conv2d(36, 36, kernel_size=(3, 3), stride=(1, 1), padding=(1, 1), groups=36, bias=False)
          (project_out): Conv2d(12, 12, kernel_size=(1, 1), stride=(1, 1), bias=False)
        )
        (norm2): LayerNorm(
          (body): WithBias_LayerNorm()
        )
        (ffn): FeedForward(
          (project_in): Conv2d(12, 96, kernel_size=(1, 1), stride=(1, 1), bias=False)
          (dwconv): Conv2d(96, 96, kernel_size=(3, 3), stride=(1, 1), padding=(1, 1), groups=96, bias=False)
          (project_out): Conv2d(48, 12, kernel_size=(1, 1), stride=(1, 1), bias=False)
        )
      )
      (2): TransformerBlock(
        (norm1): LayerNorm(
          (body): WithBias_LayerNorm()
        )
        (attn): Attention(
          (qkv): Conv2d(12, 36, kernel_size=(1, 1), stride=(1, 1), bias=False)
          (qkv_dwconv): Conv2d(36, 36, kernel_size=(3, 3), stride=(1, 1), padding=(1, 1), groups=36, bias=False)
          (project_out): Conv2d(12, 12, kernel_size=(1, 1), stride=(1, 1), bias=False)
        )
        (norm2): LayerNorm(
          (body): WithBias_LayerNorm()
        )
        (ffn): FeedForward(
          (project_in): Conv2d(12, 96, kernel_size=(1, 1), stride=(1, 1), bias=False)
          (dwconv): Conv2d(96, 96, kernel_size=(3, 3), stride=(1, 1), padding=(1, 1), groups=96, bias=False)
          (project_out): Conv2d(48, 12, kernel_size=(1, 1), stride=(1, 1), bias=False)
        )
      )
      (3): TransformerBlock(
        (norm1): LayerNorm(
          (body): WithBias_LayerNorm()
        )
        (attn): Attention(
          (qkv): Conv2d(12, 36, kernel_size=(1, 1), stride=(1, 1), bias=False)
          (qkv_dwconv): Conv2d(36, 36, kernel_size=(3, 3), stride=(1, 1), padding=(1, 1), groups=36, bias=False)
          (project_out): Conv2d(12, 12, kernel_size=(1, 1), stride=(1, 1), bias=False)
        )
        (norm2): LayerNorm(
          (body): WithBias_LayerNorm()
        )
        (ffn): FeedForward(
          (project_in): Conv2d(12, 96, kernel_size=(1, 1), stride=(1, 1), bias=False)
          (dwconv): Conv2d(96, 96, kernel_size=(3, 3), stride=(1, 1), padding=(1, 1), groups=96, bias=False)
          (project_out): Conv2d(48, 12, kernel_size=(1, 1), stride=(1, 1), bias=False)
        )
      )
    )
    (prompt): PromptGenBlock(
      (linear_layer): Linear(in_features=12, out_features=3, bias=True)
      (conv3x3): Conv2d(12, 12, kernel_size=(3, 3), stride=(1, 1), padding=(1, 1), bias=False)
    )
    (fuse): Conv2d(24, 12, kernel_size=(3, 3), stride=(1, 1), padding=(1, 1))
  )
)
25-06-23 15:47:12.345 - INFO: Loading model for G [/workspace/EditGuard-V1/experiments/train_ibsn_bit_64/models/30000_G.pth] ...
2025-06-23 15:47:12,345 - INFO - Loading model for G [/workspace/EditGuard-V1/experiments/train_ibsn_bit_64/models/30000_G.pth] ...
25-06-23 15:47:12.544 - WARNING: Params [module.irn.operations.0.F.conv1.weight] will not optimize.
2025-06-23 15:47:12,544 - WARNING - Params [module.irn.operations.0.F.conv1.weight] will not optimize.
25-06-23 15:47:12.545 - WARNING: Params [module.irn.operations.0.F.conv1.bias] will not optimize.
2025-06-23 15:47:12,545 - WARNING - Params [module.irn.operations.0.F.conv1.bias] will not optimize.
25-06-23 15:47:12.545 - WARNING: Params [module.irn.operations.0.F.conv2.weight] will not optimize.
2025-06-23 15:47:12,545 - WARNING - Params [module.irn.operations.0.F.conv2.weight] will not optimize.
25-06-23 15:47:12.545 - WARNING: Params [module.irn.operations.0.F.conv2.bias] will not optimize.
2025-06-23 15:47:12,545 - WARNING - Params [module.irn.operations.0.F.conv2.bias] will not optimize.
25-06-23 15:47:12.545 - WARNING: Params [module.irn.operations.0.F.conv3.weight] will not optimize.
2025-06-23 15:47:12,545 - WARNING - Params [module.irn.operations.0.F.conv3.weight] will not optimize.
25-06-23 15:47:12.545 - WARNING: Params [module.irn.operations.0.F.conv3.bias] will not optimize.
2025-06-23 15:47:12,545 - WARNING - Params [module.irn.operations.0.F.conv3.bias] will not optimize.
25-06-23 15:47:12.545 - WARNING: Params [module.irn.operations.0.F.conv4.weight] will not optimize.
2025-06-23 15:47:12,545 - WARNING - Params [module.irn.operations.0.F.conv4.weight] will not optimize.
25-06-23 15:47:12.545 - WARNING: Params [module.irn.operations.0.F.conv4.bias] will not optimize.
2025-06-23 15:47:12,545 - WARNING - Params [module.irn.operations.0.F.conv4.bias] will not optimize.
25-06-23 15:47:12.545 - WARNING: Params [module.irn.operations.0.F.conv5.weight] will not optimize.
2025-06-23 15:47:12,545 - WARNING - Params [module.irn.operations.0.F.conv5.weight] will not optimize.
25-06-23 15:47:12.545 - WARNING: Params [module.irn.operations.0.F.conv5.bias] will not optimize.
2025-06-23 15:47:12,545 - WARNING - Params [module.irn.operations.0.F.conv5.bias] will not optimize.
25-06-23 15:47:12.545 - WARNING: Params [module.irn.operations.0.NF.beta] will not optimize.
2025-06-23 15:47:12,545 - WARNING - Params [module.irn.operations.0.NF.beta] will not optimize.
25-06-23 15:47:12.545 - WARNING: Params [module.irn.operations.0.NF.gamma] will not optimize.
2025-06-23 15:47:12,545 - WARNING - Params [module.irn.operations.0.NF.gamma] will not optimize.
25-06-23 15:47:12.545 - WARNING: Params [module.irn.operations.0.NF.conv1.weight] will not optimize.
2025-06-23 15:47:12,545 - WARNING - Params [module.irn.operations.0.NF.conv1.weight] will not optimize.
25-06-23 15:47:12.545 - WARNING: Params [module.irn.operations.0.NF.conv1.bias] will not optimize.
2025-06-23 15:47:12,545 - WARNING - Params [module.irn.operations.0.NF.conv1.bias] will not optimize.
25-06-23 15:47:12.545 - WARNING: Params [module.irn.operations.0.NF.conv2.weight] will not optimize.
2025-06-23 15:47:12,545 - WARNING - Params [module.irn.operations.0.NF.conv2.weight] will not optimize.
25-06-23 15:47:12.545 - WARNING: Params [module.irn.operations.0.NF.conv2.bias] will not optimize.
2025-06-23 15:47:12,545 - WARNING - Params [module.irn.operations.0.NF.conv2.bias] will not optimize.
25-06-23 15:47:12.545 - WARNING: Params [module.irn.operations.0.NF.conv3.weight] will not optimize.
2025-06-23 15:47:12,545 - WARNING - Params [module.irn.operations.0.NF.conv3.weight] will not optimize.
25-06-23 15:47:12.545 - WARNING: Params [module.irn.operations.0.NF.conv3.bias] will not optimize.
2025-06-23 15:47:12,545 - WARNING - Params [module.irn.operations.0.NF.conv3.bias] will not optimize.
25-06-23 15:47:12.546 - WARNING: Params [module.irn.operations.0.NF.sca.1.weight] will not optimize.
2025-06-23 15:47:12,546 - WARNING - Params [module.irn.operations.0.NF.sca.1.weight] will not optimize.
25-06-23 15:47:12.546 - WARNING: Params [module.irn.operations.0.NF.sca.1.bias] will not optimize.
2025-06-23 15:47:12,546 - WARNING - Params [module.irn.operations.0.NF.sca.1.bias] will not optimize.
25-06-23 15:47:12.546 - WARNING: Params [module.irn.operations.0.NF.conv4.weight] will not optimize.
2025-06-23 15:47:12,546 - WARNING - Params [module.irn.operations.0.NF.conv4.weight] will not optimize.
25-06-23 15:47:12.546 - WARNING: Params [module.irn.operations.0.NF.conv4.bias] will not optimize.
2025-06-23 15:47:12,546 - WARNING - Params [module.irn.operations.0.NF.conv4.bias] will not optimize.
25-06-23 15:47:12.546 - WARNING: Params [module.irn.operations.0.NF.conv5.weight] will not optimize.
2025-06-23 15:47:12,546 - WARNING - Params [module.irn.operations.0.NF.conv5.weight] will not optimize.
25-06-23 15:47:12.546 - WARNING: Params [module.irn.operations.0.NF.conv5.bias] will not optimize.
2025-06-23 15:47:12,546 - WARNING - Params [module.irn.operations.0.NF.conv5.bias] will not optimize.
25-06-23 15:47:12.546 - WARNING: Params [module.irn.operations.0.NF.norm1.weight] will not optimize.
2025-06-23 15:47:12,546 - WARNING - Params [module.irn.operations.0.NF.norm1.weight] will not optimize.
25-06-23 15:47:12.546 - WARNING: Params [module.irn.operations.0.NF.norm1.bias] will not optimize.
2025-06-23 15:47:12,546 - WARNING - Params [module.irn.operations.0.NF.norm1.bias] will not optimize.
25-06-23 15:47:12.546 - WARNING: Params [module.irn.operations.0.NF.norm2.weight] will not optimize.
2025-06-23 15:47:12,546 - WARNING - Params [module.irn.operations.0.NF.norm2.weight] will not optimize.
25-06-23 15:47:12.546 - WARNING: Params [module.irn.operations.0.NF.norm2.bias] will not optimize.
2025-06-23 15:47:12,546 - WARNING - Params [module.irn.operations.0.NF.norm2.bias] will not optimize.
25-06-23 15:47:12.546 - WARNING: Params [module.irn.operations.0.G.conv1.weight] will not optimize.
2025-06-23 15:47:12,546 - WARNING - Params [module.irn.operations.0.G.conv1.weight] will not optimize.
25-06-23 15:47:12.546 - WARNING: Params [module.irn.operations.0.G.conv1.bias] will not optimize.
2025-06-23 15:47:12,546 - WARNING - Params [module.irn.operations.0.G.conv1.bias] will not optimize.
25-06-23 15:47:12.546 - WARNING: Params [module.irn.operations.0.G.conv2.weight] will not optimize.
2025-06-23 15:47:12,546 - WARNING - Params [module.irn.operations.0.G.conv2.weight] will not optimize.
25-06-23 15:47:12.546 - WARNING: Params [module.irn.operations.0.G.conv2.bias] will not optimize.
2025-06-23 15:47:12,546 - WARNING - Params [module.irn.operations.0.G.conv2.bias] will not optimize.
25-06-23 15:47:12.546 - WARNING: Params [module.irn.operations.0.G.conv3.weight] will not optimize.
2025-06-23 15:47:12,546 - WARNING - Params [module.irn.operations.0.G.conv3.weight] will not optimize.
25-06-23 15:47:12.546 - WARNING: Params [module.irn.operations.0.G.conv3.bias] will not optimize.
2025-06-23 15:47:12,546 - WARNING - Params [module.irn.operations.0.G.conv3.bias] will not optimize.
25-06-23 15:47:12.546 - WARNING: Params [module.irn.operations.0.G.conv4.weight] will not optimize.
2025-06-23 15:47:12,546 - WARNING - Params [module.irn.operations.0.G.conv4.weight] will not optimize.
25-06-23 15:47:12.546 - WARNING: Params [module.irn.operations.0.G.conv4.bias] will not optimize.
2025-06-23 15:47:12,546 - WARNING - Params [module.irn.operations.0.G.conv4.bias] will not optimize.
25-06-23 15:47:12.547 - WARNING: Params [module.irn.operations.0.G.conv5.weight] will not optimize.
2025-06-23 15:47:12,547 - WARNING - Params [module.irn.operations.0.G.conv5.weight] will not optimize.
25-06-23 15:47:12.547 - WARNING: Params [module.irn.operations.0.G.conv5.bias] will not optimize.
2025-06-23 15:47:12,547 - WARNING - Params [module.irn.operations.0.G.conv5.bias] will not optimize.
25-06-23 15:47:12.547 - WARNING: Params [module.irn.operations.0.NG.beta] will not optimize.
2025-06-23 15:47:12,547 - WARNING - Params [module.irn.operations.0.NG.beta] will not optimize.
25-06-23 15:47:12.547 - WARNING: Params [module.irn.operations.0.NG.gamma] will not optimize.
2025-06-23 15:47:12,547 - WARNING - Params [module.irn.operations.0.NG.gamma] will not optimize.
25-06-23 15:47:12.547 - WARNING: Params [module.irn.operations.0.NG.conv1.weight] will not optimize.
2025-06-23 15:47:12,547 - WARNING - Params [module.irn.operations.0.NG.conv1.weight] will not optimize.
25-06-23 15:47:12.547 - WARNING: Params [module.irn.operations.0.NG.conv1.bias] will not optimize.
2025-06-23 15:47:12,547 - WARNING - Params [module.irn.operations.0.NG.conv1.bias] will not optimize.
25-06-23 15:47:12.547 - WARNING: Params [module.irn.operations.0.NG.conv2.weight] will not optimize.
2025-06-23 15:47:12,547 - WARNING - Params [module.irn.operations.0.NG.conv2.weight] will not optimize.
25-06-23 15:47:12.547 - WARNING: Params [module.irn.operations.0.NG.conv2.bias] will not optimize.
2025-06-23 15:47:12,547 - WARNING - Params [module.irn.operations.0.NG.conv2.bias] will not optimize.
25-06-23 15:47:12.547 - WARNING: Params [module.irn.operations.0.NG.conv3.weight] will not optimize.
2025-06-23 15:47:12,547 - WARNING - Params [module.irn.operations.0.NG.conv3.weight] will not optimize.
25-06-23 15:47:12.547 - WARNING: Params [module.irn.operations.0.NG.conv3.bias] will not optimize.
2025-06-23 15:47:12,547 - WARNING - Params [module.irn.operations.0.NG.conv3.bias] will not optimize.
25-06-23 15:47:12.547 - WARNING: Params [module.irn.operations.0.NG.sca.1.weight] will not optimize.
2025-06-23 15:47:12,547 - WARNING - Params [module.irn.operations.0.NG.sca.1.weight] will not optimize.
25-06-23 15:47:12.547 - WARNING: Params [module.irn.operations.0.NG.sca.1.bias] will not optimize.
2025-06-23 15:47:12,547 - WARNING - Params [module.irn.operations.0.NG.sca.1.bias] will not optimize.
25-06-23 15:47:12.547 - WARNING: Params [module.irn.operations.0.NG.conv4.weight] will not optimize.
2025-06-23 15:47:12,547 - WARNING - Params [module.irn.operations.0.NG.conv4.weight] will not optimize.
25-06-23 15:47:12.547 - WARNING: Params [module.irn.operations.0.NG.conv4.bias] will not optimize.
2025-06-23 15:47:12,547 - WARNING - Params [module.irn.operations.0.NG.conv4.bias] will not optimize.
25-06-23 15:47:12.547 - WARNING: Params [module.irn.operations.0.NG.conv5.weight] will not optimize.
2025-06-23 15:47:12,547 - WARNING - Params [module.irn.operations.0.NG.conv5.weight] will not optimize.
25-06-23 15:47:12.547 - WARNING: Params [module.irn.operations.0.NG.conv5.bias] will not optimize.
2025-06-23 15:47:12,547 - WARNING - Params [module.irn.operations.0.NG.conv5.bias] will not optimize.
25-06-23 15:47:12.547 - WARNING: Params [module.irn.operations.0.NG.norm1.weight] will not optimize.
2025-06-23 15:47:12,547 - WARNING - Params [module.irn.operations.0.NG.norm1.weight] will not optimize.
25-06-23 15:47:12.548 - WARNING: Params [module.irn.operations.0.NG.norm1.bias] will not optimize.
2025-06-23 15:47:12,548 - WARNING - Params [module.irn.operations.0.NG.norm1.bias] will not optimize.
25-06-23 15:47:12.548 - WARNING: Params [module.irn.operations.0.NG.norm2.weight] will not optimize.
2025-06-23 15:47:12,548 - WARNING - Params [module.irn.operations.0.NG.norm2.weight] will not optimize.
25-06-23 15:47:12.548 - WARNING: Params [module.irn.operations.0.NG.norm2.bias] will not optimize.
2025-06-23 15:47:12,548 - WARNING - Params [module.irn.operations.0.NG.norm2.bias] will not optimize.
25-06-23 15:47:12.548 - WARNING: Params [module.irn.operations.0.H.conv1.weight] will not optimize.
2025-06-23 15:47:12,548 - WARNING - Params [module.irn.operations.0.H.conv1.weight] will not optimize.
25-06-23 15:47:12.548 - WARNING: Params [module.irn.operations.0.H.conv1.bias] will not optimize.
2025-06-23 15:47:12,548 - WARNING - Params [module.irn.operations.0.H.conv1.bias] will not optimize.
25-06-23 15:47:12.548 - WARNING: Params [module.irn.operations.0.H.conv2.weight] will not optimize.
2025-06-23 15:47:12,548 - WARNING - Params [module.irn.operations.0.H.conv2.weight] will not optimize.
25-06-23 15:47:12.548 - WARNING: Params [module.irn.operations.0.H.conv2.bias] will not optimize.
2025-06-23 15:47:12,548 - WARNING - Params [module.irn.operations.0.H.conv2.bias] will not optimize.
25-06-23 15:47:12.548 - WARNING: Params [module.irn.operations.0.H.conv3.weight] will not optimize.
2025-06-23 15:47:12,548 - WARNING - Params [module.irn.operations.0.H.conv3.weight] will not optimize.
25-06-23 15:47:12.548 - WARNING: Params [module.irn.operations.0.H.conv3.bias] will not optimize.
2025-06-23 15:47:12,548 - WARNING - Params [module.irn.operations.0.H.conv3.bias] will not optimize.
25-06-23 15:47:12.548 - WARNING: Params [module.irn.operations.0.H.conv4.weight] will not optimize.
2025-06-23 15:47:12,548 - WARNING - Params [module.irn.operations.0.H.conv4.weight] will not optimize.
25-06-23 15:47:12.548 - WARNING: Params [module.irn.operations.0.H.conv4.bias] will not optimize.
2025-06-23 15:47:12,548 - WARNING - Params [module.irn.operations.0.H.conv4.bias] will not optimize.
25-06-23 15:47:12.548 - WARNING: Params [module.irn.operations.0.H.conv5.weight] will not optimize.
2025-06-23 15:47:12,548 - WARNING - Params [module.irn.operations.0.H.conv5.weight] will not optimize.
25-06-23 15:47:12.548 - WARNING: Params [module.irn.operations.0.H.conv5.bias] will not optimize.
2025-06-23 15:47:12,548 - WARNING - Params [module.irn.operations.0.H.conv5.bias] will not optimize.
25-06-23 15:47:12.548 - WARNING: Params [module.irn.operations.0.NH.beta] will not optimize.
2025-06-23 15:47:12,548 - WARNING - Params [module.irn.operations.0.NH.beta] will not optimize.
25-06-23 15:47:12.548 - WARNING: Params [module.irn.operations.0.NH.gamma] will not optimize.
2025-06-23 15:47:12,548 - WARNING - Params [module.irn.operations.0.NH.gamma] will not optimize.
25-06-23 15:47:12.548 - WARNING: Params [module.irn.operations.0.NH.conv1.weight] will not optimize.
2025-06-23 15:47:12,548 - WARNING - Params [module.irn.operations.0.NH.conv1.weight] will not optimize.
25-06-23 15:47:12.548 - WARNING: Params [module.irn.operations.0.NH.conv1.bias] will not optimize.
2025-06-23 15:47:12,548 - WARNING - Params [module.irn.operations.0.NH.conv1.bias] will not optimize.
25-06-23 15:47:12.548 - WARNING: Params [module.irn.operations.0.NH.conv2.weight] will not optimize.
2025-06-23 15:47:12,548 - WARNING - Params [module.irn.operations.0.NH.conv2.weight] will not optimize.
25-06-23 15:47:12.549 - WARNING: Params [module.irn.operations.0.NH.conv2.bias] will not optimize.
2025-06-23 15:47:12,549 - WARNING - Params [module.irn.operations.0.NH.conv2.bias] will not optimize.
25-06-23 15:47:12.549 - WARNING: Params [module.irn.operations.0.NH.conv3.weight] will not optimize.
2025-06-23 15:47:12,549 - WARNING - Params [module.irn.operations.0.NH.conv3.weight] will not optimize.
25-06-23 15:47:12.549 - WARNING: Params [module.irn.operations.0.NH.conv3.bias] will not optimize.
2025-06-23 15:47:12,549 - WARNING - Params [module.irn.operations.0.NH.conv3.bias] will not optimize.
25-06-23 15:47:12.549 - WARNING: Params [module.irn.operations.0.NH.sca.1.weight] will not optimize.
2025-06-23 15:47:12,549 - WARNING - Params [module.irn.operations.0.NH.sca.1.weight] will not optimize.
25-06-23 15:47:12.549 - WARNING: Params [module.irn.operations.0.NH.sca.1.bias] will not optimize.
2025-06-23 15:47:12,549 - WARNING - Params [module.irn.operations.0.NH.sca.1.bias] will not optimize.
25-06-23 15:47:12.549 - WARNING: Params [module.irn.operations.0.NH.conv4.weight] will not optimize.
2025-06-23 15:47:12,549 - WARNING - Params [module.irn.operations.0.NH.conv4.weight] will not optimize.
25-06-23 15:47:12.549 - WARNING: Params [module.irn.operations.0.NH.conv4.bias] will not optimize.
2025-06-23 15:47:12,549 - WARNING - Params [module.irn.operations.0.NH.conv4.bias] will not optimize.
25-06-23 15:47:12.549 - WARNING: Params [module.irn.operations.0.NH.conv5.weight] will not optimize.
2025-06-23 15:47:12,549 - WARNING - Params [module.irn.operations.0.NH.conv5.weight] will not optimize.
25-06-23 15:47:12.549 - WARNING: Params [module.irn.operations.0.NH.conv5.bias] will not optimize.
2025-06-23 15:47:12,549 - WARNING - Params [module.irn.operations.0.NH.conv5.bias] will not optimize.
25-06-23 15:47:12.549 - WARNING: Params [module.irn.operations.0.NH.norm1.weight] will not optimize.
2025-06-23 15:47:12,549 - WARNING - Params [module.irn.operations.0.NH.norm1.weight] will not optimize.
25-06-23 15:47:12.549 - WARNING: Params [module.irn.operations.0.NH.norm1.bias] will not optimize.
2025-06-23 15:47:12,549 - WARNING - Params [module.irn.operations.0.NH.norm1.bias] will not optimize.
25-06-23 15:47:12.549 - WARNING: Params [module.irn.operations.0.NH.norm2.weight] will not optimize.
2025-06-23 15:47:12,549 - WARNING - Params [module.irn.operations.0.NH.norm2.weight] will not optimize.
25-06-23 15:47:12.549 - WARNING: Params [module.irn.operations.0.NH.norm2.bias] will not optimize.
2025-06-23 15:47:12,549 - WARNING - Params [module.irn.operations.0.NH.norm2.bias] will not optimize.
25-06-23 15:47:12.549 - WARNING: Params [module.irn.operations.1.F.conv1.weight] will not optimize.
2025-06-23 15:47:12,549 - WARNING - Params [module.irn.operations.1.F.conv1.weight] will not optimize.
25-06-23 15:47:12.549 - WARNING: Params [module.irn.operations.1.F.conv1.bias] will not optimize.
2025-06-23 15:47:12,549 - WARNING - Params [module.irn.operations.1.F.conv1.bias] will not optimize.
25-06-23 15:47:12.549 - WARNING: Params [module.irn.operations.1.F.conv2.weight] will not optimize.
2025-06-23 15:47:12,549 - WARNING - Params [module.irn.operations.1.F.conv2.weight] will not optimize.
25-06-23 15:47:12.549 - WARNING: Params [module.irn.operations.1.F.conv2.bias] will not optimize.
2025-06-23 15:47:12,549 - WARNING - Params [module.irn.operations.1.F.conv2.bias] will not optimize.
25-06-23 15:47:12.549 - WARNING: Params [module.irn.operations.1.F.conv3.weight] will not optimize.
2025-06-23 15:47:12,549 - WARNING - Params [module.irn.operations.1.F.conv3.weight] will not optimize.
25-06-23 15:47:12.550 - WARNING: Params [module.irn.operations.1.F.conv3.bias] will not optimize.
2025-06-23 15:47:12,550 - WARNING - Params [module.irn.operations.1.F.conv3.bias] will not optimize.
25-06-23 15:47:12.550 - WARNING: Params [module.irn.operations.1.F.conv4.weight] will not optimize.
2025-06-23 15:47:12,550 - WARNING - Params [module.irn.operations.1.F.conv4.weight] will not optimize.
25-06-23 15:47:12.550 - WARNING: Params [module.irn.operations.1.F.conv4.bias] will not optimize.
2025-06-23 15:47:12,550 - WARNING - Params [module.irn.operations.1.F.conv4.bias] will not optimize.
25-06-23 15:47:12.550 - WARNING: Params [module.irn.operations.1.F.conv5.weight] will not optimize.
2025-06-23 15:47:12,550 - WARNING - Params [module.irn.operations.1.F.conv5.weight] will not optimize.
25-06-23 15:47:12.550 - WARNING: Params [module.irn.operations.1.F.conv5.bias] will not optimize.
2025-06-23 15:47:12,550 - WARNING - Params [module.irn.operations.1.F.conv5.bias] will not optimize.
25-06-23 15:47:12.550 - WARNING: Params [module.irn.operations.1.NF.beta] will not optimize.
2025-06-23 15:47:12,550 - WARNING - Params [module.irn.operations.1.NF.beta] will not optimize.
25-06-23 15:47:12.550 - WARNING: Params [module.irn.operations.1.NF.gamma] will not optimize.
2025-06-23 15:47:12,550 - WARNING - Params [module.irn.operations.1.NF.gamma] will not optimize.
25-06-23 15:47:12.550 - WARNING: Params [module.irn.operations.1.NF.conv1.weight] will not optimize.
2025-06-23 15:47:12,550 - WARNING - Params [module.irn.operations.1.NF.conv1.weight] will not optimize.
25-06-23 15:47:12.550 - WARNING: Params [module.irn.operations.1.NF.conv1.bias] will not optimize.
2025-06-23 15:47:12,550 - WARNING - Params [module.irn.operations.1.NF.conv1.bias] will not optimize.
25-06-23 15:47:12.550 - WARNING: Params [module.irn.operations.1.NF.conv2.weight] will not optimize.
2025-06-23 15:47:12,550 - WARNING - Params [module.irn.operations.1.NF.conv2.weight] will not optimize.
25-06-23 15:47:12.550 - WARNING: Params [module.irn.operations.1.NF.conv2.bias] will not optimize.
2025-06-23 15:47:12,550 - WARNING - Params [module.irn.operations.1.NF.conv2.bias] will not optimize.
25-06-23 15:47:12.550 - WARNING: Params [module.irn.operations.1.NF.conv3.weight] will not optimize.
2025-06-23 15:47:12,550 - WARNING - Params [module.irn.operations.1.NF.conv3.weight] will not optimize.
25-06-23 15:47:12.550 - WARNING: Params [module.irn.operations.1.NF.conv3.bias] will not optimize.
2025-06-23 15:47:12,550 - WARNING - Params [module.irn.operations.1.NF.conv3.bias] will not optimize.
25-06-23 15:47:12.550 - WARNING: Params [module.irn.operations.1.NF.sca.1.weight] will not optimize.
2025-06-23 15:47:12,550 - WARNING - Params [module.irn.operations.1.NF.sca.1.weight] will not optimize.
25-06-23 15:47:12.550 - WARNING: Params [module.irn.operations.1.NF.sca.1.bias] will not optimize.
2025-06-23 15:47:12,550 - WARNING - Params [module.irn.operations.1.NF.sca.1.bias] will not optimize.
25-06-23 15:47:12.550 - WARNING: Params [module.irn.operations.1.NF.conv4.weight] will not optimize.
2025-06-23 15:47:12,550 - WARNING - Params [module.irn.operations.1.NF.conv4.weight] will not optimize.
25-06-23 15:47:12.550 - WARNING: Params [module.irn.operations.1.NF.conv4.bias] will not optimize.
2025-06-23 15:47:12,550 - WARNING - Params [module.irn.operations.1.NF.conv4.bias] will not optimize.
25-06-23 15:47:12.550 - WARNING: Params [module.irn.operations.1.NF.conv5.weight] will not optimize.
2025-06-23 15:47:12,550 - WARNING - Params [module.irn.operations.1.NF.conv5.weight] will not optimize.
25-06-23 15:47:12.551 - WARNING: Params [module.irn.operations.1.NF.conv5.bias] will not optimize.
2025-06-23 15:47:12,551 - WARNING - Params [module.irn.operations.1.NF.conv5.bias] will not optimize.
25-06-23 15:47:12.551 - WARNING: Params [module.irn.operations.1.NF.norm1.weight] will not optimize.
2025-06-23 15:47:12,551 - WARNING - Params [module.irn.operations.1.NF.norm1.weight] will not optimize.
25-06-23 15:47:12.551 - WARNING: Params [module.irn.operations.1.NF.norm1.bias] will not optimize.
2025-06-23 15:47:12,551 - WARNING - Params [module.irn.operations.1.NF.norm1.bias] will not optimize.
25-06-23 15:47:12.551 - WARNING: Params [module.irn.operations.1.NF.norm2.weight] will not optimize.
2025-06-23 15:47:12,551 - WARNING - Params [module.irn.operations.1.NF.norm2.weight] will not optimize.
25-06-23 15:47:12.551 - WARNING: Params [module.irn.operations.1.NF.norm2.bias] will not optimize.
2025-06-23 15:47:12,551 - WARNING - Params [module.irn.operations.1.NF.norm2.bias] will not optimize.
25-06-23 15:47:12.551 - WARNING: Params [module.irn.operations.1.G.conv1.weight] will not optimize.
2025-06-23 15:47:12,551 - WARNING - Params [module.irn.operations.1.G.conv1.weight] will not optimize.
25-06-23 15:47:12.551 - WARNING: Params [module.irn.operations.1.G.conv1.bias] will not optimize.
2025-06-23 15:47:12,551 - WARNING - Params [module.irn.operations.1.G.conv1.bias] will not optimize.
25-06-23 15:47:12.551 - WARNING: Params [module.irn.operations.1.G.conv2.weight] will not optimize.
2025-06-23 15:47:12,551 - WARNING - Params [module.irn.operations.1.G.conv2.weight] will not optimize.
25-06-23 15:47:12.551 - WARNING: Params [module.irn.operations.1.G.conv2.bias] will not optimize.
2025-06-23 15:47:12,551 - WARNING - Params [module.irn.operations.1.G.conv2.bias] will not optimize.
25-06-23 15:47:12.551 - WARNING: Params [module.irn.operations.1.G.conv3.weight] will not optimize.
2025-06-23 15:47:12,551 - WARNING - Params [module.irn.operations.1.G.conv3.weight] will not optimize.
25-06-23 15:47:12.551 - WARNING: Params [module.irn.operations.1.G.conv3.bias] will not optimize.
2025-06-23 15:47:12,551 - WARNING - Params [module.irn.operations.1.G.conv3.bias] will not optimize.
25-06-23 15:47:12.551 - WARNING: Params [module.irn.operations.1.G.conv4.weight] will not optimize.
2025-06-23 15:47:12,551 - WARNING - Params [module.irn.operations.1.G.conv4.weight] will not optimize.
25-06-23 15:47:12.551 - WARNING: Params [module.irn.operations.1.G.conv4.bias] will not optimize.
2025-06-23 15:47:12,551 - WARNING - Params [module.irn.operations.1.G.conv4.bias] will not optimize.
25-06-23 15:47:12.551 - WARNING: Params [module.irn.operations.1.G.conv5.weight] will not optimize.
2025-06-23 15:47:12,551 - WARNING - Params [module.irn.operations.1.G.conv5.weight] will not optimize.
25-06-23 15:47:12.551 - WARNING: Params [module.irn.operations.1.G.conv5.bias] will not optimize.
2025-06-23 15:47:12,551 - WARNING - Params [module.irn.operations.1.G.conv5.bias] will not optimize.
25-06-23 15:47:12.551 - WARNING: Params [module.irn.operations.1.NG.beta] will not optimize.
2025-06-23 15:47:12,551 - WARNING - Params [module.irn.operations.1.NG.beta] will not optimize.
25-06-23 15:47:12.551 - WARNING: Params [module.irn.operations.1.NG.gamma] will not optimize.
2025-06-23 15:47:12,551 - WARNING - Params [module.irn.operations.1.NG.gamma] will not optimize.
25-06-23 15:47:12.551 - WARNING: Params [module.irn.operations.1.NG.conv1.weight] will not optimize.
2025-06-23 15:47:12,551 - WARNING - Params [module.irn.operations.1.NG.conv1.weight] will not optimize.
25-06-23 15:47:12.552 - WARNING: Params [module.irn.operations.1.NG.conv1.bias] will not optimize.
2025-06-23 15:47:12,552 - WARNING - Params [module.irn.operations.1.NG.conv1.bias] will not optimize.
25-06-23 15:47:12.552 - WARNING: Params [module.irn.operations.1.NG.conv2.weight] will not optimize.
2025-06-23 15:47:12,552 - WARNING - Params [module.irn.operations.1.NG.conv2.weight] will not optimize.
25-06-23 15:47:12.552 - WARNING: Params [module.irn.operations.1.NG.conv2.bias] will not optimize.
2025-06-23 15:47:12,552 - WARNING - Params [module.irn.operations.1.NG.conv2.bias] will not optimize.
25-06-23 15:47:12.552 - WARNING: Params [module.irn.operations.1.NG.conv3.weight] will not optimize.
2025-06-23 15:47:12,552 - WARNING - Params [module.irn.operations.1.NG.conv3.weight] will not optimize.
25-06-23 15:47:12.552 - WARNING: Params [module.irn.operations.1.NG.conv3.bias] will not optimize.
2025-06-23 15:47:12,552 - WARNING - Params [module.irn.operations.1.NG.conv3.bias] will not optimize.
25-06-23 15:47:12.552 - WARNING: Params [module.irn.operations.1.NG.sca.1.weight] will not optimize.
2025-06-23 15:47:12,552 - WARNING - Params [module.irn.operations.1.NG.sca.1.weight] will not optimize.
25-06-23 15:47:12.552 - WARNING: Params [module.irn.operations.1.NG.sca.1.bias] will not optimize.
2025-06-23 15:47:12,552 - WARNING - Params [module.irn.operations.1.NG.sca.1.bias] will not optimize.
25-06-23 15:47:12.552 - WARNING: Params [module.irn.operations.1.NG.conv4.weight] will not optimize.
2025-06-23 15:47:12,552 - WARNING - Params [module.irn.operations.1.NG.conv4.weight] will not optimize.
25-06-23 15:47:12.552 - WARNING: Params [module.irn.operations.1.NG.conv4.bias] will not optimize.
2025-06-23 15:47:12,552 - WARNING - Params [module.irn.operations.1.NG.conv4.bias] will not optimize.
25-06-23 15:47:12.552 - WARNING: Params [module.irn.operations.1.NG.conv5.weight] will not optimize.
2025-06-23 15:47:12,552 - WARNING - Params [module.irn.operations.1.NG.conv5.weight] will not optimize.
25-06-23 15:47:12.552 - WARNING: Params [module.irn.operations.1.NG.conv5.bias] will not optimize.
2025-06-23 15:47:12,552 - WARNING - Params [module.irn.operations.1.NG.conv5.bias] will not optimize.
25-06-23 15:47:12.552 - WARNING: Params [module.irn.operations.1.NG.norm1.weight] will not optimize.
2025-06-23 15:47:12,552 - WARNING - Params [module.irn.operations.1.NG.norm1.weight] will not optimize.
25-06-23 15:47:12.552 - WARNING: Params [module.irn.operations.1.NG.norm1.bias] will not optimize.
2025-06-23 15:47:12,552 - WARNING - Params [module.irn.operations.1.NG.norm1.bias] will not optimize.
25-06-23 15:47:12.552 - WARNING: Params [module.irn.operations.1.NG.norm2.weight] will not optimize.
2025-06-23 15:47:12,552 - WARNING - Params [module.irn.operations.1.NG.norm2.weight] will not optimize.
25-06-23 15:47:12.552 - WARNING: Params [module.irn.operations.1.NG.norm2.bias] will not optimize.
2025-06-23 15:47:12,552 - WARNING - Params [module.irn.operations.1.NG.norm2.bias] will not optimize.
25-06-23 15:47:12.552 - WARNING: Params [module.irn.operations.1.H.conv1.weight] will not optimize.
2025-06-23 15:47:12,552 - WARNING - Params [module.irn.operations.1.H.conv1.weight] will not optimize.
25-06-23 15:47:12.552 - WARNING: Params [module.irn.operations.1.H.conv1.bias] will not optimize.
2025-06-23 15:47:12,552 - WARNING - Params [module.irn.operations.1.H.conv1.bias] will not optimize.
25-06-23 15:47:12.552 - WARNING: Params [module.irn.operations.1.H.conv2.weight] will not optimize.
2025-06-23 15:47:12,552 - WARNING - Params [module.irn.operations.1.H.conv2.weight] will not optimize.
25-06-23 15:47:12.553 - WARNING: Params [module.irn.operations.1.H.conv2.bias] will not optimize.
2025-06-23 15:47:12,553 - WARNING - Params [module.irn.operations.1.H.conv2.bias] will not optimize.
25-06-23 15:47:12.553 - WARNING: Params [module.irn.operations.1.H.conv3.weight] will not optimize.
2025-06-23 15:47:12,553 - WARNING - Params [module.irn.operations.1.H.conv3.weight] will not optimize.
25-06-23 15:47:12.553 - WARNING: Params [module.irn.operations.1.H.conv3.bias] will not optimize.
2025-06-23 15:47:12,553 - WARNING - Params [module.irn.operations.1.H.conv3.bias] will not optimize.
25-06-23 15:47:12.553 - WARNING: Params [module.irn.operations.1.H.conv4.weight] will not optimize.
2025-06-23 15:47:12,553 - WARNING - Params [module.irn.operations.1.H.conv4.weight] will not optimize.
25-06-23 15:47:12.553 - WARNING: Params [module.irn.operations.1.H.conv4.bias] will not optimize.
2025-06-23 15:47:12,553 - WARNING - Params [module.irn.operations.1.H.conv4.bias] will not optimize.
25-06-23 15:47:12.553 - WARNING: Params [module.irn.operations.1.H.conv5.weight] will not optimize.
2025-06-23 15:47:12,553 - WARNING - Params [module.irn.operations.1.H.conv5.weight] will not optimize.
25-06-23 15:47:12.553 - WARNING: Params [module.irn.operations.1.H.conv5.bias] will not optimize.
2025-06-23 15:47:12,553 - WARNING - Params [module.irn.operations.1.H.conv5.bias] will not optimize.
25-06-23 15:47:12.553 - WARNING: Params [module.irn.operations.1.NH.beta] will not optimize.
2025-06-23 15:47:12,553 - WARNING - Params [module.irn.operations.1.NH.beta] will not optimize.
25-06-23 15:47:12.553 - WARNING: Params [module.irn.operations.1.NH.gamma] will not optimize.
2025-06-23 15:47:12,553 - WARNING - Params [module.irn.operations.1.NH.gamma] will not optimize.
25-06-23 15:47:12.553 - WARNING: Params [module.irn.operations.1.NH.conv1.weight] will not optimize.
2025-06-23 15:47:12,553 - WARNING - Params [module.irn.operations.1.NH.conv1.weight] will not optimize.
25-06-23 15:47:12.553 - WARNING: Params [module.irn.operations.1.NH.conv1.bias] will not optimize.
2025-06-23 15:47:12,553 - WARNING - Params [module.irn.operations.1.NH.conv1.bias] will not optimize.
25-06-23 15:47:12.553 - WARNING: Params [module.irn.operations.1.NH.conv2.weight] will not optimize.
2025-06-23 15:47:12,553 - WARNING - Params [module.irn.operations.1.NH.conv2.weight] will not optimize.
25-06-23 15:47:12.553 - WARNING: Params [module.irn.operations.1.NH.conv2.bias] will not optimize.
2025-06-23 15:47:12,553 - WARNING - Params [module.irn.operations.1.NH.conv2.bias] will not optimize.
25-06-23 15:47:12.553 - WARNING: Params [module.irn.operations.1.NH.conv3.weight] will not optimize.
2025-06-23 15:47:12,553 - WARNING - Params [module.irn.operations.1.NH.conv3.weight] will not optimize.
25-06-23 15:47:12.553 - WARNING: Params [module.irn.operations.1.NH.conv3.bias] will not optimize.
2025-06-23 15:47:12,553 - WARNING - Params [module.irn.operations.1.NH.conv3.bias] will not optimize.
25-06-23 15:47:12.553 - WARNING: Params [module.irn.operations.1.NH.sca.1.weight] will not optimize.
2025-06-23 15:47:12,553 - WARNING - Params [module.irn.operations.1.NH.sca.1.weight] will not optimize.
25-06-23 15:47:12.553 - WARNING: Params [module.irn.operations.1.NH.sca.1.bias] will not optimize.
2025-06-23 15:47:12,553 - WARNING - Params [module.irn.operations.1.NH.sca.1.bias] will not optimize.
25-06-23 15:47:12.553 - WARNING: Params [module.irn.operations.1.NH.conv4.weight] will not optimize.
2025-06-23 15:47:12,553 - WARNING - Params [module.irn.operations.1.NH.conv4.weight] will not optimize.
25-06-23 15:47:12.554 - WARNING: Params [module.irn.operations.1.NH.conv4.bias] will not optimize.
2025-06-23 15:47:12,554 - WARNING - Params [module.irn.operations.1.NH.conv4.bias] will not optimize.
25-06-23 15:47:12.554 - WARNING: Params [module.irn.operations.1.NH.conv5.weight] will not optimize.
2025-06-23 15:47:12,554 - WARNING - Params [module.irn.operations.1.NH.conv5.weight] will not optimize.
25-06-23 15:47:12.554 - WARNING: Params [module.irn.operations.1.NH.conv5.bias] will not optimize.
2025-06-23 15:47:12,554 - WARNING - Params [module.irn.operations.1.NH.conv5.bias] will not optimize.
25-06-23 15:47:12.554 - WARNING: Params [module.irn.operations.1.NH.norm1.weight] will not optimize.
2025-06-23 15:47:12,554 - WARNING - Params [module.irn.operations.1.NH.norm1.weight] will not optimize.
25-06-23 15:47:12.554 - WARNING: Params [module.irn.operations.1.NH.norm1.bias] will not optimize.
2025-06-23 15:47:12,554 - WARNING - Params [module.irn.operations.1.NH.norm1.bias] will not optimize.
25-06-23 15:47:12.554 - WARNING: Params [module.irn.operations.1.NH.norm2.weight] will not optimize.
2025-06-23 15:47:12,554 - WARNING - Params [module.irn.operations.1.NH.norm2.weight] will not optimize.
25-06-23 15:47:12.554 - WARNING: Params [module.irn.operations.1.NH.norm2.bias] will not optimize.
2025-06-23 15:47:12,554 - WARNING - Params [module.irn.operations.1.NH.norm2.bias] will not optimize.
25-06-23 15:47:12.554 - WARNING: Params [module.irn.operations.2.F.conv1.weight] will not optimize.
2025-06-23 15:47:12,554 - WARNING - Params [module.irn.operations.2.F.conv1.weight] will not optimize.
25-06-23 15:47:12.554 - WARNING: Params [module.irn.operations.2.F.conv1.bias] will not optimize.
2025-06-23 15:47:12,554 - WARNING - Params [module.irn.operations.2.F.conv1.bias] will not optimize.
25-06-23 15:47:12.554 - WARNING: Params [module.irn.operations.2.F.conv2.weight] will not optimize.
2025-06-23 15:47:12,554 - WARNING - Params [module.irn.operations.2.F.conv2.weight] will not optimize.
25-06-23 15:47:12.554 - WARNING: Params [module.irn.operations.2.F.conv2.bias] will not optimize.
2025-06-23 15:47:12,554 - WARNING - Params [module.irn.operations.2.F.conv2.bias] will not optimize.
25-06-23 15:47:12.554 - WARNING: Params [module.irn.operations.2.F.conv3.weight] will not optimize.
2025-06-23 15:47:12,554 - WARNING - Params [module.irn.operations.2.F.conv3.weight] will not optimize.
25-06-23 15:47:12.554 - WARNING: Params [module.irn.operations.2.F.conv3.bias] will not optimize.
2025-06-23 15:47:12,554 - WARNING - Params [module.irn.operations.2.F.conv3.bias] will not optimize.
25-06-23 15:47:12.554 - WARNING: Params [module.irn.operations.2.F.conv4.weight] will not optimize.
2025-06-23 15:47:12,554 - WARNING - Params [module.irn.operations.2.F.conv4.weight] will not optimize.
25-06-23 15:47:12.554 - WARNING: Params [module.irn.operations.2.F.conv4.bias] will not optimize.
2025-06-23 15:47:12,554 - WARNING - Params [module.irn.operations.2.F.conv4.bias] will not optimize.
25-06-23 15:47:12.554 - WARNING: Params [module.irn.operations.2.F.conv5.weight] will not optimize.
2025-06-23 15:47:12,554 - WARNING - Params [module.irn.operations.2.F.conv5.weight] will not optimize.
25-06-23 15:47:12.554 - WARNING: Params [module.irn.operations.2.F.conv5.bias] will not optimize.
2025-06-23 15:47:12,554 - WARNING - Params [module.irn.operations.2.F.conv5.bias] will not optimize.
25-06-23 15:47:12.554 - WARNING: Params [module.irn.operations.2.NF.beta] will not optimize.
2025-06-23 15:47:12,554 - WARNING - Params [module.irn.operations.2.NF.beta] will not optimize.
25-06-23 15:47:12.555 - WARNING: Params [module.irn.operations.2.NF.gamma] will not optimize.
2025-06-23 15:47:12,555 - WARNING - Params [module.irn.operations.2.NF.gamma] will not optimize.
25-06-23 15:47:12.555 - WARNING: Params [module.irn.operations.2.NF.conv1.weight] will not optimize.
2025-06-23 15:47:12,555 - WARNING - Params [module.irn.operations.2.NF.conv1.weight] will not optimize.
25-06-23 15:47:12.555 - WARNING: Params [module.irn.operations.2.NF.conv1.bias] will not optimize.
2025-06-23 15:47:12,555 - WARNING - Params [module.irn.operations.2.NF.conv1.bias] will not optimize.
25-06-23 15:47:12.555 - WARNING: Params [module.irn.operations.2.NF.conv2.weight] will not optimize.
2025-06-23 15:47:12,555 - WARNING - Params [module.irn.operations.2.NF.conv2.weight] will not optimize.
25-06-23 15:47:12.555 - WARNING: Params [module.irn.operations.2.NF.conv2.bias] will not optimize.
2025-06-23 15:47:12,555 - WARNING - Params [module.irn.operations.2.NF.conv2.bias] will not optimize.
25-06-23 15:47:12.555 - WARNING: Params [module.irn.operations.2.NF.conv3.weight] will not optimize.
2025-06-23 15:47:12,555 - WARNING - Params [module.irn.operations.2.NF.conv3.weight] will not optimize.
25-06-23 15:47:12.555 - WARNING: Params [module.irn.operations.2.NF.conv3.bias] will not optimize.
2025-06-23 15:47:12,555 - WARNING - Params [module.irn.operations.2.NF.conv3.bias] will not optimize.
25-06-23 15:47:12.555 - WARNING: Params [module.irn.operations.2.NF.sca.1.weight] will not optimize.
2025-06-23 15:47:12,555 - WARNING - Params [module.irn.operations.2.NF.sca.1.weight] will not optimize.
25-06-23 15:47:12.555 - WARNING: Params [module.irn.operations.2.NF.sca.1.bias] will not optimize.
2025-06-23 15:47:12,555 - WARNING - Params [module.irn.operations.2.NF.sca.1.bias] will not optimize.
25-06-23 15:47:12.555 - WARNING: Params [module.irn.operations.2.NF.conv4.weight] will not optimize.
2025-06-23 15:47:12,555 - WARNING - Params [module.irn.operations.2.NF.conv4.weight] will not optimize.
25-06-23 15:47:12.555 - WARNING: Params [module.irn.operations.2.NF.conv4.bias] will not optimize.
2025-06-23 15:47:12,555 - WARNING - Params [module.irn.operations.2.NF.conv4.bias] will not optimize.
25-06-23 15:47:12.555 - WARNING: Params [module.irn.operations.2.NF.conv5.weight] will not optimize.
2025-06-23 15:47:12,555 - WARNING - Params [module.irn.operations.2.NF.conv5.weight] will not optimize.
25-06-23 15:47:12.555 - WARNING: Params [module.irn.operations.2.NF.conv5.bias] will not optimize.
2025-06-23 15:47:12,555 - WARNING - Params [module.irn.operations.2.NF.conv5.bias] will not optimize.
25-06-23 15:47:12.555 - WARNING: Params [module.irn.operations.2.NF.norm1.weight] will not optimize.
2025-06-23 15:47:12,555 - WARNING - Params [module.irn.operations.2.NF.norm1.weight] will not optimize.
25-06-23 15:47:12.555 - WARNING: Params [module.irn.operations.2.NF.norm1.bias] will not optimize.
2025-06-23 15:47:12,555 - WARNING - Params [module.irn.operations.2.NF.norm1.bias] will not optimize.
25-06-23 15:47:12.555 - WARNING: Params [module.irn.operations.2.NF.norm2.weight] will not optimize.
2025-06-23 15:47:12,555 - WARNING - Params [module.irn.operations.2.NF.norm2.weight] will not optimize.
25-06-23 15:47:12.555 - WARNING: Params [module.irn.operations.2.NF.norm2.bias] will not optimize.
2025-06-23 15:47:12,555 - WARNING - Params [module.irn.operations.2.NF.norm2.bias] will not optimize.
25-06-23 15:47:12.555 - WARNING: Params [module.irn.operations.2.G.conv1.weight] will not optimize.
2025-06-23 15:47:12,555 - WARNING - Params [module.irn.operations.2.G.conv1.weight] will not optimize.
25-06-23 15:47:12.556 - WARNING: Params [module.irn.operations.2.G.conv1.bias] will not optimize.
2025-06-23 15:47:12,556 - WARNING - Params [module.irn.operations.2.G.conv1.bias] will not optimize.
25-06-23 15:47:12.556 - WARNING: Params [module.irn.operations.2.G.conv2.weight] will not optimize.
2025-06-23 15:47:12,556 - WARNING - Params [module.irn.operations.2.G.conv2.weight] will not optimize.
25-06-23 15:47:12.556 - WARNING: Params [module.irn.operations.2.G.conv2.bias] will not optimize.
2025-06-23 15:47:12,556 - WARNING - Params [module.irn.operations.2.G.conv2.bias] will not optimize.
25-06-23 15:47:12.556 - WARNING: Params [module.irn.operations.2.G.conv3.weight] will not optimize.
2025-06-23 15:47:12,556 - WARNING - Params [module.irn.operations.2.G.conv3.weight] will not optimize.
25-06-23 15:47:12.556 - WARNING: Params [module.irn.operations.2.G.conv3.bias] will not optimize.
2025-06-23 15:47:12,556 - WARNING - Params [module.irn.operations.2.G.conv3.bias] will not optimize.
25-06-23 15:47:12.556 - WARNING: Params [module.irn.operations.2.G.conv4.weight] will not optimize.
2025-06-23 15:47:12,556 - WARNING - Params [module.irn.operations.2.G.conv4.weight] will not optimize.
25-06-23 15:47:12.556 - WARNING: Params [module.irn.operations.2.G.conv4.bias] will not optimize.
2025-06-23 15:47:12,556 - WARNING - Params [module.irn.operations.2.G.conv4.bias] will not optimize.
25-06-23 15:47:12.556 - WARNING: Params [module.irn.operations.2.G.conv5.weight] will not optimize.
2025-06-23 15:47:12,556 - WARNING - Params [module.irn.operations.2.G.conv5.weight] will not optimize.
25-06-23 15:47:12.556 - WARNING: Params [module.irn.operations.2.G.conv5.bias] will not optimize.
2025-06-23 15:47:12,556 - WARNING - Params [module.irn.operations.2.G.conv5.bias] will not optimize.
25-06-23 15:47:12.556 - WARNING: Params [module.irn.operations.2.NG.beta] will not optimize.
2025-06-23 15:47:12,556 - WARNING - Params [module.irn.operations.2.NG.beta] will not optimize.
25-06-23 15:47:12.556 - WARNING: Params [module.irn.operations.2.NG.gamma] will not optimize.
2025-06-23 15:47:12,556 - WARNING - Params [module.irn.operations.2.NG.gamma] will not optimize.
25-06-23 15:47:12.556 - WARNING: Params [module.irn.operations.2.NG.conv1.weight] will not optimize.
2025-06-23 15:47:12,556 - WARNING - Params [module.irn.operations.2.NG.conv1.weight] will not optimize.
25-06-23 15:47:12.556 - WARNING: Params [module.irn.operations.2.NG.conv1.bias] will not optimize.
2025-06-23 15:47:12,556 - WARNING - Params [module.irn.operations.2.NG.conv1.bias] will not optimize.
25-06-23 15:47:12.556 - WARNING: Params [module.irn.operations.2.NG.conv2.weight] will not optimize.
2025-06-23 15:47:12,556 - WARNING - Params [module.irn.operations.2.NG.conv2.weight] will not optimize.
25-06-23 15:47:12.556 - WARNING: Params [module.irn.operations.2.NG.conv2.bias] will not optimize.
2025-06-23 15:47:12,556 - WARNING - Params [module.irn.operations.2.NG.conv2.bias] will not optimize.
25-06-23 15:47:12.556 - WARNING: Params [module.irn.operations.2.NG.conv3.weight] will not optimize.
2025-06-23 15:47:12,556 - WARNING - Params [module.irn.operations.2.NG.conv3.weight] will not optimize.
25-06-23 15:47:12.556 - WARNING: Params [module.irn.operations.2.NG.conv3.bias] will not optimize.
2025-06-23 15:47:12,556 - WARNING - Params [module.irn.operations.2.NG.conv3.bias] will not optimize.
25-06-23 15:47:12.556 - WARNING: Params [module.irn.operations.2.NG.sca.1.weight] will not optimize.
2025-06-23 15:47:12,556 - WARNING - Params [module.irn.operations.2.NG.sca.1.weight] will not optimize.
25-06-23 15:47:12.557 - WARNING: Params [module.irn.operations.2.NG.sca.1.bias] will not optimize.
2025-06-23 15:47:12,557 - WARNING - Params [module.irn.operations.2.NG.sca.1.bias] will not optimize.
25-06-23 15:47:12.557 - WARNING: Params [module.irn.operations.2.NG.conv4.weight] will not optimize.
2025-06-23 15:47:12,557 - WARNING - Params [module.irn.operations.2.NG.conv4.weight] will not optimize.
25-06-23 15:47:12.557 - WARNING: Params [module.irn.operations.2.NG.conv4.bias] will not optimize.
2025-06-23 15:47:12,557 - WARNING - Params [module.irn.operations.2.NG.conv4.bias] will not optimize.
25-06-23 15:47:12.557 - WARNING: Params [module.irn.operations.2.NG.conv5.weight] will not optimize.
2025-06-23 15:47:12,557 - WARNING - Params [module.irn.operations.2.NG.conv5.weight] will not optimize.
25-06-23 15:47:12.557 - WARNING: Params [module.irn.operations.2.NG.conv5.bias] will not optimize.
2025-06-23 15:47:12,557 - WARNING - Params [module.irn.operations.2.NG.conv5.bias] will not optimize.
25-06-23 15:47:12.557 - WARNING: Params [module.irn.operations.2.NG.norm1.weight] will not optimize.
2025-06-23 15:47:12,557 - WARNING - Params [module.irn.operations.2.NG.norm1.weight] will not optimize.
25-06-23 15:47:12.557 - WARNING: Params [module.irn.operations.2.NG.norm1.bias] will not optimize.
2025-06-23 15:47:12,557 - WARNING - Params [module.irn.operations.2.NG.norm1.bias] will not optimize.
25-06-23 15:47:12.557 - WARNING: Params [module.irn.operations.2.NG.norm2.weight] will not optimize.
2025-06-23 15:47:12,557 - WARNING - Params [module.irn.operations.2.NG.norm2.weight] will not optimize.
25-06-23 15:47:12.557 - WARNING: Params [module.irn.operations.2.NG.norm2.bias] will not optimize.
2025-06-23 15:47:12,557 - WARNING - Params [module.irn.operations.2.NG.norm2.bias] will not optimize.
25-06-23 15:47:12.557 - WARNING: Params [module.irn.operations.2.H.conv1.weight] will not optimize.
2025-06-23 15:47:12,557 - WARNING - Params [module.irn.operations.2.H.conv1.weight] will not optimize.
25-06-23 15:47:12.557 - WARNING: Params [module.irn.operations.2.H.conv1.bias] will not optimize.
2025-06-23 15:47:12,557 - WARNING - Params [module.irn.operations.2.H.conv1.bias] will not optimize.
25-06-23 15:47:12.557 - WARNING: Params [module.irn.operations.2.H.conv2.weight] will not optimize.
2025-06-23 15:47:12,557 - WARNING - Params [module.irn.operations.2.H.conv2.weight] will not optimize.
25-06-23 15:47:12.557 - WARNING: Params [module.irn.operations.2.H.conv2.bias] will not optimize.
2025-06-23 15:47:12,557 - WARNING - Params [module.irn.operations.2.H.conv2.bias] will not optimize.
25-06-23 15:47:12.557 - WARNING: Params [module.irn.operations.2.H.conv3.weight] will not optimize.
2025-06-23 15:47:12,557 - WARNING - Params [module.irn.operations.2.H.conv3.weight] will not optimize.
25-06-23 15:47:12.557 - WARNING: Params [module.irn.operations.2.H.conv3.bias] will not optimize.
2025-06-23 15:47:12,557 - WARNING - Params [module.irn.operations.2.H.conv3.bias] will not optimize.
25-06-23 15:47:12.557 - WARNING: Params [module.irn.operations.2.H.conv4.weight] will not optimize.
2025-06-23 15:47:12,557 - WARNING - Params [module.irn.operations.2.H.conv4.weight] will not optimize.
25-06-23 15:47:12.557 - WARNING: Params [module.irn.operations.2.H.conv4.bias] will not optimize.
2025-06-23 15:47:12,557 - WARNING - Params [module.irn.operations.2.H.conv4.bias] will not optimize.
25-06-23 15:47:12.557 - WARNING: Params [module.irn.operations.2.H.conv5.weight] will not optimize.
2025-06-23 15:47:12,557 - WARNING - Params [module.irn.operations.2.H.conv5.weight] will not optimize.
25-06-23 15:47:12.557 - WARNING: Params [module.irn.operations.2.H.conv5.bias] will not optimize.
2025-06-23 15:47:12,557 - WARNING - Params [module.irn.operations.2.H.conv5.bias] will not optimize.
25-06-23 15:47:12.558 - WARNING: Params [module.irn.operations.2.NH.beta] will not optimize.
2025-06-23 15:47:12,558 - WARNING - Params [module.irn.operations.2.NH.beta] will not optimize.
25-06-23 15:47:12.558 - WARNING: Params [module.irn.operations.2.NH.gamma] will not optimize.
2025-06-23 15:47:12,558 - WARNING - Params [module.irn.operations.2.NH.gamma] will not optimize.
25-06-23 15:47:12.558 - WARNING: Params [module.irn.operations.2.NH.conv1.weight] will not optimize.
2025-06-23 15:47:12,558 - WARNING - Params [module.irn.operations.2.NH.conv1.weight] will not optimize.
25-06-23 15:47:12.558 - WARNING: Params [module.irn.operations.2.NH.conv1.bias] will not optimize.
2025-06-23 15:47:12,558 - WARNING - Params [module.irn.operations.2.NH.conv1.bias] will not optimize.
25-06-23 15:47:12.558 - WARNING: Params [module.irn.operations.2.NH.conv2.weight] will not optimize.
2025-06-23 15:47:12,558 - WARNING - Params [module.irn.operations.2.NH.conv2.weight] will not optimize.
25-06-23 15:47:12.558 - WARNING: Params [module.irn.operations.2.NH.conv2.bias] will not optimize.
2025-06-23 15:47:12,558 - WARNING - Params [module.irn.operations.2.NH.conv2.bias] will not optimize.
25-06-23 15:47:12.558 - WARNING: Params [module.irn.operations.2.NH.conv3.weight] will not optimize.
2025-06-23 15:47:12,558 - WARNING - Params [module.irn.operations.2.NH.conv3.weight] will not optimize.
25-06-23 15:47:12.558 - WARNING: Params [module.irn.operations.2.NH.conv3.bias] will not optimize.
2025-06-23 15:47:12,558 - WARNING - Params [module.irn.operations.2.NH.conv3.bias] will not optimize.
25-06-23 15:47:12.558 - WARNING: Params [module.irn.operations.2.NH.sca.1.weight] will not optimize.
2025-06-23 15:47:12,558 - WARNING - Params [module.irn.operations.2.NH.sca.1.weight] will not optimize.
25-06-23 15:47:12.558 - WARNING: Params [module.irn.operations.2.NH.sca.1.bias] will not optimize.
2025-06-23 15:47:12,558 - WARNING - Params [module.irn.operations.2.NH.sca.1.bias] will not optimize.
25-06-23 15:47:12.558 - WARNING: Params [module.irn.operations.2.NH.conv4.weight] will not optimize.
2025-06-23 15:47:12,558 - WARNING - Params [module.irn.operations.2.NH.conv4.weight] will not optimize.
25-06-23 15:47:12.558 - WARNING: Params [module.irn.operations.2.NH.conv4.bias] will not optimize.
2025-06-23 15:47:12,558 - WARNING - Params [module.irn.operations.2.NH.conv4.bias] will not optimize.
25-06-23 15:47:12.558 - WARNING: Params [module.irn.operations.2.NH.conv5.weight] will not optimize.
2025-06-23 15:47:12,558 - WARNING - Params [module.irn.operations.2.NH.conv5.weight] will not optimize.
25-06-23 15:47:12.558 - WARNING: Params [module.irn.operations.2.NH.conv5.bias] will not optimize.
2025-06-23 15:47:12,558 - WARNING - Params [module.irn.operations.2.NH.conv5.bias] will not optimize.
25-06-23 15:47:12.558 - WARNING: Params [module.irn.operations.2.NH.norm1.weight] will not optimize.
2025-06-23 15:47:12,558 - WARNING - Params [module.irn.operations.2.NH.norm1.weight] will not optimize.
25-06-23 15:47:12.558 - WARNING: Params [module.irn.operations.2.NH.norm1.bias] will not optimize.
2025-06-23 15:47:12,558 - WARNING - Params [module.irn.operations.2.NH.norm1.bias] will not optimize.
25-06-23 15:47:12.558 - WARNING: Params [module.irn.operations.2.NH.norm2.weight] will not optimize.
2025-06-23 15:47:12,558 - WARNING - Params [module.irn.operations.2.NH.norm2.weight] will not optimize.
25-06-23 15:47:12.558 - WARNING: Params [module.irn.operations.2.NH.norm2.bias] will not optimize.
2025-06-23 15:47:12,558 - WARNING - Params [module.irn.operations.2.NH.norm2.bias] will not optimize.
25-06-23 15:47:12.559 - WARNING: Params [module.irn.operations.3.F.conv1.weight] will not optimize.
2025-06-23 15:47:12,559 - WARNING - Params [module.irn.operations.3.F.conv1.weight] will not optimize.
25-06-23 15:47:12.559 - WARNING: Params [module.irn.operations.3.F.conv1.bias] will not optimize.
2025-06-23 15:47:12,559 - WARNING - Params [module.irn.operations.3.F.conv1.bias] will not optimize.
25-06-23 15:47:12.559 - WARNING: Params [module.irn.operations.3.F.conv2.weight] will not optimize.
2025-06-23 15:47:12,559 - WARNING - Params [module.irn.operations.3.F.conv2.weight] will not optimize.
25-06-23 15:47:12.559 - WARNING: Params [module.irn.operations.3.F.conv2.bias] will not optimize.
2025-06-23 15:47:12,559 - WARNING - Params [module.irn.operations.3.F.conv2.bias] will not optimize.
25-06-23 15:47:12.559 - WARNING: Params [module.irn.operations.3.F.conv3.weight] will not optimize.
2025-06-23 15:47:12,559 - WARNING - Params [module.irn.operations.3.F.conv3.weight] will not optimize.
25-06-23 15:47:12.559 - WARNING: Params [module.irn.operations.3.F.conv3.bias] will not optimize.
2025-06-23 15:47:12,559 - WARNING - Params [module.irn.operations.3.F.conv3.bias] will not optimize.
25-06-23 15:47:12.559 - WARNING: Params [module.irn.operations.3.F.conv4.weight] will not optimize.
2025-06-23 15:47:12,559 - WARNING - Params [module.irn.operations.3.F.conv4.weight] will not optimize.
25-06-23 15:47:12.559 - WARNING: Params [module.irn.operations.3.F.conv4.bias] will not optimize.
2025-06-23 15:47:12,559 - WARNING - Params [module.irn.operations.3.F.conv4.bias] will not optimize.
25-06-23 15:47:12.559 - WARNING: Params [module.irn.operations.3.F.conv5.weight] will not optimize.
2025-06-23 15:47:12,559 - WARNING - Params [module.irn.operations.3.F.conv5.weight] will not optimize.
25-06-23 15:47:12.559 - WARNING: Params [module.irn.operations.3.F.conv5.bias] will not optimize.
2025-06-23 15:47:12,559 - WARNING - Params [module.irn.operations.3.F.conv5.bias] will not optimize.
25-06-23 15:47:12.559 - WARNING: Params [module.irn.operations.3.NF.beta] will not optimize.
2025-06-23 15:47:12,559 - WARNING - Params [module.irn.operations.3.NF.beta] will not optimize.
25-06-23 15:47:12.559 - WARNING: Params [module.irn.operations.3.NF.gamma] will not optimize.
2025-06-23 15:47:12,559 - WARNING - Params [module.irn.operations.3.NF.gamma] will not optimize.
25-06-23 15:47:12.559 - WARNING: Params [module.irn.operations.3.NF.conv1.weight] will not optimize.
2025-06-23 15:47:12,559 - WARNING - Params [module.irn.operations.3.NF.conv1.weight] will not optimize.
25-06-23 15:47:12.559 - WARNING: Params [module.irn.operations.3.NF.conv1.bias] will not optimize.
2025-06-23 15:47:12,559 - WARNING - Params [module.irn.operations.3.NF.conv1.bias] will not optimize.
25-06-23 15:47:12.559 - WARNING: Params [module.irn.operations.3.NF.conv2.weight] will not optimize.
2025-06-23 15:47:12,559 - WARNING - Params [module.irn.operations.3.NF.conv2.weight] will not optimize.
25-06-23 15:47:12.559 - WARNING: Params [module.irn.operations.3.NF.conv2.bias] will not optimize.
2025-06-23 15:47:12,559 - WARNING - Params [module.irn.operations.3.NF.conv2.bias] will not optimize.
25-06-23 15:47:12.559 - WARNING: Params [module.irn.operations.3.NF.conv3.weight] will not optimize.
2025-06-23 15:47:12,559 - WARNING - Params [module.irn.operations.3.NF.conv3.weight] will not optimize.
25-06-23 15:47:12.560 - WARNING: Params [module.irn.operations.3.NF.conv3.bias] will not optimize.
2025-06-23 15:47:12,560 - WARNING - Params [module.irn.operations.3.NF.conv3.bias] will not optimize.
25-06-23 15:47:12.560 - WARNING: Params [module.irn.operations.3.NF.sca.1.weight] will not optimize.
2025-06-23 15:47:12,560 - WARNING - Params [module.irn.operations.3.NF.sca.1.weight] will not optimize.
25-06-23 15:47:12.560 - WARNING: Params [module.irn.operations.3.NF.sca.1.bias] will not optimize.
2025-06-23 15:47:12,560 - WARNING - Params [module.irn.operations.3.NF.sca.1.bias] will not optimize.
25-06-23 15:47:12.560 - WARNING: Params [module.irn.operations.3.NF.conv4.weight] will not optimize.
2025-06-23 15:47:12,560 - WARNING - Params [module.irn.operations.3.NF.conv4.weight] will not optimize.
25-06-23 15:47:12.560 - WARNING: Params [module.irn.operations.3.NF.conv4.bias] will not optimize.
2025-06-23 15:47:12,560 - WARNING - Params [module.irn.operations.3.NF.conv4.bias] will not optimize.
25-06-23 15:47:12.560 - WARNING: Params [module.irn.operations.3.NF.conv5.weight] will not optimize.
2025-06-23 15:47:12,560 - WARNING - Params [module.irn.operations.3.NF.conv5.weight] will not optimize.
25-06-23 15:47:12.560 - WARNING: Params [module.irn.operations.3.NF.conv5.bias] will not optimize.
2025-06-23 15:47:12,560 - WARNING - Params [module.irn.operations.3.NF.conv5.bias] will not optimize.
25-06-23 15:47:12.560 - WARNING: Params [module.irn.operations.3.NF.norm1.weight] will not optimize.
2025-06-23 15:47:12,560 - WARNING - Params [module.irn.operations.3.NF.norm1.weight] will not optimize.
25-06-23 15:47:12.560 - WARNING: Params [module.irn.operations.3.NF.norm1.bias] will not optimize.
2025-06-23 15:47:12,560 - WARNING - Params [module.irn.operations.3.NF.norm1.bias] will not optimize.
25-06-23 15:47:12.560 - WARNING: Params [module.irn.operations.3.NF.norm2.weight] will not optimize.
2025-06-23 15:47:12,560 - WARNING - Params [module.irn.operations.3.NF.norm2.weight] will not optimize.
25-06-23 15:47:12.560 - WARNING: Params [module.irn.operations.3.NF.norm2.bias] will not optimize.
2025-06-23 15:47:12,560 - WARNING - Params [module.irn.operations.3.NF.norm2.bias] will not optimize.
25-06-23 15:47:12.560 - WARNING: Params [module.irn.operations.3.G.conv1.weight] will not optimize.
2025-06-23 15:47:12,560 - WARNING - Params [module.irn.operations.3.G.conv1.weight] will not optimize.
25-06-23 15:47:12.560 - WARNING: Params [module.irn.operations.3.G.conv1.bias] will not optimize.
2025-06-23 15:47:12,560 - WARNING - Params [module.irn.operations.3.G.conv1.bias] will not optimize.
25-06-23 15:47:12.560 - WARNING: Params [module.irn.operations.3.G.conv2.weight] will not optimize.
2025-06-23 15:47:12,560 - WARNING - Params [module.irn.operations.3.G.conv2.weight] will not optimize.
25-06-23 15:47:12.560 - WARNING: Params [module.irn.operations.3.G.conv2.bias] will not optimize.
2025-06-23 15:47:12,560 - WARNING - Params [module.irn.operations.3.G.conv2.bias] will not optimize.
25-06-23 15:47:12.560 - WARNING: Params [module.irn.operations.3.G.conv3.weight] will not optimize.
2025-06-23 15:47:12,560 - WARNING - Params [module.irn.operations.3.G.conv3.weight] will not optimize.
25-06-23 15:47:12.560 - WARNING: Params [module.irn.operations.3.G.conv3.bias] will not optimize.
2025-06-23 15:47:12,560 - WARNING - Params [module.irn.operations.3.G.conv3.bias] will not optimize.
25-06-23 15:47:12.560 - WARNING: Params [module.irn.operations.3.G.conv4.weight] will not optimize.
2025-06-23 15:47:12,560 - WARNING - Params [module.irn.operations.3.G.conv4.weight] will not optimize.
25-06-23 15:47:12.561 - WARNING: Params [module.irn.operations.3.G.conv4.bias] will not optimize.
2025-06-23 15:47:12,561 - WARNING - Params [module.irn.operations.3.G.conv4.bias] will not optimize.
25-06-23 15:47:12.561 - WARNING: Params [module.irn.operations.3.G.conv5.weight] will not optimize.
2025-06-23 15:47:12,561 - WARNING - Params [module.irn.operations.3.G.conv5.weight] will not optimize.
25-06-23 15:47:12.561 - WARNING: Params [module.irn.operations.3.G.conv5.bias] will not optimize.
2025-06-23 15:47:12,561 - WARNING - Params [module.irn.operations.3.G.conv5.bias] will not optimize.
25-06-23 15:47:12.561 - WARNING: Params [module.irn.operations.3.NG.beta] will not optimize.
2025-06-23 15:47:12,561 - WARNING - Params [module.irn.operations.3.NG.beta] will not optimize.
25-06-23 15:47:12.561 - WARNING: Params [module.irn.operations.3.NG.gamma] will not optimize.
2025-06-23 15:47:12,561 - WARNING - Params [module.irn.operations.3.NG.gamma] will not optimize.
25-06-23 15:47:12.561 - WARNING: Params [module.irn.operations.3.NG.conv1.weight] will not optimize.
2025-06-23 15:47:12,561 - WARNING - Params [module.irn.operations.3.NG.conv1.weight] will not optimize.
25-06-23 15:47:12.561 - WARNING: Params [module.irn.operations.3.NG.conv1.bias] will not optimize.
2025-06-23 15:47:12,561 - WARNING - Params [module.irn.operations.3.NG.conv1.bias] will not optimize.
25-06-23 15:47:12.561 - WARNING: Params [module.irn.operations.3.NG.conv2.weight] will not optimize.
2025-06-23 15:47:12,561 - WARNING - Params [module.irn.operations.3.NG.conv2.weight] will not optimize.
25-06-23 15:47:12.561 - WARNING: Params [module.irn.operations.3.NG.conv2.bias] will not optimize.
2025-06-23 15:47:12,561 - WARNING - Params [module.irn.operations.3.NG.conv2.bias] will not optimize.
25-06-23 15:47:12.561 - WARNING: Params [module.irn.operations.3.NG.conv3.weight] will not optimize.
2025-06-23 15:47:12,561 - WARNING - Params [module.irn.operations.3.NG.conv3.weight] will not optimize.
25-06-23 15:47:12.561 - WARNING: Params [module.irn.operations.3.NG.conv3.bias] will not optimize.
2025-06-23 15:47:12,561 - WARNING - Params [module.irn.operations.3.NG.conv3.bias] will not optimize.
25-06-23 15:47:12.561 - WARNING: Params [module.irn.operations.3.NG.sca.1.weight] will not optimize.
2025-06-23 15:47:12,561 - WARNING - Params [module.irn.operations.3.NG.sca.1.weight] will not optimize.
25-06-23 15:47:12.561 - WARNING: Params [module.irn.operations.3.NG.sca.1.bias] will not optimize.
2025-06-23 15:47:12,561 - WARNING - Params [module.irn.operations.3.NG.sca.1.bias] will not optimize.
25-06-23 15:47:12.561 - WARNING: Params [module.irn.operations.3.NG.conv4.weight] will not optimize.
2025-06-23 15:47:12,561 - WARNING - Params [module.irn.operations.3.NG.conv4.weight] will not optimize.
25-06-23 15:47:12.561 - WARNING: Params [module.irn.operations.3.NG.conv4.bias] will not optimize.
2025-06-23 15:47:12,561 - WARNING - Params [module.irn.operations.3.NG.conv4.bias] will not optimize.
25-06-23 15:47:12.561 - WARNING: Params [module.irn.operations.3.NG.conv5.weight] will not optimize.
2025-06-23 15:47:12,561 - WARNING - Params [module.irn.operations.3.NG.conv5.weight] will not optimize.
25-06-23 15:47:12.561 - WARNING: Params [module.irn.operations.3.NG.conv5.bias] will not optimize.
2025-06-23 15:47:12,561 - WARNING - Params [module.irn.operations.3.NG.conv5.bias] will not optimize.
25-06-23 15:47:12.561 - WARNING: Params [module.irn.operations.3.NG.norm1.weight] will not optimize.
2025-06-23 15:47:12,561 - WARNING - Params [module.irn.operations.3.NG.norm1.weight] will not optimize.
25-06-23 15:47:12.561 - WARNING: Params [module.irn.operations.3.NG.norm1.bias] will not optimize.
2025-06-23 15:47:12,561 - WARNING - Params [module.irn.operations.3.NG.norm1.bias] will not optimize.
25-06-23 15:47:12.562 - WARNING: Params [module.irn.operations.3.NG.norm2.weight] will not optimize.
2025-06-23 15:47:12,562 - WARNING - Params [module.irn.operations.3.NG.norm2.weight] will not optimize.
25-06-23 15:47:12.562 - WARNING: Params [module.irn.operations.3.NG.norm2.bias] will not optimize.
2025-06-23 15:47:12,562 - WARNING - Params [module.irn.operations.3.NG.norm2.bias] will not optimize.
25-06-23 15:47:12.562 - WARNING: Params [module.irn.operations.3.H.conv1.weight] will not optimize.
2025-06-23 15:47:12,562 - WARNING - Params [module.irn.operations.3.H.conv1.weight] will not optimize.
25-06-23 15:47:12.562 - WARNING: Params [module.irn.operations.3.H.conv1.bias] will not optimize.
2025-06-23 15:47:12,562 - WARNING - Params [module.irn.operations.3.H.conv1.bias] will not optimize.
25-06-23 15:47:12.562 - WARNING: Params [module.irn.operations.3.H.conv2.weight] will not optimize.
2025-06-23 15:47:12,562 - WARNING - Params [module.irn.operations.3.H.conv2.weight] will not optimize.
25-06-23 15:47:12.562 - WARNING: Params [module.irn.operations.3.H.conv2.bias] will not optimize.
2025-06-23 15:47:12,562 - WARNING - Params [module.irn.operations.3.H.conv2.bias] will not optimize.
25-06-23 15:47:12.562 - WARNING: Params [module.irn.operations.3.H.conv3.weight] will not optimize.
2025-06-23 15:47:12,562 - WARNING - Params [module.irn.operations.3.H.conv3.weight] will not optimize.
25-06-23 15:47:12.562 - WARNING: Params [module.irn.operations.3.H.conv3.bias] will not optimize.
2025-06-23 15:47:12,562 - WARNING - Params [module.irn.operations.3.H.conv3.bias] will not optimize.
25-06-23 15:47:12.562 - WARNING: Params [module.irn.operations.3.H.conv4.weight] will not optimize.
2025-06-23 15:47:12,562 - WARNING - Params [module.irn.operations.3.H.conv4.weight] will not optimize.
25-06-23 15:47:12.562 - WARNING: Params [module.irn.operations.3.H.conv4.bias] will not optimize.
2025-06-23 15:47:12,562 - WARNING - Params [module.irn.operations.3.H.conv4.bias] will not optimize.
25-06-23 15:47:12.562 - WARNING: Params [module.irn.operations.3.H.conv5.weight] will not optimize.
2025-06-23 15:47:12,562 - WARNING - Params [module.irn.operations.3.H.conv5.weight] will not optimize.
25-06-23 15:47:12.562 - WARNING: Params [module.irn.operations.3.H.conv5.bias] will not optimize.
2025-06-23 15:47:12,562 - WARNING - Params [module.irn.operations.3.H.conv5.bias] will not optimize.
25-06-23 15:47:12.562 - WARNING: Params [module.irn.operations.3.NH.beta] will not optimize.
2025-06-23 15:47:12,562 - WARNING - Params [module.irn.operations.3.NH.beta] will not optimize.
25-06-23 15:47:12.562 - WARNING: Params [module.irn.operations.3.NH.gamma] will not optimize.
2025-06-23 15:47:12,562 - WARNING - Params [module.irn.operations.3.NH.gamma] will not optimize.
25-06-23 15:47:12.562 - WARNING: Params [module.irn.operations.3.NH.conv1.weight] will not optimize.
2025-06-23 15:47:12,562 - WARNING - Params [module.irn.operations.3.NH.conv1.weight] will not optimize.
25-06-23 15:47:12.562 - WARNING: Params [module.irn.operations.3.NH.conv1.bias] will not optimize.
2025-06-23 15:47:12,562 - WARNING - Params [module.irn.operations.3.NH.conv1.bias] will not optimize.
25-06-23 15:47:12.562 - WARNING: Params [module.irn.operations.3.NH.conv2.weight] will not optimize.
2025-06-23 15:47:12,562 - WARNING - Params [module.irn.operations.3.NH.conv2.weight] will not optimize.
25-06-23 15:47:12.562 - WARNING: Params [module.irn.operations.3.NH.conv2.bias] will not optimize.
2025-06-23 15:47:12,562 - WARNING - Params [module.irn.operations.3.NH.conv2.bias] will not optimize.
25-06-23 15:47:12.563 - WARNING: Params [module.irn.operations.3.NH.conv3.weight] will not optimize.
2025-06-23 15:47:12,563 - WARNING - Params [module.irn.operations.3.NH.conv3.weight] will not optimize.
25-06-23 15:47:12.563 - WARNING: Params [module.irn.operations.3.NH.conv3.bias] will not optimize.
2025-06-23 15:47:12,563 - WARNING - Params [module.irn.operations.3.NH.conv3.bias] will not optimize.
25-06-23 15:47:12.563 - WARNING: Params [module.irn.operations.3.NH.sca.1.weight] will not optimize.
2025-06-23 15:47:12,563 - WARNING - Params [module.irn.operations.3.NH.sca.1.weight] will not optimize.
25-06-23 15:47:12.563 - WARNING: Params [module.irn.operations.3.NH.sca.1.bias] will not optimize.
2025-06-23 15:47:12,563 - WARNING - Params [module.irn.operations.3.NH.sca.1.bias] will not optimize.
25-06-23 15:47:12.563 - WARNING: Params [module.irn.operations.3.NH.conv4.weight] will not optimize.
2025-06-23 15:47:12,563 - WARNING - Params [module.irn.operations.3.NH.conv4.weight] will not optimize.
25-06-23 15:47:12.563 - WARNING: Params [module.irn.operations.3.NH.conv4.bias] will not optimize.
2025-06-23 15:47:12,563 - WARNING - Params [module.irn.operations.3.NH.conv4.bias] will not optimize.
25-06-23 15:47:12.563 - WARNING: Params [module.irn.operations.3.NH.conv5.weight] will not optimize.
2025-06-23 15:47:12,563 - WARNING - Params [module.irn.operations.3.NH.conv5.weight] will not optimize.
25-06-23 15:47:12.563 - WARNING: Params [module.irn.operations.3.NH.conv5.bias] will not optimize.
2025-06-23 15:47:12,563 - WARNING - Params [module.irn.operations.3.NH.conv5.bias] will not optimize.
25-06-23 15:47:12.563 - WARNING: Params [module.irn.operations.3.NH.norm1.weight] will not optimize.
2025-06-23 15:47:12,563 - WARNING - Params [module.irn.operations.3.NH.norm1.weight] will not optimize.
25-06-23 15:47:12.563 - WARNING: Params [module.irn.operations.3.NH.norm1.bias] will not optimize.
2025-06-23 15:47:12,563 - WARNING - Params [module.irn.operations.3.NH.norm1.bias] will not optimize.
25-06-23 15:47:12.563 - WARNING: Params [module.irn.operations.3.NH.norm2.weight] will not optimize.
2025-06-23 15:47:12,563 - WARNING - Params [module.irn.operations.3.NH.norm2.weight] will not optimize.
25-06-23 15:47:12.563 - WARNING: Params [module.irn.operations.3.NH.norm2.bias] will not optimize.
2025-06-23 15:47:12,563 - WARNING - Params [module.irn.operations.3.NH.norm2.bias] will not optimize.
25-06-23 15:47:12.563 - WARNING: Params [module.irn.operations.4.F.conv1.weight] will not optimize.
2025-06-23 15:47:12,563 - WARNING - Params [module.irn.operations.4.F.conv1.weight] will not optimize.
25-06-23 15:47:12.563 - WARNING: Params [module.irn.operations.4.F.conv1.bias] will not optimize.
2025-06-23 15:47:12,563 - WARNING - Params [module.irn.operations.4.F.conv1.bias] will not optimize.
25-06-23 15:47:12.563 - WARNING: Params [module.irn.operations.4.F.conv2.weight] will not optimize.
2025-06-23 15:47:12,563 - WARNING - Params [module.irn.operations.4.F.conv2.weight] will not optimize.
25-06-23 15:47:12.563 - WARNING: Params [module.irn.operations.4.F.conv2.bias] will not optimize.
2025-06-23 15:47:12,563 - WARNING - Params [module.irn.operations.4.F.conv2.bias] will not optimize.
25-06-23 15:47:12.563 - WARNING: Params [module.irn.operations.4.F.conv3.weight] will not optimize.
2025-06-23 15:47:12,563 - WARNING - Params [module.irn.operations.4.F.conv3.weight] will not optimize.
25-06-23 15:47:12.564 - WARNING: Params [module.irn.operations.4.F.conv3.bias] will not optimize.
2025-06-23 15:47:12,564 - WARNING - Params [module.irn.operations.4.F.conv3.bias] will not optimize.
25-06-23 15:47:12.564 - WARNING: Params [module.irn.operations.4.F.conv4.weight] will not optimize.
2025-06-23 15:47:12,564 - WARNING - Params [module.irn.operations.4.F.conv4.weight] will not optimize.
25-06-23 15:47:12.564 - WARNING: Params [module.irn.operations.4.F.conv4.bias] will not optimize.
2025-06-23 15:47:12,564 - WARNING - Params [module.irn.operations.4.F.conv4.bias] will not optimize.
25-06-23 15:47:12.564 - WARNING: Params [module.irn.operations.4.F.conv5.weight] will not optimize.
2025-06-23 15:47:12,564 - WARNING - Params [module.irn.operations.4.F.conv5.weight] will not optimize.
25-06-23 15:47:12.564 - WARNING: Params [module.irn.operations.4.F.conv5.bias] will not optimize.
2025-06-23 15:47:12,564 - WARNING - Params [module.irn.operations.4.F.conv5.bias] will not optimize.
25-06-23 15:47:12.564 - WARNING: Params [module.irn.operations.4.NF.beta] will not optimize.
2025-06-23 15:47:12,564 - WARNING - Params [module.irn.operations.4.NF.beta] will not optimize.
25-06-23 15:47:12.564 - WARNING: Params [module.irn.operations.4.NF.gamma] will not optimize.
2025-06-23 15:47:12,564 - WARNING - Params [module.irn.operations.4.NF.gamma] will not optimize.
25-06-23 15:47:12.564 - WARNING: Params [module.irn.operations.4.NF.conv1.weight] will not optimize.
2025-06-23 15:47:12,564 - WARNING - Params [module.irn.operations.4.NF.conv1.weight] will not optimize.
25-06-23 15:47:12.564 - WARNING: Params [module.irn.operations.4.NF.conv1.bias] will not optimize.
2025-06-23 15:47:12,564 - WARNING - Params [module.irn.operations.4.NF.conv1.bias] will not optimize.
25-06-23 15:47:12.564 - WARNING: Params [module.irn.operations.4.NF.conv2.weight] will not optimize.
2025-06-23 15:47:12,564 - WARNING - Params [module.irn.operations.4.NF.conv2.weight] will not optimize.
25-06-23 15:47:12.564 - WARNING: Params [module.irn.operations.4.NF.conv2.bias] will not optimize.
2025-06-23 15:47:12,564 - WARNING - Params [module.irn.operations.4.NF.conv2.bias] will not optimize.
25-06-23 15:47:12.564 - WARNING: Params [module.irn.operations.4.NF.conv3.weight] will not optimize.
2025-06-23 15:47:12,564 - WARNING - Params [module.irn.operations.4.NF.conv3.weight] will not optimize.
25-06-23 15:47:12.564 - WARNING: Params [module.irn.operations.4.NF.conv3.bias] will not optimize.
2025-06-23 15:47:12,564 - WARNING - Params [module.irn.operations.4.NF.conv3.bias] will not optimize.
25-06-23 15:47:12.564 - WARNING: Params [module.irn.operations.4.NF.sca.1.weight] will not optimize.
2025-06-23 15:47:12,564 - WARNING - Params [module.irn.operations.4.NF.sca.1.weight] will not optimize.
25-06-23 15:47:12.564 - WARNING: Params [module.irn.operations.4.NF.sca.1.bias] will not optimize.
2025-06-23 15:47:12,564 - WARNING - Params [module.irn.operations.4.NF.sca.1.bias] will not optimize.
25-06-23 15:47:12.564 - WARNING: Params [module.irn.operations.4.NF.conv4.weight] will not optimize.
2025-06-23 15:47:12,564 - WARNING - Params [module.irn.operations.4.NF.conv4.weight] will not optimize.
25-06-23 15:47:12.564 - WARNING: Params [module.irn.operations.4.NF.conv4.bias] will not optimize.
2025-06-23 15:47:12,564 - WARNING - Params [module.irn.operations.4.NF.conv4.bias] will not optimize.
25-06-23 15:47:12.564 - WARNING: Params [module.irn.operations.4.NF.conv5.weight] will not optimize.
2025-06-23 15:47:12,564 - WARNING - Params [module.irn.operations.4.NF.conv5.weight] will not optimize.
25-06-23 15:47:12.564 - WARNING: Params [module.irn.operations.4.NF.conv5.bias] will not optimize.
2025-06-23 15:47:12,564 - WARNING - Params [module.irn.operations.4.NF.conv5.bias] will not optimize.
25-06-23 15:47:12.565 - WARNING: Params [module.irn.operations.4.NF.norm1.weight] will not optimize.
2025-06-23 15:47:12,565 - WARNING - Params [module.irn.operations.4.NF.norm1.weight] will not optimize.
25-06-23 15:47:12.565 - WARNING: Params [module.irn.operations.4.NF.norm1.bias] will not optimize.
2025-06-23 15:47:12,565 - WARNING - Params [module.irn.operations.4.NF.norm1.bias] will not optimize.
25-06-23 15:47:12.565 - WARNING: Params [module.irn.operations.4.NF.norm2.weight] will not optimize.
2025-06-23 15:47:12,565 - WARNING - Params [module.irn.operations.4.NF.norm2.weight] will not optimize.
25-06-23 15:47:12.565 - WARNING: Params [module.irn.operations.4.NF.norm2.bias] will not optimize.
2025-06-23 15:47:12,565 - WARNING - Params [module.irn.operations.4.NF.norm2.bias] will not optimize.
25-06-23 15:47:12.565 - WARNING: Params [module.irn.operations.4.G.conv1.weight] will not optimize.
2025-06-23 15:47:12,565 - WARNING - Params [module.irn.operations.4.G.conv1.weight] will not optimize.
25-06-23 15:47:12.565 - WARNING: Params [module.irn.operations.4.G.conv1.bias] will not optimize.
2025-06-23 15:47:12,565 - WARNING - Params [module.irn.operations.4.G.conv1.bias] will not optimize.
25-06-23 15:47:12.565 - WARNING: Params [module.irn.operations.4.G.conv2.weight] will not optimize.
2025-06-23 15:47:12,565 - WARNING - Params [module.irn.operations.4.G.conv2.weight] will not optimize.
25-06-23 15:47:12.565 - WARNING: Params [module.irn.operations.4.G.conv2.bias] will not optimize.
2025-06-23 15:47:12,565 - WARNING - Params [module.irn.operations.4.G.conv2.bias] will not optimize.
25-06-23 15:47:12.565 - WARNING: Params [module.irn.operations.4.G.conv3.weight] will not optimize.
2025-06-23 15:47:12,565 - WARNING - Params [module.irn.operations.4.G.conv3.weight] will not optimize.
25-06-23 15:47:12.565 - WARNING: Params [module.irn.operations.4.G.conv3.bias] will not optimize.
2025-06-23 15:47:12,565 - WARNING - Params [module.irn.operations.4.G.conv3.bias] will not optimize.
25-06-23 15:47:12.565 - WARNING: Params [module.irn.operations.4.G.conv4.weight] will not optimize.
2025-06-23 15:47:12,565 - WARNING - Params [module.irn.operations.4.G.conv4.weight] will not optimize.
25-06-23 15:47:12.565 - WARNING: Params [module.irn.operations.4.G.conv4.bias] will not optimize.
2025-06-23 15:47:12,565 - WARNING - Params [module.irn.operations.4.G.conv4.bias] will not optimize.
25-06-23 15:47:12.565 - WARNING: Params [module.irn.operations.4.G.conv5.weight] will not optimize.
2025-06-23 15:47:12,565 - WARNING - Params [module.irn.operations.4.G.conv5.weight] will not optimize.
25-06-23 15:47:12.565 - WARNING: Params [module.irn.operations.4.G.conv5.bias] will not optimize.
2025-06-23 15:47:12,565 - WARNING - Params [module.irn.operations.4.G.conv5.bias] will not optimize.
25-06-23 15:47:12.565 - WARNING: Params [module.irn.operations.4.NG.beta] will not optimize.
2025-06-23 15:47:12,565 - WARNING - Params [module.irn.operations.4.NG.beta] will not optimize.
25-06-23 15:47:12.565 - WARNING: Params [module.irn.operations.4.NG.gamma] will not optimize.
2025-06-23 15:47:12,565 - WARNING - Params [module.irn.operations.4.NG.gamma] will not optimize.
25-06-23 15:47:12.565 - WARNING: Params [module.irn.operations.4.NG.conv1.weight] will not optimize.
2025-06-23 15:47:12,565 - WARNING - Params [module.irn.operations.4.NG.conv1.weight] will not optimize.
25-06-23 15:47:12.565 - WARNING: Params [module.irn.operations.4.NG.conv1.bias] will not optimize.
2025-06-23 15:47:12,565 - WARNING - Params [module.irn.operations.4.NG.conv1.bias] will not optimize.
25-06-23 15:47:12.566 - WARNING: Params [module.irn.operations.4.NG.conv2.weight] will not optimize.
2025-06-23 15:47:12,566 - WARNING - Params [module.irn.operations.4.NG.conv2.weight] will not optimize.
25-06-23 15:47:12.566 - WARNING: Params [module.irn.operations.4.NG.conv2.bias] will not optimize.
2025-06-23 15:47:12,566 - WARNING - Params [module.irn.operations.4.NG.conv2.bias] will not optimize.
25-06-23 15:47:12.566 - WARNING: Params [module.irn.operations.4.NG.conv3.weight] will not optimize.
2025-06-23 15:47:12,566 - WARNING - Params [module.irn.operations.4.NG.conv3.weight] will not optimize.
25-06-23 15:47:12.566 - WARNING: Params [module.irn.operations.4.NG.conv3.bias] will not optimize.
2025-06-23 15:47:12,566 - WARNING - Params [module.irn.operations.4.NG.conv3.bias] will not optimize.
25-06-23 15:47:12.566 - WARNING: Params [module.irn.operations.4.NG.sca.1.weight] will not optimize.
2025-06-23 15:47:12,566 - WARNING - Params [module.irn.operations.4.NG.sca.1.weight] will not optimize.
25-06-23 15:47:12.566 - WARNING: Params [module.irn.operations.4.NG.sca.1.bias] will not optimize.
2025-06-23 15:47:12,566 - WARNING - Params [module.irn.operations.4.NG.sca.1.bias] will not optimize.
25-06-23 15:47:12.566 - WARNING: Params [module.irn.operations.4.NG.conv4.weight] will not optimize.
2025-06-23 15:47:12,566 - WARNING - Params [module.irn.operations.4.NG.conv4.weight] will not optimize.
25-06-23 15:47:12.566 - WARNING: Params [module.irn.operations.4.NG.conv4.bias] will not optimize.
2025-06-23 15:47:12,566 - WARNING - Params [module.irn.operations.4.NG.conv4.bias] will not optimize.
25-06-23 15:47:12.566 - WARNING: Params [module.irn.operations.4.NG.conv5.weight] will not optimize.
2025-06-23 15:47:12,566 - WARNING - Params [module.irn.operations.4.NG.conv5.weight] will not optimize.
25-06-23 15:47:12.566 - WARNING: Params [module.irn.operations.4.NG.conv5.bias] will not optimize.
2025-06-23 15:47:12,566 - WARNING - Params [module.irn.operations.4.NG.conv5.bias] will not optimize.
25-06-23 15:47:12.566 - WARNING: Params [module.irn.operations.4.NG.norm1.weight] will not optimize.
2025-06-23 15:47:12,566 - WARNING - Params [module.irn.operations.4.NG.norm1.weight] will not optimize.
25-06-23 15:47:12.566 - WARNING: Params [module.irn.operations.4.NG.norm1.bias] will not optimize.
2025-06-23 15:47:12,566 - WARNING - Params [module.irn.operations.4.NG.norm1.bias] will not optimize.
25-06-23 15:47:12.566 - WARNING: Params [module.irn.operations.4.NG.norm2.weight] will not optimize.
2025-06-23 15:47:12,566 - WARNING - Params [module.irn.operations.4.NG.norm2.weight] will not optimize.
25-06-23 15:47:12.566 - WARNING: Params [module.irn.operations.4.NG.norm2.bias] will not optimize.
2025-06-23 15:47:12,566 - WARNING - Params [module.irn.operations.4.NG.norm2.bias] will not optimize.
25-06-23 15:47:12.566 - WARNING: Params [module.irn.operations.4.H.conv1.weight] will not optimize.
2025-06-23 15:47:12,566 - WARNING - Params [module.irn.operations.4.H.conv1.weight] will not optimize.
25-06-23 15:47:12.566 - WARNING: Params [module.irn.operations.4.H.conv1.bias] will not optimize.
2025-06-23 15:47:12,566 - WARNING - Params [module.irn.operations.4.H.conv1.bias] will not optimize.
25-06-23 15:47:12.566 - WARNING: Params [module.irn.operations.4.H.conv2.weight] will not optimize.
2025-06-23 15:47:12,566 - WARNING - Params [module.irn.operations.4.H.conv2.weight] will not optimize.
25-06-23 15:47:12.566 - WARNING: Params [module.irn.operations.4.H.conv2.bias] will not optimize.
2025-06-23 15:47:12,566 - WARNING - Params [module.irn.operations.4.H.conv2.bias] will not optimize.
25-06-23 15:47:12.567 - WARNING: Params [module.irn.operations.4.H.conv3.weight] will not optimize.
2025-06-23 15:47:12,567 - WARNING - Params [module.irn.operations.4.H.conv3.weight] will not optimize.
25-06-23 15:47:12.567 - WARNING: Params [module.irn.operations.4.H.conv3.bias] will not optimize.
2025-06-23 15:47:12,567 - WARNING - Params [module.irn.operations.4.H.conv3.bias] will not optimize.
25-06-23 15:47:12.567 - WARNING: Params [module.irn.operations.4.H.conv4.weight] will not optimize.
2025-06-23 15:47:12,567 - WARNING - Params [module.irn.operations.4.H.conv4.weight] will not optimize.
25-06-23 15:47:12.567 - WARNING: Params [module.irn.operations.4.H.conv4.bias] will not optimize.
2025-06-23 15:47:12,567 - WARNING - Params [module.irn.operations.4.H.conv4.bias] will not optimize.
25-06-23 15:47:12.567 - WARNING: Params [module.irn.operations.4.H.conv5.weight] will not optimize.
2025-06-23 15:47:12,567 - WARNING - Params [module.irn.operations.4.H.conv5.weight] will not optimize.
25-06-23 15:47:12.567 - WARNING: Params [module.irn.operations.4.H.conv5.bias] will not optimize.
2025-06-23 15:47:12,567 - WARNING - Params [module.irn.operations.4.H.conv5.bias] will not optimize.
25-06-23 15:47:12.567 - WARNING: Params [module.irn.operations.4.NH.beta] will not optimize.
2025-06-23 15:47:12,567 - WARNING - Params [module.irn.operations.4.NH.beta] will not optimize.
25-06-23 15:47:12.567 - WARNING: Params [module.irn.operations.4.NH.gamma] will not optimize.
2025-06-23 15:47:12,567 - WARNING - Params [module.irn.operations.4.NH.gamma] will not optimize.
25-06-23 15:47:12.567 - WARNING: Params [module.irn.operations.4.NH.conv1.weight] will not optimize.
2025-06-23 15:47:12,567 - WARNING - Params [module.irn.operations.4.NH.conv1.weight] will not optimize.
25-06-23 15:47:12.567 - WARNING: Params [module.irn.operations.4.NH.conv1.bias] will not optimize.
2025-06-23 15:47:12,567 - WARNING - Params [module.irn.operations.4.NH.conv1.bias] will not optimize.
25-06-23 15:47:12.567 - WARNING: Params [module.irn.operations.4.NH.conv2.weight] will not optimize.
2025-06-23 15:47:12,567 - WARNING - Params [module.irn.operations.4.NH.conv2.weight] will not optimize.
25-06-23 15:47:12.567 - WARNING: Params [module.irn.operations.4.NH.conv2.bias] will not optimize.
2025-06-23 15:47:12,567 - WARNING - Params [module.irn.operations.4.NH.conv2.bias] will not optimize.
25-06-23 15:47:12.567 - WARNING: Params [module.irn.operations.4.NH.conv3.weight] will not optimize.
2025-06-23 15:47:12,567 - WARNING - Params [module.irn.operations.4.NH.conv3.weight] will not optimize.
25-06-23 15:47:12.567 - WARNING: Params [module.irn.operations.4.NH.conv3.bias] will not optimize.
2025-06-23 15:47:12,567 - WARNING - Params [module.irn.operations.4.NH.conv3.bias] will not optimize.
25-06-23 15:47:12.567 - WARNING: Params [module.irn.operations.4.NH.sca.1.weight] will not optimize.
2025-06-23 15:47:12,567 - WARNING - Params [module.irn.operations.4.NH.sca.1.weight] will not optimize.
25-06-23 15:47:12.567 - WARNING: Params [module.irn.operations.4.NH.sca.1.bias] will not optimize.
2025-06-23 15:47:12,567 - WARNING - Params [module.irn.operations.4.NH.sca.1.bias] will not optimize.
25-06-23 15:47:12.567 - WARNING: Params [module.irn.operations.4.NH.conv4.weight] will not optimize.
2025-06-23 15:47:12,567 - WARNING - Params [module.irn.operations.4.NH.conv4.weight] will not optimize.
25-06-23 15:47:12.567 - WARNING: Params [module.irn.operations.4.NH.conv4.bias] will not optimize.
2025-06-23 15:47:12,567 - WARNING - Params [module.irn.operations.4.NH.conv4.bias] will not optimize.
25-06-23 15:47:12.568 - WARNING: Params [module.irn.operations.4.NH.conv5.weight] will not optimize.
2025-06-23 15:47:12,568 - WARNING - Params [module.irn.operations.4.NH.conv5.weight] will not optimize.
25-06-23 15:47:12.568 - WARNING: Params [module.irn.operations.4.NH.conv5.bias] will not optimize.
2025-06-23 15:47:12,568 - WARNING - Params [module.irn.operations.4.NH.conv5.bias] will not optimize.
25-06-23 15:47:12.568 - WARNING: Params [module.irn.operations.4.NH.norm1.weight] will not optimize.
2025-06-23 15:47:12,568 - WARNING - Params [module.irn.operations.4.NH.norm1.weight] will not optimize.
25-06-23 15:47:12.568 - WARNING: Params [module.irn.operations.4.NH.norm1.bias] will not optimize.
2025-06-23 15:47:12,568 - WARNING - Params [module.irn.operations.4.NH.norm1.bias] will not optimize.
25-06-23 15:47:12.568 - WARNING: Params [module.irn.operations.4.NH.norm2.weight] will not optimize.
2025-06-23 15:47:12,568 - WARNING - Params [module.irn.operations.4.NH.norm2.weight] will not optimize.
25-06-23 15:47:12.568 - WARNING: Params [module.irn.operations.4.NH.norm2.bias] will not optimize.
2025-06-23 15:47:12,568 - WARNING - Params [module.irn.operations.4.NH.norm2.bias] will not optimize.
25-06-23 15:47:12.568 - WARNING: Params [module.irn.operations.5.F.conv1.weight] will not optimize.
2025-06-23 15:47:12,568 - WARNING - Params [module.irn.operations.5.F.conv1.weight] will not optimize.
25-06-23 15:47:12.568 - WARNING: Params [module.irn.operations.5.F.conv1.bias] will not optimize.
2025-06-23 15:47:12,568 - WARNING - Params [module.irn.operations.5.F.conv1.bias] will not optimize.
25-06-23 15:47:12.568 - WARNING: Params [module.irn.operations.5.F.conv2.weight] will not optimize.
2025-06-23 15:47:12,568 - WARNING - Params [module.irn.operations.5.F.conv2.weight] will not optimize.
25-06-23 15:47:12.568 - WARNING: Params [module.irn.operations.5.F.conv2.bias] will not optimize.
2025-06-23 15:47:12,568 - WARNING - Params [module.irn.operations.5.F.conv2.bias] will not optimize.
25-06-23 15:47:12.568 - WARNING: Params [module.irn.operations.5.F.conv3.weight] will not optimize.
2025-06-23 15:47:12,568 - WARNING - Params [module.irn.operations.5.F.conv3.weight] will not optimize.
25-06-23 15:47:12.568 - WARNING: Params [module.irn.operations.5.F.conv3.bias] will not optimize.
2025-06-23 15:47:12,568 - WARNING - Params [module.irn.operations.5.F.conv3.bias] will not optimize.
25-06-23 15:47:12.568 - WARNING: Params [module.irn.operations.5.F.conv4.weight] will not optimize.
2025-06-23 15:47:12,568 - WARNING - Params [module.irn.operations.5.F.conv4.weight] will not optimize.
25-06-23 15:47:12.568 - WARNING: Params [module.irn.operations.5.F.conv4.bias] will not optimize.
2025-06-23 15:47:12,568 - WARNING - Params [module.irn.operations.5.F.conv4.bias] will not optimize.
25-06-23 15:47:12.568 - WARNING: Params [module.irn.operations.5.F.conv5.weight] will not optimize.
2025-06-23 15:47:12,568 - WARNING - Params [module.irn.operations.5.F.conv5.weight] will not optimize.
25-06-23 15:47:12.568 - WARNING: Params [module.irn.operations.5.F.conv5.bias] will not optimize.
2025-06-23 15:47:12,568 - WARNING - Params [module.irn.operations.5.F.conv5.bias] will not optimize.
25-06-23 15:47:12.568 - WARNING: Params [module.irn.operations.5.NF.beta] will not optimize.
2025-06-23 15:47:12,568 - WARNING - Params [module.irn.operations.5.NF.beta] will not optimize.
25-06-23 15:47:12.568 - WARNING: Params [module.irn.operations.5.NF.gamma] will not optimize.
2025-06-23 15:47:12,568 - WARNING - Params [module.irn.operations.5.NF.gamma] will not optimize.
25-06-23 15:47:12.568 - WARNING: Params [module.irn.operations.5.NF.conv1.weight] will not optimize.
2025-06-23 15:47:12,568 - WARNING - Params [module.irn.operations.5.NF.conv1.weight] will not optimize.
25-06-23 15:47:12.569 - WARNING: Params [module.irn.operations.5.NF.conv1.bias] will not optimize.
2025-06-23 15:47:12,569 - WARNING - Params [module.irn.operations.5.NF.conv1.bias] will not optimize.
25-06-23 15:47:12.569 - WARNING: Params [module.irn.operations.5.NF.conv2.weight] will not optimize.
2025-06-23 15:47:12,569 - WARNING - Params [module.irn.operations.5.NF.conv2.weight] will not optimize.
25-06-23 15:47:12.569 - WARNING: Params [module.irn.operations.5.NF.conv2.bias] will not optimize.
2025-06-23 15:47:12,569 - WARNING - Params [module.irn.operations.5.NF.conv2.bias] will not optimize.
25-06-23 15:47:12.569 - WARNING: Params [module.irn.operations.5.NF.conv3.weight] will not optimize.
2025-06-23 15:47:12,569 - WARNING - Params [module.irn.operations.5.NF.conv3.weight] will not optimize.
25-06-23 15:47:12.569 - WARNING: Params [module.irn.operations.5.NF.conv3.bias] will not optimize.
2025-06-23 15:47:12,569 - WARNING - Params [module.irn.operations.5.NF.conv3.bias] will not optimize.
25-06-23 15:47:12.569 - WARNING: Params [module.irn.operations.5.NF.sca.1.weight] will not optimize.
2025-06-23 15:47:12,569 - WARNING - Params [module.irn.operations.5.NF.sca.1.weight] will not optimize.
25-06-23 15:47:12.569 - WARNING: Params [module.irn.operations.5.NF.sca.1.bias] will not optimize.
2025-06-23 15:47:12,569 - WARNING - Params [module.irn.operations.5.NF.sca.1.bias] will not optimize.
25-06-23 15:47:12.569 - WARNING: Params [module.irn.operations.5.NF.conv4.weight] will not optimize.
2025-06-23 15:47:12,569 - WARNING - Params [module.irn.operations.5.NF.conv4.weight] will not optimize.
25-06-23 15:47:12.569 - WARNING: Params [module.irn.operations.5.NF.conv4.bias] will not optimize.
2025-06-23 15:47:12,569 - WARNING - Params [module.irn.operations.5.NF.conv4.bias] will not optimize.
25-06-23 15:47:12.569 - WARNING: Params [module.irn.operations.5.NF.conv5.weight] will not optimize.
2025-06-23 15:47:12,569 - WARNING - Params [module.irn.operations.5.NF.conv5.weight] will not optimize.
25-06-23 15:47:12.569 - WARNING: Params [module.irn.operations.5.NF.conv5.bias] will not optimize.
2025-06-23 15:47:12,569 - WARNING - Params [module.irn.operations.5.NF.conv5.bias] will not optimize.
25-06-23 15:47:12.569 - WARNING: Params [module.irn.operations.5.NF.norm1.weight] will not optimize.
2025-06-23 15:47:12,569 - WARNING - Params [module.irn.operations.5.NF.norm1.weight] will not optimize.
25-06-23 15:47:12.569 - WARNING: Params [module.irn.operations.5.NF.norm1.bias] will not optimize.
2025-06-23 15:47:12,569 - WARNING - Params [module.irn.operations.5.NF.norm1.bias] will not optimize.
25-06-23 15:47:12.569 - WARNING: Params [module.irn.operations.5.NF.norm2.weight] will not optimize.
2025-06-23 15:47:12,569 - WARNING - Params [module.irn.operations.5.NF.norm2.weight] will not optimize.
25-06-23 15:47:12.569 - WARNING: Params [module.irn.operations.5.NF.norm2.bias] will not optimize.
2025-06-23 15:47:12,569 - WARNING - Params [module.irn.operations.5.NF.norm2.bias] will not optimize.
25-06-23 15:47:12.569 - WARNING: Params [module.irn.operations.5.G.conv1.weight] will not optimize.
2025-06-23 15:47:12,569 - WARNING - Params [module.irn.operations.5.G.conv1.weight] will not optimize.
25-06-23 15:47:12.569 - WARNING: Params [module.irn.operations.5.G.conv1.bias] will not optimize.
2025-06-23 15:47:12,569 - WARNING - Params [module.irn.operations.5.G.conv1.bias] will not optimize.
25-06-23 15:47:12.569 - WARNING: Params [module.irn.operations.5.G.conv2.weight] will not optimize.
2025-06-23 15:47:12,569 - WARNING - Params [module.irn.operations.5.G.conv2.weight] will not optimize.
25-06-23 15:47:12.570 - WARNING: Params [module.irn.operations.5.G.conv2.bias] will not optimize.
2025-06-23 15:47:12,570 - WARNING - Params [module.irn.operations.5.G.conv2.bias] will not optimize.
25-06-23 15:47:12.570 - WARNING: Params [module.irn.operations.5.G.conv3.weight] will not optimize.
2025-06-23 15:47:12,570 - WARNING - Params [module.irn.operations.5.G.conv3.weight] will not optimize.
25-06-23 15:47:12.570 - WARNING: Params [module.irn.operations.5.G.conv3.bias] will not optimize.
2025-06-23 15:47:12,570 - WARNING - Params [module.irn.operations.5.G.conv3.bias] will not optimize.
25-06-23 15:47:12.570 - WARNING: Params [module.irn.operations.5.G.conv4.weight] will not optimize.
2025-06-23 15:47:12,570 - WARNING - Params [module.irn.operations.5.G.conv4.weight] will not optimize.
25-06-23 15:47:12.570 - WARNING: Params [module.irn.operations.5.G.conv4.bias] will not optimize.
2025-06-23 15:47:12,570 - WARNING - Params [module.irn.operations.5.G.conv4.bias] will not optimize.
25-06-23 15:47:12.570 - WARNING: Params [module.irn.operations.5.G.conv5.weight] will not optimize.
2025-06-23 15:47:12,570 - WARNING - Params [module.irn.operations.5.G.conv5.weight] will not optimize.
25-06-23 15:47:12.570 - WARNING: Params [module.irn.operations.5.G.conv5.bias] will not optimize.
2025-06-23 15:47:12,570 - WARNING - Params [module.irn.operations.5.G.conv5.bias] will not optimize.
25-06-23 15:47:12.570 - WARNING: Params [module.irn.operations.5.NG.beta] will not optimize.
2025-06-23 15:47:12,570 - WARNING - Params [module.irn.operations.5.NG.beta] will not optimize.
25-06-23 15:47:12.570 - WARNING: Params [module.irn.operations.5.NG.gamma] will not optimize.
2025-06-23 15:47:12,570 - WARNING - Params [module.irn.operations.5.NG.gamma] will not optimize.
25-06-23 15:47:12.570 - WARNING: Params [module.irn.operations.5.NG.conv1.weight] will not optimize.
2025-06-23 15:47:12,570 - WARNING - Params [module.irn.operations.5.NG.conv1.weight] will not optimize.
25-06-23 15:47:12.570 - WARNING: Params [module.irn.operations.5.NG.conv1.bias] will not optimize.
2025-06-23 15:47:12,570 - WARNING - Params [module.irn.operations.5.NG.conv1.bias] will not optimize.
25-06-23 15:47:12.570 - WARNING: Params [module.irn.operations.5.NG.conv2.weight] will not optimize.
2025-06-23 15:47:12,570 - WARNING - Params [module.irn.operations.5.NG.conv2.weight] will not optimize.
25-06-23 15:47:12.570 - WARNING: Params [module.irn.operations.5.NG.conv2.bias] will not optimize.
2025-06-23 15:47:12,570 - WARNING - Params [module.irn.operations.5.NG.conv2.bias] will not optimize.
25-06-23 15:47:12.570 - WARNING: Params [module.irn.operations.5.NG.conv3.weight] will not optimize.
2025-06-23 15:47:12,570 - WARNING - Params [module.irn.operations.5.NG.conv3.weight] will not optimize.
25-06-23 15:47:12.570 - WARNING: Params [module.irn.operations.5.NG.conv3.bias] will not optimize.
2025-06-23 15:47:12,570 - WARNING - Params [module.irn.operations.5.NG.conv3.bias] will not optimize.
25-06-23 15:47:12.570 - WARNING: Params [module.irn.operations.5.NG.sca.1.weight] will not optimize.
2025-06-23 15:47:12,570 - WARNING - Params [module.irn.operations.5.NG.sca.1.weight] will not optimize.
25-06-23 15:47:12.570 - WARNING: Params [module.irn.operations.5.NG.sca.1.bias] will not optimize.
2025-06-23 15:47:12,570 - WARNING - Params [module.irn.operations.5.NG.sca.1.bias] will not optimize.
25-06-23 15:47:12.570 - WARNING: Params [module.irn.operations.5.NG.conv4.weight] will not optimize.
2025-06-23 15:47:12,570 - WARNING - Params [module.irn.operations.5.NG.conv4.weight] will not optimize.
25-06-23 15:47:12.570 - WARNING: Params [module.irn.operations.5.NG.conv4.bias] will not optimize.
2025-06-23 15:47:12,570 - WARNING - Params [module.irn.operations.5.NG.conv4.bias] will not optimize.
25-06-23 15:47:12.571 - WARNING: Params [module.irn.operations.5.NG.conv5.weight] will not optimize.
2025-06-23 15:47:12,571 - WARNING - Params [module.irn.operations.5.NG.conv5.weight] will not optimize.
25-06-23 15:47:12.571 - WARNING: Params [module.irn.operations.5.NG.conv5.bias] will not optimize.
2025-06-23 15:47:12,571 - WARNING - Params [module.irn.operations.5.NG.conv5.bias] will not optimize.
25-06-23 15:47:12.571 - WARNING: Params [module.irn.operations.5.NG.norm1.weight] will not optimize.
2025-06-23 15:47:12,571 - WARNING - Params [module.irn.operations.5.NG.norm1.weight] will not optimize.
25-06-23 15:47:12.571 - WARNING: Params [module.irn.operations.5.NG.norm1.bias] will not optimize.
2025-06-23 15:47:12,571 - WARNING - Params [module.irn.operations.5.NG.norm1.bias] will not optimize.
25-06-23 15:47:12.571 - WARNING: Params [module.irn.operations.5.NG.norm2.weight] will not optimize.
2025-06-23 15:47:12,571 - WARNING - Params [module.irn.operations.5.NG.norm2.weight] will not optimize.
25-06-23 15:47:12.571 - WARNING: Params [module.irn.operations.5.NG.norm2.bias] will not optimize.
2025-06-23 15:47:12,571 - WARNING - Params [module.irn.operations.5.NG.norm2.bias] will not optimize.
25-06-23 15:47:12.571 - WARNING: Params [module.irn.operations.5.H.conv1.weight] will not optimize.
2025-06-23 15:47:12,571 - WARNING - Params [module.irn.operations.5.H.conv1.weight] will not optimize.
25-06-23 15:47:12.571 - WARNING: Params [module.irn.operations.5.H.conv1.bias] will not optimize.
2025-06-23 15:47:12,571 - WARNING - Params [module.irn.operations.5.H.conv1.bias] will not optimize.
25-06-23 15:47:12.571 - WARNING: Params [module.irn.operations.5.H.conv2.weight] will not optimize.
2025-06-23 15:47:12,571 - WARNING - Params [module.irn.operations.5.H.conv2.weight] will not optimize.
25-06-23 15:47:12.571 - WARNING: Params [module.irn.operations.5.H.conv2.bias] will not optimize.
2025-06-23 15:47:12,571 - WARNING - Params [module.irn.operations.5.H.conv2.bias] will not optimize.
25-06-23 15:47:12.571 - WARNING: Params [module.irn.operations.5.H.conv3.weight] will not optimize.
2025-06-23 15:47:12,571 - WARNING - Params [module.irn.operations.5.H.conv3.weight] will not optimize.
25-06-23 15:47:12.571 - WARNING: Params [module.irn.operations.5.H.conv3.bias] will not optimize.
2025-06-23 15:47:12,571 - WARNING - Params [module.irn.operations.5.H.conv3.bias] will not optimize.
25-06-23 15:47:12.571 - WARNING: Params [module.irn.operations.5.H.conv4.weight] will not optimize.
2025-06-23 15:47:12,571 - WARNING - Params [module.irn.operations.5.H.conv4.weight] will not optimize.
25-06-23 15:47:12.571 - WARNING: Params [module.irn.operations.5.H.conv4.bias] will not optimize.
2025-06-23 15:47:12,571 - WARNING - Params [module.irn.operations.5.H.conv4.bias] will not optimize.
25-06-23 15:47:12.573 - WARNING: Params [module.irn.operations.5.H.conv5.weight] will not optimize.
2025-06-23 15:47:12,573 - WARNING - Params [module.irn.operations.5.H.conv5.weight] will not optimize.
25-06-23 15:47:12.573 - WARNING: Params [module.irn.operations.5.H.conv5.bias] will not optimize.
2025-06-23 15:47:12,573 - WARNING - Params [module.irn.operations.5.H.conv5.bias] will not optimize.
25-06-23 15:47:12.573 - WARNING: Params [module.irn.operations.5.NH.beta] will not optimize.
2025-06-23 15:47:12,573 - WARNING - Params [module.irn.operations.5.NH.beta] will not optimize.
25-06-23 15:47:12.573 - WARNING: Params [module.irn.operations.5.NH.gamma] will not optimize.
2025-06-23 15:47:12,573 - WARNING - Params [module.irn.operations.5.NH.gamma] will not optimize.
25-06-23 15:47:12.573 - WARNING: Params [module.irn.operations.5.NH.conv1.weight] will not optimize.
2025-06-23 15:47:12,573 - WARNING - Params [module.irn.operations.5.NH.conv1.weight] will not optimize.
25-06-23 15:47:12.573 - WARNING: Params [module.irn.operations.5.NH.conv1.bias] will not optimize.
2025-06-23 15:47:12,573 - WARNING - Params [module.irn.operations.5.NH.conv1.bias] will not optimize.
25-06-23 15:47:12.573 - WARNING: Params [module.irn.operations.5.NH.conv2.weight] will not optimize.
2025-06-23 15:47:12,573 - WARNING - Params [module.irn.operations.5.NH.conv2.weight] will not optimize.
25-06-23 15:47:12.573 - WARNING: Params [module.irn.operations.5.NH.conv2.bias] will not optimize.
2025-06-23 15:47:12,573 - WARNING - Params [module.irn.operations.5.NH.conv2.bias] will not optimize.
25-06-23 15:47:12.574 - WARNING: Params [module.irn.operations.5.NH.conv3.weight] will not optimize.
2025-06-23 15:47:12,574 - WARNING - Params [module.irn.operations.5.NH.conv3.weight] will not optimize.
25-06-23 15:47:12.574 - WARNING: Params [module.irn.operations.5.NH.conv3.bias] will not optimize.
2025-06-23 15:47:12,574 - WARNING - Params [module.irn.operations.5.NH.conv3.bias] will not optimize.
25-06-23 15:47:12.574 - WARNING: Params [module.irn.operations.5.NH.sca.1.weight] will not optimize.
2025-06-23 15:47:12,574 - WARNING - Params [module.irn.operations.5.NH.sca.1.weight] will not optimize.
25-06-23 15:47:12.574 - WARNING: Params [module.irn.operations.5.NH.sca.1.bias] will not optimize.
2025-06-23 15:47:12,574 - WARNING - Params [module.irn.operations.5.NH.sca.1.bias] will not optimize.
25-06-23 15:47:12.574 - WARNING: Params [module.irn.operations.5.NH.conv4.weight] will not optimize.
2025-06-23 15:47:12,574 - WARNING - Params [module.irn.operations.5.NH.conv4.weight] will not optimize.
25-06-23 15:47:12.574 - WARNING: Params [module.irn.operations.5.NH.conv4.bias] will not optimize.
2025-06-23 15:47:12,574 - WARNING - Params [module.irn.operations.5.NH.conv4.bias] will not optimize.
25-06-23 15:47:12.574 - WARNING: Params [module.irn.operations.5.NH.conv5.weight] will not optimize.
2025-06-23 15:47:12,574 - WARNING - Params [module.irn.operations.5.NH.conv5.weight] will not optimize.
25-06-23 15:47:12.574 - WARNING: Params [module.irn.operations.5.NH.conv5.bias] will not optimize.
2025-06-23 15:47:12,574 - WARNING - Params [module.irn.operations.5.NH.conv5.bias] will not optimize.
25-06-23 15:47:12.574 - WARNING: Params [module.irn.operations.5.NH.norm1.weight] will not optimize.
2025-06-23 15:47:12,574 - WARNING - Params [module.irn.operations.5.NH.norm1.weight] will not optimize.
25-06-23 15:47:12.574 - WARNING: Params [module.irn.operations.5.NH.norm1.bias] will not optimize.
2025-06-23 15:47:12,574 - WARNING - Params [module.irn.operations.5.NH.norm1.bias] will not optimize.
25-06-23 15:47:12.574 - WARNING: Params [module.irn.operations.5.NH.norm2.weight] will not optimize.
2025-06-23 15:47:12,574 - WARNING - Params [module.irn.operations.5.NH.norm2.weight] will not optimize.
25-06-23 15:47:12.574 - WARNING: Params [module.irn.operations.5.NH.norm2.bias] will not optimize.
2025-06-23 15:47:12,574 - WARNING - Params [module.irn.operations.5.NH.norm2.bias] will not optimize.
25-06-23 15:47:12.574 - WARNING: Params [module.irn.operations.6.F.conv1.weight] will not optimize.
2025-06-23 15:47:12,574 - WARNING - Params [module.irn.operations.6.F.conv1.weight] will not optimize.
25-06-23 15:47:12.574 - WARNING: Params [module.irn.operations.6.F.conv1.bias] will not optimize.
2025-06-23 15:47:12,574 - WARNING - Params [module.irn.operations.6.F.conv1.bias] will not optimize.
25-06-23 15:47:12.574 - WARNING: Params [module.irn.operations.6.F.conv2.weight] will not optimize.
2025-06-23 15:47:12,574 - WARNING - Params [module.irn.operations.6.F.conv2.weight] will not optimize.
25-06-23 15:47:12.574 - WARNING: Params [module.irn.operations.6.F.conv2.bias] will not optimize.
2025-06-23 15:47:12,574 - WARNING - Params [module.irn.operations.6.F.conv2.bias] will not optimize.
25-06-23 15:47:12.574 - WARNING: Params [module.irn.operations.6.F.conv3.weight] will not optimize.
2025-06-23 15:47:12,574 - WARNING - Params [module.irn.operations.6.F.conv3.weight] will not optimize.
25-06-23 15:47:12.574 - WARNING: Params [module.irn.operations.6.F.conv3.bias] will not optimize.
2025-06-23 15:47:12,574 - WARNING - Params [module.irn.operations.6.F.conv3.bias] will not optimize.
25-06-23 15:47:12.575 - WARNING: Params [module.irn.operations.6.F.conv4.weight] will not optimize.
2025-06-23 15:47:12,575 - WARNING - Params [module.irn.operations.6.F.conv4.weight] will not optimize.
25-06-23 15:47:12.575 - WARNING: Params [module.irn.operations.6.F.conv4.bias] will not optimize.
2025-06-23 15:47:12,575 - WARNING - Params [module.irn.operations.6.F.conv4.bias] will not optimize.
25-06-23 15:47:12.575 - WARNING: Params [module.irn.operations.6.F.conv5.weight] will not optimize.
2025-06-23 15:47:12,575 - WARNING - Params [module.irn.operations.6.F.conv5.weight] will not optimize.
25-06-23 15:47:12.575 - WARNING: Params [module.irn.operations.6.F.conv5.bias] will not optimize.
2025-06-23 15:47:12,575 - WARNING - Params [module.irn.operations.6.F.conv5.bias] will not optimize.
25-06-23 15:47:12.575 - WARNING: Params [module.irn.operations.6.NF.beta] will not optimize.
2025-06-23 15:47:12,575 - WARNING - Params [module.irn.operations.6.NF.beta] will not optimize.
25-06-23 15:47:12.575 - WARNING: Params [module.irn.operations.6.NF.gamma] will not optimize.
2025-06-23 15:47:12,575 - WARNING - Params [module.irn.operations.6.NF.gamma] will not optimize.
25-06-23 15:47:12.575 - WARNING: Params [module.irn.operations.6.NF.conv1.weight] will not optimize.
2025-06-23 15:47:12,575 - WARNING - Params [module.irn.operations.6.NF.conv1.weight] will not optimize.
25-06-23 15:47:12.575 - WARNING: Params [module.irn.operations.6.NF.conv1.bias] will not optimize.
2025-06-23 15:47:12,575 - WARNING - Params [module.irn.operations.6.NF.conv1.bias] will not optimize.
25-06-23 15:47:12.575 - WARNING: Params [module.irn.operations.6.NF.conv2.weight] will not optimize.
2025-06-23 15:47:12,575 - WARNING - Params [module.irn.operations.6.NF.conv2.weight] will not optimize.
25-06-23 15:47:12.575 - WARNING: Params [module.irn.operations.6.NF.conv2.bias] will not optimize.
2025-06-23 15:47:12,575 - WARNING - Params [module.irn.operations.6.NF.conv2.bias] will not optimize.
25-06-23 15:47:12.575 - WARNING: Params [module.irn.operations.6.NF.conv3.weight] will not optimize.
2025-06-23 15:47:12,575 - WARNING - Params [module.irn.operations.6.NF.conv3.weight] will not optimize.
25-06-23 15:47:12.575 - WARNING: Params [module.irn.operations.6.NF.conv3.bias] will not optimize.
2025-06-23 15:47:12,575 - WARNING - Params [module.irn.operations.6.NF.conv3.bias] will not optimize.
25-06-23 15:47:12.575 - WARNING: Params [module.irn.operations.6.NF.sca.1.weight] will not optimize.
2025-06-23 15:47:12,575 - WARNING - Params [module.irn.operations.6.NF.sca.1.weight] will not optimize.
25-06-23 15:47:12.575 - WARNING: Params [module.irn.operations.6.NF.sca.1.bias] will not optimize.
2025-06-23 15:47:12,575 - WARNING - Params [module.irn.operations.6.NF.sca.1.bias] will not optimize.
25-06-23 15:47:12.575 - WARNING: Params [module.irn.operations.6.NF.conv4.weight] will not optimize.
2025-06-23 15:47:12,575 - WARNING - Params [module.irn.operations.6.NF.conv4.weight] will not optimize.
25-06-23 15:47:12.575 - WARNING: Params [module.irn.operations.6.NF.conv4.bias] will not optimize.
2025-06-23 15:47:12,575 - WARNING - Params [module.irn.operations.6.NF.conv4.bias] will not optimize.
25-06-23 15:47:12.575 - WARNING: Params [module.irn.operations.6.NF.conv5.weight] will not optimize.
2025-06-23 15:47:12,575 - WARNING - Params [module.irn.operations.6.NF.conv5.weight] will not optimize.
25-06-23 15:47:12.575 - WARNING: Params [module.irn.operations.6.NF.conv5.bias] will not optimize.
2025-06-23 15:47:12,575 - WARNING - Params [module.irn.operations.6.NF.conv5.bias] will not optimize.
25-06-23 15:47:12.576 - WARNING: Params [module.irn.operations.6.NF.norm1.weight] will not optimize.
2025-06-23 15:47:12,576 - WARNING - Params [module.irn.operations.6.NF.norm1.weight] will not optimize.
25-06-23 15:47:12.576 - WARNING: Params [module.irn.operations.6.NF.norm1.bias] will not optimize.
2025-06-23 15:47:12,576 - WARNING - Params [module.irn.operations.6.NF.norm1.bias] will not optimize.
25-06-23 15:47:12.576 - WARNING: Params [module.irn.operations.6.NF.norm2.weight] will not optimize.
2025-06-23 15:47:12,576 - WARNING - Params [module.irn.operations.6.NF.norm2.weight] will not optimize.
25-06-23 15:47:12.576 - WARNING: Params [module.irn.operations.6.NF.norm2.bias] will not optimize.
2025-06-23 15:47:12,576 - WARNING - Params [module.irn.operations.6.NF.norm2.bias] will not optimize.
25-06-23 15:47:12.576 - WARNING: Params [module.irn.operations.6.G.conv1.weight] will not optimize.
2025-06-23 15:47:12,576 - WARNING - Params [module.irn.operations.6.G.conv1.weight] will not optimize.
25-06-23 15:47:12.576 - WARNING: Params [module.irn.operations.6.G.conv1.bias] will not optimize.
2025-06-23 15:47:12,576 - WARNING - Params [module.irn.operations.6.G.conv1.bias] will not optimize.
25-06-23 15:47:12.576 - WARNING: Params [module.irn.operations.6.G.conv2.weight] will not optimize.
2025-06-23 15:47:12,576 - WARNING - Params [module.irn.operations.6.G.conv2.weight] will not optimize.
25-06-23 15:47:12.576 - WARNING: Params [module.irn.operations.6.G.conv2.bias] will not optimize.
2025-06-23 15:47:12,576 - WARNING - Params [module.irn.operations.6.G.conv2.bias] will not optimize.
25-06-23 15:47:12.576 - WARNING: Params [module.irn.operations.6.G.conv3.weight] will not optimize.
2025-06-23 15:47:12,576 - WARNING - Params [module.irn.operations.6.G.conv3.weight] will not optimize.
25-06-23 15:47:12.576 - WARNING: Params [module.irn.operations.6.G.conv3.bias] will not optimize.
2025-06-23 15:47:12,576 - WARNING - Params [module.irn.operations.6.G.conv3.bias] will not optimize.
25-06-23 15:47:12.576 - WARNING: Params [module.irn.operations.6.G.conv4.weight] will not optimize.
2025-06-23 15:47:12,576 - WARNING - Params [module.irn.operations.6.G.conv4.weight] will not optimize.
25-06-23 15:47:12.576 - WARNING: Params [module.irn.operations.6.G.conv4.bias] will not optimize.
2025-06-23 15:47:12,576 - WARNING - Params [module.irn.operations.6.G.conv4.bias] will not optimize.
25-06-23 15:47:12.576 - WARNING: Params [module.irn.operations.6.G.conv5.weight] will not optimize.
2025-06-23 15:47:12,576 - WARNING - Params [module.irn.operations.6.G.conv5.weight] will not optimize.
25-06-23 15:47:12.576 - WARNING: Params [module.irn.operations.6.G.conv5.bias] will not optimize.
2025-06-23 15:47:12,576 - WARNING - Params [module.irn.operations.6.G.conv5.bias] will not optimize.
25-06-23 15:47:12.576 - WARNING: Params [module.irn.operations.6.NG.beta] will not optimize.
2025-06-23 15:47:12,576 - WARNING - Params [module.irn.operations.6.NG.beta] will not optimize.
25-06-23 15:47:12.576 - WARNING: Params [module.irn.operations.6.NG.gamma] will not optimize.
2025-06-23 15:47:12,576 - WARNING - Params [module.irn.operations.6.NG.gamma] will not optimize.
25-06-23 15:47:12.576 - WARNING: Params [module.irn.operations.6.NG.conv1.weight] will not optimize.
2025-06-23 15:47:12,576 - WARNING - Params [module.irn.operations.6.NG.conv1.weight] will not optimize.
25-06-23 15:47:12.576 - WARNING: Params [module.irn.operations.6.NG.conv1.bias] will not optimize.
2025-06-23 15:47:12,576 - WARNING - Params [module.irn.operations.6.NG.conv1.bias] will not optimize.
25-06-23 15:47:12.577 - WARNING: Params [module.irn.operations.6.NG.conv2.weight] will not optimize.
2025-06-23 15:47:12,577 - WARNING - Params [module.irn.operations.6.NG.conv2.weight] will not optimize.
25-06-23 15:47:12.577 - WARNING: Params [module.irn.operations.6.NG.conv2.bias] will not optimize.
2025-06-23 15:47:12,577 - WARNING - Params [module.irn.operations.6.NG.conv2.bias] will not optimize.
25-06-23 15:47:12.577 - WARNING: Params [module.irn.operations.6.NG.conv3.weight] will not optimize.
2025-06-23 15:47:12,577 - WARNING - Params [module.irn.operations.6.NG.conv3.weight] will not optimize.
25-06-23 15:47:12.577 - WARNING: Params [module.irn.operations.6.NG.conv3.bias] will not optimize.
2025-06-23 15:47:12,577 - WARNING - Params [module.irn.operations.6.NG.conv3.bias] will not optimize.
25-06-23 15:47:12.577 - WARNING: Params [module.irn.operations.6.NG.sca.1.weight] will not optimize.
2025-06-23 15:47:12,577 - WARNING - Params [module.irn.operations.6.NG.sca.1.weight] will not optimize.
25-06-23 15:47:12.577 - WARNING: Params [module.irn.operations.6.NG.sca.1.bias] will not optimize.
2025-06-23 15:47:12,577 - WARNING - Params [module.irn.operations.6.NG.sca.1.bias] will not optimize.
25-06-23 15:47:12.577 - WARNING: Params [module.irn.operations.6.NG.conv4.weight] will not optimize.
2025-06-23 15:47:12,577 - WARNING - Params [module.irn.operations.6.NG.conv4.weight] will not optimize.
25-06-23 15:47:12.577 - WARNING: Params [module.irn.operations.6.NG.conv4.bias] will not optimize.
2025-06-23 15:47:12,577 - WARNING - Params [module.irn.operations.6.NG.conv4.bias] will not optimize.
25-06-23 15:47:12.577 - WARNING: Params [module.irn.operations.6.NG.conv5.weight] will not optimize.
2025-06-23 15:47:12,577 - WARNING - Params [module.irn.operations.6.NG.conv5.weight] will not optimize.
25-06-23 15:47:12.577 - WARNING: Params [module.irn.operations.6.NG.conv5.bias] will not optimize.
2025-06-23 15:47:12,577 - WARNING - Params [module.irn.operations.6.NG.conv5.bias] will not optimize.
25-06-23 15:47:12.577 - WARNING: Params [module.irn.operations.6.NG.norm1.weight] will not optimize.
2025-06-23 15:47:12,577 - WARNING - Params [module.irn.operations.6.NG.norm1.weight] will not optimize.
25-06-23 15:47:12.577 - WARNING: Params [module.irn.operations.6.NG.norm1.bias] will not optimize.
2025-06-23 15:47:12,577 - WARNING - Params [module.irn.operations.6.NG.norm1.bias] will not optimize.
25-06-23 15:47:12.577 - WARNING: Params [module.irn.operations.6.NG.norm2.weight] will not optimize.
2025-06-23 15:47:12,577 - WARNING - Params [module.irn.operations.6.NG.norm2.weight] will not optimize.
25-06-23 15:47:12.577 - WARNING: Params [module.irn.operations.6.NG.norm2.bias] will not optimize.
2025-06-23 15:47:12,577 - WARNING - Params [module.irn.operations.6.NG.norm2.bias] will not optimize.
25-06-23 15:47:12.577 - WARNING: Params [module.irn.operations.6.H.conv1.weight] will not optimize.
2025-06-23 15:47:12,577 - WARNING - Params [module.irn.operations.6.H.conv1.weight] will not optimize.
25-06-23 15:47:12.577 - WARNING: Params [module.irn.operations.6.H.conv1.bias] will not optimize.
2025-06-23 15:47:12,577 - WARNING - Params [module.irn.operations.6.H.conv1.bias] will not optimize.
25-06-23 15:47:12.577 - WARNING: Params [module.irn.operations.6.H.conv2.weight] will not optimize.
2025-06-23 15:47:12,577 - WARNING - Params [module.irn.operations.6.H.conv2.weight] will not optimize.
25-06-23 15:47:12.577 - WARNING: Params [module.irn.operations.6.H.conv2.bias] will not optimize.
2025-06-23 15:47:12,577 - WARNING - Params [module.irn.operations.6.H.conv2.bias] will not optimize.
25-06-23 15:47:12.577 - WARNING: Params [module.irn.operations.6.H.conv3.weight] will not optimize.
2025-06-23 15:47:12,577 - WARNING - Params [module.irn.operations.6.H.conv3.weight] will not optimize.
25-06-23 15:47:12.578 - WARNING: Params [module.irn.operations.6.H.conv3.bias] will not optimize.
2025-06-23 15:47:12,578 - WARNING - Params [module.irn.operations.6.H.conv3.bias] will not optimize.
25-06-23 15:47:12.578 - WARNING: Params [module.irn.operations.6.H.conv4.weight] will not optimize.
2025-06-23 15:47:12,578 - WARNING - Params [module.irn.operations.6.H.conv4.weight] will not optimize.
25-06-23 15:47:12.578 - WARNING: Params [module.irn.operations.6.H.conv4.bias] will not optimize.
2025-06-23 15:47:12,578 - WARNING - Params [module.irn.operations.6.H.conv4.bias] will not optimize.
25-06-23 15:47:12.578 - WARNING: Params [module.irn.operations.6.H.conv5.weight] will not optimize.
2025-06-23 15:47:12,578 - WARNING - Params [module.irn.operations.6.H.conv5.weight] will not optimize.
25-06-23 15:47:12.578 - WARNING: Params [module.irn.operations.6.H.conv5.bias] will not optimize.
2025-06-23 15:47:12,578 - WARNING - Params [module.irn.operations.6.H.conv5.bias] will not optimize.
25-06-23 15:47:12.578 - WARNING: Params [module.irn.operations.6.NH.beta] will not optimize.
2025-06-23 15:47:12,578 - WARNING - Params [module.irn.operations.6.NH.beta] will not optimize.
25-06-23 15:47:12.578 - WARNING: Params [module.irn.operations.6.NH.gamma] will not optimize.
2025-06-23 15:47:12,578 - WARNING - Params [module.irn.operations.6.NH.gamma] will not optimize.
25-06-23 15:47:12.578 - WARNING: Params [module.irn.operations.6.NH.conv1.weight] will not optimize.
2025-06-23 15:47:12,578 - WARNING - Params [module.irn.operations.6.NH.conv1.weight] will not optimize.
25-06-23 15:47:12.578 - WARNING: Params [module.irn.operations.6.NH.conv1.bias] will not optimize.
2025-06-23 15:47:12,578 - WARNING - Params [module.irn.operations.6.NH.conv1.bias] will not optimize.
25-06-23 15:47:12.578 - WARNING: Params [module.irn.operations.6.NH.conv2.weight] will not optimize.
2025-06-23 15:47:12,578 - WARNING - Params [module.irn.operations.6.NH.conv2.weight] will not optimize.
25-06-23 15:47:12.578 - WARNING: Params [module.irn.operations.6.NH.conv2.bias] will not optimize.
2025-06-23 15:47:12,578 - WARNING - Params [module.irn.operations.6.NH.conv2.bias] will not optimize.
25-06-23 15:47:12.578 - WARNING: Params [module.irn.operations.6.NH.conv3.weight] will not optimize.
2025-06-23 15:47:12,578 - WARNING - Params [module.irn.operations.6.NH.conv3.weight] will not optimize.
25-06-23 15:47:12.578 - WARNING: Params [module.irn.operations.6.NH.conv3.bias] will not optimize.
2025-06-23 15:47:12,578 - WARNING - Params [module.irn.operations.6.NH.conv3.bias] will not optimize.
25-06-23 15:47:12.578 - WARNING: Params [module.irn.operations.6.NH.sca.1.weight] will not optimize.
2025-06-23 15:47:12,578 - WARNING - Params [module.irn.operations.6.NH.sca.1.weight] will not optimize.
25-06-23 15:47:12.578 - WARNING: Params [module.irn.operations.6.NH.sca.1.bias] will not optimize.
2025-06-23 15:47:12,578 - WARNING - Params [module.irn.operations.6.NH.sca.1.bias] will not optimize.
25-06-23 15:47:12.578 - WARNING: Params [module.irn.operations.6.NH.conv4.weight] will not optimize.
2025-06-23 15:47:12,578 - WARNING - Params [module.irn.operations.6.NH.conv4.weight] will not optimize.
25-06-23 15:47:12.578 - WARNING: Params [module.irn.operations.6.NH.conv4.bias] will not optimize.
2025-06-23 15:47:12,578 - WARNING - Params [module.irn.operations.6.NH.conv4.bias] will not optimize.
25-06-23 15:47:12.578 - WARNING: Params [module.irn.operations.6.NH.conv5.weight] will not optimize.
2025-06-23 15:47:12,578 - WARNING - Params [module.irn.operations.6.NH.conv5.weight] will not optimize.
25-06-23 15:47:12.579 - WARNING: Params [module.irn.operations.6.NH.conv5.bias] will not optimize.
2025-06-23 15:47:12,579 - WARNING - Params [module.irn.operations.6.NH.conv5.bias] will not optimize.
25-06-23 15:47:12.579 - WARNING: Params [module.irn.operations.6.NH.norm1.weight] will not optimize.
2025-06-23 15:47:12,579 - WARNING - Params [module.irn.operations.6.NH.norm1.weight] will not optimize.
25-06-23 15:47:12.579 - WARNING: Params [module.irn.operations.6.NH.norm1.bias] will not optimize.
2025-06-23 15:47:12,579 - WARNING - Params [module.irn.operations.6.NH.norm1.bias] will not optimize.
25-06-23 15:47:12.579 - WARNING: Params [module.irn.operations.6.NH.norm2.weight] will not optimize.
2025-06-23 15:47:12,579 - WARNING - Params [module.irn.operations.6.NH.norm2.weight] will not optimize.
25-06-23 15:47:12.579 - WARNING: Params [module.irn.operations.6.NH.norm2.bias] will not optimize.
2025-06-23 15:47:12,579 - WARNING - Params [module.irn.operations.6.NH.norm2.bias] will not optimize.
25-06-23 15:47:12.579 - WARNING: Params [module.irn.operations.7.F.conv1.weight] will not optimize.
2025-06-23 15:47:12,579 - WARNING - Params [module.irn.operations.7.F.conv1.weight] will not optimize.
25-06-23 15:47:12.579 - WARNING: Params [module.irn.operations.7.F.conv1.bias] will not optimize.
2025-06-23 15:47:12,579 - WARNING - Params [module.irn.operations.7.F.conv1.bias] will not optimize.
25-06-23 15:47:12.579 - WARNING: Params [module.irn.operations.7.F.conv2.weight] will not optimize.
2025-06-23 15:47:12,579 - WARNING - Params [module.irn.operations.7.F.conv2.weight] will not optimize.
25-06-23 15:47:12.579 - WARNING: Params [module.irn.operations.7.F.conv2.bias] will not optimize.
2025-06-23 15:47:12,579 - WARNING - Params [module.irn.operations.7.F.conv2.bias] will not optimize.
25-06-23 15:47:12.579 - WARNING: Params [module.irn.operations.7.F.conv3.weight] will not optimize.
2025-06-23 15:47:12,579 - WARNING - Params [module.irn.operations.7.F.conv3.weight] will not optimize.
25-06-23 15:47:12.579 - WARNING: Params [module.irn.operations.7.F.conv3.bias] will not optimize.
2025-06-23 15:47:12,579 - WARNING - Params [module.irn.operations.7.F.conv3.bias] will not optimize.
25-06-23 15:47:12.579 - WARNING: Params [module.irn.operations.7.F.conv4.weight] will not optimize.
2025-06-23 15:47:12,579 - WARNING - Params [module.irn.operations.7.F.conv4.weight] will not optimize.
25-06-23 15:47:12.579 - WARNING: Params [module.irn.operations.7.F.conv4.bias] will not optimize.
2025-06-23 15:47:12,579 - WARNING - Params [module.irn.operations.7.F.conv4.bias] will not optimize.
25-06-23 15:47:12.579 - WARNING: Params [module.irn.operations.7.F.conv5.weight] will not optimize.
2025-06-23 15:47:12,579 - WARNING - Params [module.irn.operations.7.F.conv5.weight] will not optimize.
25-06-23 15:47:12.579 - WARNING: Params [module.irn.operations.7.F.conv5.bias] will not optimize.
2025-06-23 15:47:12,579 - WARNING - Params [module.irn.operations.7.F.conv5.bias] will not optimize.
25-06-23 15:47:12.579 - WARNING: Params [module.irn.operations.7.NF.beta] will not optimize.
2025-06-23 15:47:12,579 - WARNING - Params [module.irn.operations.7.NF.beta] will not optimize.
25-06-23 15:47:12.579 - WARNING: Params [module.irn.operations.7.NF.gamma] will not optimize.
2025-06-23 15:47:12,579 - WARNING - Params [module.irn.operations.7.NF.gamma] will not optimize.
25-06-23 15:47:12.579 - WARNING: Params [module.irn.operations.7.NF.conv1.weight] will not optimize.
2025-06-23 15:47:12,579 - WARNING - Params [module.irn.operations.7.NF.conv1.weight] will not optimize.
25-06-23 15:47:12.580 - WARNING: Params [module.irn.operations.7.NF.conv1.bias] will not optimize.
2025-06-23 15:47:12,580 - WARNING - Params [module.irn.operations.7.NF.conv1.bias] will not optimize.
25-06-23 15:47:12.580 - WARNING: Params [module.irn.operations.7.NF.conv2.weight] will not optimize.
2025-06-23 15:47:12,580 - WARNING - Params [module.irn.operations.7.NF.conv2.weight] will not optimize.
25-06-23 15:47:12.580 - WARNING: Params [module.irn.operations.7.NF.conv2.bias] will not optimize.
2025-06-23 15:47:12,580 - WARNING - Params [module.irn.operations.7.NF.conv2.bias] will not optimize.
25-06-23 15:47:12.580 - WARNING: Params [module.irn.operations.7.NF.conv3.weight] will not optimize.
2025-06-23 15:47:12,580 - WARNING - Params [module.irn.operations.7.NF.conv3.weight] will not optimize.
25-06-23 15:47:12.580 - WARNING: Params [module.irn.operations.7.NF.conv3.bias] will not optimize.
2025-06-23 15:47:12,580 - WARNING - Params [module.irn.operations.7.NF.conv3.bias] will not optimize.
25-06-23 15:47:12.580 - WARNING: Params [module.irn.operations.7.NF.sca.1.weight] will not optimize.
2025-06-23 15:47:12,580 - WARNING - Params [module.irn.operations.7.NF.sca.1.weight] will not optimize.
25-06-23 15:47:12.580 - WARNING: Params [module.irn.operations.7.NF.sca.1.bias] will not optimize.
2025-06-23 15:47:12,580 - WARNING - Params [module.irn.operations.7.NF.sca.1.bias] will not optimize.
25-06-23 15:47:12.580 - WARNING: Params [module.irn.operations.7.NF.conv4.weight] will not optimize.
2025-06-23 15:47:12,580 - WARNING - Params [module.irn.operations.7.NF.conv4.weight] will not optimize.
25-06-23 15:47:12.580 - WARNING: Params [module.irn.operations.7.NF.conv4.bias] will not optimize.
2025-06-23 15:47:12,580 - WARNING - Params [module.irn.operations.7.NF.conv4.bias] will not optimize.
25-06-23 15:47:12.580 - WARNING: Params [module.irn.operations.7.NF.conv5.weight] will not optimize.
2025-06-23 15:47:12,580 - WARNING - Params [module.irn.operations.7.NF.conv5.weight] will not optimize.
25-06-23 15:47:12.580 - WARNING: Params [module.irn.operations.7.NF.conv5.bias] will not optimize.
2025-06-23 15:47:12,580 - WARNING - Params [module.irn.operations.7.NF.conv5.bias] will not optimize.
25-06-23 15:47:12.580 - WARNING: Params [module.irn.operations.7.NF.norm1.weight] will not optimize.
2025-06-23 15:47:12,580 - WARNING - Params [module.irn.operations.7.NF.norm1.weight] will not optimize.
25-06-23 15:47:12.580 - WARNING: Params [module.irn.operations.7.NF.norm1.bias] will not optimize.
2025-06-23 15:47:12,580 - WARNING - Params [module.irn.operations.7.NF.norm1.bias] will not optimize.
25-06-23 15:47:12.580 - WARNING: Params [module.irn.operations.7.NF.norm2.weight] will not optimize.
2025-06-23 15:47:12,580 - WARNING - Params [module.irn.operations.7.NF.norm2.weight] will not optimize.
25-06-23 15:47:12.580 - WARNING: Params [module.irn.operations.7.NF.norm2.bias] will not optimize.
2025-06-23 15:47:12,580 - WARNING - Params [module.irn.operations.7.NF.norm2.bias] will not optimize.
25-06-23 15:47:12.580 - WARNING: Params [module.irn.operations.7.G.conv1.weight] will not optimize.
2025-06-23 15:47:12,580 - WARNING - Params [module.irn.operations.7.G.conv1.weight] will not optimize.
25-06-23 15:47:12.580 - WARNING: Params [module.irn.operations.7.G.conv1.bias] will not optimize.
2025-06-23 15:47:12,580 - WARNING - Params [module.irn.operations.7.G.conv1.bias] will not optimize.
25-06-23 15:47:12.580 - WARNING: Params [module.irn.operations.7.G.conv2.weight] will not optimize.
2025-06-23 15:47:12,580 - WARNING - Params [module.irn.operations.7.G.conv2.weight] will not optimize.
25-06-23 15:47:12.580 - WARNING: Params [module.irn.operations.7.G.conv2.bias] will not optimize.
2025-06-23 15:47:12,580 - WARNING - Params [module.irn.operations.7.G.conv2.bias] will not optimize.
25-06-23 15:47:12.581 - WARNING: Params [module.irn.operations.7.G.conv3.weight] will not optimize.
2025-06-23 15:47:12,581 - WARNING - Params [module.irn.operations.7.G.conv3.weight] will not optimize.
25-06-23 15:47:12.581 - WARNING: Params [module.irn.operations.7.G.conv3.bias] will not optimize.
2025-06-23 15:47:12,581 - WARNING - Params [module.irn.operations.7.G.conv3.bias] will not optimize.
25-06-23 15:47:12.581 - WARNING: Params [module.irn.operations.7.G.conv4.weight] will not optimize.
2025-06-23 15:47:12,581 - WARNING - Params [module.irn.operations.7.G.conv4.weight] will not optimize.
25-06-23 15:47:12.581 - WARNING: Params [module.irn.operations.7.G.conv4.bias] will not optimize.
2025-06-23 15:47:12,581 - WARNING - Params [module.irn.operations.7.G.conv4.bias] will not optimize.
25-06-23 15:47:12.581 - WARNING: Params [module.irn.operations.7.G.conv5.weight] will not optimize.
2025-06-23 15:47:12,581 - WARNING - Params [module.irn.operations.7.G.conv5.weight] will not optimize.
25-06-23 15:47:12.581 - WARNING: Params [module.irn.operations.7.G.conv5.bias] will not optimize.
2025-06-23 15:47:12,581 - WARNING - Params [module.irn.operations.7.G.conv5.bias] will not optimize.
25-06-23 15:47:12.581 - WARNING: Params [module.irn.operations.7.NG.beta] will not optimize.
2025-06-23 15:47:12,581 - WARNING - Params [module.irn.operations.7.NG.beta] will not optimize.
25-06-23 15:47:12.581 - WARNING: Params [module.irn.operations.7.NG.gamma] will not optimize.
2025-06-23 15:47:12,581 - WARNING - Params [module.irn.operations.7.NG.gamma] will not optimize.
25-06-23 15:47:12.581 - WARNING: Params [module.irn.operations.7.NG.conv1.weight] will not optimize.
2025-06-23 15:47:12,581 - WARNING - Params [module.irn.operations.7.NG.conv1.weight] will not optimize.
25-06-23 15:47:12.581 - WARNING: Params [module.irn.operations.7.NG.conv1.bias] will not optimize.
2025-06-23 15:47:12,581 - WARNING - Params [module.irn.operations.7.NG.conv1.bias] will not optimize.
25-06-23 15:47:12.581 - WARNING: Params [module.irn.operations.7.NG.conv2.weight] will not optimize.
2025-06-23 15:47:12,581 - WARNING - Params [module.irn.operations.7.NG.conv2.weight] will not optimize.
25-06-23 15:47:12.581 - WARNING: Params [module.irn.operations.7.NG.conv2.bias] will not optimize.
2025-06-23 15:47:12,581 - WARNING - Params [module.irn.operations.7.NG.conv2.bias] will not optimize.
25-06-23 15:47:12.581 - WARNING: Params [module.irn.operations.7.NG.conv3.weight] will not optimize.
2025-06-23 15:47:12,581 - WARNING - Params [module.irn.operations.7.NG.conv3.weight] will not optimize.
25-06-23 15:47:12.581 - WARNING: Params [module.irn.operations.7.NG.conv3.bias] will not optimize.
2025-06-23 15:47:12,581 - WARNING - Params [module.irn.operations.7.NG.conv3.bias] will not optimize.
25-06-23 15:47:12.581 - WARNING: Params [module.irn.operations.7.NG.sca.1.weight] will not optimize.
2025-06-23 15:47:12,581 - WARNING - Params [module.irn.operations.7.NG.sca.1.weight] will not optimize.
25-06-23 15:47:12.581 - WARNING: Params [module.irn.operations.7.NG.sca.1.bias] will not optimize.
2025-06-23 15:47:12,581 - WARNING - Params [module.irn.operations.7.NG.sca.1.bias] will not optimize.
25-06-23 15:47:12.581 - WARNING: Params [module.irn.operations.7.NG.conv4.weight] will not optimize.
2025-06-23 15:47:12,581 - WARNING - Params [module.irn.operations.7.NG.conv4.weight] will not optimize.
25-06-23 15:47:12.581 - WARNING: Params [module.irn.operations.7.NG.conv4.bias] will not optimize.
2025-06-23 15:47:12,581 - WARNING - Params [module.irn.operations.7.NG.conv4.bias] will not optimize.
25-06-23 15:47:12.582 - WARNING: Params [module.irn.operations.7.NG.conv5.weight] will not optimize.
2025-06-23 15:47:12,582 - WARNING - Params [module.irn.operations.7.NG.conv5.weight] will not optimize.
25-06-23 15:47:12.582 - WARNING: Params [module.irn.operations.7.NG.conv5.bias] will not optimize.
2025-06-23 15:47:12,582 - WARNING - Params [module.irn.operations.7.NG.conv5.bias] will not optimize.
25-06-23 15:47:12.582 - WARNING: Params [module.irn.operations.7.NG.norm1.weight] will not optimize.
2025-06-23 15:47:12,582 - WARNING - Params [module.irn.operations.7.NG.norm1.weight] will not optimize.
25-06-23 15:47:12.582 - WARNING: Params [module.irn.operations.7.NG.norm1.bias] will not optimize.
2025-06-23 15:47:12,582 - WARNING - Params [module.irn.operations.7.NG.norm1.bias] will not optimize.
25-06-23 15:47:12.582 - WARNING: Params [module.irn.operations.7.NG.norm2.weight] will not optimize.
2025-06-23 15:47:12,582 - WARNING - Params [module.irn.operations.7.NG.norm2.weight] will not optimize.
25-06-23 15:47:12.582 - WARNING: Params [module.irn.operations.7.NG.norm2.bias] will not optimize.
2025-06-23 15:47:12,582 - WARNING - Params [module.irn.operations.7.NG.norm2.bias] will not optimize.
25-06-23 15:47:12.582 - WARNING: Params [module.irn.operations.7.H.conv1.weight] will not optimize.
2025-06-23 15:47:12,582 - WARNING - Params [module.irn.operations.7.H.conv1.weight] will not optimize.
25-06-23 15:47:12.582 - WARNING: Params [module.irn.operations.7.H.conv1.bias] will not optimize.
2025-06-23 15:47:12,582 - WARNING - Params [module.irn.operations.7.H.conv1.bias] will not optimize.
25-06-23 15:47:12.582 - WARNING: Params [module.irn.operations.7.H.conv2.weight] will not optimize.
2025-06-23 15:47:12,582 - WARNING - Params [module.irn.operations.7.H.conv2.weight] will not optimize.
25-06-23 15:47:12.582 - WARNING: Params [module.irn.operations.7.H.conv2.bias] will not optimize.
2025-06-23 15:47:12,582 - WARNING - Params [module.irn.operations.7.H.conv2.bias] will not optimize.
25-06-23 15:47:12.582 - WARNING: Params [module.irn.operations.7.H.conv3.weight] will not optimize.
2025-06-23 15:47:12,582 - WARNING - Params [module.irn.operations.7.H.conv3.weight] will not optimize.
25-06-23 15:47:12.582 - WARNING: Params [module.irn.operations.7.H.conv3.bias] will not optimize.
2025-06-23 15:47:12,582 - WARNING - Params [module.irn.operations.7.H.conv3.bias] will not optimize.
25-06-23 15:47:12.582 - WARNING: Params [module.irn.operations.7.H.conv4.weight] will not optimize.
2025-06-23 15:47:12,582 - WARNING - Params [module.irn.operations.7.H.conv4.weight] will not optimize.
25-06-23 15:47:12.582 - WARNING: Params [module.irn.operations.7.H.conv4.bias] will not optimize.
2025-06-23 15:47:12,582 - WARNING - Params [module.irn.operations.7.H.conv4.bias] will not optimize.
25-06-23 15:47:12.582 - WARNING: Params [module.irn.operations.7.H.conv5.weight] will not optimize.
2025-06-23 15:47:12,582 - WARNING - Params [module.irn.operations.7.H.conv5.weight] will not optimize.
25-06-23 15:47:12.582 - WARNING: Params [module.irn.operations.7.H.conv5.bias] will not optimize.
2025-06-23 15:47:12,582 - WARNING - Params [module.irn.operations.7.H.conv5.bias] will not optimize.
25-06-23 15:47:12.582 - WARNING: Params [module.irn.operations.7.NH.beta] will not optimize.
2025-06-23 15:47:12,582 - WARNING - Params [module.irn.operations.7.NH.beta] will not optimize.
25-06-23 15:47:12.582 - WARNING: Params [module.irn.operations.7.NH.gamma] will not optimize.
2025-06-23 15:47:12,582 - WARNING - Params [module.irn.operations.7.NH.gamma] will not optimize.
25-06-23 15:47:12.582 - WARNING: Params [module.irn.operations.7.NH.conv1.weight] will not optimize.
2025-06-23 15:47:12,582 - WARNING - Params [module.irn.operations.7.NH.conv1.weight] will not optimize.
25-06-23 15:47:12.583 - WARNING: Params [module.irn.operations.7.NH.conv1.bias] will not optimize.
2025-06-23 15:47:12,583 - WARNING - Params [module.irn.operations.7.NH.conv1.bias] will not optimize.
25-06-23 15:47:12.583 - WARNING: Params [module.irn.operations.7.NH.conv2.weight] will not optimize.
2025-06-23 15:47:12,583 - WARNING - Params [module.irn.operations.7.NH.conv2.weight] will not optimize.
25-06-23 15:47:12.583 - WARNING: Params [module.irn.operations.7.NH.conv2.bias] will not optimize.
2025-06-23 15:47:12,583 - WARNING - Params [module.irn.operations.7.NH.conv2.bias] will not optimize.
25-06-23 15:47:12.583 - WARNING: Params [module.irn.operations.7.NH.conv3.weight] will not optimize.
2025-06-23 15:47:12,583 - WARNING - Params [module.irn.operations.7.NH.conv3.weight] will not optimize.
25-06-23 15:47:12.583 - WARNING: Params [module.irn.operations.7.NH.conv3.bias] will not optimize.
2025-06-23 15:47:12,583 - WARNING - Params [module.irn.operations.7.NH.conv3.bias] will not optimize.
25-06-23 15:47:12.583 - WARNING: Params [module.irn.operations.7.NH.sca.1.weight] will not optimize.
2025-06-23 15:47:12,583 - WARNING - Params [module.irn.operations.7.NH.sca.1.weight] will not optimize.
25-06-23 15:47:12.583 - WARNING: Params [module.irn.operations.7.NH.sca.1.bias] will not optimize.
2025-06-23 15:47:12,583 - WARNING - Params [module.irn.operations.7.NH.sca.1.bias] will not optimize.
25-06-23 15:47:12.583 - WARNING: Params [module.irn.operations.7.NH.conv4.weight] will not optimize.
2025-06-23 15:47:12,583 - WARNING - Params [module.irn.operations.7.NH.conv4.weight] will not optimize.
25-06-23 15:47:12.583 - WARNING: Params [module.irn.operations.7.NH.conv4.bias] will not optimize.
2025-06-23 15:47:12,583 - WARNING - Params [module.irn.operations.7.NH.conv4.bias] will not optimize.
25-06-23 15:47:12.583 - WARNING: Params [module.irn.operations.7.NH.conv5.weight] will not optimize.
2025-06-23 15:47:12,583 - WARNING - Params [module.irn.operations.7.NH.conv5.weight] will not optimize.
25-06-23 15:47:12.583 - WARNING: Params [module.irn.operations.7.NH.conv5.bias] will not optimize.
2025-06-23 15:47:12,583 - WARNING - Params [module.irn.operations.7.NH.conv5.bias] will not optimize.
25-06-23 15:47:12.583 - WARNING: Params [module.irn.operations.7.NH.norm1.weight] will not optimize.
2025-06-23 15:47:12,583 - WARNING - Params [module.irn.operations.7.NH.norm1.weight] will not optimize.
25-06-23 15:47:12.583 - WARNING: Params [module.irn.operations.7.NH.norm1.bias] will not optimize.
2025-06-23 15:47:12,583 - WARNING - Params [module.irn.operations.7.NH.norm1.bias] will not optimize.
25-06-23 15:47:12.583 - WARNING: Params [module.irn.operations.7.NH.norm2.weight] will not optimize.
2025-06-23 15:47:12,583 - WARNING - Params [module.irn.operations.7.NH.norm2.weight] will not optimize.
25-06-23 15:47:12.583 - WARNING: Params [module.irn.operations.7.NH.norm2.bias] will not optimize.
2025-06-23 15:47:12,583 - WARNING - Params [module.irn.operations.7.NH.norm2.bias] will not optimize.
25-06-23 15:47:12.583 - WARNING: Params [module.irn.operations.8.F.conv1.weight] will not optimize.
2025-06-23 15:47:12,583 - WARNING - Params [module.irn.operations.8.F.conv1.weight] will not optimize.
25-06-23 15:47:12.583 - WARNING: Params [module.irn.operations.8.F.conv1.bias] will not optimize.
2025-06-23 15:47:12,583 - WARNING - Params [module.irn.operations.8.F.conv1.bias] will not optimize.
25-06-23 15:47:12.583 - WARNING: Params [module.irn.operations.8.F.conv2.weight] will not optimize.
2025-06-23 15:47:12,583 - WARNING - Params [module.irn.operations.8.F.conv2.weight] will not optimize.
25-06-23 15:47:12.584 - WARNING: Params [module.irn.operations.8.F.conv2.bias] will not optimize.
2025-06-23 15:47:12,584 - WARNING - Params [module.irn.operations.8.F.conv2.bias] will not optimize.
25-06-23 15:47:12.584 - WARNING: Params [module.irn.operations.8.F.conv3.weight] will not optimize.
2025-06-23 15:47:12,584 - WARNING - Params [module.irn.operations.8.F.conv3.weight] will not optimize.
25-06-23 15:47:12.584 - WARNING: Params [module.irn.operations.8.F.conv3.bias] will not optimize.
2025-06-23 15:47:12,584 - WARNING - Params [module.irn.operations.8.F.conv3.bias] will not optimize.
25-06-23 15:47:12.584 - WARNING: Params [module.irn.operations.8.F.conv4.weight] will not optimize.
2025-06-23 15:47:12,584 - WARNING - Params [module.irn.operations.8.F.conv4.weight] will not optimize.
25-06-23 15:47:12.584 - WARNING: Params [module.irn.operations.8.F.conv4.bias] will not optimize.
2025-06-23 15:47:12,584 - WARNING - Params [module.irn.operations.8.F.conv4.bias] will not optimize.
25-06-23 15:47:12.584 - WARNING: Params [module.irn.operations.8.F.conv5.weight] will not optimize.
2025-06-23 15:47:12,584 - WARNING - Params [module.irn.operations.8.F.conv5.weight] will not optimize.
25-06-23 15:47:12.584 - WARNING: Params [module.irn.operations.8.F.conv5.bias] will not optimize.
2025-06-23 15:47:12,584 - WARNING - Params [module.irn.operations.8.F.conv5.bias] will not optimize.
25-06-23 15:47:12.584 - WARNING: Params [module.irn.operations.8.NF.beta] will not optimize.
2025-06-23 15:47:12,584 - WARNING - Params [module.irn.operations.8.NF.beta] will not optimize.
25-06-23 15:47:12.584 - WARNING: Params [module.irn.operations.8.NF.gamma] will not optimize.
2025-06-23 15:47:12,584 - WARNING - Params [module.irn.operations.8.NF.gamma] will not optimize.
25-06-23 15:47:12.584 - WARNING: Params [module.irn.operations.8.NF.conv1.weight] will not optimize.
2025-06-23 15:47:12,584 - WARNING - Params [module.irn.operations.8.NF.conv1.weight] will not optimize.
25-06-23 15:47:12.584 - WARNING: Params [module.irn.operations.8.NF.conv1.bias] will not optimize.
2025-06-23 15:47:12,584 - WARNING - Params [module.irn.operations.8.NF.conv1.bias] will not optimize.
25-06-23 15:47:12.584 - WARNING: Params [module.irn.operations.8.NF.conv2.weight] will not optimize.
2025-06-23 15:47:12,584 - WARNING - Params [module.irn.operations.8.NF.conv2.weight] will not optimize.
25-06-23 15:47:12.584 - WARNING: Params [module.irn.operations.8.NF.conv2.bias] will not optimize.
2025-06-23 15:47:12,584 - WARNING - Params [module.irn.operations.8.NF.conv2.bias] will not optimize.
25-06-23 15:47:12.584 - WARNING: Params [module.irn.operations.8.NF.conv3.weight] will not optimize.
2025-06-23 15:47:12,584 - WARNING - Params [module.irn.operations.8.NF.conv3.weight] will not optimize.
25-06-23 15:47:12.584 - WARNING: Params [module.irn.operations.8.NF.conv3.bias] will not optimize.
2025-06-23 15:47:12,584 - WARNING - Params [module.irn.operations.8.NF.conv3.bias] will not optimize.
25-06-23 15:47:12.584 - WARNING: Params [module.irn.operations.8.NF.sca.1.weight] will not optimize.
2025-06-23 15:47:12,584 - WARNING - Params [module.irn.operations.8.NF.sca.1.weight] will not optimize.
25-06-23 15:47:12.584 - WARNING: Params [module.irn.operations.8.NF.sca.1.bias] will not optimize.
2025-06-23 15:47:12,584 - WARNING - Params [module.irn.operations.8.NF.sca.1.bias] will not optimize.
25-06-23 15:47:12.584 - WARNING: Params [module.irn.operations.8.NF.conv4.weight] will not optimize.
2025-06-23 15:47:12,584 - WARNING - Params [module.irn.operations.8.NF.conv4.weight] will not optimize.
25-06-23 15:47:12.585 - WARNING: Params [module.irn.operations.8.NF.conv4.bias] will not optimize.
2025-06-23 15:47:12,585 - WARNING - Params [module.irn.operations.8.NF.conv4.bias] will not optimize.
25-06-23 15:47:12.585 - WARNING: Params [module.irn.operations.8.NF.conv5.weight] will not optimize.
2025-06-23 15:47:12,585 - WARNING - Params [module.irn.operations.8.NF.conv5.weight] will not optimize.
25-06-23 15:47:12.585 - WARNING: Params [module.irn.operations.8.NF.conv5.bias] will not optimize.
2025-06-23 15:47:12,585 - WARNING - Params [module.irn.operations.8.NF.conv5.bias] will not optimize.
25-06-23 15:47:12.585 - WARNING: Params [module.irn.operations.8.NF.norm1.weight] will not optimize.
2025-06-23 15:47:12,585 - WARNING - Params [module.irn.operations.8.NF.norm1.weight] will not optimize.
25-06-23 15:47:12.585 - WARNING: Params [module.irn.operations.8.NF.norm1.bias] will not optimize.
2025-06-23 15:47:12,585 - WARNING - Params [module.irn.operations.8.NF.norm1.bias] will not optimize.
25-06-23 15:47:12.585 - WARNING: Params [module.irn.operations.8.NF.norm2.weight] will not optimize.
2025-06-23 15:47:12,585 - WARNING - Params [module.irn.operations.8.NF.norm2.weight] will not optimize.
25-06-23 15:47:12.585 - WARNING: Params [module.irn.operations.8.NF.norm2.bias] will not optimize.
2025-06-23 15:47:12,585 - WARNING - Params [module.irn.operations.8.NF.norm2.bias] will not optimize.
25-06-23 15:47:12.585 - WARNING: Params [module.irn.operations.8.G.conv1.weight] will not optimize.
2025-06-23 15:47:12,585 - WARNING - Params [module.irn.operations.8.G.conv1.weight] will not optimize.
25-06-23 15:47:12.585 - WARNING: Params [module.irn.operations.8.G.conv1.bias] will not optimize.
2025-06-23 15:47:12,585 - WARNING - Params [module.irn.operations.8.G.conv1.bias] will not optimize.
25-06-23 15:47:12.585 - WARNING: Params [module.irn.operations.8.G.conv2.weight] will not optimize.
2025-06-23 15:47:12,585 - WARNING - Params [module.irn.operations.8.G.conv2.weight] will not optimize.
25-06-23 15:47:12.585 - WARNING: Params [module.irn.operations.8.G.conv2.bias] will not optimize.
2025-06-23 15:47:12,585 - WARNING - Params [module.irn.operations.8.G.conv2.bias] will not optimize.
25-06-23 15:47:12.585 - WARNING: Params [module.irn.operations.8.G.conv3.weight] will not optimize.
2025-06-23 15:47:12,585 - WARNING - Params [module.irn.operations.8.G.conv3.weight] will not optimize.
25-06-23 15:47:12.585 - WARNING: Params [module.irn.operations.8.G.conv3.bias] will not optimize.
2025-06-23 15:47:12,585 - WARNING - Params [module.irn.operations.8.G.conv3.bias] will not optimize.
25-06-23 15:47:12.585 - WARNING: Params [module.irn.operations.8.G.conv4.weight] will not optimize.
2025-06-23 15:47:12,585 - WARNING - Params [module.irn.operations.8.G.conv4.weight] will not optimize.
25-06-23 15:47:12.585 - WARNING: Params [module.irn.operations.8.G.conv4.bias] will not optimize.
2025-06-23 15:47:12,585 - WARNING - Params [module.irn.operations.8.G.conv4.bias] will not optimize.
25-06-23 15:47:12.585 - WARNING: Params [module.irn.operations.8.G.conv5.weight] will not optimize.
2025-06-23 15:47:12,585 - WARNING - Params [module.irn.operations.8.G.conv5.weight] will not optimize.
25-06-23 15:47:12.585 - WARNING: Params [module.irn.operations.8.G.conv5.bias] will not optimize.
2025-06-23 15:47:12,585 - WARNING - Params [module.irn.operations.8.G.conv5.bias] will not optimize.
25-06-23 15:47:12.585 - WARNING: Params [module.irn.operations.8.NG.beta] will not optimize.
2025-06-23 15:47:12,585 - WARNING - Params [module.irn.operations.8.NG.beta] will not optimize.
25-06-23 15:47:12.585 - WARNING: Params [module.irn.operations.8.NG.gamma] will not optimize.
2025-06-23 15:47:12,585 - WARNING - Params [module.irn.operations.8.NG.gamma] will not optimize.
25-06-23 15:47:12.586 - WARNING: Params [module.irn.operations.8.NG.conv1.weight] will not optimize.
2025-06-23 15:47:12,586 - WARNING - Params [module.irn.operations.8.NG.conv1.weight] will not optimize.
25-06-23 15:47:12.586 - WARNING: Params [module.irn.operations.8.NG.conv1.bias] will not optimize.
2025-06-23 15:47:12,586 - WARNING - Params [module.irn.operations.8.NG.conv1.bias] will not optimize.
25-06-23 15:47:12.586 - WARNING: Params [module.irn.operations.8.NG.conv2.weight] will not optimize.
2025-06-23 15:47:12,586 - WARNING - Params [module.irn.operations.8.NG.conv2.weight] will not optimize.
25-06-23 15:47:12.586 - WARNING: Params [module.irn.operations.8.NG.conv2.bias] will not optimize.
2025-06-23 15:47:12,586 - WARNING - Params [module.irn.operations.8.NG.conv2.bias] will not optimize.
25-06-23 15:47:12.586 - WARNING: Params [module.irn.operations.8.NG.conv3.weight] will not optimize.
2025-06-23 15:47:12,586 - WARNING - Params [module.irn.operations.8.NG.conv3.weight] will not optimize.
25-06-23 15:47:12.586 - WARNING: Params [module.irn.operations.8.NG.conv3.bias] will not optimize.
2025-06-23 15:47:12,586 - WARNING - Params [module.irn.operations.8.NG.conv3.bias] will not optimize.
25-06-23 15:47:12.586 - WARNING: Params [module.irn.operations.8.NG.sca.1.weight] will not optimize.
2025-06-23 15:47:12,586 - WARNING - Params [module.irn.operations.8.NG.sca.1.weight] will not optimize.
25-06-23 15:47:12.586 - WARNING: Params [module.irn.operations.8.NG.sca.1.bias] will not optimize.
2025-06-23 15:47:12,586 - WARNING - Params [module.irn.operations.8.NG.sca.1.bias] will not optimize.
25-06-23 15:47:12.586 - WARNING: Params [module.irn.operations.8.NG.conv4.weight] will not optimize.
2025-06-23 15:47:12,586 - WARNING - Params [module.irn.operations.8.NG.conv4.weight] will not optimize.
25-06-23 15:47:12.586 - WARNING: Params [module.irn.operations.8.NG.conv4.bias] will not optimize.
2025-06-23 15:47:12,586 - WARNING - Params [module.irn.operations.8.NG.conv4.bias] will not optimize.
25-06-23 15:47:12.586 - WARNING: Params [module.irn.operations.8.NG.conv5.weight] will not optimize.
2025-06-23 15:47:12,586 - WARNING - Params [module.irn.operations.8.NG.conv5.weight] will not optimize.
25-06-23 15:47:12.586 - WARNING: Params [module.irn.operations.8.NG.conv5.bias] will not optimize.
2025-06-23 15:47:12,586 - WARNING - Params [module.irn.operations.8.NG.conv5.bias] will not optimize.
25-06-23 15:47:12.586 - WARNING: Params [module.irn.operations.8.NG.norm1.weight] will not optimize.
2025-06-23 15:47:12,586 - WARNING - Params [module.irn.operations.8.NG.norm1.weight] will not optimize.
25-06-23 15:47:12.586 - WARNING: Params [module.irn.operations.8.NG.norm1.bias] will not optimize.
2025-06-23 15:47:12,586 - WARNING - Params [module.irn.operations.8.NG.norm1.bias] will not optimize.
25-06-23 15:47:12.586 - WARNING: Params [module.irn.operations.8.NG.norm2.weight] will not optimize.
2025-06-23 15:47:12,586 - WARNING - Params [module.irn.operations.8.NG.norm2.weight] will not optimize.
25-06-23 15:47:12.586 - WARNING: Params [module.irn.operations.8.NG.norm2.bias] will not optimize.
2025-06-23 15:47:12,586 - WARNING - Params [module.irn.operations.8.NG.norm2.bias] will not optimize.
25-06-23 15:47:12.586 - WARNING: Params [module.irn.operations.8.H.conv1.weight] will not optimize.
2025-06-23 15:47:12,586 - WARNING - Params [module.irn.operations.8.H.conv1.weight] will not optimize.
25-06-23 15:47:12.586 - WARNING: Params [module.irn.operations.8.H.conv1.bias] will not optimize.
2025-06-23 15:47:12,586 - WARNING - Params [module.irn.operations.8.H.conv1.bias] will not optimize.
25-06-23 15:47:12.587 - WARNING: Params [module.irn.operations.8.H.conv2.weight] will not optimize.
2025-06-23 15:47:12,587 - WARNING - Params [module.irn.operations.8.H.conv2.weight] will not optimize.
25-06-23 15:47:12.587 - WARNING: Params [module.irn.operations.8.H.conv2.bias] will not optimize.
2025-06-23 15:47:12,587 - WARNING - Params [module.irn.operations.8.H.conv2.bias] will not optimize.
25-06-23 15:47:12.587 - WARNING: Params [module.irn.operations.8.H.conv3.weight] will not optimize.
2025-06-23 15:47:12,587 - WARNING - Params [module.irn.operations.8.H.conv3.weight] will not optimize.
25-06-23 15:47:12.587 - WARNING: Params [module.irn.operations.8.H.conv3.bias] will not optimize.
2025-06-23 15:47:12,587 - WARNING - Params [module.irn.operations.8.H.conv3.bias] will not optimize.
25-06-23 15:47:12.587 - WARNING: Params [module.irn.operations.8.H.conv4.weight] will not optimize.
2025-06-23 15:47:12,587 - WARNING - Params [module.irn.operations.8.H.conv4.weight] will not optimize.
25-06-23 15:47:12.587 - WARNING: Params [module.irn.operations.8.H.conv4.bias] will not optimize.
2025-06-23 15:47:12,587 - WARNING - Params [module.irn.operations.8.H.conv4.bias] will not optimize.
25-06-23 15:47:12.587 - WARNING: Params [module.irn.operations.8.H.conv5.weight] will not optimize.
2025-06-23 15:47:12,587 - WARNING - Params [module.irn.operations.8.H.conv5.weight] will not optimize.
25-06-23 15:47:12.587 - WARNING: Params [module.irn.operations.8.H.conv5.bias] will not optimize.
2025-06-23 15:47:12,587 - WARNING - Params [module.irn.operations.8.H.conv5.bias] will not optimize.
25-06-23 15:47:12.587 - WARNING: Params [module.irn.operations.8.NH.beta] will not optimize.
2025-06-23 15:47:12,587 - WARNING - Params [module.irn.operations.8.NH.beta] will not optimize.
25-06-23 15:47:12.587 - WARNING: Params [module.irn.operations.8.NH.gamma] will not optimize.
2025-06-23 15:47:12,587 - WARNING - Params [module.irn.operations.8.NH.gamma] will not optimize.
25-06-23 15:47:12.587 - WARNING: Params [module.irn.operations.8.NH.conv1.weight] will not optimize.
2025-06-23 15:47:12,587 - WARNING - Params [module.irn.operations.8.NH.conv1.weight] will not optimize.
25-06-23 15:47:12.587 - WARNING: Params [module.irn.operations.8.NH.conv1.bias] will not optimize.
2025-06-23 15:47:12,587 - WARNING - Params [module.irn.operations.8.NH.conv1.bias] will not optimize.
25-06-23 15:47:12.587 - WARNING: Params [module.irn.operations.8.NH.conv2.weight] will not optimize.
2025-06-23 15:47:12,587 - WARNING - Params [module.irn.operations.8.NH.conv2.weight] will not optimize.
25-06-23 15:47:12.587 - WARNING: Params [module.irn.operations.8.NH.conv2.bias] will not optimize.
2025-06-23 15:47:12,587 - WARNING - Params [module.irn.operations.8.NH.conv2.bias] will not optimize.
25-06-23 15:47:12.587 - WARNING: Params [module.irn.operations.8.NH.conv3.weight] will not optimize.
2025-06-23 15:47:12,587 - WARNING - Params [module.irn.operations.8.NH.conv3.weight] will not optimize.
25-06-23 15:47:12.587 - WARNING: Params [module.irn.operations.8.NH.conv3.bias] will not optimize.
2025-06-23 15:47:12,587 - WARNING - Params [module.irn.operations.8.NH.conv3.bias] will not optimize.
25-06-23 15:47:12.587 - WARNING: Params [module.irn.operations.8.NH.sca.1.weight] will not optimize.
2025-06-23 15:47:12,587 - WARNING - Params [module.irn.operations.8.NH.sca.1.weight] will not optimize.
25-06-23 15:47:12.587 - WARNING: Params [module.irn.operations.8.NH.sca.1.bias] will not optimize.
2025-06-23 15:47:12,587 - WARNING - Params [module.irn.operations.8.NH.sca.1.bias] will not optimize.
25-06-23 15:47:12.588 - WARNING: Params [module.irn.operations.8.NH.conv4.weight] will not optimize.
2025-06-23 15:47:12,588 - WARNING - Params [module.irn.operations.8.NH.conv4.weight] will not optimize.
25-06-23 15:47:12.588 - WARNING: Params [module.irn.operations.8.NH.conv4.bias] will not optimize.
2025-06-23 15:47:12,588 - WARNING - Params [module.irn.operations.8.NH.conv4.bias] will not optimize.
25-06-23 15:47:12.588 - WARNING: Params [module.irn.operations.8.NH.conv5.weight] will not optimize.
2025-06-23 15:47:12,588 - WARNING - Params [module.irn.operations.8.NH.conv5.weight] will not optimize.
25-06-23 15:47:12.588 - WARNING: Params [module.irn.operations.8.NH.conv5.bias] will not optimize.
2025-06-23 15:47:12,588 - WARNING - Params [module.irn.operations.8.NH.conv5.bias] will not optimize.
25-06-23 15:47:12.588 - WARNING: Params [module.irn.operations.8.NH.norm1.weight] will not optimize.
2025-06-23 15:47:12,588 - WARNING - Params [module.irn.operations.8.NH.norm1.weight] will not optimize.
25-06-23 15:47:12.588 - WARNING: Params [module.irn.operations.8.NH.norm1.bias] will not optimize.
2025-06-23 15:47:12,588 - WARNING - Params [module.irn.operations.8.NH.norm1.bias] will not optimize.
25-06-23 15:47:12.588 - WARNING: Params [module.irn.operations.8.NH.norm2.weight] will not optimize.
2025-06-23 15:47:12,588 - WARNING - Params [module.irn.operations.8.NH.norm2.weight] will not optimize.
25-06-23 15:47:12.588 - WARNING: Params [module.irn.operations.8.NH.norm2.bias] will not optimize.
2025-06-23 15:47:12,588 - WARNING - Params [module.irn.operations.8.NH.norm2.bias] will not optimize.
25-06-23 15:47:12.588 - WARNING: Params [module.irn.operations.9.F.conv1.weight] will not optimize.
2025-06-23 15:47:12,588 - WARNING - Params [module.irn.operations.9.F.conv1.weight] will not optimize.
25-06-23 15:47:12.588 - WARNING: Params [module.irn.operations.9.F.conv1.bias] will not optimize.
2025-06-23 15:47:12,588 - WARNING - Params [module.irn.operations.9.F.conv1.bias] will not optimize.
25-06-23 15:47:12.588 - WARNING: Params [module.irn.operations.9.F.conv2.weight] will not optimize.
2025-06-23 15:47:12,588 - WARNING - Params [module.irn.operations.9.F.conv2.weight] will not optimize.
25-06-23 15:47:12.588 - WARNING: Params [module.irn.operations.9.F.conv2.bias] will not optimize.
2025-06-23 15:47:12,588 - WARNING - Params [module.irn.operations.9.F.conv2.bias] will not optimize.
25-06-23 15:47:12.588 - WARNING: Params [module.irn.operations.9.F.conv3.weight] will not optimize.
2025-06-23 15:47:12,588 - WARNING - Params [module.irn.operations.9.F.conv3.weight] will not optimize.
25-06-23 15:47:12.588 - WARNING: Params [module.irn.operations.9.F.conv3.bias] will not optimize.
2025-06-23 15:47:12,588 - WARNING - Params [module.irn.operations.9.F.conv3.bias] will not optimize.
25-06-23 15:47:12.588 - WARNING: Params [module.irn.operations.9.F.conv4.weight] will not optimize.
2025-06-23 15:47:12,588 - WARNING - Params [module.irn.operations.9.F.conv4.weight] will not optimize.
25-06-23 15:47:12.588 - WARNING: Params [module.irn.operations.9.F.conv4.bias] will not optimize.
2025-06-23 15:47:12,588 - WARNING - Params [module.irn.operations.9.F.conv4.bias] will not optimize.
25-06-23 15:47:12.588 - WARNING: Params [module.irn.operations.9.F.conv5.weight] will not optimize.
2025-06-23 15:47:12,588 - WARNING - Params [module.irn.operations.9.F.conv5.weight] will not optimize.
25-06-23 15:47:12.588 - WARNING: Params [module.irn.operations.9.F.conv5.bias] will not optimize.
2025-06-23 15:47:12,588 - WARNING - Params [module.irn.operations.9.F.conv5.bias] will not optimize.
25-06-23 15:47:12.589 - WARNING: Params [module.irn.operations.9.NF.beta] will not optimize.
2025-06-23 15:47:12,589 - WARNING - Params [module.irn.operations.9.NF.beta] will not optimize.
25-06-23 15:47:12.589 - WARNING: Params [module.irn.operations.9.NF.gamma] will not optimize.
2025-06-23 15:47:12,589 - WARNING - Params [module.irn.operations.9.NF.gamma] will not optimize.
25-06-23 15:47:12.589 - WARNING: Params [module.irn.operations.9.NF.conv1.weight] will not optimize.
2025-06-23 15:47:12,589 - WARNING - Params [module.irn.operations.9.NF.conv1.weight] will not optimize.
25-06-23 15:47:12.589 - WARNING: Params [module.irn.operations.9.NF.conv1.bias] will not optimize.
2025-06-23 15:47:12,589 - WARNING - Params [module.irn.operations.9.NF.conv1.bias] will not optimize.
25-06-23 15:47:12.589 - WARNING: Params [module.irn.operations.9.NF.conv2.weight] will not optimize.
2025-06-23 15:47:12,589 - WARNING - Params [module.irn.operations.9.NF.conv2.weight] will not optimize.
25-06-23 15:47:12.589 - WARNING: Params [module.irn.operations.9.NF.conv2.bias] will not optimize.
2025-06-23 15:47:12,589 - WARNING - Params [module.irn.operations.9.NF.conv2.bias] will not optimize.
25-06-23 15:47:12.589 - WARNING: Params [module.irn.operations.9.NF.conv3.weight] will not optimize.
2025-06-23 15:47:12,589 - WARNING - Params [module.irn.operations.9.NF.conv3.weight] will not optimize.
25-06-23 15:47:12.589 - WARNING: Params [module.irn.operations.9.NF.conv3.bias] will not optimize.
2025-06-23 15:47:12,589 - WARNING - Params [module.irn.operations.9.NF.conv3.bias] will not optimize.
25-06-23 15:47:12.589 - WARNING: Params [module.irn.operations.9.NF.sca.1.weight] will not optimize.
2025-06-23 15:47:12,589 - WARNING - Params [module.irn.operations.9.NF.sca.1.weight] will not optimize.
25-06-23 15:47:12.589 - WARNING: Params [module.irn.operations.9.NF.sca.1.bias] will not optimize.
2025-06-23 15:47:12,589 - WARNING - Params [module.irn.operations.9.NF.sca.1.bias] will not optimize.
25-06-23 15:47:12.589 - WARNING: Params [module.irn.operations.9.NF.conv4.weight] will not optimize.
2025-06-23 15:47:12,589 - WARNING - Params [module.irn.operations.9.NF.conv4.weight] will not optimize.
25-06-23 15:47:12.589 - WARNING: Params [module.irn.operations.9.NF.conv4.bias] will not optimize.
2025-06-23 15:47:12,589 - WARNING - Params [module.irn.operations.9.NF.conv4.bias] will not optimize.
25-06-23 15:47:12.589 - WARNING: Params [module.irn.operations.9.NF.conv5.weight] will not optimize.
2025-06-23 15:47:12,589 - WARNING - Params [module.irn.operations.9.NF.conv5.weight] will not optimize.
25-06-23 15:47:12.589 - WARNING: Params [module.irn.operations.9.NF.conv5.bias] will not optimize.
2025-06-23 15:47:12,589 - WARNING - Params [module.irn.operations.9.NF.conv5.bias] will not optimize.
25-06-23 15:47:12.589 - WARNING: Params [module.irn.operations.9.NF.norm1.weight] will not optimize.
2025-06-23 15:47:12,589 - WARNING - Params [module.irn.operations.9.NF.norm1.weight] will not optimize.
25-06-23 15:47:12.589 - WARNING: Params [module.irn.operations.9.NF.norm1.bias] will not optimize.
2025-06-23 15:47:12,589 - WARNING - Params [module.irn.operations.9.NF.norm1.bias] will not optimize.
25-06-23 15:47:12.589 - WARNING: Params [module.irn.operations.9.NF.norm2.weight] will not optimize.
2025-06-23 15:47:12,589 - WARNING - Params [module.irn.operations.9.NF.norm2.weight] will not optimize.
25-06-23 15:47:12.589 - WARNING: Params [module.irn.operations.9.NF.norm2.bias] will not optimize.
2025-06-23 15:47:12,589 - WARNING - Params [module.irn.operations.9.NF.norm2.bias] will not optimize.
25-06-23 15:47:12.589 - WARNING: Params [module.irn.operations.9.G.conv1.weight] will not optimize.
2025-06-23 15:47:12,589 - WARNING - Params [module.irn.operations.9.G.conv1.weight] will not optimize.
25-06-23 15:47:12.590 - WARNING: Params [module.irn.operations.9.G.conv1.bias] will not optimize.
2025-06-23 15:47:12,590 - WARNING - Params [module.irn.operations.9.G.conv1.bias] will not optimize.
25-06-23 15:47:12.590 - WARNING: Params [module.irn.operations.9.G.conv2.weight] will not optimize.
2025-06-23 15:47:12,590 - WARNING - Params [module.irn.operations.9.G.conv2.weight] will not optimize.
25-06-23 15:47:12.590 - WARNING: Params [module.irn.operations.9.G.conv2.bias] will not optimize.
2025-06-23 15:47:12,590 - WARNING - Params [module.irn.operations.9.G.conv2.bias] will not optimize.
25-06-23 15:47:12.590 - WARNING: Params [module.irn.operations.9.G.conv3.weight] will not optimize.
2025-06-23 15:47:12,590 - WARNING - Params [module.irn.operations.9.G.conv3.weight] will not optimize.
25-06-23 15:47:12.590 - WARNING: Params [module.irn.operations.9.G.conv3.bias] will not optimize.
2025-06-23 15:47:12,590 - WARNING - Params [module.irn.operations.9.G.conv3.bias] will not optimize.
25-06-23 15:47:12.590 - WARNING: Params [module.irn.operations.9.G.conv4.weight] will not optimize.
2025-06-23 15:47:12,590 - WARNING - Params [module.irn.operations.9.G.conv4.weight] will not optimize.
25-06-23 15:47:12.590 - WARNING: Params [module.irn.operations.9.G.conv4.bias] will not optimize.
2025-06-23 15:47:12,590 - WARNING - Params [module.irn.operations.9.G.conv4.bias] will not optimize.
25-06-23 15:47:12.590 - WARNING: Params [module.irn.operations.9.G.conv5.weight] will not optimize.
2025-06-23 15:47:12,590 - WARNING - Params [module.irn.operations.9.G.conv5.weight] will not optimize.
25-06-23 15:47:12.590 - WARNING: Params [module.irn.operations.9.G.conv5.bias] will not optimize.
2025-06-23 15:47:12,590 - WARNING - Params [module.irn.operations.9.G.conv5.bias] will not optimize.
25-06-23 15:47:12.590 - WARNING: Params [module.irn.operations.9.NG.beta] will not optimize.
2025-06-23 15:47:12,590 - WARNING - Params [module.irn.operations.9.NG.beta] will not optimize.
25-06-23 15:47:12.590 - WARNING: Params [module.irn.operations.9.NG.gamma] will not optimize.
2025-06-23 15:47:12,590 - WARNING - Params [module.irn.operations.9.NG.gamma] will not optimize.
25-06-23 15:47:12.590 - WARNING: Params [module.irn.operations.9.NG.conv1.weight] will not optimize.
2025-06-23 15:47:12,590 - WARNING - Params [module.irn.operations.9.NG.conv1.weight] will not optimize.
25-06-23 15:47:12.590 - WARNING: Params [module.irn.operations.9.NG.conv1.bias] will not optimize.
2025-06-23 15:47:12,590 - WARNING - Params [module.irn.operations.9.NG.conv1.bias] will not optimize.
25-06-23 15:47:12.590 - WARNING: Params [module.irn.operations.9.NG.conv2.weight] will not optimize.
2025-06-23 15:47:12,590 - WARNING - Params [module.irn.operations.9.NG.conv2.weight] will not optimize.
25-06-23 15:47:12.590 - WARNING: Params [module.irn.operations.9.NG.conv2.bias] will not optimize.
2025-06-23 15:47:12,590 - WARNING - Params [module.irn.operations.9.NG.conv2.bias] will not optimize.
25-06-23 15:47:12.590 - WARNING: Params [module.irn.operations.9.NG.conv3.weight] will not optimize.
2025-06-23 15:47:12,590 - WARNING - Params [module.irn.operations.9.NG.conv3.weight] will not optimize.
25-06-23 15:47:12.590 - WARNING: Params [module.irn.operations.9.NG.conv3.bias] will not optimize.
2025-06-23 15:47:12,590 - WARNING - Params [module.irn.operations.9.NG.conv3.bias] will not optimize.
25-06-23 15:47:12.590 - WARNING: Params [module.irn.operations.9.NG.sca.1.weight] will not optimize.
2025-06-23 15:47:12,590 - WARNING - Params [module.irn.operations.9.NG.sca.1.weight] will not optimize.
25-06-23 15:47:12.591 - WARNING: Params [module.irn.operations.9.NG.sca.1.bias] will not optimize.
2025-06-23 15:47:12,591 - WARNING - Params [module.irn.operations.9.NG.sca.1.bias] will not optimize.
25-06-23 15:47:12.591 - WARNING: Params [module.irn.operations.9.NG.conv4.weight] will not optimize.
2025-06-23 15:47:12,591 - WARNING - Params [module.irn.operations.9.NG.conv4.weight] will not optimize.
25-06-23 15:47:12.591 - WARNING: Params [module.irn.operations.9.NG.conv4.bias] will not optimize.
2025-06-23 15:47:12,591 - WARNING - Params [module.irn.operations.9.NG.conv4.bias] will not optimize.
25-06-23 15:47:12.591 - WARNING: Params [module.irn.operations.9.NG.conv5.weight] will not optimize.
2025-06-23 15:47:12,591 - WARNING - Params [module.irn.operations.9.NG.conv5.weight] will not optimize.
25-06-23 15:47:12.591 - WARNING: Params [module.irn.operations.9.NG.conv5.bias] will not optimize.
2025-06-23 15:47:12,591 - WARNING - Params [module.irn.operations.9.NG.conv5.bias] will not optimize.
25-06-23 15:47:12.591 - WARNING: Params [module.irn.operations.9.NG.norm1.weight] will not optimize.
2025-06-23 15:47:12,591 - WARNING - Params [module.irn.operations.9.NG.norm1.weight] will not optimize.
25-06-23 15:47:12.591 - WARNING: Params [module.irn.operations.9.NG.norm1.bias] will not optimize.
2025-06-23 15:47:12,591 - WARNING - Params [module.irn.operations.9.NG.norm1.bias] will not optimize.
25-06-23 15:47:12.591 - WARNING: Params [module.irn.operations.9.NG.norm2.weight] will not optimize.
2025-06-23 15:47:12,591 - WARNING - Params [module.irn.operations.9.NG.norm2.weight] will not optimize.
25-06-23 15:47:12.591 - WARNING: Params [module.irn.operations.9.NG.norm2.bias] will not optimize.
2025-06-23 15:47:12,591 - WARNING - Params [module.irn.operations.9.NG.norm2.bias] will not optimize.
25-06-23 15:47:12.591 - WARNING: Params [module.irn.operations.9.H.conv1.weight] will not optimize.
2025-06-23 15:47:12,591 - WARNING - Params [module.irn.operations.9.H.conv1.weight] will not optimize.
25-06-23 15:47:12.591 - WARNING: Params [module.irn.operations.9.H.conv1.bias] will not optimize.
2025-06-23 15:47:12,591 - WARNING - Params [module.irn.operations.9.H.conv1.bias] will not optimize.
25-06-23 15:47:12.591 - WARNING: Params [module.irn.operations.9.H.conv2.weight] will not optimize.
2025-06-23 15:47:12,591 - WARNING - Params [module.irn.operations.9.H.conv2.weight] will not optimize.
25-06-23 15:47:12.591 - WARNING: Params [module.irn.operations.9.H.conv2.bias] will not optimize.
2025-06-23 15:47:12,591 - WARNING - Params [module.irn.operations.9.H.conv2.bias] will not optimize.
25-06-23 15:47:12.591 - WARNING: Params [module.irn.operations.9.H.conv3.weight] will not optimize.
2025-06-23 15:47:12,591 - WARNING - Params [module.irn.operations.9.H.conv3.weight] will not optimize.
25-06-23 15:47:12.591 - WARNING: Params [module.irn.operations.9.H.conv3.bias] will not optimize.
2025-06-23 15:47:12,591 - WARNING - Params [module.irn.operations.9.H.conv3.bias] will not optimize.
25-06-23 15:47:12.591 - WARNING: Params [module.irn.operations.9.H.conv4.weight] will not optimize.
2025-06-23 15:47:12,591 - WARNING - Params [module.irn.operations.9.H.conv4.weight] will not optimize.
25-06-23 15:47:12.591 - WARNING: Params [module.irn.operations.9.H.conv4.bias] will not optimize.
2025-06-23 15:47:12,591 - WARNING - Params [module.irn.operations.9.H.conv4.bias] will not optimize.
25-06-23 15:47:12.591 - WARNING: Params [module.irn.operations.9.H.conv5.weight] will not optimize.
2025-06-23 15:47:12,591 - WARNING - Params [module.irn.operations.9.H.conv5.weight] will not optimize.
25-06-23 15:47:12.592 - WARNING: Params [module.irn.operations.9.H.conv5.bias] will not optimize.
2025-06-23 15:47:12,592 - WARNING - Params [module.irn.operations.9.H.conv5.bias] will not optimize.
25-06-23 15:47:12.592 - WARNING: Params [module.irn.operations.9.NH.beta] will not optimize.
2025-06-23 15:47:12,592 - WARNING - Params [module.irn.operations.9.NH.beta] will not optimize.
25-06-23 15:47:12.592 - WARNING: Params [module.irn.operations.9.NH.gamma] will not optimize.
2025-06-23 15:47:12,592 - WARNING - Params [module.irn.operations.9.NH.gamma] will not optimize.
25-06-23 15:47:12.592 - WARNING: Params [module.irn.operations.9.NH.conv1.weight] will not optimize.
2025-06-23 15:47:12,592 - WARNING - Params [module.irn.operations.9.NH.conv1.weight] will not optimize.
25-06-23 15:47:12.592 - WARNING: Params [module.irn.operations.9.NH.conv1.bias] will not optimize.
2025-06-23 15:47:12,592 - WARNING - Params [module.irn.operations.9.NH.conv1.bias] will not optimize.
25-06-23 15:47:12.592 - WARNING: Params [module.irn.operations.9.NH.conv2.weight] will not optimize.
2025-06-23 15:47:12,592 - WARNING - Params [module.irn.operations.9.NH.conv2.weight] will not optimize.
25-06-23 15:47:12.592 - WARNING: Params [module.irn.operations.9.NH.conv2.bias] will not optimize.
2025-06-23 15:47:12,592 - WARNING - Params [module.irn.operations.9.NH.conv2.bias] will not optimize.
25-06-23 15:47:12.592 - WARNING: Params [module.irn.operations.9.NH.conv3.weight] will not optimize.
2025-06-23 15:47:12,592 - WARNING - Params [module.irn.operations.9.NH.conv3.weight] will not optimize.
25-06-23 15:47:12.592 - WARNING: Params [module.irn.operations.9.NH.conv3.bias] will not optimize.
2025-06-23 15:47:12,592 - WARNING - Params [module.irn.operations.9.NH.conv3.bias] will not optimize.
25-06-23 15:47:12.592 - WARNING: Params [module.irn.operations.9.NH.sca.1.weight] will not optimize.
2025-06-23 15:47:12,592 - WARNING - Params [module.irn.operations.9.NH.sca.1.weight] will not optimize.
25-06-23 15:47:12.592 - WARNING: Params [module.irn.operations.9.NH.sca.1.bias] will not optimize.
2025-06-23 15:47:12,592 - WARNING - Params [module.irn.operations.9.NH.sca.1.bias] will not optimize.
25-06-23 15:47:12.592 - WARNING: Params [module.irn.operations.9.NH.conv4.weight] will not optimize.
2025-06-23 15:47:12,592 - WARNING - Params [module.irn.operations.9.NH.conv4.weight] will not optimize.
25-06-23 15:47:12.592 - WARNING: Params [module.irn.operations.9.NH.conv4.bias] will not optimize.
2025-06-23 15:47:12,592 - WARNING - Params [module.irn.operations.9.NH.conv4.bias] will not optimize.
25-06-23 15:47:12.592 - WARNING: Params [module.irn.operations.9.NH.conv5.weight] will not optimize.
2025-06-23 15:47:12,592 - WARNING - Params [module.irn.operations.9.NH.conv5.weight] will not optimize.
25-06-23 15:47:12.592 - WARNING: Params [module.irn.operations.9.NH.conv5.bias] will not optimize.
2025-06-23 15:47:12,592 - WARNING - Params [module.irn.operations.9.NH.conv5.bias] will not optimize.
25-06-23 15:47:12.592 - WARNING: Params [module.irn.operations.9.NH.norm1.weight] will not optimize.
2025-06-23 15:47:12,592 - WARNING - Params [module.irn.operations.9.NH.norm1.weight] will not optimize.
25-06-23 15:47:12.592 - WARNING: Params [module.irn.operations.9.NH.norm1.bias] will not optimize.
2025-06-23 15:47:12,592 - WARNING - Params [module.irn.operations.9.NH.norm1.bias] will not optimize.
25-06-23 15:47:12.592 - WARNING: Params [module.irn.operations.9.NH.norm2.weight] will not optimize.
2025-06-23 15:47:12,592 - WARNING - Params [module.irn.operations.9.NH.norm2.weight] will not optimize.
25-06-23 15:47:12.592 - WARNING: Params [module.irn.operations.9.NH.norm2.bias] will not optimize.
2025-06-23 15:47:12,592 - WARNING - Params [module.irn.operations.9.NH.norm2.bias] will not optimize.
25-06-23 15:47:12.593 - WARNING: Params [module.irn.operations.10.F.conv1.weight] will not optimize.
2025-06-23 15:47:12,593 - WARNING - Params [module.irn.operations.10.F.conv1.weight] will not optimize.
25-06-23 15:47:12.593 - WARNING: Params [module.irn.operations.10.F.conv1.bias] will not optimize.
2025-06-23 15:47:12,593 - WARNING - Params [module.irn.operations.10.F.conv1.bias] will not optimize.
25-06-23 15:47:12.593 - WARNING: Params [module.irn.operations.10.F.conv2.weight] will not optimize.
2025-06-23 15:47:12,593 - WARNING - Params [module.irn.operations.10.F.conv2.weight] will not optimize.
25-06-23 15:47:12.593 - WARNING: Params [module.irn.operations.10.F.conv2.bias] will not optimize.
2025-06-23 15:47:12,593 - WARNING - Params [module.irn.operations.10.F.conv2.bias] will not optimize.
25-06-23 15:47:12.593 - WARNING: Params [module.irn.operations.10.F.conv3.weight] will not optimize.
2025-06-23 15:47:12,593 - WARNING - Params [module.irn.operations.10.F.conv3.weight] will not optimize.
25-06-23 15:47:12.593 - WARNING: Params [module.irn.operations.10.F.conv3.bias] will not optimize.
2025-06-23 15:47:12,593 - WARNING - Params [module.irn.operations.10.F.conv3.bias] will not optimize.
25-06-23 15:47:12.593 - WARNING: Params [module.irn.operations.10.F.conv4.weight] will not optimize.
2025-06-23 15:47:12,593 - WARNING - Params [module.irn.operations.10.F.conv4.weight] will not optimize.
25-06-23 15:47:12.593 - WARNING: Params [module.irn.operations.10.F.conv4.bias] will not optimize.
2025-06-23 15:47:12,593 - WARNING - Params [module.irn.operations.10.F.conv4.bias] will not optimize.
25-06-23 15:47:12.593 - WARNING: Params [module.irn.operations.10.F.conv5.weight] will not optimize.
2025-06-23 15:47:12,593 - WARNING - Params [module.irn.operations.10.F.conv5.weight] will not optimize.
25-06-23 15:47:12.593 - WARNING: Params [module.irn.operations.10.F.conv5.bias] will not optimize.
2025-06-23 15:47:12,593 - WARNING - Params [module.irn.operations.10.F.conv5.bias] will not optimize.
25-06-23 15:47:12.593 - WARNING: Params [module.irn.operations.10.NF.beta] will not optimize.
2025-06-23 15:47:12,593 - WARNING - Params [module.irn.operations.10.NF.beta] will not optimize.
25-06-23 15:47:12.593 - WARNING: Params [module.irn.operations.10.NF.gamma] will not optimize.
2025-06-23 15:47:12,593 - WARNING - Params [module.irn.operations.10.NF.gamma] will not optimize.
25-06-23 15:47:12.593 - WARNING: Params [module.irn.operations.10.NF.conv1.weight] will not optimize.
2025-06-23 15:47:12,593 - WARNING - Params [module.irn.operations.10.NF.conv1.weight] will not optimize.
25-06-23 15:47:12.593 - WARNING: Params [module.irn.operations.10.NF.conv1.bias] will not optimize.
2025-06-23 15:47:12,593 - WARNING - Params [module.irn.operations.10.NF.conv1.bias] will not optimize.
25-06-23 15:47:12.593 - WARNING: Params [module.irn.operations.10.NF.conv2.weight] will not optimize.
2025-06-23 15:47:12,593 - WARNING - Params [module.irn.operations.10.NF.conv2.weight] will not optimize.
25-06-23 15:47:12.593 - WARNING: Params [module.irn.operations.10.NF.conv2.bias] will not optimize.
2025-06-23 15:47:12,593 - WARNING - Params [module.irn.operations.10.NF.conv2.bias] will not optimize.
25-06-23 15:47:12.593 - WARNING: Params [module.irn.operations.10.NF.conv3.weight] will not optimize.
2025-06-23 15:47:12,593 - WARNING - Params [module.irn.operations.10.NF.conv3.weight] will not optimize.
25-06-23 15:47:12.593 - WARNING: Params [module.irn.operations.10.NF.conv3.bias] will not optimize.
2025-06-23 15:47:12,593 - WARNING - Params [module.irn.operations.10.NF.conv3.bias] will not optimize.
25-06-23 15:47:12.594 - WARNING: Params [module.irn.operations.10.NF.sca.1.weight] will not optimize.
2025-06-23 15:47:12,594 - WARNING - Params [module.irn.operations.10.NF.sca.1.weight] will not optimize.
25-06-23 15:47:12.594 - WARNING: Params [module.irn.operations.10.NF.sca.1.bias] will not optimize.
2025-06-23 15:47:12,594 - WARNING - Params [module.irn.operations.10.NF.sca.1.bias] will not optimize.
25-06-23 15:47:12.594 - WARNING: Params [module.irn.operations.10.NF.conv4.weight] will not optimize.
2025-06-23 15:47:12,594 - WARNING - Params [module.irn.operations.10.NF.conv4.weight] will not optimize.
25-06-23 15:47:12.594 - WARNING: Params [module.irn.operations.10.NF.conv4.bias] will not optimize.
2025-06-23 15:47:12,594 - WARNING - Params [module.irn.operations.10.NF.conv4.bias] will not optimize.
25-06-23 15:47:12.594 - WARNING: Params [module.irn.operations.10.NF.conv5.weight] will not optimize.
2025-06-23 15:47:12,594 - WARNING - Params [module.irn.operations.10.NF.conv5.weight] will not optimize.
25-06-23 15:47:12.594 - WARNING: Params [module.irn.operations.10.NF.conv5.bias] will not optimize.
2025-06-23 15:47:12,594 - WARNING - Params [module.irn.operations.10.NF.conv5.bias] will not optimize.
25-06-23 15:47:12.594 - WARNING: Params [module.irn.operations.10.NF.norm1.weight] will not optimize.
2025-06-23 15:47:12,594 - WARNING - Params [module.irn.operations.10.NF.norm1.weight] will not optimize.
25-06-23 15:47:12.594 - WARNING: Params [module.irn.operations.10.NF.norm1.bias] will not optimize.
2025-06-23 15:47:12,594 - WARNING - Params [module.irn.operations.10.NF.norm1.bias] will not optimize.
25-06-23 15:47:12.594 - WARNING: Params [module.irn.operations.10.NF.norm2.weight] will not optimize.
2025-06-23 15:47:12,594 - WARNING - Params [module.irn.operations.10.NF.norm2.weight] will not optimize.
25-06-23 15:47:12.594 - WARNING: Params [module.irn.operations.10.NF.norm2.bias] will not optimize.
2025-06-23 15:47:12,594 - WARNING - Params [module.irn.operations.10.NF.norm2.bias] will not optimize.
25-06-23 15:47:12.594 - WARNING: Params [module.irn.operations.10.G.conv1.weight] will not optimize.
2025-06-23 15:47:12,594 - WARNING - Params [module.irn.operations.10.G.conv1.weight] will not optimize.
25-06-23 15:47:12.594 - WARNING: Params [module.irn.operations.10.G.conv1.bias] will not optimize.
2025-06-23 15:47:12,594 - WARNING - Params [module.irn.operations.10.G.conv1.bias] will not optimize.
25-06-23 15:47:12.594 - WARNING: Params [module.irn.operations.10.G.conv2.weight] will not optimize.
2025-06-23 15:47:12,594 - WARNING - Params [module.irn.operations.10.G.conv2.weight] will not optimize.
25-06-23 15:47:12.594 - WARNING: Params [module.irn.operations.10.G.conv2.bias] will not optimize.
2025-06-23 15:47:12,594 - WARNING - Params [module.irn.operations.10.G.conv2.bias] will not optimize.
25-06-23 15:47:12.594 - WARNING: Params [module.irn.operations.10.G.conv3.weight] will not optimize.
2025-06-23 15:47:12,594 - WARNING - Params [module.irn.operations.10.G.conv3.weight] will not optimize.
25-06-23 15:47:12.594 - WARNING: Params [module.irn.operations.10.G.conv3.bias] will not optimize.
2025-06-23 15:47:12,594 - WARNING - Params [module.irn.operations.10.G.conv3.bias] will not optimize.
25-06-23 15:47:12.594 - WARNING: Params [module.irn.operations.10.G.conv4.weight] will not optimize.
2025-06-23 15:47:12,594 - WARNING - Params [module.irn.operations.10.G.conv4.weight] will not optimize.
25-06-23 15:47:12.594 - WARNING: Params [module.irn.operations.10.G.conv4.bias] will not optimize.
2025-06-23 15:47:12,594 - WARNING - Params [module.irn.operations.10.G.conv4.bias] will not optimize.
25-06-23 15:47:12.595 - WARNING: Params [module.irn.operations.10.G.conv5.weight] will not optimize.
2025-06-23 15:47:12,595 - WARNING - Params [module.irn.operations.10.G.conv5.weight] will not optimize.
25-06-23 15:47:12.595 - WARNING: Params [module.irn.operations.10.G.conv5.bias] will not optimize.
2025-06-23 15:47:12,595 - WARNING - Params [module.irn.operations.10.G.conv5.bias] will not optimize.
25-06-23 15:47:12.595 - WARNING: Params [module.irn.operations.10.NG.beta] will not optimize.
2025-06-23 15:47:12,595 - WARNING - Params [module.irn.operations.10.NG.beta] will not optimize.
25-06-23 15:47:12.595 - WARNING: Params [module.irn.operations.10.NG.gamma] will not optimize.
2025-06-23 15:47:12,595 - WARNING - Params [module.irn.operations.10.NG.gamma] will not optimize.
25-06-23 15:47:12.595 - WARNING: Params [module.irn.operations.10.NG.conv1.weight] will not optimize.
2025-06-23 15:47:12,595 - WARNING - Params [module.irn.operations.10.NG.conv1.weight] will not optimize.
25-06-23 15:47:12.595 - WARNING: Params [module.irn.operations.10.NG.conv1.bias] will not optimize.
2025-06-23 15:47:12,595 - WARNING - Params [module.irn.operations.10.NG.conv1.bias] will not optimize.
25-06-23 15:47:12.595 - WARNING: Params [module.irn.operations.10.NG.conv2.weight] will not optimize.
2025-06-23 15:47:12,595 - WARNING - Params [module.irn.operations.10.NG.conv2.weight] will not optimize.
25-06-23 15:47:12.595 - WARNING: Params [module.irn.operations.10.NG.conv2.bias] will not optimize.
2025-06-23 15:47:12,595 - WARNING - Params [module.irn.operations.10.NG.conv2.bias] will not optimize.
25-06-23 15:47:12.595 - WARNING: Params [module.irn.operations.10.NG.conv3.weight] will not optimize.
2025-06-23 15:47:12,595 - WARNING - Params [module.irn.operations.10.NG.conv3.weight] will not optimize.
25-06-23 15:47:12.595 - WARNING: Params [module.irn.operations.10.NG.conv3.bias] will not optimize.
2025-06-23 15:47:12,595 - WARNING - Params [module.irn.operations.10.NG.conv3.bias] will not optimize.
25-06-23 15:47:12.595 - WARNING: Params [module.irn.operations.10.NG.sca.1.weight] will not optimize.
2025-06-23 15:47:12,595 - WARNING - Params [module.irn.operations.10.NG.sca.1.weight] will not optimize.
25-06-23 15:47:12.595 - WARNING: Params [module.irn.operations.10.NG.sca.1.bias] will not optimize.
2025-06-23 15:47:12,595 - WARNING - Params [module.irn.operations.10.NG.sca.1.bias] will not optimize.
25-06-23 15:47:12.595 - WARNING: Params [module.irn.operations.10.NG.conv4.weight] will not optimize.
2025-06-23 15:47:12,595 - WARNING - Params [module.irn.operations.10.NG.conv4.weight] will not optimize.
25-06-23 15:47:12.595 - WARNING: Params [module.irn.operations.10.NG.conv4.bias] will not optimize.
2025-06-23 15:47:12,595 - WARNING - Params [module.irn.operations.10.NG.conv4.bias] will not optimize.
25-06-23 15:47:12.595 - WARNING: Params [module.irn.operations.10.NG.conv5.weight] will not optimize.
2025-06-23 15:47:12,595 - WARNING - Params [module.irn.operations.10.NG.conv5.weight] will not optimize.
25-06-23 15:47:12.595 - WARNING: Params [module.irn.operations.10.NG.conv5.bias] will not optimize.
2025-06-23 15:47:12,595 - WARNING - Params [module.irn.operations.10.NG.conv5.bias] will not optimize.
25-06-23 15:47:12.595 - WARNING: Params [module.irn.operations.10.NG.norm1.weight] will not optimize.
2025-06-23 15:47:12,595 - WARNING - Params [module.irn.operations.10.NG.norm1.weight] will not optimize.
25-06-23 15:47:12.595 - WARNING: Params [module.irn.operations.10.NG.norm1.bias] will not optimize.
2025-06-23 15:47:12,595 - WARNING - Params [module.irn.operations.10.NG.norm1.bias] will not optimize.
25-06-23 15:47:12.596 - WARNING: Params [module.irn.operations.10.NG.norm2.weight] will not optimize.
2025-06-23 15:47:12,596 - WARNING - Params [module.irn.operations.10.NG.norm2.weight] will not optimize.
25-06-23 15:47:12.596 - WARNING: Params [module.irn.operations.10.NG.norm2.bias] will not optimize.
2025-06-23 15:47:12,596 - WARNING - Params [module.irn.operations.10.NG.norm2.bias] will not optimize.
25-06-23 15:47:12.596 - WARNING: Params [module.irn.operations.10.H.conv1.weight] will not optimize.
2025-06-23 15:47:12,596 - WARNING - Params [module.irn.operations.10.H.conv1.weight] will not optimize.
25-06-23 15:47:12.596 - WARNING: Params [module.irn.operations.10.H.conv1.bias] will not optimize.
2025-06-23 15:47:12,596 - WARNING - Params [module.irn.operations.10.H.conv1.bias] will not optimize.
25-06-23 15:47:12.596 - WARNING: Params [module.irn.operations.10.H.conv2.weight] will not optimize.
2025-06-23 15:47:12,596 - WARNING - Params [module.irn.operations.10.H.conv2.weight] will not optimize.
25-06-23 15:47:12.596 - WARNING: Params [module.irn.operations.10.H.conv2.bias] will not optimize.
2025-06-23 15:47:12,596 - WARNING - Params [module.irn.operations.10.H.conv2.bias] will not optimize.
25-06-23 15:47:12.596 - WARNING: Params [module.irn.operations.10.H.conv3.weight] will not optimize.
2025-06-23 15:47:12,596 - WARNING - Params [module.irn.operations.10.H.conv3.weight] will not optimize.
25-06-23 15:47:12.596 - WARNING: Params [module.irn.operations.10.H.conv3.bias] will not optimize.
2025-06-23 15:47:12,596 - WARNING - Params [module.irn.operations.10.H.conv3.bias] will not optimize.
25-06-23 15:47:12.596 - WARNING: Params [module.irn.operations.10.H.conv4.weight] will not optimize.
2025-06-23 15:47:12,596 - WARNING - Params [module.irn.operations.10.H.conv4.weight] will not optimize.
25-06-23 15:47:12.596 - WARNING: Params [module.irn.operations.10.H.conv4.bias] will not optimize.
2025-06-23 15:47:12,596 - WARNING - Params [module.irn.operations.10.H.conv4.bias] will not optimize.
25-06-23 15:47:12.596 - WARNING: Params [module.irn.operations.10.H.conv5.weight] will not optimize.
2025-06-23 15:47:12,596 - WARNING - Params [module.irn.operations.10.H.conv5.weight] will not optimize.
25-06-23 15:47:12.596 - WARNING: Params [module.irn.operations.10.H.conv5.bias] will not optimize.
2025-06-23 15:47:12,596 - WARNING - Params [module.irn.operations.10.H.conv5.bias] will not optimize.
25-06-23 15:47:12.596 - WARNING: Params [module.irn.operations.10.NH.beta] will not optimize.
2025-06-23 15:47:12,596 - WARNING - Params [module.irn.operations.10.NH.beta] will not optimize.
25-06-23 15:47:12.596 - WARNING: Params [module.irn.operations.10.NH.gamma] will not optimize.
2025-06-23 15:47:12,596 - WARNING - Params [module.irn.operations.10.NH.gamma] will not optimize.
25-06-23 15:47:12.596 - WARNING: Params [module.irn.operations.10.NH.conv1.weight] will not optimize.
2025-06-23 15:47:12,596 - WARNING - Params [module.irn.operations.10.NH.conv1.weight] will not optimize.
25-06-23 15:47:12.596 - WARNING: Params [module.irn.operations.10.NH.conv1.bias] will not optimize.
2025-06-23 15:47:12,596 - WARNING - Params [module.irn.operations.10.NH.conv1.bias] will not optimize.
25-06-23 15:47:12.596 - WARNING: Params [module.irn.operations.10.NH.conv2.weight] will not optimize.
2025-06-23 15:47:12,596 - WARNING - Params [module.irn.operations.10.NH.conv2.weight] will not optimize.
25-06-23 15:47:12.596 - WARNING: Params [module.irn.operations.10.NH.conv2.bias] will not optimize.
2025-06-23 15:47:12,596 - WARNING - Params [module.irn.operations.10.NH.conv2.bias] will not optimize.
25-06-23 15:47:12.596 - WARNING: Params [module.irn.operations.10.NH.conv3.weight] will not optimize.
2025-06-23 15:47:12,596 - WARNING - Params [module.irn.operations.10.NH.conv3.weight] will not optimize.
25-06-23 15:47:12.597 - WARNING: Params [module.irn.operations.10.NH.conv3.bias] will not optimize.
2025-06-23 15:47:12,597 - WARNING - Params [module.irn.operations.10.NH.conv3.bias] will not optimize.
25-06-23 15:47:12.597 - WARNING: Params [module.irn.operations.10.NH.sca.1.weight] will not optimize.
2025-06-23 15:47:12,597 - WARNING - Params [module.irn.operations.10.NH.sca.1.weight] will not optimize.
25-06-23 15:47:12.597 - WARNING: Params [module.irn.operations.10.NH.sca.1.bias] will not optimize.
2025-06-23 15:47:12,597 - WARNING - Params [module.irn.operations.10.NH.sca.1.bias] will not optimize.
25-06-23 15:47:12.597 - WARNING: Params [module.irn.operations.10.NH.conv4.weight] will not optimize.
2025-06-23 15:47:12,597 - WARNING - Params [module.irn.operations.10.NH.conv4.weight] will not optimize.
25-06-23 15:47:12.597 - WARNING: Params [module.irn.operations.10.NH.conv4.bias] will not optimize.
2025-06-23 15:47:12,597 - WARNING - Params [module.irn.operations.10.NH.conv4.bias] will not optimize.
25-06-23 15:47:12.597 - WARNING: Params [module.irn.operations.10.NH.conv5.weight] will not optimize.
2025-06-23 15:47:12,597 - WARNING - Params [module.irn.operations.10.NH.conv5.weight] will not optimize.
25-06-23 15:47:12.597 - WARNING: Params [module.irn.operations.10.NH.conv5.bias] will not optimize.
2025-06-23 15:47:12,597 - WARNING - Params [module.irn.operations.10.NH.conv5.bias] will not optimize.
25-06-23 15:47:12.597 - WARNING: Params [module.irn.operations.10.NH.norm1.weight] will not optimize.
2025-06-23 15:47:12,597 - WARNING - Params [module.irn.operations.10.NH.norm1.weight] will not optimize.
25-06-23 15:47:12.597 - WARNING: Params [module.irn.operations.10.NH.norm1.bias] will not optimize.
2025-06-23 15:47:12,597 - WARNING - Params [module.irn.operations.10.NH.norm1.bias] will not optimize.
25-06-23 15:47:12.597 - WARNING: Params [module.irn.operations.10.NH.norm2.weight] will not optimize.
2025-06-23 15:47:12,597 - WARNING - Params [module.irn.operations.10.NH.norm2.weight] will not optimize.
25-06-23 15:47:12.597 - WARNING: Params [module.irn.operations.10.NH.norm2.bias] will not optimize.
2025-06-23 15:47:12,597 - WARNING - Params [module.irn.operations.10.NH.norm2.bias] will not optimize.
25-06-23 15:47:12.597 - WARNING: Params [module.irn.operations.11.F.conv1.weight] will not optimize.
2025-06-23 15:47:12,597 - WARNING - Params [module.irn.operations.11.F.conv1.weight] will not optimize.
25-06-23 15:47:12.597 - WARNING: Params [module.irn.operations.11.F.conv1.bias] will not optimize.
2025-06-23 15:47:12,597 - WARNING - Params [module.irn.operations.11.F.conv1.bias] will not optimize.
25-06-23 15:47:12.597 - WARNING: Params [module.irn.operations.11.F.conv2.weight] will not optimize.
2025-06-23 15:47:12,597 - WARNING - Params [module.irn.operations.11.F.conv2.weight] will not optimize.
25-06-23 15:47:12.597 - WARNING: Params [module.irn.operations.11.F.conv2.bias] will not optimize.
2025-06-23 15:47:12,597 - WARNING - Params [module.irn.operations.11.F.conv2.bias] will not optimize.
25-06-23 15:47:12.597 - WARNING: Params [module.irn.operations.11.F.conv3.weight] will not optimize.
2025-06-23 15:47:12,597 - WARNING - Params [module.irn.operations.11.F.conv3.weight] will not optimize.
25-06-23 15:47:12.597 - WARNING: Params [module.irn.operations.11.F.conv3.bias] will not optimize.
2025-06-23 15:47:12,597 - WARNING - Params [module.irn.operations.11.F.conv3.bias] will not optimize.
25-06-23 15:47:12.597 - WARNING: Params [module.irn.operations.11.F.conv4.weight] will not optimize.
2025-06-23 15:47:12,597 - WARNING - Params [module.irn.operations.11.F.conv4.weight] will not optimize.
25-06-23 15:47:12.598 - WARNING: Params [module.irn.operations.11.F.conv4.bias] will not optimize.
2025-06-23 15:47:12,598 - WARNING - Params [module.irn.operations.11.F.conv4.bias] will not optimize.
25-06-23 15:47:12.598 - WARNING: Params [module.irn.operations.11.F.conv5.weight] will not optimize.
2025-06-23 15:47:12,598 - WARNING - Params [module.irn.operations.11.F.conv5.weight] will not optimize.
25-06-23 15:47:12.598 - WARNING: Params [module.irn.operations.11.F.conv5.bias] will not optimize.
2025-06-23 15:47:12,598 - WARNING - Params [module.irn.operations.11.F.conv5.bias] will not optimize.
25-06-23 15:47:12.598 - WARNING: Params [module.irn.operations.11.NF.beta] will not optimize.
2025-06-23 15:47:12,598 - WARNING - Params [module.irn.operations.11.NF.beta] will not optimize.
25-06-23 15:47:12.598 - WARNING: Params [module.irn.operations.11.NF.gamma] will not optimize.
2025-06-23 15:47:12,598 - WARNING - Params [module.irn.operations.11.NF.gamma] will not optimize.
25-06-23 15:47:12.598 - WARNING: Params [module.irn.operations.11.NF.conv1.weight] will not optimize.
2025-06-23 15:47:12,598 - WARNING - Params [module.irn.operations.11.NF.conv1.weight] will not optimize.
25-06-23 15:47:12.598 - WARNING: Params [module.irn.operations.11.NF.conv1.bias] will not optimize.
2025-06-23 15:47:12,598 - WARNING - Params [module.irn.operations.11.NF.conv1.bias] will not optimize.
25-06-23 15:47:12.598 - WARNING: Params [module.irn.operations.11.NF.conv2.weight] will not optimize.
2025-06-23 15:47:12,598 - WARNING - Params [module.irn.operations.11.NF.conv2.weight] will not optimize.
25-06-23 15:47:12.598 - WARNING: Params [module.irn.operations.11.NF.conv2.bias] will not optimize.
2025-06-23 15:47:12,598 - WARNING - Params [module.irn.operations.11.NF.conv2.bias] will not optimize.
25-06-23 15:47:12.598 - WARNING: Params [module.irn.operations.11.NF.conv3.weight] will not optimize.
2025-06-23 15:47:12,598 - WARNING - Params [module.irn.operations.11.NF.conv3.weight] will not optimize.
25-06-23 15:47:12.598 - WARNING: Params [module.irn.operations.11.NF.conv3.bias] will not optimize.
2025-06-23 15:47:12,598 - WARNING - Params [module.irn.operations.11.NF.conv3.bias] will not optimize.
25-06-23 15:47:12.598 - WARNING: Params [module.irn.operations.11.NF.sca.1.weight] will not optimize.
2025-06-23 15:47:12,598 - WARNING - Params [module.irn.operations.11.NF.sca.1.weight] will not optimize.
25-06-23 15:47:12.598 - WARNING: Params [module.irn.operations.11.NF.sca.1.bias] will not optimize.
2025-06-23 15:47:12,598 - WARNING - Params [module.irn.operations.11.NF.sca.1.bias] will not optimize.
25-06-23 15:47:12.598 - WARNING: Params [module.irn.operations.11.NF.conv4.weight] will not optimize.
2025-06-23 15:47:12,598 - WARNING - Params [module.irn.operations.11.NF.conv4.weight] will not optimize.
25-06-23 15:47:12.598 - WARNING: Params [module.irn.operations.11.NF.conv4.bias] will not optimize.
2025-06-23 15:47:12,598 - WARNING - Params [module.irn.operations.11.NF.conv4.bias] will not optimize.
25-06-23 15:47:12.598 - WARNING: Params [module.irn.operations.11.NF.conv5.weight] will not optimize.
2025-06-23 15:47:12,598 - WARNING - Params [module.irn.operations.11.NF.conv5.weight] will not optimize.
25-06-23 15:47:12.598 - WARNING: Params [module.irn.operations.11.NF.conv5.bias] will not optimize.
2025-06-23 15:47:12,598 - WARNING - Params [module.irn.operations.11.NF.conv5.bias] will not optimize.
25-06-23 15:47:12.598 - WARNING: Params [module.irn.operations.11.NF.norm1.weight] will not optimize.
2025-06-23 15:47:12,598 - WARNING - Params [module.irn.operations.11.NF.norm1.weight] will not optimize.
25-06-23 15:47:12.599 - WARNING: Params [module.irn.operations.11.NF.norm1.bias] will not optimize.
2025-06-23 15:47:12,599 - WARNING - Params [module.irn.operations.11.NF.norm1.bias] will not optimize.
25-06-23 15:47:12.599 - WARNING: Params [module.irn.operations.11.NF.norm2.weight] will not optimize.
2025-06-23 15:47:12,599 - WARNING - Params [module.irn.operations.11.NF.norm2.weight] will not optimize.
25-06-23 15:47:12.599 - WARNING: Params [module.irn.operations.11.NF.norm2.bias] will not optimize.
2025-06-23 15:47:12,599 - WARNING - Params [module.irn.operations.11.NF.norm2.bias] will not optimize.
25-06-23 15:47:12.599 - WARNING: Params [module.irn.operations.11.G.conv1.weight] will not optimize.
2025-06-23 15:47:12,599 - WARNING - Params [module.irn.operations.11.G.conv1.weight] will not optimize.
25-06-23 15:47:12.599 - WARNING: Params [module.irn.operations.11.G.conv1.bias] will not optimize.
2025-06-23 15:47:12,599 - WARNING - Params [module.irn.operations.11.G.conv1.bias] will not optimize.
25-06-23 15:47:12.599 - WARNING: Params [module.irn.operations.11.G.conv2.weight] will not optimize.
2025-06-23 15:47:12,599 - WARNING - Params [module.irn.operations.11.G.conv2.weight] will not optimize.
25-06-23 15:47:12.599 - WARNING: Params [module.irn.operations.11.G.conv2.bias] will not optimize.
2025-06-23 15:47:12,599 - WARNING - Params [module.irn.operations.11.G.conv2.bias] will not optimize.
25-06-23 15:47:12.599 - WARNING: Params [module.irn.operations.11.G.conv3.weight] will not optimize.
2025-06-23 15:47:12,599 - WARNING - Params [module.irn.operations.11.G.conv3.weight] will not optimize.
25-06-23 15:47:12.599 - WARNING: Params [module.irn.operations.11.G.conv3.bias] will not optimize.
2025-06-23 15:47:12,599 - WARNING - Params [module.irn.operations.11.G.conv3.bias] will not optimize.
25-06-23 15:47:12.599 - WARNING: Params [module.irn.operations.11.G.conv4.weight] will not optimize.
2025-06-23 15:47:12,599 - WARNING - Params [module.irn.operations.11.G.conv4.weight] will not optimize.
25-06-23 15:47:12.599 - WARNING: Params [module.irn.operations.11.G.conv4.bias] will not optimize.
2025-06-23 15:47:12,599 - WARNING - Params [module.irn.operations.11.G.conv4.bias] will not optimize.
25-06-23 15:47:12.599 - WARNING: Params [module.irn.operations.11.G.conv5.weight] will not optimize.
2025-06-23 15:47:12,599 - WARNING - Params [module.irn.operations.11.G.conv5.weight] will not optimize.
25-06-23 15:47:12.599 - WARNING: Params [module.irn.operations.11.G.conv5.bias] will not optimize.
2025-06-23 15:47:12,599 - WARNING - Params [module.irn.operations.11.G.conv5.bias] will not optimize.
25-06-23 15:47:12.599 - WARNING: Params [module.irn.operations.11.NG.beta] will not optimize.
2025-06-23 15:47:12,599 - WARNING - Params [module.irn.operations.11.NG.beta] will not optimize.
25-06-23 15:47:12.599 - WARNING: Params [module.irn.operations.11.NG.gamma] will not optimize.
2025-06-23 15:47:12,599 - WARNING - Params [module.irn.operations.11.NG.gamma] will not optimize.
25-06-23 15:47:12.599 - WARNING: Params [module.irn.operations.11.NG.conv1.weight] will not optimize.
2025-06-23 15:47:12,599 - WARNING - Params [module.irn.operations.11.NG.conv1.weight] will not optimize.
25-06-23 15:47:12.599 - WARNING: Params [module.irn.operations.11.NG.conv1.bias] will not optimize.
2025-06-23 15:47:12,599 - WARNING - Params [module.irn.operations.11.NG.conv1.bias] will not optimize.
25-06-23 15:47:12.599 - WARNING: Params [module.irn.operations.11.NG.conv2.weight] will not optimize.
2025-06-23 15:47:12,599 - WARNING - Params [module.irn.operations.11.NG.conv2.weight] will not optimize.
25-06-23 15:47:12.600 - WARNING: Params [module.irn.operations.11.NG.conv2.bias] will not optimize.
2025-06-23 15:47:12,600 - WARNING - Params [module.irn.operations.11.NG.conv2.bias] will not optimize.
25-06-23 15:47:12.600 - WARNING: Params [module.irn.operations.11.NG.conv3.weight] will not optimize.
2025-06-23 15:47:12,600 - WARNING - Params [module.irn.operations.11.NG.conv3.weight] will not optimize.
25-06-23 15:47:12.600 - WARNING: Params [module.irn.operations.11.NG.conv3.bias] will not optimize.
2025-06-23 15:47:12,600 - WARNING - Params [module.irn.operations.11.NG.conv3.bias] will not optimize.
25-06-23 15:47:12.600 - WARNING: Params [module.irn.operations.11.NG.sca.1.weight] will not optimize.
2025-06-23 15:47:12,600 - WARNING - Params [module.irn.operations.11.NG.sca.1.weight] will not optimize.
25-06-23 15:47:12.600 - WARNING: Params [module.irn.operations.11.NG.sca.1.bias] will not optimize.
2025-06-23 15:47:12,600 - WARNING - Params [module.irn.operations.11.NG.sca.1.bias] will not optimize.
25-06-23 15:47:12.600 - WARNING: Params [module.irn.operations.11.NG.conv4.weight] will not optimize.
2025-06-23 15:47:12,600 - WARNING - Params [module.irn.operations.11.NG.conv4.weight] will not optimize.
25-06-23 15:47:12.600 - WARNING: Params [module.irn.operations.11.NG.conv4.bias] will not optimize.
2025-06-23 15:47:12,600 - WARNING - Params [module.irn.operations.11.NG.conv4.bias] will not optimize.
25-06-23 15:47:12.600 - WARNING: Params [module.irn.operations.11.NG.conv5.weight] will not optimize.
2025-06-23 15:47:12,600 - WARNING - Params [module.irn.operations.11.NG.conv5.weight] will not optimize.
25-06-23 15:47:12.600 - WARNING: Params [module.irn.operations.11.NG.conv5.bias] will not optimize.
2025-06-23 15:47:12,600 - WARNING - Params [module.irn.operations.11.NG.conv5.bias] will not optimize.
25-06-23 15:47:12.600 - WARNING: Params [module.irn.operations.11.NG.norm1.weight] will not optimize.
2025-06-23 15:47:12,600 - WARNING - Params [module.irn.operations.11.NG.norm1.weight] will not optimize.
25-06-23 15:47:12.600 - WARNING: Params [module.irn.operations.11.NG.norm1.bias] will not optimize.
2025-06-23 15:47:12,600 - WARNING - Params [module.irn.operations.11.NG.norm1.bias] will not optimize.
25-06-23 15:47:12.600 - WARNING: Params [module.irn.operations.11.NG.norm2.weight] will not optimize.
2025-06-23 15:47:12,600 - WARNING - Params [module.irn.operations.11.NG.norm2.weight] will not optimize.
25-06-23 15:47:12.600 - WARNING: Params [module.irn.operations.11.NG.norm2.bias] will not optimize.
2025-06-23 15:47:12,600 - WARNING - Params [module.irn.operations.11.NG.norm2.bias] will not optimize.
25-06-23 15:47:12.600 - WARNING: Params [module.irn.operations.11.H.conv1.weight] will not optimize.
2025-06-23 15:47:12,600 - WARNING - Params [module.irn.operations.11.H.conv1.weight] will not optimize.
25-06-23 15:47:12.600 - WARNING: Params [module.irn.operations.11.H.conv1.bias] will not optimize.
2025-06-23 15:47:12,600 - WARNING - Params [module.irn.operations.11.H.conv1.bias] will not optimize.
25-06-23 15:47:12.600 - WARNING: Params [module.irn.operations.11.H.conv2.weight] will not optimize.
2025-06-23 15:47:12,600 - WARNING - Params [module.irn.operations.11.H.conv2.weight] will not optimize.
25-06-23 15:47:12.600 - WARNING: Params [module.irn.operations.11.H.conv2.bias] will not optimize.
2025-06-23 15:47:12,600 - WARNING - Params [module.irn.operations.11.H.conv2.bias] will not optimize.
25-06-23 15:47:12.600 - WARNING: Params [module.irn.operations.11.H.conv3.weight] will not optimize.
2025-06-23 15:47:12,600 - WARNING - Params [module.irn.operations.11.H.conv3.weight] will not optimize.
25-06-23 15:47:12.600 - WARNING: Params [module.irn.operations.11.H.conv3.bias] will not optimize.
2025-06-23 15:47:12,600 - WARNING - Params [module.irn.operations.11.H.conv3.bias] will not optimize.
25-06-23 15:47:12.601 - WARNING: Params [module.irn.operations.11.H.conv4.weight] will not optimize.
2025-06-23 15:47:12,601 - WARNING - Params [module.irn.operations.11.H.conv4.weight] will not optimize.
25-06-23 15:47:12.601 - WARNING: Params [module.irn.operations.11.H.conv4.bias] will not optimize.
2025-06-23 15:47:12,601 - WARNING - Params [module.irn.operations.11.H.conv4.bias] will not optimize.
25-06-23 15:47:12.601 - WARNING: Params [module.irn.operations.11.H.conv5.weight] will not optimize.
2025-06-23 15:47:12,601 - WARNING - Params [module.irn.operations.11.H.conv5.weight] will not optimize.
25-06-23 15:47:12.601 - WARNING: Params [module.irn.operations.11.H.conv5.bias] will not optimize.
2025-06-23 15:47:12,601 - WARNING - Params [module.irn.operations.11.H.conv5.bias] will not optimize.
25-06-23 15:47:12.601 - WARNING: Params [module.irn.operations.11.NH.beta] will not optimize.
2025-06-23 15:47:12,601 - WARNING - Params [module.irn.operations.11.NH.beta] will not optimize.
25-06-23 15:47:12.601 - WARNING: Params [module.irn.operations.11.NH.gamma] will not optimize.
2025-06-23 15:47:12,601 - WARNING - Params [module.irn.operations.11.NH.gamma] will not optimize.
25-06-23 15:47:12.601 - WARNING: Params [module.irn.operations.11.NH.conv1.weight] will not optimize.
2025-06-23 15:47:12,601 - WARNING - Params [module.irn.operations.11.NH.conv1.weight] will not optimize.
25-06-23 15:47:12.601 - WARNING: Params [module.irn.operations.11.NH.conv1.bias] will not optimize.
2025-06-23 15:47:12,601 - WARNING - Params [module.irn.operations.11.NH.conv1.bias] will not optimize.
25-06-23 15:47:12.601 - WARNING: Params [module.irn.operations.11.NH.conv2.weight] will not optimize.
2025-06-23 15:47:12,601 - WARNING - Params [module.irn.operations.11.NH.conv2.weight] will not optimize.
25-06-23 15:47:12.601 - WARNING: Params [module.irn.operations.11.NH.conv2.bias] will not optimize.
2025-06-23 15:47:12,601 - WARNING - Params [module.irn.operations.11.NH.conv2.bias] will not optimize.
25-06-23 15:47:12.601 - WARNING: Params [module.irn.operations.11.NH.conv3.weight] will not optimize.
2025-06-23 15:47:12,601 - WARNING - Params [module.irn.operations.11.NH.conv3.weight] will not optimize.
25-06-23 15:47:12.601 - WARNING: Params [module.irn.operations.11.NH.conv3.bias] will not optimize.
2025-06-23 15:47:12,601 - WARNING - Params [module.irn.operations.11.NH.conv3.bias] will not optimize.
25-06-23 15:47:12.601 - WARNING: Params [module.irn.operations.11.NH.sca.1.weight] will not optimize.
2025-06-23 15:47:12,601 - WARNING - Params [module.irn.operations.11.NH.sca.1.weight] will not optimize.
25-06-23 15:47:12.601 - WARNING: Params [module.irn.operations.11.NH.sca.1.bias] will not optimize.
2025-06-23 15:47:12,601 - WARNING - Params [module.irn.operations.11.NH.sca.1.bias] will not optimize.
25-06-23 15:47:12.601 - WARNING: Params [module.irn.operations.11.NH.conv4.weight] will not optimize.
2025-06-23 15:47:12,601 - WARNING - Params [module.irn.operations.11.NH.conv4.weight] will not optimize.
25-06-23 15:47:12.601 - WARNING: Params [module.irn.operations.11.NH.conv4.bias] will not optimize.
2025-06-23 15:47:12,601 - WARNING - Params [module.irn.operations.11.NH.conv4.bias] will not optimize.
25-06-23 15:47:12.601 - WARNING: Params [module.irn.operations.11.NH.conv5.weight] will not optimize.
2025-06-23 15:47:12,601 - WARNING - Params [module.irn.operations.11.NH.conv5.weight] will not optimize.
25-06-23 15:47:12.601 - WARNING: Params [module.irn.operations.11.NH.conv5.bias] will not optimize.
2025-06-23 15:47:12,601 - WARNING - Params [module.irn.operations.11.NH.conv5.bias] will not optimize.
25-06-23 15:47:12.602 - WARNING: Params [module.irn.operations.11.NH.norm1.weight] will not optimize.
2025-06-23 15:47:12,602 - WARNING - Params [module.irn.operations.11.NH.norm1.weight] will not optimize.
25-06-23 15:47:12.602 - WARNING: Params [module.irn.operations.11.NH.norm1.bias] will not optimize.
2025-06-23 15:47:12,602 - WARNING - Params [module.irn.operations.11.NH.norm1.bias] will not optimize.
25-06-23 15:47:12.602 - WARNING: Params [module.irn.operations.11.NH.norm2.weight] will not optimize.
2025-06-23 15:47:12,602 - WARNING - Params [module.irn.operations.11.NH.norm2.weight] will not optimize.
25-06-23 15:47:12.602 - WARNING: Params [module.irn.operations.11.NH.norm2.bias] will not optimize.
2025-06-23 15:47:12,602 - WARNING - Params [module.irn.operations.11.NH.norm2.bias] will not optimize.
25-06-23 15:47:12.602 - WARNING: Params [module.pm.conv_in.weight] will not optimize.
2025-06-23 15:47:12,602 - WARNING - Params [module.pm.conv_in.weight] will not optimize.
25-06-23 15:47:12.602 - WARNING: Params [module.pm.conv_in.bias] will not optimize.
2025-06-23 15:47:12,602 - WARNING - Params [module.pm.conv_in.bias] will not optimize.
25-06-23 15:47:12.602 - WARNING: Params [module.pm.res_block.0.conv1.weight] will not optimize.
2025-06-23 15:47:12,602 - WARNING - Params [module.pm.res_block.0.conv1.weight] will not optimize.
25-06-23 15:47:12.602 - WARNING: Params [module.pm.res_block.0.conv1.bias] will not optimize.
2025-06-23 15:47:12,602 - WARNING - Params [module.pm.res_block.0.conv1.bias] will not optimize.
25-06-23 15:47:12.602 - WARNING: Params [module.pm.res_block.0.conv2.weight] will not optimize.
2025-06-23 15:47:12,602 - WARNING - Params [module.pm.res_block.0.conv2.weight] will not optimize.
25-06-23 15:47:12.602 - WARNING: Params [module.pm.res_block.0.conv2.bias] will not optimize.
2025-06-23 15:47:12,602 - WARNING - Params [module.pm.res_block.0.conv2.bias] will not optimize.
25-06-23 15:47:12.602 - WARNING: Params [module.pm.res_block.1.conv1.weight] will not optimize.
2025-06-23 15:47:12,602 - WARNING - Params [module.pm.res_block.1.conv1.weight] will not optimize.
25-06-23 15:47:12.602 - WARNING: Params [module.pm.res_block.1.conv1.bias] will not optimize.
2025-06-23 15:47:12,602 - WARNING - Params [module.pm.res_block.1.conv1.bias] will not optimize.
25-06-23 15:47:12.602 - WARNING: Params [module.pm.res_block.1.conv2.weight] will not optimize.
2025-06-23 15:47:12,602 - WARNING - Params [module.pm.res_block.1.conv2.weight] will not optimize.
25-06-23 15:47:12.602 - WARNING: Params [module.pm.res_block.1.conv2.bias] will not optimize.
2025-06-23 15:47:12,602 - WARNING - Params [module.pm.res_block.1.conv2.bias] will not optimize.
25-06-23 15:47:12.602 - WARNING: Params [module.pm.res_block.2.conv1.weight] will not optimize.
2025-06-23 15:47:12,602 - WARNING - Params [module.pm.res_block.2.conv1.weight] will not optimize.
25-06-23 15:47:12.602 - WARNING: Params [module.pm.res_block.2.conv1.bias] will not optimize.
2025-06-23 15:47:12,602 - WARNING - Params [module.pm.res_block.2.conv1.bias] will not optimize.
25-06-23 15:47:12.602 - WARNING: Params [module.pm.res_block.2.conv2.weight] will not optimize.
2025-06-23 15:47:12,602 - WARNING - Params [module.pm.res_block.2.conv2.weight] will not optimize.
25-06-23 15:47:12.602 - WARNING: Params [module.pm.res_block.2.conv2.bias] will not optimize.
2025-06-23 15:47:12,602 - WARNING - Params [module.pm.res_block.2.conv2.bias] will not optimize.
25-06-23 15:47:12.603 - WARNING: Params [module.pm.res_block.3.conv1.weight] will not optimize.
2025-06-23 15:47:12,603 - WARNING - Params [module.pm.res_block.3.conv1.weight] will not optimize.
25-06-23 15:47:12.603 - WARNING: Params [module.pm.res_block.3.conv1.bias] will not optimize.
2025-06-23 15:47:12,603 - WARNING - Params [module.pm.res_block.3.conv1.bias] will not optimize.
25-06-23 15:47:12.603 - WARNING: Params [module.pm.res_block.3.conv2.weight] will not optimize.
2025-06-23 15:47:12,603 - WARNING - Params [module.pm.res_block.3.conv2.weight] will not optimize.
25-06-23 15:47:12.603 - WARNING: Params [module.pm.res_block.3.conv2.bias] will not optimize.
2025-06-23 15:47:12,603 - WARNING - Params [module.pm.res_block.3.conv2.bias] will not optimize.
25-06-23 15:47:12.603 - WARNING: Params [module.pm.res_block.4.conv1.weight] will not optimize.
2025-06-23 15:47:12,603 - WARNING - Params [module.pm.res_block.4.conv1.weight] will not optimize.
25-06-23 15:47:12.603 - WARNING: Params [module.pm.res_block.4.conv1.bias] will not optimize.
2025-06-23 15:47:12,603 - WARNING - Params [module.pm.res_block.4.conv1.bias] will not optimize.
25-06-23 15:47:12.603 - WARNING: Params [module.pm.res_block.4.conv2.weight] will not optimize.
2025-06-23 15:47:12,603 - WARNING - Params [module.pm.res_block.4.conv2.weight] will not optimize.
25-06-23 15:47:12.603 - WARNING: Params [module.pm.res_block.4.conv2.bias] will not optimize.
2025-06-23 15:47:12,603 - WARNING - Params [module.pm.res_block.4.conv2.bias] will not optimize.
25-06-23 15:47:12.603 - WARNING: Params [module.pm.res_block.5.conv1.weight] will not optimize.
2025-06-23 15:47:12,603 - WARNING - Params [module.pm.res_block.5.conv1.weight] will not optimize.
25-06-23 15:47:12.603 - WARNING: Params [module.pm.res_block.5.conv1.bias] will not optimize.
2025-06-23 15:47:12,603 - WARNING - Params [module.pm.res_block.5.conv1.bias] will not optimize.
25-06-23 15:47:12.603 - WARNING: Params [module.pm.res_block.5.conv2.weight] will not optimize.
2025-06-23 15:47:12,603 - WARNING - Params [module.pm.res_block.5.conv2.weight] will not optimize.
25-06-23 15:47:12.603 - WARNING: Params [module.pm.res_block.5.conv2.bias] will not optimize.
2025-06-23 15:47:12,603 - WARNING - Params [module.pm.res_block.5.conv2.bias] will not optimize.
25-06-23 15:47:12.603 - WARNING: Params [module.pm.res_block.6.conv1.weight] will not optimize.
2025-06-23 15:47:12,603 - WARNING - Params [module.pm.res_block.6.conv1.weight] will not optimize.
25-06-23 15:47:12.603 - WARNING: Params [module.pm.res_block.6.conv1.bias] will not optimize.
2025-06-23 15:47:12,603 - WARNING - Params [module.pm.res_block.6.conv1.bias] will not optimize.
25-06-23 15:47:12.603 - WARNING: Params [module.pm.res_block.6.conv2.weight] will not optimize.
2025-06-23 15:47:12,603 - WARNING - Params [module.pm.res_block.6.conv2.weight] will not optimize.
25-06-23 15:47:12.603 - WARNING: Params [module.pm.res_block.6.conv2.bias] will not optimize.
2025-06-23 15:47:12,603 - WARNING - Params [module.pm.res_block.6.conv2.bias] will not optimize.
25-06-23 15:47:12.603 - WARNING: Params [module.pm.res_block.7.conv1.weight] will not optimize.
2025-06-23 15:47:12,603 - WARNING - Params [module.pm.res_block.7.conv1.weight] will not optimize.
25-06-23 15:47:12.603 - WARNING: Params [module.pm.res_block.7.conv1.bias] will not optimize.
2025-06-23 15:47:12,603 - WARNING - Params [module.pm.res_block.7.conv1.bias] will not optimize.
25-06-23 15:47:12.603 - WARNING: Params [module.pm.res_block.7.conv2.weight] will not optimize.
2025-06-23 15:47:12,603 - WARNING - Params [module.pm.res_block.7.conv2.weight] will not optimize.
25-06-23 15:47:12.604 - WARNING: Params [module.pm.res_block.7.conv2.bias] will not optimize.
2025-06-23 15:47:12,604 - WARNING - Params [module.pm.res_block.7.conv2.bias] will not optimize.
25-06-23 15:47:12.604 - WARNING: Params [module.pm.transformer_block.0.norm1.body.weight] will not optimize.
2025-06-23 15:47:12,604 - WARNING - Params [module.pm.transformer_block.0.norm1.body.weight] will not optimize.
25-06-23 15:47:12.604 - WARNING: Params [module.pm.transformer_block.0.norm1.body.bias] will not optimize.
2025-06-23 15:47:12,604 - WARNING - Params [module.pm.transformer_block.0.norm1.body.bias] will not optimize.
25-06-23 15:47:12.604 - WARNING: Params [module.pm.transformer_block.0.attn.temperature] will not optimize.
2025-06-23 15:47:12,604 - WARNING - Params [module.pm.transformer_block.0.attn.temperature] will not optimize.
25-06-23 15:47:12.604 - WARNING: Params [module.pm.transformer_block.0.attn.qkv.weight] will not optimize.
2025-06-23 15:47:12,604 - WARNING - Params [module.pm.transformer_block.0.attn.qkv.weight] will not optimize.
25-06-23 15:47:12.604 - WARNING: Params [module.pm.transformer_block.0.attn.qkv_dwconv.weight] will not optimize.
2025-06-23 15:47:12,604 - WARNING - Params [module.pm.transformer_block.0.attn.qkv_dwconv.weight] will not optimize.
25-06-23 15:47:12.604 - WARNING: Params [module.pm.transformer_block.0.attn.project_out.weight] will not optimize.
2025-06-23 15:47:12,604 - WARNING - Params [module.pm.transformer_block.0.attn.project_out.weight] will not optimize.
25-06-23 15:47:12.604 - WARNING: Params [module.pm.transformer_block.0.norm2.body.weight] will not optimize.
2025-06-23 15:47:12,604 - WARNING - Params [module.pm.transformer_block.0.norm2.body.weight] will not optimize.
25-06-23 15:47:12.604 - WARNING: Params [module.pm.transformer_block.0.norm2.body.bias] will not optimize.
2025-06-23 15:47:12,604 - WARNING - Params [module.pm.transformer_block.0.norm2.body.bias] will not optimize.
25-06-23 15:47:12.604 - WARNING: Params [module.pm.transformer_block.0.ffn.project_in.weight] will not optimize.
2025-06-23 15:47:12,604 - WARNING - Params [module.pm.transformer_block.0.ffn.project_in.weight] will not optimize.
25-06-23 15:47:12.604 - WARNING: Params [module.pm.transformer_block.0.ffn.dwconv.weight] will not optimize.
2025-06-23 15:47:12,604 - WARNING - Params [module.pm.transformer_block.0.ffn.dwconv.weight] will not optimize.
25-06-23 15:47:12.604 - WARNING: Params [module.pm.transformer_block.0.ffn.project_out.weight] will not optimize.
2025-06-23 15:47:12,604 - WARNING - Params [module.pm.transformer_block.0.ffn.project_out.weight] will not optimize.
25-06-23 15:47:12.604 - WARNING: Params [module.pm.transformer_block.1.norm1.body.weight] will not optimize.
2025-06-23 15:47:12,604 - WARNING - Params [module.pm.transformer_block.1.norm1.body.weight] will not optimize.
25-06-23 15:47:12.604 - WARNING: Params [module.pm.transformer_block.1.norm1.body.bias] will not optimize.
2025-06-23 15:47:12,604 - WARNING - Params [module.pm.transformer_block.1.norm1.body.bias] will not optimize.
25-06-23 15:47:12.604 - WARNING: Params [module.pm.transformer_block.1.attn.temperature] will not optimize.
2025-06-23 15:47:12,604 - WARNING - Params [module.pm.transformer_block.1.attn.temperature] will not optimize.
25-06-23 15:47:12.604 - WARNING: Params [module.pm.transformer_block.1.attn.qkv.weight] will not optimize.
2025-06-23 15:47:12,604 - WARNING - Params [module.pm.transformer_block.1.attn.qkv.weight] will not optimize.
25-06-23 15:47:12.604 - WARNING: Params [module.pm.transformer_block.1.attn.qkv_dwconv.weight] will not optimize.
2025-06-23 15:47:12,604 - WARNING - Params [module.pm.transformer_block.1.attn.qkv_dwconv.weight] will not optimize.
25-06-23 15:47:12.604 - WARNING: Params [module.pm.transformer_block.1.attn.project_out.weight] will not optimize.
2025-06-23 15:47:12,604 - WARNING - Params [module.pm.transformer_block.1.attn.project_out.weight] will not optimize.
25-06-23 15:47:12.605 - WARNING: Params [module.pm.transformer_block.1.norm2.body.weight] will not optimize.
2025-06-23 15:47:12,605 - WARNING - Params [module.pm.transformer_block.1.norm2.body.weight] will not optimize.
25-06-23 15:47:12.605 - WARNING: Params [module.pm.transformer_block.1.norm2.body.bias] will not optimize.
2025-06-23 15:47:12,605 - WARNING - Params [module.pm.transformer_block.1.norm2.body.bias] will not optimize.
25-06-23 15:47:12.605 - WARNING: Params [module.pm.transformer_block.1.ffn.project_in.weight] will not optimize.
2025-06-23 15:47:12,605 - WARNING - Params [module.pm.transformer_block.1.ffn.project_in.weight] will not optimize.
25-06-23 15:47:12.605 - WARNING: Params [module.pm.transformer_block.1.ffn.dwconv.weight] will not optimize.
2025-06-23 15:47:12,605 - WARNING - Params [module.pm.transformer_block.1.ffn.dwconv.weight] will not optimize.
25-06-23 15:47:12.605 - WARNING: Params [module.pm.transformer_block.1.ffn.project_out.weight] will not optimize.
2025-06-23 15:47:12,605 - WARNING - Params [module.pm.transformer_block.1.ffn.project_out.weight] will not optimize.
25-06-23 15:47:12.605 - WARNING: Params [module.pm.transformer_block.2.norm1.body.weight] will not optimize.
2025-06-23 15:47:12,605 - WARNING - Params [module.pm.transformer_block.2.norm1.body.weight] will not optimize.
25-06-23 15:47:12.605 - WARNING: Params [module.pm.transformer_block.2.norm1.body.bias] will not optimize.
2025-06-23 15:47:12,605 - WARNING - Params [module.pm.transformer_block.2.norm1.body.bias] will not optimize.
25-06-23 15:47:12.605 - WARNING: Params [module.pm.transformer_block.2.attn.temperature] will not optimize.
2025-06-23 15:47:12,605 - WARNING - Params [module.pm.transformer_block.2.attn.temperature] will not optimize.
25-06-23 15:47:12.605 - WARNING: Params [module.pm.transformer_block.2.attn.qkv.weight] will not optimize.
2025-06-23 15:47:12,605 - WARNING - Params [module.pm.transformer_block.2.attn.qkv.weight] will not optimize.
25-06-23 15:47:12.605 - WARNING: Params [module.pm.transformer_block.2.attn.qkv_dwconv.weight] will not optimize.
2025-06-23 15:47:12,605 - WARNING - Params [module.pm.transformer_block.2.attn.qkv_dwconv.weight] will not optimize.
25-06-23 15:47:12.605 - WARNING: Params [module.pm.transformer_block.2.attn.project_out.weight] will not optimize.
2025-06-23 15:47:12,605 - WARNING - Params [module.pm.transformer_block.2.attn.project_out.weight] will not optimize.
25-06-23 15:47:12.605 - WARNING: Params [module.pm.transformer_block.2.norm2.body.weight] will not optimize.
2025-06-23 15:47:12,605 - WARNING - Params [module.pm.transformer_block.2.norm2.body.weight] will not optimize.
25-06-23 15:47:12.605 - WARNING: Params [module.pm.transformer_block.2.norm2.body.bias] will not optimize.
2025-06-23 15:47:12,605 - WARNING - Params [module.pm.transformer_block.2.norm2.body.bias] will not optimize.
25-06-23 15:47:12.605 - WARNING: Params [module.pm.transformer_block.2.ffn.project_in.weight] will not optimize.
2025-06-23 15:47:12,605 - WARNING - Params [module.pm.transformer_block.2.ffn.project_in.weight] will not optimize.
25-06-23 15:47:12.605 - WARNING: Params [module.pm.transformer_block.2.ffn.dwconv.weight] will not optimize.
2025-06-23 15:47:12,605 - WARNING - Params [module.pm.transformer_block.2.ffn.dwconv.weight] will not optimize.
25-06-23 15:47:12.605 - WARNING: Params [module.pm.transformer_block.2.ffn.project_out.weight] will not optimize.
2025-06-23 15:47:12,605 - WARNING - Params [module.pm.transformer_block.2.ffn.project_out.weight] will not optimize.
25-06-23 15:47:12.605 - WARNING: Params [module.pm.transformer_block.3.norm1.body.weight] will not optimize.
2025-06-23 15:47:12,605 - WARNING - Params [module.pm.transformer_block.3.norm1.body.weight] will not optimize.
25-06-23 15:47:12.605 - WARNING: Params [module.pm.transformer_block.3.norm1.body.bias] will not optimize.
2025-06-23 15:47:12,605 - WARNING - Params [module.pm.transformer_block.3.norm1.body.bias] will not optimize.
25-06-23 15:47:12.606 - WARNING: Params [module.pm.transformer_block.3.attn.temperature] will not optimize.
2025-06-23 15:47:12,606 - WARNING - Params [module.pm.transformer_block.3.attn.temperature] will not optimize.
25-06-23 15:47:12.606 - WARNING: Params [module.pm.transformer_block.3.attn.qkv.weight] will not optimize.
2025-06-23 15:47:12,606 - WARNING - Params [module.pm.transformer_block.3.attn.qkv.weight] will not optimize.
25-06-23 15:47:12.606 - WARNING: Params [module.pm.transformer_block.3.attn.qkv_dwconv.weight] will not optimize.
2025-06-23 15:47:12,606 - WARNING - Params [module.pm.transformer_block.3.attn.qkv_dwconv.weight] will not optimize.
25-06-23 15:47:12.606 - WARNING: Params [module.pm.transformer_block.3.attn.project_out.weight] will not optimize.
2025-06-23 15:47:12,606 - WARNING - Params [module.pm.transformer_block.3.attn.project_out.weight] will not optimize.
25-06-23 15:47:12.606 - WARNING: Params [module.pm.transformer_block.3.norm2.body.weight] will not optimize.
2025-06-23 15:47:12,606 - WARNING - Params [module.pm.transformer_block.3.norm2.body.weight] will not optimize.
25-06-23 15:47:12.606 - WARNING: Params [module.pm.transformer_block.3.norm2.body.bias] will not optimize.
2025-06-23 15:47:12,606 - WARNING - Params [module.pm.transformer_block.3.norm2.body.bias] will not optimize.
25-06-23 15:47:12.606 - WARNING: Params [module.pm.transformer_block.3.ffn.project_in.weight] will not optimize.
2025-06-23 15:47:12,606 - WARNING - Params [module.pm.transformer_block.3.ffn.project_in.weight] will not optimize.
25-06-23 15:47:12.606 - WARNING: Params [module.pm.transformer_block.3.ffn.dwconv.weight] will not optimize.
2025-06-23 15:47:12,606 - WARNING - Params [module.pm.transformer_block.3.ffn.dwconv.weight] will not optimize.
25-06-23 15:47:12.606 - WARNING: Params [module.pm.transformer_block.3.ffn.project_out.weight] will not optimize.
2025-06-23 15:47:12,606 - WARNING - Params [module.pm.transformer_block.3.ffn.project_out.weight] will not optimize.
25-06-23 15:47:12.606 - WARNING: Params [module.pm.prompt.prompt_param] will not optimize.
2025-06-23 15:47:12,606 - WARNING - Params [module.pm.prompt.prompt_param] will not optimize.
25-06-23 15:47:12.606 - WARNING: Params [module.pm.prompt.linear_layer.weight] will not optimize.
2025-06-23 15:47:12,606 - WARNING - Params [module.pm.prompt.linear_layer.weight] will not optimize.
25-06-23 15:47:12.606 - WARNING: Params [module.pm.prompt.linear_layer.bias] will not optimize.
2025-06-23 15:47:12,606 - WARNING - Params [module.pm.prompt.linear_layer.bias] will not optimize.
25-06-23 15:47:12.606 - WARNING: Params [module.pm.prompt.conv3x3.weight] will not optimize.
2025-06-23 15:47:12,606 - WARNING - Params [module.pm.prompt.conv3x3.weight] will not optimize.
25-06-23 15:47:12.606 - WARNING: Params [module.pm.fuse.weight] will not optimize.
2025-06-23 15:47:12,606 - WARNING - Params [module.pm.fuse.weight] will not optimize.
25-06-23 15:47:12.606 - WARNING: Params [module.pm.fuse.bias] will not optimize.
2025-06-23 15:47:12,606 - WARNING - Params [module.pm.fuse.bias] will not optimize.
25-06-23 15:47:12.607 - INFO: Model [Model_VSN] is created.
2025-06-23 15:47:12,607 - INFO - Model [Model_VSN] is created.
25-06-23 15:47:12.607 - INFO: Resuming training from epoch: 2, iter: 30000.
2025-06-23 15:47:12,607 - INFO - Resuming training from epoch: 2, iter: 30000.
25-06-23 15:47:12.609 - INFO: Start training from epoch: 2, iter: 30000
2025-06-23 15:47:12,609 - INFO - Start training from epoch: 2, iter: 30000
========== Epoch: 2 ==========
25-06-23 15:47:40.388 - INFO: <epoch:  2, iter:  30,100, lr:5.000e-05> l_forw_fit: 3.4171e+00 l_msg: 3.6620e-03 
2025-06-23 15:47:40,388 - INFO - <epoch:  2, iter:  30,100, lr:5.000e-05> l_forw_fit: 3.4171e+00 l_msg: 3.6620e-03 
25-06-23 15:48:02.618 - INFO: <epoch:  2, iter:  30,200, lr:5.000e-05> l_forw_fit: 3.3800e+00 l_msg: 5.6379e-02 
2025-06-23 15:48:02,618 - INFO - <epoch:  2, iter:  30,200, lr:5.000e-05> l_forw_fit: 3.3800e+00 l_msg: 5.6379e-02 
25-06-23 15:48:25.325 - INFO: <epoch:  2, iter:  30,300, lr:5.000e-05> l_forw_fit: 3.0541e+00 l_msg: 8.4853e-02 
2025-06-23 15:48:25,325 - INFO - <epoch:  2, iter:  30,300, lr:5.000e-05> l_forw_fit: 3.0541e+00 l_msg: 8.4853e-02 
25-06-23 15:48:46.840 - INFO: <epoch:  2, iter:  30,400, lr:5.000e-05> l_forw_fit: 3.6690e+00 l_msg: 3.1538e-02 
2025-06-23 15:48:46,840 - INFO - <epoch:  2, iter:  30,400, lr:5.000e-05> l_forw_fit: 3.6690e+00 l_msg: 3.1538e-02 
25-06-23 15:49:08.777 - INFO: <epoch:  2, iter:  30,500, lr:5.000e-05> l_forw_fit: 3.5585e+00 l_msg: 6.9570e-02 
2025-06-23 15:49:08,777 - INFO - <epoch:  2, iter:  30,500, lr:5.000e-05> l_forw_fit: 3.5585e+00 l_msg: 6.9570e-02 
Embed time: 0.42 seconds
Extract time: 0.03 seconds
0.0
Embed time: 0.02 seconds
Extract time: 0.01 seconds
0.0
Embed time: 0.05 seconds
Extract time: 0.01 seconds
0.015625
Embed time: 0.01 seconds
Extract time: 0.01 seconds
0.0
Embed time: 0.05 seconds
Extract time: 0.01 seconds
0.0
Embed time: 0.01 seconds
Extract time: 0.01 seconds
0.015625
Embed time: 0.05 seconds
Extract time: 0.01 seconds
0.03125
Embed time: 0.01 seconds
Extract time: 0.01 seconds
0.0
Embed time: 0.05 seconds
Extract time: 0.01 seconds
0.0
Embed time: 0.01 seconds
Extract time: 0.01 seconds
0.0
Embed time: 0.05 seconds
Extract time: 0.01 seconds
0.0
Embed time: 0.01 seconds
Extract time: 0.01 seconds
0.0
Embed time: 0.01 seconds
Extract time: 0.01 seconds
0.0
Embed time: 0.02 seconds
Extract time: 0.01 seconds
0.03125
Embed time: 0.01 seconds
Extract time: 0.01 seconds
0.0
Embed time: 0.05 seconds
Extract time: 0.01 seconds
0.015625
Embed time: 0.01 seconds
Extract time: 0.01 seconds
0.0
Embed time: 0.05 seconds
Extract time: 0.01 seconds
0.046875
Embed time: 0.01 seconds
Extract time: 0.01 seconds
0.015625
Embed time: 0.05 seconds
Extract time: 0.01 seconds
0.0
Embed time: 0.01 seconds
Extract time: 0.01 seconds
0.0
Embed time: 0.05 seconds
Extract time: 0.01 seconds
0.109375
Embed time: 0.01 seconds
Extract time: 0.01 seconds
0.0
Embed time: 0.05 seconds
Extract time: 0.01 seconds
0.0
Embed time: 0.01 seconds
Extract time: 0.01 seconds
0.0
Embed time: 0.05 seconds
Extract time: 0.01 seconds
0.0
Embed time: 0.01 seconds
Extract time: 0.01 seconds
0.0
Embed time: 0.01 seconds
Extract time: 0.01 seconds
0.0
Embed time: 0.01 seconds
Extract time: 0.01 seconds
0.015625
Embed time: 0.01 seconds
Extract time: 0.05 seconds
0.0
Embed time: 0.03 seconds
Extract time: 0.01 seconds
0.03125
Embed time: 0.01 seconds
Extract time: 0.01 seconds
0.0
Embed time: 0.06 seconds
Extract time: 0.01 seconds
0.0
Embed time: 0.01 seconds
Extract time: 0.01 seconds
0.0
Embed time: 0.01 seconds
Extract time: 0.05 seconds
0.0
Embed time: 0.01 seconds
Extract time: 0.01 seconds
0.0
Embed time: 0.01 seconds
Extract time: 0.01 seconds
0.0
Embed time: 0.02 seconds
Extract time: 0.01 seconds
0.0
Embed time: 0.01 seconds
Extract time: 0.01 seconds
0.0
Embed time: 0.05 seconds
Extract time: 0.01 seconds
0.0
Embed time: 0.01 seconds
Extract time: 0.01 seconds
0.0
Embed time: 0.05 seconds
Extract time: 0.01 seconds
0.015625
Embed time: 0.01 seconds
Extract time: 0.04 seconds
0.015625
Embed time: 0.03 seconds
Extract time: 0.01 seconds
0.0
Embed time: 0.01 seconds
Extract time: 0.01 seconds
0.015625
Embed time: 0.05 seconds
Extract time: 0.01 seconds
0.0
Embed time: 0.01 seconds
Extract time: 0.01 seconds
0.0
Embed time: 0.05 seconds
Extract time: 0.01 seconds
0.0
Embed time: 0.01 seconds
Extract time: 0.01 seconds
0.0
Embed time: 0.05 seconds
Extract time: 0.01 seconds
0.0625
Embed time: 0.01 seconds
Extract time: 0.01 seconds
0.015625
Embed time: 0.05 seconds
Extract time: 0.01 seconds
0.03125
Embed time: 0.01 seconds
Extract time: 0.01 seconds
0.03125
Embed time: 0.05 seconds
Extract time: 0.01 seconds
0.0
Embed time: 0.01 seconds
Extract time: 0.01 seconds
0.015625
Embed time: 0.01 seconds
Extract time: 0.01 seconds
0.015625
Embed time: 0.01 seconds
Extract time: 0.01 seconds
0.015625
Embed time: 0.05 seconds
Extract time: 0.01 seconds
0.0
Embed time: 0.01 seconds
Extract time: 0.01 seconds
0.0
Embed time: 0.05 seconds
Extract time: 0.01 seconds
0.015625
Embed time: 0.02 seconds
Extract time: 0.01 seconds
0.0
Embed time: 0.05 seconds
Extract time: 0.01 seconds
0.0
Embed time: 0.01 seconds
Extract time: 0.01 seconds
0.0
Embed time: 0.05 seconds
Extract time: 0.01 seconds
0.015625
Embed time: 0.01 seconds
Extract time: 0.01 seconds
0.046875
Embed time: 0.05 seconds
Extract time: 0.01 seconds
0.0
Embed time: 0.01 seconds
Extract time: 0.01 seconds
0.015625
Embed time: 0.05 seconds
Extract time: 0.01 seconds
0.0
Embed time: 0.01 seconds
Extract time: 0.01 seconds
0.0
Embed time: 0.05 seconds
Extract time: 0.01 seconds
0.0
Embed time: 0.01 seconds
Extract time: 0.01 seconds
0.0
Embed time: 0.01 seconds
Extract time: 0.01 seconds
0.0
Embed time: 0.05 seconds
Extract time: 0.01 seconds
0.0
Embed time: 0.01 seconds
Extract time: 0.05 seconds
0.015625
Embed time: 0.02 seconds
Extract time: 0.01 seconds
0.03125
Embed time: 0.01 seconds
Extract time: 0.01 seconds
0.0
Embed time: 0.05 seconds
Extract time: 0.01 seconds
0.0
Embed time: 0.01 seconds
Extract time: 0.01 seconds
0.0
Embed time: 0.05 seconds
Extract time: 0.01 seconds
0.0
Embed time: 0.01 seconds
Extract time: 0.01 seconds
0.0
Embed time: 0.03 seconds
Extract time: 0.01 seconds
0.015625
Embed time: 0.01 seconds
Extract time: 0.01 seconds
0.015625
Embed time: 0.05 seconds
Extract time: 0.01 seconds
0.046875
Embed time: 0.01 seconds
Extract time: 0.01 seconds
0.015625
Embed time: 0.05 seconds
Extract time: 0.01 seconds
0.0
Embed time: 0.01 seconds
Extract time: 0.01 seconds
0.0
Embed time: 0.01 seconds
Extract time: 0.01 seconds
0.015625
Embed time: 0.01 seconds
Extract time: 0.01 seconds
0.015625
Embed time: 0.04 seconds
Extract time: 0.01 seconds
0.0
Embed time: 0.01 seconds
Extract time: 0.01 seconds
0.0
Embed time: 0.05 seconds
Extract time: 0.01 seconds
0.0
Embed time: 0.01 seconds
Extract time: 0.01 seconds
0.0
Embed time: 0.01 seconds
Extract time: 0.01 seconds
0.0
Embed time: 0.01 seconds
Extract time: 0.01 seconds
0.0
Embed time: 0.05 seconds
Extract time: 0.01 seconds
0.0
Embed time: 0.01 seconds
Extract time: 0.01 seconds
0.015625
Embed time: 0.05 seconds
Extract time: 0.01 seconds
0.0
Embed time: 0.01 seconds
Extract time: 0.01 seconds
0.015625
Embed time: 0.01 seconds
Extract time: 0.05 seconds
0.015625
Embed time: 0.01 seconds
Extract time: 0.01 seconds
0.0
25-06-23 15:49:24.180 - INFO: # Validation # PSNR_Stego: 3.9862e+01, Bit_acc:  8.7500e-03
2025-06-23 15:49:24,180 - INFO - # Validation # PSNR_Stego: 3.9862e+01, Bit_acc:  8.7500e-03
25-06-23 15:49:24.181 - INFO: <epoch:  2, iter:  30,500> PSNR_Stego: 3.9862e+01, Bit_acc:  8.7500e-03
2025-06-23 15:49:24,181 - INFO - <epoch:  2, iter:  30,500> PSNR_Stego: 3.9862e+01, Bit_acc:  8.7500e-03
25-06-23 15:49:46.211 - INFO: <epoch:  2, iter:  30,600, lr:5.000e-05> l_forw_fit: 3.6605e+00 l_msg: 3.7388e-02 
2025-06-23 15:49:46,211 - INFO - <epoch:  2, iter:  30,600, lr:5.000e-05> l_forw_fit: 3.6605e+00 l_msg: 3.7388e-02 
25-06-23 15:50:08.629 - INFO: <epoch:  2, iter:  30,700, lr:5.000e-05> l_forw_fit: 2.7218e+00 l_msg: 2.1525e-02 
2025-06-23 15:50:08,629 - INFO - <epoch:  2, iter:  30,700, lr:5.000e-05> l_forw_fit: 2.7218e+00 l_msg: 2.1525e-02 
25-06-23 15:50:30.789 - INFO: <epoch:  2, iter:  30,800, lr:5.000e-05> l_forw_fit: 3.2823e+00 l_msg: 2.3335e-02 
2025-06-23 15:50:30,789 - INFO - <epoch:  2, iter:  30,800, lr:5.000e-05> l_forw_fit: 3.2823e+00 l_msg: 2.3335e-02 
25-06-23 15:50:53.137 - INFO: <epoch:  2, iter:  30,900, lr:5.000e-05> l_forw_fit: 4.1705e+00 l_msg: 6.3643e-03 
2025-06-23 15:50:53,137 - INFO - <epoch:  2, iter:  30,900, lr:5.000e-05> l_forw_fit: 4.1705e+00 l_msg: 6.3643e-03 
25-06-23 15:51:14.698 - INFO: <epoch:  2, iter:  31,000, lr:5.000e-05> l_forw_fit: 3.0312e+00 l_msg: 1.1819e-02 
2025-06-23 15:51:14,698 - INFO - <epoch:  2, iter:  31,000, lr:5.000e-05> l_forw_fit: 3.0312e+00 l_msg: 1.1819e-02 
Embed time: 0.03 seconds
Extract time: 0.01 seconds
0.0
Embed time: 0.02 seconds
Extract time: 0.01 seconds
0.03125
Embed time: 0.01 seconds
Extract time: 0.01 seconds
0.0
Embed time: 0.01 seconds
Extract time: 0.01 seconds
0.0
Embed time: 0.02 seconds
Extract time: 0.01 seconds
0.015625
Embed time: 0.01 seconds
Extract time: 0.02 seconds
0.0
Embed time: 0.04 seconds
Extract time: 0.01 seconds
0.0
Embed time: 0.01 seconds
Extract time: 0.01 seconds
0.015625
Embed time: 0.05 seconds
Extract time: 0.01 seconds
0.0
Embed time: 0.01 seconds
Extract time: 0.01 seconds
0.0
Embed time: 0.04 seconds
Extract time: 0.01 seconds
0.03125
Embed time: 0.02 seconds
Extract time: 0.01 seconds
0.0
Embed time: 0.02 seconds
Extract time: 0.02 seconds
0.0
Embed time: 0.02 seconds
Extract time: 0.01 seconds
0.0
Embed time: 0.05 seconds
Extract time: 0.01 seconds
0.015625
Embed time: 0.02 seconds
Extract time: 0.01 seconds
0.0
Embed time: 0.05 seconds
Extract time: 0.01 seconds
0.0
Embed time: 0.02 seconds
Extract time: 0.01 seconds
0.015625
Embed time: 0.04 seconds
Extract time: 0.01 seconds
0.0
Embed time: 0.02 seconds
Extract time: 0.01 seconds
0.0
Embed time: 0.05 seconds
Extract time: 0.01 seconds
0.0
Embed time: 0.02 seconds
Extract time: 0.01 seconds
0.078125
Embed time: 0.02 seconds
Extract time: 0.01 seconds
0.0
Embed time: 0.02 seconds
Extract time: 0.01 seconds
0.0
Embed time: 0.02 seconds
Extract time: 0.01 seconds
0.0
Embed time: 0.02 seconds
Extract time: 0.01 seconds
0.0
Embed time: 0.02 seconds
Extract time: 0.01 seconds
0.015625
Embed time: 0.03 seconds
Extract time: 0.01 seconds
0.03125
Embed time: 0.02 seconds
Extract time: 0.01 seconds
0.015625
Embed time: 0.02 seconds
Extract time: 0.01 seconds
0.046875
Embed time: 0.02 seconds
Extract time: 0.01 seconds
0.015625
Embed time: 0.02 seconds
Extract time: 0.01 seconds
0.0
Embed time: 0.02 seconds
Extract time: 0.01 seconds
0.0
Embed time: 0.05 seconds
Extract time: 0.01 seconds
0.0
Embed time: 0.02 seconds
Extract time: 0.01 seconds
0.0
Embed time: 0.05 seconds
Extract time: 0.01 seconds
0.0
Embed time: 0.02 seconds
Extract time: 0.01 seconds
0.015625
Embed time: 0.02 seconds
Extract time: 0.01 seconds
0.0
Embed time: 0.02 seconds
Extract time: 0.01 seconds
0.015625
Embed time: 0.04 seconds
Extract time: 0.01 seconds
0.0
Embed time: 0.02 seconds
Extract time: 0.01 seconds
0.0
Embed time: 0.05 seconds
Extract time: 0.01 seconds
0.015625
Embed time: 0.02 seconds
Extract time: 0.01 seconds
0.109375
Embed time: 0.04 seconds
Extract time: 0.01 seconds
0.09375
Embed time: 0.02 seconds
Extract time: 0.02 seconds
0.03125
Embed time: 0.03 seconds
Extract time: 0.01 seconds
0.0
Embed time: 0.02 seconds
Extract time: 0.01 seconds
0.015625
Embed time: 0.05 seconds
Extract time: 0.01 seconds
0.03125
Embed time: 0.02 seconds
Extract time: 0.01 seconds
0.0
Embed time: 0.04 seconds
Extract time: 0.01 seconds
0.0625
Embed time: 0.02 seconds
Extract time: 0.01 seconds
0.0
Embed time: 0.05 seconds
Extract time: 0.01 seconds
0.0
Embed time: 0.02 seconds
Extract time: 0.01 seconds
0.0
Embed time: 0.05 seconds
Extract time: 0.01 seconds
0.0
Embed time: 0.02 seconds
Extract time: 0.01 seconds
0.015625
Embed time: 0.05 seconds
Extract time: 0.01 seconds
0.015625
Embed time: 0.02 seconds
Extract time: 0.01 seconds
0.015625
Embed time: 0.04 seconds
Extract time: 0.01 seconds
0.015625
Embed time: 0.02 seconds
Extract time: 0.01 seconds
0.0
Embed time: 0.02 seconds
Extract time: 0.04 seconds
0.0
Embed time: 0.02 seconds
Extract time: 0.01 seconds
0.0
Embed time: 0.05 seconds
Extract time: 0.01 seconds
0.0
Embed time: 0.02 seconds
Extract time: 0.01 seconds
0.0
Embed time: 0.05 seconds
Extract time: 0.01 seconds
0.0
Embed time: 0.02 seconds
Extract time: 0.01 seconds
0.015625
Embed time: 0.01 seconds
Extract time: 0.01 seconds
0.015625
Embed time: 0.02 seconds
Extract time: 0.01 seconds
0.0
Embed time: 0.02 seconds
Extract time: 0.01 seconds
0.0
Embed time: 0.02 seconds
Extract time: 0.01 seconds
0.015625
Embed time: 0.01 seconds
Extract time: 0.03 seconds
0.0
Embed time: 0.01 seconds
Extract time: 0.01 seconds
0.0
Embed time: 0.01 seconds
Extract time: 0.01 seconds
0.0
Embed time: 0.02 seconds
Extract time: 0.01 seconds
0.0
Embed time: 0.02 seconds
Extract time: 0.01 seconds
0.0
Embed time: 0.01 seconds
Extract time: 0.02 seconds
0.015625
Embed time: 0.03 seconds
Extract time: 0.01 seconds
0.0
Embed time: 0.01 seconds
Extract time: 0.01 seconds
0.0
Embed time: 0.05 seconds
Extract time: 0.01 seconds
0.0
Embed time: 0.02 seconds
Extract time: 0.01 seconds
0.0
Embed time: 0.01 seconds
Extract time: 0.01 seconds
0.0
Embed time: 0.01 seconds
Extract time: 0.01 seconds
0.015625
Embed time: 0.02 seconds
Extract time: 0.06 seconds
0.0
Embed time: 0.01 seconds
Extract time: 0.01 seconds
0.0
Embed time: 0.01 seconds
Extract time: 0.01 seconds
0.0
Embed time: 0.02 seconds
Extract time: 0.01 seconds
0.03125
Embed time: 0.01 seconds
Extract time: 0.01 seconds
0.0
Embed time: 0.02 seconds
Extract time: 0.04 seconds
0.0
Embed time: 0.01 seconds
Extract time: 0.01 seconds
0.0
Embed time: 0.05 seconds
Extract time: 0.01 seconds
0.0
Embed time: 0.01 seconds
Extract time: 0.01 seconds
0.03125
Embed time: 0.04 seconds
Extract time: 0.01 seconds
0.0
Embed time: 0.02 seconds
Extract time: 0.01 seconds
0.03125
Embed time: 0.04 seconds
Extract time: 0.01 seconds
0.015625
Embed time: 0.02 seconds
Extract time: 0.01 seconds
0.0
Embed time: 0.04 seconds
Extract time: 0.01 seconds
0.0
Embed time: 0.02 seconds
Extract time: 0.01 seconds
0.015625
Embed time: 0.05 seconds
Extract time: 0.01 seconds
0.0
Embed time: 0.02 seconds
Extract time: 0.01 seconds
0.0
Embed time: 0.02 seconds
Extract time: 0.01 seconds
0.0
Embed time: 0.02 seconds
Extract time: 0.01 seconds
0.0
25-06-23 15:51:29.684 - INFO: # Validation # PSNR_Stego: 3.9847e+01, Bit_acc:  9.8438e-03
2025-06-23 15:51:29,684 - INFO - # Validation # PSNR_Stego: 3.9847e+01, Bit_acc:  9.8438e-03
25-06-23 15:51:29.685 - INFO: <epoch:  2, iter:  31,000> PSNR_Stego: 3.9847e+01, Bit_acc:  9.8438e-03
2025-06-23 15:51:29,685 - INFO - <epoch:  2, iter:  31,000> PSNR_Stego: 3.9847e+01, Bit_acc:  9.8438e-03
25-06-23 15:51:29.685 - INFO: Saving models and training states.
2025-06-23 15:51:29,685 - INFO - Saving models and training states.
Checkpoint save path: /workspace/EditGuard-V1/experiments/train_ibsn_bit_64/models/31000_G.pth

===== Checkpoint State Path: /workspace/EditGuard-V1/experiments/train_ibsn_bit_64/training_state/31000.state =====

25-06-23 15:51:52.004 - INFO: <epoch:  2, iter:  31,100, lr:5.000e-05> l_forw_fit: 2.9450e+00 l_msg: 4.2577e-02 
2025-06-23 15:51:52,004 - INFO - <epoch:  2, iter:  31,100, lr:5.000e-05> l_forw_fit: 2.9450e+00 l_msg: 4.2577e-02 
25-06-23 15:52:14.088 - INFO: <epoch:  2, iter:  31,200, lr:5.000e-05> l_forw_fit: 3.5350e+00 l_msg: 3.6542e-02 
2025-06-23 15:52:14,088 - INFO - <epoch:  2, iter:  31,200, lr:5.000e-05> l_forw_fit: 3.5350e+00 l_msg: 3.6542e-02 
25-06-23 15:52:36.323 - INFO: <epoch:  2, iter:  31,300, lr:5.000e-05> l_forw_fit: 3.3287e+00 l_msg: 0.0000e+00 
2025-06-23 15:52:36,323 - INFO - <epoch:  2, iter:  31,300, lr:5.000e-05> l_forw_fit: 3.3287e+00 l_msg: 0.0000e+00 
25-06-23 15:52:58.206 - INFO: <epoch:  2, iter:  31,400, lr:5.000e-05> l_forw_fit: 2.9654e+00 l_msg: 3.9652e-03 
2025-06-23 15:52:58,206 - INFO - <epoch:  2, iter:  31,400, lr:5.000e-05> l_forw_fit: 2.9654e+00 l_msg: 3.9652e-03 
25-06-23 15:53:20.250 - INFO: <epoch:  2, iter:  31,500, lr:5.000e-05> l_forw_fit: 2.8262e+00 l_msg: 7.5276e-02 
2025-06-23 15:53:20,250 - INFO - <epoch:  2, iter:  31,500, lr:5.000e-05> l_forw_fit: 2.8262e+00 l_msg: 7.5276e-02 
Embed time: 0.03 seconds
Extract time: 0.01 seconds
0.0
Embed time: 0.02 seconds
Extract time: 0.01 seconds
0.015625
Embed time: 0.02 seconds
Extract time: 0.01 seconds
0.0
Embed time: 0.02 seconds
Extract time: 0.01 seconds
0.0
Embed time: 0.05 seconds
Extract time: 0.01 seconds
0.015625
Embed time: 0.02 seconds
Extract time: 0.01 seconds
0.0
Embed time: 0.02 seconds
Extract time: 0.01 seconds
0.015625
Embed time: 0.02 seconds
Extract time: 0.01 seconds
0.015625
Embed time: 0.05 seconds
Extract time: 0.01 seconds
0.0
Embed time: 0.02 seconds
Extract time: 0.01 seconds
0.0
Embed time: 0.04 seconds
Extract time: 0.01 seconds
0.0
Embed time: 0.02 seconds
Extract time: 0.01 seconds
0.015625
Embed time: 0.05 seconds
Extract time: 0.01 seconds
0.0
Embed time: 0.02 seconds
Extract time: 0.01 seconds
0.0
Embed time: 0.04 seconds
Extract time: 0.02 seconds
0.0
Embed time: 0.02 seconds
Extract time: 0.02 seconds
0.0
Embed time: 0.06 seconds
Extract time: 0.01 seconds
0.0
Embed time: 0.02 seconds
Extract time: 0.01 seconds
0.0625
Embed time: 0.05 seconds
Extract time: 0.01 seconds
0.0
Embed time: 0.02 seconds
Extract time: 0.01 seconds
0.015625
Embed time: 0.04 seconds
Extract time: 0.01 seconds
0.0
Embed time: 0.02 seconds
Extract time: 0.01 seconds
0.046875
Embed time: 0.05 seconds
Extract time: 0.01 seconds
0.0
Embed time: 0.02 seconds
Extract time: 0.01 seconds
0.0
Embed time: 0.05 seconds
Extract time: 0.01 seconds
0.015625
Embed time: 0.02 seconds
Extract time: 0.01 seconds
0.0
Embed time: 0.05 seconds
Extract time: 0.01 seconds
0.0
Embed time: 0.02 seconds
Extract time: 0.01 seconds
0.0
Embed time: 0.05 seconds
Extract time: 0.02 seconds
0.0
Embed time: 0.02 seconds
Extract time: 0.01 seconds
0.046875
Embed time: 0.02 seconds
Extract time: 0.01 seconds
0.109375
Embed time: 0.02 seconds
Extract time: 0.01 seconds
0.03125
Embed time: 0.02 seconds
Extract time: 0.01 seconds
0.0
Embed time: 0.02 seconds
Extract time: 0.05 seconds
0.0
Embed time: 0.04 seconds
Extract time: 0.01 seconds
0.0
Embed time: 0.02 seconds
Extract time: 0.01 seconds
0.015625
Embed time: 0.04 seconds
Extract time: 0.01 seconds
0.0
Embed time: 0.06 seconds
Extract time: 0.01 seconds
0.0
Embed time: 0.02 seconds
Extract time: 0.01 seconds
0.0
Embed time: 0.02 seconds
Extract time: 0.01 seconds
0.015625
Embed time: 0.02 seconds
Extract time: 0.01 seconds
0.0
Embed time: 0.01 seconds
Extract time: 0.01 seconds
0.0
Embed time: 0.01 seconds
Extract time: 0.01 seconds
0.03125
Embed time: 0.02 seconds
Extract time: 0.01 seconds
0.015625
Embed time: 0.01 seconds
Extract time: 0.01 seconds
0.015625
Embed time: 0.02 seconds
Extract time: 0.01 seconds
0.0
Embed time: 0.02 seconds
Extract time: 0.01 seconds
0.015625
Embed time: 0.02 seconds
Extract time: 0.01 seconds
0.046875
Embed time: 0.05 seconds
Extract time: 0.01 seconds
0.015625
Embed time: 0.02 seconds
Extract time: 0.01 seconds
0.109375
Embed time: 0.05 seconds
Extract time: 0.01 seconds
0.03125
Embed time: 0.02 seconds
Extract time: 0.01 seconds
0.015625
Embed time: 0.05 seconds
Extract time: 0.01 seconds
0.0
Embed time: 0.02 seconds
Extract time: 0.01 seconds
0.015625
Embed time: 0.05 seconds
Extract time: 0.01 seconds
0.078125
Embed time: 0.02 seconds
Extract time: 0.01 seconds
0.015625
Embed time: 0.03 seconds
Extract time: 0.01 seconds
0.046875
Embed time: 0.02 seconds
Extract time: 0.01 seconds
0.03125
Embed time: 0.02 seconds
Extract time: 0.04 seconds
0.0
Embed time: 0.04 seconds
Extract time: 0.01 seconds
0.0
Embed time: 0.02 seconds
Extract time: 0.04 seconds
0.0
Embed time: 0.04 seconds
Extract time: 0.01 seconds
0.0
Embed time: 0.02 seconds
Extract time: 0.02 seconds
0.0
Embed time: 0.02 seconds
Extract time: 0.01 seconds
0.0
Embed time: 0.02 seconds
Extract time: 0.01 seconds
0.0
Embed time: 0.04 seconds
Extract time: 0.01 seconds
0.0
Embed time: 0.02 seconds
Extract time: 0.02 seconds
0.0
Embed time: 0.03 seconds
Extract time: 0.01 seconds
0.0
Embed time: 0.02 seconds
Extract time: 0.01 seconds
0.03125
Embed time: 0.05 seconds
Extract time: 0.02 seconds
0.0
Embed time: 0.02 seconds
Extract time: 0.05 seconds
0.03125
Embed time: 0.04 seconds
Extract time: 0.01 seconds
0.0
Embed time: 0.02 seconds
Extract time: 0.04 seconds
0.015625
Embed time: 0.04 seconds
Extract time: 0.01 seconds
0.015625
Embed time: 0.01 seconds
Extract time: 0.01 seconds
0.0
Embed time: 0.05 seconds
Extract time: 0.01 seconds
0.0
Embed time: 0.01 seconds
Extract time: 0.01 seconds
0.0
Embed time: 0.05 seconds
Extract time: 0.01 seconds
0.0
Embed time: 0.02 seconds
Extract time: 0.02 seconds
0.0
Embed time: 0.03 seconds
Extract time: 0.01 seconds
0.0
Embed time: 0.02 seconds
Extract time: 0.01 seconds
0.0625
Embed time: 0.04 seconds
Extract time: 0.01 seconds
0.0
Embed time: 0.02 seconds
Extract time: 0.01 seconds
0.015625
Embed time: 0.05 seconds
Extract time: 0.01 seconds
0.046875
Embed time: 0.02 seconds
Extract time: 0.01 seconds
0.015625
Embed time: 0.05 seconds
Extract time: 0.01 seconds
0.078125
Embed time: 0.02 seconds
Extract time: 0.04 seconds
0.0
Embed time: 0.03 seconds
Extract time: 0.01 seconds
0.046875
Embed time: 0.02 seconds
Extract time: 0.01 seconds
0.0
Embed time: 0.05 seconds
Extract time: 0.01 seconds
0.0
Embed time: 0.02 seconds
Extract time: 0.01 seconds
0.0
Embed time: 0.05 seconds
Extract time: 0.01 seconds
0.03125
Embed time: 0.02 seconds
Extract time: 0.03 seconds
0.0
Embed time: 0.04 seconds
Extract time: 0.01 seconds
0.0625
Embed time: 0.02 seconds
Extract time: 0.01 seconds
0.0
Embed time: 0.04 seconds
Extract time: 0.01 seconds
0.0
Embed time: 0.02 seconds
Extract time: 0.01 seconds
0.03125
Embed time: 0.04 seconds
Extract time: 0.01 seconds
0.0
Embed time: 0.02 seconds
Extract time: 0.01 seconds
0.03125
Embed time: 0.05 seconds
Extract time: 0.01 seconds
0.0
25-06-23 15:53:35.587 - INFO: # Validation # PSNR_Stego: 3.9295e+01, Bit_acc:  1.4375e-02
2025-06-23 15:53:35,587 - INFO - # Validation # PSNR_Stego: 3.9295e+01, Bit_acc:  1.4375e-02
25-06-23 15:53:35.587 - INFO: <epoch:  2, iter:  31,500> PSNR_Stego: 3.9295e+01, Bit_acc:  1.4375e-02
2025-06-23 15:53:35,587 - INFO - <epoch:  2, iter:  31,500> PSNR_Stego: 3.9295e+01, Bit_acc:  1.4375e-02
25-06-23 15:53:57.852 - INFO: <epoch:  2, iter:  31,600, lr:5.000e-05> l_forw_fit: 2.8185e+00 l_msg: 1.2350e-02 
2025-06-23 15:53:57,852 - INFO - <epoch:  2, iter:  31,600, lr:5.000e-05> l_forw_fit: 2.8185e+00 l_msg: 1.2350e-02 
25-06-23 15:54:20.444 - INFO: <epoch:  2, iter:  31,700, lr:5.000e-05> l_forw_fit: 2.5613e+00 l_msg: 6.2621e-03 
2025-06-23 15:54:20,444 - INFO - <epoch:  2, iter:  31,700, lr:5.000e-05> l_forw_fit: 2.5613e+00 l_msg: 6.2621e-03 
25-06-23 15:54:42.646 - INFO: <epoch:  2, iter:  31,800, lr:5.000e-05> l_forw_fit: 2.6895e+00 l_msg: 8.1861e-02 
2025-06-23 15:54:42,646 - INFO - <epoch:  2, iter:  31,800, lr:5.000e-05> l_forw_fit: 2.6895e+00 l_msg: 8.1861e-02 
25-06-23 15:55:04.725 - INFO: <epoch:  2, iter:  31,900, lr:5.000e-05> l_forw_fit: 2.8733e+00 l_msg: 1.0394e-01 
2025-06-23 15:55:04,725 - INFO - <epoch:  2, iter:  31,900, lr:5.000e-05> l_forw_fit: 2.8733e+00 l_msg: 1.0394e-01 
25-06-23 15:55:26.506 - INFO: <epoch:  2, iter:  32,000, lr:5.000e-05> l_forw_fit: 3.3412e+00 l_msg: 5.7845e-06 
2025-06-23 15:55:26,506 - INFO - <epoch:  2, iter:  32,000, lr:5.000e-05> l_forw_fit: 3.3412e+00 l_msg: 5.7845e-06 
Embed time: 0.03 seconds
Extract time: 0.01 seconds
0.0
Embed time: 0.02 seconds
Extract time: 0.01 seconds
0.0
Embed time: 0.05 seconds
Extract time: 0.01 seconds
0.046875
Embed time: 0.02 seconds
Extract time: 0.01 seconds
0.0
Embed time: 0.05 seconds
Extract time: 0.01 seconds
0.0
Embed time: 0.02 seconds
Extract time: 0.01 seconds
0.0
Embed time: 0.05 seconds
Extract time: 0.01 seconds
0.0
Embed time: 0.02 seconds
Extract time: 0.01 seconds
0.0
Embed time: 0.01 seconds
Extract time: 0.01 seconds
0.03125
Embed time: 0.02 seconds
Extract time: 0.01 seconds
0.015625
Embed time: 0.01 seconds
Extract time: 0.01 seconds
0.03125
Embed time: 0.02 seconds
Extract time: 0.01 seconds
0.015625
Embed time: 0.02 seconds
Extract time: 0.01 seconds
0.0
Embed time: 0.03 seconds
Extract time: 0.01 seconds
0.0
Embed time: 0.02 seconds
Extract time: 0.01 seconds
0.0
Embed time: 0.01 seconds
Extract time: 0.02 seconds
0.0
Embed time: 0.01 seconds
Extract time: 0.01 seconds
0.015625
Embed time: 0.01 seconds
Extract time: 0.01 seconds
0.0
Embed time: 0.05 seconds
Extract time: 0.01 seconds
0.0
Embed time: 0.01 seconds
Extract time: 0.01 seconds
0.0
Embed time: 0.04 seconds
Extract time: 0.01 seconds
0.0
Embed time: 0.01 seconds
Extract time: 0.01 seconds
0.0625
Embed time: 0.03 seconds
Extract time: 0.01 seconds
0.0
Embed time: 0.01 seconds
Extract time: 0.01 seconds
0.0
Embed time: 0.06 seconds
Extract time: 0.01 seconds
0.0
Embed time: 0.01 seconds
Extract time: 0.01 seconds
0.0
Embed time: 0.05 seconds
Extract time: 0.01 seconds
0.03125
Embed time: 0.01 seconds
Extract time: 0.01 seconds
0.015625
Embed time: 0.01 seconds
Extract time: 0.04 seconds
0.0
Embed time: 0.01 seconds
Extract time: 0.01 seconds
0.015625
Embed time: 0.01 seconds
Extract time: 0.01 seconds
0.046875
Embed time: 0.02 seconds
Extract time: 0.01 seconds
0.0
Embed time: 0.02 seconds
Extract time: 0.01 seconds
0.0
Embed time: 0.05 seconds
Extract time: 0.01 seconds
0.0
Embed time: 0.01 seconds
Extract time: 0.01 seconds
0.046875
Embed time: 0.01 seconds
Extract time: 0.01 seconds
0.015625
Embed time: 0.01 seconds
Extract time: 0.01 seconds
0.0
Embed time: 0.05 seconds
Extract time: 0.01 seconds
0.0
Embed time: 0.01 seconds
Extract time: 0.01 seconds
0.015625
Embed time: 0.05 seconds
Extract time: 0.01 seconds
0.015625
Embed time: 0.01 seconds
Extract time: 0.01 seconds
0.0
Embed time: 0.05 seconds
Extract time: 0.01 seconds
0.0
Embed time: 0.01 seconds
Extract time: 0.01 seconds
0.09375
Embed time: 0.05 seconds
Extract time: 0.01 seconds
0.0
Embed time: 0.01 seconds
Extract time: 0.01 seconds
0.015625
Embed time: 0.01 seconds
Extract time: 0.01 seconds
0.0
Embed time: 0.03 seconds
Extract time: 0.01 seconds
0.015625
Embed time: 0.01 seconds
Extract time: 0.01 seconds
0.0
Embed time: 0.05 seconds
Extract time: 0.01 seconds
0.015625
Embed time: 0.01 seconds
Extract time: 0.01 seconds
0.09375
Embed time: 0.05 seconds
Extract time: 0.01 seconds
0.03125
Embed time: 0.01 seconds
Extract time: 0.01 seconds
0.015625
Embed time: 0.05 seconds
Extract time: 0.01 seconds
0.0
Embed time: 0.01 seconds
Extract time: 0.01 seconds
0.0
Embed time: 0.01 seconds
Extract time: 0.01 seconds
0.03125
Embed time: 0.03 seconds
Extract time: 0.01 seconds
0.0
Embed time: 0.01 seconds
Extract time: 0.01 seconds
0.046875
Embed time: 0.04 seconds
Extract time: 0.01 seconds
0.0
Embed time: 0.01 seconds
Extract time: 0.01 seconds
0.0
Embed time: 0.01 seconds
Extract time: 0.04 seconds
0.0
Embed time: 0.01 seconds
Extract time: 0.01 seconds
0.0
Embed time: 0.05 seconds
Extract time: 0.01 seconds
0.0
Embed time: 0.01 seconds
Extract time: 0.01 seconds
0.015625
Embed time: 0.05 seconds
Extract time: 0.01 seconds
0.015625
Embed time: 0.01 seconds
Extract time: 0.01 seconds
0.0
Embed time: 0.05 seconds
Extract time: 0.01 seconds
0.0
Embed time: 0.03 seconds
Extract time: 0.01 seconds
0.015625
Embed time: 0.01 seconds
Extract time: 0.01 seconds
0.0
Embed time: 0.01 seconds
Extract time: 0.01 seconds
0.0
Embed time: 0.01 seconds
Extract time: 0.01 seconds
0.0
Embed time: 0.06 seconds
Extract time: 0.01 seconds
0.0
Embed time: 0.01 seconds
Extract time: 0.01 seconds
0.0
Embed time: 0.05 seconds
Extract time: 0.01 seconds
0.03125
Embed time: 0.01 seconds
Extract time: 0.01 seconds
0.015625
Embed time: 0.01 seconds
Extract time: 0.01 seconds
0.0
Embed time: 0.03 seconds
Extract time: 0.01 seconds
0.0
Embed time: 0.01 seconds
Extract time: 0.01 seconds
0.0
Embed time: 0.02 seconds
Extract time: 0.01 seconds
0.0
Embed time: 0.01 seconds
Extract time: 0.01 seconds
0.0
Embed time: 0.05 seconds
Extract time: 0.01 seconds
0.015625
Embed time: 0.01 seconds
Extract time: 0.01 seconds
0.0
Embed time: 0.01 seconds
Extract time: 0.01 seconds
0.0
Embed time: 0.02 seconds
Extract time: 0.01 seconds
0.015625
Embed time: 0.01 seconds
Extract time: 0.01 seconds
0.0
Embed time: 0.05 seconds
Extract time: 0.01 seconds
0.015625
Embed time: 0.02 seconds
Extract time: 0.01 seconds
0.015625
Embed time: 0.02 seconds
Extract time: 0.01 seconds
0.0
Embed time: 0.01 seconds
Extract time: 0.01 seconds
0.015625
Embed time: 0.06 seconds
Extract time: 0.01 seconds
0.0
Embed time: 0.01 seconds
Extract time: 0.01 seconds
0.03125
Embed time: 0.05 seconds
Extract time: 0.01 seconds
0.0
Embed time: 0.01 seconds
Extract time: 0.01 seconds
0.0
Embed time: 0.05 seconds
Extract time: 0.01 seconds
0.0
Embed time: 0.01 seconds
Extract time: 0.01 seconds
0.0
Embed time: 0.01 seconds
Extract time: 0.01 seconds
0.0
Embed time: 0.01 seconds
Extract time: 0.01 seconds
0.0
Embed time: 0.01 seconds
Extract time: 0.01 seconds
0.0
Embed time: 0.05 seconds
Extract time: 0.01 seconds
0.0
Embed time: 0.01 seconds
Extract time: 0.02 seconds
0.0
Embed time: 0.01 seconds
Extract time: 0.01 seconds
0.0
25-06-23 15:55:41.352 - INFO: # Validation # PSNR_Stego: 3.9572e+01, Bit_acc:  9.8438e-03
2025-06-23 15:55:41,352 - INFO - # Validation # PSNR_Stego: 3.9572e+01, Bit_acc:  9.8438e-03
25-06-23 15:55:41.353 - INFO: <epoch:  2, iter:  32,000> PSNR_Stego: 3.9572e+01, Bit_acc:  9.8438e-03
2025-06-23 15:55:41,353 - INFO - <epoch:  2, iter:  32,000> PSNR_Stego: 3.9572e+01, Bit_acc:  9.8438e-03
25-06-23 15:55:41.353 - INFO: Saving models and training states.
2025-06-23 15:55:41,353 - INFO - Saving models and training states.
Checkpoint save path: /workspace/EditGuard-V1/experiments/train_ibsn_bit_64/models/32000_G.pth

===== Checkpoint State Path: /workspace/EditGuard-V1/experiments/train_ibsn_bit_64/training_state/32000.state =====

25-06-23 15:56:03.129 - INFO: <epoch:  2, iter:  32,100, lr:5.000e-05> l_forw_fit: 2.7688e+00 l_msg: 2.2485e-02 
2025-06-23 15:56:03,129 - INFO - <epoch:  2, iter:  32,100, lr:5.000e-05> l_forw_fit: 2.7688e+00 l_msg: 2.2485e-02 
25-06-23 15:56:25.313 - INFO: <epoch:  2, iter:  32,200, lr:5.000e-05> l_forw_fit: 2.6418e+00 l_msg: 0.0000e+00 
2025-06-23 15:56:25,313 - INFO - <epoch:  2, iter:  32,200, lr:5.000e-05> l_forw_fit: 2.6418e+00 l_msg: 0.0000e+00 
25-06-23 15:56:47.318 - INFO: <epoch:  2, iter:  32,300, lr:5.000e-05> l_forw_fit: 2.9981e+00 l_msg: 2.7158e-02 
2025-06-23 15:56:47,318 - INFO - <epoch:  2, iter:  32,300, lr:5.000e-05> l_forw_fit: 2.9981e+00 l_msg: 2.7158e-02 
25-06-23 15:57:09.419 - INFO: <epoch:  2, iter:  32,400, lr:5.000e-05> l_forw_fit: 2.7127e+00 l_msg: 4.5830e-03 
2025-06-23 15:57:09,419 - INFO - <epoch:  2, iter:  32,400, lr:5.000e-05> l_forw_fit: 2.7127e+00 l_msg: 4.5830e-03 
25-06-23 15:57:31.276 - INFO: <epoch:  2, iter:  32,500, lr:5.000e-05> l_forw_fit: 2.3058e+00 l_msg: 2.3153e-02 
2025-06-23 15:57:31,276 - INFO - <epoch:  2, iter:  32,500, lr:5.000e-05> l_forw_fit: 2.3058e+00 l_msg: 2.3153e-02 
Embed time: 0.03 seconds
Extract time: 0.01 seconds
0.0
Embed time: 0.04 seconds
Extract time: 0.01 seconds
0.0
Embed time: 0.02 seconds
Extract time: 0.04 seconds
0.0
Embed time: 0.04 seconds
Extract time: 0.01 seconds
0.0
Embed time: 0.02 seconds
Extract time: 0.01 seconds
0.0
Embed time: 0.03 seconds
Extract time: 0.01 seconds
0.0
Embed time: 0.02 seconds
Extract time: 0.01 seconds
0.0
Embed time: 0.05 seconds
Extract time: 0.01 seconds
0.0
Embed time: 0.02 seconds
Extract time: 0.01 seconds
0.0
Embed time: 0.05 seconds
Extract time: 0.01 seconds
0.0
Embed time: 0.02 seconds
Extract time: 0.01 seconds
0.0
Embed time: 0.02 seconds
Extract time: 0.01 seconds
0.0
Embed time: 0.01 seconds
Extract time: 0.01 seconds
0.0
Embed time: 0.01 seconds
Extract time: 0.04 seconds
0.015625
Embed time: 0.04 seconds
Extract time: 0.01 seconds
0.0
Embed time: 0.01 seconds
Extract time: 0.01 seconds
0.015625
Embed time: 0.02 seconds
Extract time: 0.01 seconds
0.015625
Embed time: 0.02 seconds
Extract time: 0.02 seconds
0.03125
Embed time: 0.03 seconds
Extract time: 0.01 seconds
0.015625
Embed time: 0.01 seconds
Extract time: 0.01 seconds
0.0
Embed time: 0.06 seconds
Extract time: 0.02 seconds
0.0
Embed time: 0.01 seconds
Extract time: 0.01 seconds
0.0625
Embed time: 0.04 seconds
Extract time: 0.01 seconds
0.0
Embed time: 0.01 seconds
Extract time: 0.01 seconds
0.03125
Embed time: 0.03 seconds
Extract time: 0.01 seconds
0.0
Embed time: 0.02 seconds
Extract time: 0.01 seconds
0.0
Embed time: 0.05 seconds
Extract time: 0.01 seconds
0.03125
Embed time: 0.01 seconds
Extract time: 0.01 seconds
0.0
Embed time: 0.02 seconds
Extract time: 0.01 seconds
0.0
Embed time: 0.02 seconds
Extract time: 0.01 seconds
0.0
Embed time: 0.03 seconds
Extract time: 0.01 seconds
0.015625
Embed time: 0.02 seconds
Extract time: 0.01 seconds
0.0
Embed time: 0.02 seconds
Extract time: 0.01 seconds
0.0
Embed time: 0.02 seconds
Extract time: 0.01 seconds
0.0
Embed time: 0.05 seconds
Extract time: 0.01 seconds
0.078125
Embed time: 0.02 seconds
Extract time: 0.01 seconds
0.015625
Embed time: 0.05 seconds
Extract time: 0.01 seconds
0.0
Embed time: 0.02 seconds
Extract time: 0.01 seconds
0.0
Embed time: 0.05 seconds
Extract time: 0.01 seconds
0.0
Embed time: 0.02 seconds
Extract time: 0.01 seconds
0.0
Embed time: 0.03 seconds
Extract time: 0.01 seconds
0.015625
Embed time: 0.02 seconds
Extract time: 0.01 seconds
0.03125
Embed time: 0.02 seconds
Extract time: 0.01 seconds
0.0
Embed time: 0.02 seconds
Extract time: 0.01 seconds
0.03125
Embed time: 0.03 seconds
Extract time: 0.01 seconds
0.015625
Embed time: 0.02 seconds
Extract time: 0.01 seconds
0.015625
Embed time: 0.02 seconds
Extract time: 0.01 seconds
0.015625
Embed time: 0.02 seconds
Extract time: 0.01 seconds
0.0
Embed time: 0.03 seconds
Extract time: 0.02 seconds
0.0
Embed time: 0.02 seconds
Extract time: 0.01 seconds
0.0
Embed time: 0.05 seconds
Extract time: 0.01 seconds
0.0625
Embed time: 0.02 seconds
Extract time: 0.01 seconds
0.015625
Embed time: 0.05 seconds
Extract time: 0.01 seconds
0.0
Embed time: 0.01 seconds
Extract time: 0.01 seconds
0.0
Embed time: 0.01 seconds
Extract time: 0.01 seconds
0.09375
Embed time: 0.01 seconds
Extract time: 0.01 seconds
0.078125
Embed time: 0.01 seconds
Extract time: 0.01 seconds
0.078125
Embed time: 0.01 seconds
Extract time: 0.01 seconds
0.0
Embed time: 0.05 seconds
Extract time: 0.01 seconds
0.0
Embed time: 0.02 seconds
Extract time: 0.01 seconds
0.015625
Embed time: 0.05 seconds
Extract time: 0.01 seconds
0.0
Embed time: 0.02 seconds
Extract time: 0.01 seconds
0.03125
Embed time: 0.04 seconds
Extract time: 0.01 seconds
0.03125
Embed time: 0.02 seconds
Extract time: 0.01 seconds
0.03125
Embed time: 0.03 seconds
Extract time: 0.02 seconds
0.0
Embed time: 0.02 seconds
Extract time: 0.03 seconds
0.0
Embed time: 0.03 seconds
Extract time: 0.01 seconds
0.015625
Embed time: 0.02 seconds
Extract time: 0.01 seconds
0.015625
Embed time: 0.05 seconds
Extract time: 0.01 seconds
0.0
Embed time: 0.02 seconds
Extract time: 0.01 seconds
0.0
Embed time: 0.05 seconds
Extract time: 0.01 seconds
0.0
Embed time: 0.02 seconds
Extract time: 0.03 seconds
0.0
Embed time: 0.03 seconds
Extract time: 0.01 seconds
0.0
Embed time: 0.02 seconds
Extract time: 0.01 seconds
0.0
Embed time: 0.02 seconds
Extract time: 0.01 seconds
0.0
Embed time: 0.01 seconds
Extract time: 0.01 seconds
0.0
Embed time: 0.04 seconds
Extract time: 0.01 seconds
0.0
Embed time: 0.01 seconds
Extract time: 0.01 seconds
0.0
Embed time: 0.06 seconds
Extract time: 0.01 seconds
0.015625
Embed time: 0.01 seconds
Extract time: 0.01 seconds
0.0
Embed time: 0.04 seconds
Extract time: 0.01 seconds
0.0
Embed time: 0.01 seconds
Extract time: 0.01 seconds
0.0
Embed time: 0.01 seconds
Extract time: 0.01 seconds
0.015625
Embed time: 0.01 seconds
Extract time: 0.01 seconds
0.0
Embed time: 0.05 seconds
Extract time: 0.01 seconds
0.0
Embed time: 0.01 seconds
Extract time: 0.02 seconds
0.015625
Embed time: 0.04 seconds
Extract time: 0.01 seconds
0.0
Embed time: 0.01 seconds
Extract time: 0.01 seconds
0.03125
Embed time: 0.05 seconds
Extract time: 0.01 seconds
0.015625
Embed time: 0.01 seconds
Extract time: 0.01 seconds
0.015625
Embed time: 0.05 seconds
Extract time: 0.01 seconds
0.0
Embed time: 0.01 seconds
Extract time: 0.01 seconds
0.03125
Embed time: 0.04 seconds
Extract time: 0.01 seconds
0.015625
Embed time: 0.01 seconds
Extract time: 0.01 seconds
0.03125
Embed time: 0.05 seconds
Extract time: 0.01 seconds
0.0
Embed time: 0.01 seconds
Extract time: 0.01 seconds
0.0
Embed time: 0.01 seconds
Extract time: 0.01 seconds
0.0
Embed time: 0.01 seconds
Extract time: 0.01 seconds
0.0
Embed time: 0.01 seconds
Extract time: 0.01 seconds
0.0
Embed time: 0.01 seconds
Extract time: 0.01 seconds
0.0
25-06-23 15:57:46.489 - INFO: # Validation # PSNR_Stego: 4.0294e+01, Bit_acc:  1.1094e-02
2025-06-23 15:57:46,489 - INFO - # Validation # PSNR_Stego: 4.0294e+01, Bit_acc:  1.1094e-02
25-06-23 15:57:46.490 - INFO: <epoch:  2, iter:  32,500> PSNR_Stego: 4.0294e+01, Bit_acc:  1.1094e-02
2025-06-23 15:57:46,490 - INFO - <epoch:  2, iter:  32,500> PSNR_Stego: 4.0294e+01, Bit_acc:  1.1094e-02
25-06-23 15:58:08.975 - INFO: <epoch:  2, iter:  32,600, lr:5.000e-05> l_forw_fit: 2.6834e+00 l_msg: 0.0000e+00 
2025-06-23 15:58:08,975 - INFO - <epoch:  2, iter:  32,600, lr:5.000e-05> l_forw_fit: 2.6834e+00 l_msg: 0.0000e+00 
25-06-23 15:58:30.869 - INFO: <epoch:  2, iter:  32,700, lr:5.000e-05> l_forw_fit: 2.5647e+00 l_msg: 1.2652e-01 
2025-06-23 15:58:30,869 - INFO - <epoch:  2, iter:  32,700, lr:5.000e-05> l_forw_fit: 2.5647e+00 l_msg: 1.2652e-01 
25-06-23 15:58:53.262 - INFO: <epoch:  2, iter:  32,800, lr:5.000e-05> l_forw_fit: 3.4358e+00 l_msg: 2.6665e-02 
2025-06-23 15:58:53,262 - INFO - <epoch:  2, iter:  32,800, lr:5.000e-05> l_forw_fit: 3.4358e+00 l_msg: 2.6665e-02 
25-06-23 15:59:15.449 - INFO: <epoch:  2, iter:  32,900, lr:5.000e-05> l_forw_fit: 2.5327e+00 l_msg: 1.6213e-02 
2025-06-23 15:59:15,449 - INFO - <epoch:  2, iter:  32,900, lr:5.000e-05> l_forw_fit: 2.5327e+00 l_msg: 1.6213e-02 
25-06-23 15:59:37.321 - INFO: <epoch:  2, iter:  33,000, lr:5.000e-05> l_forw_fit: 2.6626e+00 l_msg: 5.1534e-02 
2025-06-23 15:59:37,321 - INFO - <epoch:  2, iter:  33,000, lr:5.000e-05> l_forw_fit: 2.6626e+00 l_msg: 5.1534e-02 
Embed time: 0.03 seconds
Extract time: 0.01 seconds
0.0
Embed time: 0.02 seconds
Extract time: 0.01 seconds
0.0
Embed time: 0.02 seconds
Extract time: 0.01 seconds
0.0
Embed time: 0.04 seconds
Extract time: 0.01 seconds
0.0
Embed time: 0.02 seconds
Extract time: 0.01 seconds
0.0
Embed time: 0.05 seconds
Extract time: 0.01 seconds
0.0
Embed time: 0.02 seconds
Extract time: 0.01 seconds
0.0
Embed time: 0.05 seconds
Extract time: 0.01 seconds
0.0
Embed time: 0.01 seconds
Extract time: 0.01 seconds
0.0
Embed time: 0.02 seconds
Extract time: 0.03 seconds
0.0
Embed time: 0.01 seconds
Extract time: 0.01 seconds
0.0
Embed time: 0.05 seconds
Extract time: 0.01 seconds
0.0
Embed time: 0.02 seconds
Extract time: 0.01 seconds
0.0
Embed time: 0.05 seconds
Extract time: 0.01 seconds
0.0
Embed time: 0.01 seconds
Extract time: 0.01 seconds
0.015625
Embed time: 0.04 seconds
Extract time: 0.01 seconds
0.046875
Embed time: 0.01 seconds
Extract time: 0.01 seconds
0.0
Embed time: 0.05 seconds
Extract time: 0.01 seconds
0.0
Embed time: 0.01 seconds
Extract time: 0.01 seconds
0.0
Embed time: 0.04 seconds
Extract time: 0.01 seconds
0.015625
Embed time: 0.01 seconds
Extract time: 0.01 seconds
0.0
Embed time: 0.05 seconds
Extract time: 0.01 seconds
0.015625
Embed time: 0.01 seconds
Extract time: 0.01 seconds
0.0
Embed time: 0.04 seconds
Extract time: 0.01 seconds
0.0
Embed time: 0.01 seconds
Extract time: 0.01 seconds
0.015625
Embed time: 0.05 seconds
Extract time: 0.01 seconds
0.0
Embed time: 0.01 seconds
Extract time: 0.02 seconds
0.0
Embed time: 0.04 seconds
Extract time: 0.01 seconds
0.0
Embed time: 0.02 seconds
Extract time: 0.01 seconds
0.0
Embed time: 0.05 seconds
Extract time: 0.01 seconds
0.0
Embed time: 0.02 seconds
Extract time: 0.01 seconds
0.0
Embed time: 0.02 seconds
Extract time: 0.01 seconds
0.0
Embed time: 0.02 seconds
Extract time: 0.01 seconds
0.0
Embed time: 0.02 seconds
Extract time: 0.01 seconds
0.0
Embed time: 0.06 seconds
Extract time: 0.01 seconds
0.0
Embed time: 0.02 seconds
Extract time: 0.01 seconds
0.0
Embed time: 0.04 seconds
Extract time: 0.01 seconds
0.0
Embed time: 0.02 seconds
Extract time: 0.01 seconds
0.0
Embed time: 0.02 seconds
Extract time: 0.01 seconds
0.0
Embed time: 0.02 seconds
Extract time: 0.01 seconds
0.0
Embed time: 0.02 seconds
Extract time: 0.01 seconds
0.0
Embed time: 0.02 seconds
Extract time: 0.01 seconds
0.0
Embed time: 0.02 seconds
Extract time: 0.05 seconds
0.0
Embed time: 0.02 seconds
Extract time: 0.01 seconds
0.0
Embed time: 0.02 seconds
Extract time: 0.01 seconds
0.0
Embed time: 0.03 seconds
Extract time: 0.01 seconds
0.0
Embed time: 0.02 seconds
Extract time: 0.01 seconds
0.0
Embed time: 0.05 seconds
Extract time: 0.01 seconds
0.0
Embed time: 0.02 seconds
Extract time: 0.01 seconds
0.0
Embed time: 0.05 seconds
Extract time: 0.02 seconds
0.0
Embed time: 0.02 seconds
Extract time: 0.01 seconds
0.0
Embed time: 0.04 seconds
Extract time: 0.01 seconds
0.0
Embed time: 0.02 seconds
Extract time: 0.01 seconds
0.0
Embed time: 0.05 seconds
Extract time: 0.01 seconds
0.0
Embed time: 0.02 seconds
Extract time: 0.01 seconds
0.078125
Embed time: 0.02 seconds
Extract time: 0.01 seconds
0.015625
Embed time: 0.02 seconds
Extract time: 0.01 seconds
0.0
Embed time: 0.02 seconds
Extract time: 0.01 seconds
0.0
Embed time: 0.02 seconds
Extract time: 0.01 seconds
0.0
Embed time: 0.05 seconds
Extract time: 0.01 seconds
0.0
Embed time: 0.02 seconds
Extract time: 0.01 seconds
0.0
Embed time: 0.02 seconds
Extract time: 0.05 seconds
0.0
Embed time: 0.02 seconds
Extract time: 0.01 seconds
0.0
Embed time: 0.05 seconds
Extract time: 0.01 seconds
0.015625
Embed time: 0.02 seconds
Extract time: 0.01 seconds
0.015625
Embed time: 0.02 seconds
Extract time: 0.01 seconds
0.0
Embed time: 0.02 seconds
Extract time: 0.01 seconds
0.015625
Embed time: 0.02 seconds
Extract time: 0.01 seconds
0.0
Embed time: 0.02 seconds
Extract time: 0.01 seconds
0.0
Embed time: 0.02 seconds
Extract time: 0.01 seconds
0.0
Embed time: 0.07 seconds
Extract time: 0.01 seconds
0.0
Embed time: 0.02 seconds
Extract time: 0.01 seconds
0.0
Embed time: 0.06 seconds
Extract time: 0.01 seconds
0.015625
Embed time: 0.02 seconds
Extract time: 0.01 seconds
0.0
Embed time: 0.05 seconds
Extract time: 0.01 seconds
0.0
Embed time: 0.02 seconds
Extract time: 0.01 seconds
0.0
Embed time: 0.05 seconds
Extract time: 0.01 seconds
0.0
Embed time: 0.02 seconds
Extract time: 0.01 seconds
0.0
Embed time: 0.02 seconds
Extract time: 0.01 seconds
0.0
Embed time: 0.02 seconds
Extract time: 0.01 seconds
0.0
Embed time: 0.02 seconds
Extract time: 0.01 seconds
0.0
Embed time: 0.05 seconds
Extract time: 0.01 seconds
0.0
Embed time: 0.02 seconds
Extract time: 0.01 seconds
0.03125
Embed time: 0.01 seconds
Extract time: 0.05 seconds
0.0
Embed time: 0.04 seconds
Extract time: 0.01 seconds
0.03125
Embed time: 0.02 seconds
Extract time: 0.05 seconds
0.0
Embed time: 0.02 seconds
Extract time: 0.01 seconds
0.0
Embed time: 0.02 seconds
Extract time: 0.01 seconds
0.09375
Embed time: 0.04 seconds
Extract time: 0.01 seconds
0.0
Embed time: 0.01 seconds
Extract time: 0.01 seconds
0.0
Embed time: 0.04 seconds
Extract time: 0.01 seconds
0.0
Embed time: 0.01 seconds
Extract time: 0.01 seconds
0.0
Embed time: 0.05 seconds
Extract time: 0.01 seconds
0.0
Embed time: 0.01 seconds
Extract time: 0.01 seconds
0.015625
Embed time: 0.01 seconds
Extract time: 0.01 seconds
0.0
Embed time: 0.01 seconds
Extract time: 0.01 seconds
0.0
Embed time: 0.01 seconds
Extract time: 0.01 seconds
0.0
Embed time: 0.01 seconds
Extract time: 0.01 seconds
0.0
Embed time: 0.02 seconds
Extract time: 0.01 seconds
0.0
Embed time: 0.01 seconds
Extract time: 0.01 seconds
0.0
25-06-23 15:59:52.398 - INFO: # Validation # PSNR_Stego: 4.0507e+01, Bit_acc:  4.3750e-03
2025-06-23 15:59:52,398 - INFO - # Validation # PSNR_Stego: 4.0507e+01, Bit_acc:  4.3750e-03
25-06-23 15:59:52.399 - INFO: <epoch:  2, iter:  33,000> PSNR_Stego: 4.0507e+01, Bit_acc:  4.3750e-03
2025-06-23 15:59:52,399 - INFO - <epoch:  2, iter:  33,000> PSNR_Stego: 4.0507e+01, Bit_acc:  4.3750e-03
25-06-23 15:59:52.399 - INFO: Saving models and training states.
2025-06-23 15:59:52,399 - INFO - Saving models and training states.
Checkpoint save path: /workspace/EditGuard-V1/experiments/train_ibsn_bit_64/models/33000_G.pth

===== Checkpoint State Path: /workspace/EditGuard-V1/experiments/train_ibsn_bit_64/training_state/33000.state =====

25-06-23 16:00:15.066 - INFO: <epoch:  2, iter:  33,100, lr:5.000e-05> l_forw_fit: 2.9378e+00 l_msg: 1.4495e-05 
2025-06-23 16:00:15,066 - INFO - <epoch:  2, iter:  33,100, lr:5.000e-05> l_forw_fit: 2.9378e+00 l_msg: 1.4495e-05 
25-06-23 16:00:37.883 - INFO: <epoch:  2, iter:  33,200, lr:5.000e-05> l_forw_fit: 2.9852e+00 l_msg: 2.2499e-04 
2025-06-23 16:00:37,883 - INFO - <epoch:  2, iter:  33,200, lr:5.000e-05> l_forw_fit: 2.9852e+00 l_msg: 2.2499e-04 
25-06-23 16:01:00.584 - INFO: <epoch:  2, iter:  33,300, lr:5.000e-05> l_forw_fit: 3.2301e+00 l_msg: 3.2895e-02 
2025-06-23 16:01:00,584 - INFO - <epoch:  2, iter:  33,300, lr:5.000e-05> l_forw_fit: 3.2301e+00 l_msg: 3.2895e-02 
25-06-23 16:01:23.180 - INFO: <epoch:  2, iter:  33,400, lr:5.000e-05> l_forw_fit: 2.9510e+00 l_msg: 3.3559e-02 
2025-06-23 16:01:23,180 - INFO - <epoch:  2, iter:  33,400, lr:5.000e-05> l_forw_fit: 2.9510e+00 l_msg: 3.3559e-02 
25-06-23 16:01:45.051 - INFO: <epoch:  2, iter:  33,500, lr:5.000e-05> l_forw_fit: 2.9445e+00 l_msg: 0.0000e+00 
2025-06-23 16:01:45,051 - INFO - <epoch:  2, iter:  33,500, lr:5.000e-05> l_forw_fit: 2.9445e+00 l_msg: 0.0000e+00 
Embed time: 0.03 seconds
Extract time: 0.01 seconds
0.0
Embed time: 0.04 seconds
Extract time: 0.01 seconds
0.0
Embed time: 0.02 seconds
Extract time: 0.01 seconds
0.0
Embed time: 0.05 seconds
Extract time: 0.01 seconds
0.0
Embed time: 0.02 seconds
Extract time: 0.01 seconds
0.0
Embed time: 0.02 seconds
Extract time: 0.01 seconds
0.03125
Embed time: 0.04 seconds
Extract time: 0.01 seconds
0.0
Embed time: 0.02 seconds
Extract time: 0.01 seconds
0.0
Embed time: 0.05 seconds
Extract time: 0.01 seconds
0.0
Embed time: 0.01 seconds
Extract time: 0.01 seconds
0.0
Embed time: 0.05 seconds
Extract time: 0.01 seconds
0.015625
Embed time: 0.01 seconds
Extract time: 0.01 seconds
0.0
Embed time: 0.05 seconds
Extract time: 0.01 seconds
0.0
Embed time: 0.01 seconds
Extract time: 0.01 seconds
0.0
Embed time: 0.05 seconds
Extract time: 0.01 seconds
0.0
Embed time: 0.01 seconds
Extract time: 0.01 seconds
0.0
Embed time: 0.06 seconds
Extract time: 0.01 seconds
0.0
Embed time: 0.01 seconds
Extract time: 0.01 seconds
0.015625
Embed time: 0.02 seconds
Extract time: 0.01 seconds
0.0
Embed time: 0.02 seconds
Extract time: 0.01 seconds
0.015625
Embed time: 0.02 seconds
Extract time: 0.01 seconds
0.0
Embed time: 0.02 seconds
Extract time: 0.01 seconds
0.03125
Embed time: 0.02 seconds
Extract time: 0.01 seconds
0.0
Embed time: 0.02 seconds
Extract time: 0.01 seconds
0.0
Embed time: 0.01 seconds
Extract time: 0.01 seconds
0.0
Embed time: 0.01 seconds
Extract time: 0.04 seconds
0.0
Embed time: 0.01 seconds
Extract time: 0.01 seconds
0.0
Embed time: 0.01 seconds
Extract time: 0.01 seconds
0.015625
Embed time: 0.01 seconds
Extract time: 0.01 seconds
0.0
Embed time: 0.01 seconds
Extract time: 0.03 seconds
0.0
Embed time: 0.03 seconds
Extract time: 0.01 seconds
0.0
Embed time: 0.01 seconds
Extract time: 0.01 seconds
0.0
Embed time: 0.01 seconds
Extract time: 0.01 seconds
0.0
Embed time: 0.02 seconds
Extract time: 0.01 seconds
0.0
Embed time: 0.01 seconds
Extract time: 0.01 seconds
0.03125
Embed time: 0.01 seconds
Extract time: 0.01 seconds
0.015625
Embed time: 0.01 seconds
Extract time: 0.01 seconds
0.0
Embed time: 0.05 seconds
Extract time: 0.01 seconds
0.0
Embed time: 0.01 seconds
Extract time: 0.01 seconds
0.0
Embed time: 0.04 seconds
Extract time: 0.01 seconds
0.0
Embed time: 0.01 seconds
Extract time: 0.01 seconds
0.0
Embed time: 0.01 seconds
Extract time: 0.01 seconds
0.03125
Embed time: 0.01 seconds
Extract time: 0.01 seconds
0.03125
Embed time: 0.03 seconds
Extract time: 0.01 seconds
0.0
Embed time: 0.01 seconds
Extract time: 0.01 seconds
0.0
Embed time: 0.05 seconds
Extract time: 0.01 seconds
0.0
Embed time: 0.01 seconds
Extract time: 0.01 seconds
0.0
Embed time: 0.05 seconds
Extract time: 0.01 seconds
0.0
Embed time: 0.02 seconds
Extract time: 0.02 seconds
0.0
Embed time: 0.05 seconds
Extract time: 0.01 seconds
0.09375
Embed time: 0.01 seconds
Extract time: 0.01 seconds
0.0
Embed time: 0.05 seconds
Extract time: 0.01 seconds
0.0
Embed time: 0.01 seconds
Extract time: 0.01 seconds
0.0
Embed time: 0.04 seconds
Extract time: 0.01 seconds
0.0
Embed time: 0.01 seconds
Extract time: 0.01 seconds
0.0
Embed time: 0.01 seconds
Extract time: 0.01 seconds
0.0
Embed time: 0.04 seconds
Extract time: 0.01 seconds
0.0
Embed time: 0.01 seconds
Extract time: 0.01 seconds
0.0
Embed time: 0.05 seconds
Extract time: 0.01 seconds
0.0
Embed time: 0.01 seconds
Extract time: 0.01 seconds
0.0
Embed time: 0.05 seconds
Extract time: 0.01 seconds
0.0
Embed time: 0.01 seconds
Extract time: 0.01 seconds
0.0
Embed time: 0.03 seconds
Extract time: 0.01 seconds
0.0
Embed time: 0.02 seconds
Extract time: 0.01 seconds
0.0
Embed time: 0.05 seconds
Extract time: 0.01 seconds
0.03125
Embed time: 0.02 seconds
Extract time: 0.01 seconds
0.0
Embed time: 0.05 seconds
Extract time: 0.01 seconds
0.0
Embed time: 0.02 seconds
Extract time: 0.01 seconds
0.0
Embed time: 0.05 seconds
Extract time: 0.01 seconds
0.0
Embed time: 0.02 seconds
Extract time: 0.01 seconds
0.0
Embed time: 0.02 seconds
Extract time: 0.01 seconds
0.015625
Embed time: 0.02 seconds
Extract time: 0.01 seconds
0.0
Embed time: 0.05 seconds
Extract time: 0.01 seconds
0.0
Embed time: 0.02 seconds
Extract time: 0.01 seconds
0.03125
Embed time: 0.04 seconds
Extract time: 0.01 seconds
0.0
Embed time: 0.02 seconds
Extract time: 0.01 seconds
0.0
Embed time: 0.05 seconds
Extract time: 0.01 seconds
0.0
Embed time: 0.01 seconds
Extract time: 0.01 seconds
0.0
Embed time: 0.05 seconds
Extract time: 0.01 seconds
0.0
Embed time: 0.01 seconds
Extract time: 0.01 seconds
0.0
Embed time: 0.05 seconds
Extract time: 0.01 seconds
0.0
Embed time: 0.01 seconds
Extract time: 0.01 seconds
0.0
Embed time: 0.04 seconds
Extract time: 0.01 seconds
0.0
Embed time: 0.02 seconds
Extract time: 0.01 seconds
0.0
Embed time: 0.04 seconds
Extract time: 0.01 seconds
0.0
Embed time: 0.02 seconds
Extract time: 0.01 seconds
0.0
Embed time: 0.02 seconds
Extract time: 0.01 seconds
0.0
Embed time: 0.01 seconds
Extract time: 0.01 seconds
0.015625
Embed time: 0.01 seconds
Extract time: 0.01 seconds
0.0
Embed time: 0.05 seconds
Extract time: 0.01 seconds
0.0
Embed time: 0.01 seconds
Extract time: 0.01 seconds
0.0
Embed time: 0.04 seconds
Extract time: 0.01 seconds
0.015625
Embed time: 0.01 seconds
Extract time: 0.03 seconds
0.0
Embed time: 0.03 seconds
Extract time: 0.01 seconds
0.0
Embed time: 0.01 seconds
Extract time: 0.02 seconds
0.0
Embed time: 0.04 seconds
Extract time: 0.01 seconds
0.0
Embed time: 0.02 seconds
Extract time: 0.01 seconds
0.0
Embed time: 0.05 seconds
Extract time: 0.01 seconds
0.0
Embed time: 0.02 seconds
Extract time: 0.01 seconds
0.0
Embed time: 0.05 seconds
Extract time: 0.01 seconds
0.0
25-06-23 16:02:00.170 - INFO: # Validation # PSNR_Stego: 4.0439e+01, Bit_acc:  4.3750e-03
2025-06-23 16:02:00,170 - INFO - # Validation # PSNR_Stego: 4.0439e+01, Bit_acc:  4.3750e-03
25-06-23 16:02:00.171 - INFO: <epoch:  2, iter:  33,500> PSNR_Stego: 4.0439e+01, Bit_acc:  4.3750e-03
2025-06-23 16:02:00,171 - INFO - <epoch:  2, iter:  33,500> PSNR_Stego: 4.0439e+01, Bit_acc:  4.3750e-03
25-06-23 16:02:22.608 - INFO: <epoch:  2, iter:  33,600, lr:5.000e-05> l_forw_fit: 2.6641e+00 l_msg: 9.2112e-02 
2025-06-23 16:02:22,608 - INFO - <epoch:  2, iter:  33,600, lr:5.000e-05> l_forw_fit: 2.6641e+00 l_msg: 9.2112e-02 
25-06-23 16:02:44.715 - INFO: <epoch:  2, iter:  33,700, lr:5.000e-05> l_forw_fit: 3.7281e+00 l_msg: 0.0000e+00 
2025-06-23 16:02:44,715 - INFO - <epoch:  2, iter:  33,700, lr:5.000e-05> l_forw_fit: 3.7281e+00 l_msg: 0.0000e+00 
25-06-23 16:03:07.002 - INFO: <epoch:  2, iter:  33,800, lr:5.000e-05> l_forw_fit: 2.8542e+00 l_msg: 5.2220e-02 
2025-06-23 16:03:07,002 - INFO - <epoch:  2, iter:  33,800, lr:5.000e-05> l_forw_fit: 2.8542e+00 l_msg: 5.2220e-02 
25-06-23 16:03:28.898 - INFO: <epoch:  2, iter:  33,900, lr:5.000e-05> l_forw_fit: 2.8893e+00 l_msg: 5.3098e-02 
2025-06-23 16:03:28,898 - INFO - <epoch:  2, iter:  33,900, lr:5.000e-05> l_forw_fit: 2.8893e+00 l_msg: 5.3098e-02 
25-06-23 16:03:51.130 - INFO: <epoch:  2, iter:  34,000, lr:5.000e-05> l_forw_fit: 2.4985e+00 l_msg: 0.0000e+00 
2025-06-23 16:03:51,130 - INFO - <epoch:  2, iter:  34,000, lr:5.000e-05> l_forw_fit: 2.4985e+00 l_msg: 0.0000e+00 
Embed time: 0.03 seconds
Extract time: 0.01 seconds
0.0
Embed time: 0.03 seconds
Extract time: 0.01 seconds
0.0
Embed time: 0.02 seconds
Extract time: 0.01 seconds
0.0
Embed time: 0.05 seconds
Extract time: 0.01 seconds
0.0
Embed time: 0.02 seconds
Extract time: 0.01 seconds
0.015625
Embed time: 0.02 seconds
Extract time: 0.04 seconds
0.0
Embed time: 0.03 seconds
Extract time: 0.01 seconds
0.0
Embed time: 0.02 seconds
Extract time: 0.01 seconds
0.0
Embed time: 0.04 seconds
Extract time: 0.01 seconds
0.0
Embed time: 0.01 seconds
Extract time: 0.01 seconds
0.0
Embed time: 0.05 seconds
Extract time: 0.01 seconds
0.0
Embed time: 0.01 seconds
Extract time: 0.01 seconds
0.0
Embed time: 0.04 seconds
Extract time: 0.01 seconds
0.0
Embed time: 0.01 seconds
Extract time: 0.01 seconds
0.0
Embed time: 0.04 seconds
Extract time: 0.01 seconds
0.0
Embed time: 0.01 seconds
Extract time: 0.01 seconds
0.0
Embed time: 0.04 seconds
Extract time: 0.01 seconds
0.0
Embed time: 0.01 seconds
Extract time: 0.01 seconds
0.0
Embed time: 0.05 seconds
Extract time: 0.01 seconds
0.0
Embed time: 0.01 seconds
Extract time: 0.01 seconds
0.015625
Embed time: 0.06 seconds
Extract time: 0.01 seconds
0.0
Embed time: 0.01 seconds
Extract time: 0.01 seconds
0.015625
Embed time: 0.01 seconds
Extract time: 0.01 seconds
0.015625
Embed time: 0.01 seconds
Extract time: 0.01 seconds
0.0
Embed time: 0.01 seconds
Extract time: 0.02 seconds
0.0
Embed time: 0.01 seconds
Extract time: 0.01 seconds
0.0
Embed time: 0.02 seconds
Extract time: 0.01 seconds
0.0
Embed time: 0.05 seconds
Extract time: 0.01 seconds
0.03125
Embed time: 0.01 seconds
Extract time: 0.01 seconds
0.0
Embed time: 0.01 seconds
Extract time: 0.01 seconds
0.0
Embed time: 0.01 seconds
Extract time: 0.01 seconds
0.046875
Embed time: 0.01 seconds
Extract time: 0.01 seconds
0.0
Embed time: 0.03 seconds
Extract time: 0.01 seconds
0.0
Embed time: 0.01 seconds
Extract time: 0.01 seconds
0.0
Embed time: 0.06 seconds
Extract time: 0.01 seconds
0.03125
Embed time: 0.01 seconds
Extract time: 0.01 seconds
0.0
Embed time: 0.05 seconds
Extract time: 0.01 seconds
0.0
Embed time: 0.01 seconds
Extract time: 0.01 seconds
0.0
Embed time: 0.04 seconds
Extract time: 0.01 seconds
0.015625
Embed time: 0.01 seconds
Extract time: 0.01 seconds
0.015625
Embed time: 0.04 seconds
Extract time: 0.01 seconds
0.0
Embed time: 0.01 seconds
Extract time: 0.01 seconds
0.046875
Embed time: 0.05 seconds
Extract time: 0.01 seconds
0.109375
Embed time: 0.01 seconds
Extract time: 0.01 seconds
0.0625
Embed time: 0.05 seconds
Extract time: 0.01 seconds
0.0
Embed time: 0.02 seconds
Extract time: 0.01 seconds
0.015625
Embed time: 0.04 seconds
Extract time: 0.01 seconds
0.0
Embed time: 0.02 seconds
Extract time: 0.01 seconds
0.0
Embed time: 0.01 seconds
Extract time: 0.01 seconds
0.0
Embed time: 0.03 seconds
Extract time: 0.01 seconds
0.03125
Embed time: 0.02 seconds
Extract time: 0.03 seconds
0.015625
Embed time: 0.04 seconds
Extract time: 0.01 seconds
0.015625
Embed time: 0.02 seconds
Extract time: 0.01 seconds
0.0
Embed time: 0.05 seconds
Extract time: 0.01 seconds
0.015625
Embed time: 0.01 seconds
Extract time: 0.01 seconds
0.078125
Embed time: 0.02 seconds
Extract time: 0.01 seconds
0.0625
Embed time: 0.02 seconds
Extract time: 0.01 seconds
0.015625
Embed time: 0.05 seconds
Extract time: 0.01 seconds
0.015625
Embed time: 0.01 seconds
Extract time: 0.01 seconds
0.0
Embed time: 0.05 seconds
Extract time: 0.01 seconds
0.0
Embed time: 0.01 seconds
Extract time: 0.01 seconds
0.0
Embed time: 0.05 seconds
Extract time: 0.01 seconds
0.015625
Embed time: 0.01 seconds
Extract time: 0.01 seconds
0.015625
Embed time: 0.05 seconds
Extract time: 0.01 seconds
0.0
Embed time: 0.01 seconds
Extract time: 0.01 seconds
0.0
Embed time: 0.03 seconds
Extract time: 0.01 seconds
0.0
Embed time: 0.01 seconds
Extract time: 0.03 seconds
0.0
Embed time: 0.03 seconds
Extract time: 0.01 seconds
0.03125
Embed time: 0.01 seconds
Extract time: 0.01 seconds
0.015625
Embed time: 0.01 seconds
Extract time: 0.04 seconds
0.0
Embed time: 0.05 seconds
Extract time: 0.01 seconds
0.0
Embed time: 0.02 seconds
Extract time: 0.01 seconds
0.0
Embed time: 0.05 seconds
Extract time: 0.01 seconds
0.0
Embed time: 0.02 seconds
Extract time: 0.01 seconds
0.015625
Embed time: 0.01 seconds
Extract time: 0.03 seconds
0.0
Embed time: 0.02 seconds
Extract time: 0.01 seconds
0.0
Embed time: 0.01 seconds
Extract time: 0.01 seconds
0.0
Embed time: 0.02 seconds
Extract time: 0.01 seconds
0.0
Embed time: 0.02 seconds
Extract time: 0.01 seconds
0.0
Embed time: 0.02 seconds
Extract time: 0.01 seconds
0.0
Embed time: 0.01 seconds
Extract time: 0.01 seconds
0.046875
Embed time: 0.02 seconds
Extract time: 0.01 seconds
0.0
Embed time: 0.02 seconds
Extract time: 0.01 seconds
0.0
Embed time: 0.03 seconds
Extract time: 0.01 seconds
0.0
Embed time: 0.02 seconds
Extract time: 0.01 seconds
0.0
Embed time: 0.04 seconds
Extract time: 0.01 seconds
0.0
Embed time: 0.02 seconds
Extract time: 0.01 seconds
0.0
Embed time: 0.02 seconds
Extract time: 0.01 seconds
0.0
Embed time: 0.04 seconds
Extract time: 0.01 seconds
0.0
Embed time: 0.01 seconds
Extract time: 0.01 seconds
0.0
Embed time: 0.02 seconds
Extract time: 0.01 seconds
0.078125
Embed time: 0.02 seconds
Extract time: 0.01 seconds
0.0
Embed time: 0.02 seconds
Extract time: 0.01 seconds
0.0
Embed time: 0.03 seconds
Extract time: 0.01 seconds
0.03125
Embed time: 0.02 seconds
Extract time: 0.01 seconds
0.0
Embed time: 0.05 seconds
Extract time: 0.01 seconds
0.0
Embed time: 0.02 seconds
Extract time: 0.01 seconds
0.015625
Embed time: 0.05 seconds
Extract time: 0.01 seconds
0.0
Embed time: 0.02 seconds
Extract time: 0.01 seconds
0.015625
Embed time: 0.01 seconds
Extract time: 0.01 seconds
0.0
25-06-23 16:04:06.090 - INFO: # Validation # PSNR_Stego: 3.9665e+01, Bit_acc:  9.6875e-03
2025-06-23 16:04:06,090 - INFO - # Validation # PSNR_Stego: 3.9665e+01, Bit_acc:  9.6875e-03
25-06-23 16:04:06.090 - INFO: <epoch:  2, iter:  34,000> PSNR_Stego: 3.9665e+01, Bit_acc:  9.6875e-03
2025-06-23 16:04:06,090 - INFO - <epoch:  2, iter:  34,000> PSNR_Stego: 3.9665e+01, Bit_acc:  9.6875e-03
25-06-23 16:04:06.091 - INFO: Saving models and training states.
2025-06-23 16:04:06,091 - INFO - Saving models and training states.
Checkpoint save path: /workspace/EditGuard-V1/experiments/train_ibsn_bit_64/models/34000_G.pth

===== Checkpoint State Path: /workspace/EditGuard-V1/experiments/train_ibsn_bit_64/training_state/34000.state =====

25-06-23 16:04:28.406 - INFO: <epoch:  2, iter:  34,100, lr:5.000e-05> l_forw_fit: 2.5673e+00 l_msg: 1.1626e-02 
2025-06-23 16:04:28,406 - INFO - <epoch:  2, iter:  34,100, lr:5.000e-05> l_forw_fit: 2.5673e+00 l_msg: 1.1626e-02 
25-06-23 16:04:50.637 - INFO: <epoch:  2, iter:  34,200, lr:5.000e-05> l_forw_fit: 3.0334e+00 l_msg: 6.8265e-02 
2025-06-23 16:04:50,637 - INFO - <epoch:  2, iter:  34,200, lr:5.000e-05> l_forw_fit: 3.0334e+00 l_msg: 6.8265e-02 
25-06-23 16:05:12.453 - INFO: <epoch:  2, iter:  34,300, lr:5.000e-05> l_forw_fit: 2.7136e+00 l_msg: 9.0874e-03 
2025-06-23 16:05:12,453 - INFO - <epoch:  2, iter:  34,300, lr:5.000e-05> l_forw_fit: 2.7136e+00 l_msg: 9.0874e-03 
25-06-23 16:05:34.795 - INFO: <epoch:  2, iter:  34,400, lr:5.000e-05> l_forw_fit: 3.0957e+00 l_msg: 4.1845e-03 
2025-06-23 16:05:34,795 - INFO - <epoch:  2, iter:  34,400, lr:5.000e-05> l_forw_fit: 3.0957e+00 l_msg: 4.1845e-03 
25-06-23 16:05:57.117 - INFO: <epoch:  2, iter:  34,500, lr:5.000e-05> l_forw_fit: 2.9253e+00 l_msg: 5.8823e-02 
2025-06-23 16:05:57,117 - INFO - <epoch:  2, iter:  34,500, lr:5.000e-05> l_forw_fit: 2.9253e+00 l_msg: 5.8823e-02 
Embed time: 0.03 seconds
Extract time: 0.01 seconds
0.0
Embed time: 0.02 seconds
Extract time: 0.01 seconds
0.0
Embed time: 0.02 seconds
Extract time: 0.01 seconds
0.046875
Embed time: 0.02 seconds
Extract time: 0.01 seconds
0.0
Embed time: 0.02 seconds
Extract time: 0.01 seconds
0.015625
Embed time: 0.02 seconds
Extract time: 0.01 seconds
0.0
Embed time: 0.02 seconds
Extract time: 0.01 seconds
0.03125
Embed time: 0.04 seconds
Extract time: 0.01 seconds
0.0
Embed time: 0.02 seconds
Extract time: 0.01 seconds
0.0
Embed time: 0.05 seconds
Extract time: 0.01 seconds
0.0
Embed time: 0.01 seconds
Extract time: 0.01 seconds
0.0
Embed time: 0.05 seconds
Extract time: 0.01 seconds
0.0
Embed time: 0.01 seconds
Extract time: 0.01 seconds
0.015625
Embed time: 0.05 seconds
Extract time: 0.01 seconds
0.015625
Embed time: 0.01 seconds
Extract time: 0.01 seconds
0.015625
Embed time: 0.05 seconds
Extract time: 0.01 seconds
0.0
Embed time: 0.01 seconds
Extract time: 0.01 seconds
0.0
Embed time: 0.05 seconds
Extract time: 0.01 seconds
0.03125
Embed time: 0.01 seconds
Extract time: 0.01 seconds
0.0
Embed time: 0.01 seconds
Extract time: 0.02 seconds
0.0
Embed time: 0.01 seconds
Extract time: 0.01 seconds
0.0
Embed time: 0.01 seconds
Extract time: 0.01 seconds
0.0
Embed time: 0.04 seconds
Extract time: 0.01 seconds
0.0
Embed time: 0.01 seconds
Extract time: 0.01 seconds
0.0
Embed time: 0.03 seconds
Extract time: 0.01 seconds
0.0
Embed time: 0.01 seconds
Extract time: 0.04 seconds
0.0
Embed time: 0.04 seconds
Extract time: 0.01 seconds
0.0
Embed time: 0.01 seconds
Extract time: 0.01 seconds
0.0
Embed time: 0.01 seconds
Extract time: 0.04 seconds
0.015625
Embed time: 0.01 seconds
Extract time: 0.01 seconds
0.0
Embed time: 0.05 seconds
Extract time: 0.01 seconds
0.03125
Embed time: 0.01 seconds
Extract time: 0.01 seconds
0.0
Embed time: 0.05 seconds
Extract time: 0.01 seconds
0.0
Embed time: 0.01 seconds
Extract time: 0.01 seconds
0.0
Embed time: 0.06 seconds
Extract time: 0.01 seconds
0.09375
Embed time: 0.01 seconds
Extract time: 0.01 seconds
0.0
Embed time: 0.03 seconds
Extract time: 0.01 seconds
0.0
Embed time: 0.01 seconds
Extract time: 0.01 seconds
0.0
Embed time: 0.05 seconds
Extract time: 0.01 seconds
0.0
Embed time: 0.01 seconds
Extract time: 0.01 seconds
0.015625
Embed time: 0.04 seconds
Extract time: 0.01 seconds
0.0
Embed time: 0.01 seconds
Extract time: 0.04 seconds
0.0
Embed time: 0.03 seconds
Extract time: 0.01 seconds
0.0
Embed time: 0.02 seconds
Extract time: 0.02 seconds
0.0
Embed time: 0.04 seconds
Extract time: 0.01 seconds
0.03125
Embed time: 0.02 seconds
Extract time: 0.01 seconds
0.03125
Embed time: 0.02 seconds
Extract time: 0.01 seconds
0.0
Embed time: 0.02 seconds
Extract time: 0.03 seconds
0.0
Embed time: 0.03 seconds
Extract time: 0.01 seconds
0.0
Embed time: 0.02 seconds
Extract time: 0.01 seconds
0.0
Embed time: 0.05 seconds
Extract time: 0.01 seconds
0.0
Embed time: 0.01 seconds
Extract time: 0.01 seconds
0.015625
Embed time: 0.05 seconds
Extract time: 0.01 seconds
0.0
Embed time: 0.01 seconds
Extract time: 0.03 seconds
0.0
Embed time: 0.03 seconds
Extract time: 0.01 seconds
0.03125
Embed time: 0.01 seconds
Extract time: 0.01 seconds
0.046875
Embed time: 0.05 seconds
Extract time: 0.01 seconds
0.078125
Embed time: 0.01 seconds
Extract time: 0.01 seconds
0.0
Embed time: 0.05 seconds
Extract time: 0.01 seconds
0.0
Embed time: 0.01 seconds
Extract time: 0.01 seconds
0.015625
Embed time: 0.05 seconds
Extract time: 0.01 seconds
0.0
Embed time: 0.01 seconds
Extract time: 0.01 seconds
0.0
Embed time: 0.05 seconds
Extract time: 0.01 seconds
0.015625
Embed time: 0.02 seconds
Extract time: 0.01 seconds
0.0
Embed time: 0.03 seconds
Extract time: 0.01 seconds
0.046875
Embed time: 0.02 seconds
Extract time: 0.01 seconds
0.046875
Embed time: 0.04 seconds
Extract time: 0.01 seconds
0.015625
Embed time: 0.02 seconds
Extract time: 0.01 seconds
0.0
Embed time: 0.04 seconds
Extract time: 0.01 seconds
0.0
Embed time: 0.02 seconds
Extract time: 0.01 seconds
0.0
Embed time: 0.04 seconds
Extract time: 0.01 seconds
0.0
Embed time: 0.01 seconds
Extract time: 0.01 seconds
0.0
Embed time: 0.05 seconds
Extract time: 0.01 seconds
0.0625
Embed time: 0.01 seconds
Extract time: 0.01 seconds
0.0
Embed time: 0.06 seconds
Extract time: 0.01 seconds
0.0
Embed time: 0.02 seconds
Extract time: 0.01 seconds
0.0
Embed time: 0.05 seconds
Extract time: 0.01 seconds
0.0
Embed time: 0.01 seconds
Extract time: 0.01 seconds
0.0
Embed time: 0.05 seconds
Extract time: 0.01 seconds
0.0
Embed time: 0.01 seconds
Extract time: 0.01 seconds
0.0
Embed time: 0.02 seconds
Extract time: 0.01 seconds
0.046875
Embed time: 0.02 seconds
Extract time: 0.01 seconds
0.0
Embed time: 0.05 seconds
Extract time: 0.01 seconds
0.03125
Embed time: 0.01 seconds
Extract time: 0.01 seconds
0.015625
Embed time: 0.03 seconds
Extract time: 0.01 seconds
0.0
Embed time: 0.02 seconds
Extract time: 0.01 seconds
0.0
Embed time: 0.05 seconds
Extract time: 0.01 seconds
0.03125
Embed time: 0.02 seconds
Extract time: 0.01 seconds
0.0625
Embed time: 0.05 seconds
Extract time: 0.01 seconds
0.015625
Embed time: 0.01 seconds
Extract time: 0.01 seconds
0.0
Embed time: 0.01 seconds
Extract time: 0.05 seconds
0.0
Embed time: 0.01 seconds
Extract time: 0.01 seconds
0.0
Embed time: 0.05 seconds
Extract time: 0.01 seconds
0.0
Embed time: 0.02 seconds
Extract time: 0.01 seconds
0.0
Embed time: 0.05 seconds
Extract time: 0.01 seconds
0.0
Embed time: 0.02 seconds
Extract time: 0.01 seconds
0.0
Embed time: 0.01 seconds
Extract time: 0.01 seconds
0.0
Embed time: 0.05 seconds
Extract time: 0.01 seconds
0.0
Embed time: 0.01 seconds
Extract time: 0.01 seconds
0.015625
Embed time: 0.06 seconds
Extract time: 0.01 seconds
0.0
25-06-23 16:06:12.343 - INFO: # Validation # PSNR_Stego: 4.0161e+01, Bit_acc:  9.8438e-03
2025-06-23 16:06:12,343 - INFO - # Validation # PSNR_Stego: 4.0161e+01, Bit_acc:  9.8438e-03
25-06-23 16:06:12.343 - INFO: <epoch:  2, iter:  34,500> PSNR_Stego: 4.0161e+01, Bit_acc:  9.8438e-03
2025-06-23 16:06:12,343 - INFO - <epoch:  2, iter:  34,500> PSNR_Stego: 4.0161e+01, Bit_acc:  9.8438e-03
25-06-23 16:06:33.985 - INFO: <epoch:  2, iter:  34,600, lr:5.000e-05> l_forw_fit: 2.1702e+00 l_msg: 7.2343e-03 
2025-06-23 16:06:33,985 - INFO - <epoch:  2, iter:  34,600, lr:5.000e-05> l_forw_fit: 2.1702e+00 l_msg: 7.2343e-03 
25-06-23 16:06:56.369 - INFO: <epoch:  2, iter:  34,700, lr:5.000e-05> l_forw_fit: 2.6250e+00 l_msg: 2.2112e-03 
2025-06-23 16:06:56,369 - INFO - <epoch:  2, iter:  34,700, lr:5.000e-05> l_forw_fit: 2.6250e+00 l_msg: 2.2112e-03 
25-06-23 16:07:18.375 - INFO: <epoch:  2, iter:  34,800, lr:5.000e-05> l_forw_fit: 2.7739e+00 l_msg: 0.0000e+00 
2025-06-23 16:07:18,375 - INFO - <epoch:  2, iter:  34,800, lr:5.000e-05> l_forw_fit: 2.7739e+00 l_msg: 0.0000e+00 
25-06-23 16:07:40.537 - INFO: <epoch:  2, iter:  34,900, lr:5.000e-05> l_forw_fit: 3.1146e+00 l_msg: 8.5381e-04 
2025-06-23 16:07:40,537 - INFO - <epoch:  2, iter:  34,900, lr:5.000e-05> l_forw_fit: 3.1146e+00 l_msg: 8.5381e-04 
25-06-23 16:08:02.522 - INFO: <epoch:  2, iter:  35,000, lr:5.000e-05> l_forw_fit: 2.0539e+00 l_msg: 1.3974e-05 
2025-06-23 16:08:02,522 - INFO - <epoch:  2, iter:  35,000, lr:5.000e-05> l_forw_fit: 2.0539e+00 l_msg: 1.3974e-05 
Embed time: 0.03 seconds
Extract time: 0.01 seconds
0.0
Embed time: 0.02 seconds
Extract time: 0.01 seconds
0.0
Embed time: 0.02 seconds
Extract time: 0.01 seconds
0.0
Embed time: 0.02 seconds
Extract time: 0.01 seconds
0.0
Embed time: 0.02 seconds
Extract time: 0.01 seconds
0.0
Embed time: 0.05 seconds
Extract time: 0.01 seconds
0.015625
Embed time: 0.02 seconds
Extract time: 0.01 seconds
0.0
Embed time: 0.04 seconds
Extract time: 0.01 seconds
0.0
Embed time: 0.02 seconds
Extract time: 0.01 seconds
0.0
Embed time: 0.05 seconds
Extract time: 0.01 seconds
0.015625
Embed time: 0.01 seconds
Extract time: 0.01 seconds
0.0
Embed time: 0.05 seconds
Extract time: 0.01 seconds
0.0
Embed time: 0.01 seconds
Extract time: 0.01 seconds
0.015625
Embed time: 0.05 seconds
Extract time: 0.01 seconds
0.125
Embed time: 0.01 seconds
Extract time: 0.01 seconds
0.0
Embed time: 0.05 seconds
Extract time: 0.01 seconds
0.03125
Embed time: 0.01 seconds
Extract time: 0.01 seconds
0.015625
Embed time: 0.05 seconds
Extract time: 0.01 seconds
0.0
Embed time: 0.02 seconds
Extract time: 0.01 seconds
0.0
Embed time: 0.05 seconds
Extract time: 0.01 seconds
0.015625
Embed time: 0.02 seconds
Extract time: 0.01 seconds
0.0
Embed time: 0.05 seconds
Extract time: 0.01 seconds
0.0
Embed time: 0.02 seconds
Extract time: 0.01 seconds
0.0
Embed time: 0.04 seconds
Extract time: 0.01 seconds
0.0
Embed time: 0.02 seconds
Extract time: 0.01 seconds
0.015625
Embed time: 0.03 seconds
Extract time: 0.01 seconds
0.015625
Embed time: 0.02 seconds
Extract time: 0.01 seconds
0.0
Embed time: 0.05 seconds
Extract time: 0.01 seconds
0.0
Embed time: 0.02 seconds
Extract time: 0.01 seconds
0.03125
Embed time: 0.06 seconds
Extract time: 0.01 seconds
0.0
Embed time: 0.02 seconds
Extract time: 0.01 seconds
0.015625
Embed time: 0.05 seconds
Extract time: 0.01 seconds
0.0
Embed time: 0.01 seconds
Extract time: 0.01 seconds
0.0
Embed time: 0.05 seconds
Extract time: 0.01 seconds
0.0
Embed time: 0.01 seconds
Extract time: 0.01 seconds
0.0
Embed time: 0.05 seconds
Extract time: 0.01 seconds
0.0
Embed time: 0.01 seconds
Extract time: 0.01 seconds
0.0
Embed time: 0.04 seconds
Extract time: 0.01 seconds
0.0
Embed time: 0.01 seconds
Extract time: 0.01 seconds
0.015625
Embed time: 0.01 seconds
Extract time: 0.01 seconds
0.0
Embed time: 0.01 seconds
Extract time: 0.01 seconds
0.0
Embed time: 0.03 seconds
Extract time: 0.01 seconds
0.03125
Embed time: 0.01 seconds
Extract time: 0.04 seconds
0.0
Embed time: 0.01 seconds
Extract time: 0.01 seconds
0.0
Embed time: 0.01 seconds
Extract time: 0.01 seconds
0.0
Embed time: 0.05 seconds
Extract time: 0.01 seconds
0.0
Embed time: 0.01 seconds
Extract time: 0.01 seconds
0.0
Embed time: 0.04 seconds
Extract time: 0.01 seconds
0.015625
Embed time: 0.01 seconds
Extract time: 0.01 seconds
0.0
Embed time: 0.05 seconds
Extract time: 0.01 seconds
0.0
Embed time: 0.02 seconds
Extract time: 0.02 seconds
0.015625
Embed time: 0.03 seconds
Extract time: 0.01 seconds
0.0
Embed time: 0.02 seconds
Extract time: 0.01 seconds
0.0
Embed time: 0.05 seconds
Extract time: 0.01 seconds
0.0
Embed time: 0.02 seconds
Extract time: 0.01 seconds
0.0
Embed time: 0.05 seconds
Extract time: 0.01 seconds
0.046875
Embed time: 0.02 seconds
Extract time: 0.01 seconds
0.03125
Embed time: 0.05 seconds
Extract time: 0.01 seconds
0.015625
Embed time: 0.02 seconds
Extract time: 0.01 seconds
0.0
Embed time: 0.06 seconds
Extract time: 0.01 seconds
0.015625
Embed time: 0.02 seconds
Extract time: 0.01 seconds
0.0
Embed time: 0.04 seconds
Extract time: 0.01 seconds
0.0
Embed time: 0.02 seconds
Extract time: 0.02 seconds
0.015625
Embed time: 0.02 seconds
Extract time: 0.01 seconds
0.0
Embed time: 0.02 seconds
Extract time: 0.01 seconds
0.0
Embed time: 0.05 seconds
Extract time: 0.01 seconds
0.0
Embed time: 0.02 seconds
Extract time: 0.01 seconds
0.0
Embed time: 0.04 seconds
Extract time: 0.01 seconds
0.015625
Embed time: 0.02 seconds
Extract time: 0.01 seconds
0.0
Embed time: 0.05 seconds
Extract time: 0.01 seconds
0.0
Embed time: 0.02 seconds
Extract time: 0.01 seconds
0.0
Embed time: 0.02 seconds
Extract time: 0.05 seconds
0.0
Embed time: 0.04 seconds
Extract time: 0.01 seconds
0.0
Embed time: 0.02 seconds
Extract time: 0.01 seconds
0.0
Embed time: 0.05 seconds
Extract time: 0.01 seconds
0.0
Embed time: 0.01 seconds
Extract time: 0.01 seconds
0.0
Embed time: 0.06 seconds
Extract time: 0.01 seconds
0.0
Embed time: 0.01 seconds
Extract time: 0.01 seconds
0.0
Embed time: 0.01 seconds
Extract time: 0.01 seconds
0.0
Embed time: 0.01 seconds
Extract time: 0.01 seconds
0.0
Embed time: 0.01 seconds
Extract time: 0.01 seconds
0.0
Embed time: 0.02 seconds
Extract time: 0.01 seconds
0.0
Embed time: 0.05 seconds
Extract time: 0.01 seconds
0.0
Embed time: 0.02 seconds
Extract time: 0.01 seconds
0.015625
Embed time: 0.05 seconds
Extract time: 0.01 seconds
0.015625
Embed time: 0.02 seconds
Extract time: 0.01 seconds
0.09375
Embed time: 0.04 seconds
Extract time: 0.01 seconds
0.0
Embed time: 0.02 seconds
Extract time: 0.01 seconds
0.015625
Embed time: 0.05 seconds
Extract time: 0.01 seconds
0.0
Embed time: 0.02 seconds
Extract time: 0.01 seconds
0.0
Embed time: 0.05 seconds
Extract time: 0.01 seconds
0.03125
Embed time: 0.02 seconds
Extract time: 0.01 seconds
0.03125
Embed time: 0.05 seconds
Extract time: 0.01 seconds
0.0
Embed time: 0.02 seconds
Extract time: 0.01 seconds
0.0
Embed time: 0.05 seconds
Extract time: 0.02 seconds
0.0
Embed time: 0.02 seconds
Extract time: 0.01 seconds
0.0
Embed time: 0.05 seconds
Extract time: 0.01 seconds
0.03125
Embed time: 0.02 seconds
Extract time: 0.01 seconds
0.0
Embed time: 0.02 seconds
Extract time: 0.01 seconds
0.0
Embed time: 0.02 seconds
Extract time: 0.01 seconds
0.0
25-06-23 16:08:17.790 - INFO: # Validation # PSNR_Stego: 3.9983e+01, Bit_acc:  7.6562e-03
2025-06-23 16:08:17,790 - INFO - # Validation # PSNR_Stego: 3.9983e+01, Bit_acc:  7.6562e-03
25-06-23 16:08:17.791 - INFO: <epoch:  2, iter:  35,000> PSNR_Stego: 3.9983e+01, Bit_acc:  7.6562e-03
2025-06-23 16:08:17,791 - INFO - <epoch:  2, iter:  35,000> PSNR_Stego: 3.9983e+01, Bit_acc:  7.6562e-03
25-06-23 16:08:17.791 - INFO: Saving models and training states.
2025-06-23 16:08:17,791 - INFO - Saving models and training states.
Checkpoint save path: /workspace/EditGuard-V1/experiments/train_ibsn_bit_64/models/35000_G.pth

===== Checkpoint State Path: /workspace/EditGuard-V1/experiments/train_ibsn_bit_64/training_state/35000.state =====

25-06-23 16:08:39.858 - INFO: <epoch:  2, iter:  35,100, lr:5.000e-05> l_forw_fit: 2.6623e+00 l_msg: 0.0000e+00 
2025-06-23 16:08:39,858 - INFO - <epoch:  2, iter:  35,100, lr:5.000e-05> l_forw_fit: 2.6623e+00 l_msg: 0.0000e+00 
25-06-23 16:09:02.212 - INFO: <epoch:  2, iter:  35,200, lr:5.000e-05> l_forw_fit: 2.7646e+00 l_msg: 3.9062e-03 
2025-06-23 16:09:02,212 - INFO - <epoch:  2, iter:  35,200, lr:5.000e-05> l_forw_fit: 2.7646e+00 l_msg: 3.9062e-03 
25-06-23 16:09:24.411 - INFO: <epoch:  2, iter:  35,300, lr:5.000e-05> l_forw_fit: 2.9982e+00 l_msg: 9.4983e-03 
2025-06-23 16:09:24,411 - INFO - <epoch:  2, iter:  35,300, lr:5.000e-05> l_forw_fit: 2.9982e+00 l_msg: 9.4983e-03 
25-06-23 16:09:46.463 - INFO: <epoch:  2, iter:  35,400, lr:5.000e-05> l_forw_fit: 2.8939e+00 l_msg: 1.5353e-02 
2025-06-23 16:09:46,463 - INFO - <epoch:  2, iter:  35,400, lr:5.000e-05> l_forw_fit: 2.8939e+00 l_msg: 1.5353e-02 
25-06-23 16:10:08.883 - INFO: <epoch:  2, iter:  35,500, lr:5.000e-05> l_forw_fit: 2.8252e+00 l_msg: 6.3069e-04 
2025-06-23 16:10:08,883 - INFO - <epoch:  2, iter:  35,500, lr:5.000e-05> l_forw_fit: 2.8252e+00 l_msg: 6.3069e-04 
Embed time: 0.03 seconds
Extract time: 0.01 seconds
0.0
Embed time: 0.04 seconds
Extract time: 0.01 seconds
0.0
Embed time: 0.06 seconds
Extract time: 0.01 seconds
0.03125
Embed time: 0.02 seconds
Extract time: 0.01 seconds
0.0
Embed time: 0.02 seconds
Extract time: 0.01 seconds
0.0
Embed time: 0.02 seconds
Extract time: 0.01 seconds
0.015625
Embed time: 0.03 seconds
Extract time: 0.01 seconds
0.0
Embed time: 0.02 seconds
Extract time: 0.02 seconds
0.015625
Embed time: 0.04 seconds
Extract time: 0.01 seconds
0.0
Embed time: 0.02 seconds
Extract time: 0.01 seconds
0.0
Embed time: 0.05 seconds
Extract time: 0.01 seconds
0.015625
Embed time: 0.01 seconds
Extract time: 0.01 seconds
0.0
Embed time: 0.04 seconds
Extract time: 0.01 seconds
0.0
Embed time: 0.01 seconds
Extract time: 0.01 seconds
0.046875
Embed time: 0.01 seconds
Extract time: 0.01 seconds
0.0
Embed time: 0.01 seconds
Extract time: 0.01 seconds
0.0
Embed time: 0.05 seconds
Extract time: 0.01 seconds
0.0
Embed time: 0.01 seconds
Extract time: 0.01 seconds
0.0
Embed time: 0.04 seconds
Extract time: 0.01 seconds
0.0
Embed time: 0.01 seconds
Extract time: 0.01 seconds
0.0
Embed time: 0.06 seconds
Extract time: 0.01 seconds
0.0
Embed time: 0.01 seconds
Extract time: 0.01 seconds
0.046875
Embed time: 0.05 seconds
Extract time: 0.01 seconds
0.0
Embed time: 0.01 seconds
Extract time: 0.01 seconds
0.0
Embed time: 0.05 seconds
Extract time: 0.01 seconds
0.0
Embed time: 0.01 seconds
Extract time: 0.01 seconds
0.0
Embed time: 0.05 seconds
Extract time: 0.01 seconds
0.0
Embed time: 0.01 seconds
Extract time: 0.01 seconds
0.0
Embed time: 0.01 seconds
Extract time: 0.04 seconds
0.0
Embed time: 0.01 seconds
Extract time: 0.02 seconds
0.0
Embed time: 0.01 seconds
Extract time: 0.01 seconds
0.03125
Embed time: 0.02 seconds
Extract time: 0.01 seconds
0.0
Embed time: 0.02 seconds
Extract time: 0.01 seconds
0.0
Embed time: 0.01 seconds
Extract time: 0.01 seconds
0.0
Embed time: 0.02 seconds
Extract time: 0.01 seconds
0.015625
Embed time: 0.01 seconds
Extract time: 0.01 seconds
0.0
Embed time: 0.01 seconds
Extract time: 0.01 seconds
0.0
Embed time: 0.05 seconds
Extract time: 0.01 seconds
0.0
Embed time: 0.01 seconds
Extract time: 0.01 seconds
0.0
Embed time: 0.04 seconds
Extract time: 0.01 seconds
0.0
Embed time: 0.02 seconds
Extract time: 0.01 seconds
0.0
Embed time: 0.05 seconds
Extract time: 0.01 seconds
0.015625
Embed time: 0.02 seconds
Extract time: 0.01 seconds
0.0625
Embed time: 0.03 seconds
Extract time: 0.01 seconds
0.0
Embed time: 0.02 seconds
Extract time: 0.01 seconds
0.0
Embed time: 0.05 seconds
Extract time: 0.01 seconds
0.0
Embed time: 0.02 seconds
Extract time: 0.01 seconds
0.0
Embed time: 0.06 seconds
Extract time: 0.01 seconds
0.0
Embed time: 0.02 seconds
Extract time: 0.01 seconds
0.0
Embed time: 0.02 seconds
Extract time: 0.01 seconds
0.03125
Embed time: 0.02 seconds
Extract time: 0.01 seconds
0.015625
Embed time: 0.02 seconds
Extract time: 0.01 seconds
0.0
Embed time: 0.04 seconds
Extract time: 0.01 seconds
0.0
Embed time: 0.02 seconds
Extract time: 0.01 seconds
0.0
Embed time: 0.03 seconds
Extract time: 0.01 seconds
0.03125
Embed time: 0.02 seconds
Extract time: 0.01 seconds
0.015625
Embed time: 0.02 seconds
Extract time: 0.01 seconds
0.0
Embed time: 0.02 seconds
Extract time: 0.01 seconds
0.0
Embed time: 0.04 seconds
Extract time: 0.01 seconds
0.015625
Embed time: 0.01 seconds
Extract time: 0.01 seconds
0.0625
Embed time: 0.05 seconds
Extract time: 0.01 seconds
0.015625
Embed time: 0.01 seconds
Extract time: 0.01 seconds
0.015625
Embed time: 0.02 seconds
Extract time: 0.01 seconds
0.0
Embed time: 0.03 seconds
Extract time: 0.01 seconds
0.0
Embed time: 0.02 seconds
Extract time: 0.01 seconds
0.0
Embed time: 0.01 seconds
Extract time: 0.04 seconds
0.0
Embed time: 0.02 seconds
Extract time: 0.01 seconds
0.0
Embed time: 0.01 seconds
Extract time: 0.01 seconds
0.0
Embed time: 0.03 seconds
Extract time: 0.01 seconds
0.0
Embed time: 0.02 seconds
Extract time: 0.01 seconds
0.0
Embed time: 0.06 seconds
Extract time: 0.01 seconds
0.0
Embed time: 0.02 seconds
Extract time: 0.01 seconds
0.0
Embed time: 0.05 seconds
Extract time: 0.01 seconds
0.0
Embed time: 0.02 seconds
Extract time: 0.01 seconds
0.0
Embed time: 0.03 seconds
Extract time: 0.01 seconds
0.0
Embed time: 0.02 seconds
Extract time: 0.01 seconds
0.0
Embed time: 0.04 seconds
Extract time: 0.01 seconds
0.0
Embed time: 0.02 seconds
Extract time: 0.01 seconds
0.0
Embed time: 0.04 seconds
Extract time: 0.01 seconds
0.0
Embed time: 0.02 seconds
Extract time: 0.01 seconds
0.0
Embed time: 0.02 seconds
Extract time: 0.03 seconds
0.0
Embed time: 0.02 seconds
Extract time: 0.01 seconds
0.0
Embed time: 0.02 seconds
Extract time: 0.01 seconds
0.0
Embed time: 0.04 seconds
Extract time: 0.01 seconds
0.0
Embed time: 0.02 seconds
Extract time: 0.01 seconds
0.0
Embed time: 0.05 seconds
Extract time: 0.01 seconds
0.0
Embed time: 0.02 seconds
Extract time: 0.01 seconds
0.015625
Embed time: 0.05 seconds
Extract time: 0.01 seconds
0.078125
Embed time: 0.02 seconds
Extract time: 0.01 seconds
0.0
Embed time: 0.02 seconds
Extract time: 0.01 seconds
0.0
Embed time: 0.02 seconds
Extract time: 0.02 seconds
0.015625
Embed time: 0.03 seconds
Extract time: 0.01 seconds
0.015625
Embed time: 0.02 seconds
Extract time: 0.01 seconds
0.015625
Embed time: 0.02 seconds
Extract time: 0.01 seconds
0.0
Embed time: 0.02 seconds
Extract time: 0.01 seconds
0.0
Embed time: 0.05 seconds
Extract time: 0.02 seconds
0.0
Embed time: 0.02 seconds
Extract time: 0.01 seconds
0.0
Embed time: 0.03 seconds
Extract time: 0.01 seconds
0.0
Embed time: 0.02 seconds
Extract time: 0.01 seconds
0.03125
Embed time: 0.01 seconds
Extract time: 0.04 seconds
0.0
25-06-23 16:10:24.107 - INFO: # Validation # PSNR_Stego: 3.9639e+01, Bit_acc:  6.7187e-03
2025-06-23 16:10:24,107 - INFO - # Validation # PSNR_Stego: 3.9639e+01, Bit_acc:  6.7187e-03
25-06-23 16:10:24.107 - INFO: <epoch:  2, iter:  35,500> PSNR_Stego: 3.9639e+01, Bit_acc:  6.7187e-03
2025-06-23 16:10:24,107 - INFO - <epoch:  2, iter:  35,500> PSNR_Stego: 3.9639e+01, Bit_acc:  6.7187e-03
25-06-23 16:10:46.690 - INFO: <epoch:  2, iter:  35,600, lr:5.000e-05> l_forw_fit: 2.3718e+00 l_msg: 4.5903e-02 
2025-06-23 16:10:46,690 - INFO - <epoch:  2, iter:  35,600, lr:5.000e-05> l_forw_fit: 2.3718e+00 l_msg: 4.5903e-02 
25-06-23 16:11:09.406 - INFO: <epoch:  2, iter:  35,700, lr:5.000e-05> l_forw_fit: 2.4183e+00 l_msg: 4.0314e-02 
2025-06-23 16:11:09,406 - INFO - <epoch:  2, iter:  35,700, lr:5.000e-05> l_forw_fit: 2.4183e+00 l_msg: 4.0314e-02 
25-06-23 16:11:31.478 - INFO: <epoch:  2, iter:  35,800, lr:5.000e-05> l_forw_fit: 2.6165e+00 l_msg: 2.4946e-04 
2025-06-23 16:11:31,478 - INFO - <epoch:  2, iter:  35,800, lr:5.000e-05> l_forw_fit: 2.6165e+00 l_msg: 2.4946e-04 
25-06-23 16:11:54.101 - INFO: <epoch:  2, iter:  35,900, lr:5.000e-05> l_forw_fit: 2.7524e+00 l_msg: 2.0519e-02 
2025-06-23 16:11:54,101 - INFO - <epoch:  2, iter:  35,900, lr:5.000e-05> l_forw_fit: 2.7524e+00 l_msg: 2.0519e-02 
25-06-23 16:12:16.675 - INFO: <epoch:  2, iter:  36,000, lr:5.000e-05> l_forw_fit: 3.4597e+00 l_msg: 3.3837e-03 
2025-06-23 16:12:16,675 - INFO - <epoch:  2, iter:  36,000, lr:5.000e-05> l_forw_fit: 3.4597e+00 l_msg: 3.3837e-03 
Embed time: 0.03 seconds
Extract time: 0.01 seconds
0.0
Embed time: 0.04 seconds
Extract time: 0.01 seconds
0.0
Embed time: 0.02 seconds
Extract time: 0.04 seconds
0.0
Embed time: 0.04 seconds
Extract time: 0.01 seconds
0.0
Embed time: 0.02 seconds
Extract time: 0.01 seconds
0.015625
Embed time: 0.03 seconds
Extract time: 0.01 seconds
0.0
Embed time: 0.02 seconds
Extract time: 0.01 seconds
0.0
Embed time: 0.04 seconds
Extract time: 0.01 seconds
0.015625
Embed time: 0.02 seconds
Extract time: 0.01 seconds
0.0
Embed time: 0.02 seconds
Extract time: 0.01 seconds
0.0
Embed time: 0.02 seconds
Extract time: 0.01 seconds
0.0
Embed time: 0.04 seconds
Extract time: 0.01 seconds
0.0
Embed time: 0.02 seconds
Extract time: 0.01 seconds
0.015625
Embed time: 0.02 seconds
Extract time: 0.01 seconds
0.0
Embed time: 0.02 seconds
Extract time: 0.01 seconds
0.015625
Embed time: 0.02 seconds
Extract time: 0.01 seconds
0.0
Embed time: 0.02 seconds
Extract time: 0.01 seconds
0.0
Embed time: 0.04 seconds
Extract time: 0.01 seconds
0.03125
Embed time: 0.02 seconds
Extract time: 0.01 seconds
0.015625
Embed time: 0.03 seconds
Extract time: 0.01 seconds
0.0
Embed time: 0.02 seconds
Extract time: 0.01 seconds
0.0
Embed time: 0.05 seconds
Extract time: 0.01 seconds
0.03125
Embed time: 0.02 seconds
Extract time: 0.01 seconds
0.0
Embed time: 0.03 seconds
Extract time: 0.01 seconds
0.0
Embed time: 0.02 seconds
Extract time: 0.01 seconds
0.0
Embed time: 0.02 seconds
Extract time: 0.04 seconds
0.0
Embed time: 0.03 seconds
Extract time: 0.01 seconds
0.0
Embed time: 0.02 seconds
Extract time: 0.01 seconds
0.0
Embed time: 0.05 seconds
Extract time: 0.02 seconds
0.0
Embed time: 0.02 seconds
Extract time: 0.01 seconds
0.0
Embed time: 0.03 seconds
Extract time: 0.01 seconds
0.046875
Embed time: 0.02 seconds
Extract time: 0.01 seconds
0.0
Embed time: 0.05 seconds
Extract time: 0.01 seconds
0.0
Embed time: 0.02 seconds
Extract time: 0.01 seconds
0.0
Embed time: 0.02 seconds
Extract time: 0.01 seconds
0.015625
Embed time: 0.02 seconds
Extract time: 0.01 seconds
0.0
Embed time: 0.02 seconds
Extract time: 0.01 seconds
0.0
Embed time: 0.02 seconds
Extract time: 0.01 seconds
0.0
Embed time: 0.02 seconds
Extract time: 0.01 seconds
0.0
Embed time: 0.05 seconds
Extract time: 0.01 seconds
0.0
Embed time: 0.02 seconds
Extract time: 0.01 seconds
0.0
Embed time: 0.03 seconds
Extract time: 0.01 seconds
0.0
Embed time: 0.02 seconds
Extract time: 0.01 seconds
0.0
Embed time: 0.04 seconds
Extract time: 0.01 seconds
0.015625
Embed time: 0.02 seconds
Extract time: 0.01 seconds
0.03125
Embed time: 0.05 seconds
Extract time: 0.01 seconds
0.0
Embed time: 0.02 seconds
Extract time: 0.01 seconds
0.0
Embed time: 0.05 seconds
Extract time: 0.01 seconds
0.0
Embed time: 0.02 seconds
Extract time: 0.01 seconds
0.0
Embed time: 0.05 seconds
Extract time: 0.01 seconds
0.0
Embed time: 0.02 seconds
Extract time: 0.01 seconds
0.0
Embed time: 0.05 seconds
Extract time: 0.01 seconds
0.0
Embed time: 0.01 seconds
Extract time: 0.01 seconds
0.0
Embed time: 0.05 seconds
Extract time: 0.01 seconds
0.0
Embed time: 0.01 seconds
Extract time: 0.01 seconds
0.09375
Embed time: 0.03 seconds
Extract time: 0.01 seconds
0.0
Embed time: 0.01 seconds
Extract time: 0.01 seconds
0.03125
Embed time: 0.03 seconds
Extract time: 0.01 seconds
0.0
Embed time: 0.01 seconds
Extract time: 0.01 seconds
0.0
Embed time: 0.05 seconds
Extract time: 0.01 seconds
0.0
Embed time: 0.01 seconds
Extract time: 0.01 seconds
0.0
Embed time: 0.01 seconds
Extract time: 0.04 seconds
0.0
Embed time: 0.01 seconds
Extract time: 0.01 seconds
0.015625
Embed time: 0.03 seconds
Extract time: 0.01 seconds
0.015625
Embed time: 0.01 seconds
Extract time: 0.01 seconds
0.0
Embed time: 0.05 seconds
Extract time: 0.01 seconds
0.0
Embed time: 0.01 seconds
Extract time: 0.01 seconds
0.0
Embed time: 0.05 seconds
Extract time: 0.01 seconds
0.0
Embed time: 0.01 seconds
Extract time: 0.01 seconds
0.0
Embed time: 0.01 seconds
Extract time: 0.01 seconds
0.0
Embed time: 0.01 seconds
Extract time: 0.01 seconds
0.0
Embed time: 0.01 seconds
Extract time: 0.01 seconds
0.0
Embed time: 0.02 seconds
Extract time: 0.01 seconds
0.0
Embed time: 0.01 seconds
Extract time: 0.01 seconds
0.0
Embed time: 0.03 seconds
Extract time: 0.01 seconds
0.0
Embed time: 0.01 seconds
Extract time: 0.01 seconds
0.0
Embed time: 0.02 seconds
Extract time: 0.01 seconds
0.0
Embed time: 0.02 seconds
Extract time: 0.01 seconds
0.0
Embed time: 0.02 seconds
Extract time: 0.01 seconds
0.0
Embed time: 0.02 seconds
Extract time: 0.01 seconds
0.0
Embed time: 0.02 seconds
Extract time: 0.01 seconds
0.0
Embed time: 0.02 seconds
Extract time: 0.05 seconds
0.0
Embed time: 0.03 seconds
Extract time: 0.01 seconds
0.0
Embed time: 0.02 seconds
Extract time: 0.03 seconds
0.0
Embed time: 0.02 seconds
Extract time: 0.01 seconds
0.0
Embed time: 0.02 seconds
Extract time: 0.04 seconds
0.0
Embed time: 0.04 seconds
Extract time: 0.01 seconds
0.0
Embed time: 0.02 seconds
Extract time: 0.01 seconds
0.015625
Embed time: 0.05 seconds
Extract time: 0.01 seconds
0.0
Embed time: 0.02 seconds
Extract time: 0.01 seconds
0.015625
Embed time: 0.05 seconds
Extract time: 0.01 seconds
0.03125
Embed time: 0.02 seconds
Extract time: 0.01 seconds
0.0
Embed time: 0.03 seconds
Extract time: 0.01 seconds
0.0
Embed time: 0.02 seconds
Extract time: 0.01 seconds
0.015625
Embed time: 0.02 seconds
Extract time: 0.01 seconds
0.0
Embed time: 0.02 seconds
Extract time: 0.01 seconds
0.0
Embed time: 0.02 seconds
Extract time: 0.01 seconds
0.0
Embed time: 0.02 seconds
Extract time: 0.01 seconds
0.0
Embed time: 0.02 seconds
Extract time: 0.01 seconds
0.0
Embed time: 0.03 seconds
Extract time: 0.01 seconds
0.0
25-06-23 16:12:31.807 - INFO: # Validation # PSNR_Stego: 3.9944e+01, Bit_acc:  4.8437e-03
2025-06-23 16:12:31,807 - INFO - # Validation # PSNR_Stego: 3.9944e+01, Bit_acc:  4.8437e-03
25-06-23 16:12:31.808 - INFO: <epoch:  2, iter:  36,000> PSNR_Stego: 3.9944e+01, Bit_acc:  4.8437e-03
2025-06-23 16:12:31,808 - INFO - <epoch:  2, iter:  36,000> PSNR_Stego: 3.9944e+01, Bit_acc:  4.8437e-03
25-06-23 16:12:31.808 - INFO: Saving models and training states.
2025-06-23 16:12:31,808 - INFO - Saving models and training states.
Checkpoint save path: /workspace/EditGuard-V1/experiments/train_ibsn_bit_64/models/36000_G.pth

===== Checkpoint State Path: /workspace/EditGuard-V1/experiments/train_ibsn_bit_64/training_state/36000.state =====

25-06-23 16:12:54.470 - INFO: <epoch:  2, iter:  36,100, lr:5.000e-05> l_forw_fit: 3.4363e+00 l_msg: 4.3614e-02 
2025-06-23 16:12:54,470 - INFO - <epoch:  2, iter:  36,100, lr:5.000e-05> l_forw_fit: 3.4363e+00 l_msg: 4.3614e-02 
25-06-23 16:13:16.657 - INFO: <epoch:  2, iter:  36,200, lr:5.000e-05> l_forw_fit: 2.3434e+00 l_msg: 0.0000e+00 
2025-06-23 16:13:16,657 - INFO - <epoch:  2, iter:  36,200, lr:5.000e-05> l_forw_fit: 2.3434e+00 l_msg: 0.0000e+00 
25-06-23 16:13:39.148 - INFO: <epoch:  2, iter:  36,300, lr:5.000e-05> l_forw_fit: 2.6352e+00 l_msg: 6.2350e-03 
2025-06-23 16:13:39,148 - INFO - <epoch:  2, iter:  36,300, lr:5.000e-05> l_forw_fit: 2.6352e+00 l_msg: 6.2350e-03 
25-06-23 16:14:01.116 - INFO: <epoch:  2, iter:  36,400, lr:5.000e-05> l_forw_fit: 3.1795e+00 l_msg: 7.2617e-02 
2025-06-23 16:14:01,116 - INFO - <epoch:  2, iter:  36,400, lr:5.000e-05> l_forw_fit: 3.1795e+00 l_msg: 7.2617e-02 
25-06-23 16:14:23.185 - INFO: <epoch:  2, iter:  36,500, lr:5.000e-05> l_forw_fit: 2.5054e+00 l_msg: 5.2399e-03 
2025-06-23 16:14:23,185 - INFO - <epoch:  2, iter:  36,500, lr:5.000e-05> l_forw_fit: 2.5054e+00 l_msg: 5.2399e-03 
Embed time: 0.03 seconds
Extract time: 0.01 seconds
0.0
Embed time: 0.04 seconds
Extract time: 0.01 seconds
0.0
Embed time: 0.05 seconds
Extract time: 0.01 seconds
0.0
Embed time: 0.02 seconds
Extract time: 0.01 seconds
0.0
Embed time: 0.02 seconds
Extract time: 0.01 seconds
0.0
Embed time: 0.02 seconds
Extract time: 0.01 seconds
0.0
Embed time: 0.02 seconds
Extract time: 0.01 seconds
0.0
Embed time: 0.02 seconds
Extract time: 0.01 seconds
0.0
Embed time: 0.02 seconds
Extract time: 0.02 seconds
0.015625
Embed time: 0.04 seconds
Extract time: 0.01 seconds
0.015625
Embed time: 0.02 seconds
Extract time: 0.01 seconds
0.0
Embed time: 0.04 seconds
Extract time: 0.01 seconds
0.0
Embed time: 0.02 seconds
Extract time: 0.01 seconds
0.0
Embed time: 0.03 seconds
Extract time: 0.01 seconds
0.0
Embed time: 0.02 seconds
Extract time: 0.01 seconds
0.0
Embed time: 0.02 seconds
Extract time: 0.01 seconds
0.0
Embed time: 0.01 seconds
Extract time: 0.01 seconds
0.0
Embed time: 0.05 seconds
Extract time: 0.01 seconds
0.0
Embed time: 0.01 seconds
Extract time: 0.01 seconds
0.0
Embed time: 0.05 seconds
Extract time: 0.01 seconds
0.0
Embed time: 0.01 seconds
Extract time: 0.01 seconds
0.015625
Embed time: 0.01 seconds
Extract time: 0.01 seconds
0.015625
Embed time: 0.01 seconds
Extract time: 0.01 seconds
0.0
Embed time: 0.05 seconds
Extract time: 0.01 seconds
0.0
Embed time: 0.01 seconds
Extract time: 0.01 seconds
0.0
Embed time: 0.05 seconds
Extract time: 0.01 seconds
0.0
Embed time: 0.01 seconds
Extract time: 0.01 seconds
0.0
Embed time: 0.01 seconds
Extract time: 0.04 seconds
0.015625
Embed time: 0.01 seconds
Extract time: 0.01 seconds
0.0
Embed time: 0.01 seconds
Extract time: 0.01 seconds
0.0
Embed time: 0.02 seconds
Extract time: 0.01 seconds
0.03125
Embed time: 0.01 seconds
Extract time: 0.04 seconds
0.0
Embed time: 0.03 seconds
Extract time: 0.01 seconds
0.0
Embed time: 0.01 seconds
Extract time: 0.01 seconds
0.0
Embed time: 0.03 seconds
Extract time: 0.02 seconds
0.03125
Embed time: 0.01 seconds
Extract time: 0.01 seconds
0.0
Embed time: 0.01 seconds
Extract time: 0.01 seconds
0.0
Embed time: 0.01 seconds
Extract time: 0.01 seconds
0.0
Embed time: 0.05 seconds
Extract time: 0.01 seconds
0.0
Embed time: 0.01 seconds
Extract time: 0.01 seconds
0.0
Embed time: 0.05 seconds
Extract time: 0.01 seconds
0.0
Embed time: 0.01 seconds
Extract time: 0.03 seconds
0.0
Embed time: 0.03 seconds
Extract time: 0.01 seconds
0.0
Embed time: 0.01 seconds
Extract time: 0.01 seconds
0.0
Embed time: 0.01 seconds
Extract time: 0.01 seconds
0.0
Embed time: 0.04 seconds
Extract time: 0.01 seconds
0.015625
Embed time: 0.01 seconds
Extract time: 0.04 seconds
0.0
Embed time: 0.03 seconds
Extract time: 0.01 seconds
0.0
Embed time: 0.01 seconds
Extract time: 0.05 seconds
0.0
Embed time: 0.04 seconds
Extract time: 0.01 seconds
0.09375
Embed time: 0.01 seconds
Extract time: 0.01 seconds
0.046875
Embed time: 0.01 seconds
Extract time: 0.01 seconds
0.0
Embed time: 0.02 seconds
Extract time: 0.01 seconds
0.0
Embed time: 0.02 seconds
Extract time: 0.01 seconds
0.0
Embed time: 0.02 seconds
Extract time: 0.01 seconds
0.109375
Embed time: 0.04 seconds
Extract time: 0.01 seconds
0.03125
Embed time: 0.02 seconds
Extract time: 0.01 seconds
0.0
Embed time: 0.05 seconds
Extract time: 0.01 seconds
0.0
Embed time: 0.02 seconds
Extract time: 0.01 seconds
0.0
Embed time: 0.04 seconds
Extract time: 0.01 seconds
0.03125
Embed time: 0.02 seconds
Extract time: 0.01 seconds
0.0
Embed time: 0.03 seconds
Extract time: 0.01 seconds
0.015625
Embed time: 0.02 seconds
Extract time: 0.02 seconds
0.0
Embed time: 0.02 seconds
Extract time: 0.01 seconds
0.0
Embed time: 0.02 seconds
Extract time: 0.01 seconds
0.0
Embed time: 0.05 seconds
Extract time: 0.01 seconds
0.0
Embed time: 0.02 seconds
Extract time: 0.01 seconds
0.0
Embed time: 0.02 seconds
Extract time: 0.01 seconds
0.0
Embed time: 0.02 seconds
Extract time: 0.01 seconds
0.015625
Embed time: 0.05 seconds
Extract time: 0.01 seconds
0.0
Embed time: 0.01 seconds
Extract time: 0.03 seconds
0.0
Embed time: 0.02 seconds
Extract time: 0.01 seconds
0.0
Embed time: 0.01 seconds
Extract time: 0.01 seconds
0.0
Embed time: 0.05 seconds
Extract time: 0.01 seconds
0.0625
Embed time: 0.01 seconds
Extract time: 0.01 seconds
0.0
Embed time: 0.03 seconds
Extract time: 0.01 seconds
0.0
Embed time: 0.01 seconds
Extract time: 0.01 seconds
0.0
Embed time: 0.05 seconds
Extract time: 0.02 seconds
0.0
Embed time: 0.01 seconds
Extract time: 0.01 seconds
0.0
Embed time: 0.05 seconds
Extract time: 0.01 seconds
0.0
Embed time: 0.01 seconds
Extract time: 0.01 seconds
0.03125
Embed time: 0.01 seconds
Extract time: 0.01 seconds
0.0
Embed time: 0.01 seconds
Extract time: 0.01 seconds
0.0
Embed time: 0.04 seconds
Extract time: 0.02 seconds
0.0
Embed time: 0.02 seconds
Extract time: 0.01 seconds
0.0
Embed time: 0.04 seconds
Extract time: 0.01 seconds
0.0
Embed time: 0.01 seconds
Extract time: 0.01 seconds
0.0
Embed time: 0.05 seconds
Extract time: 0.01 seconds
0.0
Embed time: 0.01 seconds
Extract time: 0.01 seconds
0.0
Embed time: 0.05 seconds
Extract time: 0.01 seconds
0.0
Embed time: 0.01 seconds
Extract time: 0.01 seconds
0.015625
Embed time: 0.04 seconds
Extract time: 0.01 seconds
0.046875
Embed time: 0.01 seconds
Extract time: 0.01 seconds
0.0
Embed time: 0.03 seconds
Extract time: 0.01 seconds
0.03125
Embed time: 0.01 seconds
Extract time: 0.01 seconds
0.0
Embed time: 0.04 seconds
Extract time: 0.01 seconds
0.015625
Embed time: 0.01 seconds
Extract time: 0.01 seconds
0.0
Embed time: 0.05 seconds
Extract time: 0.01 seconds
0.0
Embed time: 0.01 seconds
Extract time: 0.01 seconds
0.0
Embed time: 0.05 seconds
Extract time: 0.01 seconds
0.0
25-06-23 16:14:38.505 - INFO: # Validation # PSNR_Stego: 3.9746e+01, Bit_acc:  7.0313e-03
2025-06-23 16:14:38,505 - INFO - # Validation # PSNR_Stego: 3.9746e+01, Bit_acc:  7.0313e-03
25-06-23 16:14:38.506 - INFO: <epoch:  2, iter:  36,500> PSNR_Stego: 3.9746e+01, Bit_acc:  7.0313e-03
2025-06-23 16:14:38,506 - INFO - <epoch:  2, iter:  36,500> PSNR_Stego: 3.9746e+01, Bit_acc:  7.0313e-03
25-06-23 16:15:01.002 - INFO: <epoch:  2, iter:  36,600, lr:5.000e-05> l_forw_fit: 2.7603e+00 l_msg: 1.1779e-02 
2025-06-23 16:15:01,002 - INFO - <epoch:  2, iter:  36,600, lr:5.000e-05> l_forw_fit: 2.7603e+00 l_msg: 1.1779e-02 
25-06-23 16:15:23.509 - INFO: <epoch:  2, iter:  36,700, lr:5.000e-05> l_forw_fit: 2.6880e+00 l_msg: 3.6335e-03 
2025-06-23 16:15:23,509 - INFO - <epoch:  2, iter:  36,700, lr:5.000e-05> l_forw_fit: 2.6880e+00 l_msg: 3.6335e-03 
25-06-23 16:15:45.291 - INFO: <epoch:  2, iter:  36,800, lr:5.000e-05> l_forw_fit: 2.9373e+00 l_msg: 1.5152e-02 
2025-06-23 16:15:45,291 - INFO - <epoch:  2, iter:  36,800, lr:5.000e-05> l_forw_fit: 2.9373e+00 l_msg: 1.5152e-02 
25-06-23 16:16:07.798 - INFO: <epoch:  2, iter:  36,900, lr:5.000e-05> l_forw_fit: 2.6210e+00 l_msg: 0.0000e+00 
2025-06-23 16:16:07,798 - INFO - <epoch:  2, iter:  36,900, lr:5.000e-05> l_forw_fit: 2.6210e+00 l_msg: 0.0000e+00 
25-06-23 16:16:30.467 - INFO: <epoch:  2, iter:  37,000, lr:5.000e-05> l_forw_fit: 2.7584e+00 l_msg: 4.1981e-02 
2025-06-23 16:16:30,467 - INFO - <epoch:  2, iter:  37,000, lr:5.000e-05> l_forw_fit: 2.7584e+00 l_msg: 4.1981e-02 
Embed time: 0.03 seconds
Extract time: 0.01 seconds
0.0
Embed time: 0.02 seconds
Extract time: 0.01 seconds
0.0
Embed time: 0.03 seconds
Extract time: 0.01 seconds
0.0
Embed time: 0.02 seconds
Extract time: 0.01 seconds
0.0
Embed time: 0.05 seconds
Extract time: 0.01 seconds
0.015625
Embed time: 0.02 seconds
Extract time: 0.01 seconds
0.0625
Embed time: 0.04 seconds
Extract time: 0.01 seconds
0.0
Embed time: 0.02 seconds
Extract time: 0.01 seconds
0.0
Embed time: 0.02 seconds
Extract time: 0.01 seconds
0.0
Embed time: 0.02 seconds
Extract time: 0.01 seconds
0.0
Embed time: 0.02 seconds
Extract time: 0.01 seconds
0.0
Embed time: 0.02 seconds
Extract time: 0.01 seconds
0.0
Embed time: 0.04 seconds
Extract time: 0.01 seconds
0.0
Embed time: 0.01 seconds
Extract time: 0.01 seconds
0.0
Embed time: 0.04 seconds
Extract time: 0.01 seconds
0.0
Embed time: 0.02 seconds
Extract time: 0.01 seconds
0.015625
Embed time: 0.01 seconds
Extract time: 0.01 seconds
0.0
Embed time: 0.05 seconds
Extract time: 0.01 seconds
0.0
Embed time: 0.01 seconds
Extract time: 0.01 seconds
0.0
Embed time: 0.03 seconds
Extract time: 0.02 seconds
0.0
Embed time: 0.01 seconds
Extract time: 0.01 seconds
0.015625
Embed time: 0.04 seconds
Extract time: 0.01 seconds
0.109375
Embed time: 0.01 seconds
Extract time: 0.01 seconds
0.0
Embed time: 0.04 seconds
Extract time: 0.01 seconds
0.03125
Embed time: 0.02 seconds
Extract time: 0.01 seconds
0.0
Embed time: 0.06 seconds
Extract time: 0.01 seconds
0.0
Embed time: 0.01 seconds
Extract time: 0.01 seconds
0.0
Embed time: 0.05 seconds
Extract time: 0.01 seconds
0.03125
Embed time: 0.02 seconds
Extract time: 0.01 seconds
0.0
Embed time: 0.01 seconds
Extract time: 0.01 seconds
0.0
Embed time: 0.01 seconds
Extract time: 0.01 seconds
0.0
Embed time: 0.04 seconds
Extract time: 0.01 seconds
0.015625
Embed time: 0.02 seconds
Extract time: 0.02 seconds
0.0
Embed time: 0.04 seconds
Extract time: 0.01 seconds
0.015625
Embed time: 0.01 seconds
Extract time: 0.01 seconds
0.0
Embed time: 0.05 seconds
Extract time: 0.01 seconds
0.0
Embed time: 0.01 seconds
Extract time: 0.01 seconds
0.0
Embed time: 0.03 seconds
Extract time: 0.01 seconds
0.0
Embed time: 0.01 seconds
Extract time: 0.01 seconds
0.0
Embed time: 0.04 seconds
Extract time: 0.01 seconds
0.03125
Embed time: 0.01 seconds
Extract time: 0.01 seconds
0.0
Embed time: 0.05 seconds
Extract time: 0.01 seconds
0.0
Embed time: 0.01 seconds
Extract time: 0.01 seconds
0.015625
Embed time: 0.05 seconds
Extract time: 0.01 seconds
0.0
Embed time: 0.01 seconds
Extract time: 0.01 seconds
0.0
Embed time: 0.02 seconds
Extract time: 0.01 seconds
0.0
Embed time: 0.01 seconds
Extract time: 0.01 seconds
0.0
Embed time: 0.05 seconds
Extract time: 0.01 seconds
0.0
Embed time: 0.04 seconds
Extract time: 0.01 seconds
0.0
Embed time: 0.05 seconds
Extract time: 0.01 seconds
0.078125
Embed time: 0.01 seconds
Extract time: 0.01 seconds
0.0
Embed time: 0.01 seconds
Extract time: 0.03 seconds
0.0
Embed time: 0.03 seconds
Extract time: 0.01 seconds
0.0
Embed time: 0.05 seconds
Extract time: 0.01 seconds
0.0
Embed time: 0.01 seconds
Extract time: 0.01 seconds
0.0
Embed time: 0.02 seconds
Extract time: 0.01 seconds
0.015625
Embed time: 0.04 seconds
Extract time: 0.01 seconds
0.0
Embed time: 0.02 seconds
Extract time: 0.01 seconds
0.0
Embed time: 0.02 seconds
Extract time: 0.01 seconds
0.0
Embed time: 0.02 seconds
Extract time: 0.01 seconds
0.0
Embed time: 0.02 seconds
Extract time: 0.01 seconds
0.0
Embed time: 0.02 seconds
Extract time: 0.04 seconds
0.0
Embed time: 0.04 seconds
Extract time: 0.01 seconds
0.015625
Embed time: 0.02 seconds
Extract time: 0.01 seconds
0.015625
Embed time: 0.04 seconds
Extract time: 0.01 seconds
0.015625
Embed time: 0.02 seconds
Extract time: 0.03 seconds
0.0
Embed time: 0.03 seconds
Extract time: 0.01 seconds
0.0
Embed time: 0.02 seconds
Extract time: 0.01 seconds
0.0
Embed time: 0.05 seconds
Extract time: 0.01 seconds
0.0
Embed time: 0.02 seconds
Extract time: 0.01 seconds
0.0
Embed time: 0.05 seconds
Extract time: 0.01 seconds
0.0
Embed time: 0.02 seconds
Extract time: 0.01 seconds
0.0
Embed time: 0.04 seconds
Extract time: 0.01 seconds
0.0
Embed time: 0.02 seconds
Extract time: 0.01 seconds
0.0
Embed time: 0.04 seconds
Extract time: 0.01 seconds
0.0
Embed time: 0.02 seconds
Extract time: 0.01 seconds
0.0
Embed time: 0.06 seconds
Extract time: 0.01 seconds
0.0
Embed time: 0.02 seconds
Extract time: 0.01 seconds
0.0
Embed time: 0.06 seconds
Extract time: 0.01 seconds
0.0
Embed time: 0.02 seconds
Extract time: 0.01 seconds
0.0
Embed time: 0.04 seconds
Extract time: 0.01 seconds
0.03125
Embed time: 0.02 seconds
Extract time: 0.01 seconds
0.0
Embed time: 0.04 seconds
Extract time: 0.01 seconds
0.046875
Embed time: 0.02 seconds
Extract time: 0.01 seconds
0.0
Embed time: 0.04 seconds
Extract time: 0.01 seconds
0.0
Embed time: 0.02 seconds
Extract time: 0.01 seconds
0.015625
Embed time: 0.04 seconds
Extract time: 0.01 seconds
0.0
Embed time: 0.02 seconds
Extract time: 0.03 seconds
0.015625
Embed time: 0.03 seconds
Extract time: 0.01 seconds
0.0
Embed time: 0.02 seconds
Extract time: 0.01 seconds
0.0
Embed time: 0.05 seconds
Extract time: 0.01 seconds
0.0
Embed time: 0.02 seconds
Extract time: 0.01 seconds
0.03125
Embed time: 0.04 seconds
Extract time: 0.01 seconds
0.0
Embed time: 0.02 seconds
Extract time: 0.01 seconds
0.0
Embed time: 0.05 seconds
Extract time: 0.01 seconds
0.0
Embed time: 0.02 seconds
Extract time: 0.01 seconds
0.0
Embed time: 0.05 seconds
Extract time: 0.01 seconds
0.0
Embed time: 0.02 seconds
Extract time: 0.01 seconds
0.0
Embed time: 0.04 seconds
Extract time: 0.01 seconds
0.0
Embed time: 0.02 seconds
Extract time: 0.01 seconds
0.015625
25-06-23 16:16:45.821 - INFO: # Validation # PSNR_Stego: 4.0094e+01, Bit_acc:  6.5625e-03
2025-06-23 16:16:45,821 - INFO - # Validation # PSNR_Stego: 4.0094e+01, Bit_acc:  6.5625e-03
25-06-23 16:16:45.821 - INFO: <epoch:  2, iter:  37,000> PSNR_Stego: 4.0094e+01, Bit_acc:  6.5625e-03
2025-06-23 16:16:45,821 - INFO - <epoch:  2, iter:  37,000> PSNR_Stego: 4.0094e+01, Bit_acc:  6.5625e-03
25-06-23 16:16:45.821 - INFO: Saving models and training states.
2025-06-23 16:16:45,821 - INFO - Saving models and training states.
Checkpoint save path: /workspace/EditGuard-V1/experiments/train_ibsn_bit_64/models/37000_G.pth

===== Checkpoint State Path: /workspace/EditGuard-V1/experiments/train_ibsn_bit_64/training_state/37000.state =====

25-06-23 16:17:08.586 - INFO: <epoch:  2, iter:  37,100, lr:5.000e-05> l_forw_fit: 2.7635e+00 l_msg: 2.0328e-02 
2025-06-23 16:17:08,586 - INFO - <epoch:  2, iter:  37,100, lr:5.000e-05> l_forw_fit: 2.7635e+00 l_msg: 2.0328e-02 
25-06-23 16:17:31.088 - INFO: <epoch:  2, iter:  37,200, lr:5.000e-05> l_forw_fit: 2.8651e+00 l_msg: 5.6249e-02 
2025-06-23 16:17:31,088 - INFO - <epoch:  2, iter:  37,200, lr:5.000e-05> l_forw_fit: 2.8651e+00 l_msg: 5.6249e-02 
25-06-23 16:17:53.645 - INFO: <epoch:  2, iter:  37,300, lr:5.000e-05> l_forw_fit: 2.7678e+00 l_msg: 4.0854e-04 
2025-06-23 16:17:53,645 - INFO - <epoch:  2, iter:  37,300, lr:5.000e-05> l_forw_fit: 2.7678e+00 l_msg: 4.0854e-04 
25-06-23 16:18:15.492 - INFO: <epoch:  2, iter:  37,400, lr:5.000e-05> l_forw_fit: 2.2503e+00 l_msg: 3.1641e-02 
2025-06-23 16:18:15,492 - INFO - <epoch:  2, iter:  37,400, lr:5.000e-05> l_forw_fit: 2.2503e+00 l_msg: 3.1641e-02 
25-06-23 16:18:37.627 - INFO: <epoch:  2, iter:  37,500, lr:5.000e-05> l_forw_fit: 2.3891e+00 l_msg: 4.7712e-02 
2025-06-23 16:18:37,627 - INFO - <epoch:  2, iter:  37,500, lr:5.000e-05> l_forw_fit: 2.3891e+00 l_msg: 4.7712e-02 
Embed time: 0.03 seconds
Extract time: 0.01 seconds
0.0
Embed time: 0.02 seconds
Extract time: 0.01 seconds
0.0
Embed time: 0.05 seconds
Extract time: 0.01 seconds
0.0
Embed time: 0.02 seconds
Extract time: 0.01 seconds
0.0
Embed time: 0.02 seconds
Extract time: 0.01 seconds
0.0
Embed time: 0.02 seconds
Extract time: 0.01 seconds
0.0
Embed time: 0.05 seconds
Extract time: 0.01 seconds
0.0
Embed time: 0.02 seconds
Extract time: 0.01 seconds
0.0
Embed time: 0.05 seconds
Extract time: 0.01 seconds
0.0
Embed time: 0.02 seconds
Extract time: 0.01 seconds
0.0
Embed time: 0.06 seconds
Extract time: 0.01 seconds
0.0
Embed time: 0.02 seconds
Extract time: 0.01 seconds
0.0
Embed time: 0.05 seconds
Extract time: 0.01 seconds
0.0
Embed time: 0.02 seconds
Extract time: 0.01 seconds
0.0
Embed time: 0.04 seconds
Extract time: 0.01 seconds
0.015625
Embed time: 0.02 seconds
Extract time: 0.01 seconds
0.0
Embed time: 0.05 seconds
Extract time: 0.01 seconds
0.0
Embed time: 0.02 seconds
Extract time: 0.02 seconds
0.03125
Embed time: 0.03 seconds
Extract time: 0.01 seconds
0.0
Embed time: 0.02 seconds
Extract time: 0.01 seconds
0.0
Embed time: 0.05 seconds
Extract time: 0.01 seconds
0.0
Embed time: 0.02 seconds
Extract time: 0.01 seconds
0.125
Embed time: 0.05 seconds
Extract time: 0.01 seconds
0.0
Embed time: 0.02 seconds
Extract time: 0.01 seconds
0.0
Embed time: 0.05 seconds
Extract time: 0.01 seconds
0.0
Embed time: 0.02 seconds
Extract time: 0.01 seconds
0.0
Embed time: 0.05 seconds
Extract time: 0.01 seconds
0.0
Embed time: 0.02 seconds
Extract time: 0.01 seconds
0.0
Embed time: 0.05 seconds
Extract time: 0.01 seconds
0.0
Embed time: 0.02 seconds
Extract time: 0.01 seconds
0.0
Embed time: 0.05 seconds
Extract time: 0.01 seconds
0.109375
Embed time: 0.02 seconds
Extract time: 0.01 seconds
0.03125
Embed time: 0.03 seconds
Extract time: 0.01 seconds
0.0
Embed time: 0.01 seconds
Extract time: 0.01 seconds
0.0
Embed time: 0.01 seconds
Extract time: 0.01 seconds
0.015625
Embed time: 0.01 seconds
Extract time: 0.01 seconds
0.0
Embed time: 0.01 seconds
Extract time: 0.01 seconds
0.0
Embed time: 0.02 seconds
Extract time: 0.01 seconds
0.0
Embed time: 0.03 seconds
Extract time: 0.01 seconds
0.0
Embed time: 0.01 seconds
Extract time: 0.01 seconds
0.015625
Embed time: 0.03 seconds
Extract time: 0.01 seconds
0.0
Embed time: 0.02 seconds
Extract time: 0.01 seconds
0.0
Embed time: 0.01 seconds
Extract time: 0.01 seconds
0.015625
Embed time: 0.01 seconds
Extract time: 0.01 seconds
0.015625
Embed time: 0.02 seconds
Extract time: 0.01 seconds
0.0
Embed time: 0.01 seconds
Extract time: 0.01 seconds
0.0
Embed time: 0.04 seconds
Extract time: 0.01 seconds
0.0
Embed time: 0.01 seconds
Extract time: 0.05 seconds
0.0
Embed time: 0.04 seconds
Extract time: 0.01 seconds
0.0
Embed time: 0.02 seconds
Extract time: 0.01 seconds
0.0625
Embed time: 0.01 seconds
Extract time: 0.01 seconds
0.0
Embed time: 0.01 seconds
Extract time: 0.01 seconds
0.015625
Embed time: 0.01 seconds
Extract time: 0.01 seconds
0.0
Embed time: 0.01 seconds
Extract time: 0.01 seconds
0.0
Embed time: 0.05 seconds
Extract time: 0.01 seconds
0.15625
Embed time: 0.02 seconds
Extract time: 0.03 seconds
0.0
Embed time: 0.03 seconds
Extract time: 0.01 seconds
0.09375
Embed time: 0.02 seconds
Extract time: 0.01 seconds
0.0
Embed time: 0.02 seconds
Extract time: 0.01 seconds
0.0
Embed time: 0.02 seconds
Extract time: 0.01 seconds
0.015625
Embed time: 0.02 seconds
Extract time: 0.01 seconds
0.0
Embed time: 0.02 seconds
Extract time: 0.01 seconds
0.0
Embed time: 0.02 seconds
Extract time: 0.01 seconds
0.03125
Embed time: 0.05 seconds
Extract time: 0.01 seconds
0.015625
Embed time: 0.02 seconds
Extract time: 0.01 seconds
0.03125
Embed time: 0.05 seconds
Extract time: 0.01 seconds
0.03125
Embed time: 0.02 seconds
Extract time: 0.01 seconds
0.0
Embed time: 0.04 seconds
Extract time: 0.01 seconds
0.0
Embed time: 0.02 seconds
Extract time: 0.01 seconds
0.0
Embed time: 0.05 seconds
Extract time: 0.01 seconds
0.0
Embed time: 0.02 seconds
Extract time: 0.01 seconds
0.0
Embed time: 0.04 seconds
Extract time: 0.01 seconds
0.0
Embed time: 0.01 seconds
Extract time: 0.01 seconds
0.0
Embed time: 0.05 seconds
Extract time: 0.01 seconds
0.0
Embed time: 0.02 seconds
Extract time: 0.01 seconds
0.0
Embed time: 0.05 seconds
Extract time: 0.01 seconds
0.0
Embed time: 0.01 seconds
Extract time: 0.01 seconds
0.0
Embed time: 0.04 seconds
Extract time: 0.01 seconds
0.0
Embed time: 0.02 seconds
Extract time: 0.01 seconds
0.0
Embed time: 0.01 seconds
Extract time: 0.01 seconds
0.0
Embed time: 0.01 seconds
Extract time: 0.01 seconds
0.0
Embed time: 0.02 seconds
Extract time: 0.04 seconds
0.0
Embed time: 0.01 seconds
Extract time: 0.01 seconds
0.015625
Embed time: 0.01 seconds
Extract time: 0.01 seconds
0.015625
Embed time: 0.02 seconds
Extract time: 0.01 seconds
0.0
Embed time: 0.02 seconds
Extract time: 0.01 seconds
0.09375
Embed time: 0.02 seconds
Extract time: 0.01 seconds
0.0
Embed time: 0.02 seconds
Extract time: 0.01 seconds
0.03125
Embed time: 0.03 seconds
Extract time: 0.01 seconds
0.0
Embed time: 0.02 seconds
Extract time: 0.01 seconds
0.0
Embed time: 0.02 seconds
Extract time: 0.01 seconds
0.046875
Embed time: 0.02 seconds
Extract time: 0.01 seconds
0.0
Embed time: 0.04 seconds
Extract time: 0.01 seconds
0.0
Embed time: 0.02 seconds
Extract time: 0.01 seconds
0.015625
Embed time: 0.02 seconds
Extract time: 0.01 seconds
0.0
Embed time: 0.02 seconds
Extract time: 0.01 seconds
0.0
Embed time: 0.02 seconds
Extract time: 0.05 seconds
0.0
Embed time: 0.02 seconds
Extract time: 0.01 seconds
0.0
Embed time: 0.02 seconds
Extract time: 0.05 seconds
0.0
Embed time: 0.04 seconds
Extract time: 0.01 seconds
0.046875
25-06-23 16:18:52.919 - INFO: # Validation # PSNR_Stego: 3.9418e+01, Bit_acc:  1.0937e-02
2025-06-23 16:18:52,919 - INFO - # Validation # PSNR_Stego: 3.9418e+01, Bit_acc:  1.0937e-02
25-06-23 16:18:52.920 - INFO: <epoch:  2, iter:  37,500> PSNR_Stego: 3.9418e+01, Bit_acc:  1.0937e-02
2025-06-23 16:18:52,920 - INFO - <epoch:  2, iter:  37,500> PSNR_Stego: 3.9418e+01, Bit_acc:  1.0937e-02
========== Epoch: 3 ==========
25-06-23 16:19:22.717 - INFO: <epoch:  3, iter:  37,600, lr:5.000e-05> l_forw_fit: 2.7053e+00 l_msg: 8.7825e-04 
2025-06-23 16:19:22,717 - INFO - <epoch:  3, iter:  37,600, lr:5.000e-05> l_forw_fit: 2.7053e+00 l_msg: 8.7825e-04 
25-06-23 16:19:45.325 - INFO: <epoch:  3, iter:  37,700, lr:5.000e-05> l_forw_fit: 2.2522e+00 l_msg: 1.1441e-02 
2025-06-23 16:19:45,325 - INFO - <epoch:  3, iter:  37,700, lr:5.000e-05> l_forw_fit: 2.2522e+00 l_msg: 1.1441e-02 
25-06-23 16:20:07.288 - INFO: <epoch:  3, iter:  37,800, lr:5.000e-05> l_forw_fit: 2.2317e+00 l_msg: 5.7276e-03 
2025-06-23 16:20:07,288 - INFO - <epoch:  3, iter:  37,800, lr:5.000e-05> l_forw_fit: 2.2317e+00 l_msg: 5.7276e-03 
25-06-23 16:20:29.179 - INFO: <epoch:  3, iter:  37,900, lr:5.000e-05> l_forw_fit: 3.1199e+00 l_msg: 3.8057e-02 
2025-06-23 16:20:29,179 - INFO - <epoch:  3, iter:  37,900, lr:5.000e-05> l_forw_fit: 3.1199e+00 l_msg: 3.8057e-02 
25-06-23 16:20:51.296 - INFO: <epoch:  3, iter:  38,000, lr:5.000e-05> l_forw_fit: 2.4966e+00 l_msg: 3.1625e-02 
2025-06-23 16:20:51,296 - INFO - <epoch:  3, iter:  38,000, lr:5.000e-05> l_forw_fit: 2.4966e+00 l_msg: 3.1625e-02 
Embed time: 0.04 seconds
Extract time: 0.01 seconds
0.0
Embed time: 0.02 seconds
Extract time: 0.01 seconds
0.0
Embed time: 0.02 seconds
Extract time: 0.01 seconds
0.0
Embed time: 0.03 seconds
Extract time: 0.01 seconds
0.0
Embed time: 0.02 seconds
Extract time: 0.01 seconds
0.015625
Embed time: 0.02 seconds
Extract time: 0.01 seconds
0.0
Embed time: 0.02 seconds
Extract time: 0.01 seconds
0.015625
Embed time: 0.05 seconds
Extract time: 0.01 seconds
0.0
Embed time: 0.02 seconds
Extract time: 0.01 seconds
0.015625
Embed time: 0.05 seconds
Extract time: 0.01 seconds
0.0
Embed time: 0.02 seconds
Extract time: 0.01 seconds
0.03125
Embed time: 0.05 seconds
Extract time: 0.01 seconds
0.015625
Embed time: 0.02 seconds
Extract time: 0.01 seconds
0.03125
Embed time: 0.04 seconds
Extract time: 0.01 seconds
0.0
Embed time: 0.02 seconds
Extract time: 0.01 seconds
0.0
Embed time: 0.01 seconds
Extract time: 0.05 seconds
0.0
Embed time: 0.01 seconds
Extract time: 0.03 seconds
0.0
Embed time: 0.01 seconds
Extract time: 0.01 seconds
0.015625
Embed time: 0.04 seconds
Extract time: 0.01 seconds
0.0
Embed time: 0.01 seconds
Extract time: 0.01 seconds
0.0
Embed time: 0.05 seconds
Extract time: 0.01 seconds
0.0
Embed time: 0.01 seconds
Extract time: 0.01 seconds
0.03125
Embed time: 0.01 seconds
Extract time: 0.01 seconds
0.0
Embed time: 0.01 seconds
Extract time: 0.01 seconds
0.0
Embed time: 0.01 seconds
Extract time: 0.01 seconds
0.015625
Embed time: 0.01 seconds
Extract time: 0.01 seconds
0.0
Embed time: 0.01 seconds
Extract time: 0.01 seconds
0.0
Embed time: 0.04 seconds
Extract time: 0.01 seconds
0.0
Embed time: 0.01 seconds
Extract time: 0.01 seconds
0.03125
Embed time: 0.04 seconds
Extract time: 0.01 seconds
0.0
Embed time: 0.02 seconds
Extract time: 0.01 seconds
0.0
Embed time: 0.04 seconds
Extract time: 0.01 seconds
0.0
Embed time: 0.01 seconds
Extract time: 0.01 seconds
0.015625
Embed time: 0.01 seconds
Extract time: 0.01 seconds
0.0
Embed time: 0.05 seconds
Extract time: 0.01 seconds
0.0
Embed time: 0.01 seconds
Extract time: 0.01 seconds
0.0
Embed time: 0.04 seconds
Extract time: 0.01 seconds
0.0
Embed time: 0.01 seconds
Extract time: 0.01 seconds
0.0
Embed time: 0.04 seconds
Extract time: 0.01 seconds
0.0
Embed time: 0.01 seconds
Extract time: 0.01 seconds
0.0
Embed time: 0.02 seconds
Extract time: 0.01 seconds
0.0
Embed time: 0.01 seconds
Extract time: 0.01 seconds
0.03125
Embed time: 0.01 seconds
Extract time: 0.01 seconds
0.0
Embed time: 0.01 seconds
Extract time: 0.01 seconds
0.0
Embed time: 0.03 seconds
Extract time: 0.02 seconds
0.015625
Embed time: 0.01 seconds
Extract time: 0.01 seconds
0.0
Embed time: 0.01 seconds
Extract time: 0.01 seconds
0.0
Embed time: 0.01 seconds
Extract time: 0.05 seconds
0.0
Embed time: 0.03 seconds
Extract time: 0.01 seconds
0.0
Embed time: 0.01 seconds
Extract time: 0.01 seconds
0.0
Embed time: 0.03 seconds
Extract time: 0.01 seconds
0.015625
Embed time: 0.01 seconds
Extract time: 0.01 seconds
0.0
Embed time: 0.05 seconds
Extract time: 0.01 seconds
0.0
Embed time: 0.01 seconds
Extract time: 0.01 seconds
0.0
Embed time: 0.05 seconds
Extract time: 0.01 seconds
0.15625
Embed time: 0.01 seconds
Extract time: 0.01 seconds
0.0
Embed time: 0.05 seconds
Extract time: 0.01 seconds
0.0
Embed time: 0.01 seconds
Extract time: 0.01 seconds
0.0
Embed time: 0.04 seconds
Extract time: 0.01 seconds
0.0
Embed time: 0.01 seconds
Extract time: 0.01 seconds
0.015625
Embed time: 0.05 seconds
Extract time: 0.01 seconds
0.0
Embed time: 0.01 seconds
Extract time: 0.01 seconds
0.0
Embed time: 0.05 seconds
Extract time: 0.01 seconds
0.0
Embed time: 0.01 seconds
Extract time: 0.01 seconds
0.0
Embed time: 0.05 seconds
Extract time: 0.01 seconds
0.0
Embed time: 0.01 seconds
Extract time: 0.01 seconds
0.03125
Embed time: 0.04 seconds
Extract time: 0.01 seconds
0.0
Embed time: 0.01 seconds
Extract time: 0.02 seconds
0.0
Embed time: 0.05 seconds
Extract time: 0.01 seconds
0.0
Embed time: 0.01 seconds
Extract time: 0.01 seconds
0.0
Embed time: 0.05 seconds
Extract time: 0.01 seconds
0.0
Embed time: 0.01 seconds
Extract time: 0.01 seconds
0.015625
Embed time: 0.05 seconds
Extract time: 0.01 seconds
0.015625
Embed time: 0.01 seconds
Extract time: 0.04 seconds
0.0
Embed time: 0.03 seconds
Extract time: 0.01 seconds
0.0
Embed time: 0.01 seconds
Extract time: 0.01 seconds
0.0
Embed time: 0.05 seconds
Extract time: 0.01 seconds
0.0
Embed time: 0.01 seconds
Extract time: 0.01 seconds
0.0
Embed time: 0.04 seconds
Extract time: 0.01 seconds
0.0
Embed time: 0.02 seconds
Extract time: 0.01 seconds
0.0
Embed time: 0.05 seconds
Extract time: 0.01 seconds
0.0
Embed time: 0.02 seconds
Extract time: 0.01 seconds
0.0
Embed time: 0.05 seconds
Extract time: 0.01 seconds
0.0
Embed time: 0.02 seconds
Extract time: 0.01 seconds
0.03125
Embed time: 0.05 seconds
Extract time: 0.01 seconds
0.0
Embed time: 0.02 seconds
Extract time: 0.01 seconds
0.0
Embed time: 0.05 seconds
Extract time: 0.01 seconds
0.0
Embed time: 0.02 seconds
Extract time: 0.01 seconds
0.015625
Embed time: 0.05 seconds
Extract time: 0.01 seconds
0.015625
Embed time: 0.02 seconds
Extract time: 0.01 seconds
0.03125
Embed time: 0.03 seconds
Extract time: 0.01 seconds
0.0
Embed time: 0.02 seconds
Extract time: 0.03 seconds
0.0
Embed time: 0.03 seconds
Extract time: 0.01 seconds
0.0
Embed time: 0.02 seconds
Extract time: 0.01 seconds
0.0
Embed time: 0.05 seconds
Extract time: 0.01 seconds
0.015625
Embed time: 0.02 seconds
Extract time: 0.01 seconds
0.0
Embed time: 0.04 seconds
Extract time: 0.01 seconds
0.0
Embed time: 0.02 seconds
Extract time: 0.01 seconds
0.015625
Embed time: 0.02 seconds
Extract time: 0.01 seconds
0.0
Embed time: 0.04 seconds
Extract time: 0.01 seconds
0.0
25-06-23 16:21:06.502 - INFO: # Validation # PSNR_Stego: 4.0535e+01, Bit_acc:  6.5625e-03
2025-06-23 16:21:06,502 - INFO - # Validation # PSNR_Stego: 4.0535e+01, Bit_acc:  6.5625e-03
25-06-23 16:21:06.503 - INFO: <epoch:  3, iter:  38,000> PSNR_Stego: 4.0535e+01, Bit_acc:  6.5625e-03
2025-06-23 16:21:06,503 - INFO - <epoch:  3, iter:  38,000> PSNR_Stego: 4.0535e+01, Bit_acc:  6.5625e-03
25-06-23 16:21:06.503 - INFO: Saving models and training states.
2025-06-23 16:21:06,503 - INFO - Saving models and training states.
Checkpoint save path: /workspace/EditGuard-V1/experiments/train_ibsn_bit_64/models/38000_G.pth

===== Checkpoint State Path: /workspace/EditGuard-V1/experiments/train_ibsn_bit_64/training_state/38000.state =====

25-06-23 16:21:28.841 - INFO: <epoch:  3, iter:  38,100, lr:5.000e-05> l_forw_fit: 2.8921e+00 l_msg: 1.4386e-02 
2025-06-23 16:21:28,841 - INFO - <epoch:  3, iter:  38,100, lr:5.000e-05> l_forw_fit: 2.8921e+00 l_msg: 1.4386e-02 
25-06-23 16:21:51.245 - INFO: <epoch:  3, iter:  38,200, lr:5.000e-05> l_forw_fit: 2.5802e+00 l_msg: 2.8329e-02 
2025-06-23 16:21:51,245 - INFO - <epoch:  3, iter:  38,200, lr:5.000e-05> l_forw_fit: 2.5802e+00 l_msg: 2.8329e-02 
25-06-23 16:22:12.926 - INFO: <epoch:  3, iter:  38,300, lr:5.000e-05> l_forw_fit: 2.8566e+00 l_msg: 3.9062e-03 
2025-06-23 16:22:12,926 - INFO - <epoch:  3, iter:  38,300, lr:5.000e-05> l_forw_fit: 2.8566e+00 l_msg: 3.9062e-03 
25-06-23 16:22:34.686 - INFO: <epoch:  3, iter:  38,400, lr:5.000e-05> l_forw_fit: 2.2346e+00 l_msg: 1.3931e-02 
2025-06-23 16:22:34,686 - INFO - <epoch:  3, iter:  38,400, lr:5.000e-05> l_forw_fit: 2.2346e+00 l_msg: 1.3931e-02 
25-06-23 16:22:56.987 - INFO: <epoch:  3, iter:  38,500, lr:5.000e-05> l_forw_fit: 2.6217e+00 l_msg: 2.6469e-02 
2025-06-23 16:22:56,987 - INFO - <epoch:  3, iter:  38,500, lr:5.000e-05> l_forw_fit: 2.6217e+00 l_msg: 2.6469e-02 
Embed time: 0.03 seconds
Extract time: 0.01 seconds
0.0
Embed time: 0.02 seconds
Extract time: 0.01 seconds
0.015625
Embed time: 0.02 seconds
Extract time: 0.05 seconds
0.0
Embed time: 0.04 seconds
Extract time: 0.01 seconds
0.0
Embed time: 0.02 seconds
Extract time: 0.01 seconds
0.0
Embed time: 0.05 seconds
Extract time: 0.01 seconds
0.0
Embed time: 0.02 seconds
Extract time: 0.01 seconds
0.015625
Embed time: 0.05 seconds
Extract time: 0.01 seconds
0.0
Embed time: 0.02 seconds
Extract time: 0.01 seconds
0.0
Embed time: 0.05 seconds
Extract time: 0.01 seconds
0.0
Embed time: 0.02 seconds
Extract time: 0.01 seconds
0.0
Embed time: 0.02 seconds
Extract time: 0.01 seconds
0.0
Embed time: 0.02 seconds
Extract time: 0.01 seconds
0.015625
Embed time: 0.02 seconds
Extract time: 0.01 seconds
0.0625
Embed time: 0.02 seconds
Extract time: 0.01 seconds
0.0
Embed time: 0.02 seconds
Extract time: 0.01 seconds
0.0
Embed time: 0.02 seconds
Extract time: 0.01 seconds
0.015625
Embed time: 0.02 seconds
Extract time: 0.01 seconds
0.015625
Embed time: 0.02 seconds
Extract time: 0.01 seconds
0.0
Embed time: 0.02 seconds
Extract time: 0.01 seconds
0.0
Embed time: 0.06 seconds
Extract time: 0.01 seconds
0.0
Embed time: 0.02 seconds
Extract time: 0.01 seconds
0.0
Embed time: 0.05 seconds
Extract time: 0.01 seconds
0.0
Embed time: 0.01 seconds
Extract time: 0.01 seconds
0.0
Embed time: 0.02 seconds
Extract time: 0.01 seconds
0.0
Embed time: 0.02 seconds
Extract time: 0.01 seconds
0.0
Embed time: 0.02 seconds
Extract time: 0.01 seconds
0.0
Embed time: 0.05 seconds
Extract time: 0.01 seconds
0.0
Embed time: 0.02 seconds
Extract time: 0.01 seconds
0.0
Embed time: 0.05 seconds
Extract time: 0.01 seconds
0.015625
Embed time: 0.02 seconds
Extract time: 0.01 seconds
0.0625
Embed time: 0.05 seconds
Extract time: 0.01 seconds
0.0
Embed time: 0.02 seconds
Extract time: 0.01 seconds
0.0
Embed time: 0.02 seconds
Extract time: 0.01 seconds
0.0
Embed time: 0.05 seconds
Extract time: 0.01 seconds
0.015625
Embed time: 0.02 seconds
Extract time: 0.01 seconds
0.0
Embed time: 0.06 seconds
Extract time: 0.01 seconds
0.0
Embed time: 0.02 seconds
Extract time: 0.01 seconds
0.0
Embed time: 0.05 seconds
Extract time: 0.01 seconds
0.0
Embed time: 0.02 seconds
Extract time: 0.01 seconds
0.0
Embed time: 0.06 seconds
Extract time: 0.01 seconds
0.015625
Embed time: 0.02 seconds
Extract time: 0.01 seconds
0.0
Embed time: 0.05 seconds
Extract time: 0.01 seconds
0.0625
Embed time: 0.02 seconds
Extract time: 0.01 seconds
0.0
Embed time: 0.05 seconds
Extract time: 0.01 seconds
0.0625
Embed time: 0.02 seconds
Extract time: 0.01 seconds
0.0
Embed time: 0.05 seconds
Extract time: 0.01 seconds
0.0
Embed time: 0.02 seconds
Extract time: 0.01 seconds
0.0
Embed time: 0.05 seconds
Extract time: 0.01 seconds
0.0
Embed time: 0.02 seconds
Extract time: 0.01 seconds
0.078125
Embed time: 0.05 seconds
Extract time: 0.01 seconds
0.015625
Embed time: 0.02 seconds
Extract time: 0.01 seconds
0.015625
Embed time: 0.05 seconds
Extract time: 0.01 seconds
0.0
Embed time: 0.02 seconds
Extract time: 0.01 seconds
0.0
Embed time: 0.05 seconds
Extract time: 0.01 seconds
0.0
Embed time: 0.02 seconds
Extract time: 0.01 seconds
0.0
Embed time: 0.02 seconds
Extract time: 0.01 seconds
0.0
Embed time: 0.02 seconds
Extract time: 0.01 seconds
0.0
Embed time: 0.02 seconds
Extract time: 0.01 seconds
0.0
Embed time: 0.05 seconds
Extract time: 0.01 seconds
0.015625
Embed time: 0.01 seconds
Extract time: 0.01 seconds
0.0
Embed time: 0.05 seconds
Extract time: 0.01 seconds
0.0
Embed time: 0.02 seconds
Extract time: 0.01 seconds
0.0
Embed time: 0.05 seconds
Extract time: 0.01 seconds
0.0
Embed time: 0.02 seconds
Extract time: 0.01 seconds
0.0
Embed time: 0.05 seconds
Extract time: 0.01 seconds
0.0
Embed time: 0.02 seconds
Extract time: 0.01 seconds
0.0
Embed time: 0.05 seconds
Extract time: 0.01 seconds
0.046875
Embed time: 0.02 seconds
Extract time: 0.03 seconds
0.0
Embed time: 0.04 seconds
Extract time: 0.01 seconds
0.0
Embed time: 0.01 seconds
Extract time: 0.01 seconds
0.0
Embed time: 0.06 seconds
Extract time: 0.01 seconds
0.0
Embed time: 0.01 seconds
Extract time: 0.01 seconds
0.0
Embed time: 0.01 seconds
Extract time: 0.01 seconds
0.03125
Embed time: 0.01 seconds
Extract time: 0.01 seconds
0.0
Embed time: 0.01 seconds
Extract time: 0.01 seconds
0.0
Embed time: 0.05 seconds
Extract time: 0.01 seconds
0.0
Embed time: 0.01 seconds
Extract time: 0.01 seconds
0.0
Embed time: 0.03 seconds
Extract time: 0.01 seconds
0.0
Embed time: 0.01 seconds
Extract time: 0.01 seconds
0.0
Embed time: 0.01 seconds
Extract time: 0.01 seconds
0.015625
Embed time: 0.01 seconds
Extract time: 0.01 seconds
0.0
Embed time: 0.01 seconds
Extract time: 0.01 seconds
0.0625
Embed time: 0.02 seconds
Extract time: 0.01 seconds
0.0
Embed time: 0.01 seconds
Extract time: 0.01 seconds
0.0
Embed time: 0.04 seconds
Extract time: 0.01 seconds
0.015625
Embed time: 0.01 seconds
Extract time: 0.01 seconds
0.0
Embed time: 0.01 seconds
Extract time: 0.01 seconds
0.078125
Embed time: 0.01 seconds
Extract time: 0.01 seconds
0.0
Embed time: 0.06 seconds
Extract time: 0.01 seconds
0.0
Embed time: 0.01 seconds
Extract time: 0.01 seconds
0.0
Embed time: 0.04 seconds
Extract time: 0.01 seconds
0.0
Embed time: 0.01 seconds
Extract time: 0.01 seconds
0.0
Embed time: 0.03 seconds
Extract time: 0.01 seconds
0.0
Embed time: 0.01 seconds
Extract time: 0.01 seconds
0.0
Embed time: 0.05 seconds
Extract time: 0.01 seconds
0.0
Embed time: 0.01 seconds
Extract time: 0.01 seconds
0.0
Embed time: 0.05 seconds
Extract time: 0.01 seconds
0.0
Embed time: 0.01 seconds
Extract time: 0.01 seconds
0.0
Embed time: 0.01 seconds
Extract time: 0.01 seconds
0.015625
25-06-23 16:23:11.998 - INFO: # Validation # PSNR_Stego: 3.9499e+01, Bit_acc:  7.6562e-03
2025-06-23 16:23:11,998 - INFO - # Validation # PSNR_Stego: 3.9499e+01, Bit_acc:  7.6562e-03
25-06-23 16:23:11.998 - INFO: <epoch:  3, iter:  38,500> PSNR_Stego: 3.9499e+01, Bit_acc:  7.6562e-03
2025-06-23 16:23:11,998 - INFO - <epoch:  3, iter:  38,500> PSNR_Stego: 3.9499e+01, Bit_acc:  7.6562e-03
25-06-23 16:23:34.341 - INFO: <epoch:  3, iter:  38,600, lr:5.000e-05> l_forw_fit: 2.6056e+00 l_msg: 3.4509e-02 
2025-06-23 16:23:34,341 - INFO - <epoch:  3, iter:  38,600, lr:5.000e-05> l_forw_fit: 2.6056e+00 l_msg: 3.4509e-02 
25-06-23 16:23:56.888 - INFO: <epoch:  3, iter:  38,700, lr:5.000e-05> l_forw_fit: 2.7811e+00 l_msg: 5.2611e-02 
2025-06-23 16:23:56,888 - INFO - <epoch:  3, iter:  38,700, lr:5.000e-05> l_forw_fit: 2.7811e+00 l_msg: 5.2611e-02 
25-06-23 16:24:18.746 - INFO: <epoch:  3, iter:  38,800, lr:5.000e-05> l_forw_fit: 2.6881e+00 l_msg: 4.1229e-03 
2025-06-23 16:24:18,746 - INFO - <epoch:  3, iter:  38,800, lr:5.000e-05> l_forw_fit: 2.6881e+00 l_msg: 4.1229e-03 
25-06-23 16:24:41.212 - INFO: <epoch:  3, iter:  38,900, lr:5.000e-05> l_forw_fit: 2.4068e+00 l_msg: 0.0000e+00 
2025-06-23 16:24:41,212 - INFO - <epoch:  3, iter:  38,900, lr:5.000e-05> l_forw_fit: 2.4068e+00 l_msg: 0.0000e+00 
25-06-23 16:25:03.874 - INFO: <epoch:  3, iter:  39,000, lr:5.000e-05> l_forw_fit: 3.4270e+00 l_msg: 3.9062e-03 
2025-06-23 16:25:03,874 - INFO - <epoch:  3, iter:  39,000, lr:5.000e-05> l_forw_fit: 3.4270e+00 l_msg: 3.9062e-03 
Embed time: 0.03 seconds
Extract time: 0.01 seconds
0.0
Embed time: 0.02 seconds
Extract time: 0.01 seconds
0.0
Embed time: 0.02 seconds
Extract time: 0.02 seconds
0.015625
Embed time: 0.02 seconds
Extract time: 0.01 seconds
0.0
Embed time: 0.02 seconds
Extract time: 0.01 seconds
0.0
Embed time: 0.02 seconds
Extract time: 0.01 seconds
0.015625
Embed time: 0.04 seconds
Extract time: 0.01 seconds
0.015625
Embed time: 0.02 seconds
Extract time: 0.01 seconds
0.0
Embed time: 0.02 seconds
Extract time: 0.05 seconds
0.0
Embed time: 0.02 seconds
Extract time: 0.01 seconds
0.0
Embed time: 0.02 seconds
Extract time: 0.01 seconds
0.0
Embed time: 0.02 seconds
Extract time: 0.01 seconds
0.0
Embed time: 0.05 seconds
Extract time: 0.01 seconds
0.0
Embed time: 0.02 seconds
Extract time: 0.01 seconds
0.03125
Embed time: 0.02 seconds
Extract time: 0.04 seconds
0.0
Embed time: 0.02 seconds
Extract time: 0.01 seconds
0.0
Embed time: 0.02 seconds
Extract time: 0.01 seconds
0.0
Embed time: 0.05 seconds
Extract time: 0.01 seconds
0.03125
Embed time: 0.02 seconds
Extract time: 0.03 seconds
0.0
Embed time: 0.03 seconds
Extract time: 0.01 seconds
0.015625
Embed time: 0.02 seconds
Extract time: 0.01 seconds
0.0
Embed time: 0.02 seconds
Extract time: 0.01 seconds
0.0
Embed time: 0.02 seconds
Extract time: 0.01 seconds
0.0
Embed time: 0.04 seconds
Extract time: 0.01 seconds
0.0
Embed time: 0.02 seconds
Extract time: 0.01 seconds
0.0
Embed time: 0.05 seconds
Extract time: 0.01 seconds
0.0
Embed time: 0.02 seconds
Extract time: 0.01 seconds
0.0
Embed time: 0.05 seconds
Extract time: 0.01 seconds
0.0
Embed time: 0.02 seconds
Extract time: 0.01 seconds
0.015625
Embed time: 0.05 seconds
Extract time: 0.01 seconds
0.0
Embed time: 0.02 seconds
Extract time: 0.01 seconds
0.078125
Embed time: 0.05 seconds
Extract time: 0.01 seconds
0.0
Embed time: 0.02 seconds
Extract time: 0.01 seconds
0.0
Embed time: 0.05 seconds
Extract time: 0.01 seconds
0.0
Embed time: 0.02 seconds
Extract time: 0.01 seconds
0.015625
Embed time: 0.05 seconds
Extract time: 0.01 seconds
0.0
Embed time: 0.02 seconds
Extract time: 0.01 seconds
0.0
Embed time: 0.05 seconds
Extract time: 0.01 seconds
0.0
Embed time: 0.02 seconds
Extract time: 0.01 seconds
0.0
Embed time: 0.05 seconds
Extract time: 0.01 seconds
0.0
Embed time: 0.02 seconds
Extract time: 0.01 seconds
0.015625
Embed time: 0.04 seconds
Extract time: 0.01 seconds
0.0
Embed time: 0.02 seconds
Extract time: 0.02 seconds
0.046875
Embed time: 0.03 seconds
Extract time: 0.01 seconds
0.0
Embed time: 0.02 seconds
Extract time: 0.01 seconds
0.0
Embed time: 0.05 seconds
Extract time: 0.01 seconds
0.0
Embed time: 0.02 seconds
Extract time: 0.01 seconds
0.0
Embed time: 0.05 seconds
Extract time: 0.01 seconds
0.0
Embed time: 0.02 seconds
Extract time: 0.01 seconds
0.0
Embed time: 0.02 seconds
Extract time: 0.01 seconds
0.015625
Embed time: 0.04 seconds
Extract time: 0.01 seconds
0.0
Embed time: 0.02 seconds
Extract time: 0.01 seconds
0.0
Embed time: 0.04 seconds
Extract time: 0.01 seconds
0.0
Embed time: 0.02 seconds
Extract time: 0.01 seconds
0.0
Embed time: 0.03 seconds
Extract time: 0.01 seconds
0.0
Embed time: 0.02 seconds
Extract time: 0.01 seconds
0.0
Embed time: 0.02 seconds
Extract time: 0.01 seconds
0.0
Embed time: 0.02 seconds
Extract time: 0.01 seconds
0.03125
Embed time: 0.02 seconds
Extract time: 0.01 seconds
0.0
Embed time: 0.02 seconds
Extract time: 0.01 seconds
0.0
Embed time: 0.05 seconds
Extract time: 0.01 seconds
0.0
Embed time: 0.02 seconds
Extract time: 0.01 seconds
0.0
Embed time: 0.02 seconds
Extract time: 0.01 seconds
0.0
Embed time: 0.02 seconds
Extract time: 0.01 seconds
0.0
Embed time: 0.04 seconds
Extract time: 0.01 seconds
0.0
Embed time: 0.02 seconds
Extract time: 0.01 seconds
0.0
Embed time: 0.05 seconds
Extract time: 0.01 seconds
0.0
Embed time: 0.02 seconds
Extract time: 0.01 seconds
0.0
Embed time: 0.05 seconds
Extract time: 0.01 seconds
0.015625
Embed time: 0.02 seconds
Extract time: 0.01 seconds
0.0
Embed time: 0.07 seconds
Extract time: 0.01 seconds
0.0
Embed time: 0.02 seconds
Extract time: 0.01 seconds
0.0
Embed time: 0.05 seconds
Extract time: 0.01 seconds
0.015625
Embed time: 0.02 seconds
Extract time: 0.01 seconds
0.0
Embed time: 0.05 seconds
Extract time: 0.01 seconds
0.0
Embed time: 0.02 seconds
Extract time: 0.01 seconds
0.0
Embed time: 0.03 seconds
Extract time: 0.01 seconds
0.0
Embed time: 0.01 seconds
Extract time: 0.01 seconds
0.0
Embed time: 0.05 seconds
Extract time: 0.01 seconds
0.0
Embed time: 0.01 seconds
Extract time: 0.01 seconds
0.0
Embed time: 0.04 seconds
Extract time: 0.01 seconds
0.0
Embed time: 0.01 seconds
Extract time: 0.01 seconds
0.0
Embed time: 0.05 seconds
Extract time: 0.01 seconds
0.0
Embed time: 0.01 seconds
Extract time: 0.01 seconds
0.0
Embed time: 0.01 seconds
Extract time: 0.01 seconds
0.0
Embed time: 0.06 seconds
Extract time: 0.01 seconds
0.0
Embed time: 0.03 seconds
Extract time: 0.01 seconds
0.0
Embed time: 0.05 seconds
Extract time: 0.01 seconds
0.0625
Embed time: 0.01 seconds
Extract time: 0.01 seconds
0.0
Embed time: 0.05 seconds
Extract time: 0.01 seconds
0.015625
Embed time: 0.01 seconds
Extract time: 0.01 seconds
0.0
Embed time: 0.01 seconds
Extract time: 0.01 seconds
0.015625
Embed time: 0.01 seconds
Extract time: 0.01 seconds
0.0
Embed time: 0.05 seconds
Extract time: 0.01 seconds
0.015625
Embed time: 0.01 seconds
Extract time: 0.01 seconds
0.0
Embed time: 0.05 seconds
Extract time: 0.01 seconds
0.0
Embed time: 0.01 seconds
Extract time: 0.01 seconds
0.0
Embed time: 0.06 seconds
Extract time: 0.01 seconds
0.0
Embed time: 0.01 seconds
Extract time: 0.01 seconds
0.0
Embed time: 0.05 seconds
Extract time: 0.01 seconds
0.0
25-06-23 16:25:19.177 - INFO: # Validation # PSNR_Stego: 4.0229e+01, Bit_acc:  4.8437e-03
2025-06-23 16:25:19,177 - INFO - # Validation # PSNR_Stego: 4.0229e+01, Bit_acc:  4.8437e-03
25-06-23 16:25:19.178 - INFO: <epoch:  3, iter:  39,000> PSNR_Stego: 4.0229e+01, Bit_acc:  4.8437e-03
2025-06-23 16:25:19,178 - INFO - <epoch:  3, iter:  39,000> PSNR_Stego: 4.0229e+01, Bit_acc:  4.8437e-03
25-06-23 16:25:19.178 - INFO: Saving models and training states.
2025-06-23 16:25:19,178 - INFO - Saving models and training states.
Checkpoint save path: /workspace/EditGuard-V1/experiments/train_ibsn_bit_64/models/39000_G.pth

===== Checkpoint State Path: /workspace/EditGuard-V1/experiments/train_ibsn_bit_64/training_state/39000.state =====

25-06-23 16:25:41.547 - INFO: <epoch:  3, iter:  39,100, lr:5.000e-05> l_forw_fit: 2.7964e+00 l_msg: 0.0000e+00 
2025-06-23 16:25:41,547 - INFO - <epoch:  3, iter:  39,100, lr:5.000e-05> l_forw_fit: 2.7964e+00 l_msg: 0.0000e+00 
25-06-23 16:26:03.831 - INFO: <epoch:  3, iter:  39,200, lr:5.000e-05> l_forw_fit: 2.8282e+00 l_msg: 0.0000e+00 
2025-06-23 16:26:03,831 - INFO - <epoch:  3, iter:  39,200, lr:5.000e-05> l_forw_fit: 2.8282e+00 l_msg: 0.0000e+00 
25-06-23 16:26:26.303 - INFO: <epoch:  3, iter:  39,300, lr:5.000e-05> l_forw_fit: 2.9382e+00 l_msg: 1.7381e-05 
2025-06-23 16:26:26,303 - INFO - <epoch:  3, iter:  39,300, lr:5.000e-05> l_forw_fit: 2.9382e+00 l_msg: 1.7381e-05 
25-06-23 16:26:47.947 - INFO: <epoch:  3, iter:  39,400, lr:5.000e-05> l_forw_fit: 2.0053e+00 l_msg: 0.0000e+00 
2025-06-23 16:26:47,947 - INFO - <epoch:  3, iter:  39,400, lr:5.000e-05> l_forw_fit: 2.0053e+00 l_msg: 0.0000e+00 
25-06-23 16:27:09.752 - INFO: <epoch:  3, iter:  39,500, lr:5.000e-05> l_forw_fit: 2.3656e+00 l_msg: 0.0000e+00 
2025-06-23 16:27:09,752 - INFO - <epoch:  3, iter:  39,500, lr:5.000e-05> l_forw_fit: 2.3656e+00 l_msg: 0.0000e+00 
Embed time: 0.03 seconds
Extract time: 0.01 seconds
0.015625
Embed time: 0.03 seconds
Extract time: 0.02 seconds
0.0
Embed time: 0.02 seconds
Extract time: 0.01 seconds
0.0
Embed time: 0.02 seconds
Extract time: 0.01 seconds
0.0
Embed time: 0.02 seconds
Extract time: 0.01 seconds
0.0
Embed time: 0.02 seconds
Extract time: 0.01 seconds
0.0
Embed time: 0.02 seconds
Extract time: 0.01 seconds
0.03125
Embed time: 0.02 seconds
Extract time: 0.01 seconds
0.0
Embed time: 0.02 seconds
Extract time: 0.01 seconds
0.0
Embed time: 0.02 seconds
Extract time: 0.01 seconds
0.0
Embed time: 0.02 seconds
Extract time: 0.01 seconds
0.015625
Embed time: 0.02 seconds
Extract time: 0.01 seconds
0.0
Embed time: 0.02 seconds
Extract time: 0.01 seconds
0.0
Embed time: 0.02 seconds
Extract time: 0.01 seconds
0.09375
Embed time: 0.02 seconds
Extract time: 0.03 seconds
0.0
Embed time: 0.04 seconds
Extract time: 0.01 seconds
0.0
Embed time: 0.02 seconds
Extract time: 0.01 seconds
0.015625
Embed time: 0.05 seconds
Extract time: 0.01 seconds
0.03125
Embed time: 0.02 seconds
Extract time: 0.01 seconds
0.015625
Embed time: 0.05 seconds
Extract time: 0.01 seconds
0.015625
Embed time: 0.02 seconds
Extract time: 0.01 seconds
0.0
Embed time: 0.05 seconds
Extract time: 0.01 seconds
0.015625
Embed time: 0.02 seconds
Extract time: 0.01 seconds
0.0
Embed time: 0.05 seconds
Extract time: 0.01 seconds
0.0
Embed time: 0.02 seconds
Extract time: 0.01 seconds
0.0
Embed time: 0.03 seconds
Extract time: 0.01 seconds
0.0
Embed time: 0.02 seconds
Extract time: 0.01 seconds
0.0
Embed time: 0.02 seconds
Extract time: 0.01 seconds
0.015625
Embed time: 0.02 seconds
Extract time: 0.01 seconds
0.0
Embed time: 0.05 seconds
Extract time: 0.01 seconds
0.0
Embed time: 0.02 seconds
Extract time: 0.01 seconds
0.0
Embed time: 0.05 seconds
Extract time: 0.01 seconds
0.015625
Embed time: 0.02 seconds
Extract time: 0.01 seconds
0.0
Embed time: 0.05 seconds
Extract time: 0.01 seconds
0.0
Embed time: 0.02 seconds
Extract time: 0.01 seconds
0.015625
Embed time: 0.05 seconds
Extract time: 0.01 seconds
0.0
Embed time: 0.01 seconds
Extract time: 0.01 seconds
0.0
Embed time: 0.05 seconds
Extract time: 0.01 seconds
0.0
Embed time: 0.02 seconds
Extract time: 0.01 seconds
0.0
Embed time: 0.05 seconds
Extract time: 0.01 seconds
0.0
Embed time: 0.02 seconds
Extract time: 0.01 seconds
0.0
Embed time: 0.04 seconds
Extract time: 0.01 seconds
0.0
Embed time: 0.02 seconds
Extract time: 0.03 seconds
0.015625
Embed time: 0.03 seconds
Extract time: 0.01 seconds
0.03125
Embed time: 0.02 seconds
Extract time: 0.01 seconds
0.0
Embed time: 0.05 seconds
Extract time: 0.01 seconds
0.015625
Embed time: 0.02 seconds
Extract time: 0.01 seconds
0.015625
Embed time: 0.04 seconds
Extract time: 0.01 seconds
0.0
Embed time: 0.02 seconds
Extract time: 0.01 seconds
0.015625
Embed time: 0.05 seconds
Extract time: 0.01 seconds
0.015625
Embed time: 0.01 seconds
Extract time: 0.01 seconds
0.0
Embed time: 0.01 seconds
Extract time: 0.05 seconds
0.0
Embed time: 0.01 seconds
Extract time: 0.01 seconds
0.0
Embed time: 0.05 seconds
Extract time: 0.01 seconds
0.0
Embed time: 0.01 seconds
Extract time: 0.01 seconds
0.0625
Embed time: 0.06 seconds
Extract time: 0.01 seconds
0.03125
Embed time: 0.01 seconds
Extract time: 0.01 seconds
0.03125
Embed time: 0.01 seconds
Extract time: 0.05 seconds
0.0
Embed time: 0.01 seconds
Extract time: 0.01 seconds
0.0
Embed time: 0.01 seconds
Extract time: 0.01 seconds
0.0
Embed time: 0.01 seconds
Extract time: 0.01 seconds
0.0
Embed time: 0.01 seconds
Extract time: 0.01 seconds
0.0
Embed time: 0.03 seconds
Extract time: 0.01 seconds
0.0
Embed time: 0.01 seconds
Extract time: 0.05 seconds
0.0
Embed time: 0.03 seconds
Extract time: 0.01 seconds
0.0
Embed time: 0.01 seconds
Extract time: 0.01 seconds
0.0
Embed time: 0.02 seconds
Extract time: 0.01 seconds
0.0
Embed time: 0.01 seconds
Extract time: 0.01 seconds
0.0
Embed time: 0.06 seconds
Extract time: 0.01 seconds
0.0
Embed time: 0.01 seconds
Extract time: 0.01 seconds
0.0
Embed time: 0.07 seconds
Extract time: 0.01 seconds
0.0
Embed time: 0.02 seconds
Extract time: 0.01 seconds
0.0
Embed time: 0.05 seconds
Extract time: 0.01 seconds
0.0
Embed time: 0.02 seconds
Extract time: 0.01 seconds
0.03125
Embed time: 0.02 seconds
Extract time: 0.01 seconds
0.0
Embed time: 0.02 seconds
Extract time: 0.01 seconds
0.0
Embed time: 0.04 seconds
Extract time: 0.01 seconds
0.0
Embed time: 0.02 seconds
Extract time: 0.02 seconds
0.0
Embed time: 0.05 seconds
Extract time: 0.01 seconds
0.0
Embed time: 0.02 seconds
Extract time: 0.01 seconds
0.0
Embed time: 0.04 seconds
Extract time: 0.01 seconds
0.015625
Embed time: 0.02 seconds
Extract time: 0.01 seconds
0.0
Embed time: 0.03 seconds
Extract time: 0.01 seconds
0.0
Embed time: 0.02 seconds
Extract time: 0.01 seconds
0.015625
Embed time: 0.03 seconds
Extract time: 0.01 seconds
0.0
Embed time: 0.01 seconds
Extract time: 0.01 seconds
0.015625
Embed time: 0.05 seconds
Extract time: 0.01 seconds
0.0
Embed time: 0.01 seconds
Extract time: 0.01 seconds
0.09375
Embed time: 0.04 seconds
Extract time: 0.01 seconds
0.0
Embed time: 0.01 seconds
Extract time: 0.01 seconds
0.0
Embed time: 0.04 seconds
Extract time: 0.01 seconds
0.03125
Embed time: 0.01 seconds
Extract time: 0.01 seconds
0.0
Embed time: 0.05 seconds
Extract time: 0.01 seconds
0.0
Embed time: 0.01 seconds
Extract time: 0.01 seconds
0.015625
Embed time: 0.05 seconds
Extract time: 0.01 seconds
0.0
Embed time: 0.01 seconds
Extract time: 0.01 seconds
0.0
Embed time: 0.05 seconds
Extract time: 0.01 seconds
0.0
Embed time: 0.01 seconds
Extract time: 0.01 seconds
0.0
Embed time: 0.05 seconds
Extract time: 0.01 seconds
0.0
Embed time: 0.01 seconds
Extract time: 0.01 seconds
0.0
25-06-23 16:27:25.016 - INFO: # Validation # PSNR_Stego: 4.0099e+01, Bit_acc:  7.5000e-03
2025-06-23 16:27:25,016 - INFO - # Validation # PSNR_Stego: 4.0099e+01, Bit_acc:  7.5000e-03
25-06-23 16:27:25.016 - INFO: <epoch:  3, iter:  39,500> PSNR_Stego: 4.0099e+01, Bit_acc:  7.5000e-03
2025-06-23 16:27:25,016 - INFO - <epoch:  3, iter:  39,500> PSNR_Stego: 4.0099e+01, Bit_acc:  7.5000e-03
25-06-23 16:27:47.706 - INFO: <epoch:  3, iter:  39,600, lr:5.000e-05> l_forw_fit: 3.2316e+00 l_msg: 7.2801e-02 
2025-06-23 16:27:47,706 - INFO - <epoch:  3, iter:  39,600, lr:5.000e-05> l_forw_fit: 3.2316e+00 l_msg: 7.2801e-02 
25-06-23 16:28:10.182 - INFO: <epoch:  3, iter:  39,700, lr:5.000e-05> l_forw_fit: 2.5533e+00 l_msg: 7.0003e-05 
2025-06-23 16:28:10,182 - INFO - <epoch:  3, iter:  39,700, lr:5.000e-05> l_forw_fit: 2.5533e+00 l_msg: 7.0003e-05 
25-06-23 16:28:32.287 - INFO: <epoch:  3, iter:  39,800, lr:5.000e-05> l_forw_fit: 2.2213e+00 l_msg: 3.2047e-02 
2025-06-23 16:28:32,287 - INFO - <epoch:  3, iter:  39,800, lr:5.000e-05> l_forw_fit: 2.2213e+00 l_msg: 3.2047e-02 
25-06-23 16:28:54.392 - INFO: <epoch:  3, iter:  39,900, lr:5.000e-05> l_forw_fit: 2.3673e+00 l_msg: 1.6023e-01 
2025-06-23 16:28:54,392 - INFO - <epoch:  3, iter:  39,900, lr:5.000e-05> l_forw_fit: 2.3673e+00 l_msg: 1.6023e-01 
25-06-23 16:29:17.681 - INFO: <epoch:  3, iter:  40,000, lr:5.000e-05> l_forw_fit: 3.0591e+00 l_msg: 7.1237e-02 
2025-06-23 16:29:17,681 - INFO - <epoch:  3, iter:  40,000, lr:5.000e-05> l_forw_fit: 3.0591e+00 l_msg: 7.1237e-02 
Embed time: 0.03 seconds
Extract time: 0.01 seconds
0.0
Embed time: 0.02 seconds
Extract time: 0.01 seconds
0.0
Embed time: 0.02 seconds
Extract time: 0.01 seconds
0.0
Embed time: 0.02 seconds
Extract time: 0.01 seconds
0.0
Embed time: 0.02 seconds
Extract time: 0.01 seconds
0.0
Embed time: 0.02 seconds
Extract time: 0.01 seconds
0.03125
Embed time: 0.02 seconds
Extract time: 0.01 seconds
0.046875
Embed time: 0.02 seconds
Extract time: 0.01 seconds
0.0
Embed time: 0.02 seconds
Extract time: 0.01 seconds
0.0
Embed time: 0.02 seconds
Extract time: 0.01 seconds
0.015625
Embed time: 0.02 seconds
Extract time: 0.01 seconds
0.0
Embed time: 0.02 seconds
Extract time: 0.01 seconds
0.0
Embed time: 0.02 seconds
Extract time: 0.01 seconds
0.0
Embed time: 0.02 seconds
Extract time: 0.01 seconds
0.03125
Embed time: 0.02 seconds
Extract time: 0.01 seconds
0.0
Embed time: 0.02 seconds
Extract time: 0.01 seconds
0.0
Embed time: 0.02 seconds
Extract time: 0.01 seconds
0.0
Embed time: 0.02 seconds
Extract time: 0.03 seconds
0.0
Embed time: 0.04 seconds
Extract time: 0.01 seconds
0.0
Embed time: 0.02 seconds
Extract time: 0.01 seconds
0.0
Embed time: 0.05 seconds
Extract time: 0.01 seconds
0.0
Embed time: 0.02 seconds
Extract time: 0.01 seconds
0.0
Embed time: 0.02 seconds
Extract time: 0.01 seconds
0.0
Embed time: 0.04 seconds
Extract time: 0.01 seconds
0.0
Embed time: 0.02 seconds
Extract time: 0.01 seconds
0.0
Embed time: 0.02 seconds
Extract time: 0.01 seconds
0.0
Embed time: 0.02 seconds
Extract time: 0.01 seconds
0.0
Embed time: 0.05 seconds
Extract time: 0.01 seconds
0.0
Embed time: 0.02 seconds
Extract time: 0.01 seconds
0.0
Embed time: 0.02 seconds
Extract time: 0.01 seconds
0.0
Embed time: 0.02 seconds
Extract time: 0.01 seconds
0.015625
Embed time: 0.05 seconds
Extract time: 0.01 seconds
0.0
Embed time: 0.02 seconds
Extract time: 0.01 seconds
0.0
Embed time: 0.05 seconds
Extract time: 0.01 seconds
0.0
Embed time: 0.02 seconds
Extract time: 0.01 seconds
0.0
Embed time: 0.05 seconds
Extract time: 0.01 seconds
0.0
Embed time: 0.02 seconds
Extract time: 0.01 seconds
0.0
Embed time: 0.05 seconds
Extract time: 0.01 seconds
0.0
Embed time: 0.02 seconds
Extract time: 0.01 seconds
0.0
Embed time: 0.05 seconds
Extract time: 0.01 seconds
0.0
Embed time: 0.02 seconds
Extract time: 0.01 seconds
0.0
Embed time: 0.02 seconds
Extract time: 0.01 seconds
0.0
Embed time: 0.02 seconds
Extract time: 0.01 seconds
0.0
Embed time: 0.02 seconds
Extract time: 0.01 seconds
0.046875
Embed time: 0.02 seconds
Extract time: 0.01 seconds
0.03125
Embed time: 0.02 seconds
Extract time: 0.01 seconds
0.0
Embed time: 0.02 seconds
Extract time: 0.01 seconds
0.0
Embed time: 0.02 seconds
Extract time: 0.04 seconds
0.0
Embed time: 0.03 seconds
Extract time: 0.01 seconds
0.015625
Embed time: 0.02 seconds
Extract time: 0.01 seconds
0.0
Embed time: 0.05 seconds
Extract time: 0.01 seconds
0.0
Embed time: 0.02 seconds
Extract time: 0.01 seconds
0.0
Embed time: 0.05 seconds
Extract time: 0.01 seconds
0.0
Embed time: 0.02 seconds
Extract time: 0.01 seconds
0.0
Embed time: 0.05 seconds
Extract time: 0.01 seconds
0.0
Embed time: 0.02 seconds
Extract time: 0.01 seconds
0.0
Embed time: 0.02 seconds
Extract time: 0.04 seconds
0.0
Embed time: 0.02 seconds
Extract time: 0.01 seconds
0.0
Embed time: 0.02 seconds
Extract time: 0.01 seconds
0.0
Embed time: 0.05 seconds
Extract time: 0.01 seconds
0.015625
Embed time: 0.02 seconds
Extract time: 0.01 seconds
0.0
Embed time: 0.05 seconds
Extract time: 0.01 seconds
0.046875
Embed time: 0.02 seconds
Extract time: 0.01 seconds
0.0
Embed time: 0.05 seconds
Extract time: 0.01 seconds
0.0
Embed time: 0.02 seconds
Extract time: 0.01 seconds
0.0
Embed time: 0.05 seconds
Extract time: 0.01 seconds
0.0
Embed time: 0.02 seconds
Extract time: 0.01 seconds
0.0
Embed time: 0.04 seconds
Extract time: 0.01 seconds
0.0
Embed time: 0.02 seconds
Extract time: 0.01 seconds
0.0
Embed time: 0.02 seconds
Extract time: 0.04 seconds
0.0
Embed time: 0.05 seconds
Extract time: 0.01 seconds
0.0
Embed time: 0.02 seconds
Extract time: 0.01 seconds
0.0
Embed time: 0.02 seconds
Extract time: 0.01 seconds
0.015625
Embed time: 0.02 seconds
Extract time: 0.01 seconds
0.0
Embed time: 0.05 seconds
Extract time: 0.01 seconds
0.0
Embed time: 0.02 seconds
Extract time: 0.01 seconds
0.0
Embed time: 0.02 seconds
Extract time: 0.01 seconds
0.0
Embed time: 0.02 seconds
Extract time: 0.01 seconds
0.0
Embed time: 0.02 seconds
Extract time: 0.05 seconds
0.0
Embed time: 0.02 seconds
Extract time: 0.01 seconds
0.0
Embed time: 0.02 seconds
Extract time: 0.01 seconds
0.0
Embed time: 0.02 seconds
Extract time: 0.01 seconds
0.0
Embed time: 0.02 seconds
Extract time: 0.01 seconds
0.0
Embed time: 0.02 seconds
Extract time: 0.01 seconds
0.0
Embed time: 0.02 seconds
Extract time: 0.01 seconds
0.0
Embed time: 0.05 seconds
Extract time: 0.01 seconds
0.09375
Embed time: 0.01 seconds
Extract time: 0.01 seconds
0.0
Embed time: 0.05 seconds
Extract time: 0.01 seconds
0.046875
Embed time: 0.01 seconds
Extract time: 0.01 seconds
0.0
Embed time: 0.01 seconds
Extract time: 0.01 seconds
0.015625
Embed time: 0.01 seconds
Extract time: 0.01 seconds
0.0
Embed time: 0.01 seconds
Extract time: 0.01 seconds
0.0
Embed time: 0.02 seconds
Extract time: 0.01 seconds
0.0
Embed time: 0.01 seconds
Extract time: 0.01 seconds
0.0
Embed time: 0.05 seconds
Extract time: 0.01 seconds
0.0
Embed time: 0.01 seconds
Extract time: 0.01 seconds
0.0
Embed time: 0.01 seconds
Extract time: 0.01 seconds
0.0
Embed time: 0.03 seconds
Extract time: 0.01 seconds
0.0
Embed time: 0.01 seconds
Extract time: 0.01 seconds
0.015625
Embed time: 0.05 seconds
Extract time: 0.01 seconds
0.0
25-06-23 16:29:32.689 - INFO: # Validation # PSNR_Stego: 4.0768e+01, Bit_acc:  4.8437e-03
2025-06-23 16:29:32,689 - INFO - # Validation # PSNR_Stego: 4.0768e+01, Bit_acc:  4.8437e-03
25-06-23 16:29:32.689 - INFO: <epoch:  3, iter:  40,000> PSNR_Stego: 4.0768e+01, Bit_acc:  4.8437e-03
2025-06-23 16:29:32,689 - INFO - <epoch:  3, iter:  40,000> PSNR_Stego: 4.0768e+01, Bit_acc:  4.8437e-03
25-06-23 16:29:32.690 - INFO: Saving models and training states.
2025-06-23 16:29:32,690 - INFO - Saving models and training states.
Checkpoint save path: /workspace/EditGuard-V1/experiments/train_ibsn_bit_64/models/40000_G.pth

===== Checkpoint State Path: /workspace/EditGuard-V1/experiments/train_ibsn_bit_64/training_state/40000.state =====

25-06-23 16:29:55.419 - INFO: <epoch:  3, iter:  40,100, lr:5.000e-05> l_forw_fit: 2.7966e+00 l_msg: 3.9062e-03 
2025-06-23 16:29:55,419 - INFO - <epoch:  3, iter:  40,100, lr:5.000e-05> l_forw_fit: 2.7966e+00 l_msg: 3.9062e-03 
25-06-23 16:30:17.779 - INFO: <epoch:  3, iter:  40,200, lr:5.000e-05> l_forw_fit: 2.4151e+00 l_msg: 5.0637e-02 
2025-06-23 16:30:17,779 - INFO - <epoch:  3, iter:  40,200, lr:5.000e-05> l_forw_fit: 2.4151e+00 l_msg: 5.0637e-02 
25-06-23 16:30:39.931 - INFO: <epoch:  3, iter:  40,300, lr:5.000e-05> l_forw_fit: 2.1757e+00 l_msg: 2.1706e-02 
2025-06-23 16:30:39,931 - INFO - <epoch:  3, iter:  40,300, lr:5.000e-05> l_forw_fit: 2.1757e+00 l_msg: 2.1706e-02 
25-06-23 16:31:02.796 - INFO: <epoch:  3, iter:  40,400, lr:5.000e-05> l_forw_fit: 2.9336e+00 l_msg: 0.0000e+00 
2025-06-23 16:31:02,796 - INFO - <epoch:  3, iter:  40,400, lr:5.000e-05> l_forw_fit: 2.9336e+00 l_msg: 0.0000e+00 
25-06-23 16:31:25.037 - INFO: <epoch:  3, iter:  40,500, lr:5.000e-05> l_forw_fit: 2.4143e+00 l_msg: 0.0000e+00 
2025-06-23 16:31:25,037 - INFO - <epoch:  3, iter:  40,500, lr:5.000e-05> l_forw_fit: 2.4143e+00 l_msg: 0.0000e+00 
Embed time: 0.03 seconds
Extract time: 0.01 seconds
0.0
Embed time: 0.04 seconds
Extract time: 0.01 seconds
0.0
Embed time: 0.02 seconds
Extract time: 0.01 seconds
0.015625
Embed time: 0.05 seconds
Extract time: 0.01 seconds
0.0
Embed time: 0.02 seconds
Extract time: 0.01 seconds
0.015625
Embed time: 0.05 seconds
Extract time: 0.01 seconds
0.0
Embed time: 0.02 seconds
Extract time: 0.01 seconds
0.0
Embed time: 0.05 seconds
Extract time: 0.01 seconds
0.0
Embed time: 0.02 seconds
Extract time: 0.01 seconds
0.0
Embed time: 0.02 seconds
Extract time: 0.04 seconds
0.0
Embed time: 0.02 seconds
Extract time: 0.01 seconds
0.0
Embed time: 0.02 seconds
Extract time: 0.01 seconds
0.0
Embed time: 0.02 seconds
Extract time: 0.01 seconds
0.015625
Embed time: 0.02 seconds
Extract time: 0.05 seconds
0.0
Embed time: 0.03 seconds
Extract time: 0.01 seconds
0.0
Embed time: 0.02 seconds
Extract time: 0.01 seconds
0.015625
Embed time: 0.02 seconds
Extract time: 0.01 seconds
0.0
Embed time: 0.02 seconds
Extract time: 0.01 seconds
0.03125
Embed time: 0.02 seconds
Extract time: 0.01 seconds
0.0
Embed time: 0.02 seconds
Extract time: 0.01 seconds
0.0
Embed time: 0.05 seconds
Extract time: 0.01 seconds
0.0
Embed time: 0.01 seconds
Extract time: 0.02 seconds
0.125
Embed time: 0.04 seconds
Extract time: 0.01 seconds
0.0
Embed time: 0.01 seconds
Extract time: 0.01 seconds
0.015625
Embed time: 0.02 seconds
Extract time: 0.01 seconds
0.0
Embed time: 0.01 seconds
Extract time: 0.01 seconds
0.0
Embed time: 0.05 seconds
Extract time: 0.01 seconds
0.0
Embed time: 0.01 seconds
Extract time: 0.01 seconds
0.0
Embed time: 0.05 seconds
Extract time: 0.01 seconds
0.046875
Embed time: 0.01 seconds
Extract time: 0.01 seconds
0.0
Embed time: 0.05 seconds
Extract time: 0.01 seconds
0.125
Embed time: 0.02 seconds
Extract time: 0.01 seconds
0.0
Embed time: 0.04 seconds
Extract time: 0.01 seconds
0.03125
Embed time: 0.01 seconds
Extract time: 0.01 seconds
0.0
Embed time: 0.05 seconds
Extract time: 0.01 seconds
0.0
Embed time: 0.01 seconds
Extract time: 0.01 seconds
0.0
Embed time: 0.05 seconds
Extract time: 0.01 seconds
0.015625
Embed time: 0.01 seconds
Extract time: 0.01 seconds
0.0
Embed time: 0.06 seconds
Extract time: 0.01 seconds
0.0
Embed time: 0.01 seconds
Extract time: 0.01 seconds
0.0
Embed time: 0.05 seconds
Extract time: 0.01 seconds
0.0
Embed time: 0.01 seconds
Extract time: 0.01 seconds
0.0
Embed time: 0.05 seconds
Extract time: 0.01 seconds
0.015625
Embed time: 0.01 seconds
Extract time: 0.01 seconds
0.0
Embed time: 0.05 seconds
Extract time: 0.01 seconds
0.015625
Embed time: 0.01 seconds
Extract time: 0.03 seconds
0.015625
Embed time: 0.03 seconds
Extract time: 0.01 seconds
0.0
Embed time: 0.01 seconds
Extract time: 0.01 seconds
0.0
Embed time: 0.01 seconds
Extract time: 0.01 seconds
0.0
Embed time: 0.05 seconds
Extract time: 0.01 seconds
0.0
Embed time: 0.01 seconds
Extract time: 0.01 seconds
0.0
Embed time: 0.05 seconds
Extract time: 0.01 seconds
0.0
Embed time: 0.01 seconds
Extract time: 0.01 seconds
0.0
Embed time: 0.05 seconds
Extract time: 0.01 seconds
0.0
Embed time: 0.01 seconds
Extract time: 0.01 seconds
0.09375
Embed time: 0.04 seconds
Extract time: 0.01 seconds
0.046875
Embed time: 0.02 seconds
Extract time: 0.01 seconds
0.0
Embed time: 0.05 seconds
Extract time: 0.01 seconds
0.0
Embed time: 0.02 seconds
Extract time: 0.01 seconds
0.0
Embed time: 0.02 seconds
Extract time: 0.05 seconds
0.0
Embed time: 0.02 seconds
Extract time: 0.01 seconds
0.0
Embed time: 0.02 seconds
Extract time: 0.05 seconds
0.0
Embed time: 0.04 seconds
Extract time: 0.01 seconds
0.0
Embed time: 0.02 seconds
Extract time: 0.01 seconds
0.0
Embed time: 0.05 seconds
Extract time: 0.01 seconds
0.0
Embed time: 0.02 seconds
Extract time: 0.01 seconds
0.0
Embed time: 0.02 seconds
Extract time: 0.04 seconds
0.0
Embed time: 0.03 seconds
Extract time: 0.01 seconds
0.0
Embed time: 0.02 seconds
Extract time: 0.01 seconds
0.0
Embed time: 0.05 seconds
Extract time: 0.01 seconds
0.0
Embed time: 0.02 seconds
Extract time: 0.01 seconds
0.0
Embed time: 0.02 seconds
Extract time: 0.01 seconds
0.0
Embed time: 0.02 seconds
Extract time: 0.01 seconds
0.0
Embed time: 0.02 seconds
Extract time: 0.01 seconds
0.0
Embed time: 0.02 seconds
Extract time: 0.01 seconds
0.0
Embed time: 0.02 seconds
Extract time: 0.05 seconds
0.0
Embed time: 0.04 seconds
Extract time: 0.01 seconds
0.0
Embed time: 0.02 seconds
Extract time: 0.01 seconds
0.0
Embed time: 0.05 seconds
Extract time: 0.01 seconds
0.0
Embed time: 0.02 seconds
Extract time: 0.01 seconds
0.0
Embed time: 0.05 seconds
Extract time: 0.01 seconds
0.046875
Embed time: 0.02 seconds
Extract time: 0.01 seconds
0.0
Embed time: 0.04 seconds
Extract time: 0.01 seconds
0.09375
Embed time: 0.02 seconds
Extract time: 0.01 seconds
0.078125
Embed time: 0.04 seconds
Extract time: 0.01 seconds
0.0
Embed time: 0.02 seconds
Extract time: 0.01 seconds
0.03125
Embed time: 0.02 seconds
Extract time: 0.01 seconds
0.0
Embed time: 0.02 seconds
Extract time: 0.01 seconds
0.0625
Embed time: 0.02 seconds
Extract time: 0.01 seconds
0.0
Embed time: 0.02 seconds
Extract time: 0.01 seconds
0.0
Embed time: 0.04 seconds
Extract time: 0.01 seconds
0.0
Embed time: 0.02 seconds
Extract time: 0.01 seconds
0.015625
Embed time: 0.03 seconds
Extract time: 0.01 seconds
0.0
Embed time: 0.02 seconds
Extract time: 0.01 seconds
0.0
Embed time: 0.05 seconds
Extract time: 0.01 seconds
0.0
Embed time: 0.02 seconds
Extract time: 0.01 seconds
0.0
Embed time: 0.04 seconds
Extract time: 0.01 seconds
0.015625
Embed time: 0.02 seconds
Extract time: 0.01 seconds
0.0
Embed time: 0.05 seconds
Extract time: 0.01 seconds
0.0
Embed time: 0.02 seconds
Extract time: 0.01 seconds
0.0
25-06-23 16:31:40.211 - INFO: # Validation # PSNR_Stego: 3.9743e+01, Bit_acc:  9.8438e-03
2025-06-23 16:31:40,211 - INFO - # Validation # PSNR_Stego: 3.9743e+01, Bit_acc:  9.8438e-03
25-06-23 16:31:40.212 - INFO: <epoch:  3, iter:  40,500> PSNR_Stego: 3.9743e+01, Bit_acc:  9.8438e-03
2025-06-23 16:31:40,212 - INFO - <epoch:  3, iter:  40,500> PSNR_Stego: 3.9743e+01, Bit_acc:  9.8438e-03
25-06-23 16:32:02.634 - INFO: <epoch:  3, iter:  40,600, lr:5.000e-05> l_forw_fit: 3.5723e+00 l_msg: 5.7006e-02 
2025-06-23 16:32:02,634 - INFO - <epoch:  3, iter:  40,600, lr:5.000e-05> l_forw_fit: 3.5723e+00 l_msg: 5.7006e-02 
25-06-23 16:32:24.725 - INFO: <epoch:  3, iter:  40,700, lr:5.000e-05> l_forw_fit: 2.2036e+00 l_msg: 2.4958e-03 
2025-06-23 16:32:24,725 - INFO - <epoch:  3, iter:  40,700, lr:5.000e-05> l_forw_fit: 2.2036e+00 l_msg: 2.4958e-03 
25-06-23 16:32:47.097 - INFO: <epoch:  3, iter:  40,800, lr:5.000e-05> l_forw_fit: 2.6192e+00 l_msg: 2.0052e-02 
2025-06-23 16:32:47,097 - INFO - <epoch:  3, iter:  40,800, lr:5.000e-05> l_forw_fit: 2.6192e+00 l_msg: 2.0052e-02 
25-06-23 16:33:09.485 - INFO: <epoch:  3, iter:  40,900, lr:5.000e-05> l_forw_fit: 2.4373e+00 l_msg: 0.0000e+00 
2025-06-23 16:33:09,485 - INFO - <epoch:  3, iter:  40,900, lr:5.000e-05> l_forw_fit: 2.4373e+00 l_msg: 0.0000e+00 
25-06-23 16:33:31.501 - INFO: <epoch:  3, iter:  41,000, lr:5.000e-05> l_forw_fit: 2.3020e+00 l_msg: 1.0398e-01 
2025-06-23 16:33:31,501 - INFO - <epoch:  3, iter:  41,000, lr:5.000e-05> l_forw_fit: 2.3020e+00 l_msg: 1.0398e-01 
Embed time: 0.03 seconds
Extract time: 0.01 seconds
0.0
Embed time: 0.04 seconds
Extract time: 0.01 seconds
0.0
Embed time: 0.02 seconds
Extract time: 0.01 seconds
0.0
Embed time: 0.02 seconds
Extract time: 0.01 seconds
0.0
Embed time: 0.02 seconds
Extract time: 0.01 seconds
0.015625
Embed time: 0.05 seconds
Extract time: 0.01 seconds
0.0
Embed time: 0.02 seconds
Extract time: 0.01 seconds
0.0
Embed time: 0.05 seconds
Extract time: 0.01 seconds
0.015625
Embed time: 0.02 seconds
Extract time: 0.01 seconds
0.0
Embed time: 0.02 seconds
Extract time: 0.01 seconds
0.046875
Embed time: 0.02 seconds
Extract time: 0.01 seconds
0.0
Embed time: 0.05 seconds
Extract time: 0.01 seconds
0.0
Embed time: 0.02 seconds
Extract time: 0.01 seconds
0.0
Embed time: 0.05 seconds
Extract time: 0.01 seconds
0.0
Embed time: 0.02 seconds
Extract time: 0.01 seconds
0.0
Embed time: 0.05 seconds
Extract time: 0.01 seconds
0.015625
Embed time: 0.02 seconds
Extract time: 0.01 seconds
0.0
Embed time: 0.05 seconds
Extract time: 0.01 seconds
0.046875
Embed time: 0.02 seconds
Extract time: 0.01 seconds
0.0
Embed time: 0.04 seconds
Extract time: 0.01 seconds
0.0
Embed time: 0.02 seconds
Extract time: 0.01 seconds
0.0
Embed time: 0.04 seconds
Extract time: 0.01 seconds
0.015625
Embed time: 0.02 seconds
Extract time: 0.01 seconds
0.0
Embed time: 0.06 seconds
Extract time: 0.01 seconds
0.03125
Embed time: 0.02 seconds
Extract time: 0.01 seconds
0.0
Embed time: 0.05 seconds
Extract time: 0.01 seconds
0.0
Embed time: 0.02 seconds
Extract time: 0.01 seconds
0.0
Embed time: 0.02 seconds
Extract time: 0.01 seconds
0.0
Embed time: 0.02 seconds
Extract time: 0.01 seconds
0.0
Embed time: 0.04 seconds
Extract time: 0.01 seconds
0.03125
Embed time: 0.02 seconds
Extract time: 0.01 seconds
0.0
Embed time: 0.04 seconds
Extract time: 0.01 seconds
0.0
Embed time: 0.02 seconds
Extract time: 0.01 seconds
0.0
Embed time: 0.02 seconds
Extract time: 0.01 seconds
0.0
Embed time: 0.05 seconds
Extract time: 0.01 seconds
0.046875
Embed time: 0.02 seconds
Extract time: 0.01 seconds
0.0
Embed time: 0.02 seconds
Extract time: 0.01 seconds
0.0
Embed time: 0.02 seconds
Extract time: 0.02 seconds
0.0
Embed time: 0.04 seconds
Extract time: 0.01 seconds
0.0
Embed time: 0.02 seconds
Extract time: 0.02 seconds
0.0
Embed time: 0.04 seconds
Extract time: 0.01 seconds
0.0
Embed time: 0.02 seconds
Extract time: 0.01 seconds
0.0
Embed time: 0.05 seconds
Extract time: 0.01 seconds
0.0
Embed time: 0.02 seconds
Extract time: 0.02 seconds
0.015625
Embed time: 0.04 seconds
Extract time: 0.01 seconds
0.0
Embed time: 0.02 seconds
Extract time: 0.01 seconds
0.0
Embed time: 0.02 seconds
Extract time: 0.01 seconds
0.0
Embed time: 0.02 seconds
Extract time: 0.01 seconds
0.0
Embed time: 0.05 seconds
Extract time: 0.01 seconds
0.0
Embed time: 0.03 seconds
Extract time: 0.02 seconds
0.09375
Embed time: 0.02 seconds
Extract time: 0.01 seconds
0.0
Embed time: 0.02 seconds
Extract time: 0.01 seconds
0.0
Embed time: 0.05 seconds
Extract time: 0.02 seconds
0.0
Embed time: 0.02 seconds
Extract time: 0.01 seconds
0.0
Embed time: 0.05 seconds
Extract time: 0.01 seconds
0.015625
Embed time: 0.02 seconds
Extract time: 0.01 seconds
0.03125
Embed time: 0.04 seconds
Extract time: 0.01 seconds
0.0
Embed time: 0.02 seconds
Extract time: 0.01 seconds
0.015625
Embed time: 0.05 seconds
Extract time: 0.01 seconds
0.0
Embed time: 0.02 seconds
Extract time: 0.01 seconds
0.0
Embed time: 0.05 seconds
Extract time: 0.01 seconds
0.0
Embed time: 0.02 seconds
Extract time: 0.01 seconds
0.0
Embed time: 0.05 seconds
Extract time: 0.01 seconds
0.0
Embed time: 0.02 seconds
Extract time: 0.01 seconds
0.0
Embed time: 0.05 seconds
Extract time: 0.01 seconds
0.0
Embed time: 0.02 seconds
Extract time: 0.01 seconds
0.0
Embed time: 0.02 seconds
Extract time: 0.03 seconds
0.0
Embed time: 0.02 seconds
Extract time: 0.01 seconds
0.0
Embed time: 0.02 seconds
Extract time: 0.01 seconds
0.0
Embed time: 0.02 seconds
Extract time: 0.01 seconds
0.0
Embed time: 0.02 seconds
Extract time: 0.01 seconds
0.0
Embed time: 0.02 seconds
Extract time: 0.01 seconds
0.0
Embed time: 0.02 seconds
Extract time: 0.01 seconds
0.015625
Embed time: 0.02 seconds
Extract time: 0.01 seconds
0.03125
Embed time: 0.05 seconds
Extract time: 0.01 seconds
0.015625
Embed time: 0.02 seconds
Extract time: 0.01 seconds
0.0
Embed time: 0.02 seconds
Extract time: 0.04 seconds
0.0
Embed time: 0.02 seconds
Extract time: 0.01 seconds
0.0
Embed time: 0.05 seconds
Extract time: 0.01 seconds
0.0
Embed time: 0.02 seconds
Extract time: 0.01 seconds
0.0
Embed time: 0.05 seconds
Extract time: 0.01 seconds
0.015625
Embed time: 0.02 seconds
Extract time: 0.02 seconds
0.0
Embed time: 0.02 seconds
Extract time: 0.01 seconds
0.0625
Embed time: 0.04 seconds
Extract time: 0.01 seconds
0.0
Embed time: 0.02 seconds
Extract time: 0.01 seconds
0.0
Embed time: 0.02 seconds
Extract time: 0.01 seconds
0.0
Embed time: 0.02 seconds
Extract time: 0.01 seconds
0.03125
Embed time: 0.02 seconds
Extract time: 0.01 seconds
0.0
Embed time: 0.02 seconds
Extract time: 0.01 seconds
0.0
Embed time: 0.02 seconds
Extract time: 0.03 seconds
0.0
Embed time: 0.03 seconds
Extract time: 0.01 seconds
0.0
Embed time: 0.02 seconds
Extract time: 0.01 seconds
0.0
Embed time: 0.05 seconds
Extract time: 0.01 seconds
0.0
Embed time: 0.02 seconds
Extract time: 0.01 seconds
0.0
Embed time: 0.02 seconds
Extract time: 0.01 seconds
0.0
Embed time: 0.02 seconds
Extract time: 0.02 seconds
0.0
Embed time: 0.04 seconds
Extract time: 0.01 seconds
0.0
Embed time: 0.02 seconds
Extract time: 0.01 seconds
0.015625
Embed time: 0.04 seconds
Extract time: 0.01 seconds
0.0
Embed time: 0.02 seconds
Extract time: 0.01 seconds
0.0
25-06-23 16:33:46.713 - INFO: # Validation # PSNR_Stego: 4.0280e+01, Bit_acc:  6.2500e-03
2025-06-23 16:33:46,713 - INFO - # Validation # PSNR_Stego: 4.0280e+01, Bit_acc:  6.2500e-03
25-06-23 16:33:46.714 - INFO: <epoch:  3, iter:  41,000> PSNR_Stego: 4.0280e+01, Bit_acc:  6.2500e-03
2025-06-23 16:33:46,714 - INFO - <epoch:  3, iter:  41,000> PSNR_Stego: 4.0280e+01, Bit_acc:  6.2500e-03
25-06-23 16:33:46.715 - INFO: Saving models and training states.
2025-06-23 16:33:46,715 - INFO - Saving models and training states.
Checkpoint save path: /workspace/EditGuard-V1/experiments/train_ibsn_bit_64/models/41000_G.pth

===== Checkpoint State Path: /workspace/EditGuard-V1/experiments/train_ibsn_bit_64/training_state/41000.state =====

25-06-23 16:34:10.234 - INFO: <epoch:  3, iter:  41,100, lr:5.000e-05> l_forw_fit: 3.1416e+00 l_msg: 0.0000e+00 
2025-06-23 16:34:10,234 - INFO - <epoch:  3, iter:  41,100, lr:5.000e-05> l_forw_fit: 3.1416e+00 l_msg: 0.0000e+00 
25-06-23 16:34:33.349 - INFO: <epoch:  3, iter:  41,200, lr:5.000e-05> l_forw_fit: 2.1106e+00 l_msg: 9.4497e-02 
2025-06-23 16:34:33,349 - INFO - <epoch:  3, iter:  41,200, lr:5.000e-05> l_forw_fit: 2.1106e+00 l_msg: 9.4497e-02 
25-06-23 16:34:56.753 - INFO: <epoch:  3, iter:  41,300, lr:5.000e-05> l_forw_fit: 3.0024e+00 l_msg: 0.0000e+00 
2025-06-23 16:34:56,753 - INFO - <epoch:  3, iter:  41,300, lr:5.000e-05> l_forw_fit: 3.0024e+00 l_msg: 0.0000e+00 
25-06-23 16:35:19.518 - INFO: <epoch:  3, iter:  41,400, lr:5.000e-05> l_forw_fit: 2.0889e+00 l_msg: 3.9062e-03 
2025-06-23 16:35:19,518 - INFO - <epoch:  3, iter:  41,400, lr:5.000e-05> l_forw_fit: 2.0889e+00 l_msg: 3.9062e-03 
25-06-23 16:35:42.793 - INFO: <epoch:  3, iter:  41,500, lr:5.000e-05> l_forw_fit: 2.6078e+00 l_msg: 9.5368e-02 
2025-06-23 16:35:42,793 - INFO - <epoch:  3, iter:  41,500, lr:5.000e-05> l_forw_fit: 2.6078e+00 l_msg: 9.5368e-02 
Embed time: 0.11 seconds
Extract time: 0.01 seconds
0.0
Embed time: 0.02 seconds
Extract time: 0.01 seconds
0.015625
Embed time: 0.02 seconds
Extract time: 0.01 seconds
0.0
Embed time: 0.05 seconds
Extract time: 0.01 seconds
0.0
Embed time: 0.02 seconds
Extract time: 0.01 seconds
0.0
Embed time: 0.04 seconds
Extract time: 0.01 seconds
0.0
Embed time: 0.02 seconds
Extract time: 0.01 seconds
0.015625
Embed time: 0.02 seconds
Extract time: 0.01 seconds
0.0
Embed time: 0.02 seconds
Extract time: 0.04 seconds
0.0
Embed time: 0.04 seconds
Extract time: 0.01 seconds
0.0
Embed time: 0.02 seconds
Extract time: 0.01 seconds
0.0625
Embed time: 0.03 seconds
Extract time: 0.01 seconds
0.0
Embed time: 0.02 seconds
Extract time: 0.01 seconds
0.0
Embed time: 0.05 seconds
Extract time: 0.01 seconds
0.015625
Embed time: 0.02 seconds
Extract time: 0.01 seconds
0.015625
Embed time: 0.05 seconds
Extract time: 0.01 seconds
0.0
Embed time: 0.02 seconds
Extract time: 0.01 seconds
0.0
Embed time: 0.05 seconds
Extract time: 0.01 seconds
0.0
Embed time: 0.02 seconds
Extract time: 0.01 seconds
0.0
Embed time: 0.04 seconds
Extract time: 0.01 seconds
0.0
Embed time: 0.02 seconds
Extract time: 0.05 seconds
0.0
Embed time: 0.04 seconds
Extract time: 0.01 seconds
0.09375
Embed time: 0.02 seconds
Extract time: 0.01 seconds
0.0
Embed time: 0.02 seconds
Extract time: 0.01 seconds
0.0
Embed time: 0.02 seconds
Extract time: 0.01 seconds
0.0
Embed time: 0.04 seconds
Extract time: 0.01 seconds
0.0
Embed time: 0.02 seconds
Extract time: 0.01 seconds
0.0
Embed time: 0.05 seconds
Extract time: 0.01 seconds
0.0
Embed time: 0.01 seconds
Extract time: 0.01 seconds
0.0
Embed time: 0.02 seconds
Extract time: 0.01 seconds
0.015625
Embed time: 0.02 seconds
Extract time: 0.01 seconds
0.0
Embed time: 0.04 seconds
Extract time: 0.01 seconds
0.0
Embed time: 0.02 seconds
Extract time: 0.01 seconds
0.0
Embed time: 0.05 seconds
Extract time: 0.01 seconds
0.0
Embed time: 0.02 seconds
Extract time: 0.01 seconds
0.0
Embed time: 0.05 seconds
Extract time: 0.01 seconds
0.0
Embed time: 0.02 seconds
Extract time: 0.01 seconds
0.0
Embed time: 0.05 seconds
Extract time: 0.01 seconds
0.0
Embed time: 0.02 seconds
Extract time: 0.01 seconds
0.0
Embed time: 0.02 seconds
Extract time: 0.01 seconds
0.0
Embed time: 0.02 seconds
Extract time: 0.01 seconds
0.0
Embed time: 0.02 seconds
Extract time: 0.01 seconds
0.0
Embed time: 0.02 seconds
Extract time: 0.02 seconds
0.078125
Embed time: 0.02 seconds
Extract time: 0.01 seconds
0.0625
Embed time: 0.01 seconds
Extract time: 0.01 seconds
0.0
Embed time: 0.02 seconds
Extract time: 0.01 seconds
0.0
Embed time: 0.02 seconds
Extract time: 0.01 seconds
0.0
Embed time: 0.02 seconds
Extract time: 0.01 seconds
0.03125
Embed time: 0.02 seconds
Extract time: 0.01 seconds
0.0
Embed time: 0.02 seconds
Extract time: 0.01 seconds
0.015625
Embed time: 0.01 seconds
Extract time: 0.01 seconds
0.0
Embed time: 0.05 seconds
Extract time: 0.01 seconds
0.0
Embed time: 0.03 seconds
Extract time: 0.01 seconds
0.0
Embed time: 0.02 seconds
Extract time: 0.01 seconds
0.0
Embed time: 0.02 seconds
Extract time: 0.01 seconds
0.0625
Embed time: 0.02 seconds
Extract time: 0.01 seconds
0.015625
Embed time: 0.02 seconds
Extract time: 0.01 seconds
0.015625
Embed time: 0.02 seconds
Extract time: 0.01 seconds
0.0
Embed time: 0.01 seconds
Extract time: 0.01 seconds
0.015625
Embed time: 0.02 seconds
Extract time: 0.01 seconds
0.0
Embed time: 0.05 seconds
Extract time: 0.01 seconds
0.0
Embed time: 0.01 seconds
Extract time: 0.02 seconds
0.015625
Embed time: 0.02 seconds
Extract time: 0.01 seconds
0.0
Embed time: 0.02 seconds
Extract time: 0.01 seconds
0.0
Embed time: 0.02 seconds
Extract time: 0.01 seconds
0.03125
Embed time: 0.03 seconds
Extract time: 0.01 seconds
0.0
Embed time: 0.02 seconds
Extract time: 0.01 seconds
0.0
Embed time: 0.02 seconds
Extract time: 0.01 seconds
0.0
Embed time: 0.02 seconds
Extract time: 0.01 seconds
0.0
Embed time: 0.05 seconds
Extract time: 0.01 seconds
0.0
Embed time: 0.02 seconds
Extract time: 0.01 seconds
0.0
Embed time: 0.06 seconds
Extract time: 0.01 seconds
0.03125
Embed time: 0.02 seconds
Extract time: 0.01 seconds
0.0
Embed time: 0.02 seconds
Extract time: 0.01 seconds
0.046875
Embed time: 0.02 seconds
Extract time: 0.03 seconds
0.0
Embed time: 0.03 seconds
Extract time: 0.01 seconds
0.0
Embed time: 0.02 seconds
Extract time: 0.01 seconds
0.0
Embed time: 0.02 seconds
Extract time: 0.01 seconds
0.0
Embed time: 0.06 seconds
Extract time: 0.01 seconds
0.0
Embed time: 0.03 seconds
Extract time: 0.02 seconds
0.0
Embed time: 0.02 seconds
Extract time: 0.01 seconds
0.0
Embed time: 0.02 seconds
Extract time: 0.01 seconds
0.0
Embed time: 0.02 seconds
Extract time: 0.01 seconds
0.0
Embed time: 0.01 seconds
Extract time: 0.01 seconds
0.0
Embed time: 0.02 seconds
Extract time: 0.04 seconds
0.0
Embed time: 0.02 seconds
Extract time: 0.01 seconds
0.109375
Embed time: 0.02 seconds
Extract time: 0.04 seconds
0.0
Embed time: 0.05 seconds
Extract time: 0.01 seconds
0.0
Embed time: 0.02 seconds
Extract time: 0.05 seconds
0.0
Embed time: 0.04 seconds
Extract time: 0.01 seconds
0.0
Embed time: 0.02 seconds
Extract time: 0.04 seconds
0.0
Embed time: 0.03 seconds
Extract time: 0.01 seconds
0.0
Embed time: 0.01 seconds
Extract time: 0.01 seconds
0.0
Embed time: 0.02 seconds
Extract time: 0.01 seconds
0.0
Embed time: 0.02 seconds
Extract time: 0.01 seconds
0.0
Embed time: 0.04 seconds
Extract time: 0.02 seconds
0.0
Embed time: 0.02 seconds
Extract time: 0.01 seconds
0.0
Embed time: 0.04 seconds
Extract time: 0.01 seconds
0.0
Embed time: 0.02 seconds
Extract time: 0.01 seconds
0.0
Embed time: 0.05 seconds
Extract time: 0.01 seconds
0.015625
25-06-23 16:35:58.311 - INFO: # Validation # PSNR_Stego: 3.9133e+01, Bit_acc:  7.8125e-03
2025-06-23 16:35:58,311 - INFO - # Validation # PSNR_Stego: 3.9133e+01, Bit_acc:  7.8125e-03
25-06-23 16:35:58.313 - INFO: <epoch:  3, iter:  41,500> PSNR_Stego: 3.9133e+01, Bit_acc:  7.8125e-03
2025-06-23 16:35:58,313 - INFO - <epoch:  3, iter:  41,500> PSNR_Stego: 3.9133e+01, Bit_acc:  7.8125e-03
25-06-23 16:36:21.149 - INFO: <epoch:  3, iter:  41,600, lr:5.000e-05> l_forw_fit: 2.7095e+00 l_msg: 0.0000e+00 
2025-06-23 16:36:21,149 - INFO - <epoch:  3, iter:  41,600, lr:5.000e-05> l_forw_fit: 2.7095e+00 l_msg: 0.0000e+00 
25-06-23 16:36:44.385 - INFO: <epoch:  3, iter:  41,700, lr:5.000e-05> l_forw_fit: 2.2140e+00 l_msg: 3.9226e-03 
2025-06-23 16:36:44,385 - INFO - <epoch:  3, iter:  41,700, lr:5.000e-05> l_forw_fit: 2.2140e+00 l_msg: 3.9226e-03 
25-06-23 16:37:07.637 - INFO: <epoch:  3, iter:  41,800, lr:5.000e-05> l_forw_fit: 2.5031e+00 l_msg: 2.1909e-02 
2025-06-23 16:37:07,637 - INFO - <epoch:  3, iter:  41,800, lr:5.000e-05> l_forw_fit: 2.5031e+00 l_msg: 2.1909e-02 
25-06-23 16:37:30.629 - INFO: <epoch:  3, iter:  41,900, lr:5.000e-05> l_forw_fit: 2.9906e+00 l_msg: 5.7400e-03 
2025-06-23 16:37:30,629 - INFO - <epoch:  3, iter:  41,900, lr:5.000e-05> l_forw_fit: 2.9906e+00 l_msg: 5.7400e-03 
25-06-23 16:37:53.945 - INFO: <epoch:  3, iter:  42,000, lr:5.000e-05> l_forw_fit: 2.7469e+00 l_msg: 0.0000e+00 
2025-06-23 16:37:53,945 - INFO - <epoch:  3, iter:  42,000, lr:5.000e-05> l_forw_fit: 2.7469e+00 l_msg: 0.0000e+00 
Embed time: 0.03 seconds
Extract time: 0.01 seconds
0.0
Embed time: 0.02 seconds
Extract time: 0.01 seconds
0.0
Embed time: 0.02 seconds
Extract time: 0.01 seconds
0.0
Embed time: 0.02 seconds
Extract time: 0.01 seconds
0.0
Embed time: 0.02 seconds
Extract time: 0.01 seconds
0.015625
Embed time: 0.04 seconds
Extract time: 0.01 seconds
0.0
Embed time: 0.02 seconds
Extract time: 0.03 seconds
0.0
Embed time: 0.02 seconds
Extract time: 0.01 seconds
0.0
Embed time: 0.02 seconds
Extract time: 0.01 seconds
0.0
Embed time: 0.05 seconds
Extract time: 0.01 seconds
0.0
Embed time: 0.02 seconds
Extract time: 0.01 seconds
0.015625
Embed time: 0.06 seconds
Extract time: 0.01 seconds
0.0
Embed time: 0.02 seconds
Extract time: 0.01 seconds
0.0
Embed time: 0.05 seconds
Extract time: 0.01 seconds
0.0
Embed time: 0.02 seconds
Extract time: 0.01 seconds
0.0
Embed time: 0.02 seconds
Extract time: 0.02 seconds
0.0
Embed time: 0.02 seconds
Extract time: 0.01 seconds
0.0
Embed time: 0.05 seconds
Extract time: 0.01 seconds
0.046875
Embed time: 0.02 seconds
Extract time: 0.01 seconds
0.0
Embed time: 0.02 seconds
Extract time: 0.01 seconds
0.0
Embed time: 0.05 seconds
Extract time: 0.01 seconds
0.0
Embed time: 0.02 seconds
Extract time: 0.01 seconds
0.125
Embed time: 0.02 seconds
Extract time: 0.01 seconds
0.0
Embed time: 0.01 seconds
Extract time: 0.01 seconds
0.0
Embed time: 0.02 seconds
Extract time: 0.01 seconds
0.015625
Embed time: 0.01 seconds
Extract time: 0.01 seconds
0.0
Embed time: 0.05 seconds
Extract time: 0.01 seconds
0.0
Embed time: 0.01 seconds
Extract time: 0.01 seconds
0.0
Embed time: 0.01 seconds
Extract time: 0.04 seconds
0.0
Embed time: 0.05 seconds
Extract time: 0.01 seconds
0.0
Embed time: 0.02 seconds
Extract time: 0.01 seconds
0.0625
Embed time: 0.01 seconds
Extract time: 0.01 seconds
0.015625
Embed time: 0.01 seconds
Extract time: 0.01 seconds
0.015625
Embed time: 0.02 seconds
Extract time: 0.02 seconds
0.0
Embed time: 0.02 seconds
Extract time: 0.02 seconds
0.0
Embed time: 0.02 seconds
Extract time: 0.01 seconds
0.0
Embed time: 0.02 seconds
Extract time: 0.02 seconds
0.0
Embed time: 0.02 seconds
Extract time: 0.01 seconds
0.0
Embed time: 0.02 seconds
Extract time: 0.01 seconds
0.0
Embed time: 0.02 seconds
Extract time: 0.01 seconds
0.0
Embed time: 0.02 seconds
Extract time: 0.01 seconds
0.0
Embed time: 0.02 seconds
Extract time: 0.01 seconds
0.015625
Embed time: 0.02 seconds
Extract time: 0.04 seconds
0.0
Embed time: 0.03 seconds
Extract time: 0.01 seconds
0.0
Embed time: 0.02 seconds
Extract time: 0.01 seconds
0.015625
Embed time: 0.02 seconds
Extract time: 0.01 seconds
0.0
Embed time: 0.02 seconds
Extract time: 0.01 seconds
0.0
Embed time: 0.02 seconds
Extract time: 0.01 seconds
0.0
Embed time: 0.05 seconds
Extract time: 0.01 seconds
0.0
Embed time: 0.02 seconds
Extract time: 0.01 seconds
0.015625
Embed time: 0.05 seconds
Extract time: 0.01 seconds
0.0
Embed time: 0.02 seconds
Extract time: 0.01 seconds
0.0
Embed time: 0.02 seconds
Extract time: 0.03 seconds
0.0
Embed time: 0.02 seconds
Extract time: 0.01 seconds
0.0
Embed time: 0.05 seconds
Extract time: 0.01 seconds
0.0
Embed time: 0.02 seconds
Extract time: 0.01 seconds
0.0
Embed time: 0.05 seconds
Extract time: 0.01 seconds
0.015625
Embed time: 0.02 seconds
Extract time: 0.01 seconds
0.0
Embed time: 0.05 seconds
Extract time: 0.01 seconds
0.0
Embed time: 0.02 seconds
Extract time: 0.01 seconds
0.0
Embed time: 0.05 seconds
Extract time: 0.01 seconds
0.0
Embed time: 0.02 seconds
Extract time: 0.01 seconds
0.0
Embed time: 0.05 seconds
Extract time: 0.01 seconds
0.0
Embed time: 0.02 seconds
Extract time: 0.01 seconds
0.0
Embed time: 0.05 seconds
Extract time: 0.02 seconds
0.0
Embed time: 0.02 seconds
Extract time: 0.01 seconds
0.0
Embed time: 0.03 seconds
Extract time: 0.01 seconds
0.0
Embed time: 0.02 seconds
Extract time: 0.01 seconds
0.0
Embed time: 0.02 seconds
Extract time: 0.01 seconds
0.0
Embed time: 0.02 seconds
Extract time: 0.01 seconds
0.0
Embed time: 0.02 seconds
Extract time: 0.05 seconds
0.0
Embed time: 0.04 seconds
Extract time: 0.02 seconds
0.015625
Embed time: 0.02 seconds
Extract time: 0.02 seconds
0.0
Embed time: 0.04 seconds
Extract time: 0.02 seconds
0.0
Embed time: 0.02 seconds
Extract time: 0.01 seconds
0.0
Embed time: 0.05 seconds
Extract time: 0.01 seconds
0.0
Embed time: 0.02 seconds
Extract time: 0.03 seconds
0.0
Embed time: 0.04 seconds
Extract time: 0.01 seconds
0.0
Embed time: 0.02 seconds
Extract time: 0.01 seconds
0.0
Embed time: 0.05 seconds
Extract time: 0.02 seconds
0.0
Embed time: 0.02 seconds
Extract time: 0.01 seconds
0.0
Embed time: 0.05 seconds
Extract time: 0.01 seconds
0.0
Embed time: 0.02 seconds
Extract time: 0.04 seconds
0.0
Embed time: 0.04 seconds
Extract time: 0.01 seconds
0.0
Embed time: 0.02 seconds
Extract time: 0.02 seconds
0.0
Embed time: 0.03 seconds
Extract time: 0.01 seconds
0.0
Embed time: 0.02 seconds
Extract time: 0.01 seconds
0.0
Embed time: 0.02 seconds
Extract time: 0.01 seconds
0.0
Embed time: 0.02 seconds
Extract time: 0.01 seconds
0.0
Embed time: 0.02 seconds
Extract time: 0.01 seconds
0.0
Embed time: 0.02 seconds
Extract time: 0.01 seconds
0.0
Embed time: 0.02 seconds
Extract time: 0.01 seconds
0.015625
Embed time: 0.02 seconds
Extract time: 0.01 seconds
0.0
Embed time: 0.02 seconds
Extract time: 0.01 seconds
0.015625
Embed time: 0.02 seconds
Extract time: 0.01 seconds
0.0
Embed time: 0.05 seconds
Extract time: 0.01 seconds
0.0
Embed time: 0.02 seconds
Extract time: 0.01 seconds
0.0
Embed time: 0.02 seconds
Extract time: 0.01 seconds
0.015625
Embed time: 0.02 seconds
Extract time: 0.01 seconds
0.0
Embed time: 0.02 seconds
Extract time: 0.01 seconds
0.0
25-06-23 16:38:09.082 - INFO: # Validation # PSNR_Stego: 4.0458e+01, Bit_acc:  4.3750e-03
2025-06-23 16:38:09,082 - INFO - # Validation # PSNR_Stego: 4.0458e+01, Bit_acc:  4.3750e-03
25-06-23 16:38:09.082 - INFO: <epoch:  3, iter:  42,000> PSNR_Stego: 4.0458e+01, Bit_acc:  4.3750e-03
2025-06-23 16:38:09,082 - INFO - <epoch:  3, iter:  42,000> PSNR_Stego: 4.0458e+01, Bit_acc:  4.3750e-03
25-06-23 16:38:09.083 - INFO: Saving models and training states.
2025-06-23 16:38:09,083 - INFO - Saving models and training states.
Checkpoint save path: /workspace/EditGuard-V1/experiments/train_ibsn_bit_64/models/42000_G.pth

===== Checkpoint State Path: /workspace/EditGuard-V1/experiments/train_ibsn_bit_64/training_state/42000.state =====

25-06-23 16:38:32.320 - INFO: <epoch:  3, iter:  42,100, lr:5.000e-05> l_forw_fit: 2.1553e+00 l_msg: 0.0000e+00 
2025-06-23 16:38:32,320 - INFO - <epoch:  3, iter:  42,100, lr:5.000e-05> l_forw_fit: 2.1553e+00 l_msg: 0.0000e+00 
25-06-23 16:38:54.912 - INFO: <epoch:  3, iter:  42,200, lr:5.000e-05> l_forw_fit: 2.6963e+00 l_msg: 9.4146e-02 
2025-06-23 16:38:54,912 - INFO - <epoch:  3, iter:  42,200, lr:5.000e-05> l_forw_fit: 2.6963e+00 l_msg: 9.4146e-02 
25-06-23 16:39:18.087 - INFO: <epoch:  3, iter:  42,300, lr:5.000e-05> l_forw_fit: 3.2833e+00 l_msg: 0.0000e+00 
2025-06-23 16:39:18,087 - INFO - <epoch:  3, iter:  42,300, lr:5.000e-05> l_forw_fit: 3.2833e+00 l_msg: 0.0000e+00 
25-06-23 16:39:41.295 - INFO: <epoch:  3, iter:  42,400, lr:5.000e-05> l_forw_fit: 2.1888e+00 l_msg: 0.0000e+00 
2025-06-23 16:39:41,295 - INFO - <epoch:  3, iter:  42,400, lr:5.000e-05> l_forw_fit: 2.1888e+00 l_msg: 0.0000e+00 
25-06-23 16:40:05.377 - INFO: <epoch:  3, iter:  42,500, lr:5.000e-05> l_forw_fit: 2.7492e+00 l_msg: 4.2679e-03 
2025-06-23 16:40:05,377 - INFO - <epoch:  3, iter:  42,500, lr:5.000e-05> l_forw_fit: 2.7492e+00 l_msg: 4.2679e-03 
Embed time: 0.03 seconds
Extract time: 0.01 seconds
0.0
Embed time: 0.02 seconds
Extract time: 0.01 seconds
0.0
Embed time: 0.02 seconds
Extract time: 0.01 seconds
0.0
Embed time: 0.02 seconds
Extract time: 0.01 seconds
0.0
Embed time: 0.02 seconds
Extract time: 0.04 seconds
0.0
Embed time: 0.03 seconds
Extract time: 0.01 seconds
0.0
Embed time: 0.01 seconds
Extract time: 0.01 seconds
0.0
Embed time: 0.05 seconds
Extract time: 0.01 seconds
0.0
Embed time: 0.02 seconds
Extract time: 0.01 seconds
0.015625
Embed time: 0.02 seconds
Extract time: 0.03 seconds
0.0
Embed time: 0.02 seconds
Extract time: 0.01 seconds
0.0
Embed time: 0.02 seconds
Extract time: 0.01 seconds
0.0
Embed time: 0.01 seconds
Extract time: 0.01 seconds
0.0
Embed time: 0.01 seconds
Extract time: 0.01 seconds
0.078125
Embed time: 0.02 seconds
Extract time: 0.01 seconds
0.015625
Embed time: 0.01 seconds
Extract time: 0.01 seconds
0.0
Embed time: 0.01 seconds
Extract time: 0.01 seconds
0.015625
Embed time: 0.02 seconds
Extract time: 0.01 seconds
0.0
Embed time: 0.02 seconds
Extract time: 0.01 seconds
0.0
Embed time: 0.01 seconds
Extract time: 0.01 seconds
0.0
Embed time: 0.03 seconds
Extract time: 0.01 seconds
0.0
Embed time: 0.02 seconds
Extract time: 0.01 seconds
0.0
Embed time: 0.02 seconds
Extract time: 0.01 seconds
0.0
Embed time: 0.02 seconds
Extract time: 0.01 seconds
0.0
Embed time: 0.02 seconds
Extract time: 0.01 seconds
0.0
Embed time: 0.06 seconds
Extract time: 0.01 seconds
0.0
Embed time: 0.02 seconds
Extract time: 0.01 seconds
0.0
Embed time: 0.05 seconds
Extract time: 0.01 seconds
0.0
Embed time: 0.02 seconds
Extract time: 0.01 seconds
0.0
Embed time: 0.05 seconds
Extract time: 0.01 seconds
0.0
Embed time: 0.04 seconds
Extract time: 0.01 seconds
0.03125
Embed time: 0.05 seconds
Extract time: 0.01 seconds
0.0
Embed time: 0.02 seconds
Extract time: 0.01 seconds
0.03125
Embed time: 0.05 seconds
Extract time: 0.01 seconds
0.0
Embed time: 0.02 seconds
Extract time: 0.01 seconds
0.0
Embed time: 0.05 seconds
Extract time: 0.01 seconds
0.0
Embed time: 0.02 seconds
Extract time: 0.01 seconds
0.0
Embed time: 0.05 seconds
Extract time: 0.01 seconds
0.0
Embed time: 0.02 seconds
Extract time: 0.01 seconds
0.0
Embed time: 0.05 seconds
Extract time: 0.01 seconds
0.0
Embed time: 0.02 seconds
Extract time: 0.01 seconds
0.0
Embed time: 0.05 seconds
Extract time: 0.01 seconds
0.03125
Embed time: 0.02 seconds
Extract time: 0.01 seconds
0.015625
Embed time: 0.06 seconds
Extract time: 0.01 seconds
0.015625
Embed time: 0.02 seconds
Extract time: 0.01 seconds
0.015625
Embed time: 0.04 seconds
Extract time: 0.01 seconds
0.0
Embed time: 0.03 seconds
Extract time: 0.03 seconds
0.0
Embed time: 0.03 seconds
Extract time: 0.01 seconds
0.0
Embed time: 0.01 seconds
Extract time: 0.01 seconds
0.0
Embed time: 0.02 seconds
Extract time: 0.01 seconds
0.046875
Embed time: 0.02 seconds
Extract time: 0.01 seconds
0.015625
Embed time: 0.05 seconds
Extract time: 0.01 seconds
0.0
Embed time: 0.02 seconds
Extract time: 0.01 seconds
0.0
Embed time: 0.05 seconds
Extract time: 0.01 seconds
0.0
Embed time: 0.01 seconds
Extract time: 0.01 seconds
0.046875
Embed time: 0.05 seconds
Extract time: 0.01 seconds
0.0625
Embed time: 0.02 seconds
Extract time: 0.01 seconds
0.0
Embed time: 0.05 seconds
Extract time: 0.01 seconds
0.0
Embed time: 0.01 seconds
Extract time: 0.01 seconds
0.0
Embed time: 0.05 seconds
Extract time: 0.01 seconds
0.0
Embed time: 0.02 seconds
Extract time: 0.01 seconds
0.0
Embed time: 0.06 seconds
Extract time: 0.01 seconds
0.0
Embed time: 0.01 seconds
Extract time: 0.01 seconds
0.0
Embed time: 0.05 seconds
Extract time: 0.01 seconds
0.0
Embed time: 0.01 seconds
Extract time: 0.01 seconds
0.0
Embed time: 0.05 seconds
Extract time: 0.01 seconds
0.0
Embed time: 0.01 seconds
Extract time: 0.01 seconds
0.0
Embed time: 0.02 seconds
Extract time: 0.01 seconds
0.0
Embed time: 0.02 seconds
Extract time: 0.01 seconds
0.0
Embed time: 0.01 seconds
Extract time: 0.01 seconds
0.0
Embed time: 0.05 seconds
Extract time: 0.01 seconds
0.0
Embed time: 0.01 seconds
Extract time: 0.01 seconds
0.0
Embed time: 0.03 seconds
Extract time: 0.01 seconds
0.0
Embed time: 0.01 seconds
Extract time: 0.01 seconds
0.0
Embed time: 0.05 seconds
Extract time: 0.01 seconds
0.0
Embed time: 0.01 seconds
Extract time: 0.01 seconds
0.0
Embed time: 0.05 seconds
Extract time: 0.01 seconds
0.0
Embed time: 0.01 seconds
Extract time: 0.01 seconds
0.0
Embed time: 0.01 seconds
Extract time: 0.01 seconds
0.0
Embed time: 0.01 seconds
Extract time: 0.01 seconds
0.0
Embed time: 0.05 seconds
Extract time: 0.01 seconds
0.0
Embed time: 0.01 seconds
Extract time: 0.01 seconds
0.0
Embed time: 0.05 seconds
Extract time: 0.01 seconds
0.0
Embed time: 0.02 seconds
Extract time: 0.01 seconds
0.0
Embed time: 0.04 seconds
Extract time: 0.01 seconds
0.0
Embed time: 0.02 seconds
Extract time: 0.01 seconds
0.125
Embed time: 0.05 seconds
Extract time: 0.01 seconds
0.0
Embed time: 0.02 seconds
Extract time: 0.01 seconds
0.015625
Embed time: 0.05 seconds
Extract time: 0.01 seconds
0.0
Embed time: 0.01 seconds
Extract time: 0.01 seconds
0.0
Embed time: 0.01 seconds
Extract time: 0.01 seconds
0.0
Embed time: 0.01 seconds
Extract time: 0.01 seconds
0.0
Embed time: 0.05 seconds
Extract time: 0.01 seconds
0.0
Embed time: 0.01 seconds
Extract time: 0.01 seconds
0.0
Embed time: 0.05 seconds
Extract time: 0.01 seconds
0.0
Embed time: 0.01 seconds
Extract time: 0.01 seconds
0.0
Embed time: 0.05 seconds
Extract time: 0.01 seconds
0.0
Embed time: 0.01 seconds
Extract time: 0.01 seconds
0.0
Embed time: 0.06 seconds
Extract time: 0.01 seconds
0.0
Embed time: 0.01 seconds
Extract time: 0.01 seconds
0.0
25-06-23 16:40:20.486 - INFO: # Validation # PSNR_Stego: 3.9595e+01, Bit_acc:  5.7812e-03
2025-06-23 16:40:20,486 - INFO - # Validation # PSNR_Stego: 3.9595e+01, Bit_acc:  5.7812e-03
25-06-23 16:40:20.487 - INFO: <epoch:  3, iter:  42,500> PSNR_Stego: 3.9595e+01, Bit_acc:  5.7812e-03
2025-06-23 16:40:20,487 - INFO - <epoch:  3, iter:  42,500> PSNR_Stego: 3.9595e+01, Bit_acc:  5.7812e-03
25-06-23 16:40:43.482 - INFO: <epoch:  3, iter:  42,600, lr:5.000e-05> l_forw_fit: 2.4583e+00 l_msg: 0.0000e+00 
2025-06-23 16:40:43,482 - INFO - <epoch:  3, iter:  42,600, lr:5.000e-05> l_forw_fit: 2.4583e+00 l_msg: 0.0000e+00 
25-06-23 16:41:06.054 - INFO: <epoch:  3, iter:  42,700, lr:5.000e-05> l_forw_fit: 2.4051e+00 l_msg: 4.6750e-02 
2025-06-23 16:41:06,054 - INFO - <epoch:  3, iter:  42,700, lr:5.000e-05> l_forw_fit: 2.4051e+00 l_msg: 4.6750e-02 
25-06-23 16:41:29.015 - INFO: <epoch:  3, iter:  42,800, lr:5.000e-05> l_forw_fit: 2.2224e+00 l_msg: 7.8125e-03 
2025-06-23 16:41:29,015 - INFO - <epoch:  3, iter:  42,800, lr:5.000e-05> l_forw_fit: 2.2224e+00 l_msg: 7.8125e-03 
25-06-23 16:41:51.932 - INFO: <epoch:  3, iter:  42,900, lr:5.000e-05> l_forw_fit: 2.5431e+00 l_msg: 4.7932e-02 
2025-06-23 16:41:51,932 - INFO - <epoch:  3, iter:  42,900, lr:5.000e-05> l_forw_fit: 2.5431e+00 l_msg: 4.7932e-02 
25-06-23 16:42:14.887 - INFO: <epoch:  3, iter:  43,000, lr:5.000e-05> l_forw_fit: 3.0096e+00 l_msg: 9.7695e-02 
2025-06-23 16:42:14,887 - INFO - <epoch:  3, iter:  43,000, lr:5.000e-05> l_forw_fit: 3.0096e+00 l_msg: 9.7695e-02 
Embed time: 0.03 seconds
Extract time: 0.01 seconds
0.0
Embed time: 0.02 seconds
Extract time: 0.01 seconds
0.0
Embed time: 0.02 seconds
Extract time: 0.01 seconds
0.0
Embed time: 0.02 seconds
Extract time: 0.01 seconds
0.0
Embed time: 0.02 seconds
Extract time: 0.01 seconds
0.0
Embed time: 0.04 seconds
Extract time: 0.01 seconds
0.015625
Embed time: 0.02 seconds
Extract time: 0.01 seconds
0.0
Embed time: 0.05 seconds
Extract time: 0.01 seconds
0.0
Embed time: 0.02 seconds
Extract time: 0.01 seconds
0.0
Embed time: 0.05 seconds
Extract time: 0.01 seconds
0.0
Embed time: 0.02 seconds
Extract time: 0.01 seconds
0.03125
Embed time: 0.05 seconds
Extract time: 0.01 seconds
0.0
Embed time: 0.02 seconds
Extract time: 0.01 seconds
0.015625
Embed time: 0.04 seconds
Extract time: 0.01 seconds
0.015625
Embed time: 0.02 seconds
Extract time: 0.01 seconds
0.0
Embed time: 0.02 seconds
Extract time: 0.01 seconds
0.0
Embed time: 0.02 seconds
Extract time: 0.01 seconds
0.0
Embed time: 0.05 seconds
Extract time: 0.01 seconds
0.0
Embed time: 0.02 seconds
Extract time: 0.01 seconds
0.0
Embed time: 0.05 seconds
Extract time: 0.01 seconds
0.015625
Embed time: 0.02 seconds
Extract time: 0.01 seconds
0.0
Embed time: 0.05 seconds
Extract time: 0.01 seconds
0.015625
Embed time: 0.02 seconds
Extract time: 0.01 seconds
0.0
Embed time: 0.05 seconds
Extract time: 0.01 seconds
0.0
Embed time: 0.02 seconds
Extract time: 0.01 seconds
0.0
Embed time: 0.02 seconds
Extract time: 0.01 seconds
0.0
Embed time: 0.01 seconds
Extract time: 0.01 seconds
0.0
Embed time: 0.01 seconds
Extract time: 0.01 seconds
0.0
Embed time: 0.02 seconds
Extract time: 0.01 seconds
0.0
Embed time: 0.01 seconds
Extract time: 0.01 seconds
0.03125
Embed time: 0.03 seconds
Extract time: 0.01 seconds
0.0625
Embed time: 0.01 seconds
Extract time: 0.01 seconds
0.0
Embed time: 0.02 seconds
Extract time: 0.01 seconds
0.015625
Embed time: 0.02 seconds
Extract time: 0.01 seconds
0.0
Embed time: 0.03 seconds
Extract time: 0.01 seconds
0.0
Embed time: 0.01 seconds
Extract time: 0.01 seconds
0.0
Embed time: 0.05 seconds
Extract time: 0.01 seconds
0.0
Embed time: 0.01 seconds
Extract time: 0.01 seconds
0.0
Embed time: 0.06 seconds
Extract time: 0.01 seconds
0.015625
Embed time: 0.01 seconds
Extract time: 0.01 seconds
0.015625
Embed time: 0.01 seconds
Extract time: 0.01 seconds
0.0
Embed time: 0.01 seconds
Extract time: 0.01 seconds
0.0
Embed time: 0.06 seconds
Extract time: 0.01 seconds
0.015625
Embed time: 0.02 seconds
Extract time: 0.01 seconds
0.015625
Embed time: 0.02 seconds
Extract time: 0.01 seconds
0.015625
Embed time: 0.01 seconds
Extract time: 0.01 seconds
0.0
Embed time: 0.02 seconds
Extract time: 0.01 seconds
0.0
Embed time: 0.02 seconds
Extract time: 0.01 seconds
0.0
Embed time: 0.02 seconds
Extract time: 0.01 seconds
0.0
Embed time: 0.03 seconds
Extract time: 0.01 seconds
0.0
Embed time: 0.01 seconds
Extract time: 0.01 seconds
0.0
Embed time: 0.06 seconds
Extract time: 0.01 seconds
0.0
Embed time: 0.02 seconds
Extract time: 0.01 seconds
0.0
Embed time: 0.01 seconds
Extract time: 0.01 seconds
0.0
Embed time: 0.02 seconds
Extract time: 0.01 seconds
0.046875
Embed time: 0.01 seconds
Extract time: 0.01 seconds
0.0
Embed time: 0.02 seconds
Extract time: 0.01 seconds
0.0
Embed time: 0.01 seconds
Extract time: 0.01 seconds
0.015625
Embed time: 0.01 seconds
Extract time: 0.01 seconds
0.0
Embed time: 0.02 seconds
Extract time: 0.01 seconds
0.0
Embed time: 0.02 seconds
Extract time: 0.01 seconds
0.0
Embed time: 0.03 seconds
Extract time: 0.01 seconds
0.0
Embed time: 0.02 seconds
Extract time: 0.01 seconds
0.03125
Embed time: 0.04 seconds
Extract time: 0.01 seconds
0.0
Embed time: 0.01 seconds
Extract time: 0.01 seconds
0.0
Embed time: 0.01 seconds
Extract time: 0.01 seconds
0.0
Embed time: 0.01 seconds
Extract time: 0.01 seconds
0.0
Embed time: 0.02 seconds
Extract time: 0.01 seconds
0.0
Embed time: 0.03 seconds
Extract time: 0.02 seconds
0.0
Embed time: 0.02 seconds
Extract time: 0.01 seconds
0.0
Embed time: 0.02 seconds
Extract time: 0.01 seconds
0.0
Embed time: 0.02 seconds
Extract time: 0.01 seconds
0.0
Embed time: 0.05 seconds
Extract time: 0.01 seconds
0.03125
Embed time: 0.02 seconds
Extract time: 0.01 seconds
0.0
Embed time: 0.05 seconds
Extract time: 0.01 seconds
0.0
Embed time: 0.02 seconds
Extract time: 0.01 seconds
0.0
Embed time: 0.05 seconds
Extract time: 0.01 seconds
0.0
Embed time: 0.02 seconds
Extract time: 0.01 seconds
0.0
Embed time: 0.02 seconds
Extract time: 0.05 seconds
0.0
Embed time: 0.04 seconds
Extract time: 0.01 seconds
0.0
Embed time: 0.02 seconds
Extract time: 0.01 seconds
0.015625
Embed time: 0.05 seconds
Extract time: 0.01 seconds
0.0
Embed time: 0.02 seconds
Extract time: 0.01 seconds
0.0
Embed time: 0.05 seconds
Extract time: 0.02 seconds
0.0
Embed time: 0.02 seconds
Extract time: 0.01 seconds
0.0
Embed time: 0.05 seconds
Extract time: 0.01 seconds
0.0
Embed time: 0.02 seconds
Extract time: 0.01 seconds
0.015625
Embed time: 0.03 seconds
Extract time: 0.01 seconds
0.046875
Embed time: 0.02 seconds
Extract time: 0.01 seconds
0.0
Embed time: 0.05 seconds
Extract time: 0.01 seconds
0.0
Embed time: 0.02 seconds
Extract time: 0.01 seconds
0.0
Embed time: 0.06 seconds
Extract time: 0.01 seconds
0.015625
Embed time: 0.02 seconds
Extract time: 0.01 seconds
0.0
Embed time: 0.05 seconds
Extract time: 0.01 seconds
0.0
Embed time: 0.02 seconds
Extract time: 0.01 seconds
0.0
Embed time: 0.05 seconds
Extract time: 0.01 seconds
0.0
Embed time: 0.02 seconds
Extract time: 0.01 seconds
0.0
Embed time: 0.06 seconds
Extract time: 0.01 seconds
0.0
Embed time: 0.02 seconds
Extract time: 0.01 seconds
0.0
Embed time: 0.01 seconds
Extract time: 0.05 seconds
0.0
25-06-23 16:42:30.094 - INFO: # Validation # PSNR_Stego: 4.0308e+01, Bit_acc:  5.1563e-03
2025-06-23 16:42:30,094 - INFO - # Validation # PSNR_Stego: 4.0308e+01, Bit_acc:  5.1563e-03
25-06-23 16:42:30.095 - INFO: <epoch:  3, iter:  43,000> PSNR_Stego: 4.0308e+01, Bit_acc:  5.1563e-03
2025-06-23 16:42:30,095 - INFO - <epoch:  3, iter:  43,000> PSNR_Stego: 4.0308e+01, Bit_acc:  5.1563e-03
25-06-23 16:42:30.095 - INFO: Saving models and training states.
2025-06-23 16:42:30,095 - INFO - Saving models and training states.
Checkpoint save path: /workspace/EditGuard-V1/experiments/train_ibsn_bit_64/models/43000_G.pth

===== Checkpoint State Path: /workspace/EditGuard-V1/experiments/train_ibsn_bit_64/training_state/43000.state =====

25-06-23 16:42:52.927 - INFO: <epoch:  3, iter:  43,100, lr:5.000e-05> l_forw_fit: 3.3544e+00 l_msg: 0.0000e+00 
2025-06-23 16:42:52,927 - INFO - <epoch:  3, iter:  43,100, lr:5.000e-05> l_forw_fit: 3.3544e+00 l_msg: 0.0000e+00 
25-06-23 16:43:15.968 - INFO: <epoch:  3, iter:  43,200, lr:5.000e-05> l_forw_fit: 2.4046e+00 l_msg: 8.0568e-03 
2025-06-23 16:43:15,968 - INFO - <epoch:  3, iter:  43,200, lr:5.000e-05> l_forw_fit: 2.4046e+00 l_msg: 8.0568e-03 
25-06-23 16:43:38.940 - INFO: <epoch:  3, iter:  43,300, lr:5.000e-05> l_forw_fit: 2.3958e+00 l_msg: 0.0000e+00 
2025-06-23 16:43:38,940 - INFO - <epoch:  3, iter:  43,300, lr:5.000e-05> l_forw_fit: 2.3958e+00 l_msg: 0.0000e+00 
25-06-23 16:44:02.200 - INFO: <epoch:  3, iter:  43,400, lr:5.000e-05> l_forw_fit: 3.1225e+00 l_msg: 0.0000e+00 
2025-06-23 16:44:02,200 - INFO - <epoch:  3, iter:  43,400, lr:5.000e-05> l_forw_fit: 3.1225e+00 l_msg: 0.0000e+00 
25-06-23 16:44:25.698 - INFO: <epoch:  3, iter:  43,500, lr:5.000e-05> l_forw_fit: 2.1763e+00 l_msg: 8.9650e-02 
2025-06-23 16:44:25,698 - INFO - <epoch:  3, iter:  43,500, lr:5.000e-05> l_forw_fit: 2.1763e+00 l_msg: 8.9650e-02 
Embed time: 0.03 seconds
Extract time: 0.02 seconds
0.0
Embed time: 0.02 seconds
Extract time: 0.01 seconds
0.0
Embed time: 0.02 seconds
Extract time: 0.01 seconds
0.015625
Embed time: 0.05 seconds
Extract time: 0.01 seconds
0.0
Embed time: 0.02 seconds
Extract time: 0.01 seconds
0.0
Embed time: 0.02 seconds
Extract time: 0.01 seconds
0.0
Embed time: 0.02 seconds
Extract time: 0.01 seconds
0.015625
Embed time: 0.04 seconds
Extract time: 0.01 seconds
0.0
Embed time: 0.02 seconds
Extract time: 0.03 seconds
0.0
Embed time: 0.03 seconds
Extract time: 0.01 seconds
0.0
Embed time: 0.02 seconds
Extract time: 0.01 seconds
0.015625
Embed time: 0.05 seconds
Extract time: 0.01 seconds
0.0
Embed time: 0.02 seconds
Extract time: 0.01 seconds
0.0
Embed time: 0.04 seconds
Extract time: 0.01 seconds
0.046875
Embed time: 0.01 seconds
Extract time: 0.01 seconds
0.0
Embed time: 0.05 seconds
Extract time: 0.01 seconds
0.0
Embed time: 0.01 seconds
Extract time: 0.01 seconds
0.0
Embed time: 0.02 seconds
Extract time: 0.01 seconds
0.0
Embed time: 0.01 seconds
Extract time: 0.01 seconds
0.0
Embed time: 0.01 seconds
Extract time: 0.01 seconds
0.015625
Embed time: 0.01 seconds
Extract time: 0.01 seconds
0.0
Embed time: 0.02 seconds
Extract time: 0.01 seconds
0.078125
Embed time: 0.02 seconds
Extract time: 0.01 seconds
0.015625
Embed time: 0.01 seconds
Extract time: 0.01 seconds
0.0
Embed time: 0.05 seconds
Extract time: 0.01 seconds
0.015625
Embed time: 0.02 seconds
Extract time: 0.01 seconds
0.0
Embed time: 0.06 seconds
Extract time: 0.01 seconds
0.0
Embed time: 0.02 seconds
Extract time: 0.01 seconds
0.0
Embed time: 0.02 seconds
Extract time: 0.01 seconds
0.0
Embed time: 0.02 seconds
Extract time: 0.01 seconds
0.046875
Embed time: 0.02 seconds
Extract time: 0.01 seconds
0.015625
Embed time: 0.02 seconds
Extract time: 0.01 seconds
0.0
Embed time: 0.02 seconds
Extract time: 0.01 seconds
0.0
Embed time: 0.02 seconds
Extract time: 0.01 seconds
0.0
Embed time: 0.02 seconds
Extract time: 0.01 seconds
0.0
Embed time: 0.04 seconds
Extract time: 0.01 seconds
0.0
Embed time: 0.02 seconds
Extract time: 0.01 seconds
0.0
Embed time: 0.02 seconds
Extract time: 0.01 seconds
0.0
Embed time: 0.02 seconds
Extract time: 0.01 seconds
0.0
Embed time: 0.02 seconds
Extract time: 0.01 seconds
0.0
Embed time: 0.02 seconds
Extract time: 0.01 seconds
0.0
Embed time: 0.02 seconds
Extract time: 0.01 seconds
0.0
Embed time: 0.05 seconds
Extract time: 0.01 seconds
0.0625
Embed time: 0.01 seconds
Extract time: 0.01 seconds
0.0
Embed time: 0.01 seconds
Extract time: 0.05 seconds
0.0
Embed time: 0.03 seconds
Extract time: 0.01 seconds
0.0
Embed time: 0.01 seconds
Extract time: 0.01 seconds
0.0
Embed time: 0.05 seconds
Extract time: 0.01 seconds
0.015625
Embed time: 0.02 seconds
Extract time: 0.01 seconds
0.0
Embed time: 0.06 seconds
Extract time: 0.01 seconds
0.0
Embed time: 0.01 seconds
Extract time: 0.01 seconds
0.046875
Embed time: 0.05 seconds
Extract time: 0.01 seconds
0.015625
Embed time: 0.02 seconds
Extract time: 0.01 seconds
0.0
Embed time: 0.05 seconds
Extract time: 0.01 seconds
0.0
Embed time: 0.02 seconds
Extract time: 0.01 seconds
0.0
Embed time: 0.01 seconds
Extract time: 0.01 seconds
0.078125
Embed time: 0.02 seconds
Extract time: 0.01 seconds
0.0
Embed time: 0.04 seconds
Extract time: 0.01 seconds
0.0
Embed time: 0.02 seconds
Extract time: 0.01 seconds
0.015625
Embed time: 0.05 seconds
Extract time: 0.01 seconds
0.0
Embed time: 0.02 seconds
Extract time: 0.02 seconds
0.0
Embed time: 0.06 seconds
Extract time: 0.01 seconds
0.0
Embed time: 0.02 seconds
Extract time: 0.01 seconds
0.0
Embed time: 0.05 seconds
Extract time: 0.01 seconds
0.015625
Embed time: 0.02 seconds
Extract time: 0.01 seconds
0.0
Embed time: 0.05 seconds
Extract time: 0.01 seconds
0.0
Embed time: 0.02 seconds
Extract time: 0.01 seconds
0.0
Embed time: 0.05 seconds
Extract time: 0.01 seconds
0.0
Embed time: 0.02 seconds
Extract time: 0.01 seconds
0.0
Embed time: 0.05 seconds
Extract time: 0.01 seconds
0.0
Embed time: 0.02 seconds
Extract time: 0.01 seconds
0.0
Embed time: 0.05 seconds
Extract time: 0.01 seconds
0.0
Embed time: 0.02 seconds
Extract time: 0.01 seconds
0.0
Embed time: 0.02 seconds
Extract time: 0.01 seconds
0.015625
Embed time: 0.02 seconds
Extract time: 0.01 seconds
0.0
Embed time: 0.02 seconds
Extract time: 0.01 seconds
0.0
Embed time: 0.02 seconds
Extract time: 0.01 seconds
0.0
Embed time: 0.02 seconds
Extract time: 0.01 seconds
0.0
Embed time: 0.02 seconds
Extract time: 0.01 seconds
0.0
Embed time: 0.02 seconds
Extract time: 0.01 seconds
0.0
Embed time: 0.04 seconds
Extract time: 0.01 seconds
0.0
Embed time: 0.02 seconds
Extract time: 0.01 seconds
0.0
Embed time: 0.02 seconds
Extract time: 0.01 seconds
0.0
Embed time: 0.02 seconds
Extract time: 0.01 seconds
0.0
Embed time: 0.04 seconds
Extract time: 0.01 seconds
0.0
Embed time: 0.02 seconds
Extract time: 0.03 seconds
0.0
Embed time: 0.03 seconds
Extract time: 0.01 seconds
0.0
Embed time: 0.02 seconds
Extract time: 0.01 seconds
0.078125
Embed time: 0.04 seconds
Extract time: 0.01 seconds
0.0
Embed time: 0.02 seconds
Extract time: 0.01 seconds
0.0
Embed time: 0.04 seconds
Extract time: 0.01 seconds
0.0
Embed time: 0.02 seconds
Extract time: 0.01 seconds
0.0
Embed time: 0.05 seconds
Extract time: 0.01 seconds
0.0
Embed time: 0.02 seconds
Extract time: 0.01 seconds
0.015625
Embed time: 0.05 seconds
Extract time: 0.01 seconds
0.0
Embed time: 0.02 seconds
Extract time: 0.01 seconds
0.0
Embed time: 0.05 seconds
Extract time: 0.01 seconds
0.0
Embed time: 0.02 seconds
Extract time: 0.01 seconds
0.0
Embed time: 0.02 seconds
Extract time: 0.01 seconds
0.0
Embed time: 0.02 seconds
Extract time: 0.01 seconds
0.015625
25-06-23 16:44:40.807 - INFO: # Validation # PSNR_Stego: 3.9718e+01, Bit_acc:  6.5625e-03
2025-06-23 16:44:40,807 - INFO - # Validation # PSNR_Stego: 3.9718e+01, Bit_acc:  6.5625e-03
25-06-23 16:44:40.808 - INFO: <epoch:  3, iter:  43,500> PSNR_Stego: 3.9718e+01, Bit_acc:  6.5625e-03
2025-06-23 16:44:40,808 - INFO - <epoch:  3, iter:  43,500> PSNR_Stego: 3.9718e+01, Bit_acc:  6.5625e-03
25-06-23 16:45:03.436 - INFO: <epoch:  3, iter:  43,600, lr:5.000e-05> l_forw_fit: 2.3800e+00 l_msg: 3.2158e-02 
2025-06-23 16:45:03,436 - INFO - <epoch:  3, iter:  43,600, lr:5.000e-05> l_forw_fit: 2.3800e+00 l_msg: 3.2158e-02 
25-06-23 16:45:26.605 - INFO: <epoch:  3, iter:  43,700, lr:5.000e-05> l_forw_fit: 2.9060e+00 l_msg: 0.0000e+00 
2025-06-23 16:45:26,605 - INFO - <epoch:  3, iter:  43,700, lr:5.000e-05> l_forw_fit: 2.9060e+00 l_msg: 0.0000e+00 
25-06-23 16:45:48.954 - INFO: <epoch:  3, iter:  43,800, lr:5.000e-05> l_forw_fit: 2.5267e+00 l_msg: 4.1259e-02 
2025-06-23 16:45:48,954 - INFO - <epoch:  3, iter:  43,800, lr:5.000e-05> l_forw_fit: 2.5267e+00 l_msg: 4.1259e-02 
25-06-23 16:46:12.081 - INFO: <epoch:  3, iter:  43,900, lr:5.000e-05> l_forw_fit: 2.9179e+00 l_msg: 0.0000e+00 
2025-06-23 16:46:12,081 - INFO - <epoch:  3, iter:  43,900, lr:5.000e-05> l_forw_fit: 2.9179e+00 l_msg: 0.0000e+00 
25-06-23 16:46:35.034 - INFO: <epoch:  3, iter:  44,000, lr:5.000e-05> l_forw_fit: 2.8783e+00 l_msg: 6.5517e-04 
2025-06-23 16:46:35,034 - INFO - <epoch:  3, iter:  44,000, lr:5.000e-05> l_forw_fit: 2.8783e+00 l_msg: 6.5517e-04 
Embed time: 0.03 seconds
Extract time: 0.01 seconds
0.0
Embed time: 0.03 seconds
Extract time: 0.01 seconds
0.0
Embed time: 0.02 seconds
Extract time: 0.01 seconds
0.03125
Embed time: 0.02 seconds
Extract time: 0.01 seconds
0.0
Embed time: 0.02 seconds
Extract time: 0.01 seconds
0.015625
Embed time: 0.05 seconds
Extract time: 0.01 seconds
0.0
Embed time: 0.02 seconds
Extract time: 0.01 seconds
0.0
Embed time: 0.02 seconds
Extract time: 0.01 seconds
0.0
Embed time: 0.03 seconds
Extract time: 0.01 seconds
0.0
Embed time: 0.02 seconds
Extract time: 0.01 seconds
0.0
Embed time: 0.05 seconds
Extract time: 0.01 seconds
0.015625
Embed time: 0.02 seconds
Extract time: 0.01 seconds
0.0
Embed time: 0.05 seconds
Extract time: 0.01 seconds
0.015625
Embed time: 0.02 seconds
Extract time: 0.01 seconds
0.03125
Embed time: 0.03 seconds
Extract time: 0.02 seconds
0.0
Embed time: 0.02 seconds
Extract time: 0.01 seconds
0.0
Embed time: 0.05 seconds
Extract time: 0.02 seconds
0.0
Embed time: 0.02 seconds
Extract time: 0.02 seconds
0.015625
Embed time: 0.04 seconds
Extract time: 0.01 seconds
0.0
Embed time: 0.02 seconds
Extract time: 0.01 seconds
0.0
Embed time: 0.04 seconds
Extract time: 0.01 seconds
0.0
Embed time: 0.02 seconds
Extract time: 0.01 seconds
0.015625
Embed time: 0.02 seconds
Extract time: 0.01 seconds
0.0
Embed time: 0.02 seconds
Extract time: 0.01 seconds
0.0
Embed time: 0.02 seconds
Extract time: 0.01 seconds
0.0
Embed time: 0.02 seconds
Extract time: 0.01 seconds
0.0
Embed time: 0.02 seconds
Extract time: 0.01 seconds
0.0
Embed time: 0.02 seconds
Extract time: 0.01 seconds
0.0
Embed time: 0.02 seconds
Extract time: 0.01 seconds
0.015625
Embed time: 0.05 seconds
Extract time: 0.01 seconds
0.0
Embed time: 0.02 seconds
Extract time: 0.01 seconds
0.0
Embed time: 0.02 seconds
Extract time: 0.01 seconds
0.0
Embed time: 0.02 seconds
Extract time: 0.01 seconds
0.0
Embed time: 0.02 seconds
Extract time: 0.01 seconds
0.0
Embed time: 0.03 seconds
Extract time: 0.01 seconds
0.015625
Embed time: 0.02 seconds
Extract time: 0.04 seconds
0.0
Embed time: 0.03 seconds
Extract time: 0.01 seconds
0.0
Embed time: 0.02 seconds
Extract time: 0.01 seconds
0.0
Embed time: 0.06 seconds
Extract time: 0.01 seconds
0.0
Embed time: 0.02 seconds
Extract time: 0.01 seconds
0.0
Embed time: 0.05 seconds
Extract time: 0.01 seconds
0.0
Embed time: 0.02 seconds
Extract time: 0.01 seconds
0.0
Embed time: 0.02 seconds
Extract time: 0.01 seconds
0.0
Embed time: 0.02 seconds
Extract time: 0.01 seconds
0.0625
Embed time: 0.02 seconds
Extract time: 0.01 seconds
0.03125
Embed time: 0.02 seconds
Extract time: 0.01 seconds
0.0
Embed time: 0.02 seconds
Extract time: 0.01 seconds
0.0
Embed time: 0.02 seconds
Extract time: 0.01 seconds
0.0
Embed time: 0.02 seconds
Extract time: 0.01 seconds
0.0
Embed time: 0.02 seconds
Extract time: 0.01 seconds
0.0
Embed time: 0.02 seconds
Extract time: 0.01 seconds
0.0
Embed time: 0.05 seconds
Extract time: 0.01 seconds
0.0
Embed time: 0.02 seconds
Extract time: 0.01 seconds
0.015625
Embed time: 0.05 seconds
Extract time: 0.01 seconds
0.0
Embed time: 0.02 seconds
Extract time: 0.01 seconds
0.0
Embed time: 0.05 seconds
Extract time: 0.01 seconds
0.046875
Embed time: 0.02 seconds
Extract time: 0.01 seconds
0.0
Embed time: 0.02 seconds
Extract time: 0.01 seconds
0.0
Embed time: 0.04 seconds
Extract time: 0.01 seconds
0.0
Embed time: 0.02 seconds
Extract time: 0.01 seconds
0.0
Embed time: 0.04 seconds
Extract time: 0.01 seconds
0.0
Embed time: 0.02 seconds
Extract time: 0.01 seconds
0.0
Embed time: 0.05 seconds
Extract time: 0.01 seconds
0.0
Embed time: 0.02 seconds
Extract time: 0.01 seconds
0.015625
Embed time: 0.05 seconds
Extract time: 0.01 seconds
0.0
Embed time: 0.02 seconds
Extract time: 0.01 seconds
0.0
Embed time: 0.02 seconds
Extract time: 0.01 seconds
0.0
Embed time: 0.02 seconds
Extract time: 0.01 seconds
0.0
Embed time: 0.02 seconds
Extract time: 0.04 seconds
0.0
Embed time: 0.03 seconds
Extract time: 0.01 seconds
0.0
Embed time: 0.02 seconds
Extract time: 0.04 seconds
0.0
Embed time: 0.03 seconds
Extract time: 0.01 seconds
0.0
Embed time: 0.02 seconds
Extract time: 0.01 seconds
0.0
Embed time: 0.02 seconds
Extract time: 0.01 seconds
0.015625
Embed time: 0.02 seconds
Extract time: 0.01 seconds
0.0
Embed time: 0.05 seconds
Extract time: 0.01 seconds
0.0
Embed time: 0.02 seconds
Extract time: 0.01 seconds
0.0
Embed time: 0.02 seconds
Extract time: 0.01 seconds
0.0
Embed time: 0.02 seconds
Extract time: 0.01 seconds
0.0
Embed time: 0.02 seconds
Extract time: 0.01 seconds
0.0
Embed time: 0.02 seconds
Extract time: 0.01 seconds
0.0
Embed time: 0.02 seconds
Extract time: 0.02 seconds
0.0
Embed time: 0.04 seconds
Extract time: 0.01 seconds
0.0
Embed time: 0.02 seconds
Extract time: 0.01 seconds
0.0
Embed time: 0.02 seconds
Extract time: 0.01 seconds
0.0
Embed time: 0.02 seconds
Extract time: 0.01 seconds
0.0
Embed time: 0.02 seconds
Extract time: 0.01 seconds
0.0
Embed time: 0.02 seconds
Extract time: 0.01 seconds
0.078125
Embed time: 0.02 seconds
Extract time: 0.01 seconds
0.0
Embed time: 0.02 seconds
Extract time: 0.01 seconds
0.0
Embed time: 0.02 seconds
Extract time: 0.01 seconds
0.0
Embed time: 0.04 seconds
Extract time: 0.01 seconds
0.0
Embed time: 0.02 seconds
Extract time: 0.01 seconds
0.0
Embed time: 0.04 seconds
Extract time: 0.01 seconds
0.0
Embed time: 0.02 seconds
Extract time: 0.01 seconds
0.015625
Embed time: 0.05 seconds
Extract time: 0.01 seconds
0.0
Embed time: 0.02 seconds
Extract time: 0.01 seconds
0.0
Embed time: 0.02 seconds
Extract time: 0.01 seconds
0.0
Embed time: 0.02 seconds
Extract time: 0.01 seconds
0.015625
Embed time: 0.02 seconds
Extract time: 0.01 seconds
0.0
25-06-23 16:46:50.014 - INFO: # Validation # PSNR_Stego: 3.9488e+01, Bit_acc:  4.6875e-03
2025-06-23 16:46:50,014 - INFO - # Validation # PSNR_Stego: 3.9488e+01, Bit_acc:  4.6875e-03
25-06-23 16:46:50.014 - INFO: <epoch:  3, iter:  44,000> PSNR_Stego: 3.9488e+01, Bit_acc:  4.6875e-03
2025-06-23 16:46:50,014 - INFO - <epoch:  3, iter:  44,000> PSNR_Stego: 3.9488e+01, Bit_acc:  4.6875e-03
25-06-23 16:46:50.015 - INFO: Saving models and training states.
2025-06-23 16:46:50,015 - INFO - Saving models and training states.
Checkpoint save path: /workspace/EditGuard-V1/experiments/train_ibsn_bit_64/models/44000_G.pth

===== Checkpoint State Path: /workspace/EditGuard-V1/experiments/train_ibsn_bit_64/training_state/44000.state =====

25-06-23 16:47:13.257 - INFO: <epoch:  3, iter:  44,100, lr:5.000e-05> l_forw_fit: 2.3067e+00 l_msg: 0.0000e+00 
2025-06-23 16:47:13,257 - INFO - <epoch:  3, iter:  44,100, lr:5.000e-05> l_forw_fit: 2.3067e+00 l_msg: 0.0000e+00 
25-06-23 16:47:36.721 - INFO: <epoch:  3, iter:  44,200, lr:5.000e-05> l_forw_fit: 2.5701e+00 l_msg: 5.3897e-02 
2025-06-23 16:47:36,721 - INFO - <epoch:  3, iter:  44,200, lr:5.000e-05> l_forw_fit: 2.5701e+00 l_msg: 5.3897e-02 
25-06-23 16:47:59.815 - INFO: <epoch:  3, iter:  44,300, lr:5.000e-05> l_forw_fit: 2.5986e+00 l_msg: 8.0037e-03 
2025-06-23 16:47:59,815 - INFO - <epoch:  3, iter:  44,300, lr:5.000e-05> l_forw_fit: 2.5986e+00 l_msg: 8.0037e-03 
25-06-23 16:48:22.988 - INFO: <epoch:  3, iter:  44,400, lr:5.000e-05> l_forw_fit: 1.8793e+00 l_msg: 1.0759e-02 
2025-06-23 16:48:22,988 - INFO - <epoch:  3, iter:  44,400, lr:5.000e-05> l_forw_fit: 1.8793e+00 l_msg: 1.0759e-02 
25-06-23 16:48:46.045 - INFO: <epoch:  3, iter:  44,500, lr:5.000e-05> l_forw_fit: 2.0651e+00 l_msg: 1.2379e-03 
2025-06-23 16:48:46,045 - INFO - <epoch:  3, iter:  44,500, lr:5.000e-05> l_forw_fit: 2.0651e+00 l_msg: 1.2379e-03 
Embed time: 0.03 seconds
Extract time: 0.01 seconds
0.0
Embed time: 0.02 seconds
Extract time: 0.01 seconds
0.0
Embed time: 0.02 seconds
Extract time: 0.01 seconds
0.0
Embed time: 0.02 seconds
Extract time: 0.01 seconds
0.0
Embed time: 0.02 seconds
Extract time: 0.01 seconds
0.0
Embed time: 0.02 seconds
Extract time: 0.01 seconds
0.015625
Embed time: 0.03 seconds
Extract time: 0.01 seconds
0.0
Embed time: 0.02 seconds
Extract time: 0.04 seconds
0.0
Embed time: 0.04 seconds
Extract time: 0.01 seconds
0.015625
Embed time: 0.01 seconds
Extract time: 0.01 seconds
0.0
Embed time: 0.01 seconds
Extract time: 0.01 seconds
0.015625
Embed time: 0.01 seconds
Extract time: 0.01 seconds
0.0
Embed time: 0.05 seconds
Extract time: 0.01 seconds
0.0
Embed time: 0.02 seconds
Extract time: 0.01 seconds
0.0
Embed time: 0.05 seconds
Extract time: 0.01 seconds
0.0
Embed time: 0.01 seconds
Extract time: 0.01 seconds
0.0
Embed time: 0.01 seconds
Extract time: 0.01 seconds
0.0
Embed time: 0.04 seconds
Extract time: 0.01 seconds
0.015625
Embed time: 0.01 seconds
Extract time: 0.01 seconds
0.0
Embed time: 0.03 seconds
Extract time: 0.01 seconds
0.0
Embed time: 0.02 seconds
Extract time: 0.01 seconds
0.0
Embed time: 0.02 seconds
Extract time: 0.01 seconds
0.03125
Embed time: 0.01 seconds
Extract time: 0.01 seconds
0.0
Embed time: 0.01 seconds
Extract time: 0.01 seconds
0.0
Embed time: 0.01 seconds
Extract time: 0.01 seconds
0.0
Embed time: 0.01 seconds
Extract time: 0.01 seconds
0.0
Embed time: 0.02 seconds
Extract time: 0.01 seconds
0.0
Embed time: 0.02 seconds
Extract time: 0.01 seconds
0.0
Embed time: 0.04 seconds
Extract time: 0.01 seconds
0.0
Embed time: 0.01 seconds
Extract time: 0.01 seconds
0.0
Embed time: 0.02 seconds
Extract time: 0.01 seconds
0.015625
Embed time: 0.02 seconds
Extract time: 0.03 seconds
0.0
Embed time: 0.04 seconds
Extract time: 0.01 seconds
0.0
Embed time: 0.02 seconds
Extract time: 0.01 seconds
0.0
Embed time: 0.02 seconds
Extract time: 0.01 seconds
0.03125
Embed time: 0.02 seconds
Extract time: 0.01 seconds
0.0
Embed time: 0.05 seconds
Extract time: 0.01 seconds
0.0
Embed time: 0.02 seconds
Extract time: 0.02 seconds
0.0
Embed time: 0.03 seconds
Extract time: 0.01 seconds
0.0
Embed time: 0.01 seconds
Extract time: 0.01 seconds
0.0
Embed time: 0.05 seconds
Extract time: 0.01 seconds
0.015625
Embed time: 0.01 seconds
Extract time: 0.01 seconds
0.0
Embed time: 0.01 seconds
Extract time: 0.01 seconds
0.015625
Embed time: 0.01 seconds
Extract time: 0.01 seconds
0.0
Embed time: 0.01 seconds
Extract time: 0.01 seconds
0.015625
Embed time: 0.02 seconds
Extract time: 0.01 seconds
0.0
Embed time: 0.01 seconds
Extract time: 0.01 seconds
0.0
Embed time: 0.01 seconds
Extract time: 0.01 seconds
0.0
Embed time: 0.02 seconds
Extract time: 0.01 seconds
0.0
Embed time: 0.01 seconds
Extract time: 0.01 seconds
0.0
Embed time: 0.01 seconds
Extract time: 0.01 seconds
0.015625
Embed time: 0.01 seconds
Extract time: 0.01 seconds
0.0
Embed time: 0.02 seconds
Extract time: 0.01 seconds
0.0
Embed time: 0.02 seconds
Extract time: 0.01 seconds
0.0
Embed time: 0.02 seconds
Extract time: 0.01 seconds
0.125
Embed time: 0.04 seconds
Extract time: 0.01 seconds
0.0
Embed time: 0.01 seconds
Extract time: 0.01 seconds
0.0
Embed time: 0.01 seconds
Extract time: 0.01 seconds
0.0
Embed time: 0.01 seconds
Extract time: 0.01 seconds
0.0
Embed time: 0.02 seconds
Extract time: 0.04 seconds
0.0
Embed time: 0.04 seconds
Extract time: 0.01 seconds
0.0
Embed time: 0.01 seconds
Extract time: 0.01 seconds
0.015625
Embed time: 0.04 seconds
Extract time: 0.01 seconds
0.0
Embed time: 0.01 seconds
Extract time: 0.01 seconds
0.0
Embed time: 0.05 seconds
Extract time: 0.01 seconds
0.046875
Embed time: 0.02 seconds
Extract time: 0.01 seconds
0.0
Embed time: 0.04 seconds
Extract time: 0.01 seconds
0.0
Embed time: 0.01 seconds
Extract time: 0.01 seconds
0.0
Embed time: 0.05 seconds
Extract time: 0.01 seconds
0.015625
Embed time: 0.02 seconds
Extract time: 0.01 seconds
0.0
Embed time: 0.02 seconds
Extract time: 0.01 seconds
0.0
Embed time: 0.01 seconds
Extract time: 0.01 seconds
0.0
Embed time: 0.05 seconds
Extract time: 0.01 seconds
0.046875
Embed time: 0.02 seconds
Extract time: 0.02 seconds
0.0625
Embed time: 0.04 seconds
Extract time: 0.01 seconds
0.0
Embed time: 0.01 seconds
Extract time: 0.01 seconds
0.0
Embed time: 0.05 seconds
Extract time: 0.01 seconds
0.0
Embed time: 0.01 seconds
Extract time: 0.01 seconds
0.0
Embed time: 0.05 seconds
Extract time: 0.01 seconds
0.0
Embed time: 0.02 seconds
Extract time: 0.01 seconds
0.0
Embed time: 0.05 seconds
Extract time: 0.01 seconds
0.03125
Embed time: 0.02 seconds
Extract time: 0.01 seconds
0.0
Embed time: 0.05 seconds
Extract time: 0.01 seconds
0.0
Embed time: 0.01 seconds
Extract time: 0.01 seconds
0.015625
Embed time: 0.05 seconds
Extract time: 0.01 seconds
0.0
Embed time: 0.01 seconds
Extract time: 0.01 seconds
0.0
Embed time: 0.05 seconds
Extract time: 0.01 seconds
0.0
Embed time: 0.01 seconds
Extract time: 0.01 seconds
0.0
Embed time: 0.05 seconds
Extract time: 0.01 seconds
0.0
Embed time: 0.02 seconds
Extract time: 0.01 seconds
0.0
Embed time: 0.01 seconds
Extract time: 0.01 seconds
0.0
Embed time: 0.01 seconds
Extract time: 0.01 seconds
0.03125
Embed time: 0.01 seconds
Extract time: 0.01 seconds
0.0
Embed time: 0.03 seconds
Extract time: 0.01 seconds
0.0
Embed time: 0.01 seconds
Extract time: 0.01 seconds
0.0
Embed time: 0.01 seconds
Extract time: 0.01 seconds
0.0
Embed time: 0.01 seconds
Extract time: 0.01 seconds
0.0
Embed time: 0.01 seconds
Extract time: 0.01 seconds
0.0
Embed time: 0.02 seconds
Extract time: 0.01 seconds
0.0
Embed time: 0.01 seconds
Extract time: 0.01 seconds
0.0
25-06-23 16:49:01.113 - INFO: # Validation # PSNR_Stego: 4.0441e+01, Bit_acc:  5.9375e-03
2025-06-23 16:49:01,113 - INFO - # Validation # PSNR_Stego: 4.0441e+01, Bit_acc:  5.9375e-03
25-06-23 16:49:01.114 - INFO: <epoch:  3, iter:  44,500> PSNR_Stego: 4.0441e+01, Bit_acc:  5.9375e-03
2025-06-23 16:49:01,114 - INFO - <epoch:  3, iter:  44,500> PSNR_Stego: 4.0441e+01, Bit_acc:  5.9375e-03
25-06-23 16:49:23.649 - INFO: <epoch:  3, iter:  44,600, lr:5.000e-05> l_forw_fit: 2.4771e+00 l_msg: 0.0000e+00 
2025-06-23 16:49:23,649 - INFO - <epoch:  3, iter:  44,600, lr:5.000e-05> l_forw_fit: 2.4771e+00 l_msg: 0.0000e+00 
25-06-23 16:49:46.275 - INFO: <epoch:  3, iter:  44,700, lr:5.000e-05> l_forw_fit: 2.4036e+00 l_msg: 2.9433e-02 
2025-06-23 16:49:46,275 - INFO - <epoch:  3, iter:  44,700, lr:5.000e-05> l_forw_fit: 2.4036e+00 l_msg: 2.9433e-02 
25-06-23 16:50:09.583 - INFO: <epoch:  3, iter:  44,800, lr:5.000e-05> l_forw_fit: 2.7402e+00 l_msg: 0.0000e+00 
2025-06-23 16:50:09,583 - INFO - <epoch:  3, iter:  44,800, lr:5.000e-05> l_forw_fit: 2.7402e+00 l_msg: 0.0000e+00 
25-06-23 16:50:32.285 - INFO: <epoch:  3, iter:  44,900, lr:5.000e-05> l_forw_fit: 2.0816e+00 l_msg: 3.3153e-02 
2025-06-23 16:50:32,285 - INFO - <epoch:  3, iter:  44,900, lr:5.000e-05> l_forw_fit: 2.0816e+00 l_msg: 3.3153e-02 
25-06-23 16:50:55.368 - INFO: <epoch:  3, iter:  45,000, lr:5.000e-05> l_forw_fit: 2.2484e+00 l_msg: 2.9307e-04 
2025-06-23 16:50:55,368 - INFO - <epoch:  3, iter:  45,000, lr:5.000e-05> l_forw_fit: 2.2484e+00 l_msg: 2.9307e-04 
Embed time: 0.03 seconds
Extract time: 0.01 seconds
0.0
Embed time: 0.02 seconds
Extract time: 0.01 seconds
0.0
Embed time: 0.02 seconds
Extract time: 0.01 seconds
0.0
Embed time: 0.05 seconds
Extract time: 0.01 seconds
0.0
Embed time: 0.02 seconds
Extract time: 0.01 seconds
0.0
Embed time: 0.02 seconds
Extract time: 0.01 seconds
0.0625
Embed time: 0.02 seconds
Extract time: 0.01 seconds
0.0
Embed time: 0.02 seconds
Extract time: 0.01 seconds
0.0
Embed time: 0.05 seconds
Extract time: 0.01 seconds
0.0
Embed time: 0.02 seconds
Extract time: 0.01 seconds
0.0
Embed time: 0.02 seconds
Extract time: 0.01 seconds
0.03125
Embed time: 0.02 seconds
Extract time: 0.01 seconds
0.0
Embed time: 0.02 seconds
Extract time: 0.01 seconds
0.015625
Embed time: 0.02 seconds
Extract time: 0.01 seconds
0.0
Embed time: 0.02 seconds
Extract time: 0.01 seconds
0.0
Embed time: 0.03 seconds
Extract time: 0.01 seconds
0.0
Embed time: 0.02 seconds
Extract time: 0.01 seconds
0.0
Embed time: 0.05 seconds
Extract time: 0.01 seconds
0.0
Embed time: 0.02 seconds
Extract time: 0.01 seconds
0.0
Embed time: 0.04 seconds
Extract time: 0.01 seconds
0.0
Embed time: 0.02 seconds
Extract time: 0.01 seconds
0.0
Embed time: 0.02 seconds
Extract time: 0.01 seconds
0.109375
Embed time: 0.02 seconds
Extract time: 0.01 seconds
0.0
Embed time: 0.02 seconds
Extract time: 0.06 seconds
0.0
Embed time: 0.03 seconds
Extract time: 0.01 seconds
0.0
Embed time: 0.02 seconds
Extract time: 0.01 seconds
0.0
Embed time: 0.05 seconds
Extract time: 0.01 seconds
0.0
Embed time: 0.02 seconds
Extract time: 0.01 seconds
0.0
Embed time: 0.05 seconds
Extract time: 0.01 seconds
0.015625
Embed time: 0.02 seconds
Extract time: 0.01 seconds
0.0
Embed time: 0.02 seconds
Extract time: 0.01 seconds
0.078125
Embed time: 0.01 seconds
Extract time: 0.01 seconds
0.0
Embed time: 0.02 seconds
Extract time: 0.01 seconds
0.0
Embed time: 0.03 seconds
Extract time: 0.01 seconds
0.0
Embed time: 0.02 seconds
Extract time: 0.01 seconds
0.0
Embed time: 0.05 seconds
Extract time: 0.01 seconds
0.0
Embed time: 0.02 seconds
Extract time: 0.01 seconds
0.0
Embed time: 0.01 seconds
Extract time: 0.01 seconds
0.0
Embed time: 0.02 seconds
Extract time: 0.01 seconds
0.015625
Embed time: 0.05 seconds
Extract time: 0.01 seconds
0.0
Embed time: 0.02 seconds
Extract time: 0.01 seconds
0.015625
Embed time: 0.05 seconds
Extract time: 0.01 seconds
0.0
Embed time: 0.03 seconds
Extract time: 0.01 seconds
0.125
Embed time: 0.03 seconds
Extract time: 0.01 seconds
0.015625
Embed time: 0.03 seconds
Extract time: 0.01 seconds
0.0
Embed time: 0.02 seconds
Extract time: 0.01 seconds
0.0
Embed time: 0.05 seconds
Extract time: 0.01 seconds
0.0
Embed time: 0.02 seconds
Extract time: 0.01 seconds
0.0
Embed time: 0.05 seconds
Extract time: 0.01 seconds
0.0
Embed time: 0.02 seconds
Extract time: 0.01 seconds
0.015625
Embed time: 0.05 seconds
Extract time: 0.01 seconds
0.0
Embed time: 0.02 seconds
Extract time: 0.01 seconds
0.0
Embed time: 0.05 seconds
Extract time: 0.01 seconds
0.0
Embed time: 0.02 seconds
Extract time: 0.01 seconds
0.0
Embed time: 0.05 seconds
Extract time: 0.01 seconds
0.0
Embed time: 0.02 seconds
Extract time: 0.01 seconds
0.0
Embed time: 0.04 seconds
Extract time: 0.01 seconds
0.0
Embed time: 0.02 seconds
Extract time: 0.01 seconds
0.015625
Embed time: 0.05 seconds
Extract time: 0.01 seconds
0.0
Embed time: 0.02 seconds
Extract time: 0.01 seconds
0.0
Embed time: 0.06 seconds
Extract time: 0.01 seconds
0.0
Embed time: 0.02 seconds
Extract time: 0.01 seconds
0.015625
Embed time: 0.05 seconds
Extract time: 0.01 seconds
0.0
Embed time: 0.02 seconds
Extract time: 0.01 seconds
0.03125
Embed time: 0.05 seconds
Extract time: 0.01 seconds
0.03125
Embed time: 0.02 seconds
Extract time: 0.01 seconds
0.0
Embed time: 0.05 seconds
Extract time: 0.01 seconds
0.015625
Embed time: 0.02 seconds
Extract time: 0.01 seconds
0.0
Embed time: 0.02 seconds
Extract time: 0.01 seconds
0.015625
Embed time: 0.02 seconds
Extract time: 0.01 seconds
0.0
Embed time: 0.06 seconds
Extract time: 0.02 seconds
0.0
Embed time: 0.02 seconds
Extract time: 0.01 seconds
0.015625
Embed time: 0.04 seconds
Extract time: 0.01 seconds
0.03125
Embed time: 0.02 seconds
Extract time: 0.01 seconds
0.0
Embed time: 0.05 seconds
Extract time: 0.01 seconds
0.0
Embed time: 0.02 seconds
Extract time: 0.05 seconds
0.0
Embed time: 0.03 seconds
Extract time: 0.01 seconds
0.0
Embed time: 0.01 seconds
Extract time: 0.01 seconds
0.0
Embed time: 0.03 seconds
Extract time: 0.01 seconds
0.0
Embed time: 0.02 seconds
Extract time: 0.01 seconds
0.0
Embed time: 0.05 seconds
Extract time: 0.01 seconds
0.0
Embed time: 0.02 seconds
Extract time: 0.01 seconds
0.0
Embed time: 0.02 seconds
Extract time: 0.04 seconds
0.0
Embed time: 0.02 seconds
Extract time: 0.01 seconds
0.0
Embed time: 0.05 seconds
Extract time: 0.01 seconds
0.015625
Embed time: 0.02 seconds
Extract time: 0.01 seconds
0.078125
Embed time: 0.04 seconds
Extract time: 0.01 seconds
0.0
Embed time: 0.02 seconds
Extract time: 0.01 seconds
0.09375
Embed time: 0.02 seconds
Extract time: 0.01 seconds
0.0
Embed time: 0.02 seconds
Extract time: 0.05 seconds
0.0
Embed time: 0.03 seconds
Extract time: 0.01 seconds
0.015625
Embed time: 0.02 seconds
Extract time: 0.01 seconds
0.015625
Embed time: 0.02 seconds
Extract time: 0.01 seconds
0.0
Embed time: 0.02 seconds
Extract time: 0.01 seconds
0.0
Embed time: 0.02 seconds
Extract time: 0.01 seconds
0.0
Embed time: 0.02 seconds
Extract time: 0.01 seconds
0.0
Embed time: 0.02 seconds
Extract time: 0.01 seconds
0.0
Embed time: 0.02 seconds
Extract time: 0.01 seconds
0.0
Embed time: 0.02 seconds
Extract time: 0.01 seconds
0.0
Embed time: 0.05 seconds
Extract time: 0.01 seconds
0.0
25-06-23 16:51:10.498 - INFO: # Validation # PSNR_Stego: 3.9907e+01, Bit_acc:  8.9062e-03
2025-06-23 16:51:10,498 - INFO - # Validation # PSNR_Stego: 3.9907e+01, Bit_acc:  8.9062e-03
25-06-23 16:51:10.499 - INFO: <epoch:  3, iter:  45,000> PSNR_Stego: 3.9907e+01, Bit_acc:  8.9062e-03
2025-06-23 16:51:10,499 - INFO - <epoch:  3, iter:  45,000> PSNR_Stego: 3.9907e+01, Bit_acc:  8.9062e-03
25-06-23 16:51:10.499 - INFO: Saving models and training states.
2025-06-23 16:51:10,499 - INFO - Saving models and training states.
Checkpoint save path: /workspace/EditGuard-V1/experiments/train_ibsn_bit_64/models/45000_G.pth

===== Checkpoint State Path: /workspace/EditGuard-V1/experiments/train_ibsn_bit_64/training_state/45000.state =====

========== Epoch: 4 ==========
========== Epoch: 5 ==========
========== Epoch: 6 ==========
25-06-23 16:51:35.798 - INFO: Saving the final model.
2025-06-23 16:51:35,798 - INFO - Saving the final model.
Checkpoint save path: /workspace/EditGuard-V1/experiments/train_ibsn_bit_64/models/latest_G.pth
25-06-23 16:51:35.971 - INFO: End of training.
2025-06-23 16:51:35,971 - INFO - End of training.
