export CUDA_VISIBLE_DEVICES=0,1
Disabled distributed training.
2025-06-24 12:26:23,381 - INFO - Set [pretrain_model_G] to /workspace/EditGuard-V1/experiments/train_ibsn_bit_64/models/45000_G.pth
25-06-24 12:26:23.382 - INFO:   name: train_ibsn_bit_64
  use_tb_logger: True
  model: MIMO-VRN-h
  distortion: sr
  scale: 4
  gpu_ids: [0, 1]
  gop: 1
  num_image: 1
  addnoise: False
  noisesigma: 0.05
  addjpeg: False
  jpegfactor: 90
  addpossion: False
  addblur: False
  addcolorjitter: False
  sdinpaint: False
  controlnetinpaint: False
  sdxl: False
  repaint: False
  sdprompt: False
  sdxlprompt: False
  faceswap: False
  hide: True
  bithide: True
  degrade_shuffle: True
  prompt: True
  prompt_len: 3
  message_length: 64
  losstype: mse
  mode: bit
  datasets:[
    train:[
      name: Vimeo90K
      mode: train
      interval_list: [1]
      random_reverse: False
      border_mode: False
      data_path: ../dataset/COCO-30000-images
      txt_path: ../dataset/COCO-30000-images.txt
      dataroot_LQ: /root/vimeo90k/vimeo90k_train_LR7frames.lmdb
      cache_keys: Vimeo90K_train_keys.pkl
      num_image: 1
      N_frames: 7
      use_shuffle: True
      n_workers: 24
      batch_size: 4
      GT_size: 400
      LQ_size: 36
      use_flip: True
      use_rot: True
      color: RGB
      phase: train
      scale: 4
      data_type: lmdb
    ]
    val:[
      num_image: 1
      name: Vid4
      mode: test
      data_path: ../dataset/valAGE-Set
      txt_path: ../dataset/sep_vallist.txt
      N_frames: 1
      padding: new_info
      pred_interval: -1
      phase: val
      scale: 4
      data_type: img
    ]
  ]
  network_G:[
    which_model_G:[
      subnet_type: DBNet
    ]
    in_nc: 12
    out_nc: 12
    block_num: [6, 6]
    scale: 4
    init: xavier_group
    block_num_rbm: 8
    block_num_trans: 4
  ]
  path:[
    pretrain_model_G: /workspace/EditGuard-V1/experiments/train_ibsn_bit_64/models/45000_G.pth
    models: /workspace/EditGuard-V1/experiments/train_ibsn_bit_64/models
    strict_load: True
    resume_state: /workspace/EditGuard-V1/experiments/train_ibsn_bit_64/training_state/45000.state
    root: /workspace/EditGuard-V1
    experiments_root: /workspace/EditGuard-V1/experiments/train_ibsn_bit_64
    training_state: /workspace/EditGuard-V1/experiments/train_ibsn_bit_64/training_state
    log: /workspace/EditGuard-V1/experiments/train_ibsn_bit_64
    val_images: /workspace/EditGuard-V1/experiments/train_ibsn_bit_64/val_images
  ]
  train:[
    lr_G: 0.0001
    beta1: 0.9
    beta2: 0.5
    niter: 60000
    warmup_iter: -1
    lr_scheme: MultiStepLR
    lr_steps: [30000, 100000, 250000]
    lr_gamma: 0.5
    pixel_criterion_forw: l2
    pixel_criterion_back: l1
    manual_seed: 10
    val_freq: 500.0
    lambda_fit_forw: 1.0
    lambda_rec_back: 1
    lambda_center: 0
    lambda_msg: 100.0
    progressive: False
    weight_decay_G: 1e-12
    gradient_clipping: 10
  ]
  logger:[
    print_freq: 100
    save_checkpoint_freq: 1000.0
  ]
  is_train: True
  dist: False

2025-06-24 12:26:23,382 - INFO -   name: train_ibsn_bit_64
  use_tb_logger: True
  model: MIMO-VRN-h
  distortion: sr
  scale: 4
  gpu_ids: [0, 1]
  gop: 1
  num_image: 1
  addnoise: False
  noisesigma: 0.05
  addjpeg: False
  jpegfactor: 90
  addpossion: False
  addblur: False
  addcolorjitter: False
  sdinpaint: False
  controlnetinpaint: False
  sdxl: False
  repaint: False
  sdprompt: False
  sdxlprompt: False
  faceswap: False
  hide: True
  bithide: True
  degrade_shuffle: True
  prompt: True
  prompt_len: 3
  message_length: 64
  losstype: mse
  mode: bit
  datasets:[
    train:[
      name: Vimeo90K
      mode: train
      interval_list: [1]
      random_reverse: False
      border_mode: False
      data_path: ../dataset/COCO-30000-images
      txt_path: ../dataset/COCO-30000-images.txt
      dataroot_LQ: /root/vimeo90k/vimeo90k_train_LR7frames.lmdb
      cache_keys: Vimeo90K_train_keys.pkl
      num_image: 1
      N_frames: 7
      use_shuffle: True
      n_workers: 24
      batch_size: 4
      GT_size: 400
      LQ_size: 36
      use_flip: True
      use_rot: True
      color: RGB
      phase: train
      scale: 4
      data_type: lmdb
    ]
    val:[
      num_image: 1
      name: Vid4
      mode: test
      data_path: ../dataset/valAGE-Set
      txt_path: ../dataset/sep_vallist.txt
      N_frames: 1
      padding: new_info
      pred_interval: -1
      phase: val
      scale: 4
      data_type: img
    ]
  ]
  network_G:[
    which_model_G:[
      subnet_type: DBNet
    ]
    in_nc: 12
    out_nc: 12
    block_num: [6, 6]
    scale: 4
    init: xavier_group
    block_num_rbm: 8
    block_num_trans: 4
  ]
  path:[
    pretrain_model_G: /workspace/EditGuard-V1/experiments/train_ibsn_bit_64/models/45000_G.pth
    models: /workspace/EditGuard-V1/experiments/train_ibsn_bit_64/models
    strict_load: True
    resume_state: /workspace/EditGuard-V1/experiments/train_ibsn_bit_64/training_state/45000.state
    root: /workspace/EditGuard-V1
    experiments_root: /workspace/EditGuard-V1/experiments/train_ibsn_bit_64
    training_state: /workspace/EditGuard-V1/experiments/train_ibsn_bit_64/training_state
    log: /workspace/EditGuard-V1/experiments/train_ibsn_bit_64
    val_images: /workspace/EditGuard-V1/experiments/train_ibsn_bit_64/val_images
  ]
  train:[
    lr_G: 0.0001
    beta1: 0.9
    beta2: 0.5
    niter: 60000
    warmup_iter: -1
    lr_scheme: MultiStepLR
    lr_steps: [30000, 100000, 250000]
    lr_gamma: 0.5
    pixel_criterion_forw: l2
    pixel_criterion_back: l1
    manual_seed: 10
    val_freq: 500.0
    lambda_fit_forw: 1.0
    lambda_rec_back: 1
    lambda_center: 0
    lambda_msg: 100.0
    progressive: False
    weight_decay_G: 1e-12
    gradient_clipping: 10
  ]
  logger:[
    print_freq: 100
    save_checkpoint_freq: 1000.0
  ]
  is_train: True
  dist: False

25-06-24 12:26:23.449 - INFO: Random seed: 10
2025-06-24 12:26:23,449 - INFO - Random seed: 10
train
25-06-24 12:26:23.457 - INFO: Temporal augmentation interval list: [1], with random reverse is False.
2025-06-24 12:26:23,457 - INFO - Temporal augmentation interval list: [1], with random reverse is False.
25-06-24 12:26:23.468 - INFO: Dataset [CoCoDataset - Vimeo90K] is created.
2025-06-24 12:26:23,468 - INFO - Dataset [CoCoDataset - Vimeo90K] is created.
25-06-24 12:26:23.469 - INFO: Number of train images: 30,000, iters: 7,500
2025-06-24 12:26:23,469 - INFO - Number of train images: 30,000, iters: 7,500
25-06-24 12:26:23.469 - INFO: Total epochs needed: 8 for iters 60,000
2025-06-24 12:26:23,469 - INFO - Total epochs needed: 8 for iters 60,000
test
25-06-24 12:26:23.469 - INFO: Dataset [imageTestDataset - Vid4] is created.
2025-06-24 12:26:23,469 - INFO - Dataset [imageTestDataset - Vid4] is created.
25-06-24 12:26:23.469 - INFO: Number of val images in [Vid4]: 100
2025-06-24 12:26:23,469 - INFO - Number of val images in [Vid4]: 100
SEAttention
SEAttention
SEAttention
SEAttention
SEAttention
SEAttention
SEAttention
SEAttention
SEAttention
SEAttention
SEAttention
SEAttention
25-06-24 12:26:24.684 - INFO: Network G structure: DataParallel - VSN, with parameters: 4,648,796
2025-06-24 12:26:24,684 - INFO - Network G structure: DataParallel - VSN, with parameters: 4,648,796
25-06-24 12:26:24.684 - INFO: VSN(
  (bitencoder): DW_Encoder_2(
    (conv1): DSConvBlock(
      (layers): Sequential(
        (0): DSConvINRelu(
          (dw): Conv2d(3, 3, kernel_size=(3, 3), stride=(1, 1), padding=(1, 1), groups=3, bias=False)
          (dw_norm): InstanceNorm2d(3, eps=1e-05, momentum=0.1, affine=False, track_running_stats=False)
          (dw_act): ReLU(inplace=True)
          (pw): Conv2d(3, 16, kernel_size=(1, 1), stride=(1, 1), bias=False)
          (pw_norm): InstanceNorm2d(16, eps=1e-05, momentum=0.1, affine=False, track_running_stats=False)
          (pw_act): ReLU(inplace=True)
        )
        (1): DSConvINRelu(
          (dw): Conv2d(16, 16, kernel_size=(3, 3), stride=(1, 1), padding=(1, 1), groups=16, bias=False)
          (dw_norm): InstanceNorm2d(16, eps=1e-05, momentum=0.1, affine=False, track_running_stats=False)
          (dw_act): ReLU(inplace=True)
          (pw): Conv2d(16, 16, kernel_size=(1, 1), stride=(1, 1), bias=False)
          (pw_norm): InstanceNorm2d(16, eps=1e-05, momentum=0.1, affine=False, track_running_stats=False)
          (pw_act): ReLU(inplace=True)
        )
      )
    )
    (down1): Down(
      (layer): Sequential(
        (0): DSConvINRelu(
          (dw): Conv2d(16, 16, kernel_size=(3, 3), stride=(2, 2), padding=(1, 1), groups=16, bias=False)
          (dw_norm): InstanceNorm2d(16, eps=1e-05, momentum=0.1, affine=False, track_running_stats=False)
          (dw_act): ReLU(inplace=True)
          (pw): Conv2d(16, 16, kernel_size=(1, 1), stride=(1, 1), bias=False)
          (pw_norm): InstanceNorm2d(16, eps=1e-05, momentum=0.1, affine=False, track_running_stats=False)
          (pw_act): ReLU(inplace=True)
        )
        (1): DSConvBlock(
          (layers): Sequential(
            (0): DSConvINRelu(
              (dw): Conv2d(16, 16, kernel_size=(3, 3), stride=(1, 1), padding=(1, 1), groups=16, bias=False)
              (dw_norm): InstanceNorm2d(16, eps=1e-05, momentum=0.1, affine=False, track_running_stats=False)
              (dw_act): ReLU(inplace=True)
              (pw): Conv2d(16, 32, kernel_size=(1, 1), stride=(1, 1), bias=False)
              (pw_norm): InstanceNorm2d(32, eps=1e-05, momentum=0.1, affine=False, track_running_stats=False)
              (pw_act): ReLU(inplace=True)
            )
            (1): DSConvINRelu(
              (dw): Conv2d(32, 32, kernel_size=(3, 3), stride=(1, 1), padding=(1, 1), groups=32, bias=False)
              (dw_norm): InstanceNorm2d(32, eps=1e-05, momentum=0.1, affine=False, track_running_stats=False)
              (dw_act): ReLU(inplace=True)
              (pw): Conv2d(32, 32, kernel_size=(1, 1), stride=(1, 1), bias=False)
              (pw_norm): InstanceNorm2d(32, eps=1e-05, momentum=0.1, affine=False, track_running_stats=False)
              (pw_act): ReLU(inplace=True)
            )
          )
        )
      )
    )
    (down2): Down(
      (layer): Sequential(
        (0): DSConvINRelu(
          (dw): Conv2d(32, 32, kernel_size=(3, 3), stride=(2, 2), padding=(1, 1), groups=32, bias=False)
          (dw_norm): InstanceNorm2d(32, eps=1e-05, momentum=0.1, affine=False, track_running_stats=False)
          (dw_act): ReLU(inplace=True)
          (pw): Conv2d(32, 32, kernel_size=(1, 1), stride=(1, 1), bias=False)
          (pw_norm): InstanceNorm2d(32, eps=1e-05, momentum=0.1, affine=False, track_running_stats=False)
          (pw_act): ReLU(inplace=True)
        )
        (1): DSConvBlock(
          (layers): Sequential(
            (0): DSConvINRelu(
              (dw): Conv2d(32, 32, kernel_size=(3, 3), stride=(1, 1), padding=(1, 1), groups=32, bias=False)
              (dw_norm): InstanceNorm2d(32, eps=1e-05, momentum=0.1, affine=False, track_running_stats=False)
              (dw_act): ReLU(inplace=True)
              (pw): Conv2d(32, 64, kernel_size=(1, 1), stride=(1, 1), bias=False)
              (pw_norm): InstanceNorm2d(64, eps=1e-05, momentum=0.1, affine=False, track_running_stats=False)
              (pw_act): ReLU(inplace=True)
            )
            (1): DSConvINRelu(
              (dw): Conv2d(64, 64, kernel_size=(3, 3), stride=(1, 1), padding=(1, 1), groups=64, bias=False)
              (dw_norm): InstanceNorm2d(64, eps=1e-05, momentum=0.1, affine=False, track_running_stats=False)
              (dw_act): ReLU(inplace=True)
              (pw): Conv2d(64, 64, kernel_size=(1, 1), stride=(1, 1), bias=False)
              (pw_norm): InstanceNorm2d(64, eps=1e-05, momentum=0.1, affine=False, track_running_stats=False)
              (pw_act): ReLU(inplace=True)
            )
          )
        )
      )
    )
    (down3): Down(
      (layer): Sequential(
        (0): DSConvINRelu(
          (dw): Conv2d(64, 64, kernel_size=(3, 3), stride=(2, 2), padding=(1, 1), groups=64, bias=False)
          (dw_norm): InstanceNorm2d(64, eps=1e-05, momentum=0.1, affine=False, track_running_stats=False)
          (dw_act): ReLU(inplace=True)
          (pw): Conv2d(64, 64, kernel_size=(1, 1), stride=(1, 1), bias=False)
          (pw_norm): InstanceNorm2d(64, eps=1e-05, momentum=0.1, affine=False, track_running_stats=False)
          (pw_act): ReLU(inplace=True)
        )
        (1): DSConvBlock(
          (layers): Sequential(
            (0): DSConvINRelu(
              (dw): Conv2d(64, 64, kernel_size=(3, 3), stride=(1, 1), padding=(1, 1), groups=64, bias=False)
              (dw_norm): InstanceNorm2d(64, eps=1e-05, momentum=0.1, affine=False, track_running_stats=False)
              (dw_act): ReLU(inplace=True)
              (pw): Conv2d(64, 128, kernel_size=(1, 1), stride=(1, 1), bias=False)
              (pw_norm): InstanceNorm2d(128, eps=1e-05, momentum=0.1, affine=False, track_running_stats=False)
              (pw_act): ReLU(inplace=True)
            )
            (1): DSConvINRelu(
              (dw): Conv2d(128, 128, kernel_size=(3, 3), stride=(1, 1), padding=(1, 1), groups=128, bias=False)
              (dw_norm): InstanceNorm2d(128, eps=1e-05, momentum=0.1, affine=False, track_running_stats=False)
              (dw_act): ReLU(inplace=True)
              (pw): Conv2d(128, 128, kernel_size=(1, 1), stride=(1, 1), bias=False)
              (pw_norm): InstanceNorm2d(128, eps=1e-05, momentum=0.1, affine=False, track_running_stats=False)
              (pw_act): ReLU(inplace=True)
            )
          )
        )
      )
    )
    (up2): UP(
      (conv): DSConvBlock(
        (layers): Sequential(
          (0): DSConvINRelu(
            (dw): Conv2d(128, 128, kernel_size=(3, 3), stride=(1, 1), padding=(1, 1), groups=128, bias=False)
            (dw_norm): InstanceNorm2d(128, eps=1e-05, momentum=0.1, affine=False, track_running_stats=False)
            (dw_act): ReLU(inplace=True)
            (pw): Conv2d(128, 64, kernel_size=(1, 1), stride=(1, 1), bias=False)
            (pw_norm): InstanceNorm2d(64, eps=1e-05, momentum=0.1, affine=False, track_running_stats=False)
            (pw_act): ReLU(inplace=True)
          )
        )
      )
    )
    (linear2): Linear(in_features=64, out_features=4096, bias=True)
    (Conv_message2): DSConvBlock(
      (layers): Sequential(
        (0): DSConvINRelu(
          (dw): Conv2d(1, 1, kernel_size=(3, 3), stride=(1, 1), padding=(1, 1), bias=False)
          (dw_norm): InstanceNorm2d(1, eps=1e-05, momentum=0.1, affine=False, track_running_stats=False)
          (dw_act): ReLU(inplace=True)
          (pw): Conv2d(1, 64, kernel_size=(1, 1), stride=(1, 1), bias=False)
          (pw_norm): InstanceNorm2d(64, eps=1e-05, momentum=0.1, affine=False, track_running_stats=False)
          (pw_act): ReLU(inplace=True)
        )
        (1): DSConvINRelu(
          (dw): Conv2d(64, 64, kernel_size=(3, 3), stride=(1, 1), padding=(1, 1), groups=64, bias=False)
          (dw_norm): InstanceNorm2d(64, eps=1e-05, momentum=0.1, affine=False, track_running_stats=False)
          (dw_act): ReLU(inplace=True)
          (pw): Conv2d(64, 64, kernel_size=(1, 1), stride=(1, 1), bias=False)
          (pw_norm): InstanceNorm2d(64, eps=1e-05, momentum=0.1, affine=False, track_running_stats=False)
          (pw_act): ReLU(inplace=True)
        )
      )
    )
    (att2): ResBlock(
      (layers): Sequential(
        (0): BottleneckBlock(
          (change): Sequential(
            (0): Conv2d(192, 64, kernel_size=(1, 1), stride=(1, 1), bias=False)
            (1): InstanceNorm2d(64, eps=1e-05, momentum=0.1, affine=False, track_running_stats=False)
          )
          (left): Sequential(
            (0): Conv2d(192, 64, kernel_size=(1, 1), stride=(1, 1), bias=False)
            (1): InstanceNorm2d(64, eps=1e-05, momentum=0.1, affine=False, track_running_stats=False)
            (2): ReLU(inplace=True)
            (3): Conv2d(64, 64, kernel_size=(3, 3), stride=(1, 1), padding=(1, 1), bias=False)
            (4): InstanceNorm2d(64, eps=1e-05, momentum=0.1, affine=False, track_running_stats=False)
            (5): ReLU(inplace=True)
            (6): Conv2d(64, 64, kernel_size=(1, 1), stride=(1, 1), bias=False)
            (7): InstanceNorm2d(64, eps=1e-05, momentum=0.1, affine=False, track_running_stats=False)
          )
          (attention): SEAttention(
            (se): Sequential(
              (0): AdaptiveAvgPool2d(output_size=(1, 1))
              (1): Conv2d(64, 8, kernel_size=(1, 1), stride=(1, 1), bias=False)
              (2): ReLU(inplace=True)
              (3): Conv2d(8, 64, kernel_size=(1, 1), stride=(1, 1), bias=False)
              (4): Sigmoid()
            )
          )
        )
        (1): BottleneckBlock(
          (left): Sequential(
            (0): Conv2d(64, 64, kernel_size=(1, 1), stride=(1, 1), bias=False)
            (1): InstanceNorm2d(64, eps=1e-05, momentum=0.1, affine=False, track_running_stats=False)
            (2): ReLU(inplace=True)
            (3): Conv2d(64, 64, kernel_size=(3, 3), stride=(1, 1), padding=(1, 1), bias=False)
            (4): InstanceNorm2d(64, eps=1e-05, momentum=0.1, affine=False, track_running_stats=False)
            (5): ReLU(inplace=True)
            (6): Conv2d(64, 64, kernel_size=(1, 1), stride=(1, 1), bias=False)
            (7): InstanceNorm2d(64, eps=1e-05, momentum=0.1, affine=False, track_running_stats=False)
          )
          (attention): SEAttention(
            (se): Sequential(
              (0): AdaptiveAvgPool2d(output_size=(1, 1))
              (1): Conv2d(64, 8, kernel_size=(1, 1), stride=(1, 1), bias=False)
              (2): ReLU(inplace=True)
              (3): Conv2d(8, 64, kernel_size=(1, 1), stride=(1, 1), bias=False)
              (4): Sigmoid()
            )
          )
        )
      )
    )
    (up1): UP(
      (conv): DSConvBlock(
        (layers): Sequential(
          (0): DSConvINRelu(
            (dw): Conv2d(64, 64, kernel_size=(3, 3), stride=(1, 1), padding=(1, 1), groups=64, bias=False)
            (dw_norm): InstanceNorm2d(64, eps=1e-05, momentum=0.1, affine=False, track_running_stats=False)
            (dw_act): ReLU(inplace=True)
            (pw): Conv2d(64, 32, kernel_size=(1, 1), stride=(1, 1), bias=False)
            (pw_norm): InstanceNorm2d(32, eps=1e-05, momentum=0.1, affine=False, track_running_stats=False)
            (pw_act): ReLU(inplace=True)
          )
        )
      )
    )
    (linear1): Linear(in_features=64, out_features=4096, bias=True)
    (Conv_message1): DSConvBlock(
      (layers): Sequential(
        (0): DSConvINRelu(
          (dw): Conv2d(1, 1, kernel_size=(3, 3), stride=(1, 1), padding=(1, 1), bias=False)
          (dw_norm): InstanceNorm2d(1, eps=1e-05, momentum=0.1, affine=False, track_running_stats=False)
          (dw_act): ReLU(inplace=True)
          (pw): Conv2d(1, 64, kernel_size=(1, 1), stride=(1, 1), bias=False)
          (pw_norm): InstanceNorm2d(64, eps=1e-05, momentum=0.1, affine=False, track_running_stats=False)
          (pw_act): ReLU(inplace=True)
        )
        (1): DSConvINRelu(
          (dw): Conv2d(64, 64, kernel_size=(3, 3), stride=(1, 1), padding=(1, 1), groups=64, bias=False)
          (dw_norm): InstanceNorm2d(64, eps=1e-05, momentum=0.1, affine=False, track_running_stats=False)
          (dw_act): ReLU(inplace=True)
          (pw): Conv2d(64, 64, kernel_size=(1, 1), stride=(1, 1), bias=False)
          (pw_norm): InstanceNorm2d(64, eps=1e-05, momentum=0.1, affine=False, track_running_stats=False)
          (pw_act): ReLU(inplace=True)
        )
      )
    )
    (att1): ResBlock(
      (layers): Sequential(
        (0): BottleneckBlock(
          (change): Sequential(
            (0): Conv2d(128, 32, kernel_size=(1, 1), stride=(1, 1), bias=False)
            (1): InstanceNorm2d(32, eps=1e-05, momentum=0.1, affine=False, track_running_stats=False)
          )
          (left): Sequential(
            (0): Conv2d(128, 32, kernel_size=(1, 1), stride=(1, 1), bias=False)
            (1): InstanceNorm2d(32, eps=1e-05, momentum=0.1, affine=False, track_running_stats=False)
            (2): ReLU(inplace=True)
            (3): Conv2d(32, 32, kernel_size=(3, 3), stride=(1, 1), padding=(1, 1), bias=False)
            (4): InstanceNorm2d(32, eps=1e-05, momentum=0.1, affine=False, track_running_stats=False)
            (5): ReLU(inplace=True)
            (6): Conv2d(32, 32, kernel_size=(1, 1), stride=(1, 1), bias=False)
            (7): InstanceNorm2d(32, eps=1e-05, momentum=0.1, affine=False, track_running_stats=False)
          )
          (attention): SEAttention(
            (se): Sequential(
              (0): AdaptiveAvgPool2d(output_size=(1, 1))
              (1): Conv2d(32, 4, kernel_size=(1, 1), stride=(1, 1), bias=False)
              (2): ReLU(inplace=True)
              (3): Conv2d(4, 32, kernel_size=(1, 1), stride=(1, 1), bias=False)
              (4): Sigmoid()
            )
          )
        )
        (1): BottleneckBlock(
          (left): Sequential(
            (0): Conv2d(32, 32, kernel_size=(1, 1), stride=(1, 1), bias=False)
            (1): InstanceNorm2d(32, eps=1e-05, momentum=0.1, affine=False, track_running_stats=False)
            (2): ReLU(inplace=True)
            (3): Conv2d(32, 32, kernel_size=(3, 3), stride=(1, 1), padding=(1, 1), bias=False)
            (4): InstanceNorm2d(32, eps=1e-05, momentum=0.1, affine=False, track_running_stats=False)
            (5): ReLU(inplace=True)
            (6): Conv2d(32, 32, kernel_size=(1, 1), stride=(1, 1), bias=False)
            (7): InstanceNorm2d(32, eps=1e-05, momentum=0.1, affine=False, track_running_stats=False)
          )
          (attention): SEAttention(
            (se): Sequential(
              (0): AdaptiveAvgPool2d(output_size=(1, 1))
              (1): Conv2d(32, 4, kernel_size=(1, 1), stride=(1, 1), bias=False)
              (2): ReLU(inplace=True)
              (3): Conv2d(4, 32, kernel_size=(1, 1), stride=(1, 1), bias=False)
              (4): Sigmoid()
            )
          )
        )
      )
    )
    (up0): UP(
      (conv): DSConvBlock(
        (layers): Sequential(
          (0): DSConvINRelu(
            (dw): Conv2d(32, 32, kernel_size=(3, 3), stride=(1, 1), padding=(1, 1), groups=32, bias=False)
            (dw_norm): InstanceNorm2d(32, eps=1e-05, momentum=0.1, affine=False, track_running_stats=False)
            (dw_act): ReLU(inplace=True)
            (pw): Conv2d(32, 16, kernel_size=(1, 1), stride=(1, 1), bias=False)
            (pw_norm): InstanceNorm2d(16, eps=1e-05, momentum=0.1, affine=False, track_running_stats=False)
            (pw_act): ReLU(inplace=True)
          )
        )
      )
    )
    (linear0): Linear(in_features=64, out_features=4096, bias=True)
    (Conv_message0): DSConvBlock(
      (layers): Sequential(
        (0): DSConvINRelu(
          (dw): Conv2d(1, 1, kernel_size=(3, 3), stride=(1, 1), padding=(1, 1), bias=False)
          (dw_norm): InstanceNorm2d(1, eps=1e-05, momentum=0.1, affine=False, track_running_stats=False)
          (dw_act): ReLU(inplace=True)
          (pw): Conv2d(1, 64, kernel_size=(1, 1), stride=(1, 1), bias=False)
          (pw_norm): InstanceNorm2d(64, eps=1e-05, momentum=0.1, affine=False, track_running_stats=False)
          (pw_act): ReLU(inplace=True)
        )
        (1): DSConvINRelu(
          (dw): Conv2d(64, 64, kernel_size=(3, 3), stride=(1, 1), padding=(1, 1), groups=64, bias=False)
          (dw_norm): InstanceNorm2d(64, eps=1e-05, momentum=0.1, affine=False, track_running_stats=False)
          (dw_act): ReLU(inplace=True)
          (pw): Conv2d(64, 64, kernel_size=(1, 1), stride=(1, 1), bias=False)
          (pw_norm): InstanceNorm2d(64, eps=1e-05, momentum=0.1, affine=False, track_running_stats=False)
          (pw_act): ReLU(inplace=True)
        )
      )
    )
    (att0): ResBlock(
      (layers): Sequential(
        (0): BottleneckBlock(
          (change): Sequential(
            (0): Conv2d(96, 16, kernel_size=(1, 1), stride=(1, 1), bias=False)
            (1): InstanceNorm2d(16, eps=1e-05, momentum=0.1, affine=False, track_running_stats=False)
          )
          (left): Sequential(
            (0): Conv2d(96, 16, kernel_size=(1, 1), stride=(1, 1), bias=False)
            (1): InstanceNorm2d(16, eps=1e-05, momentum=0.1, affine=False, track_running_stats=False)
            (2): ReLU(inplace=True)
            (3): Conv2d(16, 16, kernel_size=(3, 3), stride=(1, 1), padding=(1, 1), bias=False)
            (4): InstanceNorm2d(16, eps=1e-05, momentum=0.1, affine=False, track_running_stats=False)
            (5): ReLU(inplace=True)
            (6): Conv2d(16, 16, kernel_size=(1, 1), stride=(1, 1), bias=False)
            (7): InstanceNorm2d(16, eps=1e-05, momentum=0.1, affine=False, track_running_stats=False)
          )
          (attention): SEAttention(
            (se): Sequential(
              (0): AdaptiveAvgPool2d(output_size=(1, 1))
              (1): Conv2d(16, 2, kernel_size=(1, 1), stride=(1, 1), bias=False)
              (2): ReLU(inplace=True)
              (3): Conv2d(2, 16, kernel_size=(1, 1), stride=(1, 1), bias=False)
              (4): Sigmoid()
            )
          )
        )
        (1): BottleneckBlock(
          (left): Sequential(
            (0): Conv2d(16, 16, kernel_size=(1, 1), stride=(1, 1), bias=False)
            (1): InstanceNorm2d(16, eps=1e-05, momentum=0.1, affine=False, track_running_stats=False)
            (2): ReLU(inplace=True)
            (3): Conv2d(16, 16, kernel_size=(3, 3), stride=(1, 1), padding=(1, 1), bias=False)
            (4): InstanceNorm2d(16, eps=1e-05, momentum=0.1, affine=False, track_running_stats=False)
            (5): ReLU(inplace=True)
            (6): Conv2d(16, 16, kernel_size=(1, 1), stride=(1, 1), bias=False)
            (7): InstanceNorm2d(16, eps=1e-05, momentum=0.1, affine=False, track_running_stats=False)
          )
          (attention): SEAttention(
            (se): Sequential(
              (0): AdaptiveAvgPool2d(output_size=(1, 1))
              (1): Conv2d(16, 2, kernel_size=(1, 1), stride=(1, 1), bias=False)
              (2): ReLU(inplace=True)
              (3): Conv2d(2, 16, kernel_size=(1, 1), stride=(1, 1), bias=False)
              (4): Sigmoid()
            )
          )
        )
      )
    )
    (Conv_1x1): Conv2d(19, 3, kernel_size=(1, 1), stride=(1, 1))
  )
  (bitdecoder): DW_Decoder_2(
    (conv1): DSConvBlock(
      (layers): Sequential(
        (0): DSConvINRelu(
          (dw): Conv2d(3, 3, kernel_size=(3, 3), stride=(1, 1), padding=(1, 1), groups=3, bias=False)
          (dw_norm): InstanceNorm2d(3, eps=1e-05, momentum=0.1, affine=False, track_running_stats=False)
          (dw_act): ReLU(inplace=True)
          (pw): Conv2d(3, 16, kernel_size=(1, 1), stride=(1, 1), bias=False)
          (pw_norm): InstanceNorm2d(16, eps=1e-05, momentum=0.1, affine=False, track_running_stats=False)
          (pw_act): ReLU(inplace=True)
        )
        (1): DSConvINRelu(
          (dw): Conv2d(16, 16, kernel_size=(3, 3), stride=(1, 1), padding=(1, 1), groups=16, bias=False)
          (dw_norm): InstanceNorm2d(16, eps=1e-05, momentum=0.1, affine=False, track_running_stats=False)
          (dw_act): ReLU(inplace=True)
          (pw): Conv2d(16, 16, kernel_size=(1, 1), stride=(1, 1), bias=False)
          (pw_norm): InstanceNorm2d(16, eps=1e-05, momentum=0.1, affine=False, track_running_stats=False)
          (pw_act): ReLU(inplace=True)
        )
      )
    )
    (down1): Down(
      (layer): Sequential(
        (0): DSConvINRelu(
          (dw): Conv2d(16, 16, kernel_size=(3, 3), stride=(2, 2), padding=(1, 1), groups=16, bias=False)
          (dw_norm): InstanceNorm2d(16, eps=1e-05, momentum=0.1, affine=False, track_running_stats=False)
          (dw_act): ReLU(inplace=True)
          (pw): Conv2d(16, 16, kernel_size=(1, 1), stride=(1, 1), bias=False)
          (pw_norm): InstanceNorm2d(16, eps=1e-05, momentum=0.1, affine=False, track_running_stats=False)
          (pw_act): ReLU(inplace=True)
        )
        (1): DSConvBlock(
          (layers): Sequential(
            (0): DSConvINRelu(
              (dw): Conv2d(16, 16, kernel_size=(3, 3), stride=(1, 1), padding=(1, 1), groups=16, bias=False)
              (dw_norm): InstanceNorm2d(16, eps=1e-05, momentum=0.1, affine=False, track_running_stats=False)
              (dw_act): ReLU(inplace=True)
              (pw): Conv2d(16, 32, kernel_size=(1, 1), stride=(1, 1), bias=False)
              (pw_norm): InstanceNorm2d(32, eps=1e-05, momentum=0.1, affine=False, track_running_stats=False)
              (pw_act): ReLU(inplace=True)
            )
            (1): DSConvINRelu(
              (dw): Conv2d(32, 32, kernel_size=(3, 3), stride=(1, 1), padding=(1, 1), groups=32, bias=False)
              (dw_norm): InstanceNorm2d(32, eps=1e-05, momentum=0.1, affine=False, track_running_stats=False)
              (dw_act): ReLU(inplace=True)
              (pw): Conv2d(32, 32, kernel_size=(1, 1), stride=(1, 1), bias=False)
              (pw_norm): InstanceNorm2d(32, eps=1e-05, momentum=0.1, affine=False, track_running_stats=False)
              (pw_act): ReLU(inplace=True)
            )
          )
        )
      )
    )
    (down2): Down(
      (layer): Sequential(
        (0): DSConvINRelu(
          (dw): Conv2d(32, 32, kernel_size=(3, 3), stride=(2, 2), padding=(1, 1), groups=32, bias=False)
          (dw_norm): InstanceNorm2d(32, eps=1e-05, momentum=0.1, affine=False, track_running_stats=False)
          (dw_act): ReLU(inplace=True)
          (pw): Conv2d(32, 32, kernel_size=(1, 1), stride=(1, 1), bias=False)
          (pw_norm): InstanceNorm2d(32, eps=1e-05, momentum=0.1, affine=False, track_running_stats=False)
          (pw_act): ReLU(inplace=True)
        )
        (1): DSConvBlock(
          (layers): Sequential(
            (0): DSConvINRelu(
              (dw): Conv2d(32, 32, kernel_size=(3, 3), stride=(1, 1), padding=(1, 1), groups=32, bias=False)
              (dw_norm): InstanceNorm2d(32, eps=1e-05, momentum=0.1, affine=False, track_running_stats=False)
              (dw_act): ReLU(inplace=True)
              (pw): Conv2d(32, 64, kernel_size=(1, 1), stride=(1, 1), bias=False)
              (pw_norm): InstanceNorm2d(64, eps=1e-05, momentum=0.1, affine=False, track_running_stats=False)
              (pw_act): ReLU(inplace=True)
            )
            (1): DSConvINRelu(
              (dw): Conv2d(64, 64, kernel_size=(3, 3), stride=(1, 1), padding=(1, 1), groups=64, bias=False)
              (dw_norm): InstanceNorm2d(64, eps=1e-05, momentum=0.1, affine=False, track_running_stats=False)
              (dw_act): ReLU(inplace=True)
              (pw): Conv2d(64, 64, kernel_size=(1, 1), stride=(1, 1), bias=False)
              (pw_norm): InstanceNorm2d(64, eps=1e-05, momentum=0.1, affine=False, track_running_stats=False)
              (pw_act): ReLU(inplace=True)
            )
          )
        )
      )
    )
    (down3): Down(
      (layer): Sequential(
        (0): DSConvINRelu(
          (dw): Conv2d(64, 64, kernel_size=(3, 3), stride=(2, 2), padding=(1, 1), groups=64, bias=False)
          (dw_norm): InstanceNorm2d(64, eps=1e-05, momentum=0.1, affine=False, track_running_stats=False)
          (dw_act): ReLU(inplace=True)
          (pw): Conv2d(64, 64, kernel_size=(1, 1), stride=(1, 1), bias=False)
          (pw_norm): InstanceNorm2d(64, eps=1e-05, momentum=0.1, affine=False, track_running_stats=False)
          (pw_act): ReLU(inplace=True)
        )
        (1): DSConvBlock(
          (layers): Sequential(
            (0): DSConvINRelu(
              (dw): Conv2d(64, 64, kernel_size=(3, 3), stride=(1, 1), padding=(1, 1), groups=64, bias=False)
              (dw_norm): InstanceNorm2d(64, eps=1e-05, momentum=0.1, affine=False, track_running_stats=False)
              (dw_act): ReLU(inplace=True)
              (pw): Conv2d(64, 128, kernel_size=(1, 1), stride=(1, 1), bias=False)
              (pw_norm): InstanceNorm2d(128, eps=1e-05, momentum=0.1, affine=False, track_running_stats=False)
              (pw_act): ReLU(inplace=True)
            )
            (1): DSConvINRelu(
              (dw): Conv2d(128, 128, kernel_size=(3, 3), stride=(1, 1), padding=(1, 1), groups=128, bias=False)
              (dw_norm): InstanceNorm2d(128, eps=1e-05, momentum=0.1, affine=False, track_running_stats=False)
              (dw_act): ReLU(inplace=True)
              (pw): Conv2d(128, 128, kernel_size=(1, 1), stride=(1, 1), bias=False)
              (pw_norm): InstanceNorm2d(128, eps=1e-05, momentum=0.1, affine=False, track_running_stats=False)
              (pw_act): ReLU(inplace=True)
            )
          )
        )
      )
    )
    (up2): UP(
      (conv): DSConvBlock(
        (layers): Sequential(
          (0): DSConvINRelu(
            (dw): Conv2d(128, 128, kernel_size=(3, 3), stride=(1, 1), padding=(1, 1), groups=128, bias=False)
            (dw_norm): InstanceNorm2d(128, eps=1e-05, momentum=0.1, affine=False, track_running_stats=False)
            (dw_act): ReLU(inplace=True)
            (pw): Conv2d(128, 64, kernel_size=(1, 1), stride=(1, 1), bias=False)
            (pw_norm): InstanceNorm2d(64, eps=1e-05, momentum=0.1, affine=False, track_running_stats=False)
            (pw_act): ReLU(inplace=True)
          )
        )
      )
    )
    (att2): ResBlock(
      (layers): Sequential(
        (0): BottleneckBlock(
          (change): Sequential(
            (0): Conv2d(128, 64, kernel_size=(1, 1), stride=(1, 1), bias=False)
            (1): InstanceNorm2d(64, eps=1e-05, momentum=0.1, affine=False, track_running_stats=False)
          )
          (left): Sequential(
            (0): Conv2d(128, 64, kernel_size=(1, 1), stride=(1, 1), bias=False)
            (1): InstanceNorm2d(64, eps=1e-05, momentum=0.1, affine=False, track_running_stats=False)
            (2): ReLU(inplace=True)
            (3): Conv2d(64, 64, kernel_size=(3, 3), stride=(1, 1), padding=(1, 1), bias=False)
            (4): InstanceNorm2d(64, eps=1e-05, momentum=0.1, affine=False, track_running_stats=False)
            (5): ReLU(inplace=True)
            (6): Conv2d(64, 64, kernel_size=(1, 1), stride=(1, 1), bias=False)
            (7): InstanceNorm2d(64, eps=1e-05, momentum=0.1, affine=False, track_running_stats=False)
          )
          (attention): SEAttention(
            (se): Sequential(
              (0): AdaptiveAvgPool2d(output_size=(1, 1))
              (1): Conv2d(64, 8, kernel_size=(1, 1), stride=(1, 1), bias=False)
              (2): ReLU(inplace=True)
              (3): Conv2d(8, 64, kernel_size=(1, 1), stride=(1, 1), bias=False)
              (4): Sigmoid()
            )
          )
        )
        (1): BottleneckBlock(
          (left): Sequential(
            (0): Conv2d(64, 64, kernel_size=(1, 1), stride=(1, 1), bias=False)
            (1): InstanceNorm2d(64, eps=1e-05, momentum=0.1, affine=False, track_running_stats=False)
            (2): ReLU(inplace=True)
            (3): Conv2d(64, 64, kernel_size=(3, 3), stride=(1, 1), padding=(1, 1), bias=False)
            (4): InstanceNorm2d(64, eps=1e-05, momentum=0.1, affine=False, track_running_stats=False)
            (5): ReLU(inplace=True)
            (6): Conv2d(64, 64, kernel_size=(1, 1), stride=(1, 1), bias=False)
            (7): InstanceNorm2d(64, eps=1e-05, momentum=0.1, affine=False, track_running_stats=False)
          )
          (attention): SEAttention(
            (se): Sequential(
              (0): AdaptiveAvgPool2d(output_size=(1, 1))
              (1): Conv2d(64, 8, kernel_size=(1, 1), stride=(1, 1), bias=False)
              (2): ReLU(inplace=True)
              (3): Conv2d(8, 64, kernel_size=(1, 1), stride=(1, 1), bias=False)
              (4): Sigmoid()
            )
          )
        )
      )
    )
    (up1): UP(
      (conv): DSConvBlock(
        (layers): Sequential(
          (0): DSConvINRelu(
            (dw): Conv2d(64, 64, kernel_size=(3, 3), stride=(1, 1), padding=(1, 1), groups=64, bias=False)
            (dw_norm): InstanceNorm2d(64, eps=1e-05, momentum=0.1, affine=False, track_running_stats=False)
            (dw_act): ReLU(inplace=True)
            (pw): Conv2d(64, 32, kernel_size=(1, 1), stride=(1, 1), bias=False)
            (pw_norm): InstanceNorm2d(32, eps=1e-05, momentum=0.1, affine=False, track_running_stats=False)
            (pw_act): ReLU(inplace=True)
          )
        )
      )
    )
    (att1): ResBlock(
      (layers): Sequential(
        (0): BottleneckBlock(
          (change): Sequential(
            (0): Conv2d(64, 32, kernel_size=(1, 1), stride=(1, 1), bias=False)
            (1): InstanceNorm2d(32, eps=1e-05, momentum=0.1, affine=False, track_running_stats=False)
          )
          (left): Sequential(
            (0): Conv2d(64, 32, kernel_size=(1, 1), stride=(1, 1), bias=False)
            (1): InstanceNorm2d(32, eps=1e-05, momentum=0.1, affine=False, track_running_stats=False)
            (2): ReLU(inplace=True)
            (3): Conv2d(32, 32, kernel_size=(3, 3), stride=(1, 1), padding=(1, 1), bias=False)
            (4): InstanceNorm2d(32, eps=1e-05, momentum=0.1, affine=False, track_running_stats=False)
            (5): ReLU(inplace=True)
            (6): Conv2d(32, 32, kernel_size=(1, 1), stride=(1, 1), bias=False)
            (7): InstanceNorm2d(32, eps=1e-05, momentum=0.1, affine=False, track_running_stats=False)
          )
          (attention): SEAttention(
            (se): Sequential(
              (0): AdaptiveAvgPool2d(output_size=(1, 1))
              (1): Conv2d(32, 4, kernel_size=(1, 1), stride=(1, 1), bias=False)
              (2): ReLU(inplace=True)
              (3): Conv2d(4, 32, kernel_size=(1, 1), stride=(1, 1), bias=False)
              (4): Sigmoid()
            )
          )
        )
        (1): BottleneckBlock(
          (left): Sequential(
            (0): Conv2d(32, 32, kernel_size=(1, 1), stride=(1, 1), bias=False)
            (1): InstanceNorm2d(32, eps=1e-05, momentum=0.1, affine=False, track_running_stats=False)
            (2): ReLU(inplace=True)
            (3): Conv2d(32, 32, kernel_size=(3, 3), stride=(1, 1), padding=(1, 1), bias=False)
            (4): InstanceNorm2d(32, eps=1e-05, momentum=0.1, affine=False, track_running_stats=False)
            (5): ReLU(inplace=True)
            (6): Conv2d(32, 32, kernel_size=(1, 1), stride=(1, 1), bias=False)
            (7): InstanceNorm2d(32, eps=1e-05, momentum=0.1, affine=False, track_running_stats=False)
          )
          (attention): SEAttention(
            (se): Sequential(
              (0): AdaptiveAvgPool2d(output_size=(1, 1))
              (1): Conv2d(32, 4, kernel_size=(1, 1), stride=(1, 1), bias=False)
              (2): ReLU(inplace=True)
              (3): Conv2d(4, 32, kernel_size=(1, 1), stride=(1, 1), bias=False)
              (4): Sigmoid()
            )
          )
        )
      )
    )
    (up0): UP(
      (conv): DSConvBlock(
        (layers): Sequential(
          (0): DSConvINRelu(
            (dw): Conv2d(32, 32, kernel_size=(3, 3), stride=(1, 1), padding=(1, 1), groups=32, bias=False)
            (dw_norm): InstanceNorm2d(32, eps=1e-05, momentum=0.1, affine=False, track_running_stats=False)
            (dw_act): ReLU(inplace=True)
            (pw): Conv2d(32, 16, kernel_size=(1, 1), stride=(1, 1), bias=False)
            (pw_norm): InstanceNorm2d(16, eps=1e-05, momentum=0.1, affine=False, track_running_stats=False)
            (pw_act): ReLU(inplace=True)
          )
        )
      )
    )
    (att0): ResBlock(
      (layers): Sequential(
        (0): BottleneckBlock(
          (change): Sequential(
            (0): Conv2d(32, 16, kernel_size=(1, 1), stride=(1, 1), bias=False)
            (1): InstanceNorm2d(16, eps=1e-05, momentum=0.1, affine=False, track_running_stats=False)
          )
          (left): Sequential(
            (0): Conv2d(32, 16, kernel_size=(1, 1), stride=(1, 1), bias=False)
            (1): InstanceNorm2d(16, eps=1e-05, momentum=0.1, affine=False, track_running_stats=False)
            (2): ReLU(inplace=True)
            (3): Conv2d(16, 16, kernel_size=(3, 3), stride=(1, 1), padding=(1, 1), bias=False)
            (4): InstanceNorm2d(16, eps=1e-05, momentum=0.1, affine=False, track_running_stats=False)
            (5): ReLU(inplace=True)
            (6): Conv2d(16, 16, kernel_size=(1, 1), stride=(1, 1), bias=False)
            (7): InstanceNorm2d(16, eps=1e-05, momentum=0.1, affine=False, track_running_stats=False)
          )
          (attention): SEAttention(
            (se): Sequential(
              (0): AdaptiveAvgPool2d(output_size=(1, 1))
              (1): Conv2d(16, 2, kernel_size=(1, 1), stride=(1, 1), bias=False)
              (2): ReLU(inplace=True)
              (3): Conv2d(2, 16, kernel_size=(1, 1), stride=(1, 1), bias=False)
              (4): Sigmoid()
            )
          )
        )
        (1): BottleneckBlock(
          (left): Sequential(
            (0): Conv2d(16, 16, kernel_size=(1, 1), stride=(1, 1), bias=False)
            (1): InstanceNorm2d(16, eps=1e-05, momentum=0.1, affine=False, track_running_stats=False)
            (2): ReLU(inplace=True)
            (3): Conv2d(16, 16, kernel_size=(3, 3), stride=(1, 1), padding=(1, 1), bias=False)
            (4): InstanceNorm2d(16, eps=1e-05, momentum=0.1, affine=False, track_running_stats=False)
            (5): ReLU(inplace=True)
            (6): Conv2d(16, 16, kernel_size=(1, 1), stride=(1, 1), bias=False)
            (7): InstanceNorm2d(16, eps=1e-05, momentum=0.1, affine=False, track_running_stats=False)
          )
          (attention): SEAttention(
            (se): Sequential(
              (0): AdaptiveAvgPool2d(output_size=(1, 1))
              (1): Conv2d(16, 2, kernel_size=(1, 1), stride=(1, 1), bias=False)
              (2): ReLU(inplace=True)
              (3): Conv2d(2, 16, kernel_size=(1, 1), stride=(1, 1), bias=False)
              (4): Sigmoid()
            )
          )
        )
      )
    )
    (Conv_1x1): Conv2d(16, 1, kernel_size=(1, 1), stride=(1, 1), bias=False)
    (message_layer): Linear(in_features=4096, out_features=64, bias=True)
  )
  (irn): InvNN(
    (operations): ModuleList(
      (0-11): 12 x InvBlock(
        (F): DenseBlock(
          (conv1): Conv2d(12, 32, kernel_size=(3, 3), stride=(1, 1), padding=(1, 1))
          (conv2): Conv2d(44, 32, kernel_size=(3, 3), stride=(1, 1), padding=(1, 1))
          (conv3): Conv2d(76, 32, kernel_size=(3, 3), stride=(1, 1), padding=(1, 1))
          (conv4): Conv2d(108, 32, kernel_size=(3, 3), stride=(1, 1), padding=(1, 1))
          (conv5): Conv2d(140, 12, kernel_size=(3, 3), stride=(1, 1), padding=(1, 1))
          (lrelu): LeakyReLU(negative_slope=0.2, inplace=True)
        )
        (NF): NAFBlock(
          (conv1): Conv2d(12, 24, kernel_size=(1, 1), stride=(1, 1))
          (conv2): Conv2d(24, 24, kernel_size=(3, 3), stride=(1, 1), padding=(1, 1), groups=24)
          (conv3): Conv2d(12, 12, kernel_size=(1, 1), stride=(1, 1))
          (sca): Sequential(
            (0): AdaptiveAvgPool2d(output_size=1)
            (1): Conv2d(12, 12, kernel_size=(1, 1), stride=(1, 1))
          )
          (sg): SimpleGate()
          (conv4): Conv2d(12, 24, kernel_size=(1, 1), stride=(1, 1))
          (conv5): Conv2d(12, 12, kernel_size=(1, 1), stride=(1, 1))
          (norm1): LayerNorm2d()
          (norm2): LayerNorm2d()
          (dropout1): Identity()
          (dropout2): Identity()
        )
        (G): DenseBlock(
          (conv1): Conv2d(12, 32, kernel_size=(3, 3), stride=(1, 1), padding=(1, 1))
          (conv2): Conv2d(44, 32, kernel_size=(3, 3), stride=(1, 1), padding=(1, 1))
          (conv3): Conv2d(76, 32, kernel_size=(3, 3), stride=(1, 1), padding=(1, 1))
          (conv4): Conv2d(108, 32, kernel_size=(3, 3), stride=(1, 1), padding=(1, 1))
          (conv5): Conv2d(140, 12, kernel_size=(3, 3), stride=(1, 1), padding=(1, 1))
          (lrelu): LeakyReLU(negative_slope=0.2, inplace=True)
        )
        (NG): NAFBlock(
          (conv1): Conv2d(12, 24, kernel_size=(1, 1), stride=(1, 1))
          (conv2): Conv2d(24, 24, kernel_size=(3, 3), stride=(1, 1), padding=(1, 1), groups=24)
          (conv3): Conv2d(12, 12, kernel_size=(1, 1), stride=(1, 1))
          (sca): Sequential(
            (0): AdaptiveAvgPool2d(output_size=1)
            (1): Conv2d(12, 12, kernel_size=(1, 1), stride=(1, 1))
          )
          (sg): SimpleGate()
          (conv4): Conv2d(12, 24, kernel_size=(1, 1), stride=(1, 1))
          (conv5): Conv2d(12, 12, kernel_size=(1, 1), stride=(1, 1))
          (norm1): LayerNorm2d()
          (norm2): LayerNorm2d()
          (dropout1): Identity()
          (dropout2): Identity()
        )
        (H): DenseBlock(
          (conv1): Conv2d(12, 32, kernel_size=(3, 3), stride=(1, 1), padding=(1, 1))
          (conv2): Conv2d(44, 32, kernel_size=(3, 3), stride=(1, 1), padding=(1, 1))
          (conv3): Conv2d(76, 32, kernel_size=(3, 3), stride=(1, 1), padding=(1, 1))
          (conv4): Conv2d(108, 32, kernel_size=(3, 3), stride=(1, 1), padding=(1, 1))
          (conv5): Conv2d(140, 12, kernel_size=(3, 3), stride=(1, 1), padding=(1, 1))
          (lrelu): LeakyReLU(negative_slope=0.2, inplace=True)
        )
        (NH): NAFBlock(
          (conv1): Conv2d(12, 24, kernel_size=(1, 1), stride=(1, 1))
          (conv2): Conv2d(24, 24, kernel_size=(3, 3), stride=(1, 1), padding=(1, 1), groups=24)
          (conv3): Conv2d(12, 12, kernel_size=(1, 1), stride=(1, 1))
          (sca): Sequential(
            (0): AdaptiveAvgPool2d(output_size=1)
            (1): Conv2d(12, 12, kernel_size=(1, 1), stride=(1, 1))
          )
          (sg): SimpleGate()
          (conv4): Conv2d(12, 24, kernel_size=(1, 1), stride=(1, 1))
          (conv5): Conv2d(12, 12, kernel_size=(1, 1), stride=(1, 1))
          (norm1): LayerNorm2d()
          (norm2): LayerNorm2d()
          (dropout1): Identity()
          (dropout2): Identity()
        )
      )
    )
  )
  (pm): PredictiveModuleMIMO_prompt(
    (conv_in): Conv2d(12, 12, kernel_size=(3, 3), stride=(1, 1), padding=(1, 1))
    (res_block): Sequential(
      (0): ResidualBlockNoBN(
        (conv1): Conv2d(12, 12, kernel_size=(3, 3), stride=(1, 1), padding=(1, 1))
        (conv2): Conv2d(12, 12, kernel_size=(3, 3), stride=(1, 1), padding=(1, 1))
        (relu): LeakyReLU(negative_slope=0.2, inplace=True)
      )
      (1): ResidualBlockNoBN(
        (conv1): Conv2d(12, 12, kernel_size=(3, 3), stride=(1, 1), padding=(1, 1))
        (conv2): Conv2d(12, 12, kernel_size=(3, 3), stride=(1, 1), padding=(1, 1))
        (relu): LeakyReLU(negative_slope=0.2, inplace=True)
      )
      (2): ResidualBlockNoBN(
        (conv1): Conv2d(12, 12, kernel_size=(3, 3), stride=(1, 1), padding=(1, 1))
        (conv2): Conv2d(12, 12, kernel_size=(3, 3), stride=(1, 1), padding=(1, 1))
        (relu): LeakyReLU(negative_slope=0.2, inplace=True)
      )
      (3): ResidualBlockNoBN(
        (conv1): Conv2d(12, 12, kernel_size=(3, 3), stride=(1, 1), padding=(1, 1))
        (conv2): Conv2d(12, 12, kernel_size=(3, 3), stride=(1, 1), padding=(1, 1))
        (relu): LeakyReLU(negative_slope=0.2, inplace=True)
      )
      (4): ResidualBlockNoBN(
        (conv1): Conv2d(12, 12, kernel_size=(3, 3), stride=(1, 1), padding=(1, 1))
        (conv2): Conv2d(12, 12, kernel_size=(3, 3), stride=(1, 1), padding=(1, 1))
        (relu): LeakyReLU(negative_slope=0.2, inplace=True)
      )
      (5): ResidualBlockNoBN(
        (conv1): Conv2d(12, 12, kernel_size=(3, 3), stride=(1, 1), padding=(1, 1))
        (conv2): Conv2d(12, 12, kernel_size=(3, 3), stride=(1, 1), padding=(1, 1))
        (relu): LeakyReLU(negative_slope=0.2, inplace=True)
      )
      (6): ResidualBlockNoBN(
        (conv1): Conv2d(12, 12, kernel_size=(3, 3), stride=(1, 1), padding=(1, 1))
        (conv2): Conv2d(12, 12, kernel_size=(3, 3), stride=(1, 1), padding=(1, 1))
        (relu): LeakyReLU(negative_slope=0.2, inplace=True)
      )
      (7): ResidualBlockNoBN(
        (conv1): Conv2d(12, 12, kernel_size=(3, 3), stride=(1, 1), padding=(1, 1))
        (conv2): Conv2d(12, 12, kernel_size=(3, 3), stride=(1, 1), padding=(1, 1))
        (relu): LeakyReLU(negative_slope=0.2, inplace=True)
      )
    )
    (transformer_block): Sequential(
      (0): TransformerBlock(
        (norm1): LayerNorm(
          (body): WithBias_LayerNorm()
        )
        (attn): Attention(
          (qkv): Conv2d(12, 36, kernel_size=(1, 1), stride=(1, 1), bias=False)
          (qkv_dwconv): Conv2d(36, 36, kernel_size=(3, 3), stride=(1, 1), padding=(1, 1), groups=36, bias=False)
          (project_out): Conv2d(12, 12, kernel_size=(1, 1), stride=(1, 1), bias=False)
        )
        (norm2): LayerNorm(
          (body): WithBias_LayerNorm()
        )
        (ffn): FeedForward(
          (project_in): Conv2d(12, 96, kernel_size=(1, 1), stride=(1, 1), bias=False)
          (dwconv): Conv2d(96, 96, kernel_size=(3, 3), stride=(1, 1), padding=(1, 1), groups=96, bias=False)
          (project_out): Conv2d(48, 12, kernel_size=(1, 1), stride=(1, 1), bias=False)
        )
      )
      (1): TransformerBlock(
        (norm1): LayerNorm(
          (body): WithBias_LayerNorm()
        )
        (attn): Attention(
          (qkv): Conv2d(12, 36, kernel_size=(1, 1), stride=(1, 1), bias=False)
          (qkv_dwconv): Conv2d(36, 36, kernel_size=(3, 3), stride=(1, 1), padding=(1, 1), groups=36, bias=False)
          (project_out): Conv2d(12, 12, kernel_size=(1, 1), stride=(1, 1), bias=False)
        )
        (norm2): LayerNorm(
          (body): WithBias_LayerNorm()
        )
        (ffn): FeedForward(
          (project_in): Conv2d(12, 96, kernel_size=(1, 1), stride=(1, 1), bias=False)
          (dwconv): Conv2d(96, 96, kernel_size=(3, 3), stride=(1, 1), padding=(1, 1), groups=96, bias=False)
          (project_out): Conv2d(48, 12, kernel_size=(1, 1), stride=(1, 1), bias=False)
        )
      )
      (2): TransformerBlock(
        (norm1): LayerNorm(
          (body): WithBias_LayerNorm()
        )
        (attn): Attention(
          (qkv): Conv2d(12, 36, kernel_size=(1, 1), stride=(1, 1), bias=False)
          (qkv_dwconv): Conv2d(36, 36, kernel_size=(3, 3), stride=(1, 1), padding=(1, 1), groups=36, bias=False)
          (project_out): Conv2d(12, 12, kernel_size=(1, 1), stride=(1, 1), bias=False)
        )
        (norm2): LayerNorm(
          (body): WithBias_LayerNorm()
        )
        (ffn): FeedForward(
          (project_in): Conv2d(12, 96, kernel_size=(1, 1), stride=(1, 1), bias=False)
          (dwconv): Conv2d(96, 96, kernel_size=(3, 3), stride=(1, 1), padding=(1, 1), groups=96, bias=False)
          (project_out): Conv2d(48, 12, kernel_size=(1, 1), stride=(1, 1), bias=False)
        )
      )
      (3): TransformerBlock(
        (norm1): LayerNorm(
          (body): WithBias_LayerNorm()
        )
        (attn): Attention(
          (qkv): Conv2d(12, 36, kernel_size=(1, 1), stride=(1, 1), bias=False)
          (qkv_dwconv): Conv2d(36, 36, kernel_size=(3, 3), stride=(1, 1), padding=(1, 1), groups=36, bias=False)
          (project_out): Conv2d(12, 12, kernel_size=(1, 1), stride=(1, 1), bias=False)
        )
        (norm2): LayerNorm(
          (body): WithBias_LayerNorm()
        )
        (ffn): FeedForward(
          (project_in): Conv2d(12, 96, kernel_size=(1, 1), stride=(1, 1), bias=False)
          (dwconv): Conv2d(96, 96, kernel_size=(3, 3), stride=(1, 1), padding=(1, 1), groups=96, bias=False)
          (project_out): Conv2d(48, 12, kernel_size=(1, 1), stride=(1, 1), bias=False)
        )
      )
    )
    (prompt): PromptGenBlock(
      (linear_layer): Linear(in_features=12, out_features=3, bias=True)
      (conv3x3): Conv2d(12, 12, kernel_size=(3, 3), stride=(1, 1), padding=(1, 1), bias=False)
    )
    (fuse): Conv2d(24, 12, kernel_size=(3, 3), stride=(1, 1), padding=(1, 1))
  )
)
2025-06-24 12:26:24,684 - INFO - VSN(
  (bitencoder): DW_Encoder_2(
    (conv1): DSConvBlock(
      (layers): Sequential(
        (0): DSConvINRelu(
          (dw): Conv2d(3, 3, kernel_size=(3, 3), stride=(1, 1), padding=(1, 1), groups=3, bias=False)
          (dw_norm): InstanceNorm2d(3, eps=1e-05, momentum=0.1, affine=False, track_running_stats=False)
          (dw_act): ReLU(inplace=True)
          (pw): Conv2d(3, 16, kernel_size=(1, 1), stride=(1, 1), bias=False)
          (pw_norm): InstanceNorm2d(16, eps=1e-05, momentum=0.1, affine=False, track_running_stats=False)
          (pw_act): ReLU(inplace=True)
        )
        (1): DSConvINRelu(
          (dw): Conv2d(16, 16, kernel_size=(3, 3), stride=(1, 1), padding=(1, 1), groups=16, bias=False)
          (dw_norm): InstanceNorm2d(16, eps=1e-05, momentum=0.1, affine=False, track_running_stats=False)
          (dw_act): ReLU(inplace=True)
          (pw): Conv2d(16, 16, kernel_size=(1, 1), stride=(1, 1), bias=False)
          (pw_norm): InstanceNorm2d(16, eps=1e-05, momentum=0.1, affine=False, track_running_stats=False)
          (pw_act): ReLU(inplace=True)
        )
      )
    )
    (down1): Down(
      (layer): Sequential(
        (0): DSConvINRelu(
          (dw): Conv2d(16, 16, kernel_size=(3, 3), stride=(2, 2), padding=(1, 1), groups=16, bias=False)
          (dw_norm): InstanceNorm2d(16, eps=1e-05, momentum=0.1, affine=False, track_running_stats=False)
          (dw_act): ReLU(inplace=True)
          (pw): Conv2d(16, 16, kernel_size=(1, 1), stride=(1, 1), bias=False)
          (pw_norm): InstanceNorm2d(16, eps=1e-05, momentum=0.1, affine=False, track_running_stats=False)
          (pw_act): ReLU(inplace=True)
        )
        (1): DSConvBlock(
          (layers): Sequential(
            (0): DSConvINRelu(
              (dw): Conv2d(16, 16, kernel_size=(3, 3), stride=(1, 1), padding=(1, 1), groups=16, bias=False)
              (dw_norm): InstanceNorm2d(16, eps=1e-05, momentum=0.1, affine=False, track_running_stats=False)
              (dw_act): ReLU(inplace=True)
              (pw): Conv2d(16, 32, kernel_size=(1, 1), stride=(1, 1), bias=False)
              (pw_norm): InstanceNorm2d(32, eps=1e-05, momentum=0.1, affine=False, track_running_stats=False)
              (pw_act): ReLU(inplace=True)
            )
            (1): DSConvINRelu(
              (dw): Conv2d(32, 32, kernel_size=(3, 3), stride=(1, 1), padding=(1, 1), groups=32, bias=False)
              (dw_norm): InstanceNorm2d(32, eps=1e-05, momentum=0.1, affine=False, track_running_stats=False)
              (dw_act): ReLU(inplace=True)
              (pw): Conv2d(32, 32, kernel_size=(1, 1), stride=(1, 1), bias=False)
              (pw_norm): InstanceNorm2d(32, eps=1e-05, momentum=0.1, affine=False, track_running_stats=False)
              (pw_act): ReLU(inplace=True)
            )
          )
        )
      )
    )
    (down2): Down(
      (layer): Sequential(
        (0): DSConvINRelu(
          (dw): Conv2d(32, 32, kernel_size=(3, 3), stride=(2, 2), padding=(1, 1), groups=32, bias=False)
          (dw_norm): InstanceNorm2d(32, eps=1e-05, momentum=0.1, affine=False, track_running_stats=False)
          (dw_act): ReLU(inplace=True)
          (pw): Conv2d(32, 32, kernel_size=(1, 1), stride=(1, 1), bias=False)
          (pw_norm): InstanceNorm2d(32, eps=1e-05, momentum=0.1, affine=False, track_running_stats=False)
          (pw_act): ReLU(inplace=True)
        )
        (1): DSConvBlock(
          (layers): Sequential(
            (0): DSConvINRelu(
              (dw): Conv2d(32, 32, kernel_size=(3, 3), stride=(1, 1), padding=(1, 1), groups=32, bias=False)
              (dw_norm): InstanceNorm2d(32, eps=1e-05, momentum=0.1, affine=False, track_running_stats=False)
              (dw_act): ReLU(inplace=True)
              (pw): Conv2d(32, 64, kernel_size=(1, 1), stride=(1, 1), bias=False)
              (pw_norm): InstanceNorm2d(64, eps=1e-05, momentum=0.1, affine=False, track_running_stats=False)
              (pw_act): ReLU(inplace=True)
            )
            (1): DSConvINRelu(
              (dw): Conv2d(64, 64, kernel_size=(3, 3), stride=(1, 1), padding=(1, 1), groups=64, bias=False)
              (dw_norm): InstanceNorm2d(64, eps=1e-05, momentum=0.1, affine=False, track_running_stats=False)
              (dw_act): ReLU(inplace=True)
              (pw): Conv2d(64, 64, kernel_size=(1, 1), stride=(1, 1), bias=False)
              (pw_norm): InstanceNorm2d(64, eps=1e-05, momentum=0.1, affine=False, track_running_stats=False)
              (pw_act): ReLU(inplace=True)
            )
          )
        )
      )
    )
    (down3): Down(
      (layer): Sequential(
        (0): DSConvINRelu(
          (dw): Conv2d(64, 64, kernel_size=(3, 3), stride=(2, 2), padding=(1, 1), groups=64, bias=False)
          (dw_norm): InstanceNorm2d(64, eps=1e-05, momentum=0.1, affine=False, track_running_stats=False)
          (dw_act): ReLU(inplace=True)
          (pw): Conv2d(64, 64, kernel_size=(1, 1), stride=(1, 1), bias=False)
          (pw_norm): InstanceNorm2d(64, eps=1e-05, momentum=0.1, affine=False, track_running_stats=False)
          (pw_act): ReLU(inplace=True)
        )
        (1): DSConvBlock(
          (layers): Sequential(
            (0): DSConvINRelu(
              (dw): Conv2d(64, 64, kernel_size=(3, 3), stride=(1, 1), padding=(1, 1), groups=64, bias=False)
              (dw_norm): InstanceNorm2d(64, eps=1e-05, momentum=0.1, affine=False, track_running_stats=False)
              (dw_act): ReLU(inplace=True)
              (pw): Conv2d(64, 128, kernel_size=(1, 1), stride=(1, 1), bias=False)
              (pw_norm): InstanceNorm2d(128, eps=1e-05, momentum=0.1, affine=False, track_running_stats=False)
              (pw_act): ReLU(inplace=True)
            )
            (1): DSConvINRelu(
              (dw): Conv2d(128, 128, kernel_size=(3, 3), stride=(1, 1), padding=(1, 1), groups=128, bias=False)
              (dw_norm): InstanceNorm2d(128, eps=1e-05, momentum=0.1, affine=False, track_running_stats=False)
              (dw_act): ReLU(inplace=True)
              (pw): Conv2d(128, 128, kernel_size=(1, 1), stride=(1, 1), bias=False)
              (pw_norm): InstanceNorm2d(128, eps=1e-05, momentum=0.1, affine=False, track_running_stats=False)
              (pw_act): ReLU(inplace=True)
            )
          )
        )
      )
    )
    (up2): UP(
      (conv): DSConvBlock(
        (layers): Sequential(
          (0): DSConvINRelu(
            (dw): Conv2d(128, 128, kernel_size=(3, 3), stride=(1, 1), padding=(1, 1), groups=128, bias=False)
            (dw_norm): InstanceNorm2d(128, eps=1e-05, momentum=0.1, affine=False, track_running_stats=False)
            (dw_act): ReLU(inplace=True)
            (pw): Conv2d(128, 64, kernel_size=(1, 1), stride=(1, 1), bias=False)
            (pw_norm): InstanceNorm2d(64, eps=1e-05, momentum=0.1, affine=False, track_running_stats=False)
            (pw_act): ReLU(inplace=True)
          )
        )
      )
    )
    (linear2): Linear(in_features=64, out_features=4096, bias=True)
    (Conv_message2): DSConvBlock(
      (layers): Sequential(
        (0): DSConvINRelu(
          (dw): Conv2d(1, 1, kernel_size=(3, 3), stride=(1, 1), padding=(1, 1), bias=False)
          (dw_norm): InstanceNorm2d(1, eps=1e-05, momentum=0.1, affine=False, track_running_stats=False)
          (dw_act): ReLU(inplace=True)
          (pw): Conv2d(1, 64, kernel_size=(1, 1), stride=(1, 1), bias=False)
          (pw_norm): InstanceNorm2d(64, eps=1e-05, momentum=0.1, affine=False, track_running_stats=False)
          (pw_act): ReLU(inplace=True)
        )
        (1): DSConvINRelu(
          (dw): Conv2d(64, 64, kernel_size=(3, 3), stride=(1, 1), padding=(1, 1), groups=64, bias=False)
          (dw_norm): InstanceNorm2d(64, eps=1e-05, momentum=0.1, affine=False, track_running_stats=False)
          (dw_act): ReLU(inplace=True)
          (pw): Conv2d(64, 64, kernel_size=(1, 1), stride=(1, 1), bias=False)
          (pw_norm): InstanceNorm2d(64, eps=1e-05, momentum=0.1, affine=False, track_running_stats=False)
          (pw_act): ReLU(inplace=True)
        )
      )
    )
    (att2): ResBlock(
      (layers): Sequential(
        (0): BottleneckBlock(
          (change): Sequential(
            (0): Conv2d(192, 64, kernel_size=(1, 1), stride=(1, 1), bias=False)
            (1): InstanceNorm2d(64, eps=1e-05, momentum=0.1, affine=False, track_running_stats=False)
          )
          (left): Sequential(
            (0): Conv2d(192, 64, kernel_size=(1, 1), stride=(1, 1), bias=False)
            (1): InstanceNorm2d(64, eps=1e-05, momentum=0.1, affine=False, track_running_stats=False)
            (2): ReLU(inplace=True)
            (3): Conv2d(64, 64, kernel_size=(3, 3), stride=(1, 1), padding=(1, 1), bias=False)
            (4): InstanceNorm2d(64, eps=1e-05, momentum=0.1, affine=False, track_running_stats=False)
            (5): ReLU(inplace=True)
            (6): Conv2d(64, 64, kernel_size=(1, 1), stride=(1, 1), bias=False)
            (7): InstanceNorm2d(64, eps=1e-05, momentum=0.1, affine=False, track_running_stats=False)
          )
          (attention): SEAttention(
            (se): Sequential(
              (0): AdaptiveAvgPool2d(output_size=(1, 1))
              (1): Conv2d(64, 8, kernel_size=(1, 1), stride=(1, 1), bias=False)
              (2): ReLU(inplace=True)
              (3): Conv2d(8, 64, kernel_size=(1, 1), stride=(1, 1), bias=False)
              (4): Sigmoid()
            )
          )
        )
        (1): BottleneckBlock(
          (left): Sequential(
            (0): Conv2d(64, 64, kernel_size=(1, 1), stride=(1, 1), bias=False)
            (1): InstanceNorm2d(64, eps=1e-05, momentum=0.1, affine=False, track_running_stats=False)
            (2): ReLU(inplace=True)
            (3): Conv2d(64, 64, kernel_size=(3, 3), stride=(1, 1), padding=(1, 1), bias=False)
            (4): InstanceNorm2d(64, eps=1e-05, momentum=0.1, affine=False, track_running_stats=False)
            (5): ReLU(inplace=True)
            (6): Conv2d(64, 64, kernel_size=(1, 1), stride=(1, 1), bias=False)
            (7): InstanceNorm2d(64, eps=1e-05, momentum=0.1, affine=False, track_running_stats=False)
          )
          (attention): SEAttention(
            (se): Sequential(
              (0): AdaptiveAvgPool2d(output_size=(1, 1))
              (1): Conv2d(64, 8, kernel_size=(1, 1), stride=(1, 1), bias=False)
              (2): ReLU(inplace=True)
              (3): Conv2d(8, 64, kernel_size=(1, 1), stride=(1, 1), bias=False)
              (4): Sigmoid()
            )
          )
        )
      )
    )
    (up1): UP(
      (conv): DSConvBlock(
        (layers): Sequential(
          (0): DSConvINRelu(
            (dw): Conv2d(64, 64, kernel_size=(3, 3), stride=(1, 1), padding=(1, 1), groups=64, bias=False)
            (dw_norm): InstanceNorm2d(64, eps=1e-05, momentum=0.1, affine=False, track_running_stats=False)
            (dw_act): ReLU(inplace=True)
            (pw): Conv2d(64, 32, kernel_size=(1, 1), stride=(1, 1), bias=False)
            (pw_norm): InstanceNorm2d(32, eps=1e-05, momentum=0.1, affine=False, track_running_stats=False)
            (pw_act): ReLU(inplace=True)
          )
        )
      )
    )
    (linear1): Linear(in_features=64, out_features=4096, bias=True)
    (Conv_message1): DSConvBlock(
      (layers): Sequential(
        (0): DSConvINRelu(
          (dw): Conv2d(1, 1, kernel_size=(3, 3), stride=(1, 1), padding=(1, 1), bias=False)
          (dw_norm): InstanceNorm2d(1, eps=1e-05, momentum=0.1, affine=False, track_running_stats=False)
          (dw_act): ReLU(inplace=True)
          (pw): Conv2d(1, 64, kernel_size=(1, 1), stride=(1, 1), bias=False)
          (pw_norm): InstanceNorm2d(64, eps=1e-05, momentum=0.1, affine=False, track_running_stats=False)
          (pw_act): ReLU(inplace=True)
        )
        (1): DSConvINRelu(
          (dw): Conv2d(64, 64, kernel_size=(3, 3), stride=(1, 1), padding=(1, 1), groups=64, bias=False)
          (dw_norm): InstanceNorm2d(64, eps=1e-05, momentum=0.1, affine=False, track_running_stats=False)
          (dw_act): ReLU(inplace=True)
          (pw): Conv2d(64, 64, kernel_size=(1, 1), stride=(1, 1), bias=False)
          (pw_norm): InstanceNorm2d(64, eps=1e-05, momentum=0.1, affine=False, track_running_stats=False)
          (pw_act): ReLU(inplace=True)
        )
      )
    )
    (att1): ResBlock(
      (layers): Sequential(
        (0): BottleneckBlock(
          (change): Sequential(
            (0): Conv2d(128, 32, kernel_size=(1, 1), stride=(1, 1), bias=False)
            (1): InstanceNorm2d(32, eps=1e-05, momentum=0.1, affine=False, track_running_stats=False)
          )
          (left): Sequential(
            (0): Conv2d(128, 32, kernel_size=(1, 1), stride=(1, 1), bias=False)
            (1): InstanceNorm2d(32, eps=1e-05, momentum=0.1, affine=False, track_running_stats=False)
            (2): ReLU(inplace=True)
            (3): Conv2d(32, 32, kernel_size=(3, 3), stride=(1, 1), padding=(1, 1), bias=False)
            (4): InstanceNorm2d(32, eps=1e-05, momentum=0.1, affine=False, track_running_stats=False)
            (5): ReLU(inplace=True)
            (6): Conv2d(32, 32, kernel_size=(1, 1), stride=(1, 1), bias=False)
            (7): InstanceNorm2d(32, eps=1e-05, momentum=0.1, affine=False, track_running_stats=False)
          )
          (attention): SEAttention(
            (se): Sequential(
              (0): AdaptiveAvgPool2d(output_size=(1, 1))
              (1): Conv2d(32, 4, kernel_size=(1, 1), stride=(1, 1), bias=False)
              (2): ReLU(inplace=True)
              (3): Conv2d(4, 32, kernel_size=(1, 1), stride=(1, 1), bias=False)
              (4): Sigmoid()
            )
          )
        )
        (1): BottleneckBlock(
          (left): Sequential(
            (0): Conv2d(32, 32, kernel_size=(1, 1), stride=(1, 1), bias=False)
            (1): InstanceNorm2d(32, eps=1e-05, momentum=0.1, affine=False, track_running_stats=False)
            (2): ReLU(inplace=True)
            (3): Conv2d(32, 32, kernel_size=(3, 3), stride=(1, 1), padding=(1, 1), bias=False)
            (4): InstanceNorm2d(32, eps=1e-05, momentum=0.1, affine=False, track_running_stats=False)
            (5): ReLU(inplace=True)
            (6): Conv2d(32, 32, kernel_size=(1, 1), stride=(1, 1), bias=False)
            (7): InstanceNorm2d(32, eps=1e-05, momentum=0.1, affine=False, track_running_stats=False)
          )
          (attention): SEAttention(
            (se): Sequential(
              (0): AdaptiveAvgPool2d(output_size=(1, 1))
              (1): Conv2d(32, 4, kernel_size=(1, 1), stride=(1, 1), bias=False)
              (2): ReLU(inplace=True)
              (3): Conv2d(4, 32, kernel_size=(1, 1), stride=(1, 1), bias=False)
              (4): Sigmoid()
            )
          )
        )
      )
    )
    (up0): UP(
      (conv): DSConvBlock(
        (layers): Sequential(
          (0): DSConvINRelu(
            (dw): Conv2d(32, 32, kernel_size=(3, 3), stride=(1, 1), padding=(1, 1), groups=32, bias=False)
            (dw_norm): InstanceNorm2d(32, eps=1e-05, momentum=0.1, affine=False, track_running_stats=False)
            (dw_act): ReLU(inplace=True)
            (pw): Conv2d(32, 16, kernel_size=(1, 1), stride=(1, 1), bias=False)
            (pw_norm): InstanceNorm2d(16, eps=1e-05, momentum=0.1, affine=False, track_running_stats=False)
            (pw_act): ReLU(inplace=True)
          )
        )
      )
    )
    (linear0): Linear(in_features=64, out_features=4096, bias=True)
    (Conv_message0): DSConvBlock(
      (layers): Sequential(
        (0): DSConvINRelu(
          (dw): Conv2d(1, 1, kernel_size=(3, 3), stride=(1, 1), padding=(1, 1), bias=False)
          (dw_norm): InstanceNorm2d(1, eps=1e-05, momentum=0.1, affine=False, track_running_stats=False)
          (dw_act): ReLU(inplace=True)
          (pw): Conv2d(1, 64, kernel_size=(1, 1), stride=(1, 1), bias=False)
          (pw_norm): InstanceNorm2d(64, eps=1e-05, momentum=0.1, affine=False, track_running_stats=False)
          (pw_act): ReLU(inplace=True)
        )
        (1): DSConvINRelu(
          (dw): Conv2d(64, 64, kernel_size=(3, 3), stride=(1, 1), padding=(1, 1), groups=64, bias=False)
          (dw_norm): InstanceNorm2d(64, eps=1e-05, momentum=0.1, affine=False, track_running_stats=False)
          (dw_act): ReLU(inplace=True)
          (pw): Conv2d(64, 64, kernel_size=(1, 1), stride=(1, 1), bias=False)
          (pw_norm): InstanceNorm2d(64, eps=1e-05, momentum=0.1, affine=False, track_running_stats=False)
          (pw_act): ReLU(inplace=True)
        )
      )
    )
    (att0): ResBlock(
      (layers): Sequential(
        (0): BottleneckBlock(
          (change): Sequential(
            (0): Conv2d(96, 16, kernel_size=(1, 1), stride=(1, 1), bias=False)
            (1): InstanceNorm2d(16, eps=1e-05, momentum=0.1, affine=False, track_running_stats=False)
          )
          (left): Sequential(
            (0): Conv2d(96, 16, kernel_size=(1, 1), stride=(1, 1), bias=False)
            (1): InstanceNorm2d(16, eps=1e-05, momentum=0.1, affine=False, track_running_stats=False)
            (2): ReLU(inplace=True)
            (3): Conv2d(16, 16, kernel_size=(3, 3), stride=(1, 1), padding=(1, 1), bias=False)
            (4): InstanceNorm2d(16, eps=1e-05, momentum=0.1, affine=False, track_running_stats=False)
            (5): ReLU(inplace=True)
            (6): Conv2d(16, 16, kernel_size=(1, 1), stride=(1, 1), bias=False)
            (7): InstanceNorm2d(16, eps=1e-05, momentum=0.1, affine=False, track_running_stats=False)
          )
          (attention): SEAttention(
            (se): Sequential(
              (0): AdaptiveAvgPool2d(output_size=(1, 1))
              (1): Conv2d(16, 2, kernel_size=(1, 1), stride=(1, 1), bias=False)
              (2): ReLU(inplace=True)
              (3): Conv2d(2, 16, kernel_size=(1, 1), stride=(1, 1), bias=False)
              (4): Sigmoid()
            )
          )
        )
        (1): BottleneckBlock(
          (left): Sequential(
            (0): Conv2d(16, 16, kernel_size=(1, 1), stride=(1, 1), bias=False)
            (1): InstanceNorm2d(16, eps=1e-05, momentum=0.1, affine=False, track_running_stats=False)
            (2): ReLU(inplace=True)
            (3): Conv2d(16, 16, kernel_size=(3, 3), stride=(1, 1), padding=(1, 1), bias=False)
            (4): InstanceNorm2d(16, eps=1e-05, momentum=0.1, affine=False, track_running_stats=False)
            (5): ReLU(inplace=True)
            (6): Conv2d(16, 16, kernel_size=(1, 1), stride=(1, 1), bias=False)
            (7): InstanceNorm2d(16, eps=1e-05, momentum=0.1, affine=False, track_running_stats=False)
          )
          (attention): SEAttention(
            (se): Sequential(
              (0): AdaptiveAvgPool2d(output_size=(1, 1))
              (1): Conv2d(16, 2, kernel_size=(1, 1), stride=(1, 1), bias=False)
              (2): ReLU(inplace=True)
              (3): Conv2d(2, 16, kernel_size=(1, 1), stride=(1, 1), bias=False)
              (4): Sigmoid()
            )
          )
        )
      )
    )
    (Conv_1x1): Conv2d(19, 3, kernel_size=(1, 1), stride=(1, 1))
  )
  (bitdecoder): DW_Decoder_2(
    (conv1): DSConvBlock(
      (layers): Sequential(
        (0): DSConvINRelu(
          (dw): Conv2d(3, 3, kernel_size=(3, 3), stride=(1, 1), padding=(1, 1), groups=3, bias=False)
          (dw_norm): InstanceNorm2d(3, eps=1e-05, momentum=0.1, affine=False, track_running_stats=False)
          (dw_act): ReLU(inplace=True)
          (pw): Conv2d(3, 16, kernel_size=(1, 1), stride=(1, 1), bias=False)
          (pw_norm): InstanceNorm2d(16, eps=1e-05, momentum=0.1, affine=False, track_running_stats=False)
          (pw_act): ReLU(inplace=True)
        )
        (1): DSConvINRelu(
          (dw): Conv2d(16, 16, kernel_size=(3, 3), stride=(1, 1), padding=(1, 1), groups=16, bias=False)
          (dw_norm): InstanceNorm2d(16, eps=1e-05, momentum=0.1, affine=False, track_running_stats=False)
          (dw_act): ReLU(inplace=True)
          (pw): Conv2d(16, 16, kernel_size=(1, 1), stride=(1, 1), bias=False)
          (pw_norm): InstanceNorm2d(16, eps=1e-05, momentum=0.1, affine=False, track_running_stats=False)
          (pw_act): ReLU(inplace=True)
        )
      )
    )
    (down1): Down(
      (layer): Sequential(
        (0): DSConvINRelu(
          (dw): Conv2d(16, 16, kernel_size=(3, 3), stride=(2, 2), padding=(1, 1), groups=16, bias=False)
          (dw_norm): InstanceNorm2d(16, eps=1e-05, momentum=0.1, affine=False, track_running_stats=False)
          (dw_act): ReLU(inplace=True)
          (pw): Conv2d(16, 16, kernel_size=(1, 1), stride=(1, 1), bias=False)
          (pw_norm): InstanceNorm2d(16, eps=1e-05, momentum=0.1, affine=False, track_running_stats=False)
          (pw_act): ReLU(inplace=True)
        )
        (1): DSConvBlock(
          (layers): Sequential(
            (0): DSConvINRelu(
              (dw): Conv2d(16, 16, kernel_size=(3, 3), stride=(1, 1), padding=(1, 1), groups=16, bias=False)
              (dw_norm): InstanceNorm2d(16, eps=1e-05, momentum=0.1, affine=False, track_running_stats=False)
              (dw_act): ReLU(inplace=True)
              (pw): Conv2d(16, 32, kernel_size=(1, 1), stride=(1, 1), bias=False)
              (pw_norm): InstanceNorm2d(32, eps=1e-05, momentum=0.1, affine=False, track_running_stats=False)
              (pw_act): ReLU(inplace=True)
            )
            (1): DSConvINRelu(
              (dw): Conv2d(32, 32, kernel_size=(3, 3), stride=(1, 1), padding=(1, 1), groups=32, bias=False)
              (dw_norm): InstanceNorm2d(32, eps=1e-05, momentum=0.1, affine=False, track_running_stats=False)
              (dw_act): ReLU(inplace=True)
              (pw): Conv2d(32, 32, kernel_size=(1, 1), stride=(1, 1), bias=False)
              (pw_norm): InstanceNorm2d(32, eps=1e-05, momentum=0.1, affine=False, track_running_stats=False)
              (pw_act): ReLU(inplace=True)
            )
          )
        )
      )
    )
    (down2): Down(
      (layer): Sequential(
        (0): DSConvINRelu(
          (dw): Conv2d(32, 32, kernel_size=(3, 3), stride=(2, 2), padding=(1, 1), groups=32, bias=False)
          (dw_norm): InstanceNorm2d(32, eps=1e-05, momentum=0.1, affine=False, track_running_stats=False)
          (dw_act): ReLU(inplace=True)
          (pw): Conv2d(32, 32, kernel_size=(1, 1), stride=(1, 1), bias=False)
          (pw_norm): InstanceNorm2d(32, eps=1e-05, momentum=0.1, affine=False, track_running_stats=False)
          (pw_act): ReLU(inplace=True)
        )
        (1): DSConvBlock(
          (layers): Sequential(
            (0): DSConvINRelu(
              (dw): Conv2d(32, 32, kernel_size=(3, 3), stride=(1, 1), padding=(1, 1), groups=32, bias=False)
              (dw_norm): InstanceNorm2d(32, eps=1e-05, momentum=0.1, affine=False, track_running_stats=False)
              (dw_act): ReLU(inplace=True)
              (pw): Conv2d(32, 64, kernel_size=(1, 1), stride=(1, 1), bias=False)
              (pw_norm): InstanceNorm2d(64, eps=1e-05, momentum=0.1, affine=False, track_running_stats=False)
              (pw_act): ReLU(inplace=True)
            )
            (1): DSConvINRelu(
              (dw): Conv2d(64, 64, kernel_size=(3, 3), stride=(1, 1), padding=(1, 1), groups=64, bias=False)
              (dw_norm): InstanceNorm2d(64, eps=1e-05, momentum=0.1, affine=False, track_running_stats=False)
              (dw_act): ReLU(inplace=True)
              (pw): Conv2d(64, 64, kernel_size=(1, 1), stride=(1, 1), bias=False)
              (pw_norm): InstanceNorm2d(64, eps=1e-05, momentum=0.1, affine=False, track_running_stats=False)
              (pw_act): ReLU(inplace=True)
            )
          )
        )
      )
    )
    (down3): Down(
      (layer): Sequential(
        (0): DSConvINRelu(
          (dw): Conv2d(64, 64, kernel_size=(3, 3), stride=(2, 2), padding=(1, 1), groups=64, bias=False)
          (dw_norm): InstanceNorm2d(64, eps=1e-05, momentum=0.1, affine=False, track_running_stats=False)
          (dw_act): ReLU(inplace=True)
          (pw): Conv2d(64, 64, kernel_size=(1, 1), stride=(1, 1), bias=False)
          (pw_norm): InstanceNorm2d(64, eps=1e-05, momentum=0.1, affine=False, track_running_stats=False)
          (pw_act): ReLU(inplace=True)
        )
        (1): DSConvBlock(
          (layers): Sequential(
            (0): DSConvINRelu(
              (dw): Conv2d(64, 64, kernel_size=(3, 3), stride=(1, 1), padding=(1, 1), groups=64, bias=False)
              (dw_norm): InstanceNorm2d(64, eps=1e-05, momentum=0.1, affine=False, track_running_stats=False)
              (dw_act): ReLU(inplace=True)
              (pw): Conv2d(64, 128, kernel_size=(1, 1), stride=(1, 1), bias=False)
              (pw_norm): InstanceNorm2d(128, eps=1e-05, momentum=0.1, affine=False, track_running_stats=False)
              (pw_act): ReLU(inplace=True)
            )
            (1): DSConvINRelu(
              (dw): Conv2d(128, 128, kernel_size=(3, 3), stride=(1, 1), padding=(1, 1), groups=128, bias=False)
              (dw_norm): InstanceNorm2d(128, eps=1e-05, momentum=0.1, affine=False, track_running_stats=False)
              (dw_act): ReLU(inplace=True)
              (pw): Conv2d(128, 128, kernel_size=(1, 1), stride=(1, 1), bias=False)
              (pw_norm): InstanceNorm2d(128, eps=1e-05, momentum=0.1, affine=False, track_running_stats=False)
              (pw_act): ReLU(inplace=True)
            )
          )
        )
      )
    )
    (up2): UP(
      (conv): DSConvBlock(
        (layers): Sequential(
          (0): DSConvINRelu(
            (dw): Conv2d(128, 128, kernel_size=(3, 3), stride=(1, 1), padding=(1, 1), groups=128, bias=False)
            (dw_norm): InstanceNorm2d(128, eps=1e-05, momentum=0.1, affine=False, track_running_stats=False)
            (dw_act): ReLU(inplace=True)
            (pw): Conv2d(128, 64, kernel_size=(1, 1), stride=(1, 1), bias=False)
            (pw_norm): InstanceNorm2d(64, eps=1e-05, momentum=0.1, affine=False, track_running_stats=False)
            (pw_act): ReLU(inplace=True)
          )
        )
      )
    )
    (att2): ResBlock(
      (layers): Sequential(
        (0): BottleneckBlock(
          (change): Sequential(
            (0): Conv2d(128, 64, kernel_size=(1, 1), stride=(1, 1), bias=False)
            (1): InstanceNorm2d(64, eps=1e-05, momentum=0.1, affine=False, track_running_stats=False)
          )
          (left): Sequential(
            (0): Conv2d(128, 64, kernel_size=(1, 1), stride=(1, 1), bias=False)
            (1): InstanceNorm2d(64, eps=1e-05, momentum=0.1, affine=False, track_running_stats=False)
            (2): ReLU(inplace=True)
            (3): Conv2d(64, 64, kernel_size=(3, 3), stride=(1, 1), padding=(1, 1), bias=False)
            (4): InstanceNorm2d(64, eps=1e-05, momentum=0.1, affine=False, track_running_stats=False)
            (5): ReLU(inplace=True)
            (6): Conv2d(64, 64, kernel_size=(1, 1), stride=(1, 1), bias=False)
            (7): InstanceNorm2d(64, eps=1e-05, momentum=0.1, affine=False, track_running_stats=False)
          )
          (attention): SEAttention(
            (se): Sequential(
              (0): AdaptiveAvgPool2d(output_size=(1, 1))
              (1): Conv2d(64, 8, kernel_size=(1, 1), stride=(1, 1), bias=False)
              (2): ReLU(inplace=True)
              (3): Conv2d(8, 64, kernel_size=(1, 1), stride=(1, 1), bias=False)
              (4): Sigmoid()
            )
          )
        )
        (1): BottleneckBlock(
          (left): Sequential(
            (0): Conv2d(64, 64, kernel_size=(1, 1), stride=(1, 1), bias=False)
            (1): InstanceNorm2d(64, eps=1e-05, momentum=0.1, affine=False, track_running_stats=False)
            (2): ReLU(inplace=True)
            (3): Conv2d(64, 64, kernel_size=(3, 3), stride=(1, 1), padding=(1, 1), bias=False)
            (4): InstanceNorm2d(64, eps=1e-05, momentum=0.1, affine=False, track_running_stats=False)
            (5): ReLU(inplace=True)
            (6): Conv2d(64, 64, kernel_size=(1, 1), stride=(1, 1), bias=False)
            (7): InstanceNorm2d(64, eps=1e-05, momentum=0.1, affine=False, track_running_stats=False)
          )
          (attention): SEAttention(
            (se): Sequential(
              (0): AdaptiveAvgPool2d(output_size=(1, 1))
              (1): Conv2d(64, 8, kernel_size=(1, 1), stride=(1, 1), bias=False)
              (2): ReLU(inplace=True)
              (3): Conv2d(8, 64, kernel_size=(1, 1), stride=(1, 1), bias=False)
              (4): Sigmoid()
            )
          )
        )
      )
    )
    (up1): UP(
      (conv): DSConvBlock(
        (layers): Sequential(
          (0): DSConvINRelu(
            (dw): Conv2d(64, 64, kernel_size=(3, 3), stride=(1, 1), padding=(1, 1), groups=64, bias=False)
            (dw_norm): InstanceNorm2d(64, eps=1e-05, momentum=0.1, affine=False, track_running_stats=False)
            (dw_act): ReLU(inplace=True)
            (pw): Conv2d(64, 32, kernel_size=(1, 1), stride=(1, 1), bias=False)
            (pw_norm): InstanceNorm2d(32, eps=1e-05, momentum=0.1, affine=False, track_running_stats=False)
            (pw_act): ReLU(inplace=True)
          )
        )
      )
    )
    (att1): ResBlock(
      (layers): Sequential(
        (0): BottleneckBlock(
          (change): Sequential(
            (0): Conv2d(64, 32, kernel_size=(1, 1), stride=(1, 1), bias=False)
            (1): InstanceNorm2d(32, eps=1e-05, momentum=0.1, affine=False, track_running_stats=False)
          )
          (left): Sequential(
            (0): Conv2d(64, 32, kernel_size=(1, 1), stride=(1, 1), bias=False)
            (1): InstanceNorm2d(32, eps=1e-05, momentum=0.1, affine=False, track_running_stats=False)
            (2): ReLU(inplace=True)
            (3): Conv2d(32, 32, kernel_size=(3, 3), stride=(1, 1), padding=(1, 1), bias=False)
            (4): InstanceNorm2d(32, eps=1e-05, momentum=0.1, affine=False, track_running_stats=False)
            (5): ReLU(inplace=True)
            (6): Conv2d(32, 32, kernel_size=(1, 1), stride=(1, 1), bias=False)
            (7): InstanceNorm2d(32, eps=1e-05, momentum=0.1, affine=False, track_running_stats=False)
          )
          (attention): SEAttention(
            (se): Sequential(
              (0): AdaptiveAvgPool2d(output_size=(1, 1))
              (1): Conv2d(32, 4, kernel_size=(1, 1), stride=(1, 1), bias=False)
              (2): ReLU(inplace=True)
              (3): Conv2d(4, 32, kernel_size=(1, 1), stride=(1, 1), bias=False)
              (4): Sigmoid()
            )
          )
        )
        (1): BottleneckBlock(
          (left): Sequential(
            (0): Conv2d(32, 32, kernel_size=(1, 1), stride=(1, 1), bias=False)
            (1): InstanceNorm2d(32, eps=1e-05, momentum=0.1, affine=False, track_running_stats=False)
            (2): ReLU(inplace=True)
            (3): Conv2d(32, 32, kernel_size=(3, 3), stride=(1, 1), padding=(1, 1), bias=False)
            (4): InstanceNorm2d(32, eps=1e-05, momentum=0.1, affine=False, track_running_stats=False)
            (5): ReLU(inplace=True)
            (6): Conv2d(32, 32, kernel_size=(1, 1), stride=(1, 1), bias=False)
            (7): InstanceNorm2d(32, eps=1e-05, momentum=0.1, affine=False, track_running_stats=False)
          )
          (attention): SEAttention(
            (se): Sequential(
              (0): AdaptiveAvgPool2d(output_size=(1, 1))
              (1): Conv2d(32, 4, kernel_size=(1, 1), stride=(1, 1), bias=False)
              (2): ReLU(inplace=True)
              (3): Conv2d(4, 32, kernel_size=(1, 1), stride=(1, 1), bias=False)
              (4): Sigmoid()
            )
          )
        )
      )
    )
    (up0): UP(
      (conv): DSConvBlock(
        (layers): Sequential(
          (0): DSConvINRelu(
            (dw): Conv2d(32, 32, kernel_size=(3, 3), stride=(1, 1), padding=(1, 1), groups=32, bias=False)
            (dw_norm): InstanceNorm2d(32, eps=1e-05, momentum=0.1, affine=False, track_running_stats=False)
            (dw_act): ReLU(inplace=True)
            (pw): Conv2d(32, 16, kernel_size=(1, 1), stride=(1, 1), bias=False)
            (pw_norm): InstanceNorm2d(16, eps=1e-05, momentum=0.1, affine=False, track_running_stats=False)
            (pw_act): ReLU(inplace=True)
          )
        )
      )
    )
    (att0): ResBlock(
      (layers): Sequential(
        (0): BottleneckBlock(
          (change): Sequential(
            (0): Conv2d(32, 16, kernel_size=(1, 1), stride=(1, 1), bias=False)
            (1): InstanceNorm2d(16, eps=1e-05, momentum=0.1, affine=False, track_running_stats=False)
          )
          (left): Sequential(
            (0): Conv2d(32, 16, kernel_size=(1, 1), stride=(1, 1), bias=False)
            (1): InstanceNorm2d(16, eps=1e-05, momentum=0.1, affine=False, track_running_stats=False)
            (2): ReLU(inplace=True)
            (3): Conv2d(16, 16, kernel_size=(3, 3), stride=(1, 1), padding=(1, 1), bias=False)
            (4): InstanceNorm2d(16, eps=1e-05, momentum=0.1, affine=False, track_running_stats=False)
            (5): ReLU(inplace=True)
            (6): Conv2d(16, 16, kernel_size=(1, 1), stride=(1, 1), bias=False)
            (7): InstanceNorm2d(16, eps=1e-05, momentum=0.1, affine=False, track_running_stats=False)
          )
          (attention): SEAttention(
            (se): Sequential(
              (0): AdaptiveAvgPool2d(output_size=(1, 1))
              (1): Conv2d(16, 2, kernel_size=(1, 1), stride=(1, 1), bias=False)
              (2): ReLU(inplace=True)
              (3): Conv2d(2, 16, kernel_size=(1, 1), stride=(1, 1), bias=False)
              (4): Sigmoid()
            )
          )
        )
        (1): BottleneckBlock(
          (left): Sequential(
            (0): Conv2d(16, 16, kernel_size=(1, 1), stride=(1, 1), bias=False)
            (1): InstanceNorm2d(16, eps=1e-05, momentum=0.1, affine=False, track_running_stats=False)
            (2): ReLU(inplace=True)
            (3): Conv2d(16, 16, kernel_size=(3, 3), stride=(1, 1), padding=(1, 1), bias=False)
            (4): InstanceNorm2d(16, eps=1e-05, momentum=0.1, affine=False, track_running_stats=False)
            (5): ReLU(inplace=True)
            (6): Conv2d(16, 16, kernel_size=(1, 1), stride=(1, 1), bias=False)
            (7): InstanceNorm2d(16, eps=1e-05, momentum=0.1, affine=False, track_running_stats=False)
          )
          (attention): SEAttention(
            (se): Sequential(
              (0): AdaptiveAvgPool2d(output_size=(1, 1))
              (1): Conv2d(16, 2, kernel_size=(1, 1), stride=(1, 1), bias=False)
              (2): ReLU(inplace=True)
              (3): Conv2d(2, 16, kernel_size=(1, 1), stride=(1, 1), bias=False)
              (4): Sigmoid()
            )
          )
        )
      )
    )
    (Conv_1x1): Conv2d(16, 1, kernel_size=(1, 1), stride=(1, 1), bias=False)
    (message_layer): Linear(in_features=4096, out_features=64, bias=True)
  )
  (irn): InvNN(
    (operations): ModuleList(
      (0-11): 12 x InvBlock(
        (F): DenseBlock(
          (conv1): Conv2d(12, 32, kernel_size=(3, 3), stride=(1, 1), padding=(1, 1))
          (conv2): Conv2d(44, 32, kernel_size=(3, 3), stride=(1, 1), padding=(1, 1))
          (conv3): Conv2d(76, 32, kernel_size=(3, 3), stride=(1, 1), padding=(1, 1))
          (conv4): Conv2d(108, 32, kernel_size=(3, 3), stride=(1, 1), padding=(1, 1))
          (conv5): Conv2d(140, 12, kernel_size=(3, 3), stride=(1, 1), padding=(1, 1))
          (lrelu): LeakyReLU(negative_slope=0.2, inplace=True)
        )
        (NF): NAFBlock(
          (conv1): Conv2d(12, 24, kernel_size=(1, 1), stride=(1, 1))
          (conv2): Conv2d(24, 24, kernel_size=(3, 3), stride=(1, 1), padding=(1, 1), groups=24)
          (conv3): Conv2d(12, 12, kernel_size=(1, 1), stride=(1, 1))
          (sca): Sequential(
            (0): AdaptiveAvgPool2d(output_size=1)
            (1): Conv2d(12, 12, kernel_size=(1, 1), stride=(1, 1))
          )
          (sg): SimpleGate()
          (conv4): Conv2d(12, 24, kernel_size=(1, 1), stride=(1, 1))
          (conv5): Conv2d(12, 12, kernel_size=(1, 1), stride=(1, 1))
          (norm1): LayerNorm2d()
          (norm2): LayerNorm2d()
          (dropout1): Identity()
          (dropout2): Identity()
        )
        (G): DenseBlock(
          (conv1): Conv2d(12, 32, kernel_size=(3, 3), stride=(1, 1), padding=(1, 1))
          (conv2): Conv2d(44, 32, kernel_size=(3, 3), stride=(1, 1), padding=(1, 1))
          (conv3): Conv2d(76, 32, kernel_size=(3, 3), stride=(1, 1), padding=(1, 1))
          (conv4): Conv2d(108, 32, kernel_size=(3, 3), stride=(1, 1), padding=(1, 1))
          (conv5): Conv2d(140, 12, kernel_size=(3, 3), stride=(1, 1), padding=(1, 1))
          (lrelu): LeakyReLU(negative_slope=0.2, inplace=True)
        )
        (NG): NAFBlock(
          (conv1): Conv2d(12, 24, kernel_size=(1, 1), stride=(1, 1))
          (conv2): Conv2d(24, 24, kernel_size=(3, 3), stride=(1, 1), padding=(1, 1), groups=24)
          (conv3): Conv2d(12, 12, kernel_size=(1, 1), stride=(1, 1))
          (sca): Sequential(
            (0): AdaptiveAvgPool2d(output_size=1)
            (1): Conv2d(12, 12, kernel_size=(1, 1), stride=(1, 1))
          )
          (sg): SimpleGate()
          (conv4): Conv2d(12, 24, kernel_size=(1, 1), stride=(1, 1))
          (conv5): Conv2d(12, 12, kernel_size=(1, 1), stride=(1, 1))
          (norm1): LayerNorm2d()
          (norm2): LayerNorm2d()
          (dropout1): Identity()
          (dropout2): Identity()
        )
        (H): DenseBlock(
          (conv1): Conv2d(12, 32, kernel_size=(3, 3), stride=(1, 1), padding=(1, 1))
          (conv2): Conv2d(44, 32, kernel_size=(3, 3), stride=(1, 1), padding=(1, 1))
          (conv3): Conv2d(76, 32, kernel_size=(3, 3), stride=(1, 1), padding=(1, 1))
          (conv4): Conv2d(108, 32, kernel_size=(3, 3), stride=(1, 1), padding=(1, 1))
          (conv5): Conv2d(140, 12, kernel_size=(3, 3), stride=(1, 1), padding=(1, 1))
          (lrelu): LeakyReLU(negative_slope=0.2, inplace=True)
        )
        (NH): NAFBlock(
          (conv1): Conv2d(12, 24, kernel_size=(1, 1), stride=(1, 1))
          (conv2): Conv2d(24, 24, kernel_size=(3, 3), stride=(1, 1), padding=(1, 1), groups=24)
          (conv3): Conv2d(12, 12, kernel_size=(1, 1), stride=(1, 1))
          (sca): Sequential(
            (0): AdaptiveAvgPool2d(output_size=1)
            (1): Conv2d(12, 12, kernel_size=(1, 1), stride=(1, 1))
          )
          (sg): SimpleGate()
          (conv4): Conv2d(12, 24, kernel_size=(1, 1), stride=(1, 1))
          (conv5): Conv2d(12, 12, kernel_size=(1, 1), stride=(1, 1))
          (norm1): LayerNorm2d()
          (norm2): LayerNorm2d()
          (dropout1): Identity()
          (dropout2): Identity()
        )
      )
    )
  )
  (pm): PredictiveModuleMIMO_prompt(
    (conv_in): Conv2d(12, 12, kernel_size=(3, 3), stride=(1, 1), padding=(1, 1))
    (res_block): Sequential(
      (0): ResidualBlockNoBN(
        (conv1): Conv2d(12, 12, kernel_size=(3, 3), stride=(1, 1), padding=(1, 1))
        (conv2): Conv2d(12, 12, kernel_size=(3, 3), stride=(1, 1), padding=(1, 1))
        (relu): LeakyReLU(negative_slope=0.2, inplace=True)
      )
      (1): ResidualBlockNoBN(
        (conv1): Conv2d(12, 12, kernel_size=(3, 3), stride=(1, 1), padding=(1, 1))
        (conv2): Conv2d(12, 12, kernel_size=(3, 3), stride=(1, 1), padding=(1, 1))
        (relu): LeakyReLU(negative_slope=0.2, inplace=True)
      )
      (2): ResidualBlockNoBN(
        (conv1): Conv2d(12, 12, kernel_size=(3, 3), stride=(1, 1), padding=(1, 1))
        (conv2): Conv2d(12, 12, kernel_size=(3, 3), stride=(1, 1), padding=(1, 1))
        (relu): LeakyReLU(negative_slope=0.2, inplace=True)
      )
      (3): ResidualBlockNoBN(
        (conv1): Conv2d(12, 12, kernel_size=(3, 3), stride=(1, 1), padding=(1, 1))
        (conv2): Conv2d(12, 12, kernel_size=(3, 3), stride=(1, 1), padding=(1, 1))
        (relu): LeakyReLU(negative_slope=0.2, inplace=True)
      )
      (4): ResidualBlockNoBN(
        (conv1): Conv2d(12, 12, kernel_size=(3, 3), stride=(1, 1), padding=(1, 1))
        (conv2): Conv2d(12, 12, kernel_size=(3, 3), stride=(1, 1), padding=(1, 1))
        (relu): LeakyReLU(negative_slope=0.2, inplace=True)
      )
      (5): ResidualBlockNoBN(
        (conv1): Conv2d(12, 12, kernel_size=(3, 3), stride=(1, 1), padding=(1, 1))
        (conv2): Conv2d(12, 12, kernel_size=(3, 3), stride=(1, 1), padding=(1, 1))
        (relu): LeakyReLU(negative_slope=0.2, inplace=True)
      )
      (6): ResidualBlockNoBN(
        (conv1): Conv2d(12, 12, kernel_size=(3, 3), stride=(1, 1), padding=(1, 1))
        (conv2): Conv2d(12, 12, kernel_size=(3, 3), stride=(1, 1), padding=(1, 1))
        (relu): LeakyReLU(negative_slope=0.2, inplace=True)
      )
      (7): ResidualBlockNoBN(
        (conv1): Conv2d(12, 12, kernel_size=(3, 3), stride=(1, 1), padding=(1, 1))
        (conv2): Conv2d(12, 12, kernel_size=(3, 3), stride=(1, 1), padding=(1, 1))
        (relu): LeakyReLU(negative_slope=0.2, inplace=True)
      )
    )
    (transformer_block): Sequential(
      (0): TransformerBlock(
        (norm1): LayerNorm(
          (body): WithBias_LayerNorm()
        )
        (attn): Attention(
          (qkv): Conv2d(12, 36, kernel_size=(1, 1), stride=(1, 1), bias=False)
          (qkv_dwconv): Conv2d(36, 36, kernel_size=(3, 3), stride=(1, 1), padding=(1, 1), groups=36, bias=False)
          (project_out): Conv2d(12, 12, kernel_size=(1, 1), stride=(1, 1), bias=False)
        )
        (norm2): LayerNorm(
          (body): WithBias_LayerNorm()
        )
        (ffn): FeedForward(
          (project_in): Conv2d(12, 96, kernel_size=(1, 1), stride=(1, 1), bias=False)
          (dwconv): Conv2d(96, 96, kernel_size=(3, 3), stride=(1, 1), padding=(1, 1), groups=96, bias=False)
          (project_out): Conv2d(48, 12, kernel_size=(1, 1), stride=(1, 1), bias=False)
        )
      )
      (1): TransformerBlock(
        (norm1): LayerNorm(
          (body): WithBias_LayerNorm()
        )
        (attn): Attention(
          (qkv): Conv2d(12, 36, kernel_size=(1, 1), stride=(1, 1), bias=False)
          (qkv_dwconv): Conv2d(36, 36, kernel_size=(3, 3), stride=(1, 1), padding=(1, 1), groups=36, bias=False)
          (project_out): Conv2d(12, 12, kernel_size=(1, 1), stride=(1, 1), bias=False)
        )
        (norm2): LayerNorm(
          (body): WithBias_LayerNorm()
        )
        (ffn): FeedForward(
          (project_in): Conv2d(12, 96, kernel_size=(1, 1), stride=(1, 1), bias=False)
          (dwconv): Conv2d(96, 96, kernel_size=(3, 3), stride=(1, 1), padding=(1, 1), groups=96, bias=False)
          (project_out): Conv2d(48, 12, kernel_size=(1, 1), stride=(1, 1), bias=False)
        )
      )
      (2): TransformerBlock(
        (norm1): LayerNorm(
          (body): WithBias_LayerNorm()
        )
        (attn): Attention(
          (qkv): Conv2d(12, 36, kernel_size=(1, 1), stride=(1, 1), bias=False)
          (qkv_dwconv): Conv2d(36, 36, kernel_size=(3, 3), stride=(1, 1), padding=(1, 1), groups=36, bias=False)
          (project_out): Conv2d(12, 12, kernel_size=(1, 1), stride=(1, 1), bias=False)
        )
        (norm2): LayerNorm(
          (body): WithBias_LayerNorm()
        )
        (ffn): FeedForward(
          (project_in): Conv2d(12, 96, kernel_size=(1, 1), stride=(1, 1), bias=False)
          (dwconv): Conv2d(96, 96, kernel_size=(3, 3), stride=(1, 1), padding=(1, 1), groups=96, bias=False)
          (project_out): Conv2d(48, 12, kernel_size=(1, 1), stride=(1, 1), bias=False)
        )
      )
      (3): TransformerBlock(
        (norm1): LayerNorm(
          (body): WithBias_LayerNorm()
        )
        (attn): Attention(
          (qkv): Conv2d(12, 36, kernel_size=(1, 1), stride=(1, 1), bias=False)
          (qkv_dwconv): Conv2d(36, 36, kernel_size=(3, 3), stride=(1, 1), padding=(1, 1), groups=36, bias=False)
          (project_out): Conv2d(12, 12, kernel_size=(1, 1), stride=(1, 1), bias=False)
        )
        (norm2): LayerNorm(
          (body): WithBias_LayerNorm()
        )
        (ffn): FeedForward(
          (project_in): Conv2d(12, 96, kernel_size=(1, 1), stride=(1, 1), bias=False)
          (dwconv): Conv2d(96, 96, kernel_size=(3, 3), stride=(1, 1), padding=(1, 1), groups=96, bias=False)
          (project_out): Conv2d(48, 12, kernel_size=(1, 1), stride=(1, 1), bias=False)
        )
      )
    )
    (prompt): PromptGenBlock(
      (linear_layer): Linear(in_features=12, out_features=3, bias=True)
      (conv3x3): Conv2d(12, 12, kernel_size=(3, 3), stride=(1, 1), padding=(1, 1), bias=False)
    )
    (fuse): Conv2d(24, 12, kernel_size=(3, 3), stride=(1, 1), padding=(1, 1))
  )
)
25-06-24 12:26:24.685 - INFO: Loading model for G [/workspace/EditGuard-V1/experiments/train_ibsn_bit_64/models/45000_G.pth] ...
2025-06-24 12:26:24,685 - INFO - Loading model for G [/workspace/EditGuard-V1/experiments/train_ibsn_bit_64/models/45000_G.pth] ...
25-06-24 12:26:24.888 - WARNING: Params [module.irn.operations.0.F.conv1.weight] will not optimize.
2025-06-24 12:26:24,888 - WARNING - Params [module.irn.operations.0.F.conv1.weight] will not optimize.
25-06-24 12:26:24.888 - WARNING: Params [module.irn.operations.0.F.conv1.bias] will not optimize.
2025-06-24 12:26:24,888 - WARNING - Params [module.irn.operations.0.F.conv1.bias] will not optimize.
25-06-24 12:26:24.888 - WARNING: Params [module.irn.operations.0.F.conv2.weight] will not optimize.
2025-06-24 12:26:24,888 - WARNING - Params [module.irn.operations.0.F.conv2.weight] will not optimize.
25-06-24 12:26:24.888 - WARNING: Params [module.irn.operations.0.F.conv2.bias] will not optimize.
2025-06-24 12:26:24,888 - WARNING - Params [module.irn.operations.0.F.conv2.bias] will not optimize.
25-06-24 12:26:24.888 - WARNING: Params [module.irn.operations.0.F.conv3.weight] will not optimize.
2025-06-24 12:26:24,888 - WARNING - Params [module.irn.operations.0.F.conv3.weight] will not optimize.
25-06-24 12:26:24.888 - WARNING: Params [module.irn.operations.0.F.conv3.bias] will not optimize.
2025-06-24 12:26:24,888 - WARNING - Params [module.irn.operations.0.F.conv3.bias] will not optimize.
25-06-24 12:26:24.888 - WARNING: Params [module.irn.operations.0.F.conv4.weight] will not optimize.
2025-06-24 12:26:24,888 - WARNING - Params [module.irn.operations.0.F.conv4.weight] will not optimize.
25-06-24 12:26:24.888 - WARNING: Params [module.irn.operations.0.F.conv4.bias] will not optimize.
2025-06-24 12:26:24,888 - WARNING - Params [module.irn.operations.0.F.conv4.bias] will not optimize.
25-06-24 12:26:24.888 - WARNING: Params [module.irn.operations.0.F.conv5.weight] will not optimize.
2025-06-24 12:26:24,888 - WARNING - Params [module.irn.operations.0.F.conv5.weight] will not optimize.
25-06-24 12:26:24.889 - WARNING: Params [module.irn.operations.0.F.conv5.bias] will not optimize.
2025-06-24 12:26:24,889 - WARNING - Params [module.irn.operations.0.F.conv5.bias] will not optimize.
25-06-24 12:26:24.889 - WARNING: Params [module.irn.operations.0.NF.beta] will not optimize.
2025-06-24 12:26:24,889 - WARNING - Params [module.irn.operations.0.NF.beta] will not optimize.
25-06-24 12:26:24.889 - WARNING: Params [module.irn.operations.0.NF.gamma] will not optimize.
2025-06-24 12:26:24,889 - WARNING - Params [module.irn.operations.0.NF.gamma] will not optimize.
25-06-24 12:26:24.889 - WARNING: Params [module.irn.operations.0.NF.conv1.weight] will not optimize.
2025-06-24 12:26:24,889 - WARNING - Params [module.irn.operations.0.NF.conv1.weight] will not optimize.
25-06-24 12:26:24.889 - WARNING: Params [module.irn.operations.0.NF.conv1.bias] will not optimize.
2025-06-24 12:26:24,889 - WARNING - Params [module.irn.operations.0.NF.conv1.bias] will not optimize.
25-06-24 12:26:24.889 - WARNING: Params [module.irn.operations.0.NF.conv2.weight] will not optimize.
2025-06-24 12:26:24,889 - WARNING - Params [module.irn.operations.0.NF.conv2.weight] will not optimize.
25-06-24 12:26:24.889 - WARNING: Params [module.irn.operations.0.NF.conv2.bias] will not optimize.
2025-06-24 12:26:24,889 - WARNING - Params [module.irn.operations.0.NF.conv2.bias] will not optimize.
25-06-24 12:26:24.889 - WARNING: Params [module.irn.operations.0.NF.conv3.weight] will not optimize.
2025-06-24 12:26:24,889 - WARNING - Params [module.irn.operations.0.NF.conv3.weight] will not optimize.
25-06-24 12:26:24.889 - WARNING: Params [module.irn.operations.0.NF.conv3.bias] will not optimize.
2025-06-24 12:26:24,889 - WARNING - Params [module.irn.operations.0.NF.conv3.bias] will not optimize.
25-06-24 12:26:24.889 - WARNING: Params [module.irn.operations.0.NF.sca.1.weight] will not optimize.
2025-06-24 12:26:24,889 - WARNING - Params [module.irn.operations.0.NF.sca.1.weight] will not optimize.
25-06-24 12:26:24.889 - WARNING: Params [module.irn.operations.0.NF.sca.1.bias] will not optimize.
2025-06-24 12:26:24,889 - WARNING - Params [module.irn.operations.0.NF.sca.1.bias] will not optimize.
25-06-24 12:26:24.889 - WARNING: Params [module.irn.operations.0.NF.conv4.weight] will not optimize.
2025-06-24 12:26:24,889 - WARNING - Params [module.irn.operations.0.NF.conv4.weight] will not optimize.
25-06-24 12:26:24.889 - WARNING: Params [module.irn.operations.0.NF.conv4.bias] will not optimize.
2025-06-24 12:26:24,889 - WARNING - Params [module.irn.operations.0.NF.conv4.bias] will not optimize.
25-06-24 12:26:24.889 - WARNING: Params [module.irn.operations.0.NF.conv5.weight] will not optimize.
2025-06-24 12:26:24,889 - WARNING - Params [module.irn.operations.0.NF.conv5.weight] will not optimize.
25-06-24 12:26:24.889 - WARNING: Params [module.irn.operations.0.NF.conv5.bias] will not optimize.
2025-06-24 12:26:24,889 - WARNING - Params [module.irn.operations.0.NF.conv5.bias] will not optimize.
25-06-24 12:26:24.889 - WARNING: Params [module.irn.operations.0.NF.norm1.weight] will not optimize.
2025-06-24 12:26:24,889 - WARNING - Params [module.irn.operations.0.NF.norm1.weight] will not optimize.
25-06-24 12:26:24.889 - WARNING: Params [module.irn.operations.0.NF.norm1.bias] will not optimize.
2025-06-24 12:26:24,889 - WARNING - Params [module.irn.operations.0.NF.norm1.bias] will not optimize.
25-06-24 12:26:24.889 - WARNING: Params [module.irn.operations.0.NF.norm2.weight] will not optimize.
2025-06-24 12:26:24,889 - WARNING - Params [module.irn.operations.0.NF.norm2.weight] will not optimize.
25-06-24 12:26:24.889 - WARNING: Params [module.irn.operations.0.NF.norm2.bias] will not optimize.
2025-06-24 12:26:24,889 - WARNING - Params [module.irn.operations.0.NF.norm2.bias] will not optimize.
25-06-24 12:26:24.890 - WARNING: Params [module.irn.operations.0.G.conv1.weight] will not optimize.
2025-06-24 12:26:24,890 - WARNING - Params [module.irn.operations.0.G.conv1.weight] will not optimize.
25-06-24 12:26:24.890 - WARNING: Params [module.irn.operations.0.G.conv1.bias] will not optimize.
2025-06-24 12:26:24,890 - WARNING - Params [module.irn.operations.0.G.conv1.bias] will not optimize.
25-06-24 12:26:24.890 - WARNING: Params [module.irn.operations.0.G.conv2.weight] will not optimize.
2025-06-24 12:26:24,890 - WARNING - Params [module.irn.operations.0.G.conv2.weight] will not optimize.
25-06-24 12:26:24.890 - WARNING: Params [module.irn.operations.0.G.conv2.bias] will not optimize.
2025-06-24 12:26:24,890 - WARNING - Params [module.irn.operations.0.G.conv2.bias] will not optimize.
25-06-24 12:26:24.890 - WARNING: Params [module.irn.operations.0.G.conv3.weight] will not optimize.
2025-06-24 12:26:24,890 - WARNING - Params [module.irn.operations.0.G.conv3.weight] will not optimize.
25-06-24 12:26:24.890 - WARNING: Params [module.irn.operations.0.G.conv3.bias] will not optimize.
2025-06-24 12:26:24,890 - WARNING - Params [module.irn.operations.0.G.conv3.bias] will not optimize.
25-06-24 12:26:24.890 - WARNING: Params [module.irn.operations.0.G.conv4.weight] will not optimize.
2025-06-24 12:26:24,890 - WARNING - Params [module.irn.operations.0.G.conv4.weight] will not optimize.
25-06-24 12:26:24.890 - WARNING: Params [module.irn.operations.0.G.conv4.bias] will not optimize.
2025-06-24 12:26:24,890 - WARNING - Params [module.irn.operations.0.G.conv4.bias] will not optimize.
25-06-24 12:26:24.890 - WARNING: Params [module.irn.operations.0.G.conv5.weight] will not optimize.
2025-06-24 12:26:24,890 - WARNING - Params [module.irn.operations.0.G.conv5.weight] will not optimize.
25-06-24 12:26:24.890 - WARNING: Params [module.irn.operations.0.G.conv5.bias] will not optimize.
2025-06-24 12:26:24,890 - WARNING - Params [module.irn.operations.0.G.conv5.bias] will not optimize.
25-06-24 12:26:24.890 - WARNING: Params [module.irn.operations.0.NG.beta] will not optimize.
2025-06-24 12:26:24,890 - WARNING - Params [module.irn.operations.0.NG.beta] will not optimize.
25-06-24 12:26:24.890 - WARNING: Params [module.irn.operations.0.NG.gamma] will not optimize.
2025-06-24 12:26:24,890 - WARNING - Params [module.irn.operations.0.NG.gamma] will not optimize.
25-06-24 12:26:24.890 - WARNING: Params [module.irn.operations.0.NG.conv1.weight] will not optimize.
2025-06-24 12:26:24,890 - WARNING - Params [module.irn.operations.0.NG.conv1.weight] will not optimize.
25-06-24 12:26:24.890 - WARNING: Params [module.irn.operations.0.NG.conv1.bias] will not optimize.
2025-06-24 12:26:24,890 - WARNING - Params [module.irn.operations.0.NG.conv1.bias] will not optimize.
25-06-24 12:26:24.890 - WARNING: Params [module.irn.operations.0.NG.conv2.weight] will not optimize.
2025-06-24 12:26:24,890 - WARNING - Params [module.irn.operations.0.NG.conv2.weight] will not optimize.
25-06-24 12:26:24.890 - WARNING: Params [module.irn.operations.0.NG.conv2.bias] will not optimize.
2025-06-24 12:26:24,890 - WARNING - Params [module.irn.operations.0.NG.conv2.bias] will not optimize.
25-06-24 12:26:24.890 - WARNING: Params [module.irn.operations.0.NG.conv3.weight] will not optimize.
2025-06-24 12:26:24,890 - WARNING - Params [module.irn.operations.0.NG.conv3.weight] will not optimize.
25-06-24 12:26:24.890 - WARNING: Params [module.irn.operations.0.NG.conv3.bias] will not optimize.
2025-06-24 12:26:24,890 - WARNING - Params [module.irn.operations.0.NG.conv3.bias] will not optimize.
25-06-24 12:26:24.891 - WARNING: Params [module.irn.operations.0.NG.sca.1.weight] will not optimize.
2025-06-24 12:26:24,891 - WARNING - Params [module.irn.operations.0.NG.sca.1.weight] will not optimize.
25-06-24 12:26:24.891 - WARNING: Params [module.irn.operations.0.NG.sca.1.bias] will not optimize.
2025-06-24 12:26:24,891 - WARNING - Params [module.irn.operations.0.NG.sca.1.bias] will not optimize.
25-06-24 12:26:24.891 - WARNING: Params [module.irn.operations.0.NG.conv4.weight] will not optimize.
2025-06-24 12:26:24,891 - WARNING - Params [module.irn.operations.0.NG.conv4.weight] will not optimize.
25-06-24 12:26:24.891 - WARNING: Params [module.irn.operations.0.NG.conv4.bias] will not optimize.
2025-06-24 12:26:24,891 - WARNING - Params [module.irn.operations.0.NG.conv4.bias] will not optimize.
25-06-24 12:26:24.891 - WARNING: Params [module.irn.operations.0.NG.conv5.weight] will not optimize.
2025-06-24 12:26:24,891 - WARNING - Params [module.irn.operations.0.NG.conv5.weight] will not optimize.
25-06-24 12:26:24.891 - WARNING: Params [module.irn.operations.0.NG.conv5.bias] will not optimize.
2025-06-24 12:26:24,891 - WARNING - Params [module.irn.operations.0.NG.conv5.bias] will not optimize.
25-06-24 12:26:24.891 - WARNING: Params [module.irn.operations.0.NG.norm1.weight] will not optimize.
2025-06-24 12:26:24,891 - WARNING - Params [module.irn.operations.0.NG.norm1.weight] will not optimize.
25-06-24 12:26:24.891 - WARNING: Params [module.irn.operations.0.NG.norm1.bias] will not optimize.
2025-06-24 12:26:24,891 - WARNING - Params [module.irn.operations.0.NG.norm1.bias] will not optimize.
25-06-24 12:26:24.891 - WARNING: Params [module.irn.operations.0.NG.norm2.weight] will not optimize.
2025-06-24 12:26:24,891 - WARNING - Params [module.irn.operations.0.NG.norm2.weight] will not optimize.
25-06-24 12:26:24.891 - WARNING: Params [module.irn.operations.0.NG.norm2.bias] will not optimize.
2025-06-24 12:26:24,891 - WARNING - Params [module.irn.operations.0.NG.norm2.bias] will not optimize.
25-06-24 12:26:24.891 - WARNING: Params [module.irn.operations.0.H.conv1.weight] will not optimize.
2025-06-24 12:26:24,891 - WARNING - Params [module.irn.operations.0.H.conv1.weight] will not optimize.
25-06-24 12:26:24.891 - WARNING: Params [module.irn.operations.0.H.conv1.bias] will not optimize.
2025-06-24 12:26:24,891 - WARNING - Params [module.irn.operations.0.H.conv1.bias] will not optimize.
25-06-24 12:26:24.891 - WARNING: Params [module.irn.operations.0.H.conv2.weight] will not optimize.
2025-06-24 12:26:24,891 - WARNING - Params [module.irn.operations.0.H.conv2.weight] will not optimize.
25-06-24 12:26:24.891 - WARNING: Params [module.irn.operations.0.H.conv2.bias] will not optimize.
2025-06-24 12:26:24,891 - WARNING - Params [module.irn.operations.0.H.conv2.bias] will not optimize.
25-06-24 12:26:24.891 - WARNING: Params [module.irn.operations.0.H.conv3.weight] will not optimize.
2025-06-24 12:26:24,891 - WARNING - Params [module.irn.operations.0.H.conv3.weight] will not optimize.
25-06-24 12:26:24.891 - WARNING: Params [module.irn.operations.0.H.conv3.bias] will not optimize.
2025-06-24 12:26:24,891 - WARNING - Params [module.irn.operations.0.H.conv3.bias] will not optimize.
25-06-24 12:26:24.891 - WARNING: Params [module.irn.operations.0.H.conv4.weight] will not optimize.
2025-06-24 12:26:24,891 - WARNING - Params [module.irn.operations.0.H.conv4.weight] will not optimize.
25-06-24 12:26:24.891 - WARNING: Params [module.irn.operations.0.H.conv4.bias] will not optimize.
2025-06-24 12:26:24,891 - WARNING - Params [module.irn.operations.0.H.conv4.bias] will not optimize.
25-06-24 12:26:24.892 - WARNING: Params [module.irn.operations.0.H.conv5.weight] will not optimize.
2025-06-24 12:26:24,892 - WARNING - Params [module.irn.operations.0.H.conv5.weight] will not optimize.
25-06-24 12:26:24.892 - WARNING: Params [module.irn.operations.0.H.conv5.bias] will not optimize.
2025-06-24 12:26:24,892 - WARNING - Params [module.irn.operations.0.H.conv5.bias] will not optimize.
25-06-24 12:26:24.892 - WARNING: Params [module.irn.operations.0.NH.beta] will not optimize.
2025-06-24 12:26:24,892 - WARNING - Params [module.irn.operations.0.NH.beta] will not optimize.
25-06-24 12:26:24.892 - WARNING: Params [module.irn.operations.0.NH.gamma] will not optimize.
2025-06-24 12:26:24,892 - WARNING - Params [module.irn.operations.0.NH.gamma] will not optimize.
25-06-24 12:26:24.892 - WARNING: Params [module.irn.operations.0.NH.conv1.weight] will not optimize.
2025-06-24 12:26:24,892 - WARNING - Params [module.irn.operations.0.NH.conv1.weight] will not optimize.
25-06-24 12:26:24.892 - WARNING: Params [module.irn.operations.0.NH.conv1.bias] will not optimize.
2025-06-24 12:26:24,892 - WARNING - Params [module.irn.operations.0.NH.conv1.bias] will not optimize.
25-06-24 12:26:24.892 - WARNING: Params [module.irn.operations.0.NH.conv2.weight] will not optimize.
2025-06-24 12:26:24,892 - WARNING - Params [module.irn.operations.0.NH.conv2.weight] will not optimize.
25-06-24 12:26:24.892 - WARNING: Params [module.irn.operations.0.NH.conv2.bias] will not optimize.
2025-06-24 12:26:24,892 - WARNING - Params [module.irn.operations.0.NH.conv2.bias] will not optimize.
25-06-24 12:26:24.892 - WARNING: Params [module.irn.operations.0.NH.conv3.weight] will not optimize.
2025-06-24 12:26:24,892 - WARNING - Params [module.irn.operations.0.NH.conv3.weight] will not optimize.
25-06-24 12:26:24.892 - WARNING: Params [module.irn.operations.0.NH.conv3.bias] will not optimize.
2025-06-24 12:26:24,892 - WARNING - Params [module.irn.operations.0.NH.conv3.bias] will not optimize.
25-06-24 12:26:24.892 - WARNING: Params [module.irn.operations.0.NH.sca.1.weight] will not optimize.
2025-06-24 12:26:24,892 - WARNING - Params [module.irn.operations.0.NH.sca.1.weight] will not optimize.
25-06-24 12:26:24.892 - WARNING: Params [module.irn.operations.0.NH.sca.1.bias] will not optimize.
2025-06-24 12:26:24,892 - WARNING - Params [module.irn.operations.0.NH.sca.1.bias] will not optimize.
25-06-24 12:26:24.892 - WARNING: Params [module.irn.operations.0.NH.conv4.weight] will not optimize.
2025-06-24 12:26:24,892 - WARNING - Params [module.irn.operations.0.NH.conv4.weight] will not optimize.
25-06-24 12:26:24.892 - WARNING: Params [module.irn.operations.0.NH.conv4.bias] will not optimize.
2025-06-24 12:26:24,892 - WARNING - Params [module.irn.operations.0.NH.conv4.bias] will not optimize.
25-06-24 12:26:24.892 - WARNING: Params [module.irn.operations.0.NH.conv5.weight] will not optimize.
2025-06-24 12:26:24,892 - WARNING - Params [module.irn.operations.0.NH.conv5.weight] will not optimize.
25-06-24 12:26:24.892 - WARNING: Params [module.irn.operations.0.NH.conv5.bias] will not optimize.
2025-06-24 12:26:24,892 - WARNING - Params [module.irn.operations.0.NH.conv5.bias] will not optimize.
25-06-24 12:26:24.892 - WARNING: Params [module.irn.operations.0.NH.norm1.weight] will not optimize.
2025-06-24 12:26:24,892 - WARNING - Params [module.irn.operations.0.NH.norm1.weight] will not optimize.
25-06-24 12:26:24.892 - WARNING: Params [module.irn.operations.0.NH.norm1.bias] will not optimize.
2025-06-24 12:26:24,892 - WARNING - Params [module.irn.operations.0.NH.norm1.bias] will not optimize.
25-06-24 12:26:24.892 - WARNING: Params [module.irn.operations.0.NH.norm2.weight] will not optimize.
2025-06-24 12:26:24,892 - WARNING - Params [module.irn.operations.0.NH.norm2.weight] will not optimize.
25-06-24 12:26:24.893 - WARNING: Params [module.irn.operations.0.NH.norm2.bias] will not optimize.
2025-06-24 12:26:24,893 - WARNING - Params [module.irn.operations.0.NH.norm2.bias] will not optimize.
25-06-24 12:26:24.893 - WARNING: Params [module.irn.operations.1.F.conv1.weight] will not optimize.
2025-06-24 12:26:24,893 - WARNING - Params [module.irn.operations.1.F.conv1.weight] will not optimize.
25-06-24 12:26:24.893 - WARNING: Params [module.irn.operations.1.F.conv1.bias] will not optimize.
2025-06-24 12:26:24,893 - WARNING - Params [module.irn.operations.1.F.conv1.bias] will not optimize.
25-06-24 12:26:24.893 - WARNING: Params [module.irn.operations.1.F.conv2.weight] will not optimize.
2025-06-24 12:26:24,893 - WARNING - Params [module.irn.operations.1.F.conv2.weight] will not optimize.
25-06-24 12:26:24.893 - WARNING: Params [module.irn.operations.1.F.conv2.bias] will not optimize.
2025-06-24 12:26:24,893 - WARNING - Params [module.irn.operations.1.F.conv2.bias] will not optimize.
25-06-24 12:26:24.893 - WARNING: Params [module.irn.operations.1.F.conv3.weight] will not optimize.
2025-06-24 12:26:24,893 - WARNING - Params [module.irn.operations.1.F.conv3.weight] will not optimize.
25-06-24 12:26:24.893 - WARNING: Params [module.irn.operations.1.F.conv3.bias] will not optimize.
2025-06-24 12:26:24,893 - WARNING - Params [module.irn.operations.1.F.conv3.bias] will not optimize.
25-06-24 12:26:24.893 - WARNING: Params [module.irn.operations.1.F.conv4.weight] will not optimize.
2025-06-24 12:26:24,893 - WARNING - Params [module.irn.operations.1.F.conv4.weight] will not optimize.
25-06-24 12:26:24.893 - WARNING: Params [module.irn.operations.1.F.conv4.bias] will not optimize.
2025-06-24 12:26:24,893 - WARNING - Params [module.irn.operations.1.F.conv4.bias] will not optimize.
25-06-24 12:26:24.893 - WARNING: Params [module.irn.operations.1.F.conv5.weight] will not optimize.
2025-06-24 12:26:24,893 - WARNING - Params [module.irn.operations.1.F.conv5.weight] will not optimize.
25-06-24 12:26:24.893 - WARNING: Params [module.irn.operations.1.F.conv5.bias] will not optimize.
2025-06-24 12:26:24,893 - WARNING - Params [module.irn.operations.1.F.conv5.bias] will not optimize.
25-06-24 12:26:24.893 - WARNING: Params [module.irn.operations.1.NF.beta] will not optimize.
2025-06-24 12:26:24,893 - WARNING - Params [module.irn.operations.1.NF.beta] will not optimize.
25-06-24 12:26:24.893 - WARNING: Params [module.irn.operations.1.NF.gamma] will not optimize.
2025-06-24 12:26:24,893 - WARNING - Params [module.irn.operations.1.NF.gamma] will not optimize.
25-06-24 12:26:24.893 - WARNING: Params [module.irn.operations.1.NF.conv1.weight] will not optimize.
2025-06-24 12:26:24,893 - WARNING - Params [module.irn.operations.1.NF.conv1.weight] will not optimize.
25-06-24 12:26:24.893 - WARNING: Params [module.irn.operations.1.NF.conv1.bias] will not optimize.
2025-06-24 12:26:24,893 - WARNING - Params [module.irn.operations.1.NF.conv1.bias] will not optimize.
25-06-24 12:26:24.893 - WARNING: Params [module.irn.operations.1.NF.conv2.weight] will not optimize.
2025-06-24 12:26:24,893 - WARNING - Params [module.irn.operations.1.NF.conv2.weight] will not optimize.
25-06-24 12:26:24.893 - WARNING: Params [module.irn.operations.1.NF.conv2.bias] will not optimize.
2025-06-24 12:26:24,893 - WARNING - Params [module.irn.operations.1.NF.conv2.bias] will not optimize.
25-06-24 12:26:24.893 - WARNING: Params [module.irn.operations.1.NF.conv3.weight] will not optimize.
2025-06-24 12:26:24,893 - WARNING - Params [module.irn.operations.1.NF.conv3.weight] will not optimize.
25-06-24 12:26:24.894 - WARNING: Params [module.irn.operations.1.NF.conv3.bias] will not optimize.
2025-06-24 12:26:24,894 - WARNING - Params [module.irn.operations.1.NF.conv3.bias] will not optimize.
25-06-24 12:26:24.894 - WARNING: Params [module.irn.operations.1.NF.sca.1.weight] will not optimize.
2025-06-24 12:26:24,894 - WARNING - Params [module.irn.operations.1.NF.sca.1.weight] will not optimize.
25-06-24 12:26:24.894 - WARNING: Params [module.irn.operations.1.NF.sca.1.bias] will not optimize.
2025-06-24 12:26:24,894 - WARNING - Params [module.irn.operations.1.NF.sca.1.bias] will not optimize.
25-06-24 12:26:24.894 - WARNING: Params [module.irn.operations.1.NF.conv4.weight] will not optimize.
2025-06-24 12:26:24,894 - WARNING - Params [module.irn.operations.1.NF.conv4.weight] will not optimize.
25-06-24 12:26:24.894 - WARNING: Params [module.irn.operations.1.NF.conv4.bias] will not optimize.
2025-06-24 12:26:24,894 - WARNING - Params [module.irn.operations.1.NF.conv4.bias] will not optimize.
25-06-24 12:26:24.894 - WARNING: Params [module.irn.operations.1.NF.conv5.weight] will not optimize.
2025-06-24 12:26:24,894 - WARNING - Params [module.irn.operations.1.NF.conv5.weight] will not optimize.
25-06-24 12:26:24.894 - WARNING: Params [module.irn.operations.1.NF.conv5.bias] will not optimize.
2025-06-24 12:26:24,894 - WARNING - Params [module.irn.operations.1.NF.conv5.bias] will not optimize.
25-06-24 12:26:24.894 - WARNING: Params [module.irn.operations.1.NF.norm1.weight] will not optimize.
2025-06-24 12:26:24,894 - WARNING - Params [module.irn.operations.1.NF.norm1.weight] will not optimize.
25-06-24 12:26:24.894 - WARNING: Params [module.irn.operations.1.NF.norm1.bias] will not optimize.
2025-06-24 12:26:24,894 - WARNING - Params [module.irn.operations.1.NF.norm1.bias] will not optimize.
25-06-24 12:26:24.894 - WARNING: Params [module.irn.operations.1.NF.norm2.weight] will not optimize.
2025-06-24 12:26:24,894 - WARNING - Params [module.irn.operations.1.NF.norm2.weight] will not optimize.
25-06-24 12:26:24.894 - WARNING: Params [module.irn.operations.1.NF.norm2.bias] will not optimize.
2025-06-24 12:26:24,894 - WARNING - Params [module.irn.operations.1.NF.norm2.bias] will not optimize.
25-06-24 12:26:24.894 - WARNING: Params [module.irn.operations.1.G.conv1.weight] will not optimize.
2025-06-24 12:26:24,894 - WARNING - Params [module.irn.operations.1.G.conv1.weight] will not optimize.
25-06-24 12:26:24.894 - WARNING: Params [module.irn.operations.1.G.conv1.bias] will not optimize.
2025-06-24 12:26:24,894 - WARNING - Params [module.irn.operations.1.G.conv1.bias] will not optimize.
25-06-24 12:26:24.894 - WARNING: Params [module.irn.operations.1.G.conv2.weight] will not optimize.
2025-06-24 12:26:24,894 - WARNING - Params [module.irn.operations.1.G.conv2.weight] will not optimize.
25-06-24 12:26:24.894 - WARNING: Params [module.irn.operations.1.G.conv2.bias] will not optimize.
2025-06-24 12:26:24,894 - WARNING - Params [module.irn.operations.1.G.conv2.bias] will not optimize.
25-06-24 12:26:24.894 - WARNING: Params [module.irn.operations.1.G.conv3.weight] will not optimize.
2025-06-24 12:26:24,894 - WARNING - Params [module.irn.operations.1.G.conv3.weight] will not optimize.
25-06-24 12:26:24.894 - WARNING: Params [module.irn.operations.1.G.conv3.bias] will not optimize.
2025-06-24 12:26:24,894 - WARNING - Params [module.irn.operations.1.G.conv3.bias] will not optimize.
25-06-24 12:26:24.894 - WARNING: Params [module.irn.operations.1.G.conv4.weight] will not optimize.
2025-06-24 12:26:24,894 - WARNING - Params [module.irn.operations.1.G.conv4.weight] will not optimize.
25-06-24 12:26:24.895 - WARNING: Params [module.irn.operations.1.G.conv4.bias] will not optimize.
2025-06-24 12:26:24,895 - WARNING - Params [module.irn.operations.1.G.conv4.bias] will not optimize.
25-06-24 12:26:24.895 - WARNING: Params [module.irn.operations.1.G.conv5.weight] will not optimize.
2025-06-24 12:26:24,895 - WARNING - Params [module.irn.operations.1.G.conv5.weight] will not optimize.
25-06-24 12:26:24.895 - WARNING: Params [module.irn.operations.1.G.conv5.bias] will not optimize.
2025-06-24 12:26:24,895 - WARNING - Params [module.irn.operations.1.G.conv5.bias] will not optimize.
25-06-24 12:26:24.895 - WARNING: Params [module.irn.operations.1.NG.beta] will not optimize.
2025-06-24 12:26:24,895 - WARNING - Params [module.irn.operations.1.NG.beta] will not optimize.
25-06-24 12:26:24.895 - WARNING: Params [module.irn.operations.1.NG.gamma] will not optimize.
2025-06-24 12:26:24,895 - WARNING - Params [module.irn.operations.1.NG.gamma] will not optimize.
25-06-24 12:26:24.895 - WARNING: Params [module.irn.operations.1.NG.conv1.weight] will not optimize.
2025-06-24 12:26:24,895 - WARNING - Params [module.irn.operations.1.NG.conv1.weight] will not optimize.
25-06-24 12:26:24.895 - WARNING: Params [module.irn.operations.1.NG.conv1.bias] will not optimize.
2025-06-24 12:26:24,895 - WARNING - Params [module.irn.operations.1.NG.conv1.bias] will not optimize.
25-06-24 12:26:24.895 - WARNING: Params [module.irn.operations.1.NG.conv2.weight] will not optimize.
2025-06-24 12:26:24,895 - WARNING - Params [module.irn.operations.1.NG.conv2.weight] will not optimize.
25-06-24 12:26:24.895 - WARNING: Params [module.irn.operations.1.NG.conv2.bias] will not optimize.
2025-06-24 12:26:24,895 - WARNING - Params [module.irn.operations.1.NG.conv2.bias] will not optimize.
25-06-24 12:26:24.895 - WARNING: Params [module.irn.operations.1.NG.conv3.weight] will not optimize.
2025-06-24 12:26:24,895 - WARNING - Params [module.irn.operations.1.NG.conv3.weight] will not optimize.
25-06-24 12:26:24.895 - WARNING: Params [module.irn.operations.1.NG.conv3.bias] will not optimize.
2025-06-24 12:26:24,895 - WARNING - Params [module.irn.operations.1.NG.conv3.bias] will not optimize.
25-06-24 12:26:24.895 - WARNING: Params [module.irn.operations.1.NG.sca.1.weight] will not optimize.
2025-06-24 12:26:24,895 - WARNING - Params [module.irn.operations.1.NG.sca.1.weight] will not optimize.
25-06-24 12:26:24.895 - WARNING: Params [module.irn.operations.1.NG.sca.1.bias] will not optimize.
2025-06-24 12:26:24,895 - WARNING - Params [module.irn.operations.1.NG.sca.1.bias] will not optimize.
25-06-24 12:26:24.895 - WARNING: Params [module.irn.operations.1.NG.conv4.weight] will not optimize.
2025-06-24 12:26:24,895 - WARNING - Params [module.irn.operations.1.NG.conv4.weight] will not optimize.
25-06-24 12:26:24.895 - WARNING: Params [module.irn.operations.1.NG.conv4.bias] will not optimize.
2025-06-24 12:26:24,895 - WARNING - Params [module.irn.operations.1.NG.conv4.bias] will not optimize.
25-06-24 12:26:24.895 - WARNING: Params [module.irn.operations.1.NG.conv5.weight] will not optimize.
2025-06-24 12:26:24,895 - WARNING - Params [module.irn.operations.1.NG.conv5.weight] will not optimize.
25-06-24 12:26:24.895 - WARNING: Params [module.irn.operations.1.NG.conv5.bias] will not optimize.
2025-06-24 12:26:24,895 - WARNING - Params [module.irn.operations.1.NG.conv5.bias] will not optimize.
25-06-24 12:26:24.895 - WARNING: Params [module.irn.operations.1.NG.norm1.weight] will not optimize.
2025-06-24 12:26:24,895 - WARNING - Params [module.irn.operations.1.NG.norm1.weight] will not optimize.
25-06-24 12:26:24.896 - WARNING: Params [module.irn.operations.1.NG.norm1.bias] will not optimize.
2025-06-24 12:26:24,896 - WARNING - Params [module.irn.operations.1.NG.norm1.bias] will not optimize.
25-06-24 12:26:24.896 - WARNING: Params [module.irn.operations.1.NG.norm2.weight] will not optimize.
2025-06-24 12:26:24,896 - WARNING - Params [module.irn.operations.1.NG.norm2.weight] will not optimize.
25-06-24 12:26:24.896 - WARNING: Params [module.irn.operations.1.NG.norm2.bias] will not optimize.
2025-06-24 12:26:24,896 - WARNING - Params [module.irn.operations.1.NG.norm2.bias] will not optimize.
25-06-24 12:26:24.896 - WARNING: Params [module.irn.operations.1.H.conv1.weight] will not optimize.
2025-06-24 12:26:24,896 - WARNING - Params [module.irn.operations.1.H.conv1.weight] will not optimize.
25-06-24 12:26:24.896 - WARNING: Params [module.irn.operations.1.H.conv1.bias] will not optimize.
2025-06-24 12:26:24,896 - WARNING - Params [module.irn.operations.1.H.conv1.bias] will not optimize.
25-06-24 12:26:24.896 - WARNING: Params [module.irn.operations.1.H.conv2.weight] will not optimize.
2025-06-24 12:26:24,896 - WARNING - Params [module.irn.operations.1.H.conv2.weight] will not optimize.
25-06-24 12:26:24.896 - WARNING: Params [module.irn.operations.1.H.conv2.bias] will not optimize.
2025-06-24 12:26:24,896 - WARNING - Params [module.irn.operations.1.H.conv2.bias] will not optimize.
25-06-24 12:26:24.896 - WARNING: Params [module.irn.operations.1.H.conv3.weight] will not optimize.
2025-06-24 12:26:24,896 - WARNING - Params [module.irn.operations.1.H.conv3.weight] will not optimize.
25-06-24 12:26:24.896 - WARNING: Params [module.irn.operations.1.H.conv3.bias] will not optimize.
2025-06-24 12:26:24,896 - WARNING - Params [module.irn.operations.1.H.conv3.bias] will not optimize.
25-06-24 12:26:24.896 - WARNING: Params [module.irn.operations.1.H.conv4.weight] will not optimize.
2025-06-24 12:26:24,896 - WARNING - Params [module.irn.operations.1.H.conv4.weight] will not optimize.
25-06-24 12:26:24.896 - WARNING: Params [module.irn.operations.1.H.conv4.bias] will not optimize.
2025-06-24 12:26:24,896 - WARNING - Params [module.irn.operations.1.H.conv4.bias] will not optimize.
25-06-24 12:26:24.896 - WARNING: Params [module.irn.operations.1.H.conv5.weight] will not optimize.
2025-06-24 12:26:24,896 - WARNING - Params [module.irn.operations.1.H.conv5.weight] will not optimize.
25-06-24 12:26:24.896 - WARNING: Params [module.irn.operations.1.H.conv5.bias] will not optimize.
2025-06-24 12:26:24,896 - WARNING - Params [module.irn.operations.1.H.conv5.bias] will not optimize.
25-06-24 12:26:24.896 - WARNING: Params [module.irn.operations.1.NH.beta] will not optimize.
2025-06-24 12:26:24,896 - WARNING - Params [module.irn.operations.1.NH.beta] will not optimize.
25-06-24 12:26:24.896 - WARNING: Params [module.irn.operations.1.NH.gamma] will not optimize.
2025-06-24 12:26:24,896 - WARNING - Params [module.irn.operations.1.NH.gamma] will not optimize.
25-06-24 12:26:24.896 - WARNING: Params [module.irn.operations.1.NH.conv1.weight] will not optimize.
2025-06-24 12:26:24,896 - WARNING - Params [module.irn.operations.1.NH.conv1.weight] will not optimize.
25-06-24 12:26:24.896 - WARNING: Params [module.irn.operations.1.NH.conv1.bias] will not optimize.
2025-06-24 12:26:24,896 - WARNING - Params [module.irn.operations.1.NH.conv1.bias] will not optimize.
25-06-24 12:26:24.896 - WARNING: Params [module.irn.operations.1.NH.conv2.weight] will not optimize.
2025-06-24 12:26:24,896 - WARNING - Params [module.irn.operations.1.NH.conv2.weight] will not optimize.
25-06-24 12:26:24.896 - WARNING: Params [module.irn.operations.1.NH.conv2.bias] will not optimize.
2025-06-24 12:26:24,896 - WARNING - Params [module.irn.operations.1.NH.conv2.bias] will not optimize.
25-06-24 12:26:24.897 - WARNING: Params [module.irn.operations.1.NH.conv3.weight] will not optimize.
2025-06-24 12:26:24,897 - WARNING - Params [module.irn.operations.1.NH.conv3.weight] will not optimize.
25-06-24 12:26:24.897 - WARNING: Params [module.irn.operations.1.NH.conv3.bias] will not optimize.
2025-06-24 12:26:24,897 - WARNING - Params [module.irn.operations.1.NH.conv3.bias] will not optimize.
25-06-24 12:26:24.897 - WARNING: Params [module.irn.operations.1.NH.sca.1.weight] will not optimize.
2025-06-24 12:26:24,897 - WARNING - Params [module.irn.operations.1.NH.sca.1.weight] will not optimize.
25-06-24 12:26:24.897 - WARNING: Params [module.irn.operations.1.NH.sca.1.bias] will not optimize.
2025-06-24 12:26:24,897 - WARNING - Params [module.irn.operations.1.NH.sca.1.bias] will not optimize.
25-06-24 12:26:24.897 - WARNING: Params [module.irn.operations.1.NH.conv4.weight] will not optimize.
2025-06-24 12:26:24,897 - WARNING - Params [module.irn.operations.1.NH.conv4.weight] will not optimize.
25-06-24 12:26:24.897 - WARNING: Params [module.irn.operations.1.NH.conv4.bias] will not optimize.
2025-06-24 12:26:24,897 - WARNING - Params [module.irn.operations.1.NH.conv4.bias] will not optimize.
25-06-24 12:26:24.897 - WARNING: Params [module.irn.operations.1.NH.conv5.weight] will not optimize.
2025-06-24 12:26:24,897 - WARNING - Params [module.irn.operations.1.NH.conv5.weight] will not optimize.
25-06-24 12:26:24.897 - WARNING: Params [module.irn.operations.1.NH.conv5.bias] will not optimize.
2025-06-24 12:26:24,897 - WARNING - Params [module.irn.operations.1.NH.conv5.bias] will not optimize.
25-06-24 12:26:24.897 - WARNING: Params [module.irn.operations.1.NH.norm1.weight] will not optimize.
2025-06-24 12:26:24,897 - WARNING - Params [module.irn.operations.1.NH.norm1.weight] will not optimize.
25-06-24 12:26:24.897 - WARNING: Params [module.irn.operations.1.NH.norm1.bias] will not optimize.
2025-06-24 12:26:24,897 - WARNING - Params [module.irn.operations.1.NH.norm1.bias] will not optimize.
25-06-24 12:26:24.897 - WARNING: Params [module.irn.operations.1.NH.norm2.weight] will not optimize.
2025-06-24 12:26:24,897 - WARNING - Params [module.irn.operations.1.NH.norm2.weight] will not optimize.
25-06-24 12:26:24.897 - WARNING: Params [module.irn.operations.1.NH.norm2.bias] will not optimize.
2025-06-24 12:26:24,897 - WARNING - Params [module.irn.operations.1.NH.norm2.bias] will not optimize.
25-06-24 12:26:24.897 - WARNING: Params [module.irn.operations.2.F.conv1.weight] will not optimize.
2025-06-24 12:26:24,897 - WARNING - Params [module.irn.operations.2.F.conv1.weight] will not optimize.
25-06-24 12:26:24.897 - WARNING: Params [module.irn.operations.2.F.conv1.bias] will not optimize.
2025-06-24 12:26:24,897 - WARNING - Params [module.irn.operations.2.F.conv1.bias] will not optimize.
25-06-24 12:26:24.897 - WARNING: Params [module.irn.operations.2.F.conv2.weight] will not optimize.
2025-06-24 12:26:24,897 - WARNING - Params [module.irn.operations.2.F.conv2.weight] will not optimize.
25-06-24 12:26:24.897 - WARNING: Params [module.irn.operations.2.F.conv2.bias] will not optimize.
2025-06-24 12:26:24,897 - WARNING - Params [module.irn.operations.2.F.conv2.bias] will not optimize.
25-06-24 12:26:24.897 - WARNING: Params [module.irn.operations.2.F.conv3.weight] will not optimize.
2025-06-24 12:26:24,897 - WARNING - Params [module.irn.operations.2.F.conv3.weight] will not optimize.
25-06-24 12:26:24.898 - WARNING: Params [module.irn.operations.2.F.conv3.bias] will not optimize.
2025-06-24 12:26:24,898 - WARNING - Params [module.irn.operations.2.F.conv3.bias] will not optimize.
25-06-24 12:26:24.898 - WARNING: Params [module.irn.operations.2.F.conv4.weight] will not optimize.
2025-06-24 12:26:24,898 - WARNING - Params [module.irn.operations.2.F.conv4.weight] will not optimize.
25-06-24 12:26:24.898 - WARNING: Params [module.irn.operations.2.F.conv4.bias] will not optimize.
2025-06-24 12:26:24,898 - WARNING - Params [module.irn.operations.2.F.conv4.bias] will not optimize.
25-06-24 12:26:24.898 - WARNING: Params [module.irn.operations.2.F.conv5.weight] will not optimize.
2025-06-24 12:26:24,898 - WARNING - Params [module.irn.operations.2.F.conv5.weight] will not optimize.
25-06-24 12:26:24.898 - WARNING: Params [module.irn.operations.2.F.conv5.bias] will not optimize.
2025-06-24 12:26:24,898 - WARNING - Params [module.irn.operations.2.F.conv5.bias] will not optimize.
25-06-24 12:26:24.898 - WARNING: Params [module.irn.operations.2.NF.beta] will not optimize.
2025-06-24 12:26:24,898 - WARNING - Params [module.irn.operations.2.NF.beta] will not optimize.
25-06-24 12:26:24.898 - WARNING: Params [module.irn.operations.2.NF.gamma] will not optimize.
2025-06-24 12:26:24,898 - WARNING - Params [module.irn.operations.2.NF.gamma] will not optimize.
25-06-24 12:26:24.898 - WARNING: Params [module.irn.operations.2.NF.conv1.weight] will not optimize.
2025-06-24 12:26:24,898 - WARNING - Params [module.irn.operations.2.NF.conv1.weight] will not optimize.
25-06-24 12:26:24.898 - WARNING: Params [module.irn.operations.2.NF.conv1.bias] will not optimize.
2025-06-24 12:26:24,898 - WARNING - Params [module.irn.operations.2.NF.conv1.bias] will not optimize.
25-06-24 12:26:24.898 - WARNING: Params [module.irn.operations.2.NF.conv2.weight] will not optimize.
2025-06-24 12:26:24,898 - WARNING - Params [module.irn.operations.2.NF.conv2.weight] will not optimize.
25-06-24 12:26:24.898 - WARNING: Params [module.irn.operations.2.NF.conv2.bias] will not optimize.
2025-06-24 12:26:24,898 - WARNING - Params [module.irn.operations.2.NF.conv2.bias] will not optimize.
25-06-24 12:26:24.898 - WARNING: Params [module.irn.operations.2.NF.conv3.weight] will not optimize.
2025-06-24 12:26:24,898 - WARNING - Params [module.irn.operations.2.NF.conv3.weight] will not optimize.
25-06-24 12:26:24.898 - WARNING: Params [module.irn.operations.2.NF.conv3.bias] will not optimize.
2025-06-24 12:26:24,898 - WARNING - Params [module.irn.operations.2.NF.conv3.bias] will not optimize.
25-06-24 12:26:24.898 - WARNING: Params [module.irn.operations.2.NF.sca.1.weight] will not optimize.
2025-06-24 12:26:24,898 - WARNING - Params [module.irn.operations.2.NF.sca.1.weight] will not optimize.
25-06-24 12:26:24.898 - WARNING: Params [module.irn.operations.2.NF.sca.1.bias] will not optimize.
2025-06-24 12:26:24,898 - WARNING - Params [module.irn.operations.2.NF.sca.1.bias] will not optimize.
25-06-24 12:26:24.898 - WARNING: Params [module.irn.operations.2.NF.conv4.weight] will not optimize.
2025-06-24 12:26:24,898 - WARNING - Params [module.irn.operations.2.NF.conv4.weight] will not optimize.
25-06-24 12:26:24.898 - WARNING: Params [module.irn.operations.2.NF.conv4.bias] will not optimize.
2025-06-24 12:26:24,898 - WARNING - Params [module.irn.operations.2.NF.conv4.bias] will not optimize.
25-06-24 12:26:24.898 - WARNING: Params [module.irn.operations.2.NF.conv5.weight] will not optimize.
2025-06-24 12:26:24,898 - WARNING - Params [module.irn.operations.2.NF.conv5.weight] will not optimize.
25-06-24 12:26:24.898 - WARNING: Params [module.irn.operations.2.NF.conv5.bias] will not optimize.
2025-06-24 12:26:24,898 - WARNING - Params [module.irn.operations.2.NF.conv5.bias] will not optimize.
25-06-24 12:26:24.899 - WARNING: Params [module.irn.operations.2.NF.norm1.weight] will not optimize.
2025-06-24 12:26:24,899 - WARNING - Params [module.irn.operations.2.NF.norm1.weight] will not optimize.
25-06-24 12:26:24.899 - WARNING: Params [module.irn.operations.2.NF.norm1.bias] will not optimize.
2025-06-24 12:26:24,899 - WARNING - Params [module.irn.operations.2.NF.norm1.bias] will not optimize.
25-06-24 12:26:24.899 - WARNING: Params [module.irn.operations.2.NF.norm2.weight] will not optimize.
2025-06-24 12:26:24,899 - WARNING - Params [module.irn.operations.2.NF.norm2.weight] will not optimize.
25-06-24 12:26:24.899 - WARNING: Params [module.irn.operations.2.NF.norm2.bias] will not optimize.
2025-06-24 12:26:24,899 - WARNING - Params [module.irn.operations.2.NF.norm2.bias] will not optimize.
25-06-24 12:26:24.899 - WARNING: Params [module.irn.operations.2.G.conv1.weight] will not optimize.
2025-06-24 12:26:24,899 - WARNING - Params [module.irn.operations.2.G.conv1.weight] will not optimize.
25-06-24 12:26:24.899 - WARNING: Params [module.irn.operations.2.G.conv1.bias] will not optimize.
2025-06-24 12:26:24,899 - WARNING - Params [module.irn.operations.2.G.conv1.bias] will not optimize.
25-06-24 12:26:24.899 - WARNING: Params [module.irn.operations.2.G.conv2.weight] will not optimize.
2025-06-24 12:26:24,899 - WARNING - Params [module.irn.operations.2.G.conv2.weight] will not optimize.
25-06-24 12:26:24.899 - WARNING: Params [module.irn.operations.2.G.conv2.bias] will not optimize.
2025-06-24 12:26:24,899 - WARNING - Params [module.irn.operations.2.G.conv2.bias] will not optimize.
25-06-24 12:26:24.899 - WARNING: Params [module.irn.operations.2.G.conv3.weight] will not optimize.
2025-06-24 12:26:24,899 - WARNING - Params [module.irn.operations.2.G.conv3.weight] will not optimize.
25-06-24 12:26:24.899 - WARNING: Params [module.irn.operations.2.G.conv3.bias] will not optimize.
2025-06-24 12:26:24,899 - WARNING - Params [module.irn.operations.2.G.conv3.bias] will not optimize.
25-06-24 12:26:24.899 - WARNING: Params [module.irn.operations.2.G.conv4.weight] will not optimize.
2025-06-24 12:26:24,899 - WARNING - Params [module.irn.operations.2.G.conv4.weight] will not optimize.
25-06-24 12:26:24.899 - WARNING: Params [module.irn.operations.2.G.conv4.bias] will not optimize.
2025-06-24 12:26:24,899 - WARNING - Params [module.irn.operations.2.G.conv4.bias] will not optimize.
25-06-24 12:26:24.899 - WARNING: Params [module.irn.operations.2.G.conv5.weight] will not optimize.
2025-06-24 12:26:24,899 - WARNING - Params [module.irn.operations.2.G.conv5.weight] will not optimize.
25-06-24 12:26:24.899 - WARNING: Params [module.irn.operations.2.G.conv5.bias] will not optimize.
2025-06-24 12:26:24,899 - WARNING - Params [module.irn.operations.2.G.conv5.bias] will not optimize.
25-06-24 12:26:24.899 - WARNING: Params [module.irn.operations.2.NG.beta] will not optimize.
2025-06-24 12:26:24,899 - WARNING - Params [module.irn.operations.2.NG.beta] will not optimize.
25-06-24 12:26:24.899 - WARNING: Params [module.irn.operations.2.NG.gamma] will not optimize.
2025-06-24 12:26:24,899 - WARNING - Params [module.irn.operations.2.NG.gamma] will not optimize.
25-06-24 12:26:24.899 - WARNING: Params [module.irn.operations.2.NG.conv1.weight] will not optimize.
2025-06-24 12:26:24,899 - WARNING - Params [module.irn.operations.2.NG.conv1.weight] will not optimize.
25-06-24 12:26:24.899 - WARNING: Params [module.irn.operations.2.NG.conv1.bias] will not optimize.
2025-06-24 12:26:24,899 - WARNING - Params [module.irn.operations.2.NG.conv1.bias] will not optimize.
25-06-24 12:26:24.900 - WARNING: Params [module.irn.operations.2.NG.conv2.weight] will not optimize.
2025-06-24 12:26:24,900 - WARNING - Params [module.irn.operations.2.NG.conv2.weight] will not optimize.
25-06-24 12:26:24.900 - WARNING: Params [module.irn.operations.2.NG.conv2.bias] will not optimize.
2025-06-24 12:26:24,900 - WARNING - Params [module.irn.operations.2.NG.conv2.bias] will not optimize.
25-06-24 12:26:24.900 - WARNING: Params [module.irn.operations.2.NG.conv3.weight] will not optimize.
2025-06-24 12:26:24,900 - WARNING - Params [module.irn.operations.2.NG.conv3.weight] will not optimize.
25-06-24 12:26:24.900 - WARNING: Params [module.irn.operations.2.NG.conv3.bias] will not optimize.
2025-06-24 12:26:24,900 - WARNING - Params [module.irn.operations.2.NG.conv3.bias] will not optimize.
25-06-24 12:26:24.900 - WARNING: Params [module.irn.operations.2.NG.sca.1.weight] will not optimize.
2025-06-24 12:26:24,900 - WARNING - Params [module.irn.operations.2.NG.sca.1.weight] will not optimize.
25-06-24 12:26:24.900 - WARNING: Params [module.irn.operations.2.NG.sca.1.bias] will not optimize.
2025-06-24 12:26:24,900 - WARNING - Params [module.irn.operations.2.NG.sca.1.bias] will not optimize.
25-06-24 12:26:24.900 - WARNING: Params [module.irn.operations.2.NG.conv4.weight] will not optimize.
2025-06-24 12:26:24,900 - WARNING - Params [module.irn.operations.2.NG.conv4.weight] will not optimize.
25-06-24 12:26:24.900 - WARNING: Params [module.irn.operations.2.NG.conv4.bias] will not optimize.
2025-06-24 12:26:24,900 - WARNING - Params [module.irn.operations.2.NG.conv4.bias] will not optimize.
25-06-24 12:26:24.900 - WARNING: Params [module.irn.operations.2.NG.conv5.weight] will not optimize.
2025-06-24 12:26:24,900 - WARNING - Params [module.irn.operations.2.NG.conv5.weight] will not optimize.
25-06-24 12:26:24.900 - WARNING: Params [module.irn.operations.2.NG.conv5.bias] will not optimize.
2025-06-24 12:26:24,900 - WARNING - Params [module.irn.operations.2.NG.conv5.bias] will not optimize.
25-06-24 12:26:24.900 - WARNING: Params [module.irn.operations.2.NG.norm1.weight] will not optimize.
2025-06-24 12:26:24,900 - WARNING - Params [module.irn.operations.2.NG.norm1.weight] will not optimize.
25-06-24 12:26:24.900 - WARNING: Params [module.irn.operations.2.NG.norm1.bias] will not optimize.
2025-06-24 12:26:24,900 - WARNING - Params [module.irn.operations.2.NG.norm1.bias] will not optimize.
25-06-24 12:26:24.900 - WARNING: Params [module.irn.operations.2.NG.norm2.weight] will not optimize.
2025-06-24 12:26:24,900 - WARNING - Params [module.irn.operations.2.NG.norm2.weight] will not optimize.
25-06-24 12:26:24.900 - WARNING: Params [module.irn.operations.2.NG.norm2.bias] will not optimize.
2025-06-24 12:26:24,900 - WARNING - Params [module.irn.operations.2.NG.norm2.bias] will not optimize.
25-06-24 12:26:24.900 - WARNING: Params [module.irn.operations.2.H.conv1.weight] will not optimize.
2025-06-24 12:26:24,900 - WARNING - Params [module.irn.operations.2.H.conv1.weight] will not optimize.
25-06-24 12:26:24.900 - WARNING: Params [module.irn.operations.2.H.conv1.bias] will not optimize.
2025-06-24 12:26:24,900 - WARNING - Params [module.irn.operations.2.H.conv1.bias] will not optimize.
25-06-24 12:26:24.900 - WARNING: Params [module.irn.operations.2.H.conv2.weight] will not optimize.
2025-06-24 12:26:24,900 - WARNING - Params [module.irn.operations.2.H.conv2.weight] will not optimize.
25-06-24 12:26:24.900 - WARNING: Params [module.irn.operations.2.H.conv2.bias] will not optimize.
2025-06-24 12:26:24,900 - WARNING - Params [module.irn.operations.2.H.conv2.bias] will not optimize.
25-06-24 12:26:24.901 - WARNING: Params [module.irn.operations.2.H.conv3.weight] will not optimize.
2025-06-24 12:26:24,901 - WARNING - Params [module.irn.operations.2.H.conv3.weight] will not optimize.
25-06-24 12:26:24.901 - WARNING: Params [module.irn.operations.2.H.conv3.bias] will not optimize.
2025-06-24 12:26:24,901 - WARNING - Params [module.irn.operations.2.H.conv3.bias] will not optimize.
25-06-24 12:26:24.901 - WARNING: Params [module.irn.operations.2.H.conv4.weight] will not optimize.
2025-06-24 12:26:24,901 - WARNING - Params [module.irn.operations.2.H.conv4.weight] will not optimize.
25-06-24 12:26:24.901 - WARNING: Params [module.irn.operations.2.H.conv4.bias] will not optimize.
2025-06-24 12:26:24,901 - WARNING - Params [module.irn.operations.2.H.conv4.bias] will not optimize.
25-06-24 12:26:24.901 - WARNING: Params [module.irn.operations.2.H.conv5.weight] will not optimize.
2025-06-24 12:26:24,901 - WARNING - Params [module.irn.operations.2.H.conv5.weight] will not optimize.
25-06-24 12:26:24.901 - WARNING: Params [module.irn.operations.2.H.conv5.bias] will not optimize.
2025-06-24 12:26:24,901 - WARNING - Params [module.irn.operations.2.H.conv5.bias] will not optimize.
25-06-24 12:26:24.901 - WARNING: Params [module.irn.operations.2.NH.beta] will not optimize.
2025-06-24 12:26:24,901 - WARNING - Params [module.irn.operations.2.NH.beta] will not optimize.
25-06-24 12:26:24.901 - WARNING: Params [module.irn.operations.2.NH.gamma] will not optimize.
2025-06-24 12:26:24,901 - WARNING - Params [module.irn.operations.2.NH.gamma] will not optimize.
25-06-24 12:26:24.901 - WARNING: Params [module.irn.operations.2.NH.conv1.weight] will not optimize.
2025-06-24 12:26:24,901 - WARNING - Params [module.irn.operations.2.NH.conv1.weight] will not optimize.
25-06-24 12:26:24.901 - WARNING: Params [module.irn.operations.2.NH.conv1.bias] will not optimize.
2025-06-24 12:26:24,901 - WARNING - Params [module.irn.operations.2.NH.conv1.bias] will not optimize.
25-06-24 12:26:24.901 - WARNING: Params [module.irn.operations.2.NH.conv2.weight] will not optimize.
2025-06-24 12:26:24,901 - WARNING - Params [module.irn.operations.2.NH.conv2.weight] will not optimize.
25-06-24 12:26:24.901 - WARNING: Params [module.irn.operations.2.NH.conv2.bias] will not optimize.
2025-06-24 12:26:24,901 - WARNING - Params [module.irn.operations.2.NH.conv2.bias] will not optimize.
25-06-24 12:26:24.901 - WARNING: Params [module.irn.operations.2.NH.conv3.weight] will not optimize.
2025-06-24 12:26:24,901 - WARNING - Params [module.irn.operations.2.NH.conv3.weight] will not optimize.
25-06-24 12:26:24.901 - WARNING: Params [module.irn.operations.2.NH.conv3.bias] will not optimize.
2025-06-24 12:26:24,901 - WARNING - Params [module.irn.operations.2.NH.conv3.bias] will not optimize.
25-06-24 12:26:24.901 - WARNING: Params [module.irn.operations.2.NH.sca.1.weight] will not optimize.
2025-06-24 12:26:24,901 - WARNING - Params [module.irn.operations.2.NH.sca.1.weight] will not optimize.
25-06-24 12:26:24.901 - WARNING: Params [module.irn.operations.2.NH.sca.1.bias] will not optimize.
2025-06-24 12:26:24,901 - WARNING - Params [module.irn.operations.2.NH.sca.1.bias] will not optimize.
25-06-24 12:26:24.901 - WARNING: Params [module.irn.operations.2.NH.conv4.weight] will not optimize.
2025-06-24 12:26:24,901 - WARNING - Params [module.irn.operations.2.NH.conv4.weight] will not optimize.
25-06-24 12:26:24.901 - WARNING: Params [module.irn.operations.2.NH.conv4.bias] will not optimize.
2025-06-24 12:26:24,901 - WARNING - Params [module.irn.operations.2.NH.conv4.bias] will not optimize.
25-06-24 12:26:24.902 - WARNING: Params [module.irn.operations.2.NH.conv5.weight] will not optimize.
2025-06-24 12:26:24,902 - WARNING - Params [module.irn.operations.2.NH.conv5.weight] will not optimize.
25-06-24 12:26:24.902 - WARNING: Params [module.irn.operations.2.NH.conv5.bias] will not optimize.
2025-06-24 12:26:24,902 - WARNING - Params [module.irn.operations.2.NH.conv5.bias] will not optimize.
25-06-24 12:26:24.902 - WARNING: Params [module.irn.operations.2.NH.norm1.weight] will not optimize.
2025-06-24 12:26:24,902 - WARNING - Params [module.irn.operations.2.NH.norm1.weight] will not optimize.
25-06-24 12:26:24.902 - WARNING: Params [module.irn.operations.2.NH.norm1.bias] will not optimize.
2025-06-24 12:26:24,902 - WARNING - Params [module.irn.operations.2.NH.norm1.bias] will not optimize.
25-06-24 12:26:24.902 - WARNING: Params [module.irn.operations.2.NH.norm2.weight] will not optimize.
2025-06-24 12:26:24,902 - WARNING - Params [module.irn.operations.2.NH.norm2.weight] will not optimize.
25-06-24 12:26:24.902 - WARNING: Params [module.irn.operations.2.NH.norm2.bias] will not optimize.
2025-06-24 12:26:24,902 - WARNING - Params [module.irn.operations.2.NH.norm2.bias] will not optimize.
25-06-24 12:26:24.902 - WARNING: Params [module.irn.operations.3.F.conv1.weight] will not optimize.
2025-06-24 12:26:24,902 - WARNING - Params [module.irn.operations.3.F.conv1.weight] will not optimize.
25-06-24 12:26:24.902 - WARNING: Params [module.irn.operations.3.F.conv1.bias] will not optimize.
2025-06-24 12:26:24,902 - WARNING - Params [module.irn.operations.3.F.conv1.bias] will not optimize.
25-06-24 12:26:24.902 - WARNING: Params [module.irn.operations.3.F.conv2.weight] will not optimize.
2025-06-24 12:26:24,902 - WARNING - Params [module.irn.operations.3.F.conv2.weight] will not optimize.
25-06-24 12:26:24.902 - WARNING: Params [module.irn.operations.3.F.conv2.bias] will not optimize.
2025-06-24 12:26:24,902 - WARNING - Params [module.irn.operations.3.F.conv2.bias] will not optimize.
25-06-24 12:26:24.902 - WARNING: Params [module.irn.operations.3.F.conv3.weight] will not optimize.
2025-06-24 12:26:24,902 - WARNING - Params [module.irn.operations.3.F.conv3.weight] will not optimize.
25-06-24 12:26:24.902 - WARNING: Params [module.irn.operations.3.F.conv3.bias] will not optimize.
2025-06-24 12:26:24,902 - WARNING - Params [module.irn.operations.3.F.conv3.bias] will not optimize.
25-06-24 12:26:24.902 - WARNING: Params [module.irn.operations.3.F.conv4.weight] will not optimize.
2025-06-24 12:26:24,902 - WARNING - Params [module.irn.operations.3.F.conv4.weight] will not optimize.
25-06-24 12:26:24.902 - WARNING: Params [module.irn.operations.3.F.conv4.bias] will not optimize.
2025-06-24 12:26:24,902 - WARNING - Params [module.irn.operations.3.F.conv4.bias] will not optimize.
25-06-24 12:26:24.902 - WARNING: Params [module.irn.operations.3.F.conv5.weight] will not optimize.
2025-06-24 12:26:24,902 - WARNING - Params [module.irn.operations.3.F.conv5.weight] will not optimize.
25-06-24 12:26:24.902 - WARNING: Params [module.irn.operations.3.F.conv5.bias] will not optimize.
2025-06-24 12:26:24,902 - WARNING - Params [module.irn.operations.3.F.conv5.bias] will not optimize.
25-06-24 12:26:24.902 - WARNING: Params [module.irn.operations.3.NF.beta] will not optimize.
2025-06-24 12:26:24,902 - WARNING - Params [module.irn.operations.3.NF.beta] will not optimize.
25-06-24 12:26:24.902 - WARNING: Params [module.irn.operations.3.NF.gamma] will not optimize.
2025-06-24 12:26:24,902 - WARNING - Params [module.irn.operations.3.NF.gamma] will not optimize.
25-06-24 12:26:24.903 - WARNING: Params [module.irn.operations.3.NF.conv1.weight] will not optimize.
2025-06-24 12:26:24,903 - WARNING - Params [module.irn.operations.3.NF.conv1.weight] will not optimize.
25-06-24 12:26:24.903 - WARNING: Params [module.irn.operations.3.NF.conv1.bias] will not optimize.
2025-06-24 12:26:24,903 - WARNING - Params [module.irn.operations.3.NF.conv1.bias] will not optimize.
25-06-24 12:26:24.903 - WARNING: Params [module.irn.operations.3.NF.conv2.weight] will not optimize.
2025-06-24 12:26:24,903 - WARNING - Params [module.irn.operations.3.NF.conv2.weight] will not optimize.
25-06-24 12:26:24.903 - WARNING: Params [module.irn.operations.3.NF.conv2.bias] will not optimize.
2025-06-24 12:26:24,903 - WARNING - Params [module.irn.operations.3.NF.conv2.bias] will not optimize.
25-06-24 12:26:24.903 - WARNING: Params [module.irn.operations.3.NF.conv3.weight] will not optimize.
2025-06-24 12:26:24,903 - WARNING - Params [module.irn.operations.3.NF.conv3.weight] will not optimize.
25-06-24 12:26:24.903 - WARNING: Params [module.irn.operations.3.NF.conv3.bias] will not optimize.
2025-06-24 12:26:24,903 - WARNING - Params [module.irn.operations.3.NF.conv3.bias] will not optimize.
25-06-24 12:26:24.903 - WARNING: Params [module.irn.operations.3.NF.sca.1.weight] will not optimize.
2025-06-24 12:26:24,903 - WARNING - Params [module.irn.operations.3.NF.sca.1.weight] will not optimize.
25-06-24 12:26:24.903 - WARNING: Params [module.irn.operations.3.NF.sca.1.bias] will not optimize.
2025-06-24 12:26:24,903 - WARNING - Params [module.irn.operations.3.NF.sca.1.bias] will not optimize.
25-06-24 12:26:24.903 - WARNING: Params [module.irn.operations.3.NF.conv4.weight] will not optimize.
2025-06-24 12:26:24,903 - WARNING - Params [module.irn.operations.3.NF.conv4.weight] will not optimize.
25-06-24 12:26:24.903 - WARNING: Params [module.irn.operations.3.NF.conv4.bias] will not optimize.
2025-06-24 12:26:24,903 - WARNING - Params [module.irn.operations.3.NF.conv4.bias] will not optimize.
25-06-24 12:26:24.903 - WARNING: Params [module.irn.operations.3.NF.conv5.weight] will not optimize.
2025-06-24 12:26:24,903 - WARNING - Params [module.irn.operations.3.NF.conv5.weight] will not optimize.
25-06-24 12:26:24.903 - WARNING: Params [module.irn.operations.3.NF.conv5.bias] will not optimize.
2025-06-24 12:26:24,903 - WARNING - Params [module.irn.operations.3.NF.conv5.bias] will not optimize.
25-06-24 12:26:24.903 - WARNING: Params [module.irn.operations.3.NF.norm1.weight] will not optimize.
2025-06-24 12:26:24,903 - WARNING - Params [module.irn.operations.3.NF.norm1.weight] will not optimize.
25-06-24 12:26:24.903 - WARNING: Params [module.irn.operations.3.NF.norm1.bias] will not optimize.
2025-06-24 12:26:24,903 - WARNING - Params [module.irn.operations.3.NF.norm1.bias] will not optimize.
25-06-24 12:26:24.903 - WARNING: Params [module.irn.operations.3.NF.norm2.weight] will not optimize.
2025-06-24 12:26:24,903 - WARNING - Params [module.irn.operations.3.NF.norm2.weight] will not optimize.
25-06-24 12:26:24.903 - WARNING: Params [module.irn.operations.3.NF.norm2.bias] will not optimize.
2025-06-24 12:26:24,903 - WARNING - Params [module.irn.operations.3.NF.norm2.bias] will not optimize.
25-06-24 12:26:24.903 - WARNING: Params [module.irn.operations.3.G.conv1.weight] will not optimize.
2025-06-24 12:26:24,903 - WARNING - Params [module.irn.operations.3.G.conv1.weight] will not optimize.
25-06-24 12:26:24.903 - WARNING: Params [module.irn.operations.3.G.conv1.bias] will not optimize.
2025-06-24 12:26:24,903 - WARNING - Params [module.irn.operations.3.G.conv1.bias] will not optimize.
25-06-24 12:26:24.904 - WARNING: Params [module.irn.operations.3.G.conv2.weight] will not optimize.
2025-06-24 12:26:24,904 - WARNING - Params [module.irn.operations.3.G.conv2.weight] will not optimize.
25-06-24 12:26:24.904 - WARNING: Params [module.irn.operations.3.G.conv2.bias] will not optimize.
2025-06-24 12:26:24,904 - WARNING - Params [module.irn.operations.3.G.conv2.bias] will not optimize.
25-06-24 12:26:24.904 - WARNING: Params [module.irn.operations.3.G.conv3.weight] will not optimize.
2025-06-24 12:26:24,904 - WARNING - Params [module.irn.operations.3.G.conv3.weight] will not optimize.
25-06-24 12:26:24.904 - WARNING: Params [module.irn.operations.3.G.conv3.bias] will not optimize.
2025-06-24 12:26:24,904 - WARNING - Params [module.irn.operations.3.G.conv3.bias] will not optimize.
25-06-24 12:26:24.904 - WARNING: Params [module.irn.operations.3.G.conv4.weight] will not optimize.
2025-06-24 12:26:24,904 - WARNING - Params [module.irn.operations.3.G.conv4.weight] will not optimize.
25-06-24 12:26:24.904 - WARNING: Params [module.irn.operations.3.G.conv4.bias] will not optimize.
2025-06-24 12:26:24,904 - WARNING - Params [module.irn.operations.3.G.conv4.bias] will not optimize.
25-06-24 12:26:24.904 - WARNING: Params [module.irn.operations.3.G.conv5.weight] will not optimize.
2025-06-24 12:26:24,904 - WARNING - Params [module.irn.operations.3.G.conv5.weight] will not optimize.
25-06-24 12:26:24.904 - WARNING: Params [module.irn.operations.3.G.conv5.bias] will not optimize.
2025-06-24 12:26:24,904 - WARNING - Params [module.irn.operations.3.G.conv5.bias] will not optimize.
25-06-24 12:26:24.904 - WARNING: Params [module.irn.operations.3.NG.beta] will not optimize.
2025-06-24 12:26:24,904 - WARNING - Params [module.irn.operations.3.NG.beta] will not optimize.
25-06-24 12:26:24.904 - WARNING: Params [module.irn.operations.3.NG.gamma] will not optimize.
2025-06-24 12:26:24,904 - WARNING - Params [module.irn.operations.3.NG.gamma] will not optimize.
25-06-24 12:26:24.904 - WARNING: Params [module.irn.operations.3.NG.conv1.weight] will not optimize.
2025-06-24 12:26:24,904 - WARNING - Params [module.irn.operations.3.NG.conv1.weight] will not optimize.
25-06-24 12:26:24.904 - WARNING: Params [module.irn.operations.3.NG.conv1.bias] will not optimize.
2025-06-24 12:26:24,904 - WARNING - Params [module.irn.operations.3.NG.conv1.bias] will not optimize.
25-06-24 12:26:24.904 - WARNING: Params [module.irn.operations.3.NG.conv2.weight] will not optimize.
2025-06-24 12:26:24,904 - WARNING - Params [module.irn.operations.3.NG.conv2.weight] will not optimize.
25-06-24 12:26:24.904 - WARNING: Params [module.irn.operations.3.NG.conv2.bias] will not optimize.
2025-06-24 12:26:24,904 - WARNING - Params [module.irn.operations.3.NG.conv2.bias] will not optimize.
25-06-24 12:26:24.904 - WARNING: Params [module.irn.operations.3.NG.conv3.weight] will not optimize.
2025-06-24 12:26:24,904 - WARNING - Params [module.irn.operations.3.NG.conv3.weight] will not optimize.
25-06-24 12:26:24.904 - WARNING: Params [module.irn.operations.3.NG.conv3.bias] will not optimize.
2025-06-24 12:26:24,904 - WARNING - Params [module.irn.operations.3.NG.conv3.bias] will not optimize.
25-06-24 12:26:24.904 - WARNING: Params [module.irn.operations.3.NG.sca.1.weight] will not optimize.
2025-06-24 12:26:24,904 - WARNING - Params [module.irn.operations.3.NG.sca.1.weight] will not optimize.
25-06-24 12:26:24.904 - WARNING: Params [module.irn.operations.3.NG.sca.1.bias] will not optimize.
2025-06-24 12:26:24,904 - WARNING - Params [module.irn.operations.3.NG.sca.1.bias] will not optimize.
25-06-24 12:26:24.905 - WARNING: Params [module.irn.operations.3.NG.conv4.weight] will not optimize.
2025-06-24 12:26:24,905 - WARNING - Params [module.irn.operations.3.NG.conv4.weight] will not optimize.
25-06-24 12:26:24.905 - WARNING: Params [module.irn.operations.3.NG.conv4.bias] will not optimize.
2025-06-24 12:26:24,905 - WARNING - Params [module.irn.operations.3.NG.conv4.bias] will not optimize.
25-06-24 12:26:24.905 - WARNING: Params [module.irn.operations.3.NG.conv5.weight] will not optimize.
2025-06-24 12:26:24,905 - WARNING - Params [module.irn.operations.3.NG.conv5.weight] will not optimize.
25-06-24 12:26:24.905 - WARNING: Params [module.irn.operations.3.NG.conv5.bias] will not optimize.
2025-06-24 12:26:24,905 - WARNING - Params [module.irn.operations.3.NG.conv5.bias] will not optimize.
25-06-24 12:26:24.905 - WARNING: Params [module.irn.operations.3.NG.norm1.weight] will not optimize.
2025-06-24 12:26:24,905 - WARNING - Params [module.irn.operations.3.NG.norm1.weight] will not optimize.
25-06-24 12:26:24.905 - WARNING: Params [module.irn.operations.3.NG.norm1.bias] will not optimize.
2025-06-24 12:26:24,905 - WARNING - Params [module.irn.operations.3.NG.norm1.bias] will not optimize.
25-06-24 12:26:24.905 - WARNING: Params [module.irn.operations.3.NG.norm2.weight] will not optimize.
2025-06-24 12:26:24,905 - WARNING - Params [module.irn.operations.3.NG.norm2.weight] will not optimize.
25-06-24 12:26:24.905 - WARNING: Params [module.irn.operations.3.NG.norm2.bias] will not optimize.
2025-06-24 12:26:24,905 - WARNING - Params [module.irn.operations.3.NG.norm2.bias] will not optimize.
25-06-24 12:26:24.905 - WARNING: Params [module.irn.operations.3.H.conv1.weight] will not optimize.
2025-06-24 12:26:24,905 - WARNING - Params [module.irn.operations.3.H.conv1.weight] will not optimize.
25-06-24 12:26:24.905 - WARNING: Params [module.irn.operations.3.H.conv1.bias] will not optimize.
2025-06-24 12:26:24,905 - WARNING - Params [module.irn.operations.3.H.conv1.bias] will not optimize.
25-06-24 12:26:24.905 - WARNING: Params [module.irn.operations.3.H.conv2.weight] will not optimize.
2025-06-24 12:26:24,905 - WARNING - Params [module.irn.operations.3.H.conv2.weight] will not optimize.
25-06-24 12:26:24.905 - WARNING: Params [module.irn.operations.3.H.conv2.bias] will not optimize.
2025-06-24 12:26:24,905 - WARNING - Params [module.irn.operations.3.H.conv2.bias] will not optimize.
25-06-24 12:26:24.905 - WARNING: Params [module.irn.operations.3.H.conv3.weight] will not optimize.
2025-06-24 12:26:24,905 - WARNING - Params [module.irn.operations.3.H.conv3.weight] will not optimize.
25-06-24 12:26:24.905 - WARNING: Params [module.irn.operations.3.H.conv3.bias] will not optimize.
2025-06-24 12:26:24,905 - WARNING - Params [module.irn.operations.3.H.conv3.bias] will not optimize.
25-06-24 12:26:24.905 - WARNING: Params [module.irn.operations.3.H.conv4.weight] will not optimize.
2025-06-24 12:26:24,905 - WARNING - Params [module.irn.operations.3.H.conv4.weight] will not optimize.
25-06-24 12:26:24.905 - WARNING: Params [module.irn.operations.3.H.conv4.bias] will not optimize.
2025-06-24 12:26:24,905 - WARNING - Params [module.irn.operations.3.H.conv4.bias] will not optimize.
25-06-24 12:26:24.905 - WARNING: Params [module.irn.operations.3.H.conv5.weight] will not optimize.
2025-06-24 12:26:24,905 - WARNING - Params [module.irn.operations.3.H.conv5.weight] will not optimize.
25-06-24 12:26:24.905 - WARNING: Params [module.irn.operations.3.H.conv5.bias] will not optimize.
2025-06-24 12:26:24,905 - WARNING - Params [module.irn.operations.3.H.conv5.bias] will not optimize.
25-06-24 12:26:24.906 - WARNING: Params [module.irn.operations.3.NH.beta] will not optimize.
2025-06-24 12:26:24,906 - WARNING - Params [module.irn.operations.3.NH.beta] will not optimize.
25-06-24 12:26:24.906 - WARNING: Params [module.irn.operations.3.NH.gamma] will not optimize.
2025-06-24 12:26:24,906 - WARNING - Params [module.irn.operations.3.NH.gamma] will not optimize.
25-06-24 12:26:24.906 - WARNING: Params [module.irn.operations.3.NH.conv1.weight] will not optimize.
2025-06-24 12:26:24,906 - WARNING - Params [module.irn.operations.3.NH.conv1.weight] will not optimize.
25-06-24 12:26:24.906 - WARNING: Params [module.irn.operations.3.NH.conv1.bias] will not optimize.
2025-06-24 12:26:24,906 - WARNING - Params [module.irn.operations.3.NH.conv1.bias] will not optimize.
25-06-24 12:26:24.906 - WARNING: Params [module.irn.operations.3.NH.conv2.weight] will not optimize.
2025-06-24 12:26:24,906 - WARNING - Params [module.irn.operations.3.NH.conv2.weight] will not optimize.
25-06-24 12:26:24.906 - WARNING: Params [module.irn.operations.3.NH.conv2.bias] will not optimize.
2025-06-24 12:26:24,906 - WARNING - Params [module.irn.operations.3.NH.conv2.bias] will not optimize.
25-06-24 12:26:24.906 - WARNING: Params [module.irn.operations.3.NH.conv3.weight] will not optimize.
2025-06-24 12:26:24,906 - WARNING - Params [module.irn.operations.3.NH.conv3.weight] will not optimize.
25-06-24 12:26:24.906 - WARNING: Params [module.irn.operations.3.NH.conv3.bias] will not optimize.
2025-06-24 12:26:24,906 - WARNING - Params [module.irn.operations.3.NH.conv3.bias] will not optimize.
25-06-24 12:26:24.906 - WARNING: Params [module.irn.operations.3.NH.sca.1.weight] will not optimize.
2025-06-24 12:26:24,906 - WARNING - Params [module.irn.operations.3.NH.sca.1.weight] will not optimize.
25-06-24 12:26:24.906 - WARNING: Params [module.irn.operations.3.NH.sca.1.bias] will not optimize.
2025-06-24 12:26:24,906 - WARNING - Params [module.irn.operations.3.NH.sca.1.bias] will not optimize.
25-06-24 12:26:24.906 - WARNING: Params [module.irn.operations.3.NH.conv4.weight] will not optimize.
2025-06-24 12:26:24,906 - WARNING - Params [module.irn.operations.3.NH.conv4.weight] will not optimize.
25-06-24 12:26:24.906 - WARNING: Params [module.irn.operations.3.NH.conv4.bias] will not optimize.
2025-06-24 12:26:24,906 - WARNING - Params [module.irn.operations.3.NH.conv4.bias] will not optimize.
25-06-24 12:26:24.906 - WARNING: Params [module.irn.operations.3.NH.conv5.weight] will not optimize.
2025-06-24 12:26:24,906 - WARNING - Params [module.irn.operations.3.NH.conv5.weight] will not optimize.
25-06-24 12:26:24.906 - WARNING: Params [module.irn.operations.3.NH.conv5.bias] will not optimize.
2025-06-24 12:26:24,906 - WARNING - Params [module.irn.operations.3.NH.conv5.bias] will not optimize.
25-06-24 12:26:24.906 - WARNING: Params [module.irn.operations.3.NH.norm1.weight] will not optimize.
2025-06-24 12:26:24,906 - WARNING - Params [module.irn.operations.3.NH.norm1.weight] will not optimize.
25-06-24 12:26:24.906 - WARNING: Params [module.irn.operations.3.NH.norm1.bias] will not optimize.
2025-06-24 12:26:24,906 - WARNING - Params [module.irn.operations.3.NH.norm1.bias] will not optimize.
25-06-24 12:26:24.906 - WARNING: Params [module.irn.operations.3.NH.norm2.weight] will not optimize.
2025-06-24 12:26:24,906 - WARNING - Params [module.irn.operations.3.NH.norm2.weight] will not optimize.
25-06-24 12:26:24.906 - WARNING: Params [module.irn.operations.3.NH.norm2.bias] will not optimize.
2025-06-24 12:26:24,906 - WARNING - Params [module.irn.operations.3.NH.norm2.bias] will not optimize.
25-06-24 12:26:24.907 - WARNING: Params [module.irn.operations.4.F.conv1.weight] will not optimize.
2025-06-24 12:26:24,907 - WARNING - Params [module.irn.operations.4.F.conv1.weight] will not optimize.
25-06-24 12:26:24.907 - WARNING: Params [module.irn.operations.4.F.conv1.bias] will not optimize.
2025-06-24 12:26:24,907 - WARNING - Params [module.irn.operations.4.F.conv1.bias] will not optimize.
25-06-24 12:26:24.907 - WARNING: Params [module.irn.operations.4.F.conv2.weight] will not optimize.
2025-06-24 12:26:24,907 - WARNING - Params [module.irn.operations.4.F.conv2.weight] will not optimize.
25-06-24 12:26:24.907 - WARNING: Params [module.irn.operations.4.F.conv2.bias] will not optimize.
2025-06-24 12:26:24,907 - WARNING - Params [module.irn.operations.4.F.conv2.bias] will not optimize.
25-06-24 12:26:24.907 - WARNING: Params [module.irn.operations.4.F.conv3.weight] will not optimize.
2025-06-24 12:26:24,907 - WARNING - Params [module.irn.operations.4.F.conv3.weight] will not optimize.
25-06-24 12:26:24.907 - WARNING: Params [module.irn.operations.4.F.conv3.bias] will not optimize.
2025-06-24 12:26:24,907 - WARNING - Params [module.irn.operations.4.F.conv3.bias] will not optimize.
25-06-24 12:26:24.907 - WARNING: Params [module.irn.operations.4.F.conv4.weight] will not optimize.
2025-06-24 12:26:24,907 - WARNING - Params [module.irn.operations.4.F.conv4.weight] will not optimize.
25-06-24 12:26:24.907 - WARNING: Params [module.irn.operations.4.F.conv4.bias] will not optimize.
2025-06-24 12:26:24,907 - WARNING - Params [module.irn.operations.4.F.conv4.bias] will not optimize.
25-06-24 12:26:24.907 - WARNING: Params [module.irn.operations.4.F.conv5.weight] will not optimize.
2025-06-24 12:26:24,907 - WARNING - Params [module.irn.operations.4.F.conv5.weight] will not optimize.
25-06-24 12:26:24.907 - WARNING: Params [module.irn.operations.4.F.conv5.bias] will not optimize.
2025-06-24 12:26:24,907 - WARNING - Params [module.irn.operations.4.F.conv5.bias] will not optimize.
25-06-24 12:26:24.907 - WARNING: Params [module.irn.operations.4.NF.beta] will not optimize.
2025-06-24 12:26:24,907 - WARNING - Params [module.irn.operations.4.NF.beta] will not optimize.
25-06-24 12:26:24.907 - WARNING: Params [module.irn.operations.4.NF.gamma] will not optimize.
2025-06-24 12:26:24,907 - WARNING - Params [module.irn.operations.4.NF.gamma] will not optimize.
25-06-24 12:26:24.907 - WARNING: Params [module.irn.operations.4.NF.conv1.weight] will not optimize.
2025-06-24 12:26:24,907 - WARNING - Params [module.irn.operations.4.NF.conv1.weight] will not optimize.
25-06-24 12:26:24.907 - WARNING: Params [module.irn.operations.4.NF.conv1.bias] will not optimize.
2025-06-24 12:26:24,907 - WARNING - Params [module.irn.operations.4.NF.conv1.bias] will not optimize.
25-06-24 12:26:24.907 - WARNING: Params [module.irn.operations.4.NF.conv2.weight] will not optimize.
2025-06-24 12:26:24,907 - WARNING - Params [module.irn.operations.4.NF.conv2.weight] will not optimize.
25-06-24 12:26:24.907 - WARNING: Params [module.irn.operations.4.NF.conv2.bias] will not optimize.
2025-06-24 12:26:24,907 - WARNING - Params [module.irn.operations.4.NF.conv2.bias] will not optimize.
25-06-24 12:26:24.907 - WARNING: Params [module.irn.operations.4.NF.conv3.weight] will not optimize.
2025-06-24 12:26:24,907 - WARNING - Params [module.irn.operations.4.NF.conv3.weight] will not optimize.
25-06-24 12:26:24.907 - WARNING: Params [module.irn.operations.4.NF.conv3.bias] will not optimize.
2025-06-24 12:26:24,907 - WARNING - Params [module.irn.operations.4.NF.conv3.bias] will not optimize.
25-06-24 12:26:24.908 - WARNING: Params [module.irn.operations.4.NF.sca.1.weight] will not optimize.
2025-06-24 12:26:24,908 - WARNING - Params [module.irn.operations.4.NF.sca.1.weight] will not optimize.
25-06-24 12:26:24.908 - WARNING: Params [module.irn.operations.4.NF.sca.1.bias] will not optimize.
2025-06-24 12:26:24,908 - WARNING - Params [module.irn.operations.4.NF.sca.1.bias] will not optimize.
25-06-24 12:26:24.908 - WARNING: Params [module.irn.operations.4.NF.conv4.weight] will not optimize.
2025-06-24 12:26:24,908 - WARNING - Params [module.irn.operations.4.NF.conv4.weight] will not optimize.
25-06-24 12:26:24.908 - WARNING: Params [module.irn.operations.4.NF.conv4.bias] will not optimize.
2025-06-24 12:26:24,908 - WARNING - Params [module.irn.operations.4.NF.conv4.bias] will not optimize.
25-06-24 12:26:24.908 - WARNING: Params [module.irn.operations.4.NF.conv5.weight] will not optimize.
2025-06-24 12:26:24,908 - WARNING - Params [module.irn.operations.4.NF.conv5.weight] will not optimize.
25-06-24 12:26:24.908 - WARNING: Params [module.irn.operations.4.NF.conv5.bias] will not optimize.
2025-06-24 12:26:24,908 - WARNING - Params [module.irn.operations.4.NF.conv5.bias] will not optimize.
25-06-24 12:26:24.908 - WARNING: Params [module.irn.operations.4.NF.norm1.weight] will not optimize.
2025-06-24 12:26:24,908 - WARNING - Params [module.irn.operations.4.NF.norm1.weight] will not optimize.
25-06-24 12:26:24.908 - WARNING: Params [module.irn.operations.4.NF.norm1.bias] will not optimize.
2025-06-24 12:26:24,908 - WARNING - Params [module.irn.operations.4.NF.norm1.bias] will not optimize.
25-06-24 12:26:24.908 - WARNING: Params [module.irn.operations.4.NF.norm2.weight] will not optimize.
2025-06-24 12:26:24,908 - WARNING - Params [module.irn.operations.4.NF.norm2.weight] will not optimize.
25-06-24 12:26:24.908 - WARNING: Params [module.irn.operations.4.NF.norm2.bias] will not optimize.
2025-06-24 12:26:24,908 - WARNING - Params [module.irn.operations.4.NF.norm2.bias] will not optimize.
25-06-24 12:26:24.908 - WARNING: Params [module.irn.operations.4.G.conv1.weight] will not optimize.
2025-06-24 12:26:24,908 - WARNING - Params [module.irn.operations.4.G.conv1.weight] will not optimize.
25-06-24 12:26:24.908 - WARNING: Params [module.irn.operations.4.G.conv1.bias] will not optimize.
2025-06-24 12:26:24,908 - WARNING - Params [module.irn.operations.4.G.conv1.bias] will not optimize.
25-06-24 12:26:24.908 - WARNING: Params [module.irn.operations.4.G.conv2.weight] will not optimize.
2025-06-24 12:26:24,908 - WARNING - Params [module.irn.operations.4.G.conv2.weight] will not optimize.
25-06-24 12:26:24.908 - WARNING: Params [module.irn.operations.4.G.conv2.bias] will not optimize.
2025-06-24 12:26:24,908 - WARNING - Params [module.irn.operations.4.G.conv2.bias] will not optimize.
25-06-24 12:26:24.908 - WARNING: Params [module.irn.operations.4.G.conv3.weight] will not optimize.
2025-06-24 12:26:24,908 - WARNING - Params [module.irn.operations.4.G.conv3.weight] will not optimize.
25-06-24 12:26:24.908 - WARNING: Params [module.irn.operations.4.G.conv3.bias] will not optimize.
2025-06-24 12:26:24,908 - WARNING - Params [module.irn.operations.4.G.conv3.bias] will not optimize.
25-06-24 12:26:24.908 - WARNING: Params [module.irn.operations.4.G.conv4.weight] will not optimize.
2025-06-24 12:26:24,908 - WARNING - Params [module.irn.operations.4.G.conv4.weight] will not optimize.
25-06-24 12:26:24.908 - WARNING: Params [module.irn.operations.4.G.conv4.bias] will not optimize.
2025-06-24 12:26:24,908 - WARNING - Params [module.irn.operations.4.G.conv4.bias] will not optimize.
25-06-24 12:26:24.909 - WARNING: Params [module.irn.operations.4.G.conv5.weight] will not optimize.
2025-06-24 12:26:24,909 - WARNING - Params [module.irn.operations.4.G.conv5.weight] will not optimize.
25-06-24 12:26:24.909 - WARNING: Params [module.irn.operations.4.G.conv5.bias] will not optimize.
2025-06-24 12:26:24,909 - WARNING - Params [module.irn.operations.4.G.conv5.bias] will not optimize.
25-06-24 12:26:24.909 - WARNING: Params [module.irn.operations.4.NG.beta] will not optimize.
2025-06-24 12:26:24,909 - WARNING - Params [module.irn.operations.4.NG.beta] will not optimize.
25-06-24 12:26:24.909 - WARNING: Params [module.irn.operations.4.NG.gamma] will not optimize.
2025-06-24 12:26:24,909 - WARNING - Params [module.irn.operations.4.NG.gamma] will not optimize.
25-06-24 12:26:24.909 - WARNING: Params [module.irn.operations.4.NG.conv1.weight] will not optimize.
2025-06-24 12:26:24,909 - WARNING - Params [module.irn.operations.4.NG.conv1.weight] will not optimize.
25-06-24 12:26:24.909 - WARNING: Params [module.irn.operations.4.NG.conv1.bias] will not optimize.
2025-06-24 12:26:24,909 - WARNING - Params [module.irn.operations.4.NG.conv1.bias] will not optimize.
25-06-24 12:26:24.909 - WARNING: Params [module.irn.operations.4.NG.conv2.weight] will not optimize.
2025-06-24 12:26:24,909 - WARNING - Params [module.irn.operations.4.NG.conv2.weight] will not optimize.
25-06-24 12:26:24.909 - WARNING: Params [module.irn.operations.4.NG.conv2.bias] will not optimize.
2025-06-24 12:26:24,909 - WARNING - Params [module.irn.operations.4.NG.conv2.bias] will not optimize.
25-06-24 12:26:24.909 - WARNING: Params [module.irn.operations.4.NG.conv3.weight] will not optimize.
2025-06-24 12:26:24,909 - WARNING - Params [module.irn.operations.4.NG.conv3.weight] will not optimize.
25-06-24 12:26:24.909 - WARNING: Params [module.irn.operations.4.NG.conv3.bias] will not optimize.
2025-06-24 12:26:24,909 - WARNING - Params [module.irn.operations.4.NG.conv3.bias] will not optimize.
25-06-24 12:26:24.909 - WARNING: Params [module.irn.operations.4.NG.sca.1.weight] will not optimize.
2025-06-24 12:26:24,909 - WARNING - Params [module.irn.operations.4.NG.sca.1.weight] will not optimize.
25-06-24 12:26:24.909 - WARNING: Params [module.irn.operations.4.NG.sca.1.bias] will not optimize.
2025-06-24 12:26:24,909 - WARNING - Params [module.irn.operations.4.NG.sca.1.bias] will not optimize.
25-06-24 12:26:24.909 - WARNING: Params [module.irn.operations.4.NG.conv4.weight] will not optimize.
2025-06-24 12:26:24,909 - WARNING - Params [module.irn.operations.4.NG.conv4.weight] will not optimize.
25-06-24 12:26:24.909 - WARNING: Params [module.irn.operations.4.NG.conv4.bias] will not optimize.
2025-06-24 12:26:24,909 - WARNING - Params [module.irn.operations.4.NG.conv4.bias] will not optimize.
25-06-24 12:26:24.909 - WARNING: Params [module.irn.operations.4.NG.conv5.weight] will not optimize.
2025-06-24 12:26:24,909 - WARNING - Params [module.irn.operations.4.NG.conv5.weight] will not optimize.
25-06-24 12:26:24.909 - WARNING: Params [module.irn.operations.4.NG.conv5.bias] will not optimize.
2025-06-24 12:26:24,909 - WARNING - Params [module.irn.operations.4.NG.conv5.bias] will not optimize.
25-06-24 12:26:24.909 - WARNING: Params [module.irn.operations.4.NG.norm1.weight] will not optimize.
2025-06-24 12:26:24,909 - WARNING - Params [module.irn.operations.4.NG.norm1.weight] will not optimize.
25-06-24 12:26:24.909 - WARNING: Params [module.irn.operations.4.NG.norm1.bias] will not optimize.
2025-06-24 12:26:24,909 - WARNING - Params [module.irn.operations.4.NG.norm1.bias] will not optimize.
25-06-24 12:26:24.909 - WARNING: Params [module.irn.operations.4.NG.norm2.weight] will not optimize.
2025-06-24 12:26:24,909 - WARNING - Params [module.irn.operations.4.NG.norm2.weight] will not optimize.
25-06-24 12:26:24.910 - WARNING: Params [module.irn.operations.4.NG.norm2.bias] will not optimize.
2025-06-24 12:26:24,910 - WARNING - Params [module.irn.operations.4.NG.norm2.bias] will not optimize.
25-06-24 12:26:24.910 - WARNING: Params [module.irn.operations.4.H.conv1.weight] will not optimize.
2025-06-24 12:26:24,910 - WARNING - Params [module.irn.operations.4.H.conv1.weight] will not optimize.
25-06-24 12:26:24.910 - WARNING: Params [module.irn.operations.4.H.conv1.bias] will not optimize.
2025-06-24 12:26:24,910 - WARNING - Params [module.irn.operations.4.H.conv1.bias] will not optimize.
25-06-24 12:26:24.910 - WARNING: Params [module.irn.operations.4.H.conv2.weight] will not optimize.
2025-06-24 12:26:24,910 - WARNING - Params [module.irn.operations.4.H.conv2.weight] will not optimize.
25-06-24 12:26:24.910 - WARNING: Params [module.irn.operations.4.H.conv2.bias] will not optimize.
2025-06-24 12:26:24,910 - WARNING - Params [module.irn.operations.4.H.conv2.bias] will not optimize.
25-06-24 12:26:24.910 - WARNING: Params [module.irn.operations.4.H.conv3.weight] will not optimize.
2025-06-24 12:26:24,910 - WARNING - Params [module.irn.operations.4.H.conv3.weight] will not optimize.
25-06-24 12:26:24.910 - WARNING: Params [module.irn.operations.4.H.conv3.bias] will not optimize.
2025-06-24 12:26:24,910 - WARNING - Params [module.irn.operations.4.H.conv3.bias] will not optimize.
25-06-24 12:26:24.910 - WARNING: Params [module.irn.operations.4.H.conv4.weight] will not optimize.
2025-06-24 12:26:24,910 - WARNING - Params [module.irn.operations.4.H.conv4.weight] will not optimize.
25-06-24 12:26:24.910 - WARNING: Params [module.irn.operations.4.H.conv4.bias] will not optimize.
2025-06-24 12:26:24,910 - WARNING - Params [module.irn.operations.4.H.conv4.bias] will not optimize.
25-06-24 12:26:24.910 - WARNING: Params [module.irn.operations.4.H.conv5.weight] will not optimize.
2025-06-24 12:26:24,910 - WARNING - Params [module.irn.operations.4.H.conv5.weight] will not optimize.
25-06-24 12:26:24.910 - WARNING: Params [module.irn.operations.4.H.conv5.bias] will not optimize.
2025-06-24 12:26:24,910 - WARNING - Params [module.irn.operations.4.H.conv5.bias] will not optimize.
25-06-24 12:26:24.910 - WARNING: Params [module.irn.operations.4.NH.beta] will not optimize.
2025-06-24 12:26:24,910 - WARNING - Params [module.irn.operations.4.NH.beta] will not optimize.
25-06-24 12:26:24.910 - WARNING: Params [module.irn.operations.4.NH.gamma] will not optimize.
2025-06-24 12:26:24,910 - WARNING - Params [module.irn.operations.4.NH.gamma] will not optimize.
25-06-24 12:26:24.910 - WARNING: Params [module.irn.operations.4.NH.conv1.weight] will not optimize.
2025-06-24 12:26:24,910 - WARNING - Params [module.irn.operations.4.NH.conv1.weight] will not optimize.
25-06-24 12:26:24.910 - WARNING: Params [module.irn.operations.4.NH.conv1.bias] will not optimize.
2025-06-24 12:26:24,910 - WARNING - Params [module.irn.operations.4.NH.conv1.bias] will not optimize.
25-06-24 12:26:24.910 - WARNING: Params [module.irn.operations.4.NH.conv2.weight] will not optimize.
2025-06-24 12:26:24,910 - WARNING - Params [module.irn.operations.4.NH.conv2.weight] will not optimize.
25-06-24 12:26:24.910 - WARNING: Params [module.irn.operations.4.NH.conv2.bias] will not optimize.
2025-06-24 12:26:24,910 - WARNING - Params [module.irn.operations.4.NH.conv2.bias] will not optimize.
25-06-24 12:26:24.910 - WARNING: Params [module.irn.operations.4.NH.conv3.weight] will not optimize.
2025-06-24 12:26:24,910 - WARNING - Params [module.irn.operations.4.NH.conv3.weight] will not optimize.
25-06-24 12:26:24.911 - WARNING: Params [module.irn.operations.4.NH.conv3.bias] will not optimize.
2025-06-24 12:26:24,911 - WARNING - Params [module.irn.operations.4.NH.conv3.bias] will not optimize.
25-06-24 12:26:24.911 - WARNING: Params [module.irn.operations.4.NH.sca.1.weight] will not optimize.
2025-06-24 12:26:24,911 - WARNING - Params [module.irn.operations.4.NH.sca.1.weight] will not optimize.
25-06-24 12:26:24.911 - WARNING: Params [module.irn.operations.4.NH.sca.1.bias] will not optimize.
2025-06-24 12:26:24,911 - WARNING - Params [module.irn.operations.4.NH.sca.1.bias] will not optimize.
25-06-24 12:26:24.911 - WARNING: Params [module.irn.operations.4.NH.conv4.weight] will not optimize.
2025-06-24 12:26:24,911 - WARNING - Params [module.irn.operations.4.NH.conv4.weight] will not optimize.
25-06-24 12:26:24.911 - WARNING: Params [module.irn.operations.4.NH.conv4.bias] will not optimize.
2025-06-24 12:26:24,911 - WARNING - Params [module.irn.operations.4.NH.conv4.bias] will not optimize.
25-06-24 12:26:24.911 - WARNING: Params [module.irn.operations.4.NH.conv5.weight] will not optimize.
2025-06-24 12:26:24,911 - WARNING - Params [module.irn.operations.4.NH.conv5.weight] will not optimize.
25-06-24 12:26:24.911 - WARNING: Params [module.irn.operations.4.NH.conv5.bias] will not optimize.
2025-06-24 12:26:24,911 - WARNING - Params [module.irn.operations.4.NH.conv5.bias] will not optimize.
25-06-24 12:26:24.911 - WARNING: Params [module.irn.operations.4.NH.norm1.weight] will not optimize.
2025-06-24 12:26:24,911 - WARNING - Params [module.irn.operations.4.NH.norm1.weight] will not optimize.
25-06-24 12:26:24.911 - WARNING: Params [module.irn.operations.4.NH.norm1.bias] will not optimize.
2025-06-24 12:26:24,911 - WARNING - Params [module.irn.operations.4.NH.norm1.bias] will not optimize.
25-06-24 12:26:24.911 - WARNING: Params [module.irn.operations.4.NH.norm2.weight] will not optimize.
2025-06-24 12:26:24,911 - WARNING - Params [module.irn.operations.4.NH.norm2.weight] will not optimize.
25-06-24 12:26:24.911 - WARNING: Params [module.irn.operations.4.NH.norm2.bias] will not optimize.
2025-06-24 12:26:24,911 - WARNING - Params [module.irn.operations.4.NH.norm2.bias] will not optimize.
25-06-24 12:26:24.911 - WARNING: Params [module.irn.operations.5.F.conv1.weight] will not optimize.
2025-06-24 12:26:24,911 - WARNING - Params [module.irn.operations.5.F.conv1.weight] will not optimize.
25-06-24 12:26:24.911 - WARNING: Params [module.irn.operations.5.F.conv1.bias] will not optimize.
2025-06-24 12:26:24,911 - WARNING - Params [module.irn.operations.5.F.conv1.bias] will not optimize.
25-06-24 12:26:24.911 - WARNING: Params [module.irn.operations.5.F.conv2.weight] will not optimize.
2025-06-24 12:26:24,911 - WARNING - Params [module.irn.operations.5.F.conv2.weight] will not optimize.
25-06-24 12:26:24.911 - WARNING: Params [module.irn.operations.5.F.conv2.bias] will not optimize.
2025-06-24 12:26:24,911 - WARNING - Params [module.irn.operations.5.F.conv2.bias] will not optimize.
25-06-24 12:26:24.911 - WARNING: Params [module.irn.operations.5.F.conv3.weight] will not optimize.
2025-06-24 12:26:24,911 - WARNING - Params [module.irn.operations.5.F.conv3.weight] will not optimize.
25-06-24 12:26:24.911 - WARNING: Params [module.irn.operations.5.F.conv3.bias] will not optimize.
2025-06-24 12:26:24,911 - WARNING - Params [module.irn.operations.5.F.conv3.bias] will not optimize.
25-06-24 12:26:24.911 - WARNING: Params [module.irn.operations.5.F.conv4.weight] will not optimize.
2025-06-24 12:26:24,911 - WARNING - Params [module.irn.operations.5.F.conv4.weight] will not optimize.
25-06-24 12:26:24.912 - WARNING: Params [module.irn.operations.5.F.conv4.bias] will not optimize.
2025-06-24 12:26:24,912 - WARNING - Params [module.irn.operations.5.F.conv4.bias] will not optimize.
25-06-24 12:26:24.912 - WARNING: Params [module.irn.operations.5.F.conv5.weight] will not optimize.
2025-06-24 12:26:24,912 - WARNING - Params [module.irn.operations.5.F.conv5.weight] will not optimize.
25-06-24 12:26:24.912 - WARNING: Params [module.irn.operations.5.F.conv5.bias] will not optimize.
2025-06-24 12:26:24,912 - WARNING - Params [module.irn.operations.5.F.conv5.bias] will not optimize.
25-06-24 12:26:24.912 - WARNING: Params [module.irn.operations.5.NF.beta] will not optimize.
2025-06-24 12:26:24,912 - WARNING - Params [module.irn.operations.5.NF.beta] will not optimize.
25-06-24 12:26:24.912 - WARNING: Params [module.irn.operations.5.NF.gamma] will not optimize.
2025-06-24 12:26:24,912 - WARNING - Params [module.irn.operations.5.NF.gamma] will not optimize.
25-06-24 12:26:24.912 - WARNING: Params [module.irn.operations.5.NF.conv1.weight] will not optimize.
2025-06-24 12:26:24,912 - WARNING - Params [module.irn.operations.5.NF.conv1.weight] will not optimize.
25-06-24 12:26:24.912 - WARNING: Params [module.irn.operations.5.NF.conv1.bias] will not optimize.
2025-06-24 12:26:24,912 - WARNING - Params [module.irn.operations.5.NF.conv1.bias] will not optimize.
25-06-24 12:26:24.912 - WARNING: Params [module.irn.operations.5.NF.conv2.weight] will not optimize.
2025-06-24 12:26:24,912 - WARNING - Params [module.irn.operations.5.NF.conv2.weight] will not optimize.
25-06-24 12:26:24.912 - WARNING: Params [module.irn.operations.5.NF.conv2.bias] will not optimize.
2025-06-24 12:26:24,912 - WARNING - Params [module.irn.operations.5.NF.conv2.bias] will not optimize.
25-06-24 12:26:24.912 - WARNING: Params [module.irn.operations.5.NF.conv3.weight] will not optimize.
2025-06-24 12:26:24,912 - WARNING - Params [module.irn.operations.5.NF.conv3.weight] will not optimize.
25-06-24 12:26:24.912 - WARNING: Params [module.irn.operations.5.NF.conv3.bias] will not optimize.
2025-06-24 12:26:24,912 - WARNING - Params [module.irn.operations.5.NF.conv3.bias] will not optimize.
25-06-24 12:26:24.912 - WARNING: Params [module.irn.operations.5.NF.sca.1.weight] will not optimize.
2025-06-24 12:26:24,912 - WARNING - Params [module.irn.operations.5.NF.sca.1.weight] will not optimize.
25-06-24 12:26:24.912 - WARNING: Params [module.irn.operations.5.NF.sca.1.bias] will not optimize.
2025-06-24 12:26:24,912 - WARNING - Params [module.irn.operations.5.NF.sca.1.bias] will not optimize.
25-06-24 12:26:24.912 - WARNING: Params [module.irn.operations.5.NF.conv4.weight] will not optimize.
2025-06-24 12:26:24,912 - WARNING - Params [module.irn.operations.5.NF.conv4.weight] will not optimize.
25-06-24 12:26:24.912 - WARNING: Params [module.irn.operations.5.NF.conv4.bias] will not optimize.
2025-06-24 12:26:24,912 - WARNING - Params [module.irn.operations.5.NF.conv4.bias] will not optimize.
25-06-24 12:26:24.912 - WARNING: Params [module.irn.operations.5.NF.conv5.weight] will not optimize.
2025-06-24 12:26:24,912 - WARNING - Params [module.irn.operations.5.NF.conv5.weight] will not optimize.
25-06-24 12:26:24.912 - WARNING: Params [module.irn.operations.5.NF.conv5.bias] will not optimize.
2025-06-24 12:26:24,912 - WARNING - Params [module.irn.operations.5.NF.conv5.bias] will not optimize.
25-06-24 12:26:24.912 - WARNING: Params [module.irn.operations.5.NF.norm1.weight] will not optimize.
2025-06-24 12:26:24,912 - WARNING - Params [module.irn.operations.5.NF.norm1.weight] will not optimize.
25-06-24 12:26:24.913 - WARNING: Params [module.irn.operations.5.NF.norm1.bias] will not optimize.
2025-06-24 12:26:24,913 - WARNING - Params [module.irn.operations.5.NF.norm1.bias] will not optimize.
25-06-24 12:26:24.913 - WARNING: Params [module.irn.operations.5.NF.norm2.weight] will not optimize.
2025-06-24 12:26:24,913 - WARNING - Params [module.irn.operations.5.NF.norm2.weight] will not optimize.
25-06-24 12:26:24.913 - WARNING: Params [module.irn.operations.5.NF.norm2.bias] will not optimize.
2025-06-24 12:26:24,913 - WARNING - Params [module.irn.operations.5.NF.norm2.bias] will not optimize.
25-06-24 12:26:24.913 - WARNING: Params [module.irn.operations.5.G.conv1.weight] will not optimize.
2025-06-24 12:26:24,913 - WARNING - Params [module.irn.operations.5.G.conv1.weight] will not optimize.
25-06-24 12:26:24.913 - WARNING: Params [module.irn.operations.5.G.conv1.bias] will not optimize.
2025-06-24 12:26:24,913 - WARNING - Params [module.irn.operations.5.G.conv1.bias] will not optimize.
25-06-24 12:26:24.913 - WARNING: Params [module.irn.operations.5.G.conv2.weight] will not optimize.
2025-06-24 12:26:24,913 - WARNING - Params [module.irn.operations.5.G.conv2.weight] will not optimize.
25-06-24 12:26:24.913 - WARNING: Params [module.irn.operations.5.G.conv2.bias] will not optimize.
2025-06-24 12:26:24,913 - WARNING - Params [module.irn.operations.5.G.conv2.bias] will not optimize.
25-06-24 12:26:24.913 - WARNING: Params [module.irn.operations.5.G.conv3.weight] will not optimize.
2025-06-24 12:26:24,913 - WARNING - Params [module.irn.operations.5.G.conv3.weight] will not optimize.
25-06-24 12:26:24.913 - WARNING: Params [module.irn.operations.5.G.conv3.bias] will not optimize.
2025-06-24 12:26:24,913 - WARNING - Params [module.irn.operations.5.G.conv3.bias] will not optimize.
25-06-24 12:26:24.913 - WARNING: Params [module.irn.operations.5.G.conv4.weight] will not optimize.
2025-06-24 12:26:24,913 - WARNING - Params [module.irn.operations.5.G.conv4.weight] will not optimize.
25-06-24 12:26:24.913 - WARNING: Params [module.irn.operations.5.G.conv4.bias] will not optimize.
2025-06-24 12:26:24,913 - WARNING - Params [module.irn.operations.5.G.conv4.bias] will not optimize.
25-06-24 12:26:24.913 - WARNING: Params [module.irn.operations.5.G.conv5.weight] will not optimize.
2025-06-24 12:26:24,913 - WARNING - Params [module.irn.operations.5.G.conv5.weight] will not optimize.
25-06-24 12:26:24.913 - WARNING: Params [module.irn.operations.5.G.conv5.bias] will not optimize.
2025-06-24 12:26:24,913 - WARNING - Params [module.irn.operations.5.G.conv5.bias] will not optimize.
25-06-24 12:26:24.913 - WARNING: Params [module.irn.operations.5.NG.beta] will not optimize.
2025-06-24 12:26:24,913 - WARNING - Params [module.irn.operations.5.NG.beta] will not optimize.
25-06-24 12:26:24.913 - WARNING: Params [module.irn.operations.5.NG.gamma] will not optimize.
2025-06-24 12:26:24,913 - WARNING - Params [module.irn.operations.5.NG.gamma] will not optimize.
25-06-24 12:26:24.913 - WARNING: Params [module.irn.operations.5.NG.conv1.weight] will not optimize.
2025-06-24 12:26:24,913 - WARNING - Params [module.irn.operations.5.NG.conv1.weight] will not optimize.
25-06-24 12:26:24.913 - WARNING: Params [module.irn.operations.5.NG.conv1.bias] will not optimize.
2025-06-24 12:26:24,913 - WARNING - Params [module.irn.operations.5.NG.conv1.bias] will not optimize.
25-06-24 12:26:24.913 - WARNING: Params [module.irn.operations.5.NG.conv2.weight] will not optimize.
2025-06-24 12:26:24,913 - WARNING - Params [module.irn.operations.5.NG.conv2.weight] will not optimize.
25-06-24 12:26:24.914 - WARNING: Params [module.irn.operations.5.NG.conv2.bias] will not optimize.
2025-06-24 12:26:24,914 - WARNING - Params [module.irn.operations.5.NG.conv2.bias] will not optimize.
25-06-24 12:26:24.914 - WARNING: Params [module.irn.operations.5.NG.conv3.weight] will not optimize.
2025-06-24 12:26:24,914 - WARNING - Params [module.irn.operations.5.NG.conv3.weight] will not optimize.
25-06-24 12:26:24.914 - WARNING: Params [module.irn.operations.5.NG.conv3.bias] will not optimize.
2025-06-24 12:26:24,914 - WARNING - Params [module.irn.operations.5.NG.conv3.bias] will not optimize.
25-06-24 12:26:24.914 - WARNING: Params [module.irn.operations.5.NG.sca.1.weight] will not optimize.
2025-06-24 12:26:24,914 - WARNING - Params [module.irn.operations.5.NG.sca.1.weight] will not optimize.
25-06-24 12:26:24.914 - WARNING: Params [module.irn.operations.5.NG.sca.1.bias] will not optimize.
2025-06-24 12:26:24,914 - WARNING - Params [module.irn.operations.5.NG.sca.1.bias] will not optimize.
25-06-24 12:26:24.914 - WARNING: Params [module.irn.operations.5.NG.conv4.weight] will not optimize.
2025-06-24 12:26:24,914 - WARNING - Params [module.irn.operations.5.NG.conv4.weight] will not optimize.
25-06-24 12:26:24.914 - WARNING: Params [module.irn.operations.5.NG.conv4.bias] will not optimize.
2025-06-24 12:26:24,914 - WARNING - Params [module.irn.operations.5.NG.conv4.bias] will not optimize.
25-06-24 12:26:24.914 - WARNING: Params [module.irn.operations.5.NG.conv5.weight] will not optimize.
2025-06-24 12:26:24,914 - WARNING - Params [module.irn.operations.5.NG.conv5.weight] will not optimize.
25-06-24 12:26:24.914 - WARNING: Params [module.irn.operations.5.NG.conv5.bias] will not optimize.
2025-06-24 12:26:24,914 - WARNING - Params [module.irn.operations.5.NG.conv5.bias] will not optimize.
25-06-24 12:26:24.914 - WARNING: Params [module.irn.operations.5.NG.norm1.weight] will not optimize.
2025-06-24 12:26:24,914 - WARNING - Params [module.irn.operations.5.NG.norm1.weight] will not optimize.
25-06-24 12:26:24.914 - WARNING: Params [module.irn.operations.5.NG.norm1.bias] will not optimize.
2025-06-24 12:26:24,914 - WARNING - Params [module.irn.operations.5.NG.norm1.bias] will not optimize.
25-06-24 12:26:24.914 - WARNING: Params [module.irn.operations.5.NG.norm2.weight] will not optimize.
2025-06-24 12:26:24,914 - WARNING - Params [module.irn.operations.5.NG.norm2.weight] will not optimize.
25-06-24 12:26:24.914 - WARNING: Params [module.irn.operations.5.NG.norm2.bias] will not optimize.
2025-06-24 12:26:24,914 - WARNING - Params [module.irn.operations.5.NG.norm2.bias] will not optimize.
25-06-24 12:26:24.914 - WARNING: Params [module.irn.operations.5.H.conv1.weight] will not optimize.
2025-06-24 12:26:24,914 - WARNING - Params [module.irn.operations.5.H.conv1.weight] will not optimize.
25-06-24 12:26:24.914 - WARNING: Params [module.irn.operations.5.H.conv1.bias] will not optimize.
2025-06-24 12:26:24,914 - WARNING - Params [module.irn.operations.5.H.conv1.bias] will not optimize.
25-06-24 12:26:24.914 - WARNING: Params [module.irn.operations.5.H.conv2.weight] will not optimize.
2025-06-24 12:26:24,914 - WARNING - Params [module.irn.operations.5.H.conv2.weight] will not optimize.
25-06-24 12:26:24.914 - WARNING: Params [module.irn.operations.5.H.conv2.bias] will not optimize.
2025-06-24 12:26:24,914 - WARNING - Params [module.irn.operations.5.H.conv2.bias] will not optimize.
25-06-24 12:26:24.914 - WARNING: Params [module.irn.operations.5.H.conv3.weight] will not optimize.
2025-06-24 12:26:24,914 - WARNING - Params [module.irn.operations.5.H.conv3.weight] will not optimize.
25-06-24 12:26:24.914 - WARNING: Params [module.irn.operations.5.H.conv3.bias] will not optimize.
2025-06-24 12:26:24,914 - WARNING - Params [module.irn.operations.5.H.conv3.bias] will not optimize.
25-06-24 12:26:24.915 - WARNING: Params [module.irn.operations.5.H.conv4.weight] will not optimize.
2025-06-24 12:26:24,915 - WARNING - Params [module.irn.operations.5.H.conv4.weight] will not optimize.
25-06-24 12:26:24.915 - WARNING: Params [module.irn.operations.5.H.conv4.bias] will not optimize.
2025-06-24 12:26:24,915 - WARNING - Params [module.irn.operations.5.H.conv4.bias] will not optimize.
25-06-24 12:26:24.915 - WARNING: Params [module.irn.operations.5.H.conv5.weight] will not optimize.
2025-06-24 12:26:24,915 - WARNING - Params [module.irn.operations.5.H.conv5.weight] will not optimize.
25-06-24 12:26:24.915 - WARNING: Params [module.irn.operations.5.H.conv5.bias] will not optimize.
2025-06-24 12:26:24,915 - WARNING - Params [module.irn.operations.5.H.conv5.bias] will not optimize.
25-06-24 12:26:24.915 - WARNING: Params [module.irn.operations.5.NH.beta] will not optimize.
2025-06-24 12:26:24,915 - WARNING - Params [module.irn.operations.5.NH.beta] will not optimize.
25-06-24 12:26:24.915 - WARNING: Params [module.irn.operations.5.NH.gamma] will not optimize.
2025-06-24 12:26:24,915 - WARNING - Params [module.irn.operations.5.NH.gamma] will not optimize.
25-06-24 12:26:24.915 - WARNING: Params [module.irn.operations.5.NH.conv1.weight] will not optimize.
2025-06-24 12:26:24,915 - WARNING - Params [module.irn.operations.5.NH.conv1.weight] will not optimize.
25-06-24 12:26:24.915 - WARNING: Params [module.irn.operations.5.NH.conv1.bias] will not optimize.
2025-06-24 12:26:24,915 - WARNING - Params [module.irn.operations.5.NH.conv1.bias] will not optimize.
25-06-24 12:26:24.915 - WARNING: Params [module.irn.operations.5.NH.conv2.weight] will not optimize.
2025-06-24 12:26:24,915 - WARNING - Params [module.irn.operations.5.NH.conv2.weight] will not optimize.
25-06-24 12:26:24.915 - WARNING: Params [module.irn.operations.5.NH.conv2.bias] will not optimize.
2025-06-24 12:26:24,915 - WARNING - Params [module.irn.operations.5.NH.conv2.bias] will not optimize.
25-06-24 12:26:24.915 - WARNING: Params [module.irn.operations.5.NH.conv3.weight] will not optimize.
2025-06-24 12:26:24,915 - WARNING - Params [module.irn.operations.5.NH.conv3.weight] will not optimize.
25-06-24 12:26:24.915 - WARNING: Params [module.irn.operations.5.NH.conv3.bias] will not optimize.
2025-06-24 12:26:24,915 - WARNING - Params [module.irn.operations.5.NH.conv3.bias] will not optimize.
25-06-24 12:26:24.915 - WARNING: Params [module.irn.operations.5.NH.sca.1.weight] will not optimize.
2025-06-24 12:26:24,915 - WARNING - Params [module.irn.operations.5.NH.sca.1.weight] will not optimize.
25-06-24 12:26:24.915 - WARNING: Params [module.irn.operations.5.NH.sca.1.bias] will not optimize.
2025-06-24 12:26:24,915 - WARNING - Params [module.irn.operations.5.NH.sca.1.bias] will not optimize.
25-06-24 12:26:24.915 - WARNING: Params [module.irn.operations.5.NH.conv4.weight] will not optimize.
2025-06-24 12:26:24,915 - WARNING - Params [module.irn.operations.5.NH.conv4.weight] will not optimize.
25-06-24 12:26:24.915 - WARNING: Params [module.irn.operations.5.NH.conv4.bias] will not optimize.
2025-06-24 12:26:24,915 - WARNING - Params [module.irn.operations.5.NH.conv4.bias] will not optimize.
25-06-24 12:26:24.915 - WARNING: Params [module.irn.operations.5.NH.conv5.weight] will not optimize.
2025-06-24 12:26:24,915 - WARNING - Params [module.irn.operations.5.NH.conv5.weight] will not optimize.
25-06-24 12:26:24.915 - WARNING: Params [module.irn.operations.5.NH.conv5.bias] will not optimize.
2025-06-24 12:26:24,915 - WARNING - Params [module.irn.operations.5.NH.conv5.bias] will not optimize.
25-06-24 12:26:24.916 - WARNING: Params [module.irn.operations.5.NH.norm1.weight] will not optimize.
2025-06-24 12:26:24,916 - WARNING - Params [module.irn.operations.5.NH.norm1.weight] will not optimize.
25-06-24 12:26:24.916 - WARNING: Params [module.irn.operations.5.NH.norm1.bias] will not optimize.
2025-06-24 12:26:24,916 - WARNING - Params [module.irn.operations.5.NH.norm1.bias] will not optimize.
25-06-24 12:26:24.916 - WARNING: Params [module.irn.operations.5.NH.norm2.weight] will not optimize.
2025-06-24 12:26:24,916 - WARNING - Params [module.irn.operations.5.NH.norm2.weight] will not optimize.
25-06-24 12:26:24.916 - WARNING: Params [module.irn.operations.5.NH.norm2.bias] will not optimize.
2025-06-24 12:26:24,916 - WARNING - Params [module.irn.operations.5.NH.norm2.bias] will not optimize.
25-06-24 12:26:24.916 - WARNING: Params [module.irn.operations.6.F.conv1.weight] will not optimize.
2025-06-24 12:26:24,916 - WARNING - Params [module.irn.operations.6.F.conv1.weight] will not optimize.
25-06-24 12:26:24.916 - WARNING: Params [module.irn.operations.6.F.conv1.bias] will not optimize.
2025-06-24 12:26:24,916 - WARNING - Params [module.irn.operations.6.F.conv1.bias] will not optimize.
25-06-24 12:26:24.916 - WARNING: Params [module.irn.operations.6.F.conv2.weight] will not optimize.
2025-06-24 12:26:24,916 - WARNING - Params [module.irn.operations.6.F.conv2.weight] will not optimize.
25-06-24 12:26:24.916 - WARNING: Params [module.irn.operations.6.F.conv2.bias] will not optimize.
2025-06-24 12:26:24,916 - WARNING - Params [module.irn.operations.6.F.conv2.bias] will not optimize.
25-06-24 12:26:24.916 - WARNING: Params [module.irn.operations.6.F.conv3.weight] will not optimize.
2025-06-24 12:26:24,916 - WARNING - Params [module.irn.operations.6.F.conv3.weight] will not optimize.
25-06-24 12:26:24.916 - WARNING: Params [module.irn.operations.6.F.conv3.bias] will not optimize.
2025-06-24 12:26:24,916 - WARNING - Params [module.irn.operations.6.F.conv3.bias] will not optimize.
25-06-24 12:26:24.916 - WARNING: Params [module.irn.operations.6.F.conv4.weight] will not optimize.
2025-06-24 12:26:24,916 - WARNING - Params [module.irn.operations.6.F.conv4.weight] will not optimize.
25-06-24 12:26:24.916 - WARNING: Params [module.irn.operations.6.F.conv4.bias] will not optimize.
2025-06-24 12:26:24,916 - WARNING - Params [module.irn.operations.6.F.conv4.bias] will not optimize.
25-06-24 12:26:24.916 - WARNING: Params [module.irn.operations.6.F.conv5.weight] will not optimize.
2025-06-24 12:26:24,916 - WARNING - Params [module.irn.operations.6.F.conv5.weight] will not optimize.
25-06-24 12:26:24.916 - WARNING: Params [module.irn.operations.6.F.conv5.bias] will not optimize.
2025-06-24 12:26:24,916 - WARNING - Params [module.irn.operations.6.F.conv5.bias] will not optimize.
25-06-24 12:26:24.916 - WARNING: Params [module.irn.operations.6.NF.beta] will not optimize.
2025-06-24 12:26:24,916 - WARNING - Params [module.irn.operations.6.NF.beta] will not optimize.
25-06-24 12:26:24.916 - WARNING: Params [module.irn.operations.6.NF.gamma] will not optimize.
2025-06-24 12:26:24,916 - WARNING - Params [module.irn.operations.6.NF.gamma] will not optimize.
25-06-24 12:26:24.916 - WARNING: Params [module.irn.operations.6.NF.conv1.weight] will not optimize.
2025-06-24 12:26:24,916 - WARNING - Params [module.irn.operations.6.NF.conv1.weight] will not optimize.
25-06-24 12:26:24.916 - WARNING: Params [module.irn.operations.6.NF.conv1.bias] will not optimize.
2025-06-24 12:26:24,916 - WARNING - Params [module.irn.operations.6.NF.conv1.bias] will not optimize.
25-06-24 12:26:24.917 - WARNING: Params [module.irn.operations.6.NF.conv2.weight] will not optimize.
2025-06-24 12:26:24,917 - WARNING - Params [module.irn.operations.6.NF.conv2.weight] will not optimize.
25-06-24 12:26:24.917 - WARNING: Params [module.irn.operations.6.NF.conv2.bias] will not optimize.
2025-06-24 12:26:24,917 - WARNING - Params [module.irn.operations.6.NF.conv2.bias] will not optimize.
25-06-24 12:26:24.917 - WARNING: Params [module.irn.operations.6.NF.conv3.weight] will not optimize.
2025-06-24 12:26:24,917 - WARNING - Params [module.irn.operations.6.NF.conv3.weight] will not optimize.
25-06-24 12:26:24.917 - WARNING: Params [module.irn.operations.6.NF.conv3.bias] will not optimize.
2025-06-24 12:26:24,917 - WARNING - Params [module.irn.operations.6.NF.conv3.bias] will not optimize.
25-06-24 12:26:24.917 - WARNING: Params [module.irn.operations.6.NF.sca.1.weight] will not optimize.
2025-06-24 12:26:24,917 - WARNING - Params [module.irn.operations.6.NF.sca.1.weight] will not optimize.
25-06-24 12:26:24.917 - WARNING: Params [module.irn.operations.6.NF.sca.1.bias] will not optimize.
2025-06-24 12:26:24,917 - WARNING - Params [module.irn.operations.6.NF.sca.1.bias] will not optimize.
25-06-24 12:26:24.917 - WARNING: Params [module.irn.operations.6.NF.conv4.weight] will not optimize.
2025-06-24 12:26:24,917 - WARNING - Params [module.irn.operations.6.NF.conv4.weight] will not optimize.
25-06-24 12:26:24.917 - WARNING: Params [module.irn.operations.6.NF.conv4.bias] will not optimize.
2025-06-24 12:26:24,917 - WARNING - Params [module.irn.operations.6.NF.conv4.bias] will not optimize.
25-06-24 12:26:24.917 - WARNING: Params [module.irn.operations.6.NF.conv5.weight] will not optimize.
2025-06-24 12:26:24,917 - WARNING - Params [module.irn.operations.6.NF.conv5.weight] will not optimize.
25-06-24 12:26:24.917 - WARNING: Params [module.irn.operations.6.NF.conv5.bias] will not optimize.
2025-06-24 12:26:24,917 - WARNING - Params [module.irn.operations.6.NF.conv5.bias] will not optimize.
25-06-24 12:26:24.917 - WARNING: Params [module.irn.operations.6.NF.norm1.weight] will not optimize.
2025-06-24 12:26:24,917 - WARNING - Params [module.irn.operations.6.NF.norm1.weight] will not optimize.
25-06-24 12:26:24.917 - WARNING: Params [module.irn.operations.6.NF.norm1.bias] will not optimize.
2025-06-24 12:26:24,917 - WARNING - Params [module.irn.operations.6.NF.norm1.bias] will not optimize.
25-06-24 12:26:24.917 - WARNING: Params [module.irn.operations.6.NF.norm2.weight] will not optimize.
2025-06-24 12:26:24,917 - WARNING - Params [module.irn.operations.6.NF.norm2.weight] will not optimize.
25-06-24 12:26:24.917 - WARNING: Params [module.irn.operations.6.NF.norm2.bias] will not optimize.
2025-06-24 12:26:24,917 - WARNING - Params [module.irn.operations.6.NF.norm2.bias] will not optimize.
25-06-24 12:26:24.917 - WARNING: Params [module.irn.operations.6.G.conv1.weight] will not optimize.
2025-06-24 12:26:24,917 - WARNING - Params [module.irn.operations.6.G.conv1.weight] will not optimize.
25-06-24 12:26:24.917 - WARNING: Params [module.irn.operations.6.G.conv1.bias] will not optimize.
2025-06-24 12:26:24,917 - WARNING - Params [module.irn.operations.6.G.conv1.bias] will not optimize.
25-06-24 12:26:24.917 - WARNING: Params [module.irn.operations.6.G.conv2.weight] will not optimize.
2025-06-24 12:26:24,917 - WARNING - Params [module.irn.operations.6.G.conv2.weight] will not optimize.
25-06-24 12:26:24.917 - WARNING: Params [module.irn.operations.6.G.conv2.bias] will not optimize.
2025-06-24 12:26:24,917 - WARNING - Params [module.irn.operations.6.G.conv2.bias] will not optimize.
25-06-24 12:26:24.917 - WARNING: Params [module.irn.operations.6.G.conv3.weight] will not optimize.
2025-06-24 12:26:24,917 - WARNING - Params [module.irn.operations.6.G.conv3.weight] will not optimize.
25-06-24 12:26:24.918 - WARNING: Params [module.irn.operations.6.G.conv3.bias] will not optimize.
2025-06-24 12:26:24,918 - WARNING - Params [module.irn.operations.6.G.conv3.bias] will not optimize.
25-06-24 12:26:24.918 - WARNING: Params [module.irn.operations.6.G.conv4.weight] will not optimize.
2025-06-24 12:26:24,918 - WARNING - Params [module.irn.operations.6.G.conv4.weight] will not optimize.
25-06-24 12:26:24.918 - WARNING: Params [module.irn.operations.6.G.conv4.bias] will not optimize.
2025-06-24 12:26:24,918 - WARNING - Params [module.irn.operations.6.G.conv4.bias] will not optimize.
25-06-24 12:26:24.918 - WARNING: Params [module.irn.operations.6.G.conv5.weight] will not optimize.
2025-06-24 12:26:24,918 - WARNING - Params [module.irn.operations.6.G.conv5.weight] will not optimize.
25-06-24 12:26:24.918 - WARNING: Params [module.irn.operations.6.G.conv5.bias] will not optimize.
2025-06-24 12:26:24,918 - WARNING - Params [module.irn.operations.6.G.conv5.bias] will not optimize.
25-06-24 12:26:24.918 - WARNING: Params [module.irn.operations.6.NG.beta] will not optimize.
2025-06-24 12:26:24,918 - WARNING - Params [module.irn.operations.6.NG.beta] will not optimize.
25-06-24 12:26:24.918 - WARNING: Params [module.irn.operations.6.NG.gamma] will not optimize.
2025-06-24 12:26:24,918 - WARNING - Params [module.irn.operations.6.NG.gamma] will not optimize.
25-06-24 12:26:24.918 - WARNING: Params [module.irn.operations.6.NG.conv1.weight] will not optimize.
2025-06-24 12:26:24,918 - WARNING - Params [module.irn.operations.6.NG.conv1.weight] will not optimize.
25-06-24 12:26:24.918 - WARNING: Params [module.irn.operations.6.NG.conv1.bias] will not optimize.
2025-06-24 12:26:24,918 - WARNING - Params [module.irn.operations.6.NG.conv1.bias] will not optimize.
25-06-24 12:26:24.918 - WARNING: Params [module.irn.operations.6.NG.conv2.weight] will not optimize.
2025-06-24 12:26:24,918 - WARNING - Params [module.irn.operations.6.NG.conv2.weight] will not optimize.
25-06-24 12:26:24.918 - WARNING: Params [module.irn.operations.6.NG.conv2.bias] will not optimize.
2025-06-24 12:26:24,918 - WARNING - Params [module.irn.operations.6.NG.conv2.bias] will not optimize.
25-06-24 12:26:24.918 - WARNING: Params [module.irn.operations.6.NG.conv3.weight] will not optimize.
2025-06-24 12:26:24,918 - WARNING - Params [module.irn.operations.6.NG.conv3.weight] will not optimize.
25-06-24 12:26:24.918 - WARNING: Params [module.irn.operations.6.NG.conv3.bias] will not optimize.
2025-06-24 12:26:24,918 - WARNING - Params [module.irn.operations.6.NG.conv3.bias] will not optimize.
25-06-24 12:26:24.918 - WARNING: Params [module.irn.operations.6.NG.sca.1.weight] will not optimize.
2025-06-24 12:26:24,918 - WARNING - Params [module.irn.operations.6.NG.sca.1.weight] will not optimize.
25-06-24 12:26:24.918 - WARNING: Params [module.irn.operations.6.NG.sca.1.bias] will not optimize.
2025-06-24 12:26:24,918 - WARNING - Params [module.irn.operations.6.NG.sca.1.bias] will not optimize.
25-06-24 12:26:24.918 - WARNING: Params [module.irn.operations.6.NG.conv4.weight] will not optimize.
2025-06-24 12:26:24,918 - WARNING - Params [module.irn.operations.6.NG.conv4.weight] will not optimize.
25-06-24 12:26:24.918 - WARNING: Params [module.irn.operations.6.NG.conv4.bias] will not optimize.
2025-06-24 12:26:24,918 - WARNING - Params [module.irn.operations.6.NG.conv4.bias] will not optimize.
25-06-24 12:26:24.918 - WARNING: Params [module.irn.operations.6.NG.conv5.weight] will not optimize.
2025-06-24 12:26:24,918 - WARNING - Params [module.irn.operations.6.NG.conv5.weight] will not optimize.
25-06-24 12:26:24.919 - WARNING: Params [module.irn.operations.6.NG.conv5.bias] will not optimize.
2025-06-24 12:26:24,919 - WARNING - Params [module.irn.operations.6.NG.conv5.bias] will not optimize.
25-06-24 12:26:24.919 - WARNING: Params [module.irn.operations.6.NG.norm1.weight] will not optimize.
2025-06-24 12:26:24,919 - WARNING - Params [module.irn.operations.6.NG.norm1.weight] will not optimize.
25-06-24 12:26:24.919 - WARNING: Params [module.irn.operations.6.NG.norm1.bias] will not optimize.
2025-06-24 12:26:24,919 - WARNING - Params [module.irn.operations.6.NG.norm1.bias] will not optimize.
25-06-24 12:26:24.919 - WARNING: Params [module.irn.operations.6.NG.norm2.weight] will not optimize.
2025-06-24 12:26:24,919 - WARNING - Params [module.irn.operations.6.NG.norm2.weight] will not optimize.
25-06-24 12:26:24.919 - WARNING: Params [module.irn.operations.6.NG.norm2.bias] will not optimize.
2025-06-24 12:26:24,919 - WARNING - Params [module.irn.operations.6.NG.norm2.bias] will not optimize.
25-06-24 12:26:24.919 - WARNING: Params [module.irn.operations.6.H.conv1.weight] will not optimize.
2025-06-24 12:26:24,919 - WARNING - Params [module.irn.operations.6.H.conv1.weight] will not optimize.
25-06-24 12:26:24.919 - WARNING: Params [module.irn.operations.6.H.conv1.bias] will not optimize.
2025-06-24 12:26:24,919 - WARNING - Params [module.irn.operations.6.H.conv1.bias] will not optimize.
25-06-24 12:26:24.919 - WARNING: Params [module.irn.operations.6.H.conv2.weight] will not optimize.
2025-06-24 12:26:24,919 - WARNING - Params [module.irn.operations.6.H.conv2.weight] will not optimize.
25-06-24 12:26:24.919 - WARNING: Params [module.irn.operations.6.H.conv2.bias] will not optimize.
2025-06-24 12:26:24,919 - WARNING - Params [module.irn.operations.6.H.conv2.bias] will not optimize.
25-06-24 12:26:24.919 - WARNING: Params [module.irn.operations.6.H.conv3.weight] will not optimize.
2025-06-24 12:26:24,919 - WARNING - Params [module.irn.operations.6.H.conv3.weight] will not optimize.
25-06-24 12:26:24.919 - WARNING: Params [module.irn.operations.6.H.conv3.bias] will not optimize.
2025-06-24 12:26:24,919 - WARNING - Params [module.irn.operations.6.H.conv3.bias] will not optimize.
25-06-24 12:26:24.919 - WARNING: Params [module.irn.operations.6.H.conv4.weight] will not optimize.
2025-06-24 12:26:24,919 - WARNING - Params [module.irn.operations.6.H.conv4.weight] will not optimize.
25-06-24 12:26:24.919 - WARNING: Params [module.irn.operations.6.H.conv4.bias] will not optimize.
2025-06-24 12:26:24,919 - WARNING - Params [module.irn.operations.6.H.conv4.bias] will not optimize.
25-06-24 12:26:24.919 - WARNING: Params [module.irn.operations.6.H.conv5.weight] will not optimize.
2025-06-24 12:26:24,919 - WARNING - Params [module.irn.operations.6.H.conv5.weight] will not optimize.
25-06-24 12:26:24.919 - WARNING: Params [module.irn.operations.6.H.conv5.bias] will not optimize.
2025-06-24 12:26:24,919 - WARNING - Params [module.irn.operations.6.H.conv5.bias] will not optimize.
25-06-24 12:26:24.919 - WARNING: Params [module.irn.operations.6.NH.beta] will not optimize.
2025-06-24 12:26:24,919 - WARNING - Params [module.irn.operations.6.NH.beta] will not optimize.
25-06-24 12:26:24.919 - WARNING: Params [module.irn.operations.6.NH.gamma] will not optimize.
2025-06-24 12:26:24,919 - WARNING - Params [module.irn.operations.6.NH.gamma] will not optimize.
25-06-24 12:26:24.919 - WARNING: Params [module.irn.operations.6.NH.conv1.weight] will not optimize.
2025-06-24 12:26:24,919 - WARNING - Params [module.irn.operations.6.NH.conv1.weight] will not optimize.
25-06-24 12:26:24.919 - WARNING: Params [module.irn.operations.6.NH.conv1.bias] will not optimize.
2025-06-24 12:26:24,919 - WARNING - Params [module.irn.operations.6.NH.conv1.bias] will not optimize.
25-06-24 12:26:24.920 - WARNING: Params [module.irn.operations.6.NH.conv2.weight] will not optimize.
2025-06-24 12:26:24,920 - WARNING - Params [module.irn.operations.6.NH.conv2.weight] will not optimize.
25-06-24 12:26:24.920 - WARNING: Params [module.irn.operations.6.NH.conv2.bias] will not optimize.
2025-06-24 12:26:24,920 - WARNING - Params [module.irn.operations.6.NH.conv2.bias] will not optimize.
25-06-24 12:26:24.920 - WARNING: Params [module.irn.operations.6.NH.conv3.weight] will not optimize.
2025-06-24 12:26:24,920 - WARNING - Params [module.irn.operations.6.NH.conv3.weight] will not optimize.
25-06-24 12:26:24.920 - WARNING: Params [module.irn.operations.6.NH.conv3.bias] will not optimize.
2025-06-24 12:26:24,920 - WARNING - Params [module.irn.operations.6.NH.conv3.bias] will not optimize.
25-06-24 12:26:24.920 - WARNING: Params [module.irn.operations.6.NH.sca.1.weight] will not optimize.
2025-06-24 12:26:24,920 - WARNING - Params [module.irn.operations.6.NH.sca.1.weight] will not optimize.
25-06-24 12:26:24.920 - WARNING: Params [module.irn.operations.6.NH.sca.1.bias] will not optimize.
2025-06-24 12:26:24,920 - WARNING - Params [module.irn.operations.6.NH.sca.1.bias] will not optimize.
25-06-24 12:26:24.920 - WARNING: Params [module.irn.operations.6.NH.conv4.weight] will not optimize.
2025-06-24 12:26:24,920 - WARNING - Params [module.irn.operations.6.NH.conv4.weight] will not optimize.
25-06-24 12:26:24.920 - WARNING: Params [module.irn.operations.6.NH.conv4.bias] will not optimize.
2025-06-24 12:26:24,920 - WARNING - Params [module.irn.operations.6.NH.conv4.bias] will not optimize.
25-06-24 12:26:24.920 - WARNING: Params [module.irn.operations.6.NH.conv5.weight] will not optimize.
2025-06-24 12:26:24,920 - WARNING - Params [module.irn.operations.6.NH.conv5.weight] will not optimize.
25-06-24 12:26:24.920 - WARNING: Params [module.irn.operations.6.NH.conv5.bias] will not optimize.
2025-06-24 12:26:24,920 - WARNING - Params [module.irn.operations.6.NH.conv5.bias] will not optimize.
25-06-24 12:26:24.920 - WARNING: Params [module.irn.operations.6.NH.norm1.weight] will not optimize.
2025-06-24 12:26:24,920 - WARNING - Params [module.irn.operations.6.NH.norm1.weight] will not optimize.
25-06-24 12:26:24.920 - WARNING: Params [module.irn.operations.6.NH.norm1.bias] will not optimize.
2025-06-24 12:26:24,920 - WARNING - Params [module.irn.operations.6.NH.norm1.bias] will not optimize.
25-06-24 12:26:24.920 - WARNING: Params [module.irn.operations.6.NH.norm2.weight] will not optimize.
2025-06-24 12:26:24,920 - WARNING - Params [module.irn.operations.6.NH.norm2.weight] will not optimize.
25-06-24 12:26:24.920 - WARNING: Params [module.irn.operations.6.NH.norm2.bias] will not optimize.
2025-06-24 12:26:24,920 - WARNING - Params [module.irn.operations.6.NH.norm2.bias] will not optimize.
25-06-24 12:26:24.920 - WARNING: Params [module.irn.operations.7.F.conv1.weight] will not optimize.
2025-06-24 12:26:24,920 - WARNING - Params [module.irn.operations.7.F.conv1.weight] will not optimize.
25-06-24 12:26:24.920 - WARNING: Params [module.irn.operations.7.F.conv1.bias] will not optimize.
2025-06-24 12:26:24,920 - WARNING - Params [module.irn.operations.7.F.conv1.bias] will not optimize.
25-06-24 12:26:24.920 - WARNING: Params [module.irn.operations.7.F.conv2.weight] will not optimize.
2025-06-24 12:26:24,920 - WARNING - Params [module.irn.operations.7.F.conv2.weight] will not optimize.
25-06-24 12:26:24.920 - WARNING: Params [module.irn.operations.7.F.conv2.bias] will not optimize.
2025-06-24 12:26:24,920 - WARNING - Params [module.irn.operations.7.F.conv2.bias] will not optimize.
25-06-24 12:26:24.921 - WARNING: Params [module.irn.operations.7.F.conv3.weight] will not optimize.
2025-06-24 12:26:24,921 - WARNING - Params [module.irn.operations.7.F.conv3.weight] will not optimize.
25-06-24 12:26:24.921 - WARNING: Params [module.irn.operations.7.F.conv3.bias] will not optimize.
2025-06-24 12:26:24,921 - WARNING - Params [module.irn.operations.7.F.conv3.bias] will not optimize.
25-06-24 12:26:24.921 - WARNING: Params [module.irn.operations.7.F.conv4.weight] will not optimize.
2025-06-24 12:26:24,921 - WARNING - Params [module.irn.operations.7.F.conv4.weight] will not optimize.
25-06-24 12:26:24.921 - WARNING: Params [module.irn.operations.7.F.conv4.bias] will not optimize.
2025-06-24 12:26:24,921 - WARNING - Params [module.irn.operations.7.F.conv4.bias] will not optimize.
25-06-24 12:26:24.921 - WARNING: Params [module.irn.operations.7.F.conv5.weight] will not optimize.
2025-06-24 12:26:24,921 - WARNING - Params [module.irn.operations.7.F.conv5.weight] will not optimize.
25-06-24 12:26:24.921 - WARNING: Params [module.irn.operations.7.F.conv5.bias] will not optimize.
2025-06-24 12:26:24,921 - WARNING - Params [module.irn.operations.7.F.conv5.bias] will not optimize.
25-06-24 12:26:24.921 - WARNING: Params [module.irn.operations.7.NF.beta] will not optimize.
2025-06-24 12:26:24,921 - WARNING - Params [module.irn.operations.7.NF.beta] will not optimize.
25-06-24 12:26:24.921 - WARNING: Params [module.irn.operations.7.NF.gamma] will not optimize.
2025-06-24 12:26:24,921 - WARNING - Params [module.irn.operations.7.NF.gamma] will not optimize.
25-06-24 12:26:24.921 - WARNING: Params [module.irn.operations.7.NF.conv1.weight] will not optimize.
2025-06-24 12:26:24,921 - WARNING - Params [module.irn.operations.7.NF.conv1.weight] will not optimize.
25-06-24 12:26:24.921 - WARNING: Params [module.irn.operations.7.NF.conv1.bias] will not optimize.
2025-06-24 12:26:24,921 - WARNING - Params [module.irn.operations.7.NF.conv1.bias] will not optimize.
25-06-24 12:26:24.921 - WARNING: Params [module.irn.operations.7.NF.conv2.weight] will not optimize.
2025-06-24 12:26:24,921 - WARNING - Params [module.irn.operations.7.NF.conv2.weight] will not optimize.
25-06-24 12:26:24.921 - WARNING: Params [module.irn.operations.7.NF.conv2.bias] will not optimize.
2025-06-24 12:26:24,921 - WARNING - Params [module.irn.operations.7.NF.conv2.bias] will not optimize.
25-06-24 12:26:24.921 - WARNING: Params [module.irn.operations.7.NF.conv3.weight] will not optimize.
2025-06-24 12:26:24,921 - WARNING - Params [module.irn.operations.7.NF.conv3.weight] will not optimize.
25-06-24 12:26:24.921 - WARNING: Params [module.irn.operations.7.NF.conv3.bias] will not optimize.
2025-06-24 12:26:24,921 - WARNING - Params [module.irn.operations.7.NF.conv3.bias] will not optimize.
25-06-24 12:26:24.921 - WARNING: Params [module.irn.operations.7.NF.sca.1.weight] will not optimize.
2025-06-24 12:26:24,921 - WARNING - Params [module.irn.operations.7.NF.sca.1.weight] will not optimize.
25-06-24 12:26:24.921 - WARNING: Params [module.irn.operations.7.NF.sca.1.bias] will not optimize.
2025-06-24 12:26:24,921 - WARNING - Params [module.irn.operations.7.NF.sca.1.bias] will not optimize.
25-06-24 12:26:24.921 - WARNING: Params [module.irn.operations.7.NF.conv4.weight] will not optimize.
2025-06-24 12:26:24,921 - WARNING - Params [module.irn.operations.7.NF.conv4.weight] will not optimize.
25-06-24 12:26:24.921 - WARNING: Params [module.irn.operations.7.NF.conv4.bias] will not optimize.
2025-06-24 12:26:24,921 - WARNING - Params [module.irn.operations.7.NF.conv4.bias] will not optimize.
25-06-24 12:26:24.921 - WARNING: Params [module.irn.operations.7.NF.conv5.weight] will not optimize.
2025-06-24 12:26:24,921 - WARNING - Params [module.irn.operations.7.NF.conv5.weight] will not optimize.
25-06-24 12:26:24.922 - WARNING: Params [module.irn.operations.7.NF.conv5.bias] will not optimize.
2025-06-24 12:26:24,922 - WARNING - Params [module.irn.operations.7.NF.conv5.bias] will not optimize.
25-06-24 12:26:24.922 - WARNING: Params [module.irn.operations.7.NF.norm1.weight] will not optimize.
2025-06-24 12:26:24,922 - WARNING - Params [module.irn.operations.7.NF.norm1.weight] will not optimize.
25-06-24 12:26:24.922 - WARNING: Params [module.irn.operations.7.NF.norm1.bias] will not optimize.
2025-06-24 12:26:24,922 - WARNING - Params [module.irn.operations.7.NF.norm1.bias] will not optimize.
25-06-24 12:26:24.922 - WARNING: Params [module.irn.operations.7.NF.norm2.weight] will not optimize.
2025-06-24 12:26:24,922 - WARNING - Params [module.irn.operations.7.NF.norm2.weight] will not optimize.
25-06-24 12:26:24.922 - WARNING: Params [module.irn.operations.7.NF.norm2.bias] will not optimize.
2025-06-24 12:26:24,922 - WARNING - Params [module.irn.operations.7.NF.norm2.bias] will not optimize.
25-06-24 12:26:24.922 - WARNING: Params [module.irn.operations.7.G.conv1.weight] will not optimize.
2025-06-24 12:26:24,922 - WARNING - Params [module.irn.operations.7.G.conv1.weight] will not optimize.
25-06-24 12:26:24.922 - WARNING: Params [module.irn.operations.7.G.conv1.bias] will not optimize.
2025-06-24 12:26:24,922 - WARNING - Params [module.irn.operations.7.G.conv1.bias] will not optimize.
25-06-24 12:26:24.922 - WARNING: Params [module.irn.operations.7.G.conv2.weight] will not optimize.
2025-06-24 12:26:24,922 - WARNING - Params [module.irn.operations.7.G.conv2.weight] will not optimize.
25-06-24 12:26:24.922 - WARNING: Params [module.irn.operations.7.G.conv2.bias] will not optimize.
2025-06-24 12:26:24,922 - WARNING - Params [module.irn.operations.7.G.conv2.bias] will not optimize.
25-06-24 12:26:24.922 - WARNING: Params [module.irn.operations.7.G.conv3.weight] will not optimize.
2025-06-24 12:26:24,922 - WARNING - Params [module.irn.operations.7.G.conv3.weight] will not optimize.
25-06-24 12:26:24.922 - WARNING: Params [module.irn.operations.7.G.conv3.bias] will not optimize.
2025-06-24 12:26:24,922 - WARNING - Params [module.irn.operations.7.G.conv3.bias] will not optimize.
25-06-24 12:26:24.922 - WARNING: Params [module.irn.operations.7.G.conv4.weight] will not optimize.
2025-06-24 12:26:24,922 - WARNING - Params [module.irn.operations.7.G.conv4.weight] will not optimize.
25-06-24 12:26:24.922 - WARNING: Params [module.irn.operations.7.G.conv4.bias] will not optimize.
2025-06-24 12:26:24,922 - WARNING - Params [module.irn.operations.7.G.conv4.bias] will not optimize.
25-06-24 12:26:24.922 - WARNING: Params [module.irn.operations.7.G.conv5.weight] will not optimize.
2025-06-24 12:26:24,922 - WARNING - Params [module.irn.operations.7.G.conv5.weight] will not optimize.
25-06-24 12:26:24.922 - WARNING: Params [module.irn.operations.7.G.conv5.bias] will not optimize.
2025-06-24 12:26:24,922 - WARNING - Params [module.irn.operations.7.G.conv5.bias] will not optimize.
25-06-24 12:26:24.922 - WARNING: Params [module.irn.operations.7.NG.beta] will not optimize.
2025-06-24 12:26:24,922 - WARNING - Params [module.irn.operations.7.NG.beta] will not optimize.
25-06-24 12:26:24.922 - WARNING: Params [module.irn.operations.7.NG.gamma] will not optimize.
2025-06-24 12:26:24,922 - WARNING - Params [module.irn.operations.7.NG.gamma] will not optimize.
25-06-24 12:26:24.922 - WARNING: Params [module.irn.operations.7.NG.conv1.weight] will not optimize.
2025-06-24 12:26:24,922 - WARNING - Params [module.irn.operations.7.NG.conv1.weight] will not optimize.
25-06-24 12:26:24.923 - WARNING: Params [module.irn.operations.7.NG.conv1.bias] will not optimize.
2025-06-24 12:26:24,923 - WARNING - Params [module.irn.operations.7.NG.conv1.bias] will not optimize.
25-06-24 12:26:24.923 - WARNING: Params [module.irn.operations.7.NG.conv2.weight] will not optimize.
2025-06-24 12:26:24,923 - WARNING - Params [module.irn.operations.7.NG.conv2.weight] will not optimize.
25-06-24 12:26:24.923 - WARNING: Params [module.irn.operations.7.NG.conv2.bias] will not optimize.
2025-06-24 12:26:24,923 - WARNING - Params [module.irn.operations.7.NG.conv2.bias] will not optimize.
25-06-24 12:26:24.923 - WARNING: Params [module.irn.operations.7.NG.conv3.weight] will not optimize.
2025-06-24 12:26:24,923 - WARNING - Params [module.irn.operations.7.NG.conv3.weight] will not optimize.
25-06-24 12:26:24.923 - WARNING: Params [module.irn.operations.7.NG.conv3.bias] will not optimize.
2025-06-24 12:26:24,923 - WARNING - Params [module.irn.operations.7.NG.conv3.bias] will not optimize.
25-06-24 12:26:24.923 - WARNING: Params [module.irn.operations.7.NG.sca.1.weight] will not optimize.
2025-06-24 12:26:24,923 - WARNING - Params [module.irn.operations.7.NG.sca.1.weight] will not optimize.
25-06-24 12:26:24.923 - WARNING: Params [module.irn.operations.7.NG.sca.1.bias] will not optimize.
2025-06-24 12:26:24,923 - WARNING - Params [module.irn.operations.7.NG.sca.1.bias] will not optimize.
25-06-24 12:26:24.923 - WARNING: Params [module.irn.operations.7.NG.conv4.weight] will not optimize.
2025-06-24 12:26:24,923 - WARNING - Params [module.irn.operations.7.NG.conv4.weight] will not optimize.
25-06-24 12:26:24.923 - WARNING: Params [module.irn.operations.7.NG.conv4.bias] will not optimize.
2025-06-24 12:26:24,923 - WARNING - Params [module.irn.operations.7.NG.conv4.bias] will not optimize.
25-06-24 12:26:24.923 - WARNING: Params [module.irn.operations.7.NG.conv5.weight] will not optimize.
2025-06-24 12:26:24,923 - WARNING - Params [module.irn.operations.7.NG.conv5.weight] will not optimize.
25-06-24 12:26:24.923 - WARNING: Params [module.irn.operations.7.NG.conv5.bias] will not optimize.
2025-06-24 12:26:24,923 - WARNING - Params [module.irn.operations.7.NG.conv5.bias] will not optimize.
25-06-24 12:26:24.923 - WARNING: Params [module.irn.operations.7.NG.norm1.weight] will not optimize.
2025-06-24 12:26:24,923 - WARNING - Params [module.irn.operations.7.NG.norm1.weight] will not optimize.
25-06-24 12:26:24.923 - WARNING: Params [module.irn.operations.7.NG.norm1.bias] will not optimize.
2025-06-24 12:26:24,923 - WARNING - Params [module.irn.operations.7.NG.norm1.bias] will not optimize.
25-06-24 12:26:24.923 - WARNING: Params [module.irn.operations.7.NG.norm2.weight] will not optimize.
2025-06-24 12:26:24,923 - WARNING - Params [module.irn.operations.7.NG.norm2.weight] will not optimize.
25-06-24 12:26:24.923 - WARNING: Params [module.irn.operations.7.NG.norm2.bias] will not optimize.
2025-06-24 12:26:24,923 - WARNING - Params [module.irn.operations.7.NG.norm2.bias] will not optimize.
25-06-24 12:26:24.923 - WARNING: Params [module.irn.operations.7.H.conv1.weight] will not optimize.
2025-06-24 12:26:24,923 - WARNING - Params [module.irn.operations.7.H.conv1.weight] will not optimize.
25-06-24 12:26:24.923 - WARNING: Params [module.irn.operations.7.H.conv1.bias] will not optimize.
2025-06-24 12:26:24,923 - WARNING - Params [module.irn.operations.7.H.conv1.bias] will not optimize.
25-06-24 12:26:24.923 - WARNING: Params [module.irn.operations.7.H.conv2.weight] will not optimize.
2025-06-24 12:26:24,923 - WARNING - Params [module.irn.operations.7.H.conv2.weight] will not optimize.
25-06-24 12:26:24.924 - WARNING: Params [module.irn.operations.7.H.conv2.bias] will not optimize.
2025-06-24 12:26:24,924 - WARNING - Params [module.irn.operations.7.H.conv2.bias] will not optimize.
25-06-24 12:26:24.924 - WARNING: Params [module.irn.operations.7.H.conv3.weight] will not optimize.
2025-06-24 12:26:24,924 - WARNING - Params [module.irn.operations.7.H.conv3.weight] will not optimize.
25-06-24 12:26:24.924 - WARNING: Params [module.irn.operations.7.H.conv3.bias] will not optimize.
2025-06-24 12:26:24,924 - WARNING - Params [module.irn.operations.7.H.conv3.bias] will not optimize.
25-06-24 12:26:24.924 - WARNING: Params [module.irn.operations.7.H.conv4.weight] will not optimize.
2025-06-24 12:26:24,924 - WARNING - Params [module.irn.operations.7.H.conv4.weight] will not optimize.
25-06-24 12:26:24.924 - WARNING: Params [module.irn.operations.7.H.conv4.bias] will not optimize.
2025-06-24 12:26:24,924 - WARNING - Params [module.irn.operations.7.H.conv4.bias] will not optimize.
25-06-24 12:26:24.924 - WARNING: Params [module.irn.operations.7.H.conv5.weight] will not optimize.
2025-06-24 12:26:24,924 - WARNING - Params [module.irn.operations.7.H.conv5.weight] will not optimize.
25-06-24 12:26:24.924 - WARNING: Params [module.irn.operations.7.H.conv5.bias] will not optimize.
2025-06-24 12:26:24,924 - WARNING - Params [module.irn.operations.7.H.conv5.bias] will not optimize.
25-06-24 12:26:24.924 - WARNING: Params [module.irn.operations.7.NH.beta] will not optimize.
2025-06-24 12:26:24,924 - WARNING - Params [module.irn.operations.7.NH.beta] will not optimize.
25-06-24 12:26:24.924 - WARNING: Params [module.irn.operations.7.NH.gamma] will not optimize.
2025-06-24 12:26:24,924 - WARNING - Params [module.irn.operations.7.NH.gamma] will not optimize.
25-06-24 12:26:24.924 - WARNING: Params [module.irn.operations.7.NH.conv1.weight] will not optimize.
2025-06-24 12:26:24,924 - WARNING - Params [module.irn.operations.7.NH.conv1.weight] will not optimize.
25-06-24 12:26:24.924 - WARNING: Params [module.irn.operations.7.NH.conv1.bias] will not optimize.
2025-06-24 12:26:24,924 - WARNING - Params [module.irn.operations.7.NH.conv1.bias] will not optimize.
25-06-24 12:26:24.924 - WARNING: Params [module.irn.operations.7.NH.conv2.weight] will not optimize.
2025-06-24 12:26:24,924 - WARNING - Params [module.irn.operations.7.NH.conv2.weight] will not optimize.
25-06-24 12:26:24.924 - WARNING: Params [module.irn.operations.7.NH.conv2.bias] will not optimize.
2025-06-24 12:26:24,924 - WARNING - Params [module.irn.operations.7.NH.conv2.bias] will not optimize.
25-06-24 12:26:24.924 - WARNING: Params [module.irn.operations.7.NH.conv3.weight] will not optimize.
2025-06-24 12:26:24,924 - WARNING - Params [module.irn.operations.7.NH.conv3.weight] will not optimize.
25-06-24 12:26:24.924 - WARNING: Params [module.irn.operations.7.NH.conv3.bias] will not optimize.
2025-06-24 12:26:24,924 - WARNING - Params [module.irn.operations.7.NH.conv3.bias] will not optimize.
25-06-24 12:26:24.924 - WARNING: Params [module.irn.operations.7.NH.sca.1.weight] will not optimize.
2025-06-24 12:26:24,924 - WARNING - Params [module.irn.operations.7.NH.sca.1.weight] will not optimize.
25-06-24 12:26:24.924 - WARNING: Params [module.irn.operations.7.NH.sca.1.bias] will not optimize.
2025-06-24 12:26:24,924 - WARNING - Params [module.irn.operations.7.NH.sca.1.bias] will not optimize.
25-06-24 12:26:24.924 - WARNING: Params [module.irn.operations.7.NH.conv4.weight] will not optimize.
2025-06-24 12:26:24,924 - WARNING - Params [module.irn.operations.7.NH.conv4.weight] will not optimize.
25-06-24 12:26:24.924 - WARNING: Params [module.irn.operations.7.NH.conv4.bias] will not optimize.
2025-06-24 12:26:24,924 - WARNING - Params [module.irn.operations.7.NH.conv4.bias] will not optimize.
25-06-24 12:26:24.925 - WARNING: Params [module.irn.operations.7.NH.conv5.weight] will not optimize.
2025-06-24 12:26:24,925 - WARNING - Params [module.irn.operations.7.NH.conv5.weight] will not optimize.
25-06-24 12:26:24.925 - WARNING: Params [module.irn.operations.7.NH.conv5.bias] will not optimize.
2025-06-24 12:26:24,925 - WARNING - Params [module.irn.operations.7.NH.conv5.bias] will not optimize.
25-06-24 12:26:24.925 - WARNING: Params [module.irn.operations.7.NH.norm1.weight] will not optimize.
2025-06-24 12:26:24,925 - WARNING - Params [module.irn.operations.7.NH.norm1.weight] will not optimize.
25-06-24 12:26:24.925 - WARNING: Params [module.irn.operations.7.NH.norm1.bias] will not optimize.
2025-06-24 12:26:24,925 - WARNING - Params [module.irn.operations.7.NH.norm1.bias] will not optimize.
25-06-24 12:26:24.925 - WARNING: Params [module.irn.operations.7.NH.norm2.weight] will not optimize.
2025-06-24 12:26:24,925 - WARNING - Params [module.irn.operations.7.NH.norm2.weight] will not optimize.
25-06-24 12:26:24.925 - WARNING: Params [module.irn.operations.7.NH.norm2.bias] will not optimize.
2025-06-24 12:26:24,925 - WARNING - Params [module.irn.operations.7.NH.norm2.bias] will not optimize.
25-06-24 12:26:24.925 - WARNING: Params [module.irn.operations.8.F.conv1.weight] will not optimize.
2025-06-24 12:26:24,925 - WARNING - Params [module.irn.operations.8.F.conv1.weight] will not optimize.
25-06-24 12:26:24.925 - WARNING: Params [module.irn.operations.8.F.conv1.bias] will not optimize.
2025-06-24 12:26:24,925 - WARNING - Params [module.irn.operations.8.F.conv1.bias] will not optimize.
25-06-24 12:26:24.925 - WARNING: Params [module.irn.operations.8.F.conv2.weight] will not optimize.
2025-06-24 12:26:24,925 - WARNING - Params [module.irn.operations.8.F.conv2.weight] will not optimize.
25-06-24 12:26:24.925 - WARNING: Params [module.irn.operations.8.F.conv2.bias] will not optimize.
2025-06-24 12:26:24,925 - WARNING - Params [module.irn.operations.8.F.conv2.bias] will not optimize.
25-06-24 12:26:24.925 - WARNING: Params [module.irn.operations.8.F.conv3.weight] will not optimize.
2025-06-24 12:26:24,925 - WARNING - Params [module.irn.operations.8.F.conv3.weight] will not optimize.
25-06-24 12:26:24.925 - WARNING: Params [module.irn.operations.8.F.conv3.bias] will not optimize.
2025-06-24 12:26:24,925 - WARNING - Params [module.irn.operations.8.F.conv3.bias] will not optimize.
25-06-24 12:26:24.925 - WARNING: Params [module.irn.operations.8.F.conv4.weight] will not optimize.
2025-06-24 12:26:24,925 - WARNING - Params [module.irn.operations.8.F.conv4.weight] will not optimize.
25-06-24 12:26:24.925 - WARNING: Params [module.irn.operations.8.F.conv4.bias] will not optimize.
2025-06-24 12:26:24,925 - WARNING - Params [module.irn.operations.8.F.conv4.bias] will not optimize.
25-06-24 12:26:24.925 - WARNING: Params [module.irn.operations.8.F.conv5.weight] will not optimize.
2025-06-24 12:26:24,925 - WARNING - Params [module.irn.operations.8.F.conv5.weight] will not optimize.
25-06-24 12:26:24.925 - WARNING: Params [module.irn.operations.8.F.conv5.bias] will not optimize.
2025-06-24 12:26:24,925 - WARNING - Params [module.irn.operations.8.F.conv5.bias] will not optimize.
25-06-24 12:26:24.925 - WARNING: Params [module.irn.operations.8.NF.beta] will not optimize.
2025-06-24 12:26:24,925 - WARNING - Params [module.irn.operations.8.NF.beta] will not optimize.
25-06-24 12:26:24.925 - WARNING: Params [module.irn.operations.8.NF.gamma] will not optimize.
2025-06-24 12:26:24,925 - WARNING - Params [module.irn.operations.8.NF.gamma] will not optimize.
25-06-24 12:26:24.926 - WARNING: Params [module.irn.operations.8.NF.conv1.weight] will not optimize.
2025-06-24 12:26:24,926 - WARNING - Params [module.irn.operations.8.NF.conv1.weight] will not optimize.
25-06-24 12:26:24.926 - WARNING: Params [module.irn.operations.8.NF.conv1.bias] will not optimize.
2025-06-24 12:26:24,926 - WARNING - Params [module.irn.operations.8.NF.conv1.bias] will not optimize.
25-06-24 12:26:24.926 - WARNING: Params [module.irn.operations.8.NF.conv2.weight] will not optimize.
2025-06-24 12:26:24,926 - WARNING - Params [module.irn.operations.8.NF.conv2.weight] will not optimize.
25-06-24 12:26:24.926 - WARNING: Params [module.irn.operations.8.NF.conv2.bias] will not optimize.
2025-06-24 12:26:24,926 - WARNING - Params [module.irn.operations.8.NF.conv2.bias] will not optimize.
25-06-24 12:26:24.926 - WARNING: Params [module.irn.operations.8.NF.conv3.weight] will not optimize.
2025-06-24 12:26:24,926 - WARNING - Params [module.irn.operations.8.NF.conv3.weight] will not optimize.
25-06-24 12:26:24.926 - WARNING: Params [module.irn.operations.8.NF.conv3.bias] will not optimize.
2025-06-24 12:26:24,926 - WARNING - Params [module.irn.operations.8.NF.conv3.bias] will not optimize.
25-06-24 12:26:24.926 - WARNING: Params [module.irn.operations.8.NF.sca.1.weight] will not optimize.
2025-06-24 12:26:24,926 - WARNING - Params [module.irn.operations.8.NF.sca.1.weight] will not optimize.
25-06-24 12:26:24.926 - WARNING: Params [module.irn.operations.8.NF.sca.1.bias] will not optimize.
2025-06-24 12:26:24,926 - WARNING - Params [module.irn.operations.8.NF.sca.1.bias] will not optimize.
25-06-24 12:26:24.926 - WARNING: Params [module.irn.operations.8.NF.conv4.weight] will not optimize.
2025-06-24 12:26:24,926 - WARNING - Params [module.irn.operations.8.NF.conv4.weight] will not optimize.
25-06-24 12:26:24.926 - WARNING: Params [module.irn.operations.8.NF.conv4.bias] will not optimize.
2025-06-24 12:26:24,926 - WARNING - Params [module.irn.operations.8.NF.conv4.bias] will not optimize.
25-06-24 12:26:24.926 - WARNING: Params [module.irn.operations.8.NF.conv5.weight] will not optimize.
2025-06-24 12:26:24,926 - WARNING - Params [module.irn.operations.8.NF.conv5.weight] will not optimize.
25-06-24 12:26:24.926 - WARNING: Params [module.irn.operations.8.NF.conv5.bias] will not optimize.
2025-06-24 12:26:24,926 - WARNING - Params [module.irn.operations.8.NF.conv5.bias] will not optimize.
25-06-24 12:26:24.926 - WARNING: Params [module.irn.operations.8.NF.norm1.weight] will not optimize.
2025-06-24 12:26:24,926 - WARNING - Params [module.irn.operations.8.NF.norm1.weight] will not optimize.
25-06-24 12:26:24.926 - WARNING: Params [module.irn.operations.8.NF.norm1.bias] will not optimize.
2025-06-24 12:26:24,926 - WARNING - Params [module.irn.operations.8.NF.norm1.bias] will not optimize.
25-06-24 12:26:24.926 - WARNING: Params [module.irn.operations.8.NF.norm2.weight] will not optimize.
2025-06-24 12:26:24,926 - WARNING - Params [module.irn.operations.8.NF.norm2.weight] will not optimize.
25-06-24 12:26:24.926 - WARNING: Params [module.irn.operations.8.NF.norm2.bias] will not optimize.
2025-06-24 12:26:24,926 - WARNING - Params [module.irn.operations.8.NF.norm2.bias] will not optimize.
25-06-24 12:26:24.926 - WARNING: Params [module.irn.operations.8.G.conv1.weight] will not optimize.
2025-06-24 12:26:24,926 - WARNING - Params [module.irn.operations.8.G.conv1.weight] will not optimize.
25-06-24 12:26:24.926 - WARNING: Params [module.irn.operations.8.G.conv1.bias] will not optimize.
2025-06-24 12:26:24,926 - WARNING - Params [module.irn.operations.8.G.conv1.bias] will not optimize.
25-06-24 12:26:24.926 - WARNING: Params [module.irn.operations.8.G.conv2.weight] will not optimize.
2025-06-24 12:26:24,926 - WARNING - Params [module.irn.operations.8.G.conv2.weight] will not optimize.
25-06-24 12:26:24.927 - WARNING: Params [module.irn.operations.8.G.conv2.bias] will not optimize.
2025-06-24 12:26:24,927 - WARNING - Params [module.irn.operations.8.G.conv2.bias] will not optimize.
25-06-24 12:26:24.927 - WARNING: Params [module.irn.operations.8.G.conv3.weight] will not optimize.
2025-06-24 12:26:24,927 - WARNING - Params [module.irn.operations.8.G.conv3.weight] will not optimize.
25-06-24 12:26:24.927 - WARNING: Params [module.irn.operations.8.G.conv3.bias] will not optimize.
2025-06-24 12:26:24,927 - WARNING - Params [module.irn.operations.8.G.conv3.bias] will not optimize.
25-06-24 12:26:24.927 - WARNING: Params [module.irn.operations.8.G.conv4.weight] will not optimize.
2025-06-24 12:26:24,927 - WARNING - Params [module.irn.operations.8.G.conv4.weight] will not optimize.
25-06-24 12:26:24.927 - WARNING: Params [module.irn.operations.8.G.conv4.bias] will not optimize.
2025-06-24 12:26:24,927 - WARNING - Params [module.irn.operations.8.G.conv4.bias] will not optimize.
25-06-24 12:26:24.927 - WARNING: Params [module.irn.operations.8.G.conv5.weight] will not optimize.
2025-06-24 12:26:24,927 - WARNING - Params [module.irn.operations.8.G.conv5.weight] will not optimize.
25-06-24 12:26:24.927 - WARNING: Params [module.irn.operations.8.G.conv5.bias] will not optimize.
2025-06-24 12:26:24,927 - WARNING - Params [module.irn.operations.8.G.conv5.bias] will not optimize.
25-06-24 12:26:24.927 - WARNING: Params [module.irn.operations.8.NG.beta] will not optimize.
2025-06-24 12:26:24,927 - WARNING - Params [module.irn.operations.8.NG.beta] will not optimize.
25-06-24 12:26:24.927 - WARNING: Params [module.irn.operations.8.NG.gamma] will not optimize.
2025-06-24 12:26:24,927 - WARNING - Params [module.irn.operations.8.NG.gamma] will not optimize.
25-06-24 12:26:24.927 - WARNING: Params [module.irn.operations.8.NG.conv1.weight] will not optimize.
2025-06-24 12:26:24,927 - WARNING - Params [module.irn.operations.8.NG.conv1.weight] will not optimize.
25-06-24 12:26:24.927 - WARNING: Params [module.irn.operations.8.NG.conv1.bias] will not optimize.
2025-06-24 12:26:24,927 - WARNING - Params [module.irn.operations.8.NG.conv1.bias] will not optimize.
25-06-24 12:26:24.927 - WARNING: Params [module.irn.operations.8.NG.conv2.weight] will not optimize.
2025-06-24 12:26:24,927 - WARNING - Params [module.irn.operations.8.NG.conv2.weight] will not optimize.
25-06-24 12:26:24.927 - WARNING: Params [module.irn.operations.8.NG.conv2.bias] will not optimize.
2025-06-24 12:26:24,927 - WARNING - Params [module.irn.operations.8.NG.conv2.bias] will not optimize.
25-06-24 12:26:24.927 - WARNING: Params [module.irn.operations.8.NG.conv3.weight] will not optimize.
2025-06-24 12:26:24,927 - WARNING - Params [module.irn.operations.8.NG.conv3.weight] will not optimize.
25-06-24 12:26:24.927 - WARNING: Params [module.irn.operations.8.NG.conv3.bias] will not optimize.
2025-06-24 12:26:24,927 - WARNING - Params [module.irn.operations.8.NG.conv3.bias] will not optimize.
25-06-24 12:26:24.927 - WARNING: Params [module.irn.operations.8.NG.sca.1.weight] will not optimize.
2025-06-24 12:26:24,927 - WARNING - Params [module.irn.operations.8.NG.sca.1.weight] will not optimize.
25-06-24 12:26:24.927 - WARNING: Params [module.irn.operations.8.NG.sca.1.bias] will not optimize.
2025-06-24 12:26:24,927 - WARNING - Params [module.irn.operations.8.NG.sca.1.bias] will not optimize.
25-06-24 12:26:24.927 - WARNING: Params [module.irn.operations.8.NG.conv4.weight] will not optimize.
2025-06-24 12:26:24,927 - WARNING - Params [module.irn.operations.8.NG.conv4.weight] will not optimize.
25-06-24 12:26:24.928 - WARNING: Params [module.irn.operations.8.NG.conv4.bias] will not optimize.
2025-06-24 12:26:24,928 - WARNING - Params [module.irn.operations.8.NG.conv4.bias] will not optimize.
25-06-24 12:26:24.928 - WARNING: Params [module.irn.operations.8.NG.conv5.weight] will not optimize.
2025-06-24 12:26:24,928 - WARNING - Params [module.irn.operations.8.NG.conv5.weight] will not optimize.
25-06-24 12:26:24.928 - WARNING: Params [module.irn.operations.8.NG.conv5.bias] will not optimize.
2025-06-24 12:26:24,928 - WARNING - Params [module.irn.operations.8.NG.conv5.bias] will not optimize.
25-06-24 12:26:24.928 - WARNING: Params [module.irn.operations.8.NG.norm1.weight] will not optimize.
2025-06-24 12:26:24,928 - WARNING - Params [module.irn.operations.8.NG.norm1.weight] will not optimize.
25-06-24 12:26:24.928 - WARNING: Params [module.irn.operations.8.NG.norm1.bias] will not optimize.
2025-06-24 12:26:24,928 - WARNING - Params [module.irn.operations.8.NG.norm1.bias] will not optimize.
25-06-24 12:26:24.928 - WARNING: Params [module.irn.operations.8.NG.norm2.weight] will not optimize.
2025-06-24 12:26:24,928 - WARNING - Params [module.irn.operations.8.NG.norm2.weight] will not optimize.
25-06-24 12:26:24.928 - WARNING: Params [module.irn.operations.8.NG.norm2.bias] will not optimize.
2025-06-24 12:26:24,928 - WARNING - Params [module.irn.operations.8.NG.norm2.bias] will not optimize.
25-06-24 12:26:24.928 - WARNING: Params [module.irn.operations.8.H.conv1.weight] will not optimize.
2025-06-24 12:26:24,928 - WARNING - Params [module.irn.operations.8.H.conv1.weight] will not optimize.
25-06-24 12:26:24.928 - WARNING: Params [module.irn.operations.8.H.conv1.bias] will not optimize.
2025-06-24 12:26:24,928 - WARNING - Params [module.irn.operations.8.H.conv1.bias] will not optimize.
25-06-24 12:26:24.928 - WARNING: Params [module.irn.operations.8.H.conv2.weight] will not optimize.
2025-06-24 12:26:24,928 - WARNING - Params [module.irn.operations.8.H.conv2.weight] will not optimize.
25-06-24 12:26:24.928 - WARNING: Params [module.irn.operations.8.H.conv2.bias] will not optimize.
2025-06-24 12:26:24,928 - WARNING - Params [module.irn.operations.8.H.conv2.bias] will not optimize.
25-06-24 12:26:24.928 - WARNING: Params [module.irn.operations.8.H.conv3.weight] will not optimize.
2025-06-24 12:26:24,928 - WARNING - Params [module.irn.operations.8.H.conv3.weight] will not optimize.
25-06-24 12:26:24.928 - WARNING: Params [module.irn.operations.8.H.conv3.bias] will not optimize.
2025-06-24 12:26:24,928 - WARNING - Params [module.irn.operations.8.H.conv3.bias] will not optimize.
25-06-24 12:26:24.928 - WARNING: Params [module.irn.operations.8.H.conv4.weight] will not optimize.
2025-06-24 12:26:24,928 - WARNING - Params [module.irn.operations.8.H.conv4.weight] will not optimize.
25-06-24 12:26:24.928 - WARNING: Params [module.irn.operations.8.H.conv4.bias] will not optimize.
2025-06-24 12:26:24,928 - WARNING - Params [module.irn.operations.8.H.conv4.bias] will not optimize.
25-06-24 12:26:24.928 - WARNING: Params [module.irn.operations.8.H.conv5.weight] will not optimize.
2025-06-24 12:26:24,928 - WARNING - Params [module.irn.operations.8.H.conv5.weight] will not optimize.
25-06-24 12:26:24.928 - WARNING: Params [module.irn.operations.8.H.conv5.bias] will not optimize.
2025-06-24 12:26:24,928 - WARNING - Params [module.irn.operations.8.H.conv5.bias] will not optimize.
25-06-24 12:26:24.928 - WARNING: Params [module.irn.operations.8.NH.beta] will not optimize.
2025-06-24 12:26:24,928 - WARNING - Params [module.irn.operations.8.NH.beta] will not optimize.
25-06-24 12:26:24.928 - WARNING: Params [module.irn.operations.8.NH.gamma] will not optimize.
2025-06-24 12:26:24,928 - WARNING - Params [module.irn.operations.8.NH.gamma] will not optimize.
25-06-24 12:26:24.929 - WARNING: Params [module.irn.operations.8.NH.conv1.weight] will not optimize.
2025-06-24 12:26:24,929 - WARNING - Params [module.irn.operations.8.NH.conv1.weight] will not optimize.
25-06-24 12:26:24.929 - WARNING: Params [module.irn.operations.8.NH.conv1.bias] will not optimize.
2025-06-24 12:26:24,929 - WARNING - Params [module.irn.operations.8.NH.conv1.bias] will not optimize.
25-06-24 12:26:24.929 - WARNING: Params [module.irn.operations.8.NH.conv2.weight] will not optimize.
2025-06-24 12:26:24,929 - WARNING - Params [module.irn.operations.8.NH.conv2.weight] will not optimize.
25-06-24 12:26:24.929 - WARNING: Params [module.irn.operations.8.NH.conv2.bias] will not optimize.
2025-06-24 12:26:24,929 - WARNING - Params [module.irn.operations.8.NH.conv2.bias] will not optimize.
25-06-24 12:26:24.929 - WARNING: Params [module.irn.operations.8.NH.conv3.weight] will not optimize.
2025-06-24 12:26:24,929 - WARNING - Params [module.irn.operations.8.NH.conv3.weight] will not optimize.
25-06-24 12:26:24.929 - WARNING: Params [module.irn.operations.8.NH.conv3.bias] will not optimize.
2025-06-24 12:26:24,929 - WARNING - Params [module.irn.operations.8.NH.conv3.bias] will not optimize.
25-06-24 12:26:24.929 - WARNING: Params [module.irn.operations.8.NH.sca.1.weight] will not optimize.
2025-06-24 12:26:24,929 - WARNING - Params [module.irn.operations.8.NH.sca.1.weight] will not optimize.
25-06-24 12:26:24.929 - WARNING: Params [module.irn.operations.8.NH.sca.1.bias] will not optimize.
2025-06-24 12:26:24,929 - WARNING - Params [module.irn.operations.8.NH.sca.1.bias] will not optimize.
25-06-24 12:26:24.929 - WARNING: Params [module.irn.operations.8.NH.conv4.weight] will not optimize.
2025-06-24 12:26:24,929 - WARNING - Params [module.irn.operations.8.NH.conv4.weight] will not optimize.
25-06-24 12:26:24.929 - WARNING: Params [module.irn.operations.8.NH.conv4.bias] will not optimize.
2025-06-24 12:26:24,929 - WARNING - Params [module.irn.operations.8.NH.conv4.bias] will not optimize.
25-06-24 12:26:24.929 - WARNING: Params [module.irn.operations.8.NH.conv5.weight] will not optimize.
2025-06-24 12:26:24,929 - WARNING - Params [module.irn.operations.8.NH.conv5.weight] will not optimize.
25-06-24 12:26:24.929 - WARNING: Params [module.irn.operations.8.NH.conv5.bias] will not optimize.
2025-06-24 12:26:24,929 - WARNING - Params [module.irn.operations.8.NH.conv5.bias] will not optimize.
25-06-24 12:26:24.929 - WARNING: Params [module.irn.operations.8.NH.norm1.weight] will not optimize.
2025-06-24 12:26:24,929 - WARNING - Params [module.irn.operations.8.NH.norm1.weight] will not optimize.
25-06-24 12:26:24.929 - WARNING: Params [module.irn.operations.8.NH.norm1.bias] will not optimize.
2025-06-24 12:26:24,929 - WARNING - Params [module.irn.operations.8.NH.norm1.bias] will not optimize.
25-06-24 12:26:24.929 - WARNING: Params [module.irn.operations.8.NH.norm2.weight] will not optimize.
2025-06-24 12:26:24,929 - WARNING - Params [module.irn.operations.8.NH.norm2.weight] will not optimize.
25-06-24 12:26:24.929 - WARNING: Params [module.irn.operations.8.NH.norm2.bias] will not optimize.
2025-06-24 12:26:24,929 - WARNING - Params [module.irn.operations.8.NH.norm2.bias] will not optimize.
25-06-24 12:26:24.929 - WARNING: Params [module.irn.operations.9.F.conv1.weight] will not optimize.
2025-06-24 12:26:24,929 - WARNING - Params [module.irn.operations.9.F.conv1.weight] will not optimize.
25-06-24 12:26:24.929 - WARNING: Params [module.irn.operations.9.F.conv1.bias] will not optimize.
2025-06-24 12:26:24,929 - WARNING - Params [module.irn.operations.9.F.conv1.bias] will not optimize.
25-06-24 12:26:24.930 - WARNING: Params [module.irn.operations.9.F.conv2.weight] will not optimize.
2025-06-24 12:26:24,930 - WARNING - Params [module.irn.operations.9.F.conv2.weight] will not optimize.
25-06-24 12:26:24.930 - WARNING: Params [module.irn.operations.9.F.conv2.bias] will not optimize.
2025-06-24 12:26:24,930 - WARNING - Params [module.irn.operations.9.F.conv2.bias] will not optimize.
25-06-24 12:26:24.930 - WARNING: Params [module.irn.operations.9.F.conv3.weight] will not optimize.
2025-06-24 12:26:24,930 - WARNING - Params [module.irn.operations.9.F.conv3.weight] will not optimize.
25-06-24 12:26:24.930 - WARNING: Params [module.irn.operations.9.F.conv3.bias] will not optimize.
2025-06-24 12:26:24,930 - WARNING - Params [module.irn.operations.9.F.conv3.bias] will not optimize.
25-06-24 12:26:24.930 - WARNING: Params [module.irn.operations.9.F.conv4.weight] will not optimize.
2025-06-24 12:26:24,930 - WARNING - Params [module.irn.operations.9.F.conv4.weight] will not optimize.
25-06-24 12:26:24.930 - WARNING: Params [module.irn.operations.9.F.conv4.bias] will not optimize.
2025-06-24 12:26:24,930 - WARNING - Params [module.irn.operations.9.F.conv4.bias] will not optimize.
25-06-24 12:26:24.930 - WARNING: Params [module.irn.operations.9.F.conv5.weight] will not optimize.
2025-06-24 12:26:24,930 - WARNING - Params [module.irn.operations.9.F.conv5.weight] will not optimize.
25-06-24 12:26:24.930 - WARNING: Params [module.irn.operations.9.F.conv5.bias] will not optimize.
2025-06-24 12:26:24,930 - WARNING - Params [module.irn.operations.9.F.conv5.bias] will not optimize.
25-06-24 12:26:24.930 - WARNING: Params [module.irn.operations.9.NF.beta] will not optimize.
2025-06-24 12:26:24,930 - WARNING - Params [module.irn.operations.9.NF.beta] will not optimize.
25-06-24 12:26:24.930 - WARNING: Params [module.irn.operations.9.NF.gamma] will not optimize.
2025-06-24 12:26:24,930 - WARNING - Params [module.irn.operations.9.NF.gamma] will not optimize.
25-06-24 12:26:24.930 - WARNING: Params [module.irn.operations.9.NF.conv1.weight] will not optimize.
2025-06-24 12:26:24,930 - WARNING - Params [module.irn.operations.9.NF.conv1.weight] will not optimize.
25-06-24 12:26:24.930 - WARNING: Params [module.irn.operations.9.NF.conv1.bias] will not optimize.
2025-06-24 12:26:24,930 - WARNING - Params [module.irn.operations.9.NF.conv1.bias] will not optimize.
25-06-24 12:26:24.930 - WARNING: Params [module.irn.operations.9.NF.conv2.weight] will not optimize.
2025-06-24 12:26:24,930 - WARNING - Params [module.irn.operations.9.NF.conv2.weight] will not optimize.
25-06-24 12:26:24.930 - WARNING: Params [module.irn.operations.9.NF.conv2.bias] will not optimize.
2025-06-24 12:26:24,930 - WARNING - Params [module.irn.operations.9.NF.conv2.bias] will not optimize.
25-06-24 12:26:24.930 - WARNING: Params [module.irn.operations.9.NF.conv3.weight] will not optimize.
2025-06-24 12:26:24,930 - WARNING - Params [module.irn.operations.9.NF.conv3.weight] will not optimize.
25-06-24 12:26:24.930 - WARNING: Params [module.irn.operations.9.NF.conv3.bias] will not optimize.
2025-06-24 12:26:24,930 - WARNING - Params [module.irn.operations.9.NF.conv3.bias] will not optimize.
25-06-24 12:26:24.930 - WARNING: Params [module.irn.operations.9.NF.sca.1.weight] will not optimize.
2025-06-24 12:26:24,930 - WARNING - Params [module.irn.operations.9.NF.sca.1.weight] will not optimize.
25-06-24 12:26:24.930 - WARNING: Params [module.irn.operations.9.NF.sca.1.bias] will not optimize.
2025-06-24 12:26:24,930 - WARNING - Params [module.irn.operations.9.NF.sca.1.bias] will not optimize.
25-06-24 12:26:24.930 - WARNING: Params [module.irn.operations.9.NF.conv4.weight] will not optimize.
2025-06-24 12:26:24,930 - WARNING - Params [module.irn.operations.9.NF.conv4.weight] will not optimize.
25-06-24 12:26:24.931 - WARNING: Params [module.irn.operations.9.NF.conv4.bias] will not optimize.
2025-06-24 12:26:24,931 - WARNING - Params [module.irn.operations.9.NF.conv4.bias] will not optimize.
25-06-24 12:26:24.931 - WARNING: Params [module.irn.operations.9.NF.conv5.weight] will not optimize.
2025-06-24 12:26:24,931 - WARNING - Params [module.irn.operations.9.NF.conv5.weight] will not optimize.
25-06-24 12:26:24.931 - WARNING: Params [module.irn.operations.9.NF.conv5.bias] will not optimize.
2025-06-24 12:26:24,931 - WARNING - Params [module.irn.operations.9.NF.conv5.bias] will not optimize.
25-06-24 12:26:24.931 - WARNING: Params [module.irn.operations.9.NF.norm1.weight] will not optimize.
2025-06-24 12:26:24,931 - WARNING - Params [module.irn.operations.9.NF.norm1.weight] will not optimize.
25-06-24 12:26:24.931 - WARNING: Params [module.irn.operations.9.NF.norm1.bias] will not optimize.
2025-06-24 12:26:24,931 - WARNING - Params [module.irn.operations.9.NF.norm1.bias] will not optimize.
25-06-24 12:26:24.931 - WARNING: Params [module.irn.operations.9.NF.norm2.weight] will not optimize.
2025-06-24 12:26:24,931 - WARNING - Params [module.irn.operations.9.NF.norm2.weight] will not optimize.
25-06-24 12:26:24.931 - WARNING: Params [module.irn.operations.9.NF.norm2.bias] will not optimize.
2025-06-24 12:26:24,931 - WARNING - Params [module.irn.operations.9.NF.norm2.bias] will not optimize.
25-06-24 12:26:24.931 - WARNING: Params [module.irn.operations.9.G.conv1.weight] will not optimize.
2025-06-24 12:26:24,931 - WARNING - Params [module.irn.operations.9.G.conv1.weight] will not optimize.
25-06-24 12:26:24.931 - WARNING: Params [module.irn.operations.9.G.conv1.bias] will not optimize.
2025-06-24 12:26:24,931 - WARNING - Params [module.irn.operations.9.G.conv1.bias] will not optimize.
25-06-24 12:26:24.931 - WARNING: Params [module.irn.operations.9.G.conv2.weight] will not optimize.
2025-06-24 12:26:24,931 - WARNING - Params [module.irn.operations.9.G.conv2.weight] will not optimize.
25-06-24 12:26:24.931 - WARNING: Params [module.irn.operations.9.G.conv2.bias] will not optimize.
2025-06-24 12:26:24,931 - WARNING - Params [module.irn.operations.9.G.conv2.bias] will not optimize.
25-06-24 12:26:24.931 - WARNING: Params [module.irn.operations.9.G.conv3.weight] will not optimize.
2025-06-24 12:26:24,931 - WARNING - Params [module.irn.operations.9.G.conv3.weight] will not optimize.
25-06-24 12:26:24.931 - WARNING: Params [module.irn.operations.9.G.conv3.bias] will not optimize.
2025-06-24 12:26:24,931 - WARNING - Params [module.irn.operations.9.G.conv3.bias] will not optimize.
25-06-24 12:26:24.931 - WARNING: Params [module.irn.operations.9.G.conv4.weight] will not optimize.
2025-06-24 12:26:24,931 - WARNING - Params [module.irn.operations.9.G.conv4.weight] will not optimize.
25-06-24 12:26:24.931 - WARNING: Params [module.irn.operations.9.G.conv4.bias] will not optimize.
2025-06-24 12:26:24,931 - WARNING - Params [module.irn.operations.9.G.conv4.bias] will not optimize.
25-06-24 12:26:24.931 - WARNING: Params [module.irn.operations.9.G.conv5.weight] will not optimize.
2025-06-24 12:26:24,931 - WARNING - Params [module.irn.operations.9.G.conv5.weight] will not optimize.
25-06-24 12:26:24.931 - WARNING: Params [module.irn.operations.9.G.conv5.bias] will not optimize.
2025-06-24 12:26:24,931 - WARNING - Params [module.irn.operations.9.G.conv5.bias] will not optimize.
25-06-24 12:26:24.932 - WARNING: Params [module.irn.operations.9.NG.beta] will not optimize.
2025-06-24 12:26:24,932 - WARNING - Params [module.irn.operations.9.NG.beta] will not optimize.
25-06-24 12:26:24.932 - WARNING: Params [module.irn.operations.9.NG.gamma] will not optimize.
2025-06-24 12:26:24,932 - WARNING - Params [module.irn.operations.9.NG.gamma] will not optimize.
25-06-24 12:26:24.932 - WARNING: Params [module.irn.operations.9.NG.conv1.weight] will not optimize.
2025-06-24 12:26:24,932 - WARNING - Params [module.irn.operations.9.NG.conv1.weight] will not optimize.
25-06-24 12:26:24.932 - WARNING: Params [module.irn.operations.9.NG.conv1.bias] will not optimize.
2025-06-24 12:26:24,932 - WARNING - Params [module.irn.operations.9.NG.conv1.bias] will not optimize.
25-06-24 12:26:24.932 - WARNING: Params [module.irn.operations.9.NG.conv2.weight] will not optimize.
2025-06-24 12:26:24,932 - WARNING - Params [module.irn.operations.9.NG.conv2.weight] will not optimize.
25-06-24 12:26:24.932 - WARNING: Params [module.irn.operations.9.NG.conv2.bias] will not optimize.
2025-06-24 12:26:24,932 - WARNING - Params [module.irn.operations.9.NG.conv2.bias] will not optimize.
25-06-24 12:26:24.932 - WARNING: Params [module.irn.operations.9.NG.conv3.weight] will not optimize.
2025-06-24 12:26:24,932 - WARNING - Params [module.irn.operations.9.NG.conv3.weight] will not optimize.
25-06-24 12:26:24.932 - WARNING: Params [module.irn.operations.9.NG.conv3.bias] will not optimize.
2025-06-24 12:26:24,932 - WARNING - Params [module.irn.operations.9.NG.conv3.bias] will not optimize.
25-06-24 12:26:24.932 - WARNING: Params [module.irn.operations.9.NG.sca.1.weight] will not optimize.
2025-06-24 12:26:24,932 - WARNING - Params [module.irn.operations.9.NG.sca.1.weight] will not optimize.
25-06-24 12:26:24.932 - WARNING: Params [module.irn.operations.9.NG.sca.1.bias] will not optimize.
2025-06-24 12:26:24,932 - WARNING - Params [module.irn.operations.9.NG.sca.1.bias] will not optimize.
25-06-24 12:26:24.932 - WARNING: Params [module.irn.operations.9.NG.conv4.weight] will not optimize.
2025-06-24 12:26:24,932 - WARNING - Params [module.irn.operations.9.NG.conv4.weight] will not optimize.
25-06-24 12:26:24.932 - WARNING: Params [module.irn.operations.9.NG.conv4.bias] will not optimize.
2025-06-24 12:26:24,932 - WARNING - Params [module.irn.operations.9.NG.conv4.bias] will not optimize.
25-06-24 12:26:24.932 - WARNING: Params [module.irn.operations.9.NG.conv5.weight] will not optimize.
2025-06-24 12:26:24,932 - WARNING - Params [module.irn.operations.9.NG.conv5.weight] will not optimize.
25-06-24 12:26:24.932 - WARNING: Params [module.irn.operations.9.NG.conv5.bias] will not optimize.
2025-06-24 12:26:24,932 - WARNING - Params [module.irn.operations.9.NG.conv5.bias] will not optimize.
25-06-24 12:26:24.932 - WARNING: Params [module.irn.operations.9.NG.norm1.weight] will not optimize.
2025-06-24 12:26:24,932 - WARNING - Params [module.irn.operations.9.NG.norm1.weight] will not optimize.
25-06-24 12:26:24.932 - WARNING: Params [module.irn.operations.9.NG.norm1.bias] will not optimize.
2025-06-24 12:26:24,932 - WARNING - Params [module.irn.operations.9.NG.norm1.bias] will not optimize.
25-06-24 12:26:24.932 - WARNING: Params [module.irn.operations.9.NG.norm2.weight] will not optimize.
2025-06-24 12:26:24,932 - WARNING - Params [module.irn.operations.9.NG.norm2.weight] will not optimize.
25-06-24 12:26:24.932 - WARNING: Params [module.irn.operations.9.NG.norm2.bias] will not optimize.
2025-06-24 12:26:24,932 - WARNING - Params [module.irn.operations.9.NG.norm2.bias] will not optimize.
25-06-24 12:26:24.932 - WARNING: Params [module.irn.operations.9.H.conv1.weight] will not optimize.
2025-06-24 12:26:24,932 - WARNING - Params [module.irn.operations.9.H.conv1.weight] will not optimize.
25-06-24 12:26:24.933 - WARNING: Params [module.irn.operations.9.H.conv1.bias] will not optimize.
2025-06-24 12:26:24,933 - WARNING - Params [module.irn.operations.9.H.conv1.bias] will not optimize.
25-06-24 12:26:24.933 - WARNING: Params [module.irn.operations.9.H.conv2.weight] will not optimize.
2025-06-24 12:26:24,933 - WARNING - Params [module.irn.operations.9.H.conv2.weight] will not optimize.
25-06-24 12:26:24.933 - WARNING: Params [module.irn.operations.9.H.conv2.bias] will not optimize.
2025-06-24 12:26:24,933 - WARNING - Params [module.irn.operations.9.H.conv2.bias] will not optimize.
25-06-24 12:26:24.933 - WARNING: Params [module.irn.operations.9.H.conv3.weight] will not optimize.
2025-06-24 12:26:24,933 - WARNING - Params [module.irn.operations.9.H.conv3.weight] will not optimize.
25-06-24 12:26:24.933 - WARNING: Params [module.irn.operations.9.H.conv3.bias] will not optimize.
2025-06-24 12:26:24,933 - WARNING - Params [module.irn.operations.9.H.conv3.bias] will not optimize.
25-06-24 12:26:24.933 - WARNING: Params [module.irn.operations.9.H.conv4.weight] will not optimize.
2025-06-24 12:26:24,933 - WARNING - Params [module.irn.operations.9.H.conv4.weight] will not optimize.
25-06-24 12:26:24.933 - WARNING: Params [module.irn.operations.9.H.conv4.bias] will not optimize.
2025-06-24 12:26:24,933 - WARNING - Params [module.irn.operations.9.H.conv4.bias] will not optimize.
25-06-24 12:26:24.933 - WARNING: Params [module.irn.operations.9.H.conv5.weight] will not optimize.
2025-06-24 12:26:24,933 - WARNING - Params [module.irn.operations.9.H.conv5.weight] will not optimize.
25-06-24 12:26:24.933 - WARNING: Params [module.irn.operations.9.H.conv5.bias] will not optimize.
2025-06-24 12:26:24,933 - WARNING - Params [module.irn.operations.9.H.conv5.bias] will not optimize.
25-06-24 12:26:24.933 - WARNING: Params [module.irn.operations.9.NH.beta] will not optimize.
2025-06-24 12:26:24,933 - WARNING - Params [module.irn.operations.9.NH.beta] will not optimize.
25-06-24 12:26:24.933 - WARNING: Params [module.irn.operations.9.NH.gamma] will not optimize.
2025-06-24 12:26:24,933 - WARNING - Params [module.irn.operations.9.NH.gamma] will not optimize.
25-06-24 12:26:24.933 - WARNING: Params [module.irn.operations.9.NH.conv1.weight] will not optimize.
2025-06-24 12:26:24,933 - WARNING - Params [module.irn.operations.9.NH.conv1.weight] will not optimize.
25-06-24 12:26:24.933 - WARNING: Params [module.irn.operations.9.NH.conv1.bias] will not optimize.
2025-06-24 12:26:24,933 - WARNING - Params [module.irn.operations.9.NH.conv1.bias] will not optimize.
25-06-24 12:26:24.933 - WARNING: Params [module.irn.operations.9.NH.conv2.weight] will not optimize.
2025-06-24 12:26:24,933 - WARNING - Params [module.irn.operations.9.NH.conv2.weight] will not optimize.
25-06-24 12:26:24.933 - WARNING: Params [module.irn.operations.9.NH.conv2.bias] will not optimize.
2025-06-24 12:26:24,933 - WARNING - Params [module.irn.operations.9.NH.conv2.bias] will not optimize.
25-06-24 12:26:24.933 - WARNING: Params [module.irn.operations.9.NH.conv3.weight] will not optimize.
2025-06-24 12:26:24,933 - WARNING - Params [module.irn.operations.9.NH.conv3.weight] will not optimize.
25-06-24 12:26:24.933 - WARNING: Params [module.irn.operations.9.NH.conv3.bias] will not optimize.
2025-06-24 12:26:24,933 - WARNING - Params [module.irn.operations.9.NH.conv3.bias] will not optimize.
25-06-24 12:26:24.933 - WARNING: Params [module.irn.operations.9.NH.sca.1.weight] will not optimize.
2025-06-24 12:26:24,933 - WARNING - Params [module.irn.operations.9.NH.sca.1.weight] will not optimize.
25-06-24 12:26:24.934 - WARNING: Params [module.irn.operations.9.NH.sca.1.bias] will not optimize.
2025-06-24 12:26:24,934 - WARNING - Params [module.irn.operations.9.NH.sca.1.bias] will not optimize.
25-06-24 12:26:24.934 - WARNING: Params [module.irn.operations.9.NH.conv4.weight] will not optimize.
2025-06-24 12:26:24,934 - WARNING - Params [module.irn.operations.9.NH.conv4.weight] will not optimize.
25-06-24 12:26:24.934 - WARNING: Params [module.irn.operations.9.NH.conv4.bias] will not optimize.
2025-06-24 12:26:24,934 - WARNING - Params [module.irn.operations.9.NH.conv4.bias] will not optimize.
25-06-24 12:26:24.934 - WARNING: Params [module.irn.operations.9.NH.conv5.weight] will not optimize.
2025-06-24 12:26:24,934 - WARNING - Params [module.irn.operations.9.NH.conv5.weight] will not optimize.
25-06-24 12:26:24.934 - WARNING: Params [module.irn.operations.9.NH.conv5.bias] will not optimize.
2025-06-24 12:26:24,934 - WARNING - Params [module.irn.operations.9.NH.conv5.bias] will not optimize.
25-06-24 12:26:24.934 - WARNING: Params [module.irn.operations.9.NH.norm1.weight] will not optimize.
2025-06-24 12:26:24,934 - WARNING - Params [module.irn.operations.9.NH.norm1.weight] will not optimize.
25-06-24 12:26:24.934 - WARNING: Params [module.irn.operations.9.NH.norm1.bias] will not optimize.
2025-06-24 12:26:24,934 - WARNING - Params [module.irn.operations.9.NH.norm1.bias] will not optimize.
25-06-24 12:26:24.934 - WARNING: Params [module.irn.operations.9.NH.norm2.weight] will not optimize.
2025-06-24 12:26:24,934 - WARNING - Params [module.irn.operations.9.NH.norm2.weight] will not optimize.
25-06-24 12:26:24.934 - WARNING: Params [module.irn.operations.9.NH.norm2.bias] will not optimize.
2025-06-24 12:26:24,934 - WARNING - Params [module.irn.operations.9.NH.norm2.bias] will not optimize.
25-06-24 12:26:24.934 - WARNING: Params [module.irn.operations.10.F.conv1.weight] will not optimize.
2025-06-24 12:26:24,934 - WARNING - Params [module.irn.operations.10.F.conv1.weight] will not optimize.
25-06-24 12:26:24.934 - WARNING: Params [module.irn.operations.10.F.conv1.bias] will not optimize.
2025-06-24 12:26:24,934 - WARNING - Params [module.irn.operations.10.F.conv1.bias] will not optimize.
25-06-24 12:26:24.934 - WARNING: Params [module.irn.operations.10.F.conv2.weight] will not optimize.
2025-06-24 12:26:24,934 - WARNING - Params [module.irn.operations.10.F.conv2.weight] will not optimize.
25-06-24 12:26:24.934 - WARNING: Params [module.irn.operations.10.F.conv2.bias] will not optimize.
2025-06-24 12:26:24,934 - WARNING - Params [module.irn.operations.10.F.conv2.bias] will not optimize.
25-06-24 12:26:24.934 - WARNING: Params [module.irn.operations.10.F.conv3.weight] will not optimize.
2025-06-24 12:26:24,934 - WARNING - Params [module.irn.operations.10.F.conv3.weight] will not optimize.
25-06-24 12:26:24.934 - WARNING: Params [module.irn.operations.10.F.conv3.bias] will not optimize.
2025-06-24 12:26:24,934 - WARNING - Params [module.irn.operations.10.F.conv3.bias] will not optimize.
25-06-24 12:26:24.934 - WARNING: Params [module.irn.operations.10.F.conv4.weight] will not optimize.
2025-06-24 12:26:24,934 - WARNING - Params [module.irn.operations.10.F.conv4.weight] will not optimize.
25-06-24 12:26:24.934 - WARNING: Params [module.irn.operations.10.F.conv4.bias] will not optimize.
2025-06-24 12:26:24,934 - WARNING - Params [module.irn.operations.10.F.conv4.bias] will not optimize.
25-06-24 12:26:24.934 - WARNING: Params [module.irn.operations.10.F.conv5.weight] will not optimize.
2025-06-24 12:26:24,934 - WARNING - Params [module.irn.operations.10.F.conv5.weight] will not optimize.
25-06-24 12:26:24.934 - WARNING: Params [module.irn.operations.10.F.conv5.bias] will not optimize.
2025-06-24 12:26:24,934 - WARNING - Params [module.irn.operations.10.F.conv5.bias] will not optimize.
25-06-24 12:26:24.935 - WARNING: Params [module.irn.operations.10.NF.beta] will not optimize.
2025-06-24 12:26:24,935 - WARNING - Params [module.irn.operations.10.NF.beta] will not optimize.
25-06-24 12:26:24.935 - WARNING: Params [module.irn.operations.10.NF.gamma] will not optimize.
2025-06-24 12:26:24,935 - WARNING - Params [module.irn.operations.10.NF.gamma] will not optimize.
25-06-24 12:26:24.935 - WARNING: Params [module.irn.operations.10.NF.conv1.weight] will not optimize.
2025-06-24 12:26:24,935 - WARNING - Params [module.irn.operations.10.NF.conv1.weight] will not optimize.
25-06-24 12:26:24.935 - WARNING: Params [module.irn.operations.10.NF.conv1.bias] will not optimize.
2025-06-24 12:26:24,935 - WARNING - Params [module.irn.operations.10.NF.conv1.bias] will not optimize.
25-06-24 12:26:24.935 - WARNING: Params [module.irn.operations.10.NF.conv2.weight] will not optimize.
2025-06-24 12:26:24,935 - WARNING - Params [module.irn.operations.10.NF.conv2.weight] will not optimize.
25-06-24 12:26:24.935 - WARNING: Params [module.irn.operations.10.NF.conv2.bias] will not optimize.
2025-06-24 12:26:24,935 - WARNING - Params [module.irn.operations.10.NF.conv2.bias] will not optimize.
25-06-24 12:26:24.935 - WARNING: Params [module.irn.operations.10.NF.conv3.weight] will not optimize.
2025-06-24 12:26:24,935 - WARNING - Params [module.irn.operations.10.NF.conv3.weight] will not optimize.
25-06-24 12:26:24.935 - WARNING: Params [module.irn.operations.10.NF.conv3.bias] will not optimize.
2025-06-24 12:26:24,935 - WARNING - Params [module.irn.operations.10.NF.conv3.bias] will not optimize.
25-06-24 12:26:24.935 - WARNING: Params [module.irn.operations.10.NF.sca.1.weight] will not optimize.
2025-06-24 12:26:24,935 - WARNING - Params [module.irn.operations.10.NF.sca.1.weight] will not optimize.
25-06-24 12:26:24.935 - WARNING: Params [module.irn.operations.10.NF.sca.1.bias] will not optimize.
2025-06-24 12:26:24,935 - WARNING - Params [module.irn.operations.10.NF.sca.1.bias] will not optimize.
25-06-24 12:26:24.935 - WARNING: Params [module.irn.operations.10.NF.conv4.weight] will not optimize.
2025-06-24 12:26:24,935 - WARNING - Params [module.irn.operations.10.NF.conv4.weight] will not optimize.
25-06-24 12:26:24.935 - WARNING: Params [module.irn.operations.10.NF.conv4.bias] will not optimize.
2025-06-24 12:26:24,935 - WARNING - Params [module.irn.operations.10.NF.conv4.bias] will not optimize.
25-06-24 12:26:24.935 - WARNING: Params [module.irn.operations.10.NF.conv5.weight] will not optimize.
2025-06-24 12:26:24,935 - WARNING - Params [module.irn.operations.10.NF.conv5.weight] will not optimize.
25-06-24 12:26:24.935 - WARNING: Params [module.irn.operations.10.NF.conv5.bias] will not optimize.
2025-06-24 12:26:24,935 - WARNING - Params [module.irn.operations.10.NF.conv5.bias] will not optimize.
25-06-24 12:26:24.935 - WARNING: Params [module.irn.operations.10.NF.norm1.weight] will not optimize.
2025-06-24 12:26:24,935 - WARNING - Params [module.irn.operations.10.NF.norm1.weight] will not optimize.
25-06-24 12:26:24.935 - WARNING: Params [module.irn.operations.10.NF.norm1.bias] will not optimize.
2025-06-24 12:26:24,935 - WARNING - Params [module.irn.operations.10.NF.norm1.bias] will not optimize.
25-06-24 12:26:24.935 - WARNING: Params [module.irn.operations.10.NF.norm2.weight] will not optimize.
2025-06-24 12:26:24,935 - WARNING - Params [module.irn.operations.10.NF.norm2.weight] will not optimize.
25-06-24 12:26:24.935 - WARNING: Params [module.irn.operations.10.NF.norm2.bias] will not optimize.
2025-06-24 12:26:24,935 - WARNING - Params [module.irn.operations.10.NF.norm2.bias] will not optimize.
25-06-24 12:26:24.936 - WARNING: Params [module.irn.operations.10.G.conv1.weight] will not optimize.
2025-06-24 12:26:24,936 - WARNING - Params [module.irn.operations.10.G.conv1.weight] will not optimize.
25-06-24 12:26:24.936 - WARNING: Params [module.irn.operations.10.G.conv1.bias] will not optimize.
2025-06-24 12:26:24,936 - WARNING - Params [module.irn.operations.10.G.conv1.bias] will not optimize.
25-06-24 12:26:24.936 - WARNING: Params [module.irn.operations.10.G.conv2.weight] will not optimize.
2025-06-24 12:26:24,936 - WARNING - Params [module.irn.operations.10.G.conv2.weight] will not optimize.
25-06-24 12:26:24.936 - WARNING: Params [module.irn.operations.10.G.conv2.bias] will not optimize.
2025-06-24 12:26:24,936 - WARNING - Params [module.irn.operations.10.G.conv2.bias] will not optimize.
25-06-24 12:26:24.936 - WARNING: Params [module.irn.operations.10.G.conv3.weight] will not optimize.
2025-06-24 12:26:24,936 - WARNING - Params [module.irn.operations.10.G.conv3.weight] will not optimize.
25-06-24 12:26:24.936 - WARNING: Params [module.irn.operations.10.G.conv3.bias] will not optimize.
2025-06-24 12:26:24,936 - WARNING - Params [module.irn.operations.10.G.conv3.bias] will not optimize.
25-06-24 12:26:24.936 - WARNING: Params [module.irn.operations.10.G.conv4.weight] will not optimize.
2025-06-24 12:26:24,936 - WARNING - Params [module.irn.operations.10.G.conv4.weight] will not optimize.
25-06-24 12:26:24.936 - WARNING: Params [module.irn.operations.10.G.conv4.bias] will not optimize.
2025-06-24 12:26:24,936 - WARNING - Params [module.irn.operations.10.G.conv4.bias] will not optimize.
25-06-24 12:26:24.936 - WARNING: Params [module.irn.operations.10.G.conv5.weight] will not optimize.
2025-06-24 12:26:24,936 - WARNING - Params [module.irn.operations.10.G.conv5.weight] will not optimize.
25-06-24 12:26:24.936 - WARNING: Params [module.irn.operations.10.G.conv5.bias] will not optimize.
2025-06-24 12:26:24,936 - WARNING - Params [module.irn.operations.10.G.conv5.bias] will not optimize.
25-06-24 12:26:24.936 - WARNING: Params [module.irn.operations.10.NG.beta] will not optimize.
2025-06-24 12:26:24,936 - WARNING - Params [module.irn.operations.10.NG.beta] will not optimize.
25-06-24 12:26:24.936 - WARNING: Params [module.irn.operations.10.NG.gamma] will not optimize.
2025-06-24 12:26:24,936 - WARNING - Params [module.irn.operations.10.NG.gamma] will not optimize.
25-06-24 12:26:24.936 - WARNING: Params [module.irn.operations.10.NG.conv1.weight] will not optimize.
2025-06-24 12:26:24,936 - WARNING - Params [module.irn.operations.10.NG.conv1.weight] will not optimize.
25-06-24 12:26:24.936 - WARNING: Params [module.irn.operations.10.NG.conv1.bias] will not optimize.
2025-06-24 12:26:24,936 - WARNING - Params [module.irn.operations.10.NG.conv1.bias] will not optimize.
25-06-24 12:26:24.936 - WARNING: Params [module.irn.operations.10.NG.conv2.weight] will not optimize.
2025-06-24 12:26:24,936 - WARNING - Params [module.irn.operations.10.NG.conv2.weight] will not optimize.
25-06-24 12:26:24.936 - WARNING: Params [module.irn.operations.10.NG.conv2.bias] will not optimize.
2025-06-24 12:26:24,936 - WARNING - Params [module.irn.operations.10.NG.conv2.bias] will not optimize.
25-06-24 12:26:24.936 - WARNING: Params [module.irn.operations.10.NG.conv3.weight] will not optimize.
2025-06-24 12:26:24,936 - WARNING - Params [module.irn.operations.10.NG.conv3.weight] will not optimize.
25-06-24 12:26:24.936 - WARNING: Params [module.irn.operations.10.NG.conv3.bias] will not optimize.
2025-06-24 12:26:24,936 - WARNING - Params [module.irn.operations.10.NG.conv3.bias] will not optimize.
25-06-24 12:26:24.936 - WARNING: Params [module.irn.operations.10.NG.sca.1.weight] will not optimize.
2025-06-24 12:26:24,936 - WARNING - Params [module.irn.operations.10.NG.sca.1.weight] will not optimize.
25-06-24 12:26:24.937 - WARNING: Params [module.irn.operations.10.NG.sca.1.bias] will not optimize.
2025-06-24 12:26:24,937 - WARNING - Params [module.irn.operations.10.NG.sca.1.bias] will not optimize.
25-06-24 12:26:24.937 - WARNING: Params [module.irn.operations.10.NG.conv4.weight] will not optimize.
2025-06-24 12:26:24,937 - WARNING - Params [module.irn.operations.10.NG.conv4.weight] will not optimize.
25-06-24 12:26:24.937 - WARNING: Params [module.irn.operations.10.NG.conv4.bias] will not optimize.
2025-06-24 12:26:24,937 - WARNING - Params [module.irn.operations.10.NG.conv4.bias] will not optimize.
25-06-24 12:26:24.937 - WARNING: Params [module.irn.operations.10.NG.conv5.weight] will not optimize.
2025-06-24 12:26:24,937 - WARNING - Params [module.irn.operations.10.NG.conv5.weight] will not optimize.
25-06-24 12:26:24.937 - WARNING: Params [module.irn.operations.10.NG.conv5.bias] will not optimize.
2025-06-24 12:26:24,937 - WARNING - Params [module.irn.operations.10.NG.conv5.bias] will not optimize.
25-06-24 12:26:24.937 - WARNING: Params [module.irn.operations.10.NG.norm1.weight] will not optimize.
2025-06-24 12:26:24,937 - WARNING - Params [module.irn.operations.10.NG.norm1.weight] will not optimize.
25-06-24 12:26:24.937 - WARNING: Params [module.irn.operations.10.NG.norm1.bias] will not optimize.
2025-06-24 12:26:24,937 - WARNING - Params [module.irn.operations.10.NG.norm1.bias] will not optimize.
25-06-24 12:26:24.937 - WARNING: Params [module.irn.operations.10.NG.norm2.weight] will not optimize.
2025-06-24 12:26:24,937 - WARNING - Params [module.irn.operations.10.NG.norm2.weight] will not optimize.
25-06-24 12:26:24.937 - WARNING: Params [module.irn.operations.10.NG.norm2.bias] will not optimize.
2025-06-24 12:26:24,937 - WARNING - Params [module.irn.operations.10.NG.norm2.bias] will not optimize.
25-06-24 12:26:24.937 - WARNING: Params [module.irn.operations.10.H.conv1.weight] will not optimize.
2025-06-24 12:26:24,937 - WARNING - Params [module.irn.operations.10.H.conv1.weight] will not optimize.
25-06-24 12:26:24.937 - WARNING: Params [module.irn.operations.10.H.conv1.bias] will not optimize.
2025-06-24 12:26:24,937 - WARNING - Params [module.irn.operations.10.H.conv1.bias] will not optimize.
25-06-24 12:26:24.937 - WARNING: Params [module.irn.operations.10.H.conv2.weight] will not optimize.
2025-06-24 12:26:24,937 - WARNING - Params [module.irn.operations.10.H.conv2.weight] will not optimize.
25-06-24 12:26:24.937 - WARNING: Params [module.irn.operations.10.H.conv2.bias] will not optimize.
2025-06-24 12:26:24,937 - WARNING - Params [module.irn.operations.10.H.conv2.bias] will not optimize.
25-06-24 12:26:24.937 - WARNING: Params [module.irn.operations.10.H.conv3.weight] will not optimize.
2025-06-24 12:26:24,937 - WARNING - Params [module.irn.operations.10.H.conv3.weight] will not optimize.
25-06-24 12:26:24.937 - WARNING: Params [module.irn.operations.10.H.conv3.bias] will not optimize.
2025-06-24 12:26:24,937 - WARNING - Params [module.irn.operations.10.H.conv3.bias] will not optimize.
25-06-24 12:26:24.937 - WARNING: Params [module.irn.operations.10.H.conv4.weight] will not optimize.
2025-06-24 12:26:24,937 - WARNING - Params [module.irn.operations.10.H.conv4.weight] will not optimize.
25-06-24 12:26:24.937 - WARNING: Params [module.irn.operations.10.H.conv4.bias] will not optimize.
2025-06-24 12:26:24,937 - WARNING - Params [module.irn.operations.10.H.conv4.bias] will not optimize.
25-06-24 12:26:24.937 - WARNING: Params [module.irn.operations.10.H.conv5.weight] will not optimize.
2025-06-24 12:26:24,937 - WARNING - Params [module.irn.operations.10.H.conv5.weight] will not optimize.
25-06-24 12:26:24.938 - WARNING: Params [module.irn.operations.10.H.conv5.bias] will not optimize.
2025-06-24 12:26:24,938 - WARNING - Params [module.irn.operations.10.H.conv5.bias] will not optimize.
25-06-24 12:26:24.938 - WARNING: Params [module.irn.operations.10.NH.beta] will not optimize.
2025-06-24 12:26:24,938 - WARNING - Params [module.irn.operations.10.NH.beta] will not optimize.
25-06-24 12:26:24.938 - WARNING: Params [module.irn.operations.10.NH.gamma] will not optimize.
2025-06-24 12:26:24,938 - WARNING - Params [module.irn.operations.10.NH.gamma] will not optimize.
25-06-24 12:26:24.938 - WARNING: Params [module.irn.operations.10.NH.conv1.weight] will not optimize.
2025-06-24 12:26:24,938 - WARNING - Params [module.irn.operations.10.NH.conv1.weight] will not optimize.
25-06-24 12:26:24.938 - WARNING: Params [module.irn.operations.10.NH.conv1.bias] will not optimize.
2025-06-24 12:26:24,938 - WARNING - Params [module.irn.operations.10.NH.conv1.bias] will not optimize.
25-06-24 12:26:24.938 - WARNING: Params [module.irn.operations.10.NH.conv2.weight] will not optimize.
2025-06-24 12:26:24,938 - WARNING - Params [module.irn.operations.10.NH.conv2.weight] will not optimize.
25-06-24 12:26:24.938 - WARNING: Params [module.irn.operations.10.NH.conv2.bias] will not optimize.
2025-06-24 12:26:24,938 - WARNING - Params [module.irn.operations.10.NH.conv2.bias] will not optimize.
25-06-24 12:26:24.938 - WARNING: Params [module.irn.operations.10.NH.conv3.weight] will not optimize.
2025-06-24 12:26:24,938 - WARNING - Params [module.irn.operations.10.NH.conv3.weight] will not optimize.
25-06-24 12:26:24.938 - WARNING: Params [module.irn.operations.10.NH.conv3.bias] will not optimize.
2025-06-24 12:26:24,938 - WARNING - Params [module.irn.operations.10.NH.conv3.bias] will not optimize.
25-06-24 12:26:24.938 - WARNING: Params [module.irn.operations.10.NH.sca.1.weight] will not optimize.
2025-06-24 12:26:24,938 - WARNING - Params [module.irn.operations.10.NH.sca.1.weight] will not optimize.
25-06-24 12:26:24.938 - WARNING: Params [module.irn.operations.10.NH.sca.1.bias] will not optimize.
2025-06-24 12:26:24,938 - WARNING - Params [module.irn.operations.10.NH.sca.1.bias] will not optimize.
25-06-24 12:26:24.938 - WARNING: Params [module.irn.operations.10.NH.conv4.weight] will not optimize.
2025-06-24 12:26:24,938 - WARNING - Params [module.irn.operations.10.NH.conv4.weight] will not optimize.
25-06-24 12:26:24.938 - WARNING: Params [module.irn.operations.10.NH.conv4.bias] will not optimize.
2025-06-24 12:26:24,938 - WARNING - Params [module.irn.operations.10.NH.conv4.bias] will not optimize.
25-06-24 12:26:24.938 - WARNING: Params [module.irn.operations.10.NH.conv5.weight] will not optimize.
2025-06-24 12:26:24,938 - WARNING - Params [module.irn.operations.10.NH.conv5.weight] will not optimize.
25-06-24 12:26:24.938 - WARNING: Params [module.irn.operations.10.NH.conv5.bias] will not optimize.
2025-06-24 12:26:24,938 - WARNING - Params [module.irn.operations.10.NH.conv5.bias] will not optimize.
25-06-24 12:26:24.938 - WARNING: Params [module.irn.operations.10.NH.norm1.weight] will not optimize.
2025-06-24 12:26:24,938 - WARNING - Params [module.irn.operations.10.NH.norm1.weight] will not optimize.
25-06-24 12:26:24.938 - WARNING: Params [module.irn.operations.10.NH.norm1.bias] will not optimize.
2025-06-24 12:26:24,938 - WARNING - Params [module.irn.operations.10.NH.norm1.bias] will not optimize.
25-06-24 12:26:24.938 - WARNING: Params [module.irn.operations.10.NH.norm2.weight] will not optimize.
2025-06-24 12:26:24,938 - WARNING - Params [module.irn.operations.10.NH.norm2.weight] will not optimize.
25-06-24 12:26:24.939 - WARNING: Params [module.irn.operations.10.NH.norm2.bias] will not optimize.
2025-06-24 12:26:24,939 - WARNING - Params [module.irn.operations.10.NH.norm2.bias] will not optimize.
25-06-24 12:26:24.939 - WARNING: Params [module.irn.operations.11.F.conv1.weight] will not optimize.
2025-06-24 12:26:24,939 - WARNING - Params [module.irn.operations.11.F.conv1.weight] will not optimize.
25-06-24 12:26:24.939 - WARNING: Params [module.irn.operations.11.F.conv1.bias] will not optimize.
2025-06-24 12:26:24,939 - WARNING - Params [module.irn.operations.11.F.conv1.bias] will not optimize.
25-06-24 12:26:24.939 - WARNING: Params [module.irn.operations.11.F.conv2.weight] will not optimize.
2025-06-24 12:26:24,939 - WARNING - Params [module.irn.operations.11.F.conv2.weight] will not optimize.
25-06-24 12:26:24.939 - WARNING: Params [module.irn.operations.11.F.conv2.bias] will not optimize.
2025-06-24 12:26:24,939 - WARNING - Params [module.irn.operations.11.F.conv2.bias] will not optimize.
25-06-24 12:26:24.939 - WARNING: Params [module.irn.operations.11.F.conv3.weight] will not optimize.
2025-06-24 12:26:24,939 - WARNING - Params [module.irn.operations.11.F.conv3.weight] will not optimize.
25-06-24 12:26:24.939 - WARNING: Params [module.irn.operations.11.F.conv3.bias] will not optimize.
2025-06-24 12:26:24,939 - WARNING - Params [module.irn.operations.11.F.conv3.bias] will not optimize.
25-06-24 12:26:24.939 - WARNING: Params [module.irn.operations.11.F.conv4.weight] will not optimize.
2025-06-24 12:26:24,939 - WARNING - Params [module.irn.operations.11.F.conv4.weight] will not optimize.
25-06-24 12:26:24.939 - WARNING: Params [module.irn.operations.11.F.conv4.bias] will not optimize.
2025-06-24 12:26:24,939 - WARNING - Params [module.irn.operations.11.F.conv4.bias] will not optimize.
25-06-24 12:26:24.939 - WARNING: Params [module.irn.operations.11.F.conv5.weight] will not optimize.
2025-06-24 12:26:24,939 - WARNING - Params [module.irn.operations.11.F.conv5.weight] will not optimize.
25-06-24 12:26:24.939 - WARNING: Params [module.irn.operations.11.F.conv5.bias] will not optimize.
2025-06-24 12:26:24,939 - WARNING - Params [module.irn.operations.11.F.conv5.bias] will not optimize.
25-06-24 12:26:24.939 - WARNING: Params [module.irn.operations.11.NF.beta] will not optimize.
2025-06-24 12:26:24,939 - WARNING - Params [module.irn.operations.11.NF.beta] will not optimize.
25-06-24 12:26:24.939 - WARNING: Params [module.irn.operations.11.NF.gamma] will not optimize.
2025-06-24 12:26:24,939 - WARNING - Params [module.irn.operations.11.NF.gamma] will not optimize.
25-06-24 12:26:24.939 - WARNING: Params [module.irn.operations.11.NF.conv1.weight] will not optimize.
2025-06-24 12:26:24,939 - WARNING - Params [module.irn.operations.11.NF.conv1.weight] will not optimize.
25-06-24 12:26:24.939 - WARNING: Params [module.irn.operations.11.NF.conv1.bias] will not optimize.
2025-06-24 12:26:24,939 - WARNING - Params [module.irn.operations.11.NF.conv1.bias] will not optimize.
25-06-24 12:26:24.939 - WARNING: Params [module.irn.operations.11.NF.conv2.weight] will not optimize.
2025-06-24 12:26:24,939 - WARNING - Params [module.irn.operations.11.NF.conv2.weight] will not optimize.
25-06-24 12:26:24.939 - WARNING: Params [module.irn.operations.11.NF.conv2.bias] will not optimize.
2025-06-24 12:26:24,939 - WARNING - Params [module.irn.operations.11.NF.conv2.bias] will not optimize.
25-06-24 12:26:24.939 - WARNING: Params [module.irn.operations.11.NF.conv3.weight] will not optimize.
2025-06-24 12:26:24,939 - WARNING - Params [module.irn.operations.11.NF.conv3.weight] will not optimize.
25-06-24 12:26:24.939 - WARNING: Params [module.irn.operations.11.NF.conv3.bias] will not optimize.
2025-06-24 12:26:24,939 - WARNING - Params [module.irn.operations.11.NF.conv3.bias] will not optimize.
25-06-24 12:26:24.940 - WARNING: Params [module.irn.operations.11.NF.sca.1.weight] will not optimize.
2025-06-24 12:26:24,940 - WARNING - Params [module.irn.operations.11.NF.sca.1.weight] will not optimize.
25-06-24 12:26:24.940 - WARNING: Params [module.irn.operations.11.NF.sca.1.bias] will not optimize.
2025-06-24 12:26:24,940 - WARNING - Params [module.irn.operations.11.NF.sca.1.bias] will not optimize.
25-06-24 12:26:24.940 - WARNING: Params [module.irn.operations.11.NF.conv4.weight] will not optimize.
2025-06-24 12:26:24,940 - WARNING - Params [module.irn.operations.11.NF.conv4.weight] will not optimize.
25-06-24 12:26:24.940 - WARNING: Params [module.irn.operations.11.NF.conv4.bias] will not optimize.
2025-06-24 12:26:24,940 - WARNING - Params [module.irn.operations.11.NF.conv4.bias] will not optimize.
25-06-24 12:26:24.940 - WARNING: Params [module.irn.operations.11.NF.conv5.weight] will not optimize.
2025-06-24 12:26:24,940 - WARNING - Params [module.irn.operations.11.NF.conv5.weight] will not optimize.
25-06-24 12:26:24.940 - WARNING: Params [module.irn.operations.11.NF.conv5.bias] will not optimize.
2025-06-24 12:26:24,940 - WARNING - Params [module.irn.operations.11.NF.conv5.bias] will not optimize.
25-06-24 12:26:24.940 - WARNING: Params [module.irn.operations.11.NF.norm1.weight] will not optimize.
2025-06-24 12:26:24,940 - WARNING - Params [module.irn.operations.11.NF.norm1.weight] will not optimize.
25-06-24 12:26:24.940 - WARNING: Params [module.irn.operations.11.NF.norm1.bias] will not optimize.
2025-06-24 12:26:24,940 - WARNING - Params [module.irn.operations.11.NF.norm1.bias] will not optimize.
25-06-24 12:26:24.940 - WARNING: Params [module.irn.operations.11.NF.norm2.weight] will not optimize.
2025-06-24 12:26:24,940 - WARNING - Params [module.irn.operations.11.NF.norm2.weight] will not optimize.
25-06-24 12:26:24.940 - WARNING: Params [module.irn.operations.11.NF.norm2.bias] will not optimize.
2025-06-24 12:26:24,940 - WARNING - Params [module.irn.operations.11.NF.norm2.bias] will not optimize.
25-06-24 12:26:24.940 - WARNING: Params [module.irn.operations.11.G.conv1.weight] will not optimize.
2025-06-24 12:26:24,940 - WARNING - Params [module.irn.operations.11.G.conv1.weight] will not optimize.
25-06-24 12:26:24.940 - WARNING: Params [module.irn.operations.11.G.conv1.bias] will not optimize.
2025-06-24 12:26:24,940 - WARNING - Params [module.irn.operations.11.G.conv1.bias] will not optimize.
25-06-24 12:26:24.940 - WARNING: Params [module.irn.operations.11.G.conv2.weight] will not optimize.
2025-06-24 12:26:24,940 - WARNING - Params [module.irn.operations.11.G.conv2.weight] will not optimize.
25-06-24 12:26:24.940 - WARNING: Params [module.irn.operations.11.G.conv2.bias] will not optimize.
2025-06-24 12:26:24,940 - WARNING - Params [module.irn.operations.11.G.conv2.bias] will not optimize.
25-06-24 12:26:24.940 - WARNING: Params [module.irn.operations.11.G.conv3.weight] will not optimize.
2025-06-24 12:26:24,940 - WARNING - Params [module.irn.operations.11.G.conv3.weight] will not optimize.
25-06-24 12:26:24.940 - WARNING: Params [module.irn.operations.11.G.conv3.bias] will not optimize.
2025-06-24 12:26:24,940 - WARNING - Params [module.irn.operations.11.G.conv3.bias] will not optimize.
25-06-24 12:26:24.940 - WARNING: Params [module.irn.operations.11.G.conv4.weight] will not optimize.
2025-06-24 12:26:24,940 - WARNING - Params [module.irn.operations.11.G.conv4.weight] will not optimize.
25-06-24 12:26:24.940 - WARNING: Params [module.irn.operations.11.G.conv4.bias] will not optimize.
2025-06-24 12:26:24,940 - WARNING - Params [module.irn.operations.11.G.conv4.bias] will not optimize.
25-06-24 12:26:24.941 - WARNING: Params [module.irn.operations.11.G.conv5.weight] will not optimize.
2025-06-24 12:26:24,941 - WARNING - Params [module.irn.operations.11.G.conv5.weight] will not optimize.
25-06-24 12:26:24.941 - WARNING: Params [module.irn.operations.11.G.conv5.bias] will not optimize.
2025-06-24 12:26:24,941 - WARNING - Params [module.irn.operations.11.G.conv5.bias] will not optimize.
25-06-24 12:26:24.941 - WARNING: Params [module.irn.operations.11.NG.beta] will not optimize.
2025-06-24 12:26:24,941 - WARNING - Params [module.irn.operations.11.NG.beta] will not optimize.
25-06-24 12:26:24.941 - WARNING: Params [module.irn.operations.11.NG.gamma] will not optimize.
2025-06-24 12:26:24,941 - WARNING - Params [module.irn.operations.11.NG.gamma] will not optimize.
25-06-24 12:26:24.941 - WARNING: Params [module.irn.operations.11.NG.conv1.weight] will not optimize.
2025-06-24 12:26:24,941 - WARNING - Params [module.irn.operations.11.NG.conv1.weight] will not optimize.
25-06-24 12:26:24.941 - WARNING: Params [module.irn.operations.11.NG.conv1.bias] will not optimize.
2025-06-24 12:26:24,941 - WARNING - Params [module.irn.operations.11.NG.conv1.bias] will not optimize.
25-06-24 12:26:24.941 - WARNING: Params [module.irn.operations.11.NG.conv2.weight] will not optimize.
2025-06-24 12:26:24,941 - WARNING - Params [module.irn.operations.11.NG.conv2.weight] will not optimize.
25-06-24 12:26:24.941 - WARNING: Params [module.irn.operations.11.NG.conv2.bias] will not optimize.
2025-06-24 12:26:24,941 - WARNING - Params [module.irn.operations.11.NG.conv2.bias] will not optimize.
25-06-24 12:26:24.941 - WARNING: Params [module.irn.operations.11.NG.conv3.weight] will not optimize.
2025-06-24 12:26:24,941 - WARNING - Params [module.irn.operations.11.NG.conv3.weight] will not optimize.
25-06-24 12:26:24.941 - WARNING: Params [module.irn.operations.11.NG.conv3.bias] will not optimize.
2025-06-24 12:26:24,941 - WARNING - Params [module.irn.operations.11.NG.conv3.bias] will not optimize.
25-06-24 12:26:24.941 - WARNING: Params [module.irn.operations.11.NG.sca.1.weight] will not optimize.
2025-06-24 12:26:24,941 - WARNING - Params [module.irn.operations.11.NG.sca.1.weight] will not optimize.
25-06-24 12:26:24.941 - WARNING: Params [module.irn.operations.11.NG.sca.1.bias] will not optimize.
2025-06-24 12:26:24,941 - WARNING - Params [module.irn.operations.11.NG.sca.1.bias] will not optimize.
25-06-24 12:26:24.941 - WARNING: Params [module.irn.operations.11.NG.conv4.weight] will not optimize.
2025-06-24 12:26:24,941 - WARNING - Params [module.irn.operations.11.NG.conv4.weight] will not optimize.
25-06-24 12:26:24.941 - WARNING: Params [module.irn.operations.11.NG.conv4.bias] will not optimize.
2025-06-24 12:26:24,941 - WARNING - Params [module.irn.operations.11.NG.conv4.bias] will not optimize.
25-06-24 12:26:24.941 - WARNING: Params [module.irn.operations.11.NG.conv5.weight] will not optimize.
2025-06-24 12:26:24,941 - WARNING - Params [module.irn.operations.11.NG.conv5.weight] will not optimize.
25-06-24 12:26:24.941 - WARNING: Params [module.irn.operations.11.NG.conv5.bias] will not optimize.
2025-06-24 12:26:24,941 - WARNING - Params [module.irn.operations.11.NG.conv5.bias] will not optimize.
25-06-24 12:26:24.941 - WARNING: Params [module.irn.operations.11.NG.norm1.weight] will not optimize.
2025-06-24 12:26:24,941 - WARNING - Params [module.irn.operations.11.NG.norm1.weight] will not optimize.
25-06-24 12:26:24.941 - WARNING: Params [module.irn.operations.11.NG.norm1.bias] will not optimize.
2025-06-24 12:26:24,941 - WARNING - Params [module.irn.operations.11.NG.norm1.bias] will not optimize.
25-06-24 12:26:24.941 - WARNING: Params [module.irn.operations.11.NG.norm2.weight] will not optimize.
2025-06-24 12:26:24,941 - WARNING - Params [module.irn.operations.11.NG.norm2.weight] will not optimize.
25-06-24 12:26:24.942 - WARNING: Params [module.irn.operations.11.NG.norm2.bias] will not optimize.
2025-06-24 12:26:24,942 - WARNING - Params [module.irn.operations.11.NG.norm2.bias] will not optimize.
25-06-24 12:26:24.942 - WARNING: Params [module.irn.operations.11.H.conv1.weight] will not optimize.
2025-06-24 12:26:24,942 - WARNING - Params [module.irn.operations.11.H.conv1.weight] will not optimize.
25-06-24 12:26:24.942 - WARNING: Params [module.irn.operations.11.H.conv1.bias] will not optimize.
2025-06-24 12:26:24,942 - WARNING - Params [module.irn.operations.11.H.conv1.bias] will not optimize.
25-06-24 12:26:24.942 - WARNING: Params [module.irn.operations.11.H.conv2.weight] will not optimize.
2025-06-24 12:26:24,942 - WARNING - Params [module.irn.operations.11.H.conv2.weight] will not optimize.
25-06-24 12:26:24.942 - WARNING: Params [module.irn.operations.11.H.conv2.bias] will not optimize.
2025-06-24 12:26:24,942 - WARNING - Params [module.irn.operations.11.H.conv2.bias] will not optimize.
25-06-24 12:26:24.942 - WARNING: Params [module.irn.operations.11.H.conv3.weight] will not optimize.
2025-06-24 12:26:24,942 - WARNING - Params [module.irn.operations.11.H.conv3.weight] will not optimize.
25-06-24 12:26:24.942 - WARNING: Params [module.irn.operations.11.H.conv3.bias] will not optimize.
2025-06-24 12:26:24,942 - WARNING - Params [module.irn.operations.11.H.conv3.bias] will not optimize.
25-06-24 12:26:24.942 - WARNING: Params [module.irn.operations.11.H.conv4.weight] will not optimize.
2025-06-24 12:26:24,942 - WARNING - Params [module.irn.operations.11.H.conv4.weight] will not optimize.
25-06-24 12:26:24.942 - WARNING: Params [module.irn.operations.11.H.conv4.bias] will not optimize.
2025-06-24 12:26:24,942 - WARNING - Params [module.irn.operations.11.H.conv4.bias] will not optimize.
25-06-24 12:26:24.942 - WARNING: Params [module.irn.operations.11.H.conv5.weight] will not optimize.
2025-06-24 12:26:24,942 - WARNING - Params [module.irn.operations.11.H.conv5.weight] will not optimize.
25-06-24 12:26:24.942 - WARNING: Params [module.irn.operations.11.H.conv5.bias] will not optimize.
2025-06-24 12:26:24,942 - WARNING - Params [module.irn.operations.11.H.conv5.bias] will not optimize.
25-06-24 12:26:24.942 - WARNING: Params [module.irn.operations.11.NH.beta] will not optimize.
2025-06-24 12:26:24,942 - WARNING - Params [module.irn.operations.11.NH.beta] will not optimize.
25-06-24 12:26:24.942 - WARNING: Params [module.irn.operations.11.NH.gamma] will not optimize.
2025-06-24 12:26:24,942 - WARNING - Params [module.irn.operations.11.NH.gamma] will not optimize.
25-06-24 12:26:24.942 - WARNING: Params [module.irn.operations.11.NH.conv1.weight] will not optimize.
2025-06-24 12:26:24,942 - WARNING - Params [module.irn.operations.11.NH.conv1.weight] will not optimize.
25-06-24 12:26:24.942 - WARNING: Params [module.irn.operations.11.NH.conv1.bias] will not optimize.
2025-06-24 12:26:24,942 - WARNING - Params [module.irn.operations.11.NH.conv1.bias] will not optimize.
25-06-24 12:26:24.942 - WARNING: Params [module.irn.operations.11.NH.conv2.weight] will not optimize.
2025-06-24 12:26:24,942 - WARNING - Params [module.irn.operations.11.NH.conv2.weight] will not optimize.
25-06-24 12:26:24.942 - WARNING: Params [module.irn.operations.11.NH.conv2.bias] will not optimize.
2025-06-24 12:26:24,942 - WARNING - Params [module.irn.operations.11.NH.conv2.bias] will not optimize.
25-06-24 12:26:24.942 - WARNING: Params [module.irn.operations.11.NH.conv3.weight] will not optimize.
2025-06-24 12:26:24,942 - WARNING - Params [module.irn.operations.11.NH.conv3.weight] will not optimize.
25-06-24 12:26:24.943 - WARNING: Params [module.irn.operations.11.NH.conv3.bias] will not optimize.
2025-06-24 12:26:24,943 - WARNING - Params [module.irn.operations.11.NH.conv3.bias] will not optimize.
25-06-24 12:26:24.943 - WARNING: Params [module.irn.operations.11.NH.sca.1.weight] will not optimize.
2025-06-24 12:26:24,943 - WARNING - Params [module.irn.operations.11.NH.sca.1.weight] will not optimize.
25-06-24 12:26:24.943 - WARNING: Params [module.irn.operations.11.NH.sca.1.bias] will not optimize.
2025-06-24 12:26:24,943 - WARNING - Params [module.irn.operations.11.NH.sca.1.bias] will not optimize.
25-06-24 12:26:24.943 - WARNING: Params [module.irn.operations.11.NH.conv4.weight] will not optimize.
2025-06-24 12:26:24,943 - WARNING - Params [module.irn.operations.11.NH.conv4.weight] will not optimize.
25-06-24 12:26:24.943 - WARNING: Params [module.irn.operations.11.NH.conv4.bias] will not optimize.
2025-06-24 12:26:24,943 - WARNING - Params [module.irn.operations.11.NH.conv4.bias] will not optimize.
25-06-24 12:26:24.943 - WARNING: Params [module.irn.operations.11.NH.conv5.weight] will not optimize.
2025-06-24 12:26:24,943 - WARNING - Params [module.irn.operations.11.NH.conv5.weight] will not optimize.
25-06-24 12:26:24.943 - WARNING: Params [module.irn.operations.11.NH.conv5.bias] will not optimize.
2025-06-24 12:26:24,943 - WARNING - Params [module.irn.operations.11.NH.conv5.bias] will not optimize.
25-06-24 12:26:24.943 - WARNING: Params [module.irn.operations.11.NH.norm1.weight] will not optimize.
2025-06-24 12:26:24,943 - WARNING - Params [module.irn.operations.11.NH.norm1.weight] will not optimize.
25-06-24 12:26:24.943 - WARNING: Params [module.irn.operations.11.NH.norm1.bias] will not optimize.
2025-06-24 12:26:24,943 - WARNING - Params [module.irn.operations.11.NH.norm1.bias] will not optimize.
25-06-24 12:26:24.943 - WARNING: Params [module.irn.operations.11.NH.norm2.weight] will not optimize.
2025-06-24 12:26:24,943 - WARNING - Params [module.irn.operations.11.NH.norm2.weight] will not optimize.
25-06-24 12:26:24.943 - WARNING: Params [module.irn.operations.11.NH.norm2.bias] will not optimize.
2025-06-24 12:26:24,943 - WARNING - Params [module.irn.operations.11.NH.norm2.bias] will not optimize.
25-06-24 12:26:24.943 - WARNING: Params [module.pm.conv_in.weight] will not optimize.
2025-06-24 12:26:24,943 - WARNING - Params [module.pm.conv_in.weight] will not optimize.
25-06-24 12:26:24.943 - WARNING: Params [module.pm.conv_in.bias] will not optimize.
2025-06-24 12:26:24,943 - WARNING - Params [module.pm.conv_in.bias] will not optimize.
25-06-24 12:26:24.943 - WARNING: Params [module.pm.res_block.0.conv1.weight] will not optimize.
2025-06-24 12:26:24,943 - WARNING - Params [module.pm.res_block.0.conv1.weight] will not optimize.
25-06-24 12:26:24.943 - WARNING: Params [module.pm.res_block.0.conv1.bias] will not optimize.
2025-06-24 12:26:24,943 - WARNING - Params [module.pm.res_block.0.conv1.bias] will not optimize.
25-06-24 12:26:24.943 - WARNING: Params [module.pm.res_block.0.conv2.weight] will not optimize.
2025-06-24 12:26:24,943 - WARNING - Params [module.pm.res_block.0.conv2.weight] will not optimize.
25-06-24 12:26:24.943 - WARNING: Params [module.pm.res_block.0.conv2.bias] will not optimize.
2025-06-24 12:26:24,943 - WARNING - Params [module.pm.res_block.0.conv2.bias] will not optimize.
25-06-24 12:26:24.943 - WARNING: Params [module.pm.res_block.1.conv1.weight] will not optimize.
2025-06-24 12:26:24,943 - WARNING - Params [module.pm.res_block.1.conv1.weight] will not optimize.
25-06-24 12:26:24.944 - WARNING: Params [module.pm.res_block.1.conv1.bias] will not optimize.
2025-06-24 12:26:24,944 - WARNING - Params [module.pm.res_block.1.conv1.bias] will not optimize.
25-06-24 12:26:24.944 - WARNING: Params [module.pm.res_block.1.conv2.weight] will not optimize.
2025-06-24 12:26:24,944 - WARNING - Params [module.pm.res_block.1.conv2.weight] will not optimize.
25-06-24 12:26:24.944 - WARNING: Params [module.pm.res_block.1.conv2.bias] will not optimize.
2025-06-24 12:26:24,944 - WARNING - Params [module.pm.res_block.1.conv2.bias] will not optimize.
25-06-24 12:26:24.944 - WARNING: Params [module.pm.res_block.2.conv1.weight] will not optimize.
2025-06-24 12:26:24,944 - WARNING - Params [module.pm.res_block.2.conv1.weight] will not optimize.
25-06-24 12:26:24.944 - WARNING: Params [module.pm.res_block.2.conv1.bias] will not optimize.
2025-06-24 12:26:24,944 - WARNING - Params [module.pm.res_block.2.conv1.bias] will not optimize.
25-06-24 12:26:24.944 - WARNING: Params [module.pm.res_block.2.conv2.weight] will not optimize.
2025-06-24 12:26:24,944 - WARNING - Params [module.pm.res_block.2.conv2.weight] will not optimize.
25-06-24 12:26:24.944 - WARNING: Params [module.pm.res_block.2.conv2.bias] will not optimize.
2025-06-24 12:26:24,944 - WARNING - Params [module.pm.res_block.2.conv2.bias] will not optimize.
25-06-24 12:26:24.944 - WARNING: Params [module.pm.res_block.3.conv1.weight] will not optimize.
2025-06-24 12:26:24,944 - WARNING - Params [module.pm.res_block.3.conv1.weight] will not optimize.
25-06-24 12:26:24.944 - WARNING: Params [module.pm.res_block.3.conv1.bias] will not optimize.
2025-06-24 12:26:24,944 - WARNING - Params [module.pm.res_block.3.conv1.bias] will not optimize.
25-06-24 12:26:24.944 - WARNING: Params [module.pm.res_block.3.conv2.weight] will not optimize.
2025-06-24 12:26:24,944 - WARNING - Params [module.pm.res_block.3.conv2.weight] will not optimize.
25-06-24 12:26:24.944 - WARNING: Params [module.pm.res_block.3.conv2.bias] will not optimize.
2025-06-24 12:26:24,944 - WARNING - Params [module.pm.res_block.3.conv2.bias] will not optimize.
25-06-24 12:26:24.944 - WARNING: Params [module.pm.res_block.4.conv1.weight] will not optimize.
2025-06-24 12:26:24,944 - WARNING - Params [module.pm.res_block.4.conv1.weight] will not optimize.
25-06-24 12:26:24.944 - WARNING: Params [module.pm.res_block.4.conv1.bias] will not optimize.
2025-06-24 12:26:24,944 - WARNING - Params [module.pm.res_block.4.conv1.bias] will not optimize.
25-06-24 12:26:24.944 - WARNING: Params [module.pm.res_block.4.conv2.weight] will not optimize.
2025-06-24 12:26:24,944 - WARNING - Params [module.pm.res_block.4.conv2.weight] will not optimize.
25-06-24 12:26:24.944 - WARNING: Params [module.pm.res_block.4.conv2.bias] will not optimize.
2025-06-24 12:26:24,944 - WARNING - Params [module.pm.res_block.4.conv2.bias] will not optimize.
25-06-24 12:26:24.944 - WARNING: Params [module.pm.res_block.5.conv1.weight] will not optimize.
2025-06-24 12:26:24,944 - WARNING - Params [module.pm.res_block.5.conv1.weight] will not optimize.
25-06-24 12:26:24.944 - WARNING: Params [module.pm.res_block.5.conv1.bias] will not optimize.
2025-06-24 12:26:24,944 - WARNING - Params [module.pm.res_block.5.conv1.bias] will not optimize.
25-06-24 12:26:24.944 - WARNING: Params [module.pm.res_block.5.conv2.weight] will not optimize.
2025-06-24 12:26:24,944 - WARNING - Params [module.pm.res_block.5.conv2.weight] will not optimize.
25-06-24 12:26:24.944 - WARNING: Params [module.pm.res_block.5.conv2.bias] will not optimize.
2025-06-24 12:26:24,944 - WARNING - Params [module.pm.res_block.5.conv2.bias] will not optimize.
25-06-24 12:26:24.945 - WARNING: Params [module.pm.res_block.6.conv1.weight] will not optimize.
2025-06-24 12:26:24,945 - WARNING - Params [module.pm.res_block.6.conv1.weight] will not optimize.
25-06-24 12:26:24.945 - WARNING: Params [module.pm.res_block.6.conv1.bias] will not optimize.
2025-06-24 12:26:24,945 - WARNING - Params [module.pm.res_block.6.conv1.bias] will not optimize.
25-06-24 12:26:24.945 - WARNING: Params [module.pm.res_block.6.conv2.weight] will not optimize.
2025-06-24 12:26:24,945 - WARNING - Params [module.pm.res_block.6.conv2.weight] will not optimize.
25-06-24 12:26:24.945 - WARNING: Params [module.pm.res_block.6.conv2.bias] will not optimize.
2025-06-24 12:26:24,945 - WARNING - Params [module.pm.res_block.6.conv2.bias] will not optimize.
25-06-24 12:26:24.945 - WARNING: Params [module.pm.res_block.7.conv1.weight] will not optimize.
2025-06-24 12:26:24,945 - WARNING - Params [module.pm.res_block.7.conv1.weight] will not optimize.
25-06-24 12:26:24.945 - WARNING: Params [module.pm.res_block.7.conv1.bias] will not optimize.
2025-06-24 12:26:24,945 - WARNING - Params [module.pm.res_block.7.conv1.bias] will not optimize.
25-06-24 12:26:24.945 - WARNING: Params [module.pm.res_block.7.conv2.weight] will not optimize.
2025-06-24 12:26:24,945 - WARNING - Params [module.pm.res_block.7.conv2.weight] will not optimize.
25-06-24 12:26:24.945 - WARNING: Params [module.pm.res_block.7.conv2.bias] will not optimize.
2025-06-24 12:26:24,945 - WARNING - Params [module.pm.res_block.7.conv2.bias] will not optimize.
25-06-24 12:26:24.945 - WARNING: Params [module.pm.transformer_block.0.norm1.body.weight] will not optimize.
2025-06-24 12:26:24,945 - WARNING - Params [module.pm.transformer_block.0.norm1.body.weight] will not optimize.
25-06-24 12:26:24.945 - WARNING: Params [module.pm.transformer_block.0.norm1.body.bias] will not optimize.
2025-06-24 12:26:24,945 - WARNING - Params [module.pm.transformer_block.0.norm1.body.bias] will not optimize.
25-06-24 12:26:24.945 - WARNING: Params [module.pm.transformer_block.0.attn.temperature] will not optimize.
2025-06-24 12:26:24,945 - WARNING - Params [module.pm.transformer_block.0.attn.temperature] will not optimize.
25-06-24 12:26:24.945 - WARNING: Params [module.pm.transformer_block.0.attn.qkv.weight] will not optimize.
2025-06-24 12:26:24,945 - WARNING - Params [module.pm.transformer_block.0.attn.qkv.weight] will not optimize.
25-06-24 12:26:24.945 - WARNING: Params [module.pm.transformer_block.0.attn.qkv_dwconv.weight] will not optimize.
2025-06-24 12:26:24,945 - WARNING - Params [module.pm.transformer_block.0.attn.qkv_dwconv.weight] will not optimize.
25-06-24 12:26:24.945 - WARNING: Params [module.pm.transformer_block.0.attn.project_out.weight] will not optimize.
2025-06-24 12:26:24,945 - WARNING - Params [module.pm.transformer_block.0.attn.project_out.weight] will not optimize.
25-06-24 12:26:24.945 - WARNING: Params [module.pm.transformer_block.0.norm2.body.weight] will not optimize.
2025-06-24 12:26:24,945 - WARNING - Params [module.pm.transformer_block.0.norm2.body.weight] will not optimize.
25-06-24 12:26:24.945 - WARNING: Params [module.pm.transformer_block.0.norm2.body.bias] will not optimize.
2025-06-24 12:26:24,945 - WARNING - Params [module.pm.transformer_block.0.norm2.body.bias] will not optimize.
25-06-24 12:26:24.945 - WARNING: Params [module.pm.transformer_block.0.ffn.project_in.weight] will not optimize.
2025-06-24 12:26:24,945 - WARNING - Params [module.pm.transformer_block.0.ffn.project_in.weight] will not optimize.
25-06-24 12:26:24.945 - WARNING: Params [module.pm.transformer_block.0.ffn.dwconv.weight] will not optimize.
2025-06-24 12:26:24,945 - WARNING - Params [module.pm.transformer_block.0.ffn.dwconv.weight] will not optimize.
25-06-24 12:26:24.946 - WARNING: Params [module.pm.transformer_block.0.ffn.project_out.weight] will not optimize.
2025-06-24 12:26:24,946 - WARNING - Params [module.pm.transformer_block.0.ffn.project_out.weight] will not optimize.
25-06-24 12:26:24.946 - WARNING: Params [module.pm.transformer_block.1.norm1.body.weight] will not optimize.
2025-06-24 12:26:24,946 - WARNING - Params [module.pm.transformer_block.1.norm1.body.weight] will not optimize.
25-06-24 12:26:24.946 - WARNING: Params [module.pm.transformer_block.1.norm1.body.bias] will not optimize.
2025-06-24 12:26:24,946 - WARNING - Params [module.pm.transformer_block.1.norm1.body.bias] will not optimize.
25-06-24 12:26:24.946 - WARNING: Params [module.pm.transformer_block.1.attn.temperature] will not optimize.
2025-06-24 12:26:24,946 - WARNING - Params [module.pm.transformer_block.1.attn.temperature] will not optimize.
25-06-24 12:26:24.946 - WARNING: Params [module.pm.transformer_block.1.attn.qkv.weight] will not optimize.
2025-06-24 12:26:24,946 - WARNING - Params [module.pm.transformer_block.1.attn.qkv.weight] will not optimize.
25-06-24 12:26:24.946 - WARNING: Params [module.pm.transformer_block.1.attn.qkv_dwconv.weight] will not optimize.
2025-06-24 12:26:24,946 - WARNING - Params [module.pm.transformer_block.1.attn.qkv_dwconv.weight] will not optimize.
25-06-24 12:26:24.946 - WARNING: Params [module.pm.transformer_block.1.attn.project_out.weight] will not optimize.
2025-06-24 12:26:24,946 - WARNING - Params [module.pm.transformer_block.1.attn.project_out.weight] will not optimize.
25-06-24 12:26:24.946 - WARNING: Params [module.pm.transformer_block.1.norm2.body.weight] will not optimize.
2025-06-24 12:26:24,946 - WARNING - Params [module.pm.transformer_block.1.norm2.body.weight] will not optimize.
25-06-24 12:26:24.946 - WARNING: Params [module.pm.transformer_block.1.norm2.body.bias] will not optimize.
2025-06-24 12:26:24,946 - WARNING - Params [module.pm.transformer_block.1.norm2.body.bias] will not optimize.
25-06-24 12:26:24.946 - WARNING: Params [module.pm.transformer_block.1.ffn.project_in.weight] will not optimize.
2025-06-24 12:26:24,946 - WARNING - Params [module.pm.transformer_block.1.ffn.project_in.weight] will not optimize.
25-06-24 12:26:24.946 - WARNING: Params [module.pm.transformer_block.1.ffn.dwconv.weight] will not optimize.
2025-06-24 12:26:24,946 - WARNING - Params [module.pm.transformer_block.1.ffn.dwconv.weight] will not optimize.
25-06-24 12:26:24.946 - WARNING: Params [module.pm.transformer_block.1.ffn.project_out.weight] will not optimize.
2025-06-24 12:26:24,946 - WARNING - Params [module.pm.transformer_block.1.ffn.project_out.weight] will not optimize.
25-06-24 12:26:24.946 - WARNING: Params [module.pm.transformer_block.2.norm1.body.weight] will not optimize.
2025-06-24 12:26:24,946 - WARNING - Params [module.pm.transformer_block.2.norm1.body.weight] will not optimize.
25-06-24 12:26:24.946 - WARNING: Params [module.pm.transformer_block.2.norm1.body.bias] will not optimize.
2025-06-24 12:26:24,946 - WARNING - Params [module.pm.transformer_block.2.norm1.body.bias] will not optimize.
25-06-24 12:26:24.946 - WARNING: Params [module.pm.transformer_block.2.attn.temperature] will not optimize.
2025-06-24 12:26:24,946 - WARNING - Params [module.pm.transformer_block.2.attn.temperature] will not optimize.
25-06-24 12:26:24.946 - WARNING: Params [module.pm.transformer_block.2.attn.qkv.weight] will not optimize.
2025-06-24 12:26:24,946 - WARNING - Params [module.pm.transformer_block.2.attn.qkv.weight] will not optimize.
25-06-24 12:26:24.946 - WARNING: Params [module.pm.transformer_block.2.attn.qkv_dwconv.weight] will not optimize.
2025-06-24 12:26:24,946 - WARNING - Params [module.pm.transformer_block.2.attn.qkv_dwconv.weight] will not optimize.
25-06-24 12:26:24.946 - WARNING: Params [module.pm.transformer_block.2.attn.project_out.weight] will not optimize.
2025-06-24 12:26:24,946 - WARNING - Params [module.pm.transformer_block.2.attn.project_out.weight] will not optimize.
25-06-24 12:26:24.947 - WARNING: Params [module.pm.transformer_block.2.norm2.body.weight] will not optimize.
2025-06-24 12:26:24,947 - WARNING - Params [module.pm.transformer_block.2.norm2.body.weight] will not optimize.
25-06-24 12:26:24.947 - WARNING: Params [module.pm.transformer_block.2.norm2.body.bias] will not optimize.
2025-06-24 12:26:24,947 - WARNING - Params [module.pm.transformer_block.2.norm2.body.bias] will not optimize.
25-06-24 12:26:24.947 - WARNING: Params [module.pm.transformer_block.2.ffn.project_in.weight] will not optimize.
2025-06-24 12:26:24,947 - WARNING - Params [module.pm.transformer_block.2.ffn.project_in.weight] will not optimize.
25-06-24 12:26:24.947 - WARNING: Params [module.pm.transformer_block.2.ffn.dwconv.weight] will not optimize.
2025-06-24 12:26:24,947 - WARNING - Params [module.pm.transformer_block.2.ffn.dwconv.weight] will not optimize.
25-06-24 12:26:24.947 - WARNING: Params [module.pm.transformer_block.2.ffn.project_out.weight] will not optimize.
2025-06-24 12:26:24,947 - WARNING - Params [module.pm.transformer_block.2.ffn.project_out.weight] will not optimize.
25-06-24 12:26:24.947 - WARNING: Params [module.pm.transformer_block.3.norm1.body.weight] will not optimize.
2025-06-24 12:26:24,947 - WARNING - Params [module.pm.transformer_block.3.norm1.body.weight] will not optimize.
25-06-24 12:26:24.947 - WARNING: Params [module.pm.transformer_block.3.norm1.body.bias] will not optimize.
2025-06-24 12:26:24,947 - WARNING - Params [module.pm.transformer_block.3.norm1.body.bias] will not optimize.
25-06-24 12:26:24.947 - WARNING: Params [module.pm.transformer_block.3.attn.temperature] will not optimize.
2025-06-24 12:26:24,947 - WARNING - Params [module.pm.transformer_block.3.attn.temperature] will not optimize.
25-06-24 12:26:24.947 - WARNING: Params [module.pm.transformer_block.3.attn.qkv.weight] will not optimize.
2025-06-24 12:26:24,947 - WARNING - Params [module.pm.transformer_block.3.attn.qkv.weight] will not optimize.
25-06-24 12:26:24.947 - WARNING: Params [module.pm.transformer_block.3.attn.qkv_dwconv.weight] will not optimize.
2025-06-24 12:26:24,947 - WARNING - Params [module.pm.transformer_block.3.attn.qkv_dwconv.weight] will not optimize.
25-06-24 12:26:24.947 - WARNING: Params [module.pm.transformer_block.3.attn.project_out.weight] will not optimize.
2025-06-24 12:26:24,947 - WARNING - Params [module.pm.transformer_block.3.attn.project_out.weight] will not optimize.
25-06-24 12:26:24.947 - WARNING: Params [module.pm.transformer_block.3.norm2.body.weight] will not optimize.
2025-06-24 12:26:24,947 - WARNING - Params [module.pm.transformer_block.3.norm2.body.weight] will not optimize.
25-06-24 12:26:24.947 - WARNING: Params [module.pm.transformer_block.3.norm2.body.bias] will not optimize.
2025-06-24 12:26:24,947 - WARNING - Params [module.pm.transformer_block.3.norm2.body.bias] will not optimize.
25-06-24 12:26:24.947 - WARNING: Params [module.pm.transformer_block.3.ffn.project_in.weight] will not optimize.
2025-06-24 12:26:24,947 - WARNING - Params [module.pm.transformer_block.3.ffn.project_in.weight] will not optimize.
25-06-24 12:26:24.947 - WARNING: Params [module.pm.transformer_block.3.ffn.dwconv.weight] will not optimize.
2025-06-24 12:26:24,947 - WARNING - Params [module.pm.transformer_block.3.ffn.dwconv.weight] will not optimize.
25-06-24 12:26:24.947 - WARNING: Params [module.pm.transformer_block.3.ffn.project_out.weight] will not optimize.
2025-06-24 12:26:24,947 - WARNING - Params [module.pm.transformer_block.3.ffn.project_out.weight] will not optimize.
25-06-24 12:26:24.947 - WARNING: Params [module.pm.prompt.prompt_param] will not optimize.
2025-06-24 12:26:24,947 - WARNING - Params [module.pm.prompt.prompt_param] will not optimize.
25-06-24 12:26:24.947 - WARNING: Params [module.pm.prompt.linear_layer.weight] will not optimize.
2025-06-24 12:26:24,947 - WARNING - Params [module.pm.prompt.linear_layer.weight] will not optimize.
25-06-24 12:26:24.948 - WARNING: Params [module.pm.prompt.linear_layer.bias] will not optimize.
2025-06-24 12:26:24,948 - WARNING - Params [module.pm.prompt.linear_layer.bias] will not optimize.
25-06-24 12:26:24.948 - WARNING: Params [module.pm.prompt.conv3x3.weight] will not optimize.
2025-06-24 12:26:24,948 - WARNING - Params [module.pm.prompt.conv3x3.weight] will not optimize.
25-06-24 12:26:24.948 - WARNING: Params [module.pm.fuse.weight] will not optimize.
2025-06-24 12:26:24,948 - WARNING - Params [module.pm.fuse.weight] will not optimize.
25-06-24 12:26:24.948 - WARNING: Params [module.pm.fuse.bias] will not optimize.
2025-06-24 12:26:24,948 - WARNING - Params [module.pm.fuse.bias] will not optimize.
25-06-24 12:26:24.948 - INFO: Model [Model_VSN] is created.
2025-06-24 12:26:24,948 - INFO - Model [Model_VSN] is created.
25-06-24 12:26:24.948 - INFO: Resuming training from epoch: 3, iter: 45000.
2025-06-24 12:26:24,948 - INFO - Resuming training from epoch: 3, iter: 45000.
25-06-24 12:26:24.950 - INFO: Start training from epoch: 3, iter: 45000
2025-06-24 12:26:24,950 - INFO - Start training from epoch: 3, iter: 45000
========== Epoch: 3 ==========
25-06-24 12:26:53.014 - INFO: <epoch:  3, iter:  45,100, lr:5.000e-05> l_forw_fit: 2.4331e+00 l_msg: 0.0000e+00 
2025-06-24 12:26:53,014 - INFO - <epoch:  3, iter:  45,100, lr:5.000e-05> l_forw_fit: 2.4331e+00 l_msg: 0.0000e+00 
25-06-24 12:27:15.269 - INFO: <epoch:  3, iter:  45,200, lr:5.000e-05> l_forw_fit: 2.5988e+00 l_msg: 1.7194e-02 
2025-06-24 12:27:15,269 - INFO - <epoch:  3, iter:  45,200, lr:5.000e-05> l_forw_fit: 2.5988e+00 l_msg: 1.7194e-02 
25-06-24 12:27:38.050 - INFO: <epoch:  3, iter:  45,300, lr:5.000e-05> l_forw_fit: 2.3574e+00 l_msg: 9.1485e-02 
2025-06-24 12:27:38,050 - INFO - <epoch:  3, iter:  45,300, lr:5.000e-05> l_forw_fit: 2.3574e+00 l_msg: 9.1485e-02 
25-06-24 12:27:59.997 - INFO: <epoch:  3, iter:  45,400, lr:5.000e-05> l_forw_fit: 2.6324e+00 l_msg: 2.0282e-02 
2025-06-24 12:27:59,997 - INFO - <epoch:  3, iter:  45,400, lr:5.000e-05> l_forw_fit: 2.6324e+00 l_msg: 2.0282e-02 
25-06-24 12:28:22.201 - INFO: <epoch:  3, iter:  45,500, lr:5.000e-05> l_forw_fit: 3.2330e+00 l_msg: 4.5719e-02 
2025-06-24 12:28:22,201 - INFO - <epoch:  3, iter:  45,500, lr:5.000e-05> l_forw_fit: 3.2330e+00 l_msg: 4.5719e-02 
Embed time: 0.41 seconds
Extract time: 0.03 seconds
0.0
Embed time: 0.02 seconds
Extract time: 0.01 seconds
0.0
Embed time: 0.02 seconds
Extract time: 0.01 seconds
0.0
Embed time: 0.02 seconds
Extract time: 0.01 seconds
0.0
Embed time: 0.02 seconds
Extract time: 0.01 seconds
0.015625
Embed time: 0.02 seconds
Extract time: 0.01 seconds
0.0
Embed time: 0.02 seconds
Extract time: 0.01 seconds
0.0
Embed time: 0.02 seconds
Extract time: 0.01 seconds
0.0
Embed time: 0.02 seconds
Extract time: 0.01 seconds
0.0
Embed time: 0.02 seconds
Extract time: 0.01 seconds
0.0
Embed time: 0.02 seconds
Extract time: 0.05 seconds
0.0
Embed time: 0.03 seconds
Extract time: 0.01 seconds
0.0
Embed time: 0.02 seconds
Extract time: 0.03 seconds
0.0
Embed time: 0.04 seconds
Extract time: 0.01 seconds
0.0
Embed time: 0.02 seconds
Extract time: 0.01 seconds
0.0
Embed time: 0.05 seconds
Extract time: 0.01 seconds
0.0
Embed time: 0.02 seconds
Extract time: 0.01 seconds
0.0
Embed time: 0.05 seconds
Extract time: 0.01 seconds
0.015625
Embed time: 0.02 seconds
Extract time: 0.01 seconds
0.0
Embed time: 0.04 seconds
Extract time: 0.01 seconds
0.0
Embed time: 0.02 seconds
Extract time: 0.01 seconds
0.0
Embed time: 0.02 seconds
Extract time: 0.01 seconds
0.0625
Embed time: 0.02 seconds
Extract time: 0.01 seconds
0.0
Embed time: 0.02 seconds
Extract time: 0.01 seconds
0.015625
Embed time: 0.02 seconds
Extract time: 0.01 seconds
0.0
Embed time: 0.01 seconds
Extract time: 0.04 seconds
0.0
Embed time: 0.03 seconds
Extract time: 0.01 seconds
0.0
Embed time: 0.01 seconds
Extract time: 0.03 seconds
0.0
Embed time: 0.04 seconds
Extract time: 0.01 seconds
0.0
Embed time: 0.01 seconds
Extract time: 0.01 seconds
0.0
Embed time: 0.02 seconds
Extract time: 0.01 seconds
0.0625
Embed time: 0.01 seconds
Extract time: 0.01 seconds
0.0
Embed time: 0.01 seconds
Extract time: 0.04 seconds
0.0
Embed time: 0.05 seconds
Extract time: 0.01 seconds
0.0
Embed time: 0.01 seconds
Extract time: 0.01 seconds
0.0
Embed time: 0.04 seconds
Extract time: 0.01 seconds
0.0
Embed time: 0.01 seconds
Extract time: 0.01 seconds
0.015625
Embed time: 0.04 seconds
Extract time: 0.01 seconds
0.0
Embed time: 0.01 seconds
Extract time: 0.01 seconds
0.0
Embed time: 0.05 seconds
Extract time: 0.01 seconds
0.0
Embed time: 0.01 seconds
Extract time: 0.01 seconds
0.0
Embed time: 0.01 seconds
Extract time: 0.01 seconds
0.015625
Embed time: 0.01 seconds
Extract time: 0.01 seconds
0.0
Embed time: 0.01 seconds
Extract time: 0.04 seconds
0.0
Embed time: 0.01 seconds
Extract time: 0.01 seconds
0.0
Embed time: 0.05 seconds
Extract time: 0.01 seconds
0.0
Embed time: 0.01 seconds
Extract time: 0.03 seconds
0.0
Embed time: 0.04 seconds
Extract time: 0.01 seconds
0.0
Embed time: 0.01 seconds
Extract time: 0.01 seconds
0.0
Embed time: 0.06 seconds
Extract time: 0.01 seconds
0.078125
Embed time: 0.02 seconds
Extract time: 0.01 seconds
0.0
Embed time: 0.05 seconds
Extract time: 0.01 seconds
0.0
Embed time: 0.02 seconds
Extract time: 0.01 seconds
0.0
Embed time: 0.05 seconds
Extract time: 0.01 seconds
0.0
Embed time: 0.02 seconds
Extract time: 0.01 seconds
0.0
Embed time: 0.04 seconds
Extract time: 0.01 seconds
0.046875
Embed time: 0.02 seconds
Extract time: 0.01 seconds
0.0
Embed time: 0.02 seconds
Extract time: 0.01 seconds
0.0
Embed time: 0.03 seconds
Extract time: 0.01 seconds
0.0
Embed time: 0.02 seconds
Extract time: 0.01 seconds
0.0
Embed time: 0.01 seconds
Extract time: 0.01 seconds
0.0
Embed time: 0.01 seconds
Extract time: 0.01 seconds
0.0
Embed time: 0.05 seconds
Extract time: 0.01 seconds
0.0
Embed time: 0.01 seconds
Extract time: 0.01 seconds
0.0
Embed time: 0.03 seconds
Extract time: 0.01 seconds
0.0
Embed time: 0.01 seconds
Extract time: 0.01 seconds
0.0
Embed time: 0.03 seconds
Extract time: 0.01 seconds
0.0
Embed time: 0.01 seconds
Extract time: 0.01 seconds
0.0
Embed time: 0.05 seconds
Extract time: 0.01 seconds
0.0
Embed time: 0.01 seconds
Extract time: 0.01 seconds
0.0
Embed time: 0.05 seconds
Extract time: 0.01 seconds
0.0
Embed time: 0.02 seconds
Extract time: 0.01 seconds
0.0
Embed time: 0.01 seconds
Extract time: 0.05 seconds
0.0
Embed time: 0.01 seconds
Extract time: 0.01 seconds
0.0
Embed time: 0.02 seconds
Extract time: 0.01 seconds
0.0
Embed time: 0.02 seconds
Extract time: 0.01 seconds
0.0
Embed time: 0.01 seconds
Extract time: 0.01 seconds
0.0
Embed time: 0.05 seconds
Extract time: 0.02 seconds
0.0
Embed time: 0.01 seconds
Extract time: 0.03 seconds
0.0
Embed time: 0.03 seconds
Extract time: 0.01 seconds
0.0
Embed time: 0.02 seconds
Extract time: 0.01 seconds
0.015625
Embed time: 0.04 seconds
Extract time: 0.01 seconds
0.0
Embed time: 0.02 seconds
Extract time: 0.01 seconds
0.03125
Embed time: 0.04 seconds
Extract time: 0.01 seconds
0.0
Embed time: 0.02 seconds
Extract time: 0.01 seconds
0.0
Embed time: 0.04 seconds
Extract time: 0.01 seconds
0.0
Embed time: 0.02 seconds
Extract time: 0.01 seconds
0.0
Embed time: 0.04 seconds
Extract time: 0.01 seconds
0.0
Embed time: 0.02 seconds
Extract time: 0.01 seconds
0.0
Embed time: 0.02 seconds
Extract time: 0.01 seconds
0.0
Embed time: 0.02 seconds
Extract time: 0.01 seconds
0.0
Embed time: 0.02 seconds
Extract time: 0.01 seconds
0.0
Embed time: 0.02 seconds
Extract time: 0.01 seconds
0.0
Embed time: 0.02 seconds
Extract time: 0.01 seconds
0.0
Embed time: 0.02 seconds
Extract time: 0.01 seconds
0.0
Embed time: 0.02 seconds
Extract time: 0.02 seconds
0.0
Embed time: 0.02 seconds
Extract time: 0.01 seconds
0.0
Embed time: 0.02 seconds
Extract time: 0.04 seconds
0.0
Embed time: 0.02 seconds
Extract time: 0.01 seconds
0.0
Embed time: 0.02 seconds
Extract time: 0.01 seconds
0.0
25-06-24 12:28:37.506 - INFO: # Validation # PSNR_Stego: 3.9888e+01, Bit_acc:  3.7500e-03
2025-06-24 12:28:37,506 - INFO - # Validation # PSNR_Stego: 3.9888e+01, Bit_acc:  3.7500e-03
25-06-24 12:28:37.507 - INFO: <epoch:  3, iter:  45,500> PSNR_Stego: 3.9888e+01, Bit_acc:  3.7500e-03
2025-06-24 12:28:37,507 - INFO - <epoch:  3, iter:  45,500> PSNR_Stego: 3.9888e+01, Bit_acc:  3.7500e-03
25-06-24 12:28:59.818 - INFO: <epoch:  3, iter:  45,600, lr:5.000e-05> l_forw_fit: 2.9686e+00 l_msg: 2.9165e-02 
2025-06-24 12:28:59,818 - INFO - <epoch:  3, iter:  45,600, lr:5.000e-05> l_forw_fit: 2.9686e+00 l_msg: 2.9165e-02 
25-06-24 12:29:22.233 - INFO: <epoch:  3, iter:  45,700, lr:5.000e-05> l_forw_fit: 2.3105e+00 l_msg: 7.8125e-03 
2025-06-24 12:29:22,233 - INFO - <epoch:  3, iter:  45,700, lr:5.000e-05> l_forw_fit: 2.3105e+00 l_msg: 7.8125e-03 
25-06-24 12:29:44.546 - INFO: <epoch:  3, iter:  45,800, lr:5.000e-05> l_forw_fit: 2.6919e+00 l_msg: 6.9065e-03 
2025-06-24 12:29:44,546 - INFO - <epoch:  3, iter:  45,800, lr:5.000e-05> l_forw_fit: 2.6919e+00 l_msg: 6.9065e-03 
25-06-24 12:30:06.834 - INFO: <epoch:  3, iter:  45,900, lr:5.000e-05> l_forw_fit: 2.9610e+00 l_msg: 4.8505e-03 
2025-06-24 12:30:06,834 - INFO - <epoch:  3, iter:  45,900, lr:5.000e-05> l_forw_fit: 2.9610e+00 l_msg: 4.8505e-03 
25-06-24 12:30:28.627 - INFO: <epoch:  3, iter:  46,000, lr:5.000e-05> l_forw_fit: 2.4581e+00 l_msg: 9.5281e-04 
2025-06-24 12:30:28,627 - INFO - <epoch:  3, iter:  46,000, lr:5.000e-05> l_forw_fit: 2.4581e+00 l_msg: 9.5281e-04 
Embed time: 0.03 seconds
Extract time: 0.01 seconds
0.0
Embed time: 0.02 seconds
Extract time: 0.01 seconds
0.0
Embed time: 0.01 seconds
Extract time: 0.01 seconds
0.0
Embed time: 0.05 seconds
Extract time: 0.01 seconds
0.0
Embed time: 0.02 seconds
Extract time: 0.01 seconds
0.0
Embed time: 0.05 seconds
Extract time: 0.01 seconds
0.0
Embed time: 0.01 seconds
Extract time: 0.01 seconds
0.0
Embed time: 0.01 seconds
Extract time: 0.01 seconds
0.0
Embed time: 0.01 seconds
Extract time: 0.01 seconds
0.0
Embed time: 0.01 seconds
Extract time: 0.01 seconds
0.0
Embed time: 0.01 seconds
Extract time: 0.01 seconds
0.046875
Embed time: 0.05 seconds
Extract time: 0.01 seconds
0.0
Embed time: 0.01 seconds
Extract time: 0.01 seconds
0.0
Embed time: 0.05 seconds
Extract time: 0.01 seconds
0.0
Embed time: 0.01 seconds
Extract time: 0.01 seconds
0.0
Embed time: 0.05 seconds
Extract time: 0.01 seconds
0.0
Embed time: 0.01 seconds
Extract time: 0.01 seconds
0.0
Embed time: 0.01 seconds
Extract time: 0.01 seconds
0.03125
Embed time: 0.01 seconds
Extract time: 0.01 seconds
0.0
Embed time: 0.01 seconds
Extract time: 0.05 seconds
0.0
Embed time: 0.04 seconds
Extract time: 0.01 seconds
0.0
Embed time: 0.01 seconds
Extract time: 0.01 seconds
0.140625
Embed time: 0.01 seconds
Extract time: 0.01 seconds
0.0
Embed time: 0.04 seconds
Extract time: 0.01 seconds
0.0
Embed time: 0.01 seconds
Extract time: 0.01 seconds
0.0
Embed time: 0.04 seconds
Extract time: 0.01 seconds
0.0
Embed time: 0.02 seconds
Extract time: 0.01 seconds
0.0
Embed time: 0.04 seconds
Extract time: 0.01 seconds
0.03125
Embed time: 0.01 seconds
Extract time: 0.01 seconds
0.015625
Embed time: 0.04 seconds
Extract time: 0.01 seconds
0.046875
Embed time: 0.02 seconds
Extract time: 0.01 seconds
0.0
Embed time: 0.04 seconds
Extract time: 0.01 seconds
0.0
Embed time: 0.01 seconds
Extract time: 0.01 seconds
0.0
Embed time: 0.04 seconds
Extract time: 0.01 seconds
0.0
Embed time: 0.01 seconds
Extract time: 0.01 seconds
0.0
Embed time: 0.05 seconds
Extract time: 0.01 seconds
0.0
Embed time: 0.01 seconds
Extract time: 0.01 seconds
0.0
Embed time: 0.04 seconds
Extract time: 0.01 seconds
0.0
Embed time: 0.01 seconds
Extract time: 0.01 seconds
0.0
Embed time: 0.05 seconds
Extract time: 0.01 seconds
0.0
Embed time: 0.01 seconds
Extract time: 0.01 seconds
0.0
Embed time: 0.05 seconds
Extract time: 0.01 seconds
0.0
Embed time: 0.01 seconds
Extract time: 0.01 seconds
0.140625
Embed time: 0.04 seconds
Extract time: 0.01 seconds
0.03125
Embed time: 0.01 seconds
Extract time: 0.02 seconds
0.03125
Embed time: 0.03 seconds
Extract time: 0.01 seconds
0.0
Embed time: 0.01 seconds
Extract time: 0.01 seconds
0.0
Embed time: 0.06 seconds
Extract time: 0.01 seconds
0.015625
Embed time: 0.01 seconds
Extract time: 0.01 seconds
0.0
Embed time: 0.04 seconds
Extract time: 0.01 seconds
0.09375
Embed time: 0.01 seconds
Extract time: 0.01 seconds
0.0
Embed time: 0.05 seconds
Extract time: 0.01 seconds
0.0
Embed time: 0.01 seconds
Extract time: 0.01 seconds
0.0
Embed time: 0.05 seconds
Extract time: 0.01 seconds
0.0
Embed time: 0.01 seconds
Extract time: 0.01 seconds
0.0
Embed time: 0.05 seconds
Extract time: 0.01 seconds
0.015625
Embed time: 0.01 seconds
Extract time: 0.01 seconds
0.0
Embed time: 0.05 seconds
Extract time: 0.01 seconds
0.0
Embed time: 0.01 seconds
Extract time: 0.01 seconds
0.0
Embed time: 0.03 seconds
Extract time: 0.01 seconds
0.0
Embed time: 0.01 seconds
Extract time: 0.01 seconds
0.0
Embed time: 0.05 seconds
Extract time: 0.01 seconds
0.0
Embed time: 0.01 seconds
Extract time: 0.01 seconds
0.0
Embed time: 0.05 seconds
Extract time: 0.01 seconds
0.0
Embed time: 0.01 seconds
Extract time: 0.01 seconds
0.0
Embed time: 0.05 seconds
Extract time: 0.01 seconds
0.015625
Embed time: 0.01 seconds
Extract time: 0.01 seconds
0.0
Embed time: 0.05 seconds
Extract time: 0.01 seconds
0.0
Embed time: 0.02 seconds
Extract time: 0.01 seconds
0.0
Embed time: 0.02 seconds
Extract time: 0.04 seconds
0.0
Embed time: 0.02 seconds
Extract time: 0.01 seconds
0.0
Embed time: 0.05 seconds
Extract time: 0.01 seconds
0.0
Embed time: 0.02 seconds
Extract time: 0.01 seconds
0.0
Embed time: 0.05 seconds
Extract time: 0.01 seconds
0.0
Embed time: 0.02 seconds
Extract time: 0.01 seconds
0.0
Embed time: 0.05 seconds
Extract time: 0.01 seconds
0.0
Embed time: 0.02 seconds
Extract time: 0.01 seconds
0.0
Embed time: 0.04 seconds
Extract time: 0.01 seconds
0.0
Embed time: 0.02 seconds
Extract time: 0.01 seconds
0.0
Embed time: 0.04 seconds
Extract time: 0.01 seconds
0.0
Embed time: 0.02 seconds
Extract time: 0.01 seconds
0.0
Embed time: 0.04 seconds
Extract time: 0.01 seconds
0.0
Embed time: 0.02 seconds
Extract time: 0.01 seconds
0.0
Embed time: 0.05 seconds
Extract time: 0.01 seconds
0.0
Embed time: 0.02 seconds
Extract time: 0.01 seconds
0.0
Embed time: 0.01 seconds
Extract time: 0.04 seconds
0.0
Embed time: 0.01 seconds
Extract time: 0.01 seconds
0.0
Embed time: 0.05 seconds
Extract time: 0.01 seconds
0.0
Embed time: 0.02 seconds
Extract time: 0.01 seconds
0.0
Embed time: 0.04 seconds
Extract time: 0.01 seconds
0.015625
Embed time: 0.01 seconds
Extract time: 0.01 seconds
0.015625
Embed time: 0.04 seconds
Extract time: 0.01 seconds
0.015625
Embed time: 0.01 seconds
Extract time: 0.01 seconds
0.0
Embed time: 0.05 seconds
Extract time: 0.01 seconds
0.015625
Embed time: 0.01 seconds
Extract time: 0.01 seconds
0.0
Embed time: 0.04 seconds
Extract time: 0.01 seconds
0.0
Embed time: 0.01 seconds
Extract time: 0.01 seconds
0.0
Embed time: 0.05 seconds
Extract time: 0.01 seconds
0.0
Embed time: 0.01 seconds
Extract time: 0.01 seconds
0.0
Embed time: 0.04 seconds
Extract time: 0.01 seconds
0.0
25-06-24 12:30:43.922 - INFO: # Validation # PSNR_Stego: 3.9886e+01, Bit_acc:  7.1875e-03
2025-06-24 12:30:43,922 - INFO - # Validation # PSNR_Stego: 3.9886e+01, Bit_acc:  7.1875e-03
25-06-24 12:30:43.923 - INFO: <epoch:  3, iter:  46,000> PSNR_Stego: 3.9886e+01, Bit_acc:  7.1875e-03
2025-06-24 12:30:43,923 - INFO - <epoch:  3, iter:  46,000> PSNR_Stego: 3.9886e+01, Bit_acc:  7.1875e-03
25-06-24 12:30:43.923 - INFO: Saving models and training states.
2025-06-24 12:30:43,923 - INFO - Saving models and training states.
Checkpoint save path: /workspace/EditGuard-V1/experiments/train_ibsn_bit_64/models/46000_G.pth

===== Checkpoint State Path: /workspace/EditGuard-V1/experiments/train_ibsn_bit_64/training_state/46000.state =====

25-06-24 12:31:06.248 - INFO: <epoch:  3, iter:  46,100, lr:5.000e-05> l_forw_fit: 2.5484e+00 l_msg: 5.0855e-02 
2025-06-24 12:31:06,248 - INFO - <epoch:  3, iter:  46,100, lr:5.000e-05> l_forw_fit: 2.5484e+00 l_msg: 5.0855e-02 
25-06-24 12:31:28.811 - INFO: <epoch:  3, iter:  46,200, lr:5.000e-05> l_forw_fit: 2.5439e+00 l_msg: 5.6537e-02 
2025-06-24 12:31:28,811 - INFO - <epoch:  3, iter:  46,200, lr:5.000e-05> l_forw_fit: 2.5439e+00 l_msg: 5.6537e-02 
25-06-24 12:31:51.118 - INFO: <epoch:  3, iter:  46,300, lr:5.000e-05> l_forw_fit: 2.5759e+00 l_msg: 0.0000e+00 
2025-06-24 12:31:51,118 - INFO - <epoch:  3, iter:  46,300, lr:5.000e-05> l_forw_fit: 2.5759e+00 l_msg: 0.0000e+00 
25-06-24 12:32:13.369 - INFO: <epoch:  3, iter:  46,400, lr:5.000e-05> l_forw_fit: 2.2494e+00 l_msg: 0.0000e+00 
2025-06-24 12:32:13,369 - INFO - <epoch:  3, iter:  46,400, lr:5.000e-05> l_forw_fit: 2.2494e+00 l_msg: 0.0000e+00 
25-06-24 12:32:35.763 - INFO: <epoch:  3, iter:  46,500, lr:5.000e-05> l_forw_fit: 1.9971e+00 l_msg: 6.5045e-02 
2025-06-24 12:32:35,763 - INFO - <epoch:  3, iter:  46,500, lr:5.000e-05> l_forw_fit: 1.9971e+00 l_msg: 6.5045e-02 
Embed time: 0.03 seconds
Extract time: 0.01 seconds
0.0
Embed time: 0.03 seconds
Extract time: 0.01 seconds
0.0
Embed time: 0.02 seconds
Extract time: 0.02 seconds
0.046875
Embed time: 0.03 seconds
Extract time: 0.01 seconds
0.0
Embed time: 0.02 seconds
Extract time: 0.01 seconds
0.046875
Embed time: 0.02 seconds
Extract time: 0.01 seconds
0.0
Embed time: 0.05 seconds
Extract time: 0.01 seconds
0.0
Embed time: 0.02 seconds
Extract time: 0.01 seconds
0.0
Embed time: 0.02 seconds
Extract time: 0.01 seconds
0.0
Embed time: 0.02 seconds
Extract time: 0.01 seconds
0.046875
Embed time: 0.02 seconds
Extract time: 0.01 seconds
0.0
Embed time: 0.02 seconds
Extract time: 0.01 seconds
0.0
Embed time: 0.05 seconds
Extract time: 0.01 seconds
0.0
Embed time: 0.02 seconds
Extract time: 0.01 seconds
0.0
Embed time: 0.05 seconds
Extract time: 0.02 seconds
0.0
Embed time: 0.02 seconds
Extract time: 0.01 seconds
0.0
Embed time: 0.06 seconds
Extract time: 0.02 seconds
0.0
Embed time: 0.02 seconds
Extract time: 0.01 seconds
0.0625
Embed time: 0.04 seconds
Extract time: 0.01 seconds
0.0
Embed time: 0.02 seconds
Extract time: 0.01 seconds
0.0
Embed time: 0.04 seconds
Extract time: 0.01 seconds
0.0
Embed time: 0.02 seconds
Extract time: 0.01 seconds
0.109375
Embed time: 0.04 seconds
Extract time: 0.01 seconds
0.0
Embed time: 0.02 seconds
Extract time: 0.01 seconds
0.0
Embed time: 0.05 seconds
Extract time: 0.01 seconds
0.0
Embed time: 0.02 seconds
Extract time: 0.01 seconds
0.0
Embed time: 0.05 seconds
Extract time: 0.01 seconds
0.0
Embed time: 0.02 seconds
Extract time: 0.01 seconds
0.0
Embed time: 0.02 seconds
Extract time: 0.01 seconds
0.0
Embed time: 0.01 seconds
Extract time: 0.01 seconds
0.0625
Embed time: 0.02 seconds
Extract time: 0.01 seconds
0.125
Embed time: 0.02 seconds
Extract time: 0.01 seconds
0.015625
Embed time: 0.02 seconds
Extract time: 0.01 seconds
0.0
Embed time: 0.04 seconds
Extract time: 0.01 seconds
0.0
Embed time: 0.02 seconds
Extract time: 0.01 seconds
0.0
Embed time: 0.01 seconds
Extract time: 0.01 seconds
0.0
Embed time: 0.01 seconds
Extract time: 0.01 seconds
0.0
Embed time: 0.05 seconds
Extract time: 0.01 seconds
0.0
Embed time: 0.01 seconds
Extract time: 0.01 seconds
0.0
Embed time: 0.05 seconds
Extract time: 0.01 seconds
0.0
Embed time: 0.03 seconds
Extract time: 0.02 seconds
0.03125
Embed time: 0.02 seconds
Extract time: 0.01 seconds
0.0
Embed time: 0.02 seconds
Extract time: 0.01 seconds
0.0
Embed time: 0.02 seconds
Extract time: 0.01 seconds
0.015625
Embed time: 0.02 seconds
Extract time: 0.01 seconds
0.0
Embed time: 0.02 seconds
Extract time: 0.01 seconds
0.0
Embed time: 0.02 seconds
Extract time: 0.01 seconds
0.015625
Embed time: 0.02 seconds
Extract time: 0.01 seconds
0.015625
Embed time: 0.04 seconds
Extract time: 0.01 seconds
0.0
Embed time: 0.02 seconds
Extract time: 0.01 seconds
0.109375
Embed time: 0.02 seconds
Extract time: 0.01 seconds
0.015625
Embed time: 0.02 seconds
Extract time: 0.01 seconds
0.0
Embed time: 0.05 seconds
Extract time: 0.01 seconds
0.0
Embed time: 0.01 seconds
Extract time: 0.01 seconds
0.0
Embed time: 0.05 seconds
Extract time: 0.01 seconds
0.109375
Embed time: 0.01 seconds
Extract time: 0.02 seconds
0.015625
Embed time: 0.04 seconds
Extract time: 0.01 seconds
0.0
Embed time: 0.01 seconds
Extract time: 0.01 seconds
0.015625
Embed time: 0.02 seconds
Extract time: 0.04 seconds
0.0
Embed time: 0.04 seconds
Extract time: 0.01 seconds
0.0
Embed time: 0.01 seconds
Extract time: 0.01 seconds
0.015625
Embed time: 0.05 seconds
Extract time: 0.01 seconds
0.015625
Embed time: 0.02 seconds
Extract time: 0.01 seconds
0.015625
Embed time: 0.05 seconds
Extract time: 0.01 seconds
0.0
Embed time: 0.01 seconds
Extract time: 0.01 seconds
0.0
Embed time: 0.05 seconds
Extract time: 0.01 seconds
0.0
Embed time: 0.02 seconds
Extract time: 0.01 seconds
0.0
Embed time: 0.04 seconds
Extract time: 0.01 seconds
0.0
Embed time: 0.02 seconds
Extract time: 0.01 seconds
0.0
Embed time: 0.05 seconds
Extract time: 0.01 seconds
0.0
Embed time: 0.02 seconds
Extract time: 0.01 seconds
0.0
Embed time: 0.02 seconds
Extract time: 0.01 seconds
0.0
Embed time: 0.02 seconds
Extract time: 0.01 seconds
0.0
Embed time: 0.03 seconds
Extract time: 0.01 seconds
0.03125
Embed time: 0.02 seconds
Extract time: 0.01 seconds
0.0
Embed time: 0.02 seconds
Extract time: 0.01 seconds
0.0
Embed time: 0.02 seconds
Extract time: 0.01 seconds
0.0
Embed time: 0.02 seconds
Extract time: 0.01 seconds
0.0
Embed time: 0.02 seconds
Extract time: 0.01 seconds
0.015625
Embed time: 0.01 seconds
Extract time: 0.01 seconds
0.0
Embed time: 0.05 seconds
Extract time: 0.01 seconds
0.046875
Embed time: 0.01 seconds
Extract time: 0.01 seconds
0.0
Embed time: 0.02 seconds
Extract time: 0.05 seconds
0.0
Embed time: 0.02 seconds
Extract time: 0.01 seconds
0.0625
Embed time: 0.05 seconds
Extract time: 0.01 seconds
0.015625
Embed time: 0.01 seconds
Extract time: 0.01 seconds
0.046875
Embed time: 0.04 seconds
Extract time: 0.01 seconds
0.0
Embed time: 0.02 seconds
Extract time: 0.01 seconds
0.015625
Embed time: 0.03 seconds
Extract time: 0.01 seconds
0.0
Embed time: 0.02 seconds
Extract time: 0.01 seconds
0.0
Embed time: 0.05 seconds
Extract time: 0.01 seconds
0.0
Embed time: 0.01 seconds
Extract time: 0.01 seconds
0.015625
Embed time: 0.05 seconds
Extract time: 0.01 seconds
0.0
Embed time: 0.01 seconds
Extract time: 0.01 seconds
0.03125
Embed time: 0.02 seconds
Extract time: 0.01 seconds
0.0
Embed time: 0.02 seconds
Extract time: 0.01 seconds
0.0
Embed time: 0.02 seconds
Extract time: 0.01 seconds
0.0
Embed time: 0.02 seconds
Extract time: 0.01 seconds
0.0
Embed time: 0.02 seconds
Extract time: 0.01 seconds
0.0
Embed time: 0.05 seconds
Extract time: 0.01 seconds
0.0
25-06-24 12:32:50.716 - INFO: # Validation # PSNR_Stego: 3.9324e+01, Bit_acc:  1.1875e-02
2025-06-24 12:32:50,716 - INFO - # Validation # PSNR_Stego: 3.9324e+01, Bit_acc:  1.1875e-02
25-06-24 12:32:50.716 - INFO: <epoch:  3, iter:  46,500> PSNR_Stego: 3.9324e+01, Bit_acc:  1.1875e-02
2025-06-24 12:32:50,716 - INFO - <epoch:  3, iter:  46,500> PSNR_Stego: 3.9324e+01, Bit_acc:  1.1875e-02
25-06-24 12:33:13.004 - INFO: <epoch:  3, iter:  46,600, lr:5.000e-05> l_forw_fit: 2.3286e+00 l_msg: 1.3467e-02 
2025-06-24 12:33:13,004 - INFO - <epoch:  3, iter:  46,600, lr:5.000e-05> l_forw_fit: 2.3286e+00 l_msg: 1.3467e-02 
25-06-24 12:33:35.530 - INFO: <epoch:  3, iter:  46,700, lr:5.000e-05> l_forw_fit: 2.1478e+00 l_msg: 1.0245e-02 
2025-06-24 12:33:35,530 - INFO - <epoch:  3, iter:  46,700, lr:5.000e-05> l_forw_fit: 2.1478e+00 l_msg: 1.0245e-02 
25-06-24 12:33:57.593 - INFO: <epoch:  3, iter:  46,800, lr:5.000e-05> l_forw_fit: 2.1860e+00 l_msg: 5.0821e-02 
2025-06-24 12:33:57,593 - INFO - <epoch:  3, iter:  46,800, lr:5.000e-05> l_forw_fit: 2.1860e+00 l_msg: 5.0821e-02 
25-06-24 12:34:19.605 - INFO: <epoch:  3, iter:  46,900, lr:5.000e-05> l_forw_fit: 2.0820e+00 l_msg: 7.2191e-02 
2025-06-24 12:34:19,605 - INFO - <epoch:  3, iter:  46,900, lr:5.000e-05> l_forw_fit: 2.0820e+00 l_msg: 7.2191e-02 
25-06-24 12:34:41.487 - INFO: <epoch:  3, iter:  47,000, lr:5.000e-05> l_forw_fit: 2.4747e+00 l_msg: 0.0000e+00 
2025-06-24 12:34:41,487 - INFO - <epoch:  3, iter:  47,000, lr:5.000e-05> l_forw_fit: 2.4747e+00 l_msg: 0.0000e+00 
Embed time: 0.03 seconds
Extract time: 0.01 seconds
0.0
Embed time: 0.02 seconds
Extract time: 0.01 seconds
0.0
Embed time: 0.02 seconds
Extract time: 0.01 seconds
0.03125
Embed time: 0.01 seconds
Extract time: 0.01 seconds
0.0
Embed time: 0.01 seconds
Extract time: 0.05 seconds
0.0
Embed time: 0.04 seconds
Extract time: 0.01 seconds
0.0
Embed time: 0.01 seconds
Extract time: 0.01 seconds
0.0
Embed time: 0.01 seconds
Extract time: 0.04 seconds
0.0
Embed time: 0.04 seconds
Extract time: 0.01 seconds
0.0
Embed time: 0.01 seconds
Extract time: 0.01 seconds
0.015625
Embed time: 0.04 seconds
Extract time: 0.01 seconds
0.0
Embed time: 0.01 seconds
Extract time: 0.01 seconds
0.0
Embed time: 0.03 seconds
Extract time: 0.01 seconds
0.0
Embed time: 0.01 seconds
Extract time: 0.01 seconds
0.0
Embed time: 0.04 seconds
Extract time: 0.01 seconds
0.0
Embed time: 0.01 seconds
Extract time: 0.02 seconds
0.0
Embed time: 0.01 seconds
Extract time: 0.01 seconds
0.0
Embed time: 0.01 seconds
Extract time: 0.01 seconds
0.0
Embed time: 0.02 seconds
Extract time: 0.01 seconds
0.0
Embed time: 0.02 seconds
Extract time: 0.01 seconds
0.0
Embed time: 0.02 seconds
Extract time: 0.05 seconds
0.0
Embed time: 0.04 seconds
Extract time: 0.01 seconds
0.015625
Embed time: 0.02 seconds
Extract time: 0.01 seconds
0.0
Embed time: 0.02 seconds
Extract time: 0.01 seconds
0.0
Embed time: 0.02 seconds
Extract time: 0.01 seconds
0.0
Embed time: 0.03 seconds
Extract time: 0.01 seconds
0.0
Embed time: 0.02 seconds
Extract time: 0.01 seconds
0.0
Embed time: 0.02 seconds
Extract time: 0.01 seconds
0.0
Embed time: 0.01 seconds
Extract time: 0.01 seconds
0.0
Embed time: 0.01 seconds
Extract time: 0.01 seconds
0.0
Embed time: 0.01 seconds
Extract time: 0.01 seconds
0.015625
Embed time: 0.01 seconds
Extract time: 0.01 seconds
0.0
Embed time: 0.05 seconds
Extract time: 0.01 seconds
0.0
Embed time: 0.02 seconds
Extract time: 0.01 seconds
0.0
Embed time: 0.06 seconds
Extract time: 0.01 seconds
0.015625
Embed time: 0.01 seconds
Extract time: 0.01 seconds
0.0
Embed time: 0.01 seconds
Extract time: 0.01 seconds
0.0
Embed time: 0.01 seconds
Extract time: 0.01 seconds
0.0
Embed time: 0.01 seconds
Extract time: 0.01 seconds
0.0
Embed time: 0.02 seconds
Extract time: 0.01 seconds
0.0
Embed time: 0.01 seconds
Extract time: 0.01 seconds
0.0
Embed time: 0.05 seconds
Extract time: 0.01 seconds
0.0
Embed time: 0.01 seconds
Extract time: 0.01 seconds
0.078125
Embed time: 0.05 seconds
Extract time: 0.01 seconds
0.0
Embed time: 0.01 seconds
Extract time: 0.01 seconds
0.0
Embed time: 0.05 seconds
Extract time: 0.01 seconds
0.0
Embed time: 0.01 seconds
Extract time: 0.01 seconds
0.015625
Embed time: 0.05 seconds
Extract time: 0.01 seconds
0.0
Embed time: 0.01 seconds
Extract time: 0.01 seconds
0.0
Embed time: 0.04 seconds
Extract time: 0.01 seconds
0.0625
Embed time: 0.01 seconds
Extract time: 0.02 seconds
0.015625
Embed time: 0.04 seconds
Extract time: 0.01 seconds
0.03125
Embed time: 0.01 seconds
Extract time: 0.01 seconds
0.015625
Embed time: 0.05 seconds
Extract time: 0.01 seconds
0.0
Embed time: 0.01 seconds
Extract time: 0.01 seconds
0.03125
Embed time: 0.05 seconds
Extract time: 0.01 seconds
0.015625
Embed time: 0.01 seconds
Extract time: 0.01 seconds
0.046875
Embed time: 0.04 seconds
Extract time: 0.01 seconds
0.0
Embed time: 0.02 seconds
Extract time: 0.01 seconds
0.0
Embed time: 0.03 seconds
Extract time: 0.01 seconds
0.0
Embed time: 0.01 seconds
Extract time: 0.01 seconds
0.0
Embed time: 0.01 seconds
Extract time: 0.05 seconds
0.0
Embed time: 0.03 seconds
Extract time: 0.01 seconds
0.03125
Embed time: 0.01 seconds
Extract time: 0.05 seconds
0.0
Embed time: 0.03 seconds
Extract time: 0.01 seconds
0.0
Embed time: 0.01 seconds
Extract time: 0.01 seconds
0.0
Embed time: 0.05 seconds
Extract time: 0.01 seconds
0.0
Embed time: 0.01 seconds
Extract time: 0.01 seconds
0.015625
Embed time: 0.05 seconds
Extract time: 0.02 seconds
0.0
Embed time: 0.01 seconds
Extract time: 0.01 seconds
0.0
Embed time: 0.06 seconds
Extract time: 0.01 seconds
0.0
Embed time: 0.01 seconds
Extract time: 0.01 seconds
0.0
Embed time: 0.05 seconds
Extract time: 0.01 seconds
0.0
Embed time: 0.01 seconds
Extract time: 0.01 seconds
0.015625
Embed time: 0.04 seconds
Extract time: 0.01 seconds
0.0
Embed time: 0.01 seconds
Extract time: 0.01 seconds
0.0
Embed time: 0.05 seconds
Extract time: 0.01 seconds
0.0
Embed time: 0.01 seconds
Extract time: 0.01 seconds
0.0
Embed time: 0.05 seconds
Extract time: 0.01 seconds
0.0
Embed time: 0.01 seconds
Extract time: 0.01 seconds
0.015625
Embed time: 0.05 seconds
Extract time: 0.01 seconds
0.0
Embed time: 0.01 seconds
Extract time: 0.01 seconds
0.0
Embed time: 0.01 seconds
Extract time: 0.01 seconds
0.0625
Embed time: 0.01 seconds
Extract time: 0.01 seconds
0.0
Embed time: 0.01 seconds
Extract time: 0.01 seconds
0.015625
Embed time: 0.01 seconds
Extract time: 0.01 seconds
0.0
Embed time: 0.02 seconds
Extract time: 0.05 seconds
0.0
Embed time: 0.03 seconds
Extract time: 0.01 seconds
0.0
Embed time: 0.01 seconds
Extract time: 0.03 seconds
0.0
Embed time: 0.03 seconds
Extract time: 0.01 seconds
0.015625
Embed time: 0.01 seconds
Extract time: 0.01 seconds
0.0
Embed time: 0.04 seconds
Extract time: 0.01 seconds
0.0
Embed time: 0.01 seconds
Extract time: 0.01 seconds
0.0
Embed time: 0.04 seconds
Extract time: 0.01 seconds
0.0
Embed time: 0.01 seconds
Extract time: 0.01 seconds
0.0
Embed time: 0.05 seconds
Extract time: 0.01 seconds
0.0
Embed time: 0.01 seconds
Extract time: 0.01 seconds
0.0
Embed time: 0.01 seconds
Extract time: 0.01 seconds
0.0
Embed time: 0.01 seconds
Extract time: 0.01 seconds
0.0
Embed time: 0.01 seconds
Extract time: 0.05 seconds
0.0
25-06-24 12:34:56.561 - INFO: # Validation # PSNR_Stego: 3.9627e+01, Bit_acc:  5.7812e-03
2025-06-24 12:34:56,561 - INFO - # Validation # PSNR_Stego: 3.9627e+01, Bit_acc:  5.7812e-03
25-06-24 12:34:56.561 - INFO: <epoch:  3, iter:  47,000> PSNR_Stego: 3.9627e+01, Bit_acc:  5.7812e-03
2025-06-24 12:34:56,561 - INFO - <epoch:  3, iter:  47,000> PSNR_Stego: 3.9627e+01, Bit_acc:  5.7812e-03
25-06-24 12:34:56.562 - INFO: Saving models and training states.
2025-06-24 12:34:56,562 - INFO - Saving models and training states.
Checkpoint save path: /workspace/EditGuard-V1/experiments/train_ibsn_bit_64/models/47000_G.pth

===== Checkpoint State Path: /workspace/EditGuard-V1/experiments/train_ibsn_bit_64/training_state/47000.state =====

25-06-24 12:35:18.757 - INFO: <epoch:  3, iter:  47,100, lr:5.000e-05> l_forw_fit: 2.1707e+00 l_msg: 1.5826e-02 
2025-06-24 12:35:18,757 - INFO - <epoch:  3, iter:  47,100, lr:5.000e-05> l_forw_fit: 2.1707e+00 l_msg: 1.5826e-02 
25-06-24 12:35:41.284 - INFO: <epoch:  3, iter:  47,200, lr:5.000e-05> l_forw_fit: 2.0752e+00 l_msg: 0.0000e+00 
2025-06-24 12:35:41,284 - INFO - <epoch:  3, iter:  47,200, lr:5.000e-05> l_forw_fit: 2.0752e+00 l_msg: 0.0000e+00 
25-06-24 12:36:03.693 - INFO: <epoch:  3, iter:  47,300, lr:5.000e-05> l_forw_fit: 2.6289e+00 l_msg: 3.1659e-02 
2025-06-24 12:36:03,693 - INFO - <epoch:  3, iter:  47,300, lr:5.000e-05> l_forw_fit: 2.6289e+00 l_msg: 3.1659e-02 
25-06-24 12:36:26.057 - INFO: <epoch:  3, iter:  47,400, lr:5.000e-05> l_forw_fit: 2.6166e+00 l_msg: 0.0000e+00 
2025-06-24 12:36:26,057 - INFO - <epoch:  3, iter:  47,400, lr:5.000e-05> l_forw_fit: 2.6166e+00 l_msg: 0.0000e+00 
25-06-24 12:36:48.199 - INFO: <epoch:  3, iter:  47,500, lr:5.000e-05> l_forw_fit: 1.8397e+00 l_msg: 3.0863e-02 
2025-06-24 12:36:48,199 - INFO - <epoch:  3, iter:  47,500, lr:5.000e-05> l_forw_fit: 1.8397e+00 l_msg: 3.0863e-02 
Embed time: 0.03 seconds
Extract time: 0.02 seconds
0.0
Embed time: 0.02 seconds
Extract time: 0.01 seconds
0.0
Embed time: 0.02 seconds
Extract time: 0.04 seconds
0.0
Embed time: 0.04 seconds
Extract time: 0.01 seconds
0.0
Embed time: 0.01 seconds
Extract time: 0.01 seconds
0.03125
Embed time: 0.02 seconds
Extract time: 0.01 seconds
0.0
Embed time: 0.02 seconds
Extract time: 0.01 seconds
0.0
Embed time: 0.02 seconds
Extract time: 0.01 seconds
0.0
Embed time: 0.02 seconds
Extract time: 0.01 seconds
0.0
Embed time: 0.02 seconds
Extract time: 0.01 seconds
0.0
Embed time: 0.02 seconds
Extract time: 0.01 seconds
0.0
Embed time: 0.01 seconds
Extract time: 0.01 seconds
0.0
Embed time: 0.02 seconds
Extract time: 0.01 seconds
0.0
Embed time: 0.02 seconds
Extract time: 0.01 seconds
0.0
Embed time: 0.02 seconds
Extract time: 0.01 seconds
0.0
Embed time: 0.04 seconds
Extract time: 0.01 seconds
0.0
Embed time: 0.02 seconds
Extract time: 0.01 seconds
0.015625
Embed time: 0.05 seconds
Extract time: 0.01 seconds
0.0
Embed time: 0.02 seconds
Extract time: 0.01 seconds
0.0
Embed time: 0.02 seconds
Extract time: 0.05 seconds
0.0
Embed time: 0.02 seconds
Extract time: 0.01 seconds
0.0
Embed time: 0.02 seconds
Extract time: 0.01 seconds
0.03125
Embed time: 0.02 seconds
Extract time: 0.01 seconds
0.0
Embed time: 0.01 seconds
Extract time: 0.01 seconds
0.0
Embed time: 0.03 seconds
Extract time: 0.01 seconds
0.0
Embed time: 0.01 seconds
Extract time: 0.03 seconds
0.0
Embed time: 0.03 seconds
Extract time: 0.01 seconds
0.0
Embed time: 0.01 seconds
Extract time: 0.01 seconds
0.0
Embed time: 0.03 seconds
Extract time: 0.01 seconds
0.0
Embed time: 0.01 seconds
Extract time: 0.01 seconds
0.0
Embed time: 0.01 seconds
Extract time: 0.01 seconds
0.015625
Embed time: 0.01 seconds
Extract time: 0.01 seconds
0.0
Embed time: 0.04 seconds
Extract time: 0.01 seconds
0.0
Embed time: 0.01 seconds
Extract time: 0.01 seconds
0.0
Embed time: 0.01 seconds
Extract time: 0.01 seconds
0.0625
Embed time: 0.01 seconds
Extract time: 0.01 seconds
0.0
Embed time: 0.01 seconds
Extract time: 0.01 seconds
0.0
Embed time: 0.04 seconds
Extract time: 0.01 seconds
0.0
Embed time: 0.01 seconds
Extract time: 0.01 seconds
0.0
Embed time: 0.01 seconds
Extract time: 0.01 seconds
0.0
Embed time: 0.01 seconds
Extract time: 0.01 seconds
0.0
Embed time: 0.01 seconds
Extract time: 0.01 seconds
0.03125
Embed time: 0.02 seconds
Extract time: 0.01 seconds
0.0
Embed time: 0.01 seconds
Extract time: 0.01 seconds
0.03125
Embed time: 0.01 seconds
Extract time: 0.01 seconds
0.0
Embed time: 0.01 seconds
Extract time: 0.01 seconds
0.0
Embed time: 0.03 seconds
Extract time: 0.01 seconds
0.046875
Embed time: 0.01 seconds
Extract time: 0.01 seconds
0.0
Embed time: 0.04 seconds
Extract time: 0.01 seconds
0.0
Embed time: 0.01 seconds
Extract time: 0.01 seconds
0.0
Embed time: 0.02 seconds
Extract time: 0.01 seconds
0.03125
Embed time: 0.02 seconds
Extract time: 0.01 seconds
0.0
Embed time: 0.01 seconds
Extract time: 0.04 seconds
0.0
Embed time: 0.02 seconds
Extract time: 0.01 seconds
0.0
Embed time: 0.05 seconds
Extract time: 0.01 seconds
0.09375
Embed time: 0.01 seconds
Extract time: 0.01 seconds
0.078125
Embed time: 0.04 seconds
Extract time: 0.01 seconds
0.015625
Embed time: 0.01 seconds
Extract time: 0.01 seconds
0.0
Embed time: 0.01 seconds
Extract time: 0.04 seconds
0.0
Embed time: 0.01 seconds
Extract time: 0.01 seconds
0.0
Embed time: 0.01 seconds
Extract time: 0.01 seconds
0.0
Embed time: 0.02 seconds
Extract time: 0.01 seconds
0.015625
Embed time: 0.01 seconds
Extract time: 0.05 seconds
0.0
Embed time: 0.03 seconds
Extract time: 0.01 seconds
0.078125
Embed time: 0.01 seconds
Extract time: 0.01 seconds
0.0
Embed time: 0.02 seconds
Extract time: 0.01 seconds
0.0
Embed time: 0.01 seconds
Extract time: 0.01 seconds
0.0
Embed time: 0.04 seconds
Extract time: 0.01 seconds
0.015625
Embed time: 0.01 seconds
Extract time: 0.01 seconds
0.0
Embed time: 0.03 seconds
Extract time: 0.01 seconds
0.0
Embed time: 0.01 seconds
Extract time: 0.01 seconds
0.0
Embed time: 0.04 seconds
Extract time: 0.01 seconds
0.0
Embed time: 0.01 seconds
Extract time: 0.01 seconds
0.0
Embed time: 0.01 seconds
Extract time: 0.01 seconds
0.0
Embed time: 0.01 seconds
Extract time: 0.01 seconds
0.0
Embed time: 0.04 seconds
Extract time: 0.01 seconds
0.0
Embed time: 0.01 seconds
Extract time: 0.01 seconds
0.0
Embed time: 0.01 seconds
Extract time: 0.01 seconds
0.0
Embed time: 0.02 seconds
Extract time: 0.01 seconds
0.0
Embed time: 0.01 seconds
Extract time: 0.01 seconds
0.0
Embed time: 0.01 seconds
Extract time: 0.01 seconds
0.0
Embed time: 0.01 seconds
Extract time: 0.01 seconds
0.0
Embed time: 0.01 seconds
Extract time: 0.01 seconds
0.0
Embed time: 0.01 seconds
Extract time: 0.01 seconds
0.0
Embed time: 0.05 seconds
Extract time: 0.01 seconds
0.015625
Embed time: 0.01 seconds
Extract time: 0.01 seconds
0.046875
Embed time: 0.05 seconds
Extract time: 0.01 seconds
0.0
Embed time: 0.01 seconds
Extract time: 0.01 seconds
0.0
Embed time: 0.02 seconds
Extract time: 0.02 seconds
0.0
Embed time: 0.02 seconds
Extract time: 0.01 seconds
0.015625
Embed time: 0.02 seconds
Extract time: 0.01 seconds
0.015625
Embed time: 0.03 seconds
Extract time: 0.01 seconds
0.0
Embed time: 0.02 seconds
Extract time: 0.01 seconds
0.0
Embed time: 0.02 seconds
Extract time: 0.01 seconds
0.046875
Embed time: 0.01 seconds
Extract time: 0.01 seconds
0.0
Embed time: 0.02 seconds
Extract time: 0.03 seconds
0.0
Embed time: 0.03 seconds
Extract time: 0.01 seconds
0.0
Embed time: 0.02 seconds
Extract time: 0.01 seconds
0.0
Embed time: 0.04 seconds
Extract time: 0.01 seconds
0.0
Embed time: 0.02 seconds
Extract time: 0.01 seconds
0.0
25-06-24 12:37:03.134 - INFO: # Validation # PSNR_Stego: 4.0324e+01, Bit_acc:  7.3437e-03
2025-06-24 12:37:03,134 - INFO - # Validation # PSNR_Stego: 4.0324e+01, Bit_acc:  7.3437e-03
25-06-24 12:37:03.134 - INFO: <epoch:  3, iter:  47,500> PSNR_Stego: 4.0324e+01, Bit_acc:  7.3437e-03
2025-06-24 12:37:03,134 - INFO - <epoch:  3, iter:  47,500> PSNR_Stego: 4.0324e+01, Bit_acc:  7.3437e-03
25-06-24 12:37:25.555 - INFO: <epoch:  3, iter:  47,600, lr:5.000e-05> l_forw_fit: 2.2344e+00 l_msg: 0.0000e+00 
2025-06-24 12:37:25,555 - INFO - <epoch:  3, iter:  47,600, lr:5.000e-05> l_forw_fit: 2.2344e+00 l_msg: 0.0000e+00 
25-06-24 12:37:47.454 - INFO: <epoch:  3, iter:  47,700, lr:5.000e-05> l_forw_fit: 2.3760e+00 l_msg: 1.1191e-01 
2025-06-24 12:37:47,454 - INFO - <epoch:  3, iter:  47,700, lr:5.000e-05> l_forw_fit: 2.3760e+00 l_msg: 1.1191e-01 
25-06-24 12:38:09.980 - INFO: <epoch:  3, iter:  47,800, lr:5.000e-05> l_forw_fit: 2.7715e+00 l_msg: 3.4143e-02 
2025-06-24 12:38:09,980 - INFO - <epoch:  3, iter:  47,800, lr:5.000e-05> l_forw_fit: 2.7715e+00 l_msg: 3.4143e-02 
25-06-24 12:38:32.332 - INFO: <epoch:  3, iter:  47,900, lr:5.000e-05> l_forw_fit: 2.4250e+00 l_msg: 2.0329e-02 
2025-06-24 12:38:32,332 - INFO - <epoch:  3, iter:  47,900, lr:5.000e-05> l_forw_fit: 2.4250e+00 l_msg: 2.0329e-02 
25-06-24 12:38:54.333 - INFO: <epoch:  3, iter:  48,000, lr:5.000e-05> l_forw_fit: 2.2347e+00 l_msg: 5.1578e-02 
2025-06-24 12:38:54,333 - INFO - <epoch:  3, iter:  48,000, lr:5.000e-05> l_forw_fit: 2.2347e+00 l_msg: 5.1578e-02 
Embed time: 0.03 seconds
Extract time: 0.01 seconds
0.0
Embed time: 0.05 seconds
Extract time: 0.01 seconds
0.0
Embed time: 0.03 seconds
Extract time: 0.01 seconds
0.0
Embed time: 0.02 seconds
Extract time: 0.01 seconds
0.0
Embed time: 0.01 seconds
Extract time: 0.01 seconds
0.015625
Embed time: 0.02 seconds
Extract time: 0.01 seconds
0.0
Embed time: 0.01 seconds
Extract time: 0.01 seconds
0.0
Embed time: 0.01 seconds
Extract time: 0.01 seconds
0.0
Embed time: 0.03 seconds
Extract time: 0.01 seconds
0.0
Embed time: 0.02 seconds
Extract time: 0.05 seconds
0.0
Embed time: 0.04 seconds
Extract time: 0.01 seconds
0.0
Embed time: 0.02 seconds
Extract time: 0.01 seconds
0.0
Embed time: 0.02 seconds
Extract time: 0.01 seconds
0.0
Embed time: 0.02 seconds
Extract time: 0.01 seconds
0.0
Embed time: 0.05 seconds
Extract time: 0.01 seconds
0.0
Embed time: 0.02 seconds
Extract time: 0.01 seconds
0.0
Embed time: 0.01 seconds
Extract time: 0.01 seconds
0.015625
Embed time: 0.02 seconds
Extract time: 0.01 seconds
0.03125
Embed time: 0.01 seconds
Extract time: 0.01 seconds
0.0
Embed time: 0.02 seconds
Extract time: 0.01 seconds
0.0
Embed time: 0.02 seconds
Extract time: 0.01 seconds
0.0
Embed time: 0.05 seconds
Extract time: 0.01 seconds
0.015625
Embed time: 0.02 seconds
Extract time: 0.01 seconds
0.0
Embed time: 0.03 seconds
Extract time: 0.01 seconds
0.0
Embed time: 0.02 seconds
Extract time: 0.01 seconds
0.0
Embed time: 0.04 seconds
Extract time: 0.01 seconds
0.0
Embed time: 0.02 seconds
Extract time: 0.01 seconds
0.0
Embed time: 0.01 seconds
Extract time: 0.04 seconds
0.0
Embed time: 0.03 seconds
Extract time: 0.01 seconds
0.0
Embed time: 0.01 seconds
Extract time: 0.01 seconds
0.0
Embed time: 0.05 seconds
Extract time: 0.01 seconds
0.0
Embed time: 0.01 seconds
Extract time: 0.01 seconds
0.0
Embed time: 0.02 seconds
Extract time: 0.01 seconds
0.015625
Embed time: 0.01 seconds
Extract time: 0.01 seconds
0.0
Embed time: 0.01 seconds
Extract time: 0.04 seconds
0.0
Embed time: 0.01 seconds
Extract time: 0.01 seconds
0.0
Embed time: 0.05 seconds
Extract time: 0.01 seconds
0.0
Embed time: 0.01 seconds
Extract time: 0.01 seconds
0.0
Embed time: 0.01 seconds
Extract time: 0.01 seconds
0.0
Embed time: 0.01 seconds
Extract time: 0.01 seconds
0.0
Embed time: 0.01 seconds
Extract time: 0.01 seconds
0.0
Embed time: 0.02 seconds
Extract time: 0.01 seconds
0.0
Embed time: 0.01 seconds
Extract time: 0.01 seconds
0.0
Embed time: 0.04 seconds
Extract time: 0.01 seconds
0.0
Embed time: 0.01 seconds
Extract time: 0.01 seconds
0.0
Embed time: 0.02 seconds
Extract time: 0.01 seconds
0.0
Embed time: 0.01 seconds
Extract time: 0.01 seconds
0.0
Embed time: 0.04 seconds
Extract time: 0.01 seconds
0.0
Embed time: 0.02 seconds
Extract time: 0.01 seconds
0.0
Embed time: 0.04 seconds
Extract time: 0.01 seconds
0.015625
Embed time: 0.02 seconds
Extract time: 0.01 seconds
0.0
Embed time: 0.05 seconds
Extract time: 0.01 seconds
0.0
Embed time: 0.02 seconds
Extract time: 0.01 seconds
0.0
Embed time: 0.05 seconds
Extract time: 0.01 seconds
0.0
Embed time: 0.02 seconds
Extract time: 0.01 seconds
0.09375
Embed time: 0.04 seconds
Extract time: 0.01 seconds
0.0
Embed time: 0.02 seconds
Extract time: 0.01 seconds
0.0
Embed time: 0.04 seconds
Extract time: 0.01 seconds
0.0
Embed time: 0.02 seconds
Extract time: 0.01 seconds
0.0
Embed time: 0.05 seconds
Extract time: 0.01 seconds
0.0
Embed time: 0.02 seconds
Extract time: 0.01 seconds
0.0
Embed time: 0.04 seconds
Extract time: 0.01 seconds
0.0
Embed time: 0.02 seconds
Extract time: 0.01 seconds
0.0
Embed time: 0.05 seconds
Extract time: 0.01 seconds
0.0
Embed time: 0.02 seconds
Extract time: 0.01 seconds
0.015625
Embed time: 0.04 seconds
Extract time: 0.01 seconds
0.0
Embed time: 0.02 seconds
Extract time: 0.01 seconds
0.0
Embed time: 0.04 seconds
Extract time: 0.01 seconds
0.0
Embed time: 0.02 seconds
Extract time: 0.01 seconds
0.0
Embed time: 0.05 seconds
Extract time: 0.01 seconds
0.0
Embed time: 0.02 seconds
Extract time: 0.01 seconds
0.0
Embed time: 0.01 seconds
Extract time: 0.05 seconds
0.0
Embed time: 0.04 seconds
Extract time: 0.01 seconds
0.0
Embed time: 0.02 seconds
Extract time: 0.01 seconds
0.0
Embed time: 0.05 seconds
Extract time: 0.01 seconds
0.0
Embed time: 0.02 seconds
Extract time: 0.01 seconds
0.0
Embed time: 0.04 seconds
Extract time: 0.01 seconds
0.0
Embed time: 0.01 seconds
Extract time: 0.01 seconds
0.0
Embed time: 0.05 seconds
Extract time: 0.01 seconds
0.0
Embed time: 0.01 seconds
Extract time: 0.01 seconds
0.0
Embed time: 0.05 seconds
Extract time: 0.01 seconds
0.0
Embed time: 0.01 seconds
Extract time: 0.01 seconds
0.0
Embed time: 0.01 seconds
Extract time: 0.01 seconds
0.015625
Embed time: 0.03 seconds
Extract time: 0.01 seconds
0.0
Embed time: 0.01 seconds
Extract time: 0.01 seconds
0.0
Embed time: 0.01 seconds
Extract time: 0.01 seconds
0.0
Embed time: 0.01 seconds
Extract time: 0.01 seconds
0.0
Embed time: 0.01 seconds
Extract time: 0.01 seconds
0.078125
Embed time: 0.01 seconds
Extract time: 0.01 seconds
0.0
Embed time: 0.01 seconds
Extract time: 0.01 seconds
0.0
Embed time: 0.01 seconds
Extract time: 0.01 seconds
0.0
Embed time: 0.02 seconds
Extract time: 0.01 seconds
0.0
Embed time: 0.01 seconds
Extract time: 0.01 seconds
0.0
Embed time: 0.01 seconds
Extract time: 0.01 seconds
0.0
Embed time: 0.01 seconds
Extract time: 0.01 seconds
0.0
Embed time: 0.05 seconds
Extract time: 0.01 seconds
0.0
Embed time: 0.01 seconds
Extract time: 0.01 seconds
0.0
Embed time: 0.05 seconds
Extract time: 0.01 seconds
0.0
Embed time: 0.01 seconds
Extract time: 0.01 seconds
0.0
Embed time: 0.01 seconds
Extract time: 0.01 seconds
0.0
25-06-24 12:39:09.448 - INFO: # Validation # PSNR_Stego: 4.0552e+01, Bit_acc:  3.1250e-03
2025-06-24 12:39:09,448 - INFO - # Validation # PSNR_Stego: 4.0552e+01, Bit_acc:  3.1250e-03
25-06-24 12:39:09.449 - INFO: <epoch:  3, iter:  48,000> PSNR_Stego: 4.0552e+01, Bit_acc:  3.1250e-03
2025-06-24 12:39:09,449 - INFO - <epoch:  3, iter:  48,000> PSNR_Stego: 4.0552e+01, Bit_acc:  3.1250e-03
25-06-24 12:39:09.449 - INFO: Saving models and training states.
2025-06-24 12:39:09,449 - INFO - Saving models and training states.
Checkpoint save path: /workspace/EditGuard-V1/experiments/train_ibsn_bit_64/models/48000_G.pth

===== Checkpoint State Path: /workspace/EditGuard-V1/experiments/train_ibsn_bit_64/training_state/48000.state =====

25-06-24 12:39:32.106 - INFO: <epoch:  3, iter:  48,100, lr:5.000e-05> l_forw_fit: 2.5938e+00 l_msg: 0.0000e+00 
2025-06-24 12:39:32,106 - INFO - <epoch:  3, iter:  48,100, lr:5.000e-05> l_forw_fit: 2.5938e+00 l_msg: 0.0000e+00 
25-06-24 12:39:54.799 - INFO: <epoch:  3, iter:  48,200, lr:5.000e-05> l_forw_fit: 2.3336e+00 l_msg: 0.0000e+00 
2025-06-24 12:39:54,799 - INFO - <epoch:  3, iter:  48,200, lr:5.000e-05> l_forw_fit: 2.3336e+00 l_msg: 0.0000e+00 
25-06-24 12:40:17.498 - INFO: <epoch:  3, iter:  48,300, lr:5.000e-05> l_forw_fit: 2.4470e+00 l_msg: 3.4961e-02 
2025-06-24 12:40:17,498 - INFO - <epoch:  3, iter:  48,300, lr:5.000e-05> l_forw_fit: 2.4470e+00 l_msg: 3.4961e-02 
25-06-24 12:40:39.973 - INFO: <epoch:  3, iter:  48,400, lr:5.000e-05> l_forw_fit: 3.3878e+00 l_msg: 2.3140e-02 
2025-06-24 12:40:39,973 - INFO - <epoch:  3, iter:  48,400, lr:5.000e-05> l_forw_fit: 3.3878e+00 l_msg: 2.3140e-02 
25-06-24 12:41:01.819 - INFO: <epoch:  3, iter:  48,500, lr:5.000e-05> l_forw_fit: 2.6800e+00 l_msg: 3.9062e-03 
2025-06-24 12:41:01,819 - INFO - <epoch:  3, iter:  48,500, lr:5.000e-05> l_forw_fit: 2.6800e+00 l_msg: 3.9062e-03 
Embed time: 0.04 seconds
Extract time: 0.01 seconds
0.0
Embed time: 0.02 seconds
Extract time: 0.01 seconds
0.0
Embed time: 0.02 seconds
Extract time: 0.01 seconds
0.0
Embed time: 0.05 seconds
Extract time: 0.01 seconds
0.0
Embed time: 0.02 seconds
Extract time: 0.01 seconds
0.0
Embed time: 0.05 seconds
Extract time: 0.01 seconds
0.015625
Embed time: 0.02 seconds
Extract time: 0.01 seconds
0.0
Embed time: 0.04 seconds
Extract time: 0.01 seconds
0.0
Embed time: 0.02 seconds
Extract time: 0.01 seconds
0.015625
Embed time: 0.05 seconds
Extract time: 0.01 seconds
0.0
Embed time: 0.02 seconds
Extract time: 0.02 seconds
0.0
Embed time: 0.05 seconds
Extract time: 0.01 seconds
0.0
Embed time: 0.02 seconds
Extract time: 0.01 seconds
0.0
Embed time: 0.02 seconds
Extract time: 0.04 seconds
0.0
Embed time: 0.02 seconds
Extract time: 0.01 seconds
0.0
Embed time: 0.02 seconds
Extract time: 0.01 seconds
0.0
Embed time: 0.02 seconds
Extract time: 0.01 seconds
0.0
Embed time: 0.02 seconds
Extract time: 0.01 seconds
0.015625
Embed time: 0.01 seconds
Extract time: 0.01 seconds
0.0
Embed time: 0.01 seconds
Extract time: 0.04 seconds
0.0
Embed time: 0.03 seconds
Extract time: 0.01 seconds
0.03125
Embed time: 0.01 seconds
Extract time: 0.01 seconds
0.015625
Embed time: 0.03 seconds
Extract time: 0.01 seconds
0.0
Embed time: 0.01 seconds
Extract time: 0.01 seconds
0.0
Embed time: 0.06 seconds
Extract time: 0.01 seconds
0.0
Embed time: 0.01 seconds
Extract time: 0.01 seconds
0.0
Embed time: 0.05 seconds
Extract time: 0.01 seconds
0.0
Embed time: 0.01 seconds
Extract time: 0.01 seconds
0.0
Embed time: 0.01 seconds
Extract time: 0.01 seconds
0.0
Embed time: 0.01 seconds
Extract time: 0.01 seconds
0.0
Embed time: 0.01 seconds
Extract time: 0.01 seconds
0.015625
Embed time: 0.02 seconds
Extract time: 0.01 seconds
0.0
Embed time: 0.01 seconds
Extract time: 0.01 seconds
0.0
Embed time: 0.06 seconds
Extract time: 0.01 seconds
0.0
Embed time: 0.02 seconds
Extract time: 0.01 seconds
0.015625
Embed time: 0.04 seconds
Extract time: 0.01 seconds
0.0
Embed time: 0.01 seconds
Extract time: 0.01 seconds
0.0
Embed time: 0.01 seconds
Extract time: 0.01 seconds
0.0
Embed time: 0.05 seconds
Extract time: 0.01 seconds
0.0
Embed time: 0.01 seconds
Extract time: 0.01 seconds
0.0
Embed time: 0.05 seconds
Extract time: 0.01 seconds
0.0
Embed time: 0.01 seconds
Extract time: 0.01 seconds
0.015625
Embed time: 0.02 seconds
Extract time: 0.01 seconds
0.0
Embed time: 0.01 seconds
Extract time: 0.01 seconds
0.0
Embed time: 0.04 seconds
Extract time: 0.01 seconds
0.015625
Embed time: 0.01 seconds
Extract time: 0.01 seconds
0.0
Embed time: 0.05 seconds
Extract time: 0.01 seconds
0.0
Embed time: 0.01 seconds
Extract time: 0.01 seconds
0.015625
Embed time: 0.05 seconds
Extract time: 0.01 seconds
0.0
Embed time: 0.01 seconds
Extract time: 0.01 seconds
0.046875
Embed time: 0.04 seconds
Extract time: 0.01 seconds
0.0
Embed time: 0.01 seconds
Extract time: 0.01 seconds
0.0
Embed time: 0.04 seconds
Extract time: 0.01 seconds
0.0
Embed time: 0.01 seconds
Extract time: 0.01 seconds
0.0
Embed time: 0.05 seconds
Extract time: 0.01 seconds
0.0
Embed time: 0.01 seconds
Extract time: 0.01 seconds
0.0
Embed time: 0.05 seconds
Extract time: 0.01 seconds
0.015625
Embed time: 0.01 seconds
Extract time: 0.01 seconds
0.0
Embed time: 0.05 seconds
Extract time: 0.01 seconds
0.015625
Embed time: 0.01 seconds
Extract time: 0.01 seconds
0.0
Embed time: 0.05 seconds
Extract time: 0.01 seconds
0.0
Embed time: 0.01 seconds
Extract time: 0.01 seconds
0.03125
Embed time: 0.01 seconds
Extract time: 0.01 seconds
0.0
Embed time: 0.01 seconds
Extract time: 0.01 seconds
0.015625
Embed time: 0.01 seconds
Extract time: 0.01 seconds
0.015625
Embed time: 0.01 seconds
Extract time: 0.01 seconds
0.0
Embed time: 0.01 seconds
Extract time: 0.01 seconds
0.0
Embed time: 0.01 seconds
Extract time: 0.01 seconds
0.0
Embed time: 0.01 seconds
Extract time: 0.01 seconds
0.0
Embed time: 0.04 seconds
Extract time: 0.01 seconds
0.0
Embed time: 0.01 seconds
Extract time: 0.01 seconds
0.0
Embed time: 0.05 seconds
Extract time: 0.01 seconds
0.0
Embed time: 0.01 seconds
Extract time: 0.01 seconds
0.03125
Embed time: 0.05 seconds
Extract time: 0.01 seconds
0.015625
Embed time: 0.01 seconds
Extract time: 0.01 seconds
0.0
Embed time: 0.04 seconds
Extract time: 0.01 seconds
0.015625
Embed time: 0.01 seconds
Extract time: 0.01 seconds
0.0
Embed time: 0.04 seconds
Extract time: 0.01 seconds
0.0
Embed time: 0.02 seconds
Extract time: 0.01 seconds
0.0
Embed time: 0.05 seconds
Extract time: 0.01 seconds
0.0
Embed time: 0.02 seconds
Extract time: 0.01 seconds
0.0
Embed time: 0.05 seconds
Extract time: 0.01 seconds
0.0
Embed time: 0.02 seconds
Extract time: 0.01 seconds
0.0625
Embed time: 0.03 seconds
Extract time: 0.01 seconds
0.0
Embed time: 0.01 seconds
Extract time: 0.01 seconds
0.0
Embed time: 0.05 seconds
Extract time: 0.01 seconds
0.0
Embed time: 0.01 seconds
Extract time: 0.01 seconds
0.0
Embed time: 0.03 seconds
Extract time: 0.01 seconds
0.0
Embed time: 0.01 seconds
Extract time: 0.01 seconds
0.0
Embed time: 0.04 seconds
Extract time: 0.01 seconds
0.0
Embed time: 0.01 seconds
Extract time: 0.01 seconds
0.0
Embed time: 0.05 seconds
Extract time: 0.01 seconds
0.03125
Embed time: 0.01 seconds
Extract time: 0.01 seconds
0.0
Embed time: 0.05 seconds
Extract time: 0.01 seconds
0.0
Embed time: 0.01 seconds
Extract time: 0.01 seconds
0.0
Embed time: 0.04 seconds
Extract time: 0.01 seconds
0.0
Embed time: 0.01 seconds
Extract time: 0.01 seconds
0.0
Embed time: 0.01 seconds
Extract time: 0.04 seconds
0.0
Embed time: 0.02 seconds
Extract time: 0.01 seconds
0.015625
Embed time: 0.01 seconds
Extract time: 0.01 seconds
0.0
25-06-24 12:41:16.948 - INFO: # Validation # PSNR_Stego: 4.0442e+01, Bit_acc:  4.8437e-03
2025-06-24 12:41:16,948 - INFO - # Validation # PSNR_Stego: 4.0442e+01, Bit_acc:  4.8437e-03
25-06-24 12:41:16.948 - INFO: <epoch:  3, iter:  48,500> PSNR_Stego: 4.0442e+01, Bit_acc:  4.8437e-03
2025-06-24 12:41:16,948 - INFO - <epoch:  3, iter:  48,500> PSNR_Stego: 4.0442e+01, Bit_acc:  4.8437e-03
25-06-24 12:41:39.199 - INFO: <epoch:  3, iter:  48,600, lr:5.000e-05> l_forw_fit: 2.2485e+00 l_msg: 6.5702e-02 
2025-06-24 12:41:39,199 - INFO - <epoch:  3, iter:  48,600, lr:5.000e-05> l_forw_fit: 2.2485e+00 l_msg: 6.5702e-02 
25-06-24 12:42:01.256 - INFO: <epoch:  3, iter:  48,700, lr:5.000e-05> l_forw_fit: 2.7730e+00 l_msg: 0.0000e+00 
2025-06-24 12:42:01,256 - INFO - <epoch:  3, iter:  48,700, lr:5.000e-05> l_forw_fit: 2.7730e+00 l_msg: 0.0000e+00 
25-06-24 12:42:23.555 - INFO: <epoch:  3, iter:  48,800, lr:5.000e-05> l_forw_fit: 2.4132e+00 l_msg: 5.7222e-02 
2025-06-24 12:42:23,555 - INFO - <epoch:  3, iter:  48,800, lr:5.000e-05> l_forw_fit: 2.4132e+00 l_msg: 5.7222e-02 
25-06-24 12:42:45.629 - INFO: <epoch:  3, iter:  48,900, lr:5.000e-05> l_forw_fit: 2.1450e+00 l_msg: 7.2867e-02 
2025-06-24 12:42:45,629 - INFO - <epoch:  3, iter:  48,900, lr:5.000e-05> l_forw_fit: 2.1450e+00 l_msg: 7.2867e-02 
25-06-24 12:43:08.004 - INFO: <epoch:  3, iter:  49,000, lr:5.000e-05> l_forw_fit: 2.3997e+00 l_msg: 0.0000e+00 
2025-06-24 12:43:08,004 - INFO - <epoch:  3, iter:  49,000, lr:5.000e-05> l_forw_fit: 2.3997e+00 l_msg: 0.0000e+00 
Embed time: 0.03 seconds
Extract time: 0.01 seconds
0.0
Embed time: 0.02 seconds
Extract time: 0.01 seconds
0.0
Embed time: 0.02 seconds
Extract time: 0.04 seconds
0.0
Embed time: 0.04 seconds
Extract time: 0.01 seconds
0.0
Embed time: 0.02 seconds
Extract time: 0.01 seconds
0.015625
Embed time: 0.05 seconds
Extract time: 0.01 seconds
0.0
Embed time: 0.01 seconds
Extract time: 0.01 seconds
0.0
Embed time: 0.01 seconds
Extract time: 0.01 seconds
0.0
Embed time: 0.01 seconds
Extract time: 0.01 seconds
0.0
Embed time: 0.04 seconds
Extract time: 0.01 seconds
0.0
Embed time: 0.01 seconds
Extract time: 0.01 seconds
0.0
Embed time: 0.05 seconds
Extract time: 0.01 seconds
0.0
Embed time: 0.01 seconds
Extract time: 0.01 seconds
0.0
Embed time: 0.05 seconds
Extract time: 0.01 seconds
0.0
Embed time: 0.01 seconds
Extract time: 0.01 seconds
0.0
Embed time: 0.05 seconds
Extract time: 0.01 seconds
0.0
Embed time: 0.01 seconds
Extract time: 0.01 seconds
0.0
Embed time: 0.05 seconds
Extract time: 0.01 seconds
0.0
Embed time: 0.01 seconds
Extract time: 0.01 seconds
0.0
Embed time: 0.05 seconds
Extract time: 0.01 seconds
0.0
Embed time: 0.01 seconds
Extract time: 0.01 seconds
0.0
Embed time: 0.05 seconds
Extract time: 0.01 seconds
0.03125
Embed time: 0.02 seconds
Extract time: 0.01 seconds
0.0
Embed time: 0.05 seconds
Extract time: 0.01 seconds
0.0
Embed time: 0.02 seconds
Extract time: 0.01 seconds
0.0
Embed time: 0.05 seconds
Extract time: 0.01 seconds
0.0
Embed time: 0.02 seconds
Extract time: 0.01 seconds
0.0
Embed time: 0.04 seconds
Extract time: 0.01 seconds
0.0
Embed time: 0.02 seconds
Extract time: 0.01 seconds
0.0
Embed time: 0.02 seconds
Extract time: 0.01 seconds
0.0
Embed time: 0.02 seconds
Extract time: 0.01 seconds
0.015625
Embed time: 0.05 seconds
Extract time: 0.01 seconds
0.0
Embed time: 0.02 seconds
Extract time: 0.01 seconds
0.0
Embed time: 0.04 seconds
Extract time: 0.01 seconds
0.0
Embed time: 0.02 seconds
Extract time: 0.01 seconds
0.015625
Embed time: 0.02 seconds
Extract time: 0.01 seconds
0.0
Embed time: 0.02 seconds
Extract time: 0.01 seconds
0.0
Embed time: 0.05 seconds
Extract time: 0.01 seconds
0.0
Embed time: 0.02 seconds
Extract time: 0.02 seconds
0.0
Embed time: 0.04 seconds
Extract time: 0.01 seconds
0.015625
Embed time: 0.02 seconds
Extract time: 0.01 seconds
0.015625
Embed time: 0.04 seconds
Extract time: 0.01 seconds
0.015625
Embed time: 0.02 seconds
Extract time: 0.02 seconds
0.09375
Embed time: 0.03 seconds
Extract time: 0.01 seconds
0.140625
Embed time: 0.02 seconds
Extract time: 0.02 seconds
0.0
Embed time: 0.03 seconds
Extract time: 0.01 seconds
0.03125
Embed time: 0.02 seconds
Extract time: 0.01 seconds
0.0
Embed time: 0.05 seconds
Extract time: 0.01 seconds
0.0
Embed time: 0.02 seconds
Extract time: 0.01 seconds
0.0
Embed time: 0.02 seconds
Extract time: 0.03 seconds
0.0
Embed time: 0.02 seconds
Extract time: 0.01 seconds
0.0
Embed time: 0.02 seconds
Extract time: 0.04 seconds
0.0
Embed time: 0.02 seconds
Extract time: 0.01 seconds
0.0
Embed time: 0.02 seconds
Extract time: 0.01 seconds
0.0
Embed time: 0.05 seconds
Extract time: 0.01 seconds
0.125
Embed time: 0.02 seconds
Extract time: 0.01 seconds
0.046875
Embed time: 0.04 seconds
Extract time: 0.01 seconds
0.0
Embed time: 0.02 seconds
Extract time: 0.01 seconds
0.03125
Embed time: 0.05 seconds
Extract time: 0.01 seconds
0.0
Embed time: 0.02 seconds
Extract time: 0.01 seconds
0.0
Embed time: 0.05 seconds
Extract time: 0.01 seconds
0.0
Embed time: 0.02 seconds
Extract time: 0.01 seconds
0.0
Embed time: 0.05 seconds
Extract time: 0.01 seconds
0.0
Embed time: 0.02 seconds
Extract time: 0.01 seconds
0.0
Embed time: 0.05 seconds
Extract time: 0.01 seconds
0.03125
Embed time: 0.02 seconds
Extract time: 0.01 seconds
0.0
Embed time: 0.01 seconds
Extract time: 0.01 seconds
0.0
Embed time: 0.02 seconds
Extract time: 0.01 seconds
0.0
Embed time: 0.02 seconds
Extract time: 0.01 seconds
0.015625
Embed time: 0.02 seconds
Extract time: 0.01 seconds
0.0
Embed time: 0.02 seconds
Extract time: 0.03 seconds
0.0
Embed time: 0.03 seconds
Extract time: 0.01 seconds
0.0
Embed time: 0.02 seconds
Extract time: 0.01 seconds
0.0
Embed time: 0.02 seconds
Extract time: 0.01 seconds
0.015625
Embed time: 0.02 seconds
Extract time: 0.01 seconds
0.0
Embed time: 0.05 seconds
Extract time: 0.01 seconds
0.0
Embed time: 0.02 seconds
Extract time: 0.01 seconds
0.0
Embed time: 0.04 seconds
Extract time: 0.01 seconds
0.0
Embed time: 0.02 seconds
Extract time: 0.01 seconds
0.0
Embed time: 0.05 seconds
Extract time: 0.01 seconds
0.0
Embed time: 0.01 seconds
Extract time: 0.01 seconds
0.015625
Embed time: 0.01 seconds
Extract time: 0.01 seconds
0.015625
Embed time: 0.02 seconds
Extract time: 0.01 seconds
0.015625
Embed time: 0.02 seconds
Extract time: 0.01 seconds
0.0
Embed time: 0.05 seconds
Extract time: 0.01 seconds
0.0
Embed time: 0.02 seconds
Extract time: 0.01 seconds
0.0
Embed time: 0.04 seconds
Extract time: 0.01 seconds
0.0
Embed time: 0.02 seconds
Extract time: 0.02 seconds
0.0
Embed time: 0.03 seconds
Extract time: 0.01 seconds
0.0
Embed time: 0.02 seconds
Extract time: 0.01 seconds
0.0
Embed time: 0.02 seconds
Extract time: 0.01 seconds
0.015625
Embed time: 0.02 seconds
Extract time: 0.01 seconds
0.0
Embed time: 0.05 seconds
Extract time: 0.01 seconds
0.0
Embed time: 0.02 seconds
Extract time: 0.01 seconds
0.046875
Embed time: 0.04 seconds
Extract time: 0.01 seconds
0.0
Embed time: 0.02 seconds
Extract time: 0.01 seconds
0.0
Embed time: 0.02 seconds
Extract time: 0.01 seconds
0.0
Embed time: 0.02 seconds
Extract time: 0.01 seconds
0.0
Embed time: 0.02 seconds
Extract time: 0.01 seconds
0.015625
Embed time: 0.02 seconds
Extract time: 0.01 seconds
0.03125
25-06-24 12:43:23.110 - INFO: # Validation # PSNR_Stego: 3.9681e+01, Bit_acc:  8.1250e-03
2025-06-24 12:43:23,110 - INFO - # Validation # PSNR_Stego: 3.9681e+01, Bit_acc:  8.1250e-03
25-06-24 12:43:23.111 - INFO: <epoch:  3, iter:  49,000> PSNR_Stego: 3.9681e+01, Bit_acc:  8.1250e-03
2025-06-24 12:43:23,111 - INFO - <epoch:  3, iter:  49,000> PSNR_Stego: 3.9681e+01, Bit_acc:  8.1250e-03
25-06-24 12:43:23.111 - INFO: Saving models and training states.
2025-06-24 12:43:23,111 - INFO - Saving models and training states.
Checkpoint save path: /workspace/EditGuard-V1/experiments/train_ibsn_bit_64/models/49000_G.pth

===== Checkpoint State Path: /workspace/EditGuard-V1/experiments/train_ibsn_bit_64/training_state/49000.state =====

25-06-24 12:43:45.425 - INFO: <epoch:  3, iter:  49,100, lr:5.000e-05> l_forw_fit: 2.0041e+00 l_msg: 7.8205e-03 
2025-06-24 12:43:45,425 - INFO - <epoch:  3, iter:  49,100, lr:5.000e-05> l_forw_fit: 2.0041e+00 l_msg: 7.8205e-03 
25-06-24 12:44:07.769 - INFO: <epoch:  3, iter:  49,200, lr:5.000e-05> l_forw_fit: 2.3069e+00 l_msg: 6.7579e-02 
2025-06-24 12:44:07,769 - INFO - <epoch:  3, iter:  49,200, lr:5.000e-05> l_forw_fit: 2.3069e+00 l_msg: 6.7579e-02 
25-06-24 12:44:29.823 - INFO: <epoch:  3, iter:  49,300, lr:5.000e-05> l_forw_fit: 2.5486e+00 l_msg: 1.7546e-02 
2025-06-24 12:44:29,823 - INFO - <epoch:  3, iter:  49,300, lr:5.000e-05> l_forw_fit: 2.5486e+00 l_msg: 1.7546e-02 
25-06-24 12:44:52.442 - INFO: <epoch:  3, iter:  49,400, lr:5.000e-05> l_forw_fit: 2.5597e+00 l_msg: 0.0000e+00 
2025-06-24 12:44:52,442 - INFO - <epoch:  3, iter:  49,400, lr:5.000e-05> l_forw_fit: 2.5597e+00 l_msg: 0.0000e+00 
25-06-24 12:45:14.920 - INFO: <epoch:  3, iter:  49,500, lr:5.000e-05> l_forw_fit: 3.1859e+00 l_msg: 5.8788e-02 
2025-06-24 12:45:14,920 - INFO - <epoch:  3, iter:  49,500, lr:5.000e-05> l_forw_fit: 3.1859e+00 l_msg: 5.8788e-02 
Embed time: 0.03 seconds
Extract time: 0.01 seconds
0.0
Embed time: 0.02 seconds
Extract time: 0.01 seconds
0.0
Embed time: 0.02 seconds
Extract time: 0.01 seconds
0.015625
Embed time: 0.02 seconds
Extract time: 0.01 seconds
0.0
Embed time: 0.02 seconds
Extract time: 0.01 seconds
0.0
Embed time: 0.02 seconds
Extract time: 0.01 seconds
0.0
Embed time: 0.05 seconds
Extract time: 0.01 seconds
0.0
Embed time: 0.02 seconds
Extract time: 0.01 seconds
0.0
Embed time: 0.05 seconds
Extract time: 0.01 seconds
0.0
Embed time: 0.01 seconds
Extract time: 0.02 seconds
0.0
Embed time: 0.01 seconds
Extract time: 0.01 seconds
0.0
Embed time: 0.01 seconds
Extract time: 0.01 seconds
0.0
Embed time: 0.05 seconds
Extract time: 0.01 seconds
0.0
Embed time: 0.01 seconds
Extract time: 0.03 seconds
0.0
Embed time: 0.01 seconds
Extract time: 0.01 seconds
0.0
Embed time: 0.01 seconds
Extract time: 0.01 seconds
0.0
Embed time: 0.05 seconds
Extract time: 0.01 seconds
0.0
Embed time: 0.01 seconds
Extract time: 0.01 seconds
0.0
Embed time: 0.05 seconds
Extract time: 0.01 seconds
0.0
Embed time: 0.01 seconds
Extract time: 0.01 seconds
0.0
Embed time: 0.01 seconds
Extract time: 0.04 seconds
0.0
Embed time: 0.01 seconds
Extract time: 0.01 seconds
0.015625
Embed time: 0.01 seconds
Extract time: 0.01 seconds
0.0
Embed time: 0.04 seconds
Extract time: 0.01 seconds
0.0
Embed time: 0.01 seconds
Extract time: 0.01 seconds
0.0
Embed time: 0.01 seconds
Extract time: 0.01 seconds
0.0
Embed time: 0.01 seconds
Extract time: 0.01 seconds
0.0
Embed time: 0.02 seconds
Extract time: 0.01 seconds
0.0
Embed time: 0.01 seconds
Extract time: 0.03 seconds
0.0
Embed time: 0.01 seconds
Extract time: 0.01 seconds
0.0
Embed time: 0.03 seconds
Extract time: 0.01 seconds
0.0
Embed time: 0.01 seconds
Extract time: 0.01 seconds
0.0
Embed time: 0.02 seconds
Extract time: 0.01 seconds
0.0
Embed time: 0.01 seconds
Extract time: 0.01 seconds
0.0
Embed time: 0.05 seconds
Extract time: 0.01 seconds
0.046875
Embed time: 0.01 seconds
Extract time: 0.01 seconds
0.0
Embed time: 0.05 seconds
Extract time: 0.01 seconds
0.0
Embed time: 0.01 seconds
Extract time: 0.01 seconds
0.0
Embed time: 0.03 seconds
Extract time: 0.01 seconds
0.0
Embed time: 0.01 seconds
Extract time: 0.03 seconds
0.0
Embed time: 0.04 seconds
Extract time: 0.01 seconds
0.0
Embed time: 0.01 seconds
Extract time: 0.01 seconds
0.0
Embed time: 0.02 seconds
Extract time: 0.01 seconds
0.0
Embed time: 0.01 seconds
Extract time: 0.01 seconds
0.0
Embed time: 0.03 seconds
Extract time: 0.01 seconds
0.0
Embed time: 0.01 seconds
Extract time: 0.01 seconds
0.015625
Embed time: 0.04 seconds
Extract time: 0.01 seconds
0.0
Embed time: 0.01 seconds
Extract time: 0.01 seconds
0.015625
Embed time: 0.05 seconds
Extract time: 0.01 seconds
0.0
Embed time: 0.01 seconds
Extract time: 0.01 seconds
0.0
Embed time: 0.03 seconds
Extract time: 0.01 seconds
0.0
Embed time: 0.01 seconds
Extract time: 0.01 seconds
0.0
Embed time: 0.01 seconds
Extract time: 0.01 seconds
0.0
Embed time: 0.02 seconds
Extract time: 0.01 seconds
0.0
Embed time: 0.01 seconds
Extract time: 0.01 seconds
0.0
Embed time: 0.03 seconds
Extract time: 0.01 seconds
0.0625
Embed time: 0.01 seconds
Extract time: 0.01 seconds
0.015625
Embed time: 0.05 seconds
Extract time: 0.01 seconds
0.0
Embed time: 0.01 seconds
Extract time: 0.01 seconds
0.0
Embed time: 0.01 seconds
Extract time: 0.01 seconds
0.0
Embed time: 0.01 seconds
Extract time: 0.01 seconds
0.0
Embed time: 0.01 seconds
Extract time: 0.01 seconds
0.0
Embed time: 0.04 seconds
Extract time: 0.01 seconds
0.015625
Embed time: 0.01 seconds
Extract time: 0.03 seconds
0.03125
Embed time: 0.03 seconds
Extract time: 0.01 seconds
0.0
Embed time: 0.01 seconds
Extract time: 0.01 seconds
0.0
Embed time: 0.05 seconds
Extract time: 0.01 seconds
0.0
Embed time: 0.01 seconds
Extract time: 0.01 seconds
0.0
Embed time: 0.05 seconds
Extract time: 0.01 seconds
0.015625
Embed time: 0.01 seconds
Extract time: 0.01 seconds
0.0
Embed time: 0.06 seconds
Extract time: 0.01 seconds
0.0
Embed time: 0.01 seconds
Extract time: 0.01 seconds
0.015625
Embed time: 0.05 seconds
Extract time: 0.01 seconds
0.03125
Embed time: 0.01 seconds
Extract time: 0.01 seconds
0.0
Embed time: 0.05 seconds
Extract time: 0.01 seconds
0.0
Embed time: 0.01 seconds
Extract time: 0.01 seconds
0.0
Embed time: 0.02 seconds
Extract time: 0.01 seconds
0.0
Embed time: 0.01 seconds
Extract time: 0.01 seconds
0.0
Embed time: 0.02 seconds
Extract time: 0.01 seconds
0.0
Embed time: 0.01 seconds
Extract time: 0.01 seconds
0.0
Embed time: 0.04 seconds
Extract time: 0.01 seconds
0.0
Embed time: 0.01 seconds
Extract time: 0.02 seconds
0.0
Embed time: 0.04 seconds
Extract time: 0.01 seconds
0.0625
Embed time: 0.01 seconds
Extract time: 0.01 seconds
0.0
Embed time: 0.04 seconds
Extract time: 0.01 seconds
0.0
Embed time: 0.01 seconds
Extract time: 0.01 seconds
0.0
Embed time: 0.01 seconds
Extract time: 0.01 seconds
0.0
Embed time: 0.01 seconds
Extract time: 0.01 seconds
0.0625
Embed time: 0.01 seconds
Extract time: 0.01 seconds
0.0
Embed time: 0.01 seconds
Extract time: 0.04 seconds
0.0
Embed time: 0.01 seconds
Extract time: 0.01 seconds
0.0
Embed time: 0.01 seconds
Extract time: 0.01 seconds
0.0
Embed time: 0.03 seconds
Extract time: 0.01 seconds
0.0
Embed time: 0.01 seconds
Extract time: 0.03 seconds
0.0
Embed time: 0.01 seconds
Extract time: 0.01 seconds
0.0
Embed time: 0.05 seconds
Extract time: 0.01 seconds
0.0
Embed time: 0.01 seconds
Extract time: 0.01 seconds
0.0
Embed time: 0.06 seconds
Extract time: 0.01 seconds
0.0
Embed time: 0.01 seconds
Extract time: 0.01 seconds
0.0
Embed time: 0.01 seconds
Extract time: 0.05 seconds
0.0
25-06-24 12:45:30.216 - INFO: # Validation # PSNR_Stego: 4.0140e+01, Bit_acc:  4.2188e-03
2025-06-24 12:45:30,216 - INFO - # Validation # PSNR_Stego: 4.0140e+01, Bit_acc:  4.2188e-03
25-06-24 12:45:30.216 - INFO: <epoch:  3, iter:  49,500> PSNR_Stego: 4.0140e+01, Bit_acc:  4.2188e-03
2025-06-24 12:45:30,216 - INFO - <epoch:  3, iter:  49,500> PSNR_Stego: 4.0140e+01, Bit_acc:  4.2188e-03
25-06-24 12:45:51.783 - INFO: <epoch:  3, iter:  49,600, lr:5.000e-05> l_forw_fit: 1.7887e+00 l_msg: 5.1324e-03 
2025-06-24 12:45:51,783 - INFO - <epoch:  3, iter:  49,600, lr:5.000e-05> l_forw_fit: 1.7887e+00 l_msg: 5.1324e-03 
25-06-24 12:46:14.217 - INFO: <epoch:  3, iter:  49,700, lr:5.000e-05> l_forw_fit: 2.3426e+00 l_msg: 3.4876e-04 
2025-06-24 12:46:14,217 - INFO - <epoch:  3, iter:  49,700, lr:5.000e-05> l_forw_fit: 2.3426e+00 l_msg: 3.4876e-04 
25-06-24 12:46:36.241 - INFO: <epoch:  3, iter:  49,800, lr:5.000e-05> l_forw_fit: 2.8523e+00 l_msg: 0.0000e+00 
2025-06-24 12:46:36,241 - INFO - <epoch:  3, iter:  49,800, lr:5.000e-05> l_forw_fit: 2.8523e+00 l_msg: 0.0000e+00 
25-06-24 12:46:58.634 - INFO: <epoch:  3, iter:  49,900, lr:5.000e-05> l_forw_fit: 2.7482e+00 l_msg: 0.0000e+00 
2025-06-24 12:46:58,634 - INFO - <epoch:  3, iter:  49,900, lr:5.000e-05> l_forw_fit: 2.7482e+00 l_msg: 0.0000e+00 
25-06-24 12:47:20.599 - INFO: <epoch:  3, iter:  50,000, lr:5.000e-05> l_forw_fit: 2.0377e+00 l_msg: 7.8125e-03 
2025-06-24 12:47:20,599 - INFO - <epoch:  3, iter:  50,000, lr:5.000e-05> l_forw_fit: 2.0377e+00 l_msg: 7.8125e-03 
Embed time: 0.03 seconds
Extract time: 0.01 seconds
0.0
Embed time: 0.02 seconds
Extract time: 0.01 seconds
0.0
Embed time: 0.02 seconds
Extract time: 0.01 seconds
0.0
Embed time: 0.02 seconds
Extract time: 0.01 seconds
0.0
Embed time: 0.02 seconds
Extract time: 0.01 seconds
0.0
Embed time: 0.02 seconds
Extract time: 0.01 seconds
0.03125
Embed time: 0.02 seconds
Extract time: 0.01 seconds
0.0
Embed time: 0.02 seconds
Extract time: 0.01 seconds
0.0
Embed time: 0.02 seconds
Extract time: 0.01 seconds
0.0
Embed time: 0.02 seconds
Extract time: 0.01 seconds
0.0
Embed time: 0.01 seconds
Extract time: 0.01 seconds
0.0
Embed time: 0.05 seconds
Extract time: 0.01 seconds
0.0
Embed time: 0.01 seconds
Extract time: 0.01 seconds
0.0
Embed time: 0.04 seconds
Extract time: 0.01 seconds
0.0
Embed time: 0.01 seconds
Extract time: 0.03 seconds
0.0
Embed time: 0.03 seconds
Extract time: 0.01 seconds
0.015625
Embed time: 0.01 seconds
Extract time: 0.01 seconds
0.046875
Embed time: 0.03 seconds
Extract time: 0.01 seconds
0.0
Embed time: 0.01 seconds
Extract time: 0.01 seconds
0.0
Embed time: 0.04 seconds
Extract time: 0.01 seconds
0.0
Embed time: 0.01 seconds
Extract time: 0.01 seconds
0.0
Embed time: 0.04 seconds
Extract time: 0.01 seconds
0.0
Embed time: 0.01 seconds
Extract time: 0.01 seconds
0.0
Embed time: 0.01 seconds
Extract time: 0.01 seconds
0.0
Embed time: 0.01 seconds
Extract time: 0.01 seconds
0.0
Embed time: 0.05 seconds
Extract time: 0.01 seconds
0.0
Embed time: 0.02 seconds
Extract time: 0.01 seconds
0.0
Embed time: 0.02 seconds
Extract time: 0.01 seconds
0.0
Embed time: 0.01 seconds
Extract time: 0.01 seconds
0.0
Embed time: 0.01 seconds
Extract time: 0.01 seconds
0.015625
Embed time: 0.01 seconds
Extract time: 0.01 seconds
0.0
Embed time: 0.03 seconds
Extract time: 0.01 seconds
0.0
Embed time: 0.01 seconds
Extract time: 0.01 seconds
0.0
Embed time: 0.04 seconds
Extract time: 0.01 seconds
0.0
Embed time: 0.01 seconds
Extract time: 0.01 seconds
0.015625
Embed time: 0.05 seconds
Extract time: 0.01 seconds
0.0
Embed time: 0.01 seconds
Extract time: 0.01 seconds
0.0
Embed time: 0.04 seconds
Extract time: 0.01 seconds
0.0
Embed time: 0.01 seconds
Extract time: 0.01 seconds
0.03125
Embed time: 0.01 seconds
Extract time: 0.01 seconds
0.0
Embed time: 0.05 seconds
Extract time: 0.01 seconds
0.0
Embed time: 0.01 seconds
Extract time: 0.01 seconds
0.0
Embed time: 0.01 seconds
Extract time: 0.01 seconds
0.0
Embed time: 0.01 seconds
Extract time: 0.05 seconds
0.0
Embed time: 0.03 seconds
Extract time: 0.01 seconds
0.0
Embed time: 0.01 seconds
Extract time: 0.01 seconds
0.0
Embed time: 0.02 seconds
Extract time: 0.01 seconds
0.015625
Embed time: 0.01 seconds
Extract time: 0.01 seconds
0.0
Embed time: 0.01 seconds
Extract time: 0.01 seconds
0.0
Embed time: 0.01 seconds
Extract time: 0.01 seconds
0.0
Embed time: 0.04 seconds
Extract time: 0.01 seconds
0.0
Embed time: 0.01 seconds
Extract time: 0.01 seconds
0.0
Embed time: 0.05 seconds
Extract time: 0.01 seconds
0.0
Embed time: 0.01 seconds
Extract time: 0.01 seconds
0.0
Embed time: 0.05 seconds
Extract time: 0.01 seconds
0.0
Embed time: 0.01 seconds
Extract time: 0.01 seconds
0.078125
Embed time: 0.03 seconds
Extract time: 0.01 seconds
0.015625
Embed time: 0.01 seconds
Extract time: 0.01 seconds
0.03125
Embed time: 0.05 seconds
Extract time: 0.01 seconds
0.0
Embed time: 0.01 seconds
Extract time: 0.01 seconds
0.0
Embed time: 0.05 seconds
Extract time: 0.01 seconds
0.0
Embed time: 0.01 seconds
Extract time: 0.01 seconds
0.0
Embed time: 0.05 seconds
Extract time: 0.01 seconds
0.0
Embed time: 0.01 seconds
Extract time: 0.01 seconds
0.03125
Embed time: 0.05 seconds
Extract time: 0.01 seconds
0.0
Embed time: 0.01 seconds
Extract time: 0.01 seconds
0.0
Embed time: 0.01 seconds
Extract time: 0.01 seconds
0.0
Embed time: 0.01 seconds
Extract time: 0.01 seconds
0.0
Embed time: 0.01 seconds
Extract time: 0.01 seconds
0.0
Embed time: 0.01 seconds
Extract time: 0.01 seconds
0.0
Embed time: 0.01 seconds
Extract time: 0.01 seconds
0.0
Embed time: 0.04 seconds
Extract time: 0.01 seconds
0.0
Embed time: 0.01 seconds
Extract time: 0.01 seconds
0.0
Embed time: 0.05 seconds
Extract time: 0.01 seconds
0.0
Embed time: 0.01 seconds
Extract time: 0.01 seconds
0.0
Embed time: 0.01 seconds
Extract time: 0.01 seconds
0.0
Embed time: 0.03 seconds
Extract time: 0.01 seconds
0.0
Embed time: 0.01 seconds
Extract time: 0.01 seconds
0.0
Embed time: 0.05 seconds
Extract time: 0.01 seconds
0.0
Embed time: 0.01 seconds
Extract time: 0.01 seconds
0.0
Embed time: 0.02 seconds
Extract time: 0.01 seconds
0.0
Embed time: 0.01 seconds
Extract time: 0.01 seconds
0.0
Embed time: 0.03 seconds
Extract time: 0.01 seconds
0.015625
Embed time: 0.01 seconds
Extract time: 0.01 seconds
0.0
Embed time: 0.04 seconds
Extract time: 0.01 seconds
0.0
Embed time: 0.01 seconds
Extract time: 0.01 seconds
0.0625
Embed time: 0.01 seconds
Extract time: 0.01 seconds
0.0
Embed time: 0.01 seconds
Extract time: 0.01 seconds
0.0
Embed time: 0.05 seconds
Extract time: 0.01 seconds
0.0
Embed time: 0.01 seconds
Extract time: 0.01 seconds
0.0
Embed time: 0.01 seconds
Extract time: 0.01 seconds
0.0
Embed time: 0.02 seconds
Extract time: 0.01 seconds
0.03125
Embed time: 0.01 seconds
Extract time: 0.01 seconds
0.0
Embed time: 0.04 seconds
Extract time: 0.01 seconds
0.015625
Embed time: 0.01 seconds
Extract time: 0.01 seconds
0.0
Embed time: 0.01 seconds
Extract time: 0.01 seconds
0.0
Embed time: 0.01 seconds
Extract time: 0.01 seconds
0.0
Embed time: 0.01 seconds
Extract time: 0.01 seconds
0.0
Embed time: 0.05 seconds
Extract time: 0.01 seconds
0.0
Embed time: 0.01 seconds
Extract time: 0.01 seconds
0.0
25-06-24 12:47:35.639 - INFO: # Validation # PSNR_Stego: 3.9977e+01, Bit_acc:  4.5312e-03
2025-06-24 12:47:35,639 - INFO - # Validation # PSNR_Stego: 3.9977e+01, Bit_acc:  4.5312e-03
25-06-24 12:47:35.640 - INFO: <epoch:  3, iter:  50,000> PSNR_Stego: 3.9977e+01, Bit_acc:  4.5312e-03
2025-06-24 12:47:35,640 - INFO - <epoch:  3, iter:  50,000> PSNR_Stego: 3.9977e+01, Bit_acc:  4.5312e-03
25-06-24 12:47:35.640 - INFO: Saving models and training states.
2025-06-24 12:47:35,640 - INFO - Saving models and training states.
Checkpoint save path: /workspace/EditGuard-V1/experiments/train_ibsn_bit_64/models/50000_G.pth

===== Checkpoint State Path: /workspace/EditGuard-V1/experiments/train_ibsn_bit_64/training_state/50000.state =====

25-06-24 12:47:57.861 - INFO: <epoch:  3, iter:  50,100, lr:5.000e-05> l_forw_fit: 2.1393e+00 l_msg: 0.0000e+00 
2025-06-24 12:47:57,861 - INFO - <epoch:  3, iter:  50,100, lr:5.000e-05> l_forw_fit: 2.1393e+00 l_msg: 0.0000e+00 
25-06-24 12:48:20.177 - INFO: <epoch:  3, iter:  50,200, lr:5.000e-05> l_forw_fit: 2.4835e+00 l_msg: 0.0000e+00 
2025-06-24 12:48:20,177 - INFO - <epoch:  3, iter:  50,200, lr:5.000e-05> l_forw_fit: 2.4835e+00 l_msg: 0.0000e+00 
25-06-24 12:48:42.474 - INFO: <epoch:  3, iter:  50,300, lr:5.000e-05> l_forw_fit: 2.2847e+00 l_msg: 1.5230e-03 
2025-06-24 12:48:42,474 - INFO - <epoch:  3, iter:  50,300, lr:5.000e-05> l_forw_fit: 2.2847e+00 l_msg: 1.5230e-03 
25-06-24 12:49:04.757 - INFO: <epoch:  3, iter:  50,400, lr:5.000e-05> l_forw_fit: 2.7259e+00 l_msg: 3.0286e-02 
2025-06-24 12:49:04,757 - INFO - <epoch:  3, iter:  50,400, lr:5.000e-05> l_forw_fit: 2.7259e+00 l_msg: 3.0286e-02 
25-06-24 12:49:26.899 - INFO: <epoch:  3, iter:  50,500, lr:5.000e-05> l_forw_fit: 2.1521e+00 l_msg: 0.0000e+00 
2025-06-24 12:49:26,899 - INFO - <epoch:  3, iter:  50,500, lr:5.000e-05> l_forw_fit: 2.1521e+00 l_msg: 0.0000e+00 
Embed time: 0.03 seconds
Extract time: 0.01 seconds
0.0
Embed time: 0.02 seconds
Extract time: 0.02 seconds
0.0
Embed time: 0.03 seconds
Extract time: 0.01 seconds
0.03125
Embed time: 0.02 seconds
Extract time: 0.01 seconds
0.0
Embed time: 0.05 seconds
Extract time: 0.01 seconds
0.046875
Embed time: 0.02 seconds
Extract time: 0.01 seconds
0.015625
Embed time: 0.02 seconds
Extract time: 0.04 seconds
0.0
Embed time: 0.02 seconds
Extract time: 0.01 seconds
0.0
Embed time: 0.05 seconds
Extract time: 0.01 seconds
0.0
Embed time: 0.02 seconds
Extract time: 0.01 seconds
0.0
Embed time: 0.05 seconds
Extract time: 0.01 seconds
0.0
Embed time: 0.01 seconds
Extract time: 0.01 seconds
0.0
Embed time: 0.05 seconds
Extract time: 0.01 seconds
0.0
Embed time: 0.01 seconds
Extract time: 0.01 seconds
0.03125
Embed time: 0.01 seconds
Extract time: 0.01 seconds
0.0
Embed time: 0.01 seconds
Extract time: 0.01 seconds
0.0
Embed time: 0.04 seconds
Extract time: 0.01 seconds
0.0
Embed time: 0.01 seconds
Extract time: 0.01 seconds
0.0
Embed time: 0.03 seconds
Extract time: 0.01 seconds
0.0
Embed time: 0.01 seconds
Extract time: 0.01 seconds
0.0
Embed time: 0.01 seconds
Extract time: 0.04 seconds
0.0
Embed time: 0.01 seconds
Extract time: 0.01 seconds
0.0
Embed time: 0.05 seconds
Extract time: 0.01 seconds
0.0
Embed time: 0.01 seconds
Extract time: 0.01 seconds
0.0
Embed time: 0.05 seconds
Extract time: 0.01 seconds
0.0
Embed time: 0.01 seconds
Extract time: 0.01 seconds
0.0
Embed time: 0.01 seconds
Extract time: 0.01 seconds
0.0
Embed time: 0.01 seconds
Extract time: 0.04 seconds
0.0
Embed time: 0.03 seconds
Extract time: 0.01 seconds
0.0
Embed time: 0.01 seconds
Extract time: 0.01 seconds
0.0
Embed time: 0.01 seconds
Extract time: 0.01 seconds
0.0
Embed time: 0.02 seconds
Extract time: 0.01 seconds
0.0
Embed time: 0.01 seconds
Extract time: 0.04 seconds
0.0
Embed time: 0.03 seconds
Extract time: 0.01 seconds
0.0
Embed time: 0.01 seconds
Extract time: 0.01 seconds
0.09375
Embed time: 0.02 seconds
Extract time: 0.01 seconds
0.0
Embed time: 0.01 seconds
Extract time: 0.01 seconds
0.0
Embed time: 0.04 seconds
Extract time: 0.01 seconds
0.0
Embed time: 0.01 seconds
Extract time: 0.01 seconds
0.0
Embed time: 0.05 seconds
Extract time: 0.01 seconds
0.0
Embed time: 0.01 seconds
Extract time: 0.01 seconds
0.0
Embed time: 0.01 seconds
Extract time: 0.01 seconds
0.0
Embed time: 0.02 seconds
Extract time: 0.01 seconds
0.125
Embed time: 0.04 seconds
Extract time: 0.01 seconds
0.0
Embed time: 0.03 seconds
Extract time: 0.01 seconds
0.0
Embed time: 0.01 seconds
Extract time: 0.01 seconds
0.0
Embed time: 0.05 seconds
Extract time: 0.01 seconds
0.0
Embed time: 0.01 seconds
Extract time: 0.01 seconds
0.0
Embed time: 0.01 seconds
Extract time: 0.01 seconds
0.0
Embed time: 0.01 seconds
Extract time: 0.01 seconds
0.0
Embed time: 0.04 seconds
Extract time: 0.01 seconds
0.0
Embed time: 0.01 seconds
Extract time: 0.01 seconds
0.0
Embed time: 0.05 seconds
Extract time: 0.01 seconds
0.0
Embed time: 0.01 seconds
Extract time: 0.01 seconds
0.0
Embed time: 0.02 seconds
Extract time: 0.01 seconds
0.0
Embed time: 0.01 seconds
Extract time: 0.03 seconds
0.0
Embed time: 0.03 seconds
Extract time: 0.01 seconds
0.03125
Embed time: 0.01 seconds
Extract time: 0.01 seconds
0.0
Embed time: 0.05 seconds
Extract time: 0.01 seconds
0.0
Embed time: 0.01 seconds
Extract time: 0.02 seconds
0.046875
Embed time: 0.03 seconds
Extract time: 0.01 seconds
0.0
Embed time: 0.01 seconds
Extract time: 0.01 seconds
0.0
Embed time: 0.05 seconds
Extract time: 0.01 seconds
0.0
Embed time: 0.01 seconds
Extract time: 0.01 seconds
0.0625
Embed time: 0.04 seconds
Extract time: 0.01 seconds
0.0
Embed time: 0.01 seconds
Extract time: 0.01 seconds
0.0
Embed time: 0.05 seconds
Extract time: 0.01 seconds
0.0
Embed time: 0.01 seconds
Extract time: 0.01 seconds
0.0
Embed time: 0.01 seconds
Extract time: 0.04 seconds
0.0
Embed time: 0.02 seconds
Extract time: 0.01 seconds
0.0
Embed time: 0.02 seconds
Extract time: 0.01 seconds
0.0
Embed time: 0.02 seconds
Extract time: 0.01 seconds
0.0
Embed time: 0.02 seconds
Extract time: 0.01 seconds
0.0
Embed time: 0.02 seconds
Extract time: 0.02 seconds
0.0
Embed time: 0.02 seconds
Extract time: 0.01 seconds
0.0
Embed time: 0.02 seconds
Extract time: 0.01 seconds
0.0
Embed time: 0.04 seconds
Extract time: 0.01 seconds
0.0
Embed time: 0.01 seconds
Extract time: 0.01 seconds
0.0
Embed time: 0.05 seconds
Extract time: 0.01 seconds
0.0
Embed time: 0.02 seconds
Extract time: 0.01 seconds
0.0
Embed time: 0.02 seconds
Extract time: 0.01 seconds
0.0
Embed time: 0.01 seconds
Extract time: 0.01 seconds
0.0
Embed time: 0.02 seconds
Extract time: 0.01 seconds
0.015625
Embed time: 0.01 seconds
Extract time: 0.01 seconds
0.0
Embed time: 0.05 seconds
Extract time: 0.01 seconds
0.0
Embed time: 0.01 seconds
Extract time: 0.01 seconds
0.0
Embed time: 0.05 seconds
Extract time: 0.01 seconds
0.0
Embed time: 0.01 seconds
Extract time: 0.02 seconds
0.078125
Embed time: 0.02 seconds
Extract time: 0.01 seconds
0.0
Embed time: 0.01 seconds
Extract time: 0.04 seconds
0.0
Embed time: 0.05 seconds
Extract time: 0.01 seconds
0.015625
Embed time: 0.02 seconds
Extract time: 0.01 seconds
0.03125
Embed time: 0.02 seconds
Extract time: 0.01 seconds
0.0
Embed time: 0.02 seconds
Extract time: 0.01 seconds
0.0
Embed time: 0.02 seconds
Extract time: 0.01 seconds
0.0
Embed time: 0.05 seconds
Extract time: 0.01 seconds
0.0
Embed time: 0.02 seconds
Extract time: 0.01 seconds
0.0
Embed time: 0.02 seconds
Extract time: 0.01 seconds
0.0
Embed time: 0.02 seconds
Extract time: 0.01 seconds
0.0
Embed time: 0.02 seconds
Extract time: 0.01 seconds
0.0
25-06-24 12:49:44.499 - INFO: # Validation # PSNR_Stego: 3.9708e+01, Bit_acc:  6.2500e-03
2025-06-24 12:49:44,499 - INFO - # Validation # PSNR_Stego: 3.9708e+01, Bit_acc:  6.2500e-03
25-06-24 12:49:44.499 - INFO: <epoch:  3, iter:  50,500> PSNR_Stego: 3.9708e+01, Bit_acc:  6.2500e-03
2025-06-24 12:49:44,499 - INFO - <epoch:  3, iter:  50,500> PSNR_Stego: 3.9708e+01, Bit_acc:  6.2500e-03
25-06-24 12:50:07.291 - INFO: <epoch:  3, iter:  50,600, lr:5.000e-05> l_forw_fit: 2.0825e+00 l_msg: 3.9439e-02 
2025-06-24 12:50:07,291 - INFO - <epoch:  3, iter:  50,600, lr:5.000e-05> l_forw_fit: 2.0825e+00 l_msg: 3.9439e-02 
25-06-24 12:50:30.186 - INFO: <epoch:  3, iter:  50,700, lr:5.000e-05> l_forw_fit: 2.5579e+00 l_msg: 2.9801e-02 
2025-06-24 12:50:30,186 - INFO - <epoch:  3, iter:  50,700, lr:5.000e-05> l_forw_fit: 2.5579e+00 l_msg: 2.9801e-02 
25-06-24 12:50:52.375 - INFO: <epoch:  3, iter:  50,800, lr:5.000e-05> l_forw_fit: 2.5340e+00 l_msg: 2.0710e-04 
2025-06-24 12:50:52,375 - INFO - <epoch:  3, iter:  50,800, lr:5.000e-05> l_forw_fit: 2.5340e+00 l_msg: 2.0710e-04 
25-06-24 12:51:14.835 - INFO: <epoch:  3, iter:  50,900, lr:5.000e-05> l_forw_fit: 2.5400e+00 l_msg: 9.5283e-03 
2025-06-24 12:51:14,835 - INFO - <epoch:  3, iter:  50,900, lr:5.000e-05> l_forw_fit: 2.5400e+00 l_msg: 9.5283e-03 
25-06-24 12:51:37.352 - INFO: <epoch:  3, iter:  51,000, lr:5.000e-05> l_forw_fit: 2.5089e+00 l_msg: 1.7299e-02 
2025-06-24 12:51:37,352 - INFO - <epoch:  3, iter:  51,000, lr:5.000e-05> l_forw_fit: 2.5089e+00 l_msg: 1.7299e-02 
Embed time: 0.10 seconds
Extract time: 0.01 seconds
0.0
Embed time: 0.02 seconds
Extract time: 0.01 seconds
0.0
Embed time: 0.02 seconds
Extract time: 0.01 seconds
0.0
Embed time: 0.02 seconds
Extract time: 0.01 seconds
0.0
Embed time: 0.05 seconds
Extract time: 0.01 seconds
0.015625
Embed time: 0.02 seconds
Extract time: 0.01 seconds
0.015625
Embed time: 0.05 seconds
Extract time: 0.01 seconds
0.0
Embed time: 0.02 seconds
Extract time: 0.01 seconds
0.0
Embed time: 0.05 seconds
Extract time: 0.01 seconds
0.0
Embed time: 0.02 seconds
Extract time: 0.01 seconds
0.0
Embed time: 0.05 seconds
Extract time: 0.01 seconds
0.0
Embed time: 0.02 seconds
Extract time: 0.01 seconds
0.0
Embed time: 0.01 seconds
Extract time: 0.03 seconds
0.0
Embed time: 0.01 seconds
Extract time: 0.01 seconds
0.0
Embed time: 0.05 seconds
Extract time: 0.01 seconds
0.0
Embed time: 0.02 seconds
Extract time: 0.01 seconds
0.0
Embed time: 0.02 seconds
Extract time: 0.01 seconds
0.0
Embed time: 0.02 seconds
Extract time: 0.01 seconds
0.015625
Embed time: 0.05 seconds
Extract time: 0.01 seconds
0.0
Embed time: 0.01 seconds
Extract time: 0.01 seconds
0.0
Embed time: 0.02 seconds
Extract time: 0.01 seconds
0.03125
Embed time: 0.01 seconds
Extract time: 0.01 seconds
0.015625
Embed time: 0.02 seconds
Extract time: 0.01 seconds
0.015625
Embed time: 0.02 seconds
Extract time: 0.01 seconds
0.0
Embed time: 0.01 seconds
Extract time: 0.01 seconds
0.0
Embed time: 0.04 seconds
Extract time: 0.01 seconds
0.0
Embed time: 0.01 seconds
Extract time: 0.01 seconds
0.0
Embed time: 0.05 seconds
Extract time: 0.01 seconds
0.0
Embed time: 0.01 seconds
Extract time: 0.01 seconds
0.0
Embed time: 0.01 seconds
Extract time: 0.01 seconds
0.046875
Embed time: 0.01 seconds
Extract time: 0.01 seconds
0.0625
Embed time: 0.02 seconds
Extract time: 0.01 seconds
0.0
Embed time: 0.04 seconds
Extract time: 0.01 seconds
0.0
Embed time: 0.01 seconds
Extract time: 0.01 seconds
0.0
Embed time: 0.05 seconds
Extract time: 0.01 seconds
0.015625
Embed time: 0.01 seconds
Extract time: 0.01 seconds
0.0
Embed time: 0.05 seconds
Extract time: 0.01 seconds
0.0
Embed time: 0.02 seconds
Extract time: 0.01 seconds
0.0
Embed time: 0.05 seconds
Extract time: 0.01 seconds
0.0
Embed time: 0.02 seconds
Extract time: 0.01 seconds
0.0
Embed time: 0.05 seconds
Extract time: 0.01 seconds
0.0
Embed time: 0.02 seconds
Extract time: 0.01 seconds
0.0
Embed time: 0.05 seconds
Extract time: 0.01 seconds
0.0
Embed time: 0.02 seconds
Extract time: 0.01 seconds
0.0
Embed time: 0.05 seconds
Extract time: 0.01 seconds
0.0
Embed time: 0.02 seconds
Extract time: 0.01 seconds
0.015625
Embed time: 0.05 seconds
Extract time: 0.01 seconds
0.0
Embed time: 0.02 seconds
Extract time: 0.01 seconds
0.0
Embed time: 0.05 seconds
Extract time: 0.01 seconds
0.0
Embed time: 0.02 seconds
Extract time: 0.01 seconds
0.03125
Embed time: 0.02 seconds
Extract time: 0.01 seconds
0.0
Embed time: 0.02 seconds
Extract time: 0.01 seconds
0.0
Embed time: 0.04 seconds
Extract time: 0.01 seconds
0.0
Embed time: 0.02 seconds
Extract time: 0.01 seconds
0.0
Embed time: 0.01 seconds
Extract time: 0.01 seconds
0.140625
Embed time: 0.01 seconds
Extract time: 0.01 seconds
0.0
Embed time: 0.02 seconds
Extract time: 0.01 seconds
0.015625
Embed time: 0.01 seconds
Extract time: 0.01 seconds
0.015625
Embed time: 0.01 seconds
Extract time: 0.01 seconds
0.0
Embed time: 0.01 seconds
Extract time: 0.01 seconds
0.0
Embed time: 0.05 seconds
Extract time: 0.01 seconds
0.0
Embed time: 0.02 seconds
Extract time: 0.01 seconds
0.0
Embed time: 0.05 seconds
Extract time: 0.01 seconds
0.0
Embed time: 0.02 seconds
Extract time: 0.01 seconds
0.0
Embed time: 0.05 seconds
Extract time: 0.01 seconds
0.0
Embed time: 0.01 seconds
Extract time: 0.01 seconds
0.0
Embed time: 0.05 seconds
Extract time: 0.01 seconds
0.0
Embed time: 0.02 seconds
Extract time: 0.01 seconds
0.0
Embed time: 0.05 seconds
Extract time: 0.01 seconds
0.0
Embed time: 0.01 seconds
Extract time: 0.01 seconds
0.015625
Embed time: 0.06 seconds
Extract time: 0.01 seconds
0.0
Embed time: 0.01 seconds
Extract time: 0.01 seconds
0.0
Embed time: 0.05 seconds
Extract time: 0.01 seconds
0.0
Embed time: 0.02 seconds
Extract time: 0.01 seconds
0.0
Embed time: 0.04 seconds
Extract time: 0.01 seconds
0.0
Embed time: 0.02 seconds
Extract time: 0.01 seconds
0.0
Embed time: 0.06 seconds
Extract time: 0.01 seconds
0.0
Embed time: 0.01 seconds
Extract time: 0.01 seconds
0.0
Embed time: 0.01 seconds
Extract time: 0.01 seconds
0.0
Embed time: 0.01 seconds
Extract time: 0.01 seconds
0.0
Embed time: 0.05 seconds
Extract time: 0.01 seconds
0.0
Embed time: 0.01 seconds
Extract time: 0.01 seconds
0.0
Embed time: 0.05 seconds
Extract time: 0.01 seconds
0.0
Embed time: 0.02 seconds
Extract time: 0.02 seconds
0.0
Embed time: 0.04 seconds
Extract time: 0.01 seconds
0.0
Embed time: 0.01 seconds
Extract time: 0.01 seconds
0.0
Embed time: 0.05 seconds
Extract time: 0.01 seconds
0.0
Embed time: 0.01 seconds
Extract time: 0.01 seconds
0.0
Embed time: 0.04 seconds
Extract time: 0.01 seconds
0.0
Embed time: 0.01 seconds
Extract time: 0.01 seconds
0.015625
Embed time: 0.04 seconds
Extract time: 0.01 seconds
0.015625
Embed time: 0.01 seconds
Extract time: 0.01 seconds
0.0
Embed time: 0.04 seconds
Extract time: 0.01 seconds
0.0
Embed time: 0.01 seconds
Extract time: 0.01 seconds
0.0
Embed time: 0.04 seconds
Extract time: 0.01 seconds
0.0
Embed time: 0.01 seconds
Extract time: 0.01 seconds
0.0
Embed time: 0.01 seconds
Extract time: 0.01 seconds
0.0
Embed time: 0.01 seconds
Extract time: 0.01 seconds
0.0
Embed time: 0.05 seconds
Extract time: 0.01 seconds
0.0
Embed time: 0.01 seconds
Extract time: 0.01 seconds
0.0
25-06-24 12:51:52.641 - INFO: # Validation # PSNR_Stego: 4.0003e+01, Bit_acc:  5.0000e-03
2025-06-24 12:51:52,641 - INFO - # Validation # PSNR_Stego: 4.0003e+01, Bit_acc:  5.0000e-03
25-06-24 12:51:52.642 - INFO: <epoch:  3, iter:  51,000> PSNR_Stego: 4.0003e+01, Bit_acc:  5.0000e-03
2025-06-24 12:51:52,642 - INFO - <epoch:  3, iter:  51,000> PSNR_Stego: 4.0003e+01, Bit_acc:  5.0000e-03
25-06-24 12:51:52.643 - INFO: Saving models and training states.
2025-06-24 12:51:52,643 - INFO - Saving models and training states.
Checkpoint save path: /workspace/EditGuard-V1/experiments/train_ibsn_bit_64/models/51000_G.pth

===== Checkpoint State Path: /workspace/EditGuard-V1/experiments/train_ibsn_bit_64/training_state/51000.state =====

25-06-24 12:52:15.276 - INFO: <epoch:  3, iter:  51,100, lr:5.000e-05> l_forw_fit: 2.7649e+00 l_msg: 3.5504e-02 
2025-06-24 12:52:15,276 - INFO - <epoch:  3, iter:  51,100, lr:5.000e-05> l_forw_fit: 2.7649e+00 l_msg: 3.5504e-02 
25-06-24 12:52:37.445 - INFO: <epoch:  3, iter:  51,200, lr:5.000e-05> l_forw_fit: 2.5085e+00 l_msg: 0.0000e+00 
2025-06-24 12:52:37,445 - INFO - <epoch:  3, iter:  51,200, lr:5.000e-05> l_forw_fit: 2.5085e+00 l_msg: 0.0000e+00 
25-06-24 12:52:59.962 - INFO: <epoch:  3, iter:  51,300, lr:5.000e-05> l_forw_fit: 2.4209e+00 l_msg: 1.0937e-02 
2025-06-24 12:52:59,962 - INFO - <epoch:  3, iter:  51,300, lr:5.000e-05> l_forw_fit: 2.4209e+00 l_msg: 1.0937e-02 
25-06-24 12:53:21.984 - INFO: <epoch:  3, iter:  51,400, lr:5.000e-05> l_forw_fit: 2.2138e+00 l_msg: 8.6773e-02 
2025-06-24 12:53:21,984 - INFO - <epoch:  3, iter:  51,400, lr:5.000e-05> l_forw_fit: 2.2138e+00 l_msg: 8.6773e-02 
25-06-24 12:53:43.818 - INFO: <epoch:  3, iter:  51,500, lr:5.000e-05> l_forw_fit: 2.1017e+00 l_msg: 4.5911e-03 
2025-06-24 12:53:43,818 - INFO - <epoch:  3, iter:  51,500, lr:5.000e-05> l_forw_fit: 2.1017e+00 l_msg: 4.5911e-03 
Embed time: 0.04 seconds
Extract time: 0.01 seconds
0.0
Embed time: 0.02 seconds
Extract time: 0.01 seconds
0.0
Embed time: 0.02 seconds
Extract time: 0.01 seconds
0.0
Embed time: 0.05 seconds
Extract time: 0.01 seconds
0.0
Embed time: 0.02 seconds
Extract time: 0.03 seconds
0.015625
Embed time: 0.02 seconds
Extract time: 0.01 seconds
0.0
Embed time: 0.02 seconds
Extract time: 0.01 seconds
0.0
Embed time: 0.02 seconds
Extract time: 0.01 seconds
0.0
Embed time: 0.02 seconds
Extract time: 0.01 seconds
0.015625
Embed time: 0.05 seconds
Extract time: 0.01 seconds
0.046875
Embed time: 0.02 seconds
Extract time: 0.01 seconds
0.0
Embed time: 0.02 seconds
Extract time: 0.01 seconds
0.0
Embed time: 0.02 seconds
Extract time: 0.01 seconds
0.0
Embed time: 0.02 seconds
Extract time: 0.01 seconds
0.0
Embed time: 0.02 seconds
Extract time: 0.01 seconds
0.0
Embed time: 0.05 seconds
Extract time: 0.01 seconds
0.0
Embed time: 0.02 seconds
Extract time: 0.01 seconds
0.0
Embed time: 0.02 seconds
Extract time: 0.01 seconds
0.0
Embed time: 0.03 seconds
Extract time: 0.01 seconds
0.0
Embed time: 0.02 seconds
Extract time: 0.01 seconds
0.0
Embed time: 0.05 seconds
Extract time: 0.01 seconds
0.0
Embed time: 0.02 seconds
Extract time: 0.01 seconds
0.0
Embed time: 0.02 seconds
Extract time: 0.01 seconds
0.0
Embed time: 0.02 seconds
Extract time: 0.01 seconds
0.0
Embed time: 0.02 seconds
Extract time: 0.01 seconds
0.0
Embed time: 0.03 seconds
Extract time: 0.01 seconds
0.0
Embed time: 0.02 seconds
Extract time: 0.01 seconds
0.0
Embed time: 0.05 seconds
Extract time: 0.01 seconds
0.0
Embed time: 0.02 seconds
Extract time: 0.01 seconds
0.0
Embed time: 0.05 seconds
Extract time: 0.01 seconds
0.0
Embed time: 0.02 seconds
Extract time: 0.01 seconds
0.109375
Embed time: 0.03 seconds
Extract time: 0.01 seconds
0.0
Embed time: 0.02 seconds
Extract time: 0.01 seconds
0.03125
Embed time: 0.05 seconds
Extract time: 0.01 seconds
0.0
Embed time: 0.02 seconds
Extract time: 0.01 seconds
0.0
Embed time: 0.02 seconds
Extract time: 0.01 seconds
0.015625
Embed time: 0.02 seconds
Extract time: 0.01 seconds
0.0
Embed time: 0.05 seconds
Extract time: 0.01 seconds
0.0
Embed time: 0.02 seconds
Extract time: 0.01 seconds
0.015625
Embed time: 0.02 seconds
Extract time: 0.01 seconds
0.0
Embed time: 0.03 seconds
Extract time: 0.01 seconds
0.0
Embed time: 0.02 seconds
Extract time: 0.01 seconds
0.0
Embed time: 0.01 seconds
Extract time: 0.01 seconds
0.0
Embed time: 0.01 seconds
Extract time: 0.01 seconds
0.015625
Embed time: 0.05 seconds
Extract time: 0.01 seconds
0.0
Embed time: 0.01 seconds
Extract time: 0.02 seconds
0.03125
Embed time: 0.03 seconds
Extract time: 0.01 seconds
0.0
Embed time: 0.01 seconds
Extract time: 0.01 seconds
0.0
Embed time: 0.01 seconds
Extract time: 0.04 seconds
0.0
Embed time: 0.01 seconds
Extract time: 0.01 seconds
0.078125
Embed time: 0.04 seconds
Extract time: 0.01 seconds
0.015625
Embed time: 0.01 seconds
Extract time: 0.01 seconds
0.0
Embed time: 0.01 seconds
Extract time: 0.01 seconds
0.0
Embed time: 0.01 seconds
Extract time: 0.01 seconds
0.0
Embed time: 0.05 seconds
Extract time: 0.01 seconds
0.09375
Embed time: 0.01 seconds
Extract time: 0.01 seconds
0.078125
Embed time: 0.04 seconds
Extract time: 0.01 seconds
0.0
Embed time: 0.01 seconds
Extract time: 0.01 seconds
0.0
Embed time: 0.05 seconds
Extract time: 0.01 seconds
0.0
Embed time: 0.01 seconds
Extract time: 0.01 seconds
0.0
Embed time: 0.05 seconds
Extract time: 0.01 seconds
0.0
Embed time: 0.01 seconds
Extract time: 0.01 seconds
0.03125
Embed time: 0.05 seconds
Extract time: 0.01 seconds
0.015625
Embed time: 0.01 seconds
Extract time: 0.01 seconds
0.015625
Embed time: 0.05 seconds
Extract time: 0.01 seconds
0.0
Embed time: 0.01 seconds
Extract time: 0.01 seconds
0.0
Embed time: 0.05 seconds
Extract time: 0.01 seconds
0.0
Embed time: 0.01 seconds
Extract time: 0.01 seconds
0.0
Embed time: 0.05 seconds
Extract time: 0.01 seconds
0.0
Embed time: 0.01 seconds
Extract time: 0.01 seconds
0.0
Embed time: 0.01 seconds
Extract time: 0.01 seconds
0.0
Embed time: 0.01 seconds
Extract time: 0.01 seconds
0.0
Embed time: 0.01 seconds
Extract time: 0.04 seconds
0.0
Embed time: 0.05 seconds
Extract time: 0.01 seconds
0.015625
Embed time: 0.01 seconds
Extract time: 0.01 seconds
0.0
Embed time: 0.01 seconds
Extract time: 0.01 seconds
0.0
Embed time: 0.05 seconds
Extract time: 0.01 seconds
0.0
Embed time: 0.01 seconds
Extract time: 0.01 seconds
0.0
Embed time: 0.05 seconds
Extract time: 0.01 seconds
0.0
Embed time: 0.01 seconds
Extract time: 0.01 seconds
0.0
Embed time: 0.01 seconds
Extract time: 0.01 seconds
0.015625
Embed time: 0.01 seconds
Extract time: 0.01 seconds
0.0
Embed time: 0.01 seconds
Extract time: 0.04 seconds
0.0
Embed time: 0.01 seconds
Extract time: 0.02 seconds
0.0
Embed time: 0.04 seconds
Extract time: 0.01 seconds
0.0
Embed time: 0.01 seconds
Extract time: 0.01 seconds
0.0
Embed time: 0.01 seconds
Extract time: 0.01 seconds
0.0
Embed time: 0.01 seconds
Extract time: 0.01 seconds
0.0
Embed time: 0.05 seconds
Extract time: 0.01 seconds
0.0
Embed time: 0.01 seconds
Extract time: 0.01 seconds
0.0
Embed time: 0.05 seconds
Extract time: 0.01 seconds
0.0
Embed time: 0.01 seconds
Extract time: 0.01 seconds
0.03125
Embed time: 0.05 seconds
Extract time: 0.01 seconds
0.0
Embed time: 0.01 seconds
Extract time: 0.01 seconds
0.0
Embed time: 0.04 seconds
Extract time: 0.01 seconds
0.0
Embed time: 0.01 seconds
Extract time: 0.01 seconds
0.0
Embed time: 0.05 seconds
Extract time: 0.01 seconds
0.0
Embed time: 0.01 seconds
Extract time: 0.01 seconds
0.0
Embed time: 0.01 seconds
Extract time: 0.01 seconds
0.0
Embed time: 0.01 seconds
Extract time: 0.01 seconds
0.0
25-06-24 12:53:59.032 - INFO: # Validation # PSNR_Stego: 3.9783e+01, Bit_acc:  6.8750e-03
2025-06-24 12:53:59,032 - INFO - # Validation # PSNR_Stego: 3.9783e+01, Bit_acc:  6.8750e-03
25-06-24 12:53:59.033 - INFO: <epoch:  3, iter:  51,500> PSNR_Stego: 3.9783e+01, Bit_acc:  6.8750e-03
2025-06-24 12:53:59,033 - INFO - <epoch:  3, iter:  51,500> PSNR_Stego: 3.9783e+01, Bit_acc:  6.8750e-03
25-06-24 12:54:21.297 - INFO: <epoch:  3, iter:  51,600, lr:5.000e-05> l_forw_fit: 2.4427e+00 l_msg: 1.2005e-02 
2025-06-24 12:54:21,297 - INFO - <epoch:  3, iter:  51,600, lr:5.000e-05> l_forw_fit: 2.4427e+00 l_msg: 1.2005e-02 
25-06-24 12:54:43.931 - INFO: <epoch:  3, iter:  51,700, lr:5.000e-05> l_forw_fit: 2.4764e+00 l_msg: 9.7528e-03 
2025-06-24 12:54:43,931 - INFO - <epoch:  3, iter:  51,700, lr:5.000e-05> l_forw_fit: 2.4764e+00 l_msg: 9.7528e-03 
25-06-24 12:55:05.643 - INFO: <epoch:  3, iter:  51,800, lr:5.000e-05> l_forw_fit: 2.4295e+00 l_msg: 3.4170e-02 
2025-06-24 12:55:05,643 - INFO - <epoch:  3, iter:  51,800, lr:5.000e-05> l_forw_fit: 2.4295e+00 l_msg: 3.4170e-02 
25-06-24 12:55:28.014 - INFO: <epoch:  3, iter:  51,900, lr:5.000e-05> l_forw_fit: 2.0475e+00 l_msg: 3.9062e-03 
2025-06-24 12:55:28,014 - INFO - <epoch:  3, iter:  51,900, lr:5.000e-05> l_forw_fit: 2.0475e+00 l_msg: 3.9062e-03 
25-06-24 12:55:50.488 - INFO: <epoch:  3, iter:  52,000, lr:5.000e-05> l_forw_fit: 3.0975e+00 l_msg: 4.5436e-02 
2025-06-24 12:55:50,488 - INFO - <epoch:  3, iter:  52,000, lr:5.000e-05> l_forw_fit: 3.0975e+00 l_msg: 4.5436e-02 
Embed time: 0.07 seconds
Extract time: 0.01 seconds
0.0
Embed time: 0.02 seconds
Extract time: 0.01 seconds
0.0
Embed time: 0.02 seconds
Extract time: 0.01 seconds
0.0
Embed time: 0.02 seconds
Extract time: 0.01 seconds
0.0
Embed time: 0.02 seconds
Extract time: 0.01 seconds
0.03125
Embed time: 0.02 seconds
Extract time: 0.03 seconds
0.03125
Embed time: 0.04 seconds
Extract time: 0.01 seconds
0.0
Embed time: 0.02 seconds
Extract time: 0.01 seconds
0.0
Embed time: 0.06 seconds
Extract time: 0.01 seconds
0.0
Embed time: 0.02 seconds
Extract time: 0.01 seconds
0.0
Embed time: 0.05 seconds
Extract time: 0.01 seconds
0.0
Embed time: 0.02 seconds
Extract time: 0.01 seconds
0.0
Embed time: 0.02 seconds
Extract time: 0.05 seconds
0.0
Embed time: 0.04 seconds
Extract time: 0.01 seconds
0.0
Embed time: 0.01 seconds
Extract time: 0.01 seconds
0.0
Embed time: 0.03 seconds
Extract time: 0.01 seconds
0.0
Embed time: 0.01 seconds
Extract time: 0.03 seconds
0.0
Embed time: 0.03 seconds
Extract time: 0.01 seconds
0.0
Embed time: 0.01 seconds
Extract time: 0.01 seconds
0.0
Embed time: 0.06 seconds
Extract time: 0.01 seconds
0.0
Embed time: 0.01 seconds
Extract time: 0.01 seconds
0.0
Embed time: 0.05 seconds
Extract time: 0.01 seconds
0.109375
Embed time: 0.01 seconds
Extract time: 0.01 seconds
0.0
Embed time: 0.05 seconds
Extract time: 0.01 seconds
0.03125
Embed time: 0.01 seconds
Extract time: 0.01 seconds
0.0
Embed time: 0.05 seconds
Extract time: 0.01 seconds
0.0
Embed time: 0.01 seconds
Extract time: 0.01 seconds
0.0
Embed time: 0.05 seconds
Extract time: 0.01 seconds
0.015625
Embed time: 0.01 seconds
Extract time: 0.01 seconds
0.0
Embed time: 0.06 seconds
Extract time: 0.01 seconds
0.0
Embed time: 0.01 seconds
Extract time: 0.01 seconds
0.015625
Embed time: 0.05 seconds
Extract time: 0.01 seconds
0.0
Embed time: 0.01 seconds
Extract time: 0.01 seconds
0.0
Embed time: 0.05 seconds
Extract time: 0.01 seconds
0.0
Embed time: 0.01 seconds
Extract time: 0.01 seconds
0.0
Embed time: 0.01 seconds
Extract time: 0.01 seconds
0.0
Embed time: 0.03 seconds
Extract time: 0.01 seconds
0.0
Embed time: 0.01 seconds
Extract time: 0.01 seconds
0.0
Embed time: 0.03 seconds
Extract time: 0.01 seconds
0.0
Embed time: 0.01 seconds
Extract time: 0.01 seconds
0.03125
Embed time: 0.05 seconds
Extract time: 0.01 seconds
0.0
Embed time: 0.01 seconds
Extract time: 0.01 seconds
0.0
Embed time: 0.05 seconds
Extract time: 0.01 seconds
0.0
Embed time: 0.01 seconds
Extract time: 0.01 seconds
0.03125
Embed time: 0.04 seconds
Extract time: 0.01 seconds
0.0
Embed time: 0.01 seconds
Extract time: 0.01 seconds
0.015625
Embed time: 0.05 seconds
Extract time: 0.01 seconds
0.0
Embed time: 0.01 seconds
Extract time: 0.01 seconds
0.0
Embed time: 0.01 seconds
Extract time: 0.01 seconds
0.0
Embed time: 0.04 seconds
Extract time: 0.01 seconds
0.078125
Embed time: 0.01 seconds
Extract time: 0.03 seconds
0.0
Embed time: 0.04 seconds
Extract time: 0.01 seconds
0.0
Embed time: 0.01 seconds
Extract time: 0.01 seconds
0.0
Embed time: 0.05 seconds
Extract time: 0.01 seconds
0.0
Embed time: 0.01 seconds
Extract time: 0.01 seconds
0.0
Embed time: 0.01 seconds
Extract time: 0.01 seconds
0.0
Embed time: 0.03 seconds
Extract time: 0.01 seconds
0.0
Embed time: 0.01 seconds
Extract time: 0.01 seconds
0.015625
Embed time: 0.02 seconds
Extract time: 0.01 seconds
0.0
Embed time: 0.01 seconds
Extract time: 0.01 seconds
0.03125
Embed time: 0.05 seconds
Extract time: 0.01 seconds
0.0
Embed time: 0.01 seconds
Extract time: 0.01 seconds
0.0
Embed time: 0.06 seconds
Extract time: 0.01 seconds
0.0
Embed time: 0.01 seconds
Extract time: 0.01 seconds
0.0
Embed time: 0.05 seconds
Extract time: 0.01 seconds
0.03125
Embed time: 0.01 seconds
Extract time: 0.01 seconds
0.0
Embed time: 0.04 seconds
Extract time: 0.01 seconds
0.0
Embed time: 0.01 seconds
Extract time: 0.01 seconds
0.0
Embed time: 0.01 seconds
Extract time: 0.01 seconds
0.0
Embed time: 0.01 seconds
Extract time: 0.01 seconds
0.0
Embed time: 0.01 seconds
Extract time: 0.01 seconds
0.0
Embed time: 0.02 seconds
Extract time: 0.01 seconds
0.0
Embed time: 0.01 seconds
Extract time: 0.01 seconds
0.0
Embed time: 0.05 seconds
Extract time: 0.01 seconds
0.0
Embed time: 0.01 seconds
Extract time: 0.01 seconds
0.0
Embed time: 0.05 seconds
Extract time: 0.01 seconds
0.0
Embed time: 0.01 seconds
Extract time: 0.01 seconds
0.0
Embed time: 0.05 seconds
Extract time: 0.01 seconds
0.0
Embed time: 0.01 seconds
Extract time: 0.01 seconds
0.0
Embed time: 0.05 seconds
Extract time: 0.01 seconds
0.0
Embed time: 0.01 seconds
Extract time: 0.03 seconds
0.0
Embed time: 0.03 seconds
Extract time: 0.01 seconds
0.0
Embed time: 0.01 seconds
Extract time: 0.01 seconds
0.015625
Embed time: 0.05 seconds
Extract time: 0.01 seconds
0.0
Embed time: 0.01 seconds
Extract time: 0.01 seconds
0.0
Embed time: 0.01 seconds
Extract time: 0.01 seconds
0.015625
Embed time: 0.02 seconds
Extract time: 0.01 seconds
0.0
Embed time: 0.01 seconds
Extract time: 0.03 seconds
0.015625
Embed time: 0.03 seconds
Extract time: 0.01 seconds
0.0
Embed time: 0.01 seconds
Extract time: 0.01 seconds
0.0
Embed time: 0.01 seconds
Extract time: 0.05 seconds
0.0
Embed time: 0.01 seconds
Extract time: 0.01 seconds
0.015625
Embed time: 0.01 seconds
Extract time: 0.01 seconds
0.0
Embed time: 0.05 seconds
Extract time: 0.01 seconds
0.0
Embed time: 0.01 seconds
Extract time: 0.01 seconds
0.0
Embed time: 0.06 seconds
Extract time: 0.01 seconds
0.0
Embed time: 0.01 seconds
Extract time: 0.01 seconds
0.0
Embed time: 0.01 seconds
Extract time: 0.01 seconds
0.015625
Embed time: 0.01 seconds
Extract time: 0.01 seconds
0.0
Embed time: 0.01 seconds
Extract time: 0.01 seconds
0.0
25-06-24 12:56:05.429 - INFO: # Validation # PSNR_Stego: 4.0081e+01, Bit_acc:  5.4687e-03
2025-06-24 12:56:05,429 - INFO - # Validation # PSNR_Stego: 4.0081e+01, Bit_acc:  5.4687e-03
25-06-24 12:56:05.430 - INFO: <epoch:  3, iter:  52,000> PSNR_Stego: 4.0081e+01, Bit_acc:  5.4687e-03
2025-06-24 12:56:05,430 - INFO - <epoch:  3, iter:  52,000> PSNR_Stego: 4.0081e+01, Bit_acc:  5.4687e-03
25-06-24 12:56:05.430 - INFO: Saving models and training states.
2025-06-24 12:56:05,430 - INFO - Saving models and training states.
Checkpoint save path: /workspace/EditGuard-V1/experiments/train_ibsn_bit_64/models/52000_G.pth

===== Checkpoint State Path: /workspace/EditGuard-V1/experiments/train_ibsn_bit_64/training_state/52000.state =====

25-06-24 12:56:27.923 - INFO: <epoch:  3, iter:  52,100, lr:5.000e-05> l_forw_fit: 2.2009e+00 l_msg: 2.4774e-02 
2025-06-24 12:56:27,923 - INFO - <epoch:  3, iter:  52,100, lr:5.000e-05> l_forw_fit: 2.2009e+00 l_msg: 2.4774e-02 
25-06-24 12:56:50.313 - INFO: <epoch:  3, iter:  52,200, lr:5.000e-05> l_forw_fit: 2.6486e+00 l_msg: 5.0369e-02 
2025-06-24 12:56:50,313 - INFO - <epoch:  3, iter:  52,200, lr:5.000e-05> l_forw_fit: 2.6486e+00 l_msg: 5.0369e-02 
25-06-24 12:57:12.991 - INFO: <epoch:  3, iter:  52,300, lr:5.000e-05> l_forw_fit: 2.4323e+00 l_msg: 0.0000e+00 
2025-06-24 12:57:12,991 - INFO - <epoch:  3, iter:  52,300, lr:5.000e-05> l_forw_fit: 2.4323e+00 l_msg: 0.0000e+00 
25-06-24 12:57:35.111 - INFO: <epoch:  3, iter:  52,400, lr:5.000e-05> l_forw_fit: 2.5913e+00 l_msg: 2.7618e-02 
2025-06-24 12:57:35,111 - INFO - <epoch:  3, iter:  52,400, lr:5.000e-05> l_forw_fit: 2.5913e+00 l_msg: 2.7618e-02 
25-06-24 12:57:57.560 - INFO: <epoch:  3, iter:  52,500, lr:5.000e-05> l_forw_fit: 2.0719e+00 l_msg: 5.0519e-02 
2025-06-24 12:57:57,560 - INFO - <epoch:  3, iter:  52,500, lr:5.000e-05> l_forw_fit: 2.0719e+00 l_msg: 5.0519e-02 
Embed time: 0.03 seconds
Extract time: 0.01 seconds
0.0
Embed time: 0.03 seconds
Extract time: 0.01 seconds
0.0
Embed time: 0.02 seconds
Extract time: 0.01 seconds
0.0
Embed time: 0.02 seconds
Extract time: 0.01 seconds
0.0
Embed time: 0.02 seconds
Extract time: 0.01 seconds
0.0
Embed time: 0.02 seconds
Extract time: 0.01 seconds
0.0
Embed time: 0.03 seconds
Extract time: 0.01 seconds
0.015625
Embed time: 0.02 seconds
Extract time: 0.01 seconds
0.0
Embed time: 0.02 seconds
Extract time: 0.01 seconds
0.0
Embed time: 0.02 seconds
Extract time: 0.01 seconds
0.0
Embed time: 0.02 seconds
Extract time: 0.01 seconds
0.0
Embed time: 0.02 seconds
Extract time: 0.04 seconds
0.0
Embed time: 0.02 seconds
Extract time: 0.01 seconds
0.0
Embed time: 0.01 seconds
Extract time: 0.01 seconds
0.0
Embed time: 0.01 seconds
Extract time: 0.01 seconds
0.0
Embed time: 0.01 seconds
Extract time: 0.01 seconds
0.0
Embed time: 0.04 seconds
Extract time: 0.01 seconds
0.0
Embed time: 0.01 seconds
Extract time: 0.01 seconds
0.015625
Embed time: 0.01 seconds
Extract time: 0.01 seconds
0.0
Embed time: 0.01 seconds
Extract time: 0.02 seconds
0.0
Embed time: 0.01 seconds
Extract time: 0.01 seconds
0.0
Embed time: 0.01 seconds
Extract time: 0.01 seconds
0.1875
Embed time: 0.01 seconds
Extract time: 0.01 seconds
0.0
Embed time: 0.02 seconds
Extract time: 0.02 seconds
0.0
Embed time: 0.01 seconds
Extract time: 0.01 seconds
0.0
Embed time: 0.05 seconds
Extract time: 0.01 seconds
0.0
Embed time: 0.01 seconds
Extract time: 0.01 seconds
0.0
Embed time: 0.05 seconds
Extract time: 0.01 seconds
0.0
Embed time: 0.01 seconds
Extract time: 0.01 seconds
0.015625
Embed time: 0.05 seconds
Extract time: 0.01 seconds
0.0
Embed time: 0.01 seconds
Extract time: 0.01 seconds
0.0625
Embed time: 0.03 seconds
Extract time: 0.01 seconds
0.015625
Embed time: 0.01 seconds
Extract time: 0.01 seconds
0.0
Embed time: 0.03 seconds
Extract time: 0.01 seconds
0.0
Embed time: 0.01 seconds
Extract time: 0.01 seconds
0.0
Embed time: 0.05 seconds
Extract time: 0.01 seconds
0.0
Embed time: 0.01 seconds
Extract time: 0.01 seconds
0.0
Embed time: 0.05 seconds
Extract time: 0.01 seconds
0.0
Embed time: 0.01 seconds
Extract time: 0.01 seconds
0.0
Embed time: 0.05 seconds
Extract time: 0.01 seconds
0.0
Embed time: 0.01 seconds
Extract time: 0.01 seconds
0.0
Embed time: 0.04 seconds
Extract time: 0.01 seconds
0.0
Embed time: 0.01 seconds
Extract time: 0.01 seconds
0.015625
Embed time: 0.02 seconds
Extract time: 0.01 seconds
0.046875
Embed time: 0.01 seconds
Extract time: 0.01 seconds
0.0
Embed time: 0.01 seconds
Extract time: 0.05 seconds
0.0
Embed time: 0.01 seconds
Extract time: 0.01 seconds
0.0
Embed time: 0.05 seconds
Extract time: 0.01 seconds
0.0
Embed time: 0.01 seconds
Extract time: 0.01 seconds
0.0
Embed time: 0.06 seconds
Extract time: 0.01 seconds
0.03125
Embed time: 0.01 seconds
Extract time: 0.01 seconds
0.0
Embed time: 0.05 seconds
Extract time: 0.01 seconds
0.015625
Embed time: 0.01 seconds
Extract time: 0.01 seconds
0.0
Embed time: 0.05 seconds
Extract time: 0.01 seconds
0.0
Embed time: 0.01 seconds
Extract time: 0.01 seconds
0.140625
Embed time: 0.03 seconds
Extract time: 0.01 seconds
0.0
Embed time: 0.01 seconds
Extract time: 0.01 seconds
0.03125
Embed time: 0.04 seconds
Extract time: 0.01 seconds
0.0
Embed time: 0.01 seconds
Extract time: 0.01 seconds
0.0
Embed time: 0.01 seconds
Extract time: 0.01 seconds
0.015625
Embed time: 0.01 seconds
Extract time: 0.01 seconds
0.0
Embed time: 0.05 seconds
Extract time: 0.01 seconds
0.0
Embed time: 0.01 seconds
Extract time: 0.03 seconds
0.046875
Embed time: 0.04 seconds
Extract time: 0.01 seconds
0.0
Embed time: 0.01 seconds
Extract time: 0.01 seconds
0.046875
Embed time: 0.04 seconds
Extract time: 0.01 seconds
0.0
Embed time: 0.01 seconds
Extract time: 0.01 seconds
0.0
Embed time: 0.05 seconds
Extract time: 0.01 seconds
0.0
Embed time: 0.01 seconds
Extract time: 0.01 seconds
0.015625
Embed time: 0.05 seconds
Extract time: 0.01 seconds
0.0
Embed time: 0.01 seconds
Extract time: 0.01 seconds
0.0
Embed time: 0.01 seconds
Extract time: 0.01 seconds
0.0
Embed time: 0.03 seconds
Extract time: 0.01 seconds
0.0
Embed time: 0.01 seconds
Extract time: 0.01 seconds
0.0
Embed time: 0.01 seconds
Extract time: 0.01 seconds
0.0
Embed time: 0.01 seconds
Extract time: 0.01 seconds
0.0
Embed time: 0.05 seconds
Extract time: 0.01 seconds
0.0
Embed time: 0.01 seconds
Extract time: 0.01 seconds
0.0
Embed time: 0.01 seconds
Extract time: 0.01 seconds
0.0
Embed time: 0.02 seconds
Extract time: 0.01 seconds
0.0
Embed time: 0.01 seconds
Extract time: 0.01 seconds
0.0
Embed time: 0.01 seconds
Extract time: 0.01 seconds
0.0
Embed time: 0.05 seconds
Extract time: 0.01 seconds
0.078125
Embed time: 0.01 seconds
Extract time: 0.01 seconds
0.015625
Embed time: 0.01 seconds
Extract time: 0.01 seconds
0.015625
Embed time: 0.01 seconds
Extract time: 0.01 seconds
0.09375
Embed time: 0.02 seconds
Extract time: 0.01 seconds
0.0
Embed time: 0.01 seconds
Extract time: 0.01 seconds
0.109375
Embed time: 0.05 seconds
Extract time: 0.01 seconds
0.0
Embed time: 0.02 seconds
Extract time: 0.01 seconds
0.0
Embed time: 0.05 seconds
Extract time: 0.01 seconds
0.0
Embed time: 0.02 seconds
Extract time: 0.01 seconds
0.015625
Embed time: 0.05 seconds
Extract time: 0.01 seconds
0.0
Embed time: 0.02 seconds
Extract time: 0.01 seconds
0.0
Embed time: 0.02 seconds
Extract time: 0.01 seconds
0.0
Embed time: 0.02 seconds
Extract time: 0.01 seconds
0.0
Embed time: 0.02 seconds
Extract time: 0.01 seconds
0.0
Embed time: 0.04 seconds
Extract time: 0.01 seconds
0.0
Embed time: 0.01 seconds
Extract time: 0.04 seconds
0.0
Embed time: 0.03 seconds
Extract time: 0.01 seconds
0.0
25-06-24 12:58:12.738 - INFO: # Validation # PSNR_Stego: 3.9463e+01, Bit_acc:  1.0469e-02
2025-06-24 12:58:12,738 - INFO - # Validation # PSNR_Stego: 3.9463e+01, Bit_acc:  1.0469e-02
25-06-24 12:58:12.739 - INFO: <epoch:  3, iter:  52,500> PSNR_Stego: 3.9463e+01, Bit_acc:  1.0469e-02
2025-06-24 12:58:12,739 - INFO - <epoch:  3, iter:  52,500> PSNR_Stego: 3.9463e+01, Bit_acc:  1.0469e-02
========== Epoch: 4 ==========
25-06-24 12:58:42.615 - INFO: <epoch:  4, iter:  52,600, lr:5.000e-05> l_forw_fit: 2.0295e+00 l_msg: 3.9062e-03 
2025-06-24 12:58:42,615 - INFO - <epoch:  4, iter:  52,600, lr:5.000e-05> l_forw_fit: 2.0295e+00 l_msg: 3.9062e-03 
25-06-24 12:59:05.218 - INFO: <epoch:  4, iter:  52,700, lr:5.000e-05> l_forw_fit: 2.6865e+00 l_msg: 3.9062e-03 
2025-06-24 12:59:05,218 - INFO - <epoch:  4, iter:  52,700, lr:5.000e-05> l_forw_fit: 2.6865e+00 l_msg: 3.9062e-03 
25-06-24 12:59:27.373 - INFO: <epoch:  4, iter:  52,800, lr:5.000e-05> l_forw_fit: 2.2438e+00 l_msg: 0.0000e+00 
2025-06-24 12:59:27,373 - INFO - <epoch:  4, iter:  52,800, lr:5.000e-05> l_forw_fit: 2.2438e+00 l_msg: 0.0000e+00 
25-06-24 12:59:49.353 - INFO: <epoch:  4, iter:  52,900, lr:5.000e-05> l_forw_fit: 2.2791e+00 l_msg: 4.0140e-02 
2025-06-24 12:59:49,353 - INFO - <epoch:  4, iter:  52,900, lr:5.000e-05> l_forw_fit: 2.2791e+00 l_msg: 4.0140e-02 
25-06-24 13:00:11.634 - INFO: <epoch:  4, iter:  53,000, lr:5.000e-05> l_forw_fit: 2.7200e+00 l_msg: 2.1834e-02 
2025-06-24 13:00:11,634 - INFO - <epoch:  4, iter:  53,000, lr:5.000e-05> l_forw_fit: 2.7200e+00 l_msg: 2.1834e-02 
Embed time: 0.10 seconds
Extract time: 0.01 seconds
0.0
Embed time: 0.03 seconds
Extract time: 0.01 seconds
0.0
Embed time: 0.02 seconds
Extract time: 0.01 seconds
0.0
Embed time: 0.02 seconds
Extract time: 0.01 seconds
0.0
Embed time: 0.02 seconds
Extract time: 0.01 seconds
0.0
Embed time: 0.04 seconds
Extract time: 0.01 seconds
0.015625
Embed time: 0.02 seconds
Extract time: 0.01 seconds
0.015625
Embed time: 0.04 seconds
Extract time: 0.01 seconds
0.0
Embed time: 0.02 seconds
Extract time: 0.01 seconds
0.0
Embed time: 0.04 seconds
Extract time: 0.01 seconds
0.015625
Embed time: 0.02 seconds
Extract time: 0.01 seconds
0.03125
Embed time: 0.02 seconds
Extract time: 0.01 seconds
0.015625
Embed time: 0.01 seconds
Extract time: 0.01 seconds
0.0
Embed time: 0.04 seconds
Extract time: 0.01 seconds
0.0
Embed time: 0.01 seconds
Extract time: 0.01 seconds
0.0
Embed time: 0.01 seconds
Extract time: 0.04 seconds
0.0
Embed time: 0.05 seconds
Extract time: 0.01 seconds
0.0
Embed time: 0.02 seconds
Extract time: 0.01 seconds
0.0
Embed time: 0.05 seconds
Extract time: 0.01 seconds
0.0
Embed time: 0.02 seconds
Extract time: 0.01 seconds
0.015625
Embed time: 0.04 seconds
Extract time: 0.01 seconds
0.0
Embed time: 0.02 seconds
Extract time: 0.01 seconds
0.0
Embed time: 0.02 seconds
Extract time: 0.01 seconds
0.0
Embed time: 0.01 seconds
Extract time: 0.01 seconds
0.0
Embed time: 0.01 seconds
Extract time: 0.01 seconds
0.0
Embed time: 0.02 seconds
Extract time: 0.01 seconds
0.0
Embed time: 0.01 seconds
Extract time: 0.01 seconds
0.0
Embed time: 0.01 seconds
Extract time: 0.01 seconds
0.0
Embed time: 0.02 seconds
Extract time: 0.01 seconds
0.03125
Embed time: 0.02 seconds
Extract time: 0.01 seconds
0.0
Embed time: 0.01 seconds
Extract time: 0.01 seconds
0.0
Embed time: 0.05 seconds
Extract time: 0.01 seconds
0.0
Embed time: 0.02 seconds
Extract time: 0.01 seconds
0.0
Embed time: 0.05 seconds
Extract time: 0.01 seconds
0.0
Embed time: 0.02 seconds
Extract time: 0.04 seconds
0.0
Embed time: 0.03 seconds
Extract time: 0.01 seconds
0.0
Embed time: 0.02 seconds
Extract time: 0.01 seconds
0.0
Embed time: 0.02 seconds
Extract time: 0.01 seconds
0.0
Embed time: 0.01 seconds
Extract time: 0.01 seconds
0.0
Embed time: 0.02 seconds
Extract time: 0.01 seconds
0.0
Embed time: 0.01 seconds
Extract time: 0.01 seconds
0.015625
Embed time: 0.02 seconds
Extract time: 0.01 seconds
0.03125
Embed time: 0.02 seconds
Extract time: 0.01 seconds
0.0
Embed time: 0.02 seconds
Extract time: 0.01 seconds
0.0
Embed time: 0.02 seconds
Extract time: 0.01 seconds
0.015625
Embed time: 0.02 seconds
Extract time: 0.01 seconds
0.0
Embed time: 0.02 seconds
Extract time: 0.01 seconds
0.0
Embed time: 0.02 seconds
Extract time: 0.01 seconds
0.0
Embed time: 0.05 seconds
Extract time: 0.01 seconds
0.0
Embed time: 0.02 seconds
Extract time: 0.01 seconds
0.0
Embed time: 0.04 seconds
Extract time: 0.01 seconds
0.015625
Embed time: 0.01 seconds
Extract time: 0.01 seconds
0.0
Embed time: 0.05 seconds
Extract time: 0.01 seconds
0.0
Embed time: 0.01 seconds
Extract time: 0.01 seconds
0.0
Embed time: 0.04 seconds
Extract time: 0.01 seconds
0.109375
Embed time: 0.01 seconds
Extract time: 0.01 seconds
0.0625
Embed time: 0.04 seconds
Extract time: 0.01 seconds
0.0
Embed time: 0.01 seconds
Extract time: 0.01 seconds
0.0
Embed time: 0.01 seconds
Extract time: 0.01 seconds
0.0
Embed time: 0.01 seconds
Extract time: 0.01 seconds
0.0
Embed time: 0.01 seconds
Extract time: 0.01 seconds
0.0
Embed time: 0.01 seconds
Extract time: 0.01 seconds
0.0
Embed time: 0.01 seconds
Extract time: 0.01 seconds
0.0
Embed time: 0.04 seconds
Extract time: 0.01 seconds
0.0
Embed time: 0.01 seconds
Extract time: 0.01 seconds
0.0
Embed time: 0.04 seconds
Extract time: 0.01 seconds
0.0
Embed time: 0.01 seconds
Extract time: 0.01 seconds
0.0
Embed time: 0.01 seconds
Extract time: 0.01 seconds
0.0
Embed time: 0.02 seconds
Extract time: 0.01 seconds
0.0
Embed time: 0.02 seconds
Extract time: 0.01 seconds
0.0
Embed time: 0.02 seconds
Extract time: 0.01 seconds
0.0
Embed time: 0.02 seconds
Extract time: 0.01 seconds
0.0
Embed time: 0.02 seconds
Extract time: 0.01 seconds
0.03125
Embed time: 0.02 seconds
Extract time: 0.01 seconds
0.0
Embed time: 0.02 seconds
Extract time: 0.01 seconds
0.015625
Embed time: 0.02 seconds
Extract time: 0.01 seconds
0.0
Embed time: 0.05 seconds
Extract time: 0.01 seconds
0.0
Embed time: 0.02 seconds
Extract time: 0.01 seconds
0.0
Embed time: 0.05 seconds
Extract time: 0.01 seconds
0.0
Embed time: 0.01 seconds
Extract time: 0.01 seconds
0.0
Embed time: 0.05 seconds
Extract time: 0.01 seconds
0.0
Embed time: 0.01 seconds
Extract time: 0.01 seconds
0.0
Embed time: 0.04 seconds
Extract time: 0.01 seconds
0.0
Embed time: 0.01 seconds
Extract time: 0.01 seconds
0.015625
Embed time: 0.05 seconds
Extract time: 0.01 seconds
0.03125
Embed time: 0.02 seconds
Extract time: 0.01 seconds
0.0
Embed time: 0.04 seconds
Extract time: 0.01 seconds
0.0
Embed time: 0.02 seconds
Extract time: 0.01 seconds
0.0
Embed time: 0.05 seconds
Extract time: 0.01 seconds
0.0
Embed time: 0.02 seconds
Extract time: 0.02 seconds
0.0
Embed time: 0.02 seconds
Extract time: 0.02 seconds
0.0
Embed time: 0.02 seconds
Extract time: 0.01 seconds
0.0
Embed time: 0.01 seconds
Extract time: 0.01 seconds
0.0
Embed time: 0.01 seconds
Extract time: 0.01 seconds
0.0
Embed time: 0.02 seconds
Extract time: 0.01 seconds
0.0
Embed time: 0.02 seconds
Extract time: 0.01 seconds
0.0
Embed time: 0.03 seconds
Extract time: 0.01 seconds
0.0
Embed time: 0.02 seconds
Extract time: 0.01 seconds
0.0
Embed time: 0.05 seconds
Extract time: 0.01 seconds
0.0
Embed time: 0.03 seconds
Extract time: 0.01 seconds
0.0
25-06-24 13:00:26.521 - INFO: # Validation # PSNR_Stego: 4.0517e+01, Bit_acc:  4.8437e-03
2025-06-24 13:00:26,521 - INFO - # Validation # PSNR_Stego: 4.0517e+01, Bit_acc:  4.8437e-03
25-06-24 13:00:26.521 - INFO: <epoch:  4, iter:  53,000> PSNR_Stego: 4.0517e+01, Bit_acc:  4.8437e-03
2025-06-24 13:00:26,521 - INFO - <epoch:  4, iter:  53,000> PSNR_Stego: 4.0517e+01, Bit_acc:  4.8437e-03
25-06-24 13:00:26.522 - INFO: Saving models and training states.
2025-06-24 13:00:26,522 - INFO - Saving models and training states.
Checkpoint save path: /workspace/EditGuard-V1/experiments/train_ibsn_bit_64/models/53000_G.pth

===== Checkpoint State Path: /workspace/EditGuard-V1/experiments/train_ibsn_bit_64/training_state/53000.state =====

25-06-24 13:00:48.923 - INFO: <epoch:  4, iter:  53,100, lr:5.000e-05> l_forw_fit: 2.4366e+00 l_msg: 2.5417e-02 
2025-06-24 13:00:48,923 - INFO - <epoch:  4, iter:  53,100, lr:5.000e-05> l_forw_fit: 2.4366e+00 l_msg: 2.5417e-02 
25-06-24 13:01:11.388 - INFO: <epoch:  4, iter:  53,200, lr:5.000e-05> l_forw_fit: 2.1262e+00 l_msg: 4.2258e-02 
2025-06-24 13:01:11,388 - INFO - <epoch:  4, iter:  53,200, lr:5.000e-05> l_forw_fit: 2.1262e+00 l_msg: 4.2258e-02 
25-06-24 13:01:33.265 - INFO: <epoch:  4, iter:  53,300, lr:5.000e-05> l_forw_fit: 3.2306e+00 l_msg: 0.0000e+00 
2025-06-24 13:01:33,265 - INFO - <epoch:  4, iter:  53,300, lr:5.000e-05> l_forw_fit: 3.2306e+00 l_msg: 0.0000e+00 
25-06-24 13:01:55.108 - INFO: <epoch:  4, iter:  53,400, lr:5.000e-05> l_forw_fit: 2.0058e+00 l_msg: 1.8032e-02 
2025-06-24 13:01:55,108 - INFO - <epoch:  4, iter:  53,400, lr:5.000e-05> l_forw_fit: 2.0058e+00 l_msg: 1.8032e-02 
25-06-24 13:02:17.490 - INFO: <epoch:  4, iter:  53,500, lr:5.000e-05> l_forw_fit: 2.2429e+00 l_msg: 3.5077e-02 
2025-06-24 13:02:17,490 - INFO - <epoch:  4, iter:  53,500, lr:5.000e-05> l_forw_fit: 2.2429e+00 l_msg: 3.5077e-02 
Embed time: 0.03 seconds
Extract time: 0.01 seconds
0.0
Embed time: 0.02 seconds
Extract time: 0.02 seconds
0.0
Embed time: 0.02 seconds
Extract time: 0.01 seconds
0.0
Embed time: 0.05 seconds
Extract time: 0.01 seconds
0.0
Embed time: 0.02 seconds
Extract time: 0.01 seconds
0.0
Embed time: 0.02 seconds
Extract time: 0.01 seconds
0.015625
Embed time: 0.02 seconds
Extract time: 0.01 seconds
0.0
Embed time: 0.02 seconds
Extract time: 0.01 seconds
0.0
Embed time: 0.05 seconds
Extract time: 0.01 seconds
0.0
Embed time: 0.02 seconds
Extract time: 0.01 seconds
0.0
Embed time: 0.02 seconds
Extract time: 0.01 seconds
0.0
Embed time: 0.02 seconds
Extract time: 0.01 seconds
0.0
Embed time: 0.05 seconds
Extract time: 0.01 seconds
0.0
Embed time: 0.02 seconds
Extract time: 0.01 seconds
0.0625
Embed time: 0.01 seconds
Extract time: 0.04 seconds
0.0
Embed time: 0.01 seconds
Extract time: 0.01 seconds
0.0
Embed time: 0.06 seconds
Extract time: 0.01 seconds
0.0
Embed time: 0.01 seconds
Extract time: 0.01 seconds
0.0
Embed time: 0.01 seconds
Extract time: 0.01 seconds
0.0
Embed time: 0.01 seconds
Extract time: 0.01 seconds
0.0
Embed time: 0.01 seconds
Extract time: 0.01 seconds
0.015625
Embed time: 0.03 seconds
Extract time: 0.01 seconds
0.0
Embed time: 0.01 seconds
Extract time: 0.01 seconds
0.0
Embed time: 0.05 seconds
Extract time: 0.01 seconds
0.0
Embed time: 0.01 seconds
Extract time: 0.01 seconds
0.0
Embed time: 0.01 seconds
Extract time: 0.04 seconds
0.0
Embed time: 0.04 seconds
Extract time: 0.01 seconds
0.0
Embed time: 0.01 seconds
Extract time: 0.01 seconds
0.0
Embed time: 0.03 seconds
Extract time: 0.01 seconds
0.0
Embed time: 0.01 seconds
Extract time: 0.01 seconds
0.0
Embed time: 0.04 seconds
Extract time: 0.01 seconds
0.125
Embed time: 0.01 seconds
Extract time: 0.01 seconds
0.0
Embed time: 0.01 seconds
Extract time: 0.01 seconds
0.0
Embed time: 0.01 seconds
Extract time: 0.01 seconds
0.0
Embed time: 0.01 seconds
Extract time: 0.01 seconds
0.03125
Embed time: 0.01 seconds
Extract time: 0.01 seconds
0.0
Embed time: 0.01 seconds
Extract time: 0.01 seconds
0.0
Embed time: 0.03 seconds
Extract time: 0.01 seconds
0.0
Embed time: 0.01 seconds
Extract time: 0.01 seconds
0.0
Embed time: 0.04 seconds
Extract time: 0.01 seconds
0.015625
Embed time: 0.01 seconds
Extract time: 0.01 seconds
0.0
Embed time: 0.04 seconds
Extract time: 0.01 seconds
0.015625
Embed time: 0.01 seconds
Extract time: 0.01 seconds
0.078125
Embed time: 0.05 seconds
Extract time: 0.01 seconds
0.0
Embed time: 0.02 seconds
Extract time: 0.01 seconds
0.03125
Embed time: 0.03 seconds
Extract time: 0.01 seconds
0.0
Embed time: 0.02 seconds
Extract time: 0.01 seconds
0.0
Embed time: 0.04 seconds
Extract time: 0.01 seconds
0.0
Embed time: 0.02 seconds
Extract time: 0.01 seconds
0.0
Embed time: 0.05 seconds
Extract time: 0.01 seconds
0.109375
Embed time: 0.01 seconds
Extract time: 0.01 seconds
0.0
Embed time: 0.01 seconds
Extract time: 0.01 seconds
0.015625
Embed time: 0.01 seconds
Extract time: 0.01 seconds
0.0
Embed time: 0.04 seconds
Extract time: 0.01 seconds
0.0
Embed time: 0.01 seconds
Extract time: 0.01 seconds
0.0
Embed time: 0.06 seconds
Extract time: 0.01 seconds
0.0
Embed time: 0.03 seconds
Extract time: 0.01 seconds
0.0
Embed time: 0.01 seconds
Extract time: 0.01 seconds
0.0
Embed time: 0.02 seconds
Extract time: 0.01 seconds
0.015625
Embed time: 0.01 seconds
Extract time: 0.01 seconds
0.015625
Embed time: 0.02 seconds
Extract time: 0.01 seconds
0.0
Embed time: 0.01 seconds
Extract time: 0.01 seconds
0.0
Embed time: 0.03 seconds
Extract time: 0.01 seconds
0.0
Embed time: 0.01 seconds
Extract time: 0.01 seconds
0.0
Embed time: 0.01 seconds
Extract time: 0.01 seconds
0.0
Embed time: 0.01 seconds
Extract time: 0.01 seconds
0.0
Embed time: 0.04 seconds
Extract time: 0.01 seconds
0.0
Embed time: 0.01 seconds
Extract time: 0.01 seconds
0.015625
Embed time: 0.05 seconds
Extract time: 0.01 seconds
0.0
Embed time: 0.01 seconds
Extract time: 0.01 seconds
0.0
Embed time: 0.01 seconds
Extract time: 0.01 seconds
0.0
Embed time: 0.03 seconds
Extract time: 0.01 seconds
0.0
Embed time: 0.01 seconds
Extract time: 0.01 seconds
0.0
Embed time: 0.04 seconds
Extract time: 0.01 seconds
0.0625
Embed time: 0.01 seconds
Extract time: 0.01 seconds
0.0
Embed time: 0.03 seconds
Extract time: 0.01 seconds
0.0
Embed time: 0.01 seconds
Extract time: 0.01 seconds
0.0
Embed time: 0.05 seconds
Extract time: 0.01 seconds
0.0
Embed time: 0.01 seconds
Extract time: 0.01 seconds
0.0
Embed time: 0.05 seconds
Extract time: 0.01 seconds
0.0
Embed time: 0.01 seconds
Extract time: 0.01 seconds
0.015625
Embed time: 0.04 seconds
Extract time: 0.01 seconds
0.0
Embed time: 0.01 seconds
Extract time: 0.01 seconds
0.0625
Embed time: 0.04 seconds
Extract time: 0.01 seconds
0.03125
Embed time: 0.01 seconds
Extract time: 0.01 seconds
0.0
Embed time: 0.04 seconds
Extract time: 0.01 seconds
0.0
Embed time: 0.01 seconds
Extract time: 0.01 seconds
0.0
Embed time: 0.05 seconds
Extract time: 0.01 seconds
0.15625
Embed time: 0.01 seconds
Extract time: 0.01 seconds
0.0
Embed time: 0.06 seconds
Extract time: 0.01 seconds
0.03125
Embed time: 0.01 seconds
Extract time: 0.01 seconds
0.0
Embed time: 0.01 seconds
Extract time: 0.01 seconds
0.0
Embed time: 0.01 seconds
Extract time: 0.01 seconds
0.0
Embed time: 0.05 seconds
Extract time: 0.01 seconds
0.0
Embed time: 0.01 seconds
Extract time: 0.01 seconds
0.0
Embed time: 0.01 seconds
Extract time: 0.01 seconds
0.0
Embed time: 0.03 seconds
Extract time: 0.01 seconds
0.0
Embed time: 0.01 seconds
Extract time: 0.02 seconds
0.0
Embed time: 0.01 seconds
Extract time: 0.01 seconds
0.0
Embed time: 0.01 seconds
Extract time: 0.01 seconds
0.0
25-06-24 13:02:32.468 - INFO: # Validation # PSNR_Stego: 3.9534e+01, Bit_acc:  9.2187e-03
2025-06-24 13:02:32,468 - INFO - # Validation # PSNR_Stego: 3.9534e+01, Bit_acc:  9.2187e-03
25-06-24 13:02:32.469 - INFO: <epoch:  4, iter:  53,500> PSNR_Stego: 3.9534e+01, Bit_acc:  9.2187e-03
2025-06-24 13:02:32,469 - INFO - <epoch:  4, iter:  53,500> PSNR_Stego: 3.9534e+01, Bit_acc:  9.2187e-03
25-06-24 13:02:54.929 - INFO: <epoch:  4, iter:  53,600, lr:5.000e-05> l_forw_fit: 2.1871e+00 l_msg: 1.9080e-02 
2025-06-24 13:02:54,929 - INFO - <epoch:  4, iter:  53,600, lr:5.000e-05> l_forw_fit: 2.1871e+00 l_msg: 1.9080e-02 
25-06-24 13:03:17.356 - INFO: <epoch:  4, iter:  53,700, lr:5.000e-05> l_forw_fit: 2.4154e+00 l_msg: 8.8557e-02 
2025-06-24 13:03:17,356 - INFO - <epoch:  4, iter:  53,700, lr:5.000e-05> l_forw_fit: 2.4154e+00 l_msg: 8.8557e-02 
25-06-24 13:03:39.342 - INFO: <epoch:  4, iter:  53,800, lr:5.000e-05> l_forw_fit: 2.0721e+00 l_msg: 6.5633e-03 
2025-06-24 13:03:39,342 - INFO - <epoch:  4, iter:  53,800, lr:5.000e-05> l_forw_fit: 2.0721e+00 l_msg: 6.5633e-03 
25-06-24 13:04:01.885 - INFO: <epoch:  4, iter:  53,900, lr:5.000e-05> l_forw_fit: 1.9841e+00 l_msg: 0.0000e+00 
2025-06-24 13:04:01,885 - INFO - <epoch:  4, iter:  53,900, lr:5.000e-05> l_forw_fit: 1.9841e+00 l_msg: 0.0000e+00 
25-06-24 13:04:24.370 - INFO: <epoch:  4, iter:  54,000, lr:5.000e-05> l_forw_fit: 2.5936e+00 l_msg: 0.0000e+00 
2025-06-24 13:04:24,370 - INFO - <epoch:  4, iter:  54,000, lr:5.000e-05> l_forw_fit: 2.5936e+00 l_msg: 0.0000e+00 
Embed time: 0.03 seconds
Extract time: 0.01 seconds
0.0
Embed time: 0.03 seconds
Extract time: 0.01 seconds
0.0
Embed time: 0.02 seconds
Extract time: 0.01 seconds
0.0
Embed time: 0.04 seconds
Extract time: 0.01 seconds
0.0
Embed time: 0.02 seconds
Extract time: 0.01 seconds
0.0
Embed time: 0.02 seconds
Extract time: 0.01 seconds
0.0
Embed time: 0.02 seconds
Extract time: 0.01 seconds
0.0
Embed time: 0.02 seconds
Extract time: 0.01 seconds
0.0
Embed time: 0.02 seconds
Extract time: 0.01 seconds
0.0
Embed time: 0.02 seconds
Extract time: 0.01 seconds
0.0
Embed time: 0.05 seconds
Extract time: 0.01 seconds
0.0
Embed time: 0.02 seconds
Extract time: 0.01 seconds
0.0
Embed time: 0.06 seconds
Extract time: 0.01 seconds
0.0
Embed time: 0.01 seconds
Extract time: 0.01 seconds
0.0625
Embed time: 0.03 seconds
Extract time: 0.01 seconds
0.0
Embed time: 0.01 seconds
Extract time: 0.01 seconds
0.0
Embed time: 0.04 seconds
Extract time: 0.01 seconds
0.0
Embed time: 0.01 seconds
Extract time: 0.01 seconds
0.015625
Embed time: 0.05 seconds
Extract time: 0.01 seconds
0.0
Embed time: 0.01 seconds
Extract time: 0.01 seconds
0.03125
Embed time: 0.03 seconds
Extract time: 0.01 seconds
0.0
Embed time: 0.01 seconds
Extract time: 0.01 seconds
0.03125
Embed time: 0.01 seconds
Extract time: 0.01 seconds
0.0
Embed time: 0.01 seconds
Extract time: 0.01 seconds
0.0
Embed time: 0.01 seconds
Extract time: 0.01 seconds
0.0
Embed time: 0.02 seconds
Extract time: 0.01 seconds
0.0
Embed time: 0.01 seconds
Extract time: 0.01 seconds
0.0
Embed time: 0.05 seconds
Extract time: 0.01 seconds
0.0
Embed time: 0.01 seconds
Extract time: 0.01 seconds
0.015625
Embed time: 0.04 seconds
Extract time: 0.01 seconds
0.0
Embed time: 0.01 seconds
Extract time: 0.01 seconds
0.09375
Embed time: 0.01 seconds
Extract time: 0.01 seconds
0.0
Embed time: 0.01 seconds
Extract time: 0.01 seconds
0.0
Embed time: 0.02 seconds
Extract time: 0.01 seconds
0.0
Embed time: 0.05 seconds
Extract time: 0.01 seconds
0.078125
Embed time: 0.01 seconds
Extract time: 0.01 seconds
0.0
Embed time: 0.01 seconds
Extract time: 0.01 seconds
0.0
Embed time: 0.03 seconds
Extract time: 0.01 seconds
0.0
Embed time: 0.01 seconds
Extract time: 0.04 seconds
0.0
Embed time: 0.04 seconds
Extract time: 0.01 seconds
0.0
Embed time: 0.01 seconds
Extract time: 0.01 seconds
0.015625
Embed time: 0.05 seconds
Extract time: 0.01 seconds
0.0
Embed time: 0.01 seconds
Extract time: 0.01 seconds
0.109375
Embed time: 0.05 seconds
Extract time: 0.01 seconds
0.0
Embed time: 0.01 seconds
Extract time: 0.02 seconds
0.046875
Embed time: 0.04 seconds
Extract time: 0.01 seconds
0.0
Embed time: 0.01 seconds
Extract time: 0.01 seconds
0.0
Embed time: 0.05 seconds
Extract time: 0.01 seconds
0.0
Embed time: 0.01 seconds
Extract time: 0.01 seconds
0.0
Embed time: 0.05 seconds
Extract time: 0.01 seconds
0.0
Embed time: 0.01 seconds
Extract time: 0.01 seconds
0.0
Embed time: 0.04 seconds
Extract time: 0.01 seconds
0.0
Embed time: 0.01 seconds
Extract time: 0.01 seconds
0.0
Embed time: 0.02 seconds
Extract time: 0.01 seconds
0.0
Embed time: 0.01 seconds
Extract time: 0.01 seconds
0.0
Embed time: 0.05 seconds
Extract time: 0.01 seconds
0.0
Embed time: 0.01 seconds
Extract time: 0.01 seconds
0.0
Embed time: 0.05 seconds
Extract time: 0.01 seconds
0.015625
Embed time: 0.01 seconds
Extract time: 0.01 seconds
0.0
Embed time: 0.05 seconds
Extract time: 0.01 seconds
0.0
Embed time: 0.01 seconds
Extract time: 0.01 seconds
0.0
Embed time: 0.05 seconds
Extract time: 0.01 seconds
0.0
Embed time: 0.01 seconds
Extract time: 0.01 seconds
0.0
Embed time: 0.01 seconds
Extract time: 0.02 seconds
0.015625
Embed time: 0.01 seconds
Extract time: 0.01 seconds
0.046875
Embed time: 0.05 seconds
Extract time: 0.01 seconds
0.0
Embed time: 0.01 seconds
Extract time: 0.01 seconds
0.0
Embed time: 0.01 seconds
Extract time: 0.04 seconds
0.0
Embed time: 0.03 seconds
Extract time: 0.01 seconds
0.0
Embed time: 0.02 seconds
Extract time: 0.01 seconds
0.0
Embed time: 0.03 seconds
Extract time: 0.01 seconds
0.0
Embed time: 0.02 seconds
Extract time: 0.01 seconds
0.0
Embed time: 0.05 seconds
Extract time: 0.01 seconds
0.015625
Embed time: 0.02 seconds
Extract time: 0.01 seconds
0.0
Embed time: 0.05 seconds
Extract time: 0.01 seconds
0.0
Embed time: 0.02 seconds
Extract time: 0.01 seconds
0.0
Embed time: 0.04 seconds
Extract time: 0.02 seconds
0.0
Embed time: 0.02 seconds
Extract time: 0.01 seconds
0.0
Embed time: 0.01 seconds
Extract time: 0.05 seconds
0.0
Embed time: 0.01 seconds
Extract time: 0.01 seconds
0.0
Embed time: 0.01 seconds
Extract time: 0.01 seconds
0.03125
Embed time: 0.01 seconds
Extract time: 0.01 seconds
0.0
Embed time: 0.01 seconds
Extract time: 0.01 seconds
0.0
Embed time: 0.02 seconds
Extract time: 0.01 seconds
0.0
Embed time: 0.01 seconds
Extract time: 0.01 seconds
0.0
Embed time: 0.02 seconds
Extract time: 0.04 seconds
0.0
Embed time: 0.01 seconds
Extract time: 0.01 seconds
0.0
Embed time: 0.04 seconds
Extract time: 0.01 seconds
0.125
Embed time: 0.02 seconds
Extract time: 0.01 seconds
0.0
Embed time: 0.02 seconds
Extract time: 0.01 seconds
0.0
Embed time: 0.02 seconds
Extract time: 0.01 seconds
0.0
Embed time: 0.01 seconds
Extract time: 0.01 seconds
0.0
Embed time: 0.01 seconds
Extract time: 0.01 seconds
0.0
Embed time: 0.01 seconds
Extract time: 0.01 seconds
0.0
Embed time: 0.01 seconds
Extract time: 0.01 seconds
0.0
Embed time: 0.02 seconds
Extract time: 0.04 seconds
0.0
Embed time: 0.03 seconds
Extract time: 0.01 seconds
0.0
Embed time: 0.01 seconds
Extract time: 0.01 seconds
0.0
Embed time: 0.05 seconds
Extract time: 0.01 seconds
0.0
Embed time: 0.02 seconds
Extract time: 0.01 seconds
0.0
25-06-24 13:04:39.331 - INFO: # Validation # PSNR_Stego: 4.0279e+01, Bit_acc:  7.5000e-03
2025-06-24 13:04:39,331 - INFO - # Validation # PSNR_Stego: 4.0279e+01, Bit_acc:  7.5000e-03
25-06-24 13:04:39.331 - INFO: <epoch:  4, iter:  54,000> PSNR_Stego: 4.0279e+01, Bit_acc:  7.5000e-03
2025-06-24 13:04:39,331 - INFO - <epoch:  4, iter:  54,000> PSNR_Stego: 4.0279e+01, Bit_acc:  7.5000e-03
25-06-24 13:04:39.332 - INFO: Saving models and training states.
2025-06-24 13:04:39,332 - INFO - Saving models and training states.
Checkpoint save path: /workspace/EditGuard-V1/experiments/train_ibsn_bit_64/models/54000_G.pth

===== Checkpoint State Path: /workspace/EditGuard-V1/experiments/train_ibsn_bit_64/training_state/54000.state =====

25-06-24 13:05:01.623 - INFO: <epoch:  4, iter:  54,100, lr:5.000e-05> l_forw_fit: 2.5779e+00 l_msg: 0.0000e+00 
2025-06-24 13:05:01,623 - INFO - <epoch:  4, iter:  54,100, lr:5.000e-05> l_forw_fit: 2.5779e+00 l_msg: 0.0000e+00 
25-06-24 13:05:23.749 - INFO: <epoch:  4, iter:  54,200, lr:5.000e-05> l_forw_fit: 2.6118e+00 l_msg: 0.0000e+00 
2025-06-24 13:05:23,749 - INFO - <epoch:  4, iter:  54,200, lr:5.000e-05> l_forw_fit: 2.6118e+00 l_msg: 0.0000e+00 
25-06-24 13:05:46.238 - INFO: <epoch:  4, iter:  54,300, lr:5.000e-05> l_forw_fit: 1.9205e+00 l_msg: 0.0000e+00 
2025-06-24 13:05:46,238 - INFO - <epoch:  4, iter:  54,300, lr:5.000e-05> l_forw_fit: 1.9205e+00 l_msg: 0.0000e+00 
25-06-24 13:06:07.878 - INFO: <epoch:  4, iter:  54,400, lr:5.000e-05> l_forw_fit: 1.7621e+00 l_msg: 0.0000e+00 
2025-06-24 13:06:07,878 - INFO - <epoch:  4, iter:  54,400, lr:5.000e-05> l_forw_fit: 1.7621e+00 l_msg: 0.0000e+00 
25-06-24 13:06:29.913 - INFO: <epoch:  4, iter:  54,500, lr:5.000e-05> l_forw_fit: 1.8177e+00 l_msg: 0.0000e+00 
2025-06-24 13:06:29,913 - INFO - <epoch:  4, iter:  54,500, lr:5.000e-05> l_forw_fit: 1.8177e+00 l_msg: 0.0000e+00 
Embed time: 0.03 seconds
Extract time: 0.01 seconds
0.0
Embed time: 0.04 seconds
Extract time: 0.01 seconds
0.0
Embed time: 0.02 seconds
Extract time: 0.01 seconds
0.0625
Embed time: 0.04 seconds
Extract time: 0.01 seconds
0.0
Embed time: 0.02 seconds
Extract time: 0.01 seconds
0.046875
Embed time: 0.03 seconds
Extract time: 0.01 seconds
0.0
Embed time: 0.02 seconds
Extract time: 0.01 seconds
0.046875
Embed time: 0.02 seconds
Extract time: 0.04 seconds
0.0
Embed time: 0.02 seconds
Extract time: 0.01 seconds
0.0
Embed time: 0.05 seconds
Extract time: 0.01 seconds
0.0
Embed time: 0.02 seconds
Extract time: 0.01 seconds
0.015625
Embed time: 0.04 seconds
Extract time: 0.01 seconds
0.0
Embed time: 0.02 seconds
Extract time: 0.01 seconds
0.0
Embed time: 0.05 seconds
Extract time: 0.01 seconds
0.0625
Embed time: 0.02 seconds
Extract time: 0.01 seconds
0.015625
Embed time: 0.05 seconds
Extract time: 0.01 seconds
0.0
Embed time: 0.02 seconds
Extract time: 0.01 seconds
0.015625
Embed time: 0.02 seconds
Extract time: 0.01 seconds
0.0
Embed time: 0.02 seconds
Extract time: 0.01 seconds
0.0
Embed time: 0.02 seconds
Extract time: 0.01 seconds
0.0
Embed time: 0.02 seconds
Extract time: 0.01 seconds
0.0
Embed time: 0.02 seconds
Extract time: 0.01 seconds
0.015625
Embed time: 0.05 seconds
Extract time: 0.01 seconds
0.0
Embed time: 0.02 seconds
Extract time: 0.01 seconds
0.03125
Embed time: 0.02 seconds
Extract time: 0.01 seconds
0.0
Embed time: 0.02 seconds
Extract time: 0.01 seconds
0.0
Embed time: 0.02 seconds
Extract time: 0.01 seconds
0.03125
Embed time: 0.02 seconds
Extract time: 0.01 seconds
0.046875
Embed time: 0.02 seconds
Extract time: 0.01 seconds
0.0
Embed time: 0.05 seconds
Extract time: 0.01 seconds
0.0
Embed time: 0.02 seconds
Extract time: 0.01 seconds
0.0
Embed time: 0.02 seconds
Extract time: 0.01 seconds
0.0
Embed time: 0.02 seconds
Extract time: 0.01 seconds
0.0
Embed time: 0.02 seconds
Extract time: 0.01 seconds
0.0
Embed time: 0.03 seconds
Extract time: 0.01 seconds
0.0
Embed time: 0.02 seconds
Extract time: 0.01 seconds
0.015625
Embed time: 0.05 seconds
Extract time: 0.01 seconds
0.0
Embed time: 0.02 seconds
Extract time: 0.01 seconds
0.0
Embed time: 0.05 seconds
Extract time: 0.01 seconds
0.0
Embed time: 0.02 seconds
Extract time: 0.01 seconds
0.0
Embed time: 0.05 seconds
Extract time: 0.01 seconds
0.0
Embed time: 0.02 seconds
Extract time: 0.01 seconds
0.0
Embed time: 0.02 seconds
Extract time: 0.01 seconds
0.0
Embed time: 0.02 seconds
Extract time: 0.01 seconds
0.015625
Embed time: 0.02 seconds
Extract time: 0.01 seconds
0.0
Embed time: 0.04 seconds
Extract time: 0.01 seconds
0.015625
Embed time: 0.02 seconds
Extract time: 0.01 seconds
0.0
Embed time: 0.05 seconds
Extract time: 0.01 seconds
0.0
Embed time: 0.02 seconds
Extract time: 0.01 seconds
0.015625
Embed time: 0.05 seconds
Extract time: 0.01 seconds
0.015625
Embed time: 0.02 seconds
Extract time: 0.01 seconds
0.0
Embed time: 0.01 seconds
Extract time: 0.04 seconds
0.0
Embed time: 0.04 seconds
Extract time: 0.01 seconds
0.0
Embed time: 0.01 seconds
Extract time: 0.01 seconds
0.0
Embed time: 0.02 seconds
Extract time: 0.01 seconds
0.109375
Embed time: 0.01 seconds
Extract time: 0.01 seconds
0.0625
Embed time: 0.05 seconds
Extract time: 0.01 seconds
0.015625
Embed time: 0.01 seconds
Extract time: 0.01 seconds
0.0
Embed time: 0.01 seconds
Extract time: 0.04 seconds
0.0
Embed time: 0.02 seconds
Extract time: 0.01 seconds
0.0
Embed time: 0.02 seconds
Extract time: 0.01 seconds
0.0
Embed time: 0.02 seconds
Extract time: 0.01 seconds
0.0
Embed time: 0.02 seconds
Extract time: 0.01 seconds
0.015625
Embed time: 0.02 seconds
Extract time: 0.01 seconds
0.0
Embed time: 0.02 seconds
Extract time: 0.01 seconds
0.0
Embed time: 0.05 seconds
Extract time: 0.01 seconds
0.015625
Embed time: 0.01 seconds
Extract time: 0.01 seconds
0.0
Embed time: 0.05 seconds
Extract time: 0.01 seconds
0.0
Embed time: 0.01 seconds
Extract time: 0.01 seconds
0.03125
Embed time: 0.05 seconds
Extract time: 0.01 seconds
0.0
Embed time: 0.01 seconds
Extract time: 0.01 seconds
0.0
Embed time: 0.01 seconds
Extract time: 0.05 seconds
0.0
Embed time: 0.01 seconds
Extract time: 0.01 seconds
0.09375
Embed time: 0.01 seconds
Extract time: 0.01 seconds
0.046875
Embed time: 0.02 seconds
Extract time: 0.01 seconds
0.0
Embed time: 0.01 seconds
Extract time: 0.01 seconds
0.0
Embed time: 0.04 seconds
Extract time: 0.01 seconds
0.0
Embed time: 0.01 seconds
Extract time: 0.01 seconds
0.0
Embed time: 0.05 seconds
Extract time: 0.01 seconds
0.0
Embed time: 0.01 seconds
Extract time: 0.01 seconds
0.0
Embed time: 0.05 seconds
Extract time: 0.01 seconds
0.03125
Embed time: 0.02 seconds
Extract time: 0.01 seconds
0.0
Embed time: 0.05 seconds
Extract time: 0.01 seconds
0.0
Embed time: 0.02 seconds
Extract time: 0.01 seconds
0.046875
Embed time: 0.05 seconds
Extract time: 0.01 seconds
0.0
Embed time: 0.02 seconds
Extract time: 0.01 seconds
0.0
Embed time: 0.05 seconds
Extract time: 0.01 seconds
0.0
Embed time: 0.02 seconds
Extract time: 0.01 seconds
0.109375
Embed time: 0.05 seconds
Extract time: 0.01 seconds
0.0
Embed time: 0.02 seconds
Extract time: 0.01 seconds
0.015625
Embed time: 0.05 seconds
Extract time: 0.01 seconds
0.046875
Embed time: 0.02 seconds
Extract time: 0.01 seconds
0.0
Embed time: 0.02 seconds
Extract time: 0.04 seconds
0.0
Embed time: 0.02 seconds
Extract time: 0.01 seconds
0.015625
Embed time: 0.02 seconds
Extract time: 0.04 seconds
0.0
Embed time: 0.03 seconds
Extract time: 0.01 seconds
0.0
Embed time: 0.02 seconds
Extract time: 0.01 seconds
0.0
Embed time: 0.05 seconds
Extract time: 0.01 seconds
0.015625
Embed time: 0.02 seconds
Extract time: 0.01 seconds
0.0
Embed time: 0.01 seconds
Extract time: 0.01 seconds
0.0
25-06-24 13:06:44.827 - INFO: # Validation # PSNR_Stego: 4.0162e+01, Bit_acc:  1.1406e-02
2025-06-24 13:06:44,827 - INFO - # Validation # PSNR_Stego: 4.0162e+01, Bit_acc:  1.1406e-02
25-06-24 13:06:44.828 - INFO: <epoch:  4, iter:  54,500> PSNR_Stego: 4.0162e+01, Bit_acc:  1.1406e-02
2025-06-24 13:06:44,828 - INFO - <epoch:  4, iter:  54,500> PSNR_Stego: 4.0162e+01, Bit_acc:  1.1406e-02
25-06-24 13:07:07.636 - INFO: <epoch:  4, iter:  54,600, lr:5.000e-05> l_forw_fit: 2.3528e+00 l_msg: 7.3203e-02 
2025-06-24 13:07:07,636 - INFO - <epoch:  4, iter:  54,600, lr:5.000e-05> l_forw_fit: 2.3528e+00 l_msg: 7.3203e-02 
25-06-24 13:07:29.984 - INFO: <epoch:  4, iter:  54,700, lr:5.000e-05> l_forw_fit: 2.3080e+00 l_msg: 1.6997e-02 
2025-06-24 13:07:29,984 - INFO - <epoch:  4, iter:  54,700, lr:5.000e-05> l_forw_fit: 2.3080e+00 l_msg: 1.6997e-02 
25-06-24 13:07:51.989 - INFO: <epoch:  4, iter:  54,800, lr:5.000e-05> l_forw_fit: 2.2411e+00 l_msg: 2.4307e-02 
2025-06-24 13:07:51,989 - INFO - <epoch:  4, iter:  54,800, lr:5.000e-05> l_forw_fit: 2.2411e+00 l_msg: 2.4307e-02 
25-06-24 13:08:13.853 - INFO: <epoch:  4, iter:  54,900, lr:5.000e-05> l_forw_fit: 1.8565e+00 l_msg: 1.5579e-01 
2025-06-24 13:08:13,853 - INFO - <epoch:  4, iter:  54,900, lr:5.000e-05> l_forw_fit: 1.8565e+00 l_msg: 1.5579e-01 
25-06-24 13:08:37.020 - INFO: <epoch:  4, iter:  55,000, lr:5.000e-05> l_forw_fit: 2.3846e+00 l_msg: 6.4470e-02 
2025-06-24 13:08:37,020 - INFO - <epoch:  4, iter:  55,000, lr:5.000e-05> l_forw_fit: 2.3846e+00 l_msg: 6.4470e-02 
Embed time: 0.04 seconds
Extract time: 0.01 seconds
0.0
Embed time: 0.02 seconds
Extract time: 0.01 seconds
0.0
Embed time: 0.02 seconds
Extract time: 0.01 seconds
0.0
Embed time: 0.05 seconds
Extract time: 0.01 seconds
0.0
Embed time: 0.02 seconds
Extract time: 0.01 seconds
0.0
Embed time: 0.02 seconds
Extract time: 0.01 seconds
0.015625
Embed time: 0.02 seconds
Extract time: 0.01 seconds
0.0
Embed time: 0.02 seconds
Extract time: 0.01 seconds
0.0
Embed time: 0.02 seconds
Extract time: 0.01 seconds
0.0
Embed time: 0.02 seconds
Extract time: 0.01 seconds
0.015625
Embed time: 0.05 seconds
Extract time: 0.01 seconds
0.015625
Embed time: 0.02 seconds
Extract time: 0.01 seconds
0.0
Embed time: 0.05 seconds
Extract time: 0.01 seconds
0.0
Embed time: 0.02 seconds
Extract time: 0.01 seconds
0.015625
Embed time: 0.04 seconds
Extract time: 0.01 seconds
0.0
Embed time: 0.02 seconds
Extract time: 0.01 seconds
0.0
Embed time: 0.05 seconds
Extract time: 0.01 seconds
0.0
Embed time: 0.02 seconds
Extract time: 0.01 seconds
0.0
Embed time: 0.02 seconds
Extract time: 0.04 seconds
0.0
Embed time: 0.04 seconds
Extract time: 0.01 seconds
0.0
Embed time: 0.02 seconds
Extract time: 0.01 seconds
0.0
Embed time: 0.03 seconds
Extract time: 0.01 seconds
0.0
Embed time: 0.02 seconds
Extract time: 0.01 seconds
0.0
Embed time: 0.05 seconds
Extract time: 0.01 seconds
0.0
Embed time: 0.02 seconds
Extract time: 0.01 seconds
0.0
Embed time: 0.05 seconds
Extract time: 0.01 seconds
0.0
Embed time: 0.02 seconds
Extract time: 0.01 seconds
0.0
Embed time: 0.05 seconds
Extract time: 0.01 seconds
0.0
Embed time: 0.02 seconds
Extract time: 0.01 seconds
0.0
Embed time: 0.04 seconds
Extract time: 0.01 seconds
0.0
Embed time: 0.02 seconds
Extract time: 0.01 seconds
0.0
Embed time: 0.05 seconds
Extract time: 0.01 seconds
0.0
Embed time: 0.02 seconds
Extract time: 0.01 seconds
0.0
Embed time: 0.05 seconds
Extract time: 0.01 seconds
0.0
Embed time: 0.02 seconds
Extract time: 0.01 seconds
0.0
Embed time: 0.05 seconds
Extract time: 0.01 seconds
0.0
Embed time: 0.02 seconds
Extract time: 0.01 seconds
0.0
Embed time: 0.05 seconds
Extract time: 0.01 seconds
0.0
Embed time: 0.02 seconds
Extract time: 0.01 seconds
0.0
Embed time: 0.02 seconds
Extract time: 0.01 seconds
0.0
Embed time: 0.02 seconds
Extract time: 0.01 seconds
0.015625
Embed time: 0.02 seconds
Extract time: 0.01 seconds
0.0
Embed time: 0.02 seconds
Extract time: 0.01 seconds
0.0
Embed time: 0.02 seconds
Extract time: 0.01 seconds
0.046875
Embed time: 0.03 seconds
Extract time: 0.01 seconds
0.015625
Embed time: 0.02 seconds
Extract time: 0.01 seconds
0.0
Embed time: 0.05 seconds
Extract time: 0.01 seconds
0.0
Embed time: 0.02 seconds
Extract time: 0.01 seconds
0.0
Embed time: 0.05 seconds
Extract time: 0.01 seconds
0.0
Embed time: 0.02 seconds
Extract time: 0.01 seconds
0.0
Embed time: 0.05 seconds
Extract time: 0.01 seconds
0.0
Embed time: 0.02 seconds
Extract time: 0.01 seconds
0.0
Embed time: 0.05 seconds
Extract time: 0.01 seconds
0.0
Embed time: 0.02 seconds
Extract time: 0.01 seconds
0.0
Embed time: 0.05 seconds
Extract time: 0.01 seconds
0.0
Embed time: 0.02 seconds
Extract time: 0.01 seconds
0.0
Embed time: 0.05 seconds
Extract time: 0.01 seconds
0.0
Embed time: 0.02 seconds
Extract time: 0.01 seconds
0.0
Embed time: 0.02 seconds
Extract time: 0.04 seconds
0.0
Embed time: 0.02 seconds
Extract time: 0.01 seconds
0.015625
Embed time: 0.06 seconds
Extract time: 0.01 seconds
0.0
Embed time: 0.02 seconds
Extract time: 0.01 seconds
0.0
Embed time: 0.05 seconds
Extract time: 0.01 seconds
0.0
Embed time: 0.02 seconds
Extract time: 0.01 seconds
0.0
Embed time: 0.05 seconds
Extract time: 0.01 seconds
0.0
Embed time: 0.02 seconds
Extract time: 0.01 seconds
0.0
Embed time: 0.02 seconds
Extract time: 0.01 seconds
0.0
Embed time: 0.02 seconds
Extract time: 0.01 seconds
0.0
Embed time: 0.02 seconds
Extract time: 0.01 seconds
0.0
Embed time: 0.02 seconds
Extract time: 0.01 seconds
0.0
Embed time: 0.02 seconds
Extract time: 0.01 seconds
0.0
Embed time: 0.05 seconds
Extract time: 0.01 seconds
0.0
Embed time: 0.02 seconds
Extract time: 0.01 seconds
0.0625
Embed time: 0.05 seconds
Extract time: 0.01 seconds
0.0
Embed time: 0.02 seconds
Extract time: 0.01 seconds
0.0
Embed time: 0.02 seconds
Extract time: 0.04 seconds
0.0
Embed time: 0.03 seconds
Extract time: 0.01 seconds
0.0
Embed time: 0.02 seconds
Extract time: 0.03 seconds
0.0
Embed time: 0.02 seconds
Extract time: 0.02 seconds
0.0
Embed time: 0.02 seconds
Extract time: 0.01 seconds
0.0
Embed time: 0.05 seconds
Extract time: 0.01 seconds
0.015625
Embed time: 0.02 seconds
Extract time: 0.01 seconds
0.0
Embed time: 0.04 seconds
Extract time: 0.01 seconds
0.0
Embed time: 0.02 seconds
Extract time: 0.01 seconds
0.0
Embed time: 0.05 seconds
Extract time: 0.01 seconds
0.0
Embed time: 0.02 seconds
Extract time: 0.01 seconds
0.09375
Embed time: 0.04 seconds
Extract time: 0.01 seconds
0.0
Embed time: 0.02 seconds
Extract time: 0.01 seconds
0.0625
Embed time: 0.05 seconds
Extract time: 0.01 seconds
0.0
Embed time: 0.02 seconds
Extract time: 0.01 seconds
0.046875
Embed time: 0.05 seconds
Extract time: 0.01 seconds
0.0
Embed time: 0.02 seconds
Extract time: 0.01 seconds
0.0
Embed time: 0.02 seconds
Extract time: 0.04 seconds
0.0
Embed time: 0.01 seconds
Extract time: 0.01 seconds
0.0
Embed time: 0.01 seconds
Extract time: 0.04 seconds
0.0
Embed time: 0.01 seconds
Extract time: 0.01 seconds
0.0
Embed time: 0.01 seconds
Extract time: 0.01 seconds
0.0
Embed time: 0.02 seconds
Extract time: 0.01 seconds
0.0
Embed time: 0.01 seconds
Extract time: 0.01 seconds
0.0
Embed time: 0.01 seconds
Extract time: 0.01 seconds
0.0
25-06-24 13:08:52.108 - INFO: # Validation # PSNR_Stego: 4.0842e+01, Bit_acc:  4.3750e-03
2025-06-24 13:08:52,108 - INFO - # Validation # PSNR_Stego: 4.0842e+01, Bit_acc:  4.3750e-03
25-06-24 13:08:52.109 - INFO: <epoch:  4, iter:  55,000> PSNR_Stego: 4.0842e+01, Bit_acc:  4.3750e-03
2025-06-24 13:08:52,109 - INFO - <epoch:  4, iter:  55,000> PSNR_Stego: 4.0842e+01, Bit_acc:  4.3750e-03
25-06-24 13:08:52.109 - INFO: Saving models and training states.
2025-06-24 13:08:52,109 - INFO - Saving models and training states.
Checkpoint save path: /workspace/EditGuard-V1/experiments/train_ibsn_bit_64/models/55000_G.pth

===== Checkpoint State Path: /workspace/EditGuard-V1/experiments/train_ibsn_bit_64/training_state/55000.state =====

25-06-24 13:09:15.015 - INFO: <epoch:  4, iter:  55,100, lr:5.000e-05> l_forw_fit: 2.3060e+00 l_msg: 0.0000e+00 
2025-06-24 13:09:15,015 - INFO - <epoch:  4, iter:  55,100, lr:5.000e-05> l_forw_fit: 2.3060e+00 l_msg: 0.0000e+00 
25-06-24 13:09:37.265 - INFO: <epoch:  4, iter:  55,200, lr:5.000e-05> l_forw_fit: 2.2324e+00 l_msg: 3.6899e-02 
2025-06-24 13:09:37,265 - INFO - <epoch:  4, iter:  55,200, lr:5.000e-05> l_forw_fit: 2.2324e+00 l_msg: 3.6899e-02 
25-06-24 13:09:59.198 - INFO: <epoch:  4, iter:  55,300, lr:5.000e-05> l_forw_fit: 2.2404e+00 l_msg: 4.5259e-02 
2025-06-24 13:09:59,198 - INFO - <epoch:  4, iter:  55,300, lr:5.000e-05> l_forw_fit: 2.2404e+00 l_msg: 4.5259e-02 
25-06-24 13:10:21.793 - INFO: <epoch:  4, iter:  55,400, lr:5.000e-05> l_forw_fit: 2.7044e+00 l_msg: 0.0000e+00 
2025-06-24 13:10:21,793 - INFO - <epoch:  4, iter:  55,400, lr:5.000e-05> l_forw_fit: 2.7044e+00 l_msg: 0.0000e+00 
25-06-24 13:10:43.919 - INFO: <epoch:  4, iter:  55,500, lr:5.000e-05> l_forw_fit: 2.3338e+00 l_msg: 0.0000e+00 
2025-06-24 13:10:43,919 - INFO - <epoch:  4, iter:  55,500, lr:5.000e-05> l_forw_fit: 2.3338e+00 l_msg: 0.0000e+00 
Embed time: 0.03 seconds
Extract time: 0.01 seconds
0.0
Embed time: 0.02 seconds
Extract time: 0.01 seconds
0.0
Embed time: 0.02 seconds
Extract time: 0.01 seconds
0.0
Embed time: 0.02 seconds
Extract time: 0.01 seconds
0.0
Embed time: 0.04 seconds
Extract time: 0.01 seconds
0.046875
Embed time: 0.02 seconds
Extract time: 0.01 seconds
0.0
Embed time: 0.02 seconds
Extract time: 0.04 seconds
0.0
Embed time: 0.02 seconds
Extract time: 0.01 seconds
0.0
Embed time: 0.05 seconds
Extract time: 0.01 seconds
0.0
Embed time: 0.02 seconds
Extract time: 0.01 seconds
0.0
Embed time: 0.05 seconds
Extract time: 0.01 seconds
0.0
Embed time: 0.02 seconds
Extract time: 0.01 seconds
0.0
Embed time: 0.05 seconds
Extract time: 0.01 seconds
0.0
Embed time: 0.02 seconds
Extract time: 0.01 seconds
0.0
Embed time: 0.02 seconds
Extract time: 0.01 seconds
0.0
Embed time: 0.05 seconds
Extract time: 0.01 seconds
0.0
Embed time: 0.01 seconds
Extract time: 0.01 seconds
0.0
Embed time: 0.01 seconds
Extract time: 0.01 seconds
0.015625
Embed time: 0.01 seconds
Extract time: 0.01 seconds
0.0
Embed time: 0.01 seconds
Extract time: 0.01 seconds
0.0
Embed time: 0.03 seconds
Extract time: 0.01 seconds
0.0
Embed time: 0.01 seconds
Extract time: 0.01 seconds
0.0625
Embed time: 0.05 seconds
Extract time: 0.01 seconds
0.0
Embed time: 0.01 seconds
Extract time: 0.01 seconds
0.03125
Embed time: 0.04 seconds
Extract time: 0.01 seconds
0.0
Embed time: 0.01 seconds
Extract time: 0.01 seconds
0.0
Embed time: 0.05 seconds
Extract time: 0.01 seconds
0.0
Embed time: 0.01 seconds
Extract time: 0.01 seconds
0.0
Embed time: 0.01 seconds
Extract time: 0.01 seconds
0.046875
Embed time: 0.02 seconds
Extract time: 0.01 seconds
0.0
Embed time: 0.01 seconds
Extract time: 0.01 seconds
0.0625
Embed time: 0.02 seconds
Extract time: 0.01 seconds
0.0
Embed time: 0.01 seconds
Extract time: 0.01 seconds
0.015625
Embed time: 0.02 seconds
Extract time: 0.01 seconds
0.0
Embed time: 0.01 seconds
Extract time: 0.01 seconds
0.015625
Embed time: 0.01 seconds
Extract time: 0.01 seconds
0.0
Embed time: 0.03 seconds
Extract time: 0.01 seconds
0.0
Embed time: 0.01 seconds
Extract time: 0.01 seconds
0.0
Embed time: 0.05 seconds
Extract time: 0.01 seconds
0.0
Embed time: 0.01 seconds
Extract time: 0.01 seconds
0.0
Embed time: 0.05 seconds
Extract time: 0.01 seconds
0.0
Embed time: 0.01 seconds
Extract time: 0.01 seconds
0.0
Embed time: 0.04 seconds
Extract time: 0.01 seconds
0.0
Embed time: 0.01 seconds
Extract time: 0.01 seconds
0.0
Embed time: 0.05 seconds
Extract time: 0.01 seconds
0.0
Embed time: 0.01 seconds
Extract time: 0.01 seconds
0.015625
Embed time: 0.04 seconds
Extract time: 0.01 seconds
0.0
Embed time: 0.01 seconds
Extract time: 0.01 seconds
0.0
Embed time: 0.01 seconds
Extract time: 0.01 seconds
0.0
Embed time: 0.01 seconds
Extract time: 0.01 seconds
0.0
Embed time: 0.01 seconds
Extract time: 0.01 seconds
0.0
Embed time: 0.02 seconds
Extract time: 0.01 seconds
0.0
Embed time: 0.01 seconds
Extract time: 0.01 seconds
0.0
Embed time: 0.02 seconds
Extract time: 0.01 seconds
0.0
Embed time: 0.01 seconds
Extract time: 0.01 seconds
0.109375
Embed time: 0.04 seconds
Extract time: 0.01 seconds
0.078125
Embed time: 0.01 seconds
Extract time: 0.01 seconds
0.0
Embed time: 0.03 seconds
Extract time: 0.01 seconds
0.0
Embed time: 0.01 seconds
Extract time: 0.01 seconds
0.0
Embed time: 0.04 seconds
Extract time: 0.01 seconds
0.0
Embed time: 0.01 seconds
Extract time: 0.01 seconds
0.0
Embed time: 0.01 seconds
Extract time: 0.04 seconds
0.0
Embed time: 0.01 seconds
Extract time: 0.01 seconds
0.0
Embed time: 0.01 seconds
Extract time: 0.01 seconds
0.03125
Embed time: 0.02 seconds
Extract time: 0.01 seconds
0.0
Embed time: 0.01 seconds
Extract time: 0.01 seconds
0.0
Embed time: 0.06 seconds
Extract time: 0.01 seconds
0.0
Embed time: 0.01 seconds
Extract time: 0.01 seconds
0.0
Embed time: 0.01 seconds
Extract time: 0.01 seconds
0.0
Embed time: 0.02 seconds
Extract time: 0.01 seconds
0.0
Embed time: 0.01 seconds
Extract time: 0.01 seconds
0.0
Embed time: 0.05 seconds
Extract time: 0.01 seconds
0.0
Embed time: 0.01 seconds
Extract time: 0.01 seconds
0.0
Embed time: 0.05 seconds
Extract time: 0.01 seconds
0.0
Embed time: 0.01 seconds
Extract time: 0.01 seconds
0.0
Embed time: 0.05 seconds
Extract time: 0.01 seconds
0.0
Embed time: 0.01 seconds
Extract time: 0.01 seconds
0.0
Embed time: 0.01 seconds
Extract time: 0.01 seconds
0.0
Embed time: 0.01 seconds
Extract time: 0.01 seconds
0.0
Embed time: 0.01 seconds
Extract time: 0.01 seconds
0.0
Embed time: 0.01 seconds
Extract time: 0.01 seconds
0.0625
Embed time: 0.01 seconds
Extract time: 0.01 seconds
0.0
Embed time: 0.01 seconds
Extract time: 0.01 seconds
0.015625
Embed time: 0.01 seconds
Extract time: 0.01 seconds
0.0
Embed time: 0.01 seconds
Extract time: 0.01 seconds
0.015625
Embed time: 0.01 seconds
Extract time: 0.01 seconds
0.09375
Embed time: 0.01 seconds
Extract time: 0.01 seconds
0.0
Embed time: 0.01 seconds
Extract time: 0.01 seconds
0.109375
Embed time: 0.04 seconds
Extract time: 0.01 seconds
0.0
Embed time: 0.01 seconds
Extract time: 0.01 seconds
0.0
Embed time: 0.01 seconds
Extract time: 0.01 seconds
0.0
Embed time: 0.05 seconds
Extract time: 0.01 seconds
0.015625
Embed time: 0.01 seconds
Extract time: 0.01 seconds
0.0
Embed time: 0.02 seconds
Extract time: 0.01 seconds
0.0
Embed time: 0.01 seconds
Extract time: 0.01 seconds
0.0
Embed time: 0.01 seconds
Extract time: 0.01 seconds
0.0
Embed time: 0.01 seconds
Extract time: 0.01 seconds
0.0
Embed time: 0.01 seconds
Extract time: 0.05 seconds
0.0
Embed time: 0.01 seconds
Extract time: 0.01 seconds
0.0
Embed time: 0.01 seconds
Extract time: 0.01 seconds
0.0
25-06-24 13:10:58.714 - INFO: # Validation # PSNR_Stego: 3.9751e+01, Bit_acc:  8.4375e-03
2025-06-24 13:10:58,714 - INFO - # Validation # PSNR_Stego: 3.9751e+01, Bit_acc:  8.4375e-03
25-06-24 13:10:58.714 - INFO: <epoch:  4, iter:  55,500> PSNR_Stego: 3.9751e+01, Bit_acc:  8.4375e-03
2025-06-24 13:10:58,714 - INFO - <epoch:  4, iter:  55,500> PSNR_Stego: 3.9751e+01, Bit_acc:  8.4375e-03
25-06-24 13:11:20.966 - INFO: <epoch:  4, iter:  55,600, lr:5.000e-05> l_forw_fit: 2.6230e+00 l_msg: 1.9678e-02 
2025-06-24 13:11:20,966 - INFO - <epoch:  4, iter:  55,600, lr:5.000e-05> l_forw_fit: 2.6230e+00 l_msg: 1.9678e-02 
25-06-24 13:11:43.111 - INFO: <epoch:  4, iter:  55,700, lr:5.000e-05> l_forw_fit: 1.8936e+00 l_msg: 0.0000e+00 
2025-06-24 13:11:43,111 - INFO - <epoch:  4, iter:  55,700, lr:5.000e-05> l_forw_fit: 1.8936e+00 l_msg: 0.0000e+00 
25-06-24 13:12:05.566 - INFO: <epoch:  4, iter:  55,800, lr:5.000e-05> l_forw_fit: 2.2306e+00 l_msg: 3.6906e-02 
2025-06-24 13:12:05,566 - INFO - <epoch:  4, iter:  55,800, lr:5.000e-05> l_forw_fit: 2.2306e+00 l_msg: 3.6906e-02 
25-06-24 13:12:28.088 - INFO: <epoch:  4, iter:  55,900, lr:5.000e-05> l_forw_fit: 2.0776e+00 l_msg: 0.0000e+00 
2025-06-24 13:12:28,088 - INFO - <epoch:  4, iter:  55,900, lr:5.000e-05> l_forw_fit: 2.0776e+00 l_msg: 0.0000e+00 
25-06-24 13:12:50.309 - INFO: <epoch:  4, iter:  56,000, lr:5.000e-05> l_forw_fit: 1.7250e+00 l_msg: 9.4621e-02 
2025-06-24 13:12:50,309 - INFO - <epoch:  4, iter:  56,000, lr:5.000e-05> l_forw_fit: 1.7250e+00 l_msg: 9.4621e-02 
Embed time: 0.03 seconds
Extract time: 0.01 seconds
0.0
Embed time: 0.02 seconds
Extract time: 0.01 seconds
0.0
Embed time: 0.05 seconds
Extract time: 0.01 seconds
0.0
Embed time: 0.02 seconds
Extract time: 0.01 seconds
0.0
Embed time: 0.02 seconds
Extract time: 0.01 seconds
0.015625
Embed time: 0.02 seconds
Extract time: 0.01 seconds
0.0
Embed time: 0.02 seconds
Extract time: 0.01 seconds
0.0
Embed time: 0.02 seconds
Extract time: 0.01 seconds
0.0
Embed time: 0.02 seconds
Extract time: 0.01 seconds
0.0
Embed time: 0.05 seconds
Extract time: 0.01 seconds
0.015625
Embed time: 0.02 seconds
Extract time: 0.01 seconds
0.0
Embed time: 0.04 seconds
Extract time: 0.01 seconds
0.0
Embed time: 0.02 seconds
Extract time: 0.01 seconds
0.0
Embed time: 0.03 seconds
Extract time: 0.01 seconds
0.0
Embed time: 0.02 seconds
Extract time: 0.01 seconds
0.0
Embed time: 0.05 seconds
Extract time: 0.01 seconds
0.0
Embed time: 0.01 seconds
Extract time: 0.04 seconds
0.0
Embed time: 0.03 seconds
Extract time: 0.01 seconds
0.046875
Embed time: 0.01 seconds
Extract time: 0.01 seconds
0.0
Embed time: 0.05 seconds
Extract time: 0.01 seconds
0.0
Embed time: 0.01 seconds
Extract time: 0.01 seconds
0.015625
Embed time: 0.04 seconds
Extract time: 0.01 seconds
0.015625
Embed time: 0.01 seconds
Extract time: 0.01 seconds
0.0
Embed time: 0.05 seconds
Extract time: 0.01 seconds
0.03125
Embed time: 0.01 seconds
Extract time: 0.01 seconds
0.0
Embed time: 0.05 seconds
Extract time: 0.01 seconds
0.0
Embed time: 0.01 seconds
Extract time: 0.01 seconds
0.0
Embed time: 0.05 seconds
Extract time: 0.01 seconds
0.015625
Embed time: 0.01 seconds
Extract time: 0.01 seconds
0.0
Embed time: 0.05 seconds
Extract time: 0.01 seconds
0.03125
Embed time: 0.01 seconds
Extract time: 0.01 seconds
0.0
Embed time: 0.05 seconds
Extract time: 0.01 seconds
0.0
Embed time: 0.01 seconds
Extract time: 0.01 seconds
0.0
Embed time: 0.05 seconds
Extract time: 0.01 seconds
0.0
Embed time: 0.01 seconds
Extract time: 0.01 seconds
0.03125
Embed time: 0.05 seconds
Extract time: 0.01 seconds
0.0
Embed time: 0.01 seconds
Extract time: 0.01 seconds
0.0
Embed time: 0.04 seconds
Extract time: 0.01 seconds
0.0
Embed time: 0.01 seconds
Extract time: 0.01 seconds
0.0
Embed time: 0.01 seconds
Extract time: 0.01 seconds
0.0
Embed time: 0.01 seconds
Extract time: 0.01 seconds
0.0
Embed time: 0.01 seconds
Extract time: 0.04 seconds
0.0
Embed time: 0.04 seconds
Extract time: 0.01 seconds
0.0
Embed time: 0.01 seconds
Extract time: 0.01 seconds
0.015625
Embed time: 0.01 seconds
Extract time: 0.01 seconds
0.015625
Embed time: 0.01 seconds
Extract time: 0.01 seconds
0.0
Embed time: 0.04 seconds
Extract time: 0.01 seconds
0.0
Embed time: 0.01 seconds
Extract time: 0.01 seconds
0.0
Embed time: 0.05 seconds
Extract time: 0.01 seconds
0.0
Embed time: 0.01 seconds
Extract time: 0.01 seconds
0.125
Embed time: 0.05 seconds
Extract time: 0.01 seconds
0.0
Embed time: 0.02 seconds
Extract time: 0.01 seconds
0.0
Embed time: 0.04 seconds
Extract time: 0.01 seconds
0.0
Embed time: 0.01 seconds
Extract time: 0.01 seconds
0.0
Embed time: 0.05 seconds
Extract time: 0.01 seconds
0.0
Embed time: 0.01 seconds
Extract time: 0.01 seconds
0.109375
Embed time: 0.04 seconds
Extract time: 0.01 seconds
0.0
Embed time: 0.01 seconds
Extract time: 0.01 seconds
0.0
Embed time: 0.04 seconds
Extract time: 0.01 seconds
0.0
Embed time: 0.01 seconds
Extract time: 0.01 seconds
0.0
Embed time: 0.05 seconds
Extract time: 0.01 seconds
0.0
Embed time: 0.01 seconds
Extract time: 0.01 seconds
0.0
Embed time: 0.01 seconds
Extract time: 0.01 seconds
0.03125
Embed time: 0.02 seconds
Extract time: 0.01 seconds
0.0
Embed time: 0.01 seconds
Extract time: 0.03 seconds
0.0
Embed time: 0.04 seconds
Extract time: 0.01 seconds
0.0
Embed time: 0.01 seconds
Extract time: 0.01 seconds
0.0
Embed time: 0.06 seconds
Extract time: 0.01 seconds
0.0
Embed time: 0.01 seconds
Extract time: 0.01 seconds
0.0
Embed time: 0.02 seconds
Extract time: 0.05 seconds
0.0
Embed time: 0.01 seconds
Extract time: 0.01 seconds
0.0
Embed time: 0.05 seconds
Extract time: 0.01 seconds
0.015625
Embed time: 0.01 seconds
Extract time: 0.01 seconds
0.015625
Embed time: 0.04 seconds
Extract time: 0.01 seconds
0.0
Embed time: 0.01 seconds
Extract time: 0.01 seconds
0.0
Embed time: 0.05 seconds
Extract time: 0.01 seconds
0.0
Embed time: 0.01 seconds
Extract time: 0.01 seconds
0.0
Embed time: 0.05 seconds
Extract time: 0.01 seconds
0.0
Embed time: 0.01 seconds
Extract time: 0.01 seconds
0.0
Embed time: 0.04 seconds
Extract time: 0.01 seconds
0.0
Embed time: 0.01 seconds
Extract time: 0.01 seconds
0.0
Embed time: 0.04 seconds
Extract time: 0.01 seconds
0.0
Embed time: 0.01 seconds
Extract time: 0.01 seconds
0.046875
Embed time: 0.05 seconds
Extract time: 0.01 seconds
0.0
Embed time: 0.01 seconds
Extract time: 0.01 seconds
0.0
Embed time: 0.05 seconds
Extract time: 0.01 seconds
0.0
Embed time: 0.01 seconds
Extract time: 0.01 seconds
0.0
Embed time: 0.05 seconds
Extract time: 0.01 seconds
0.03125
Embed time: 0.01 seconds
Extract time: 0.01 seconds
0.0
Embed time: 0.01 seconds
Extract time: 0.01 seconds
0.0
Embed time: 0.01 seconds
Extract time: 0.01 seconds
0.0
Embed time: 0.01 seconds
Extract time: 0.01 seconds
0.015625
Embed time: 0.05 seconds
Extract time: 0.01 seconds
0.0
Embed time: 0.01 seconds
Extract time: 0.01 seconds
0.0
Embed time: 0.05 seconds
Extract time: 0.01 seconds
0.015625
Embed time: 0.02 seconds
Extract time: 0.01 seconds
0.0
Embed time: 0.05 seconds
Extract time: 0.01 seconds
0.0
Embed time: 0.01 seconds
Extract time: 0.01 seconds
0.0
Embed time: 0.01 seconds
Extract time: 0.04 seconds
0.0
Embed time: 0.01 seconds
Extract time: 0.01 seconds
0.0
25-06-24 13:13:05.410 - INFO: # Validation # PSNR_Stego: 4.0311e+01, Bit_acc:  6.5625e-03
2025-06-24 13:13:05,410 - INFO - # Validation # PSNR_Stego: 4.0311e+01, Bit_acc:  6.5625e-03
25-06-24 13:13:05.410 - INFO: <epoch:  4, iter:  56,000> PSNR_Stego: 4.0311e+01, Bit_acc:  6.5625e-03
2025-06-24 13:13:05,410 - INFO - <epoch:  4, iter:  56,000> PSNR_Stego: 4.0311e+01, Bit_acc:  6.5625e-03
25-06-24 13:13:05.411 - INFO: Saving models and training states.
2025-06-24 13:13:05,411 - INFO - Saving models and training states.
Checkpoint save path: /workspace/EditGuard-V1/experiments/train_ibsn_bit_64/models/56000_G.pth

===== Checkpoint State Path: /workspace/EditGuard-V1/experiments/train_ibsn_bit_64/training_state/56000.state =====

25-06-24 13:13:27.962 - INFO: <epoch:  4, iter:  56,100, lr:5.000e-05> l_forw_fit: 2.5032e+00 l_msg: 0.0000e+00 
2025-06-24 13:13:27,962 - INFO - <epoch:  4, iter:  56,100, lr:5.000e-05> l_forw_fit: 2.5032e+00 l_msg: 0.0000e+00 
25-06-24 13:13:50.445 - INFO: <epoch:  4, iter:  56,200, lr:5.000e-05> l_forw_fit: 1.9178e+00 l_msg: 1.2835e-01 
2025-06-24 13:13:50,445 - INFO - <epoch:  4, iter:  56,200, lr:5.000e-05> l_forw_fit: 1.9178e+00 l_msg: 1.2835e-01 
25-06-24 13:14:13.044 - INFO: <epoch:  4, iter:  56,300, lr:5.000e-05> l_forw_fit: 1.8761e+00 l_msg: 1.2158e-05 
2025-06-24 13:14:13,044 - INFO - <epoch:  4, iter:  56,300, lr:5.000e-05> l_forw_fit: 1.8761e+00 l_msg: 1.2158e-05 
25-06-24 13:14:34.994 - INFO: <epoch:  4, iter:  56,400, lr:5.000e-05> l_forw_fit: 1.9931e+00 l_msg: 3.9062e-03 
2025-06-24 13:14:34,994 - INFO - <epoch:  4, iter:  56,400, lr:5.000e-05> l_forw_fit: 1.9931e+00 l_msg: 3.9062e-03 
25-06-24 13:14:57.222 - INFO: <epoch:  4, iter:  56,500, lr:5.000e-05> l_forw_fit: 1.7953e+00 l_msg: 1.1647e-01 
2025-06-24 13:14:57,222 - INFO - <epoch:  4, iter:  56,500, lr:5.000e-05> l_forw_fit: 1.7953e+00 l_msg: 1.1647e-01 
Embed time: 0.03 seconds
Extract time: 0.01 seconds
0.0
Embed time: 0.02 seconds
Extract time: 0.01 seconds
0.03125
Embed time: 0.02 seconds
Extract time: 0.01 seconds
0.0
Embed time: 0.02 seconds
Extract time: 0.01 seconds
0.0
Embed time: 0.02 seconds
Extract time: 0.01 seconds
0.0
Embed time: 0.05 seconds
Extract time: 0.01 seconds
0.0
Embed time: 0.02 seconds
Extract time: 0.01 seconds
0.0
Embed time: 0.02 seconds
Extract time: 0.01 seconds
0.0
Embed time: 0.02 seconds
Extract time: 0.05 seconds
0.0
Embed time: 0.04 seconds
Extract time: 0.01 seconds
0.0
Embed time: 0.02 seconds
Extract time: 0.01 seconds
0.078125
Embed time: 0.02 seconds
Extract time: 0.01 seconds
0.0
Embed time: 0.05 seconds
Extract time: 0.01 seconds
0.0
Embed time: 0.02 seconds
Extract time: 0.01 seconds
0.0
Embed time: 0.02 seconds
Extract time: 0.01 seconds
0.03125
Embed time: 0.02 seconds
Extract time: 0.01 seconds
0.0
Embed time: 0.05 seconds
Extract time: 0.01 seconds
0.0
Embed time: 0.02 seconds
Extract time: 0.01 seconds
0.0
Embed time: 0.05 seconds
Extract time: 0.01 seconds
0.015625
Embed time: 0.02 seconds
Extract time: 0.01 seconds
0.015625
Embed time: 0.02 seconds
Extract time: 0.01 seconds
0.0
Embed time: 0.05 seconds
Extract time: 0.01 seconds
0.078125
Embed time: 0.02 seconds
Extract time: 0.01 seconds
0.0
Embed time: 0.05 seconds
Extract time: 0.01 seconds
0.03125
Embed time: 0.04 seconds
Extract time: 0.01 seconds
0.0
Embed time: 0.02 seconds
Extract time: 0.01 seconds
0.0
Embed time: 0.02 seconds
Extract time: 0.01 seconds
0.0
Embed time: 0.02 seconds
Extract time: 0.01 seconds
0.0
Embed time: 0.02 seconds
Extract time: 0.01 seconds
0.0
Embed time: 0.02 seconds
Extract time: 0.01 seconds
0.0
Embed time: 0.04 seconds
Extract time: 0.01 seconds
0.015625
Embed time: 0.02 seconds
Extract time: 0.01 seconds
0.0
Embed time: 0.02 seconds
Extract time: 0.01 seconds
0.0
Embed time: 0.02 seconds
Extract time: 0.03 seconds
0.0
Embed time: 0.02 seconds
Extract time: 0.01 seconds
0.015625
Embed time: 0.02 seconds
Extract time: 0.04 seconds
0.0
Embed time: 0.02 seconds
Extract time: 0.01 seconds
0.0
Embed time: 0.04 seconds
Extract time: 0.01 seconds
0.0
Embed time: 0.02 seconds
Extract time: 0.01 seconds
0.0
Embed time: 0.02 seconds
Extract time: 0.01 seconds
0.0
Embed time: 0.02 seconds
Extract time: 0.01 seconds
0.0
Embed time: 0.04 seconds
Extract time: 0.01 seconds
0.0
Embed time: 0.05 seconds
Extract time: 0.01 seconds
0.09375
Embed time: 0.02 seconds
Extract time: 0.01 seconds
0.078125
Embed time: 0.05 seconds
Extract time: 0.01 seconds
0.015625
Embed time: 0.02 seconds
Extract time: 0.01 seconds
0.046875
Embed time: 0.04 seconds
Extract time: 0.01 seconds
0.0
Embed time: 0.02 seconds
Extract time: 0.01 seconds
0.03125
Embed time: 0.04 seconds
Extract time: 0.01 seconds
0.0
Embed time: 0.02 seconds
Extract time: 0.01 seconds
0.140625
Embed time: 0.05 seconds
Extract time: 0.01 seconds
0.0
Embed time: 0.02 seconds
Extract time: 0.01 seconds
0.0
Embed time: 0.05 seconds
Extract time: 0.01 seconds
0.0
Embed time: 0.02 seconds
Extract time: 0.01 seconds
0.0
Embed time: 0.05 seconds
Extract time: 0.01 seconds
0.0625
Embed time: 0.02 seconds
Extract time: 0.01 seconds
0.0
Embed time: 0.02 seconds
Extract time: 0.01 seconds
0.015625
Embed time: 0.02 seconds
Extract time: 0.02 seconds
0.015625
Embed time: 0.03 seconds
Extract time: 0.01 seconds
0.0
Embed time: 0.02 seconds
Extract time: 0.01 seconds
0.0
Embed time: 0.05 seconds
Extract time: 0.01 seconds
0.0
Embed time: 0.02 seconds
Extract time: 0.01 seconds
0.015625
Embed time: 0.05 seconds
Extract time: 0.01 seconds
0.0
Embed time: 0.02 seconds
Extract time: 0.01 seconds
0.0
Embed time: 0.05 seconds
Extract time: 0.01 seconds
0.03125
Embed time: 0.02 seconds
Extract time: 0.01 seconds
0.0
Embed time: 0.05 seconds
Extract time: 0.01 seconds
0.0
Embed time: 0.02 seconds
Extract time: 0.01 seconds
0.0
Embed time: 0.06 seconds
Extract time: 0.01 seconds
0.0
Embed time: 0.02 seconds
Extract time: 0.01 seconds
0.0
Embed time: 0.03 seconds
Extract time: 0.01 seconds
0.0
Embed time: 0.02 seconds
Extract time: 0.01 seconds
0.0
Embed time: 0.03 seconds
Extract time: 0.01 seconds
0.015625
Embed time: 0.02 seconds
Extract time: 0.01 seconds
0.03125
Embed time: 0.02 seconds
Extract time: 0.01 seconds
0.0
Embed time: 0.02 seconds
Extract time: 0.01 seconds
0.0
Embed time: 0.03 seconds
Extract time: 0.01 seconds
0.0
Embed time: 0.02 seconds
Extract time: 0.01 seconds
0.0
Embed time: 0.05 seconds
Extract time: 0.01 seconds
0.0
Embed time: 0.02 seconds
Extract time: 0.01 seconds
0.015625
Embed time: 0.05 seconds
Extract time: 0.01 seconds
0.0
Embed time: 0.02 seconds
Extract time: 0.01 seconds
0.0
Embed time: 0.04 seconds
Extract time: 0.01 seconds
0.046875
Embed time: 0.01 seconds
Extract time: 0.01 seconds
0.0
Embed time: 0.05 seconds
Extract time: 0.01 seconds
0.0
Embed time: 0.01 seconds
Extract time: 0.01 seconds
0.1875
Embed time: 0.02 seconds
Extract time: 0.01 seconds
0.0
Embed time: 0.01 seconds
Extract time: 0.01 seconds
0.015625
Embed time: 0.02 seconds
Extract time: 0.01 seconds
0.0
Embed time: 0.01 seconds
Extract time: 0.01 seconds
0.015625
Embed time: 0.01 seconds
Extract time: 0.01 seconds
0.0
Embed time: 0.01 seconds
Extract time: 0.01 seconds
0.015625
Embed time: 0.02 seconds
Extract time: 0.01 seconds
0.015625
Embed time: 0.01 seconds
Extract time: 0.01 seconds
0.0
Embed time: 0.05 seconds
Extract time: 0.01 seconds
0.015625
Embed time: 0.01 seconds
Extract time: 0.01 seconds
0.015625
Embed time: 0.02 seconds
Extract time: 0.01 seconds
0.03125
Embed time: 0.01 seconds
Extract time: 0.01 seconds
0.0
Embed time: 0.01 seconds
Extract time: 0.01 seconds
0.03125
Embed time: 0.01 seconds
Extract time: 0.01 seconds
0.0
25-06-24 13:15:12.788 - INFO: # Validation # PSNR_Stego: 3.9191e+01, Bit_acc:  1.3125e-02
2025-06-24 13:15:12,788 - INFO - # Validation # PSNR_Stego: 3.9191e+01, Bit_acc:  1.3125e-02
25-06-24 13:15:12.789 - INFO: <epoch:  4, iter:  56,500> PSNR_Stego: 3.9191e+01, Bit_acc:  1.3125e-02
2025-06-24 13:15:12,789 - INFO - <epoch:  4, iter:  56,500> PSNR_Stego: 3.9191e+01, Bit_acc:  1.3125e-02
25-06-24 13:15:34.977 - INFO: <epoch:  4, iter:  56,600, lr:5.000e-05> l_forw_fit: 2.2576e+00 l_msg: 0.0000e+00 
2025-06-24 13:15:34,977 - INFO - <epoch:  4, iter:  56,600, lr:5.000e-05> l_forw_fit: 2.2576e+00 l_msg: 0.0000e+00 
25-06-24 13:15:57.517 - INFO: <epoch:  4, iter:  56,700, lr:5.000e-05> l_forw_fit: 1.9011e+00 l_msg: 0.0000e+00 
2025-06-24 13:15:57,517 - INFO - <epoch:  4, iter:  56,700, lr:5.000e-05> l_forw_fit: 1.9011e+00 l_msg: 0.0000e+00 
25-06-24 13:16:20.118 - INFO: <epoch:  4, iter:  56,800, lr:5.000e-05> l_forw_fit: 2.6415e+00 l_msg: 3.1793e-02 
2025-06-24 13:16:20,118 - INFO - <epoch:  4, iter:  56,800, lr:5.000e-05> l_forw_fit: 2.6415e+00 l_msg: 3.1793e-02 
25-06-24 13:16:42.467 - INFO: <epoch:  4, iter:  56,900, lr:5.000e-05> l_forw_fit: 4.4813e+00 l_msg: 6.4639e-03 
2025-06-24 13:16:42,467 - INFO - <epoch:  4, iter:  56,900, lr:5.000e-05> l_forw_fit: 4.4813e+00 l_msg: 6.4639e-03 
25-06-24 13:17:05.073 - INFO: <epoch:  4, iter:  57,000, lr:5.000e-05> l_forw_fit: 2.7601e+00 l_msg: 3.0117e-03 
2025-06-24 13:17:05,073 - INFO - <epoch:  4, iter:  57,000, lr:5.000e-05> l_forw_fit: 2.7601e+00 l_msg: 3.0117e-03 
Embed time: 0.03 seconds
Extract time: 0.01 seconds
0.0
Embed time: 0.04 seconds
Extract time: 0.01 seconds
0.0
Embed time: 0.02 seconds
Extract time: 0.01 seconds
0.0
Embed time: 0.05 seconds
Extract time: 0.01 seconds
0.0
Embed time: 0.02 seconds
Extract time: 0.01 seconds
0.0
Embed time: 0.05 seconds
Extract time: 0.01 seconds
0.0
Embed time: 0.02 seconds
Extract time: 0.01 seconds
0.0
Embed time: 0.02 seconds
Extract time: 0.01 seconds
0.0
Embed time: 0.02 seconds
Extract time: 0.01 seconds
0.046875
Embed time: 0.02 seconds
Extract time: 0.01 seconds
0.0
Embed time: 0.02 seconds
Extract time: 0.01 seconds
0.03125
Embed time: 0.02 seconds
Extract time: 0.01 seconds
0.0
Embed time: 0.05 seconds
Extract time: 0.01 seconds
0.0
Embed time: 0.02 seconds
Extract time: 0.01 seconds
0.0
Embed time: 0.05 seconds
Extract time: 0.01 seconds
0.0
Embed time: 0.02 seconds
Extract time: 0.01 seconds
0.0
Embed time: 0.02 seconds
Extract time: 0.01 seconds
0.0
Embed time: 0.02 seconds
Extract time: 0.01 seconds
0.046875
Embed time: 0.02 seconds
Extract time: 0.01 seconds
0.0
Embed time: 0.02 seconds
Extract time: 0.01 seconds
0.0
Embed time: 0.02 seconds
Extract time: 0.01 seconds
0.0
Embed time: 0.02 seconds
Extract time: 0.01 seconds
0.078125
Embed time: 0.02 seconds
Extract time: 0.04 seconds
0.0
Embed time: 0.03 seconds
Extract time: 0.01 seconds
0.015625
Embed time: 0.02 seconds
Extract time: 0.01 seconds
0.03125
Embed time: 0.02 seconds
Extract time: 0.01 seconds
0.0
Embed time: 0.02 seconds
Extract time: 0.01 seconds
0.0
Embed time: 0.05 seconds
Extract time: 0.01 seconds
0.0
Embed time: 0.02 seconds
Extract time: 0.01 seconds
0.0
Embed time: 0.05 seconds
Extract time: 0.01 seconds
0.0
Embed time: 0.02 seconds
Extract time: 0.01 seconds
0.03125
Embed time: 0.05 seconds
Extract time: 0.01 seconds
0.0
Embed time: 0.02 seconds
Extract time: 0.01 seconds
0.015625
Embed time: 0.05 seconds
Extract time: 0.01 seconds
0.0
Embed time: 0.02 seconds
Extract time: 0.01 seconds
0.015625
Embed time: 0.05 seconds
Extract time: 0.01 seconds
0.0
Embed time: 0.02 seconds
Extract time: 0.01 seconds
0.0
Embed time: 0.04 seconds
Extract time: 0.01 seconds
0.0
Embed time: 0.02 seconds
Extract time: 0.01 seconds
0.0
Embed time: 0.05 seconds
Extract time: 0.01 seconds
0.0
Embed time: 0.02 seconds
Extract time: 0.01 seconds
0.03125
Embed time: 0.01 seconds
Extract time: 0.01 seconds
0.03125
Embed time: 0.01 seconds
Extract time: 0.01 seconds
0.0
Embed time: 0.04 seconds
Extract time: 0.01 seconds
0.0
Embed time: 0.01 seconds
Extract time: 0.01 seconds
0.0
Embed time: 0.05 seconds
Extract time: 0.01 seconds
0.0
Embed time: 0.01 seconds
Extract time: 0.01 seconds
0.0
Embed time: 0.05 seconds
Extract time: 0.01 seconds
0.0625
Embed time: 0.01 seconds
Extract time: 0.01 seconds
0.0
Embed time: 0.05 seconds
Extract time: 0.01 seconds
0.015625
Embed time: 0.02 seconds
Extract time: 0.01 seconds
0.0
Embed time: 0.05 seconds
Extract time: 0.01 seconds
0.0
Embed time: 0.02 seconds
Extract time: 0.01 seconds
0.0
Embed time: 0.05 seconds
Extract time: 0.01 seconds
0.0
Embed time: 0.02 seconds
Extract time: 0.01 seconds
0.015625
Embed time: 0.02 seconds
Extract time: 0.03 seconds
0.015625
Embed time: 0.01 seconds
Extract time: 0.01 seconds
0.0
Embed time: 0.01 seconds
Extract time: 0.01 seconds
0.015625
Embed time: 0.02 seconds
Extract time: 0.01 seconds
0.0
Embed time: 0.01 seconds
Extract time: 0.03 seconds
0.0
Embed time: 0.04 seconds
Extract time: 0.01 seconds
0.0
Embed time: 0.01 seconds
Extract time: 0.01 seconds
0.0
Embed time: 0.05 seconds
Extract time: 0.01 seconds
0.0
Embed time: 0.01 seconds
Extract time: 0.01 seconds
0.015625
Embed time: 0.02 seconds
Extract time: 0.01 seconds
0.0
Embed time: 0.01 seconds
Extract time: 0.01 seconds
0.0
Embed time: 0.05 seconds
Extract time: 0.01 seconds
0.0
Embed time: 0.01 seconds
Extract time: 0.01 seconds
0.0
Embed time: 0.01 seconds
Extract time: 0.01 seconds
0.0
Embed time: 0.01 seconds
Extract time: 0.01 seconds
0.0
Embed time: 0.06 seconds
Extract time: 0.01 seconds
0.0
Embed time: 0.01 seconds
Extract time: 0.01 seconds
0.0
Embed time: 0.05 seconds
Extract time: 0.01 seconds
0.0
Embed time: 0.01 seconds
Extract time: 0.01 seconds
0.0
Embed time: 0.05 seconds
Extract time: 0.01 seconds
0.0
Embed time: 0.01 seconds
Extract time: 0.01 seconds
0.0
Embed time: 0.02 seconds
Extract time: 0.01 seconds
0.0
Embed time: 0.01 seconds
Extract time: 0.01 seconds
0.0
Embed time: 0.05 seconds
Extract time: 0.01 seconds
0.0
Embed time: 0.01 seconds
Extract time: 0.01 seconds
0.0
Embed time: 0.03 seconds
Extract time: 0.01 seconds
0.0
Embed time: 0.01 seconds
Extract time: 0.03 seconds
0.046875
Embed time: 0.03 seconds
Extract time: 0.01 seconds
0.0
Embed time: 0.01 seconds
Extract time: 0.01 seconds
0.0
Embed time: 0.06 seconds
Extract time: 0.01 seconds
0.0
Embed time: 0.01 seconds
Extract time: 0.01 seconds
0.03125
Embed time: 0.02 seconds
Extract time: 0.01 seconds
0.0
Embed time: 0.01 seconds
Extract time: 0.01 seconds
0.0
Embed time: 0.04 seconds
Extract time: 0.01 seconds
0.0
Embed time: 0.01 seconds
Extract time: 0.01 seconds
0.0
Embed time: 0.03 seconds
Extract time: 0.01 seconds
0.0
Embed time: 0.01 seconds
Extract time: 0.01 seconds
0.0
Embed time: 0.02 seconds
Extract time: 0.01 seconds
0.0
Embed time: 0.01 seconds
Extract time: 0.01 seconds
0.046875
Embed time: 0.01 seconds
Extract time: 0.01 seconds
0.0
Embed time: 0.04 seconds
Extract time: 0.01 seconds
0.0
Embed time: 0.02 seconds
Extract time: 0.01 seconds
0.0
Embed time: 0.02 seconds
Extract time: 0.01 seconds
0.0
Embed time: 0.01 seconds
Extract time: 0.01 seconds
0.0
Embed time: 0.01 seconds
Extract time: 0.01 seconds
0.0
25-06-24 13:17:20.438 - INFO: # Validation # PSNR_Stego: 4.0465e+01, Bit_acc:  6.4062e-03
2025-06-24 13:17:20,438 - INFO - # Validation # PSNR_Stego: 4.0465e+01, Bit_acc:  6.4062e-03
25-06-24 13:17:20.438 - INFO: <epoch:  4, iter:  57,000> PSNR_Stego: 4.0465e+01, Bit_acc:  6.4062e-03
2025-06-24 13:17:20,438 - INFO - <epoch:  4, iter:  57,000> PSNR_Stego: 4.0465e+01, Bit_acc:  6.4062e-03
25-06-24 13:17:20.439 - INFO: Saving models and training states.
2025-06-24 13:17:20,439 - INFO - Saving models and training states.
Checkpoint save path: /workspace/EditGuard-V1/experiments/train_ibsn_bit_64/models/57000_G.pth

===== Checkpoint State Path: /workspace/EditGuard-V1/experiments/train_ibsn_bit_64/training_state/57000.state =====

25-06-24 13:17:42.717 - INFO: <epoch:  4, iter:  57,100, lr:5.000e-05> l_forw_fit: 2.0545e+00 l_msg: 0.0000e+00 
2025-06-24 13:17:42,717 - INFO - <epoch:  4, iter:  57,100, lr:5.000e-05> l_forw_fit: 2.0545e+00 l_msg: 0.0000e+00 
25-06-24 13:18:04.438 - INFO: <epoch:  4, iter:  57,200, lr:5.000e-05> l_forw_fit: 1.9633e+00 l_msg: 9.8900e-02 
2025-06-24 13:18:04,438 - INFO - <epoch:  4, iter:  57,200, lr:5.000e-05> l_forw_fit: 1.9633e+00 l_msg: 9.8900e-02 
25-06-24 13:18:26.584 - INFO: <epoch:  4, iter:  57,300, lr:5.000e-05> l_forw_fit: 2.5418e+00 l_msg: 8.8230e-05 
2025-06-24 13:18:26,584 - INFO - <epoch:  4, iter:  57,300, lr:5.000e-05> l_forw_fit: 2.5418e+00 l_msg: 8.8230e-05 
25-06-24 13:18:48.961 - INFO: <epoch:  4, iter:  57,400, lr:5.000e-05> l_forw_fit: 2.0615e+00 l_msg: 1.5965e-03 
2025-06-24 13:18:48,961 - INFO - <epoch:  4, iter:  57,400, lr:5.000e-05> l_forw_fit: 2.0615e+00 l_msg: 1.5965e-03 
25-06-24 13:19:11.360 - INFO: <epoch:  4, iter:  57,500, lr:5.000e-05> l_forw_fit: 2.0447e+00 l_msg: 1.1719e-02 
2025-06-24 13:19:11,360 - INFO - <epoch:  4, iter:  57,500, lr:5.000e-05> l_forw_fit: 2.0447e+00 l_msg: 1.1719e-02 
Embed time: 0.03 seconds
Extract time: 0.01 seconds
0.0
Embed time: 0.02 seconds
Extract time: 0.01 seconds
0.0
Embed time: 0.02 seconds
Extract time: 0.01 seconds
0.0
Embed time: 0.02 seconds
Extract time: 0.01 seconds
0.0
Embed time: 0.02 seconds
Extract time: 0.01 seconds
0.0
Embed time: 0.04 seconds
Extract time: 0.01 seconds
0.015625
Embed time: 0.02 seconds
Extract time: 0.01 seconds
0.015625
Embed time: 0.02 seconds
Extract time: 0.01 seconds
0.0
Embed time: 0.02 seconds
Extract time: 0.03 seconds
0.0
Embed time: 0.03 seconds
Extract time: 0.01 seconds
0.0
Embed time: 0.02 seconds
Extract time: 0.01 seconds
0.015625
Embed time: 0.05 seconds
Extract time: 0.01 seconds
0.0
Embed time: 0.02 seconds
Extract time: 0.01 seconds
0.0
Embed time: 0.05 seconds
Extract time: 0.01 seconds
0.046875
Embed time: 0.02 seconds
Extract time: 0.02 seconds
0.015625
Embed time: 0.02 seconds
Extract time: 0.01 seconds
0.0
Embed time: 0.02 seconds
Extract time: 0.01 seconds
0.0
Embed time: 0.04 seconds
Extract time: 0.01 seconds
0.0
Embed time: 0.02 seconds
Extract time: 0.01 seconds
0.0
Embed time: 0.05 seconds
Extract time: 0.01 seconds
0.0
Embed time: 0.02 seconds
Extract time: 0.01 seconds
0.0
Embed time: 0.03 seconds
Extract time: 0.01 seconds
0.0
Embed time: 0.02 seconds
Extract time: 0.01 seconds
0.0
Embed time: 0.01 seconds
Extract time: 0.01 seconds
0.0
Embed time: 0.02 seconds
Extract time: 0.01 seconds
0.0
Embed time: 0.05 seconds
Extract time: 0.01 seconds
0.0
Embed time: 0.02 seconds
Extract time: 0.01 seconds
0.0
Embed time: 0.04 seconds
Extract time: 0.01 seconds
0.015625
Embed time: 0.01 seconds
Extract time: 0.01 seconds
0.0
Embed time: 0.01 seconds
Extract time: 0.01 seconds
0.0
Embed time: 0.02 seconds
Extract time: 0.01 seconds
0.0625
Embed time: 0.02 seconds
Extract time: 0.01 seconds
0.0
Embed time: 0.02 seconds
Extract time: 0.01 seconds
0.015625
Embed time: 0.02 seconds
Extract time: 0.01 seconds
0.0
Embed time: 0.02 seconds
Extract time: 0.01 seconds
0.0
Embed time: 0.05 seconds
Extract time: 0.01 seconds
0.0
Embed time: 0.02 seconds
Extract time: 0.01 seconds
0.0
Embed time: 0.05 seconds
Extract time: 0.01 seconds
0.0
Embed time: 0.02 seconds
Extract time: 0.01 seconds
0.0
Embed time: 0.05 seconds
Extract time: 0.01 seconds
0.0
Embed time: 0.02 seconds
Extract time: 0.01 seconds
0.015625
Embed time: 0.02 seconds
Extract time: 0.01 seconds
0.03125
Embed time: 0.02 seconds
Extract time: 0.04 seconds
0.0
Embed time: 0.02 seconds
Extract time: 0.01 seconds
0.0
Embed time: 0.04 seconds
Extract time: 0.01 seconds
0.046875
Embed time: 0.02 seconds
Extract time: 0.01 seconds
0.0
Embed time: 0.02 seconds
Extract time: 0.01 seconds
0.0
Embed time: 0.02 seconds
Extract time: 0.01 seconds
0.0
Embed time: 0.05 seconds
Extract time: 0.01 seconds
0.0
Embed time: 0.02 seconds
Extract time: 0.01 seconds
0.078125
Embed time: 0.05 seconds
Extract time: 0.01 seconds
0.046875
Embed time: 0.02 seconds
Extract time: 0.01 seconds
0.0
Embed time: 0.04 seconds
Extract time: 0.01 seconds
0.0
Embed time: 0.02 seconds
Extract time: 0.01 seconds
0.0
Embed time: 0.05 seconds
Extract time: 0.01 seconds
0.09375
Embed time: 0.02 seconds
Extract time: 0.01 seconds
0.109375
Embed time: 0.02 seconds
Extract time: 0.01 seconds
0.0
Embed time: 0.02 seconds
Extract time: 0.01 seconds
0.0
Embed time: 0.04 seconds
Extract time: 0.01 seconds
0.0
Embed time: 0.02 seconds
Extract time: 0.01 seconds
0.0
Embed time: 0.05 seconds
Extract time: 0.01 seconds
0.0
Embed time: 0.02 seconds
Extract time: 0.01 seconds
0.015625
Embed time: 0.03 seconds
Extract time: 0.01 seconds
0.03125
Embed time: 0.02 seconds
Extract time: 0.01 seconds
0.03125
Embed time: 0.02 seconds
Extract time: 0.01 seconds
0.0
Embed time: 0.05 seconds
Extract time: 0.01 seconds
0.0
Embed time: 0.02 seconds
Extract time: 0.01 seconds
0.0
Embed time: 0.05 seconds
Extract time: 0.01 seconds
0.03125
Embed time: 0.05 seconds
Extract time: 0.01 seconds
0.0
Embed time: 0.03 seconds
Extract time: 0.01 seconds
0.0
Embed time: 0.02 seconds
Extract time: 0.03 seconds
0.0
Embed time: 0.03 seconds
Extract time: 0.01 seconds
0.0
Embed time: 0.02 seconds
Extract time: 0.01 seconds
0.0
Embed time: 0.02 seconds
Extract time: 0.01 seconds
0.0
Embed time: 0.02 seconds
Extract time: 0.01 seconds
0.0
Embed time: 0.02 seconds
Extract time: 0.01 seconds
0.0
Embed time: 0.02 seconds
Extract time: 0.01 seconds
0.0
Embed time: 0.02 seconds
Extract time: 0.01 seconds
0.0
Embed time: 0.02 seconds
Extract time: 0.01 seconds
0.0
Embed time: 0.02 seconds
Extract time: 0.01 seconds
0.0
Embed time: 0.02 seconds
Extract time: 0.01 seconds
0.0
Embed time: 0.02 seconds
Extract time: 0.01 seconds
0.0
Embed time: 0.02 seconds
Extract time: 0.01 seconds
0.0
Embed time: 0.02 seconds
Extract time: 0.01 seconds
0.015625
Embed time: 0.06 seconds
Extract time: 0.01 seconds
0.0
Embed time: 0.02 seconds
Extract time: 0.01 seconds
0.140625
Embed time: 0.02 seconds
Extract time: 0.01 seconds
0.0
Embed time: 0.02 seconds
Extract time: 0.01 seconds
0.0
Embed time: 0.02 seconds
Extract time: 0.05 seconds
0.0
Embed time: 0.03 seconds
Extract time: 0.01 seconds
0.0
Embed time: 0.02 seconds
Extract time: 0.01 seconds
0.0
Embed time: 0.02 seconds
Extract time: 0.01 seconds
0.0
Embed time: 0.02 seconds
Extract time: 0.01 seconds
0.0
Embed time: 0.02 seconds
Extract time: 0.01 seconds
0.03125
Embed time: 0.05 seconds
Extract time: 0.01 seconds
0.015625
Embed time: 0.02 seconds
Extract time: 0.01 seconds
0.0
Embed time: 0.05 seconds
Extract time: 0.01 seconds
0.0
Embed time: 0.02 seconds
Extract time: 0.01 seconds
0.046875
Embed time: 0.02 seconds
Extract time: 0.01 seconds
0.0
Embed time: 0.02 seconds
Extract time: 0.01 seconds
0.0
25-06-24 13:19:26.825 - INFO: # Validation # PSNR_Stego: 3.9651e+01, Bit_acc:  9.8438e-03
2025-06-24 13:19:26,825 - INFO - # Validation # PSNR_Stego: 3.9651e+01, Bit_acc:  9.8438e-03
25-06-24 13:19:26.826 - INFO: <epoch:  4, iter:  57,500> PSNR_Stego: 3.9651e+01, Bit_acc:  9.8438e-03
2025-06-24 13:19:26,826 - INFO - <epoch:  4, iter:  57,500> PSNR_Stego: 3.9651e+01, Bit_acc:  9.8438e-03
25-06-24 13:19:49.242 - INFO: <epoch:  4, iter:  57,600, lr:5.000e-05> l_forw_fit: 2.1628e+00 l_msg: 0.0000e+00 
2025-06-24 13:19:49,242 - INFO - <epoch:  4, iter:  57,600, lr:5.000e-05> l_forw_fit: 2.1628e+00 l_msg: 0.0000e+00 
25-06-24 13:20:11.235 - INFO: <epoch:  4, iter:  57,700, lr:5.000e-05> l_forw_fit: 1.7491e+00 l_msg: 3.7400e-02 
2025-06-24 13:20:11,235 - INFO - <epoch:  4, iter:  57,700, lr:5.000e-05> l_forw_fit: 1.7491e+00 l_msg: 3.7400e-02 
25-06-24 13:20:33.670 - INFO: <epoch:  4, iter:  57,800, lr:5.000e-05> l_forw_fit: 2.1989e+00 l_msg: 0.0000e+00 
2025-06-24 13:20:33,670 - INFO - <epoch:  4, iter:  57,800, lr:5.000e-05> l_forw_fit: 2.1989e+00 l_msg: 0.0000e+00 
25-06-24 13:20:55.978 - INFO: <epoch:  4, iter:  57,900, lr:5.000e-05> l_forw_fit: 2.6118e+00 l_msg: 5.5099e-02 
2025-06-24 13:20:55,978 - INFO - <epoch:  4, iter:  57,900, lr:5.000e-05> l_forw_fit: 2.6118e+00 l_msg: 5.5099e-02 
25-06-24 13:21:18.430 - INFO: <epoch:  4, iter:  58,000, lr:5.000e-05> l_forw_fit: 2.8576e+00 l_msg: 7.8241e-02 
2025-06-24 13:21:18,430 - INFO - <epoch:  4, iter:  58,000, lr:5.000e-05> l_forw_fit: 2.8576e+00 l_msg: 7.8241e-02 
Embed time: 0.03 seconds
Extract time: 0.01 seconds
0.0
Embed time: 0.04 seconds
Extract time: 0.01 seconds
0.0
Embed time: 0.02 seconds
Extract time: 0.01 seconds
0.046875
Embed time: 0.05 seconds
Extract time: 0.01 seconds
0.0
Embed time: 0.02 seconds
Extract time: 0.01 seconds
0.0
Embed time: 0.05 seconds
Extract time: 0.01 seconds
0.0
Embed time: 0.02 seconds
Extract time: 0.01 seconds
0.015625
Embed time: 0.03 seconds
Extract time: 0.01 seconds
0.0
Embed time: 0.02 seconds
Extract time: 0.01 seconds
0.015625
Embed time: 0.02 seconds
Extract time: 0.01 seconds
0.0
Embed time: 0.02 seconds
Extract time: 0.01 seconds
0.046875
Embed time: 0.02 seconds
Extract time: 0.01 seconds
0.0
Embed time: 0.02 seconds
Extract time: 0.02 seconds
0.015625
Embed time: 0.03 seconds
Extract time: 0.01 seconds
0.0
Embed time: 0.02 seconds
Extract time: 0.01 seconds
0.0
Embed time: 0.05 seconds
Extract time: 0.01 seconds
0.0
Embed time: 0.02 seconds
Extract time: 0.01 seconds
0.0
Embed time: 0.05 seconds
Extract time: 0.01 seconds
0.0
Embed time: 0.02 seconds
Extract time: 0.01 seconds
0.0
Embed time: 0.04 seconds
Extract time: 0.01 seconds
0.0
Embed time: 0.02 seconds
Extract time: 0.05 seconds
0.0
Embed time: 0.04 seconds
Extract time: 0.01 seconds
0.0
Embed time: 0.02 seconds
Extract time: 0.01 seconds
0.0
Embed time: 0.02 seconds
Extract time: 0.01 seconds
0.0
Embed time: 0.02 seconds
Extract time: 0.01 seconds
0.0
Embed time: 0.03 seconds
Extract time: 0.01 seconds
0.0
Embed time: 0.02 seconds
Extract time: 0.01 seconds
0.0
Embed time: 0.02 seconds
Extract time: 0.01 seconds
0.0
Embed time: 0.02 seconds
Extract time: 0.01 seconds
0.0
Embed time: 0.05 seconds
Extract time: 0.01 seconds
0.015625
Embed time: 0.02 seconds
Extract time: 0.01 seconds
0.0625
Embed time: 0.04 seconds
Extract time: 0.01 seconds
0.0
Embed time: 0.02 seconds
Extract time: 0.01 seconds
0.0
Embed time: 0.05 seconds
Extract time: 0.01 seconds
0.0
Embed time: 0.02 seconds
Extract time: 0.01 seconds
0.0
Embed time: 0.04 seconds
Extract time: 0.01 seconds
0.0
Embed time: 0.02 seconds
Extract time: 0.01 seconds
0.0
Embed time: 0.04 seconds
Extract time: 0.01 seconds
0.0
Embed time: 0.02 seconds
Extract time: 0.01 seconds
0.015625
Embed time: 0.05 seconds
Extract time: 0.01 seconds
0.03125
Embed time: 0.02 seconds
Extract time: 0.01 seconds
0.0
Embed time: 0.05 seconds
Extract time: 0.01 seconds
0.0
Embed time: 0.02 seconds
Extract time: 0.01 seconds
0.015625
Embed time: 0.05 seconds
Extract time: 0.01 seconds
0.0
Embed time: 0.02 seconds
Extract time: 0.01 seconds
0.078125
Embed time: 0.02 seconds
Extract time: 0.01 seconds
0.0
Embed time: 0.05 seconds
Extract time: 0.01 seconds
0.0
Embed time: 0.02 seconds
Extract time: 0.01 seconds
0.0
Embed time: 0.05 seconds
Extract time: 0.01 seconds
0.0
Embed time: 0.02 seconds
Extract time: 0.01 seconds
0.0
Embed time: 0.05 seconds
Extract time: 0.01 seconds
0.0
Embed time: 0.02 seconds
Extract time: 0.03 seconds
0.0
Embed time: 0.03 seconds
Extract time: 0.01 seconds
0.0
Embed time: 0.02 seconds
Extract time: 0.01 seconds
0.0
Embed time: 0.02 seconds
Extract time: 0.01 seconds
0.0625
Embed time: 0.02 seconds
Extract time: 0.01 seconds
0.0
Embed time: 0.02 seconds
Extract time: 0.01 seconds
0.046875
Embed time: 0.02 seconds
Extract time: 0.01 seconds
0.015625
Embed time: 0.02 seconds
Extract time: 0.01 seconds
0.0
Embed time: 0.04 seconds
Extract time: 0.01 seconds
0.0
Embed time: 0.02 seconds
Extract time: 0.01 seconds
0.0
Embed time: 0.04 seconds
Extract time: 0.01 seconds
0.0
Embed time: 0.02 seconds
Extract time: 0.01 seconds
0.0
Embed time: 0.02 seconds
Extract time: 0.01 seconds
0.0
Embed time: 0.02 seconds
Extract time: 0.01 seconds
0.0
Embed time: 0.05 seconds
Extract time: 0.01 seconds
0.0
Embed time: 0.02 seconds
Extract time: 0.01 seconds
0.0
Embed time: 0.05 seconds
Extract time: 0.01 seconds
0.0
Embed time: 0.02 seconds
Extract time: 0.01 seconds
0.0
Embed time: 0.02 seconds
Extract time: 0.04 seconds
0.0
Embed time: 0.02 seconds
Extract time: 0.01 seconds
0.0
Embed time: 0.04 seconds
Extract time: 0.01 seconds
0.015625
Embed time: 0.02 seconds
Extract time: 0.01 seconds
0.015625
Embed time: 0.02 seconds
Extract time: 0.01 seconds
0.0
Embed time: 0.02 seconds
Extract time: 0.01 seconds
0.0
Embed time: 0.02 seconds
Extract time: 0.01 seconds
0.0
Embed time: 0.02 seconds
Extract time: 0.04 seconds
0.0
Embed time: 0.03 seconds
Extract time: 0.01 seconds
0.0
Embed time: 0.02 seconds
Extract time: 0.01 seconds
0.0
Embed time: 0.05 seconds
Extract time: 0.01 seconds
0.0
Embed time: 0.02 seconds
Extract time: 0.01 seconds
0.015625
Embed time: 0.05 seconds
Extract time: 0.01 seconds
0.0
Embed time: 0.02 seconds
Extract time: 0.01 seconds
0.0
Embed time: 0.05 seconds
Extract time: 0.01 seconds
0.0
Embed time: 0.02 seconds
Extract time: 0.01 seconds
0.0
Embed time: 0.05 seconds
Extract time: 0.01 seconds
0.0
Embed time: 0.02 seconds
Extract time: 0.01 seconds
0.0
Embed time: 0.03 seconds
Extract time: 0.01 seconds
0.15625
Embed time: 0.02 seconds
Extract time: 0.01 seconds
0.0
Embed time: 0.02 seconds
Extract time: 0.01 seconds
0.0
Embed time: 0.01 seconds
Extract time: 0.01 seconds
0.0
Embed time: 0.03 seconds
Extract time: 0.01 seconds
0.0
Embed time: 0.01 seconds
Extract time: 0.01 seconds
0.0
Embed time: 0.01 seconds
Extract time: 0.01 seconds
0.0
Embed time: 0.01 seconds
Extract time: 0.01 seconds
0.0
Embed time: 0.05 seconds
Extract time: 0.01 seconds
0.0
Embed time: 0.01 seconds
Extract time: 0.01 seconds
0.0
Embed time: 0.05 seconds
Extract time: 0.01 seconds
0.0
Embed time: 0.01 seconds
Extract time: 0.01 seconds
0.0
Embed time: 0.01 seconds
Extract time: 0.05 seconds
0.0
25-06-24 13:21:33.919 - INFO: # Validation # PSNR_Stego: 4.0318e+01, Bit_acc:  6.8750e-03
2025-06-24 13:21:33,919 - INFO - # Validation # PSNR_Stego: 4.0318e+01, Bit_acc:  6.8750e-03
25-06-24 13:21:33.920 - INFO: <epoch:  4, iter:  58,000> PSNR_Stego: 4.0318e+01, Bit_acc:  6.8750e-03
2025-06-24 13:21:33,920 - INFO - <epoch:  4, iter:  58,000> PSNR_Stego: 4.0318e+01, Bit_acc:  6.8750e-03
25-06-24 13:21:33.920 - INFO: Saving models and training states.
2025-06-24 13:21:33,920 - INFO - Saving models and training states.
Checkpoint save path: /workspace/EditGuard-V1/experiments/train_ibsn_bit_64/models/58000_G.pth

===== Checkpoint State Path: /workspace/EditGuard-V1/experiments/train_ibsn_bit_64/training_state/58000.state =====

25-06-24 13:21:55.985 - INFO: <epoch:  4, iter:  58,100, lr:5.000e-05> l_forw_fit: 3.5468e+00 l_msg: 0.0000e+00 
2025-06-24 13:21:55,985 - INFO - <epoch:  4, iter:  58,100, lr:5.000e-05> l_forw_fit: 3.5468e+00 l_msg: 0.0000e+00 
25-06-24 13:22:18.210 - INFO: <epoch:  4, iter:  58,200, lr:5.000e-05> l_forw_fit: 2.0108e+00 l_msg: 9.7855e-03 
2025-06-24 13:22:18,210 - INFO - <epoch:  4, iter:  58,200, lr:5.000e-05> l_forw_fit: 2.0108e+00 l_msg: 9.7855e-03 
25-06-24 13:22:40.570 - INFO: <epoch:  4, iter:  58,300, lr:5.000e-05> l_forw_fit: 1.9799e+00 l_msg: 3.9062e-03 
2025-06-24 13:22:40,570 - INFO - <epoch:  4, iter:  58,300, lr:5.000e-05> l_forw_fit: 1.9799e+00 l_msg: 3.9062e-03 
25-06-24 13:23:03.037 - INFO: <epoch:  4, iter:  58,400, lr:5.000e-05> l_forw_fit: 3.1070e+00 l_msg: 3.9062e-03 
2025-06-24 13:23:03,037 - INFO - <epoch:  4, iter:  58,400, lr:5.000e-05> l_forw_fit: 3.1070e+00 l_msg: 3.9062e-03 
25-06-24 13:23:26.066 - INFO: <epoch:  4, iter:  58,500, lr:5.000e-05> l_forw_fit: 1.9107e+00 l_msg: 1.5986e-01 
2025-06-24 13:23:26,066 - INFO - <epoch:  4, iter:  58,500, lr:5.000e-05> l_forw_fit: 1.9107e+00 l_msg: 1.5986e-01 
Embed time: 0.03 seconds
Extract time: 0.01 seconds
0.0
Embed time: 0.02 seconds
Extract time: 0.01 seconds
0.0
Embed time: 0.05 seconds
Extract time: 0.01 seconds
0.015625
Embed time: 0.02 seconds
Extract time: 0.01 seconds
0.0
Embed time: 0.02 seconds
Extract time: 0.01 seconds
0.015625
Embed time: 0.02 seconds
Extract time: 0.01 seconds
0.0
Embed time: 0.02 seconds
Extract time: 0.01 seconds
0.015625
Embed time: 0.02 seconds
Extract time: 0.01 seconds
0.0
Embed time: 0.02 seconds
Extract time: 0.01 seconds
0.03125
Embed time: 0.02 seconds
Extract time: 0.01 seconds
0.0
Embed time: 0.02 seconds
Extract time: 0.01 seconds
0.0
Embed time: 0.02 seconds
Extract time: 0.01 seconds
0.0
Embed time: 0.02 seconds
Extract time: 0.01 seconds
0.0
Embed time: 0.03 seconds
Extract time: 0.01 seconds
0.03125
Embed time: 0.02 seconds
Extract time: 0.01 seconds
0.015625
Embed time: 0.02 seconds
Extract time: 0.01 seconds
0.0
Embed time: 0.02 seconds
Extract time: 0.01 seconds
0.015625
Embed time: 0.02 seconds
Extract time: 0.01 seconds
0.0
Embed time: 0.02 seconds
Extract time: 0.01 seconds
0.0
Embed time: 0.05 seconds
Extract time: 0.01 seconds
0.015625
Embed time: 0.01 seconds
Extract time: 0.01 seconds
0.0
Embed time: 0.05 seconds
Extract time: 0.01 seconds
0.109375
Embed time: 0.02 seconds
Extract time: 0.01 seconds
0.0
Embed time: 0.03 seconds
Extract time: 0.01 seconds
0.0
Embed time: 0.01 seconds
Extract time: 0.01 seconds
0.015625
Embed time: 0.05 seconds
Extract time: 0.01 seconds
0.0
Embed time: 0.02 seconds
Extract time: 0.01 seconds
0.0
Embed time: 0.01 seconds
Extract time: 0.03 seconds
0.0
Embed time: 0.01 seconds
Extract time: 0.01 seconds
0.0
Embed time: 0.01 seconds
Extract time: 0.01 seconds
0.046875
Embed time: 0.02 seconds
Extract time: 0.01 seconds
0.0
Embed time: 0.02 seconds
Extract time: 0.01 seconds
0.0
Embed time: 0.01 seconds
Extract time: 0.01 seconds
0.0
Embed time: 0.02 seconds
Extract time: 0.01 seconds
0.0
Embed time: 0.04 seconds
Extract time: 0.01 seconds
0.0
Embed time: 0.01 seconds
Extract time: 0.01 seconds
0.0
Embed time: 0.04 seconds
Extract time: 0.01 seconds
0.0
Embed time: 0.01 seconds
Extract time: 0.01 seconds
0.0
Embed time: 0.06 seconds
Extract time: 0.01 seconds
0.03125
Embed time: 0.02 seconds
Extract time: 0.01 seconds
0.0
Embed time: 0.05 seconds
Extract time: 0.01 seconds
0.0
Embed time: 0.01 seconds
Extract time: 0.01 seconds
0.0
Embed time: 0.04 seconds
Extract time: 0.01 seconds
0.09375
Embed time: 0.01 seconds
Extract time: 0.01 seconds
0.0
Embed time: 0.02 seconds
Extract time: 0.04 seconds
0.0
Embed time: 0.01 seconds
Extract time: 0.01 seconds
0.0
Embed time: 0.04 seconds
Extract time: 0.01 seconds
0.0
Embed time: 0.02 seconds
Extract time: 0.01 seconds
0.015625
Embed time: 0.04 seconds
Extract time: 0.01 seconds
0.0
Embed time: 0.01 seconds
Extract time: 0.01 seconds
0.0
Embed time: 0.04 seconds
Extract time: 0.01 seconds
0.03125
Embed time: 0.01 seconds
Extract time: 0.01 seconds
0.03125
Embed time: 0.04 seconds
Extract time: 0.01 seconds
0.0
Embed time: 0.01 seconds
Extract time: 0.01 seconds
0.0
Embed time: 0.05 seconds
Extract time: 0.01 seconds
0.0
Embed time: 0.02 seconds
Extract time: 0.01 seconds
0.046875
Embed time: 0.03 seconds
Extract time: 0.01 seconds
0.0
Embed time: 0.01 seconds
Extract time: 0.01 seconds
0.015625
Embed time: 0.04 seconds
Extract time: 0.01 seconds
0.0
Embed time: 0.01 seconds
Extract time: 0.01 seconds
0.0
Embed time: 0.01 seconds
Extract time: 0.01 seconds
0.0
Embed time: 0.01 seconds
Extract time: 0.01 seconds
0.0
Embed time: 0.01 seconds
Extract time: 0.03 seconds
0.0
Embed time: 0.01 seconds
Extract time: 0.01 seconds
0.0
Embed time: 0.04 seconds
Extract time: 0.01 seconds
0.015625
Embed time: 0.01 seconds
Extract time: 0.01 seconds
0.0
Embed time: 0.05 seconds
Extract time: 0.01 seconds
0.0
Embed time: 0.01 seconds
Extract time: 0.01 seconds
0.0
Embed time: 0.01 seconds
Extract time: 0.01 seconds
0.015625
Embed time: 0.01 seconds
Extract time: 0.01 seconds
0.0
Embed time: 0.01 seconds
Extract time: 0.01 seconds
0.0
Embed time: 0.01 seconds
Extract time: 0.01 seconds
0.0
Embed time: 0.03 seconds
Extract time: 0.01 seconds
0.0
Embed time: 0.01 seconds
Extract time: 0.01 seconds
0.015625
Embed time: 0.01 seconds
Extract time: 0.01 seconds
0.0
Embed time: 0.01 seconds
Extract time: 0.01 seconds
0.015625
Embed time: 0.03 seconds
Extract time: 0.01 seconds
0.0
Embed time: 0.01 seconds
Extract time: 0.01 seconds
0.0
Embed time: 0.04 seconds
Extract time: 0.01 seconds
0.015625
Embed time: 0.01 seconds
Extract time: 0.01 seconds
0.0
Embed time: 0.05 seconds
Extract time: 0.01 seconds
0.0
Embed time: 0.01 seconds
Extract time: 0.01 seconds
0.0
Embed time: 0.05 seconds
Extract time: 0.01 seconds
0.0
Embed time: 0.01 seconds
Extract time: 0.01 seconds
0.0
Embed time: 0.01 seconds
Extract time: 0.01 seconds
0.015625
Embed time: 0.01 seconds
Extract time: 0.01 seconds
0.0
Embed time: 0.01 seconds
Extract time: 0.01 seconds
0.0
Embed time: 0.02 seconds
Extract time: 0.01 seconds
0.171875
Embed time: 0.05 seconds
Extract time: 0.01 seconds
0.0
Embed time: 0.01 seconds
Extract time: 0.01 seconds
0.015625
Embed time: 0.01 seconds
Extract time: 0.01 seconds
0.0
Embed time: 0.03 seconds
Extract time: 0.01 seconds
0.0
Embed time: 0.01 seconds
Extract time: 0.01 seconds
0.0
Embed time: 0.03 seconds
Extract time: 0.01 seconds
0.0
Embed time: 0.02 seconds
Extract time: 0.01 seconds
0.0
Embed time: 0.05 seconds
Extract time: 0.01 seconds
0.0
Embed time: 0.01 seconds
Extract time: 0.01 seconds
0.0
Embed time: 0.04 seconds
Extract time: 0.01 seconds
0.0
Embed time: 0.01 seconds
Extract time: 0.01 seconds
0.0
Embed time: 0.05 seconds
Extract time: 0.01 seconds
0.015625
25-06-24 13:23:41.332 - INFO: # Validation # PSNR_Stego: 3.9744e+01, Bit_acc:  8.9062e-03
2025-06-24 13:23:41,332 - INFO - # Validation # PSNR_Stego: 3.9744e+01, Bit_acc:  8.9062e-03
25-06-24 13:23:41.332 - INFO: <epoch:  4, iter:  58,500> PSNR_Stego: 3.9744e+01, Bit_acc:  8.9062e-03
2025-06-24 13:23:41,332 - INFO - <epoch:  4, iter:  58,500> PSNR_Stego: 3.9744e+01, Bit_acc:  8.9062e-03
25-06-24 13:24:03.251 - INFO: <epoch:  4, iter:  58,600, lr:5.000e-05> l_forw_fit: 1.6389e+00 l_msg: 5.4767e-02 
2025-06-24 13:24:03,251 - INFO - <epoch:  4, iter:  58,600, lr:5.000e-05> l_forw_fit: 1.6389e+00 l_msg: 5.4767e-02 
25-06-24 13:24:25.897 - INFO: <epoch:  4, iter:  58,700, lr:5.000e-05> l_forw_fit: 2.1106e+00 l_msg: 1.2814e-02 
2025-06-24 13:24:25,897 - INFO - <epoch:  4, iter:  58,700, lr:5.000e-05> l_forw_fit: 2.1106e+00 l_msg: 1.2814e-02 
25-06-24 13:24:47.615 - INFO: <epoch:  4, iter:  58,800, lr:5.000e-05> l_forw_fit: 1.8707e+00 l_msg: 4.6875e-02 
2025-06-24 13:24:47,615 - INFO - <epoch:  4, iter:  58,800, lr:5.000e-05> l_forw_fit: 1.8707e+00 l_msg: 4.6875e-02 
25-06-24 13:25:10.127 - INFO: <epoch:  4, iter:  58,900, lr:5.000e-05> l_forw_fit: 1.9812e+00 l_msg: 0.0000e+00 
2025-06-24 13:25:10,127 - INFO - <epoch:  4, iter:  58,900, lr:5.000e-05> l_forw_fit: 1.9812e+00 l_msg: 0.0000e+00 
25-06-24 13:25:32.501 - INFO: <epoch:  4, iter:  59,000, lr:5.000e-05> l_forw_fit: 2.4390e+00 l_msg: 0.0000e+00 
2025-06-24 13:25:32,501 - INFO - <epoch:  4, iter:  59,000, lr:5.000e-05> l_forw_fit: 2.4390e+00 l_msg: 0.0000e+00 
Embed time: 0.03 seconds
Extract time: 0.01 seconds
0.0
Embed time: 0.02 seconds
Extract time: 0.01 seconds
0.0
Embed time: 0.03 seconds
Extract time: 0.02 seconds
0.0
Embed time: 0.02 seconds
Extract time: 0.01 seconds
0.0
Embed time: 0.05 seconds
Extract time: 0.01 seconds
0.015625
Embed time: 0.02 seconds
Extract time: 0.01 seconds
0.0
Embed time: 0.05 seconds
Extract time: 0.01 seconds
0.0
Embed time: 0.02 seconds
Extract time: 0.01 seconds
0.0
Embed time: 0.06 seconds
Extract time: 0.01 seconds
0.015625
Embed time: 0.02 seconds
Extract time: 0.01 seconds
0.0
Embed time: 0.05 seconds
Extract time: 0.01 seconds
0.0
Embed time: 0.02 seconds
Extract time: 0.01 seconds
0.0
Embed time: 0.06 seconds
Extract time: 0.01 seconds
0.0
Embed time: 0.02 seconds
Extract time: 0.01 seconds
0.0625
Embed time: 0.04 seconds
Extract time: 0.01 seconds
0.015625
Embed time: 0.02 seconds
Extract time: 0.03 seconds
0.0
Embed time: 0.04 seconds
Extract time: 0.01 seconds
0.015625
Embed time: 0.02 seconds
Extract time: 0.01 seconds
0.0
Embed time: 0.05 seconds
Extract time: 0.01 seconds
0.0
Embed time: 0.01 seconds
Extract time: 0.01 seconds
0.0
Embed time: 0.02 seconds
Extract time: 0.01 seconds
0.0
Embed time: 0.01 seconds
Extract time: 0.01 seconds
0.015625
Embed time: 0.04 seconds
Extract time: 0.01 seconds
0.0
Embed time: 0.01 seconds
Extract time: 0.01 seconds
0.0
Embed time: 0.05 seconds
Extract time: 0.01 seconds
0.0
Embed time: 0.01 seconds
Extract time: 0.01 seconds
0.0
Embed time: 0.01 seconds
Extract time: 0.01 seconds
0.0
Embed time: 0.03 seconds
Extract time: 0.01 seconds
0.0
Embed time: 0.01 seconds
Extract time: 0.05 seconds
0.0
Embed time: 0.01 seconds
Extract time: 0.01 seconds
0.0
Embed time: 0.04 seconds
Extract time: 0.01 seconds
0.0
Embed time: 0.01 seconds
Extract time: 0.01 seconds
0.0
Embed time: 0.05 seconds
Extract time: 0.01 seconds
0.0
Embed time: 0.01 seconds
Extract time: 0.01 seconds
0.0
Embed time: 0.01 seconds
Extract time: 0.01 seconds
0.0
Embed time: 0.01 seconds
Extract time: 0.01 seconds
0.0
Embed time: 0.04 seconds
Extract time: 0.01 seconds
0.0
Embed time: 0.01 seconds
Extract time: 0.01 seconds
0.0
Embed time: 0.05 seconds
Extract time: 0.01 seconds
0.0
Embed time: 0.02 seconds
Extract time: 0.01 seconds
0.0
Embed time: 0.05 seconds
Extract time: 0.01 seconds
0.0
Embed time: 0.01 seconds
Extract time: 0.01 seconds
0.0
Embed time: 0.06 seconds
Extract time: 0.01 seconds
0.015625
Embed time: 0.01 seconds
Extract time: 0.01 seconds
0.046875
Embed time: 0.05 seconds
Extract time: 0.01 seconds
0.0
Embed time: 0.01 seconds
Extract time: 0.01 seconds
0.0
Embed time: 0.04 seconds
Extract time: 0.01 seconds
0.0
Embed time: 0.01 seconds
Extract time: 0.01 seconds
0.03125
Embed time: 0.05 seconds
Extract time: 0.01 seconds
0.0
Embed time: 0.02 seconds
Extract time: 0.01 seconds
0.0
Embed time: 0.02 seconds
Extract time: 0.01 seconds
0.0
Embed time: 0.01 seconds
Extract time: 0.01 seconds
0.0
Embed time: 0.05 seconds
Extract time: 0.01 seconds
0.0
Embed time: 0.01 seconds
Extract time: 0.01 seconds
0.0
Embed time: 0.01 seconds
Extract time: 0.01 seconds
0.0
Embed time: 0.03 seconds
Extract time: 0.01 seconds
0.0625
Embed time: 0.01 seconds
Extract time: 0.01 seconds
0.0
Embed time: 0.04 seconds
Extract time: 0.01 seconds
0.0
Embed time: 0.01 seconds
Extract time: 0.01 seconds
0.0
Embed time: 0.04 seconds
Extract time: 0.01 seconds
0.0
Embed time: 0.01 seconds
Extract time: 0.01 seconds
0.0
Embed time: 0.05 seconds
Extract time: 0.01 seconds
0.0
Embed time: 0.01 seconds
Extract time: 0.01 seconds
0.03125
Embed time: 0.05 seconds
Extract time: 0.01 seconds
0.046875
Embed time: 0.01 seconds
Extract time: 0.01 seconds
0.0
Embed time: 0.01 seconds
Extract time: 0.04 seconds
0.0
Embed time: 0.01 seconds
Extract time: 0.01 seconds
0.03125
Embed time: 0.01 seconds
Extract time: 0.01 seconds
0.0
Embed time: 0.04 seconds
Extract time: 0.01 seconds
0.0
Embed time: 0.01 seconds
Extract time: 0.01 seconds
0.0
Embed time: 0.05 seconds
Extract time: 0.01 seconds
0.0
Embed time: 0.01 seconds
Extract time: 0.01 seconds
0.0
Embed time: 0.01 seconds
Extract time: 0.04 seconds
0.0
Embed time: 0.01 seconds
Extract time: 0.01 seconds
0.015625
Embed time: 0.02 seconds
Extract time: 0.01 seconds
0.0
Embed time: 0.02 seconds
Extract time: 0.01 seconds
0.0
Embed time: 0.02 seconds
Extract time: 0.05 seconds
0.0
Embed time: 0.04 seconds
Extract time: 0.01 seconds
0.0
Embed time: 0.02 seconds
Extract time: 0.01 seconds
0.0
Embed time: 0.05 seconds
Extract time: 0.01 seconds
0.0
Embed time: 0.02 seconds
Extract time: 0.01 seconds
0.0
Embed time: 0.05 seconds
Extract time: 0.01 seconds
0.0
Embed time: 0.02 seconds
Extract time: 0.01 seconds
0.0
Embed time: 0.05 seconds
Extract time: 0.01 seconds
0.0
Embed time: 0.02 seconds
Extract time: 0.01 seconds
0.0
Embed time: 0.02 seconds
Extract time: 0.02 seconds
0.0
Embed time: 0.02 seconds
Extract time: 0.01 seconds
0.0
Embed time: 0.05 seconds
Extract time: 0.01 seconds
0.078125
Embed time: 0.02 seconds
Extract time: 0.01 seconds
0.0
Embed time: 0.01 seconds
Extract time: 0.01 seconds
0.015625
Embed time: 0.02 seconds
Extract time: 0.01 seconds
0.0
Embed time: 0.05 seconds
Extract time: 0.01 seconds
0.0
Embed time: 0.02 seconds
Extract time: 0.01 seconds
0.0
Embed time: 0.05 seconds
Extract time: 0.01 seconds
0.0
Embed time: 0.02 seconds
Extract time: 0.01 seconds
0.015625
Embed time: 0.04 seconds
Extract time: 0.01 seconds
0.0
Embed time: 0.02 seconds
Extract time: 0.02 seconds
0.0
Embed time: 0.05 seconds
Extract time: 0.01 seconds
0.0
Embed time: 0.02 seconds
Extract time: 0.01 seconds
0.0
Embed time: 0.02 seconds
Extract time: 0.01 seconds
0.0
25-06-24 13:25:47.730 - INFO: # Validation # PSNR_Stego: 3.9525e+01, Bit_acc:  5.3125e-03
2025-06-24 13:25:47,730 - INFO - # Validation # PSNR_Stego: 3.9525e+01, Bit_acc:  5.3125e-03
25-06-24 13:25:47.731 - INFO: <epoch:  4, iter:  59,000> PSNR_Stego: 3.9525e+01, Bit_acc:  5.3125e-03
2025-06-24 13:25:47,731 - INFO - <epoch:  4, iter:  59,000> PSNR_Stego: 3.9525e+01, Bit_acc:  5.3125e-03
25-06-24 13:25:47.731 - INFO: Saving models and training states.
2025-06-24 13:25:47,731 - INFO - Saving models and training states.
Checkpoint save path: /workspace/EditGuard-V1/experiments/train_ibsn_bit_64/models/59000_G.pth

===== Checkpoint State Path: /workspace/EditGuard-V1/experiments/train_ibsn_bit_64/training_state/59000.state =====

25-06-24 13:26:10.231 - INFO: <epoch:  4, iter:  59,100, lr:5.000e-05> l_forw_fit: 2.2259e+00 l_msg: 0.0000e+00 
2025-06-24 13:26:10,231 - INFO - <epoch:  4, iter:  59,100, lr:5.000e-05> l_forw_fit: 2.2259e+00 l_msg: 0.0000e+00 
25-06-24 13:26:32.831 - INFO: <epoch:  4, iter:  59,200, lr:5.000e-05> l_forw_fit: 2.4849e+00 l_msg: 3.7862e-02 
2025-06-24 13:26:32,831 - INFO - <epoch:  4, iter:  59,200, lr:5.000e-05> l_forw_fit: 2.4849e+00 l_msg: 3.7862e-02 
25-06-24 13:26:54.938 - INFO: <epoch:  4, iter:  59,300, lr:5.000e-05> l_forw_fit: 2.2136e+00 l_msg: 2.0602e-02 
2025-06-24 13:26:54,938 - INFO - <epoch:  4, iter:  59,300, lr:5.000e-05> l_forw_fit: 2.2136e+00 l_msg: 2.0602e-02 
25-06-24 13:27:17.264 - INFO: <epoch:  4, iter:  59,400, lr:5.000e-05> l_forw_fit: 1.7507e+00 l_msg: 1.4820e-02 
2025-06-24 13:27:17,264 - INFO - <epoch:  4, iter:  59,400, lr:5.000e-05> l_forw_fit: 1.7507e+00 l_msg: 1.4820e-02 
25-06-24 13:27:39.550 - INFO: <epoch:  4, iter:  59,500, lr:5.000e-05> l_forw_fit: 1.8379e+00 l_msg: 0.0000e+00 
2025-06-24 13:27:39,550 - INFO - <epoch:  4, iter:  59,500, lr:5.000e-05> l_forw_fit: 1.8379e+00 l_msg: 0.0000e+00 
Embed time: 0.03 seconds
Extract time: 0.01 seconds
0.0
Embed time: 0.02 seconds
Extract time: 0.01 seconds
0.0
Embed time: 0.02 seconds
Extract time: 0.01 seconds
0.0
Embed time: 0.05 seconds
Extract time: 0.01 seconds
0.0
Embed time: 0.02 seconds
Extract time: 0.01 seconds
0.0
Embed time: 0.01 seconds
Extract time: 0.01 seconds
0.0
Embed time: 0.02 seconds
Extract time: 0.01 seconds
0.0
Embed time: 0.05 seconds
Extract time: 0.01 seconds
0.0
Embed time: 0.02 seconds
Extract time: 0.01 seconds
0.0
Embed time: 0.02 seconds
Extract time: 0.01 seconds
0.015625
Embed time: 0.02 seconds
Extract time: 0.01 seconds
0.0
Embed time: 0.02 seconds
Extract time: 0.01 seconds
0.0
Embed time: 0.02 seconds
Extract time: 0.01 seconds
0.0
Embed time: 0.02 seconds
Extract time: 0.01 seconds
0.0
Embed time: 0.03 seconds
Extract time: 0.01 seconds
0.0
Embed time: 0.02 seconds
Extract time: 0.01 seconds
0.0
Embed time: 0.05 seconds
Extract time: 0.01 seconds
0.0
Embed time: 0.02 seconds
Extract time: 0.01 seconds
0.0
Embed time: 0.02 seconds
Extract time: 0.01 seconds
0.015625
Embed time: 0.02 seconds
Extract time: 0.01 seconds
0.0
Embed time: 0.02 seconds
Extract time: 0.01 seconds
0.0
Embed time: 0.05 seconds
Extract time: 0.01 seconds
0.0
Embed time: 0.02 seconds
Extract time: 0.01 seconds
0.0
Embed time: 0.02 seconds
Extract time: 0.01 seconds
0.03125
Embed time: 0.02 seconds
Extract time: 0.01 seconds
0.0
Embed time: 0.02 seconds
Extract time: 0.05 seconds
0.0
Embed time: 0.04 seconds
Extract time: 0.01 seconds
0.0
Embed time: 0.02 seconds
Extract time: 0.01 seconds
0.0
Embed time: 0.05 seconds
Extract time: 0.01 seconds
0.0
Embed time: 0.02 seconds
Extract time: 0.01 seconds
0.0
Embed time: 0.02 seconds
Extract time: 0.01 seconds
0.046875
Embed time: 0.02 seconds
Extract time: 0.01 seconds
0.0
Embed time: 0.02 seconds
Extract time: 0.05 seconds
0.0
Embed time: 0.04 seconds
Extract time: 0.01 seconds
0.0
Embed time: 0.02 seconds
Extract time: 0.01 seconds
0.03125
Embed time: 0.05 seconds
Extract time: 0.01 seconds
0.0
Embed time: 0.02 seconds
Extract time: 0.01 seconds
0.0
Embed time: 0.05 seconds
Extract time: 0.01 seconds
0.0
Embed time: 0.02 seconds
Extract time: 0.01 seconds
0.0
Embed time: 0.02 seconds
Extract time: 0.01 seconds
0.0
Embed time: 0.02 seconds
Extract time: 0.01 seconds
0.0
Embed time: 0.01 seconds
Extract time: 0.01 seconds
0.0
Embed time: 0.02 seconds
Extract time: 0.01 seconds
0.0
Embed time: 0.01 seconds
Extract time: 0.05 seconds
0.0
Embed time: 0.03 seconds
Extract time: 0.01 seconds
0.015625
Embed time: 0.01 seconds
Extract time: 0.05 seconds
0.0
Embed time: 0.03 seconds
Extract time: 0.01 seconds
0.0
Embed time: 0.01 seconds
Extract time: 0.01 seconds
0.0
Embed time: 0.05 seconds
Extract time: 0.01 seconds
0.0
Embed time: 0.01 seconds
Extract time: 0.01 seconds
0.0
Embed time: 0.05 seconds
Extract time: 0.01 seconds
0.015625
Embed time: 0.01 seconds
Extract time: 0.01 seconds
0.0
Embed time: 0.06 seconds
Extract time: 0.01 seconds
0.0
Embed time: 0.01 seconds
Extract time: 0.01 seconds
0.0
Embed time: 0.01 seconds
Extract time: 0.01 seconds
0.125
Embed time: 0.01 seconds
Extract time: 0.01 seconds
0.0
Embed time: 0.01 seconds
Extract time: 0.01 seconds
0.0
Embed time: 0.05 seconds
Extract time: 0.01 seconds
0.0
Embed time: 0.01 seconds
Extract time: 0.01 seconds
0.0
Embed time: 0.06 seconds
Extract time: 0.01 seconds
0.0
Embed time: 0.02 seconds
Extract time: 0.01 seconds
0.0
Embed time: 0.05 seconds
Extract time: 0.01 seconds
0.015625
Embed time: 0.02 seconds
Extract time: 0.01 seconds
0.0
Embed time: 0.05 seconds
Extract time: 0.01 seconds
0.0
Embed time: 0.02 seconds
Extract time: 0.01 seconds
0.046875
Embed time: 0.05 seconds
Extract time: 0.01 seconds
0.0
Embed time: 0.02 seconds
Extract time: 0.01 seconds
0.0
Embed time: 0.05 seconds
Extract time: 0.01 seconds
0.0
Embed time: 0.02 seconds
Extract time: 0.01 seconds
0.015625
Embed time: 0.05 seconds
Extract time: 0.01 seconds
0.0
Embed time: 0.02 seconds
Extract time: 0.01 seconds
0.0
Embed time: 0.02 seconds
Extract time: 0.01 seconds
0.0
Embed time: 0.03 seconds
Extract time: 0.01 seconds
0.0625
Embed time: 0.02 seconds
Extract time: 0.01 seconds
0.015625
Embed time: 0.02 seconds
Extract time: 0.01 seconds
0.0
Embed time: 0.02 seconds
Extract time: 0.05 seconds
0.0
Embed time: 0.03 seconds
Extract time: 0.01 seconds
0.0
Embed time: 0.02 seconds
Extract time: 0.03 seconds
0.0
Embed time: 0.04 seconds
Extract time: 0.01 seconds
0.0
Embed time: 0.02 seconds
Extract time: 0.01 seconds
0.0
Embed time: 0.05 seconds
Extract time: 0.01 seconds
0.03125
Embed time: 0.02 seconds
Extract time: 0.01 seconds
0.0
Embed time: 0.02 seconds
Extract time: 0.04 seconds
0.0
Embed time: 0.02 seconds
Extract time: 0.01 seconds
0.0
Embed time: 0.02 seconds
Extract time: 0.01 seconds
0.0
Embed time: 0.02 seconds
Extract time: 0.01 seconds
0.015625
Embed time: 0.02 seconds
Extract time: 0.01 seconds
0.0
Embed time: 0.04 seconds
Extract time: 0.01 seconds
0.0
Embed time: 0.02 seconds
Extract time: 0.01 seconds
0.0
Embed time: 0.05 seconds
Extract time: 0.01 seconds
0.0
Embed time: 0.02 seconds
Extract time: 0.01 seconds
0.0
Embed time: 0.02 seconds
Extract time: 0.01 seconds
0.015625
Embed time: 0.02 seconds
Extract time: 0.01 seconds
0.0
Embed time: 0.05 seconds
Extract time: 0.01 seconds
0.0
Embed time: 0.02 seconds
Extract time: 0.01 seconds
0.0
Embed time: 0.05 seconds
Extract time: 0.01 seconds
0.0
Embed time: 0.02 seconds
Extract time: 0.01 seconds
0.0
Embed time: 0.02 seconds
Extract time: 0.01 seconds
0.0
Embed time: 0.02 seconds
Extract time: 0.01 seconds
0.0
Embed time: 0.02 seconds
Extract time: 0.01 seconds
0.0
25-06-24 13:27:54.409 - INFO: # Validation # PSNR_Stego: 4.0460e+01, Bit_acc:  5.1563e-03
2025-06-24 13:27:54,409 - INFO - # Validation # PSNR_Stego: 4.0460e+01, Bit_acc:  5.1563e-03
25-06-24 13:27:54.410 - INFO: <epoch:  4, iter:  59,500> PSNR_Stego: 4.0460e+01, Bit_acc:  5.1563e-03
2025-06-24 13:27:54,410 - INFO - <epoch:  4, iter:  59,500> PSNR_Stego: 4.0460e+01, Bit_acc:  5.1563e-03
25-06-24 13:28:16.136 - INFO: <epoch:  4, iter:  59,600, lr:5.000e-05> l_forw_fit: 3.1697e+00 l_msg: 0.0000e+00 
2025-06-24 13:28:16,136 - INFO - <epoch:  4, iter:  59,600, lr:5.000e-05> l_forw_fit: 3.1697e+00 l_msg: 0.0000e+00 
25-06-24 13:28:37.979 - INFO: <epoch:  4, iter:  59,700, lr:5.000e-05> l_forw_fit: 1.8643e+00 l_msg: 5.3409e-02 
2025-06-24 13:28:37,979 - INFO - <epoch:  4, iter:  59,700, lr:5.000e-05> l_forw_fit: 1.8643e+00 l_msg: 5.3409e-02 
25-06-24 13:29:00.513 - INFO: <epoch:  4, iter:  59,800, lr:5.000e-05> l_forw_fit: 1.9946e+00 l_msg: 1.4290e-03 
2025-06-24 13:29:00,513 - INFO - <epoch:  4, iter:  59,800, lr:5.000e-05> l_forw_fit: 1.9946e+00 l_msg: 1.4290e-03 
25-06-24 13:29:22.550 - INFO: <epoch:  4, iter:  59,900, lr:5.000e-05> l_forw_fit: 1.5421e+00 l_msg: 5.2120e-02 
2025-06-24 13:29:22,550 - INFO - <epoch:  4, iter:  59,900, lr:5.000e-05> l_forw_fit: 1.5421e+00 l_msg: 5.2120e-02 
25-06-24 13:29:44.893 - INFO: <epoch:  4, iter:  60,000, lr:5.000e-05> l_forw_fit: 2.1520e+00 l_msg: 5.6132e-03 
2025-06-24 13:29:44,893 - INFO - <epoch:  4, iter:  60,000, lr:5.000e-05> l_forw_fit: 2.1520e+00 l_msg: 5.6132e-03 
Embed time: 0.03 seconds
Extract time: 0.01 seconds
0.0
Embed time: 0.03 seconds
Extract time: 0.01 seconds
0.0
Embed time: 0.02 seconds
Extract time: 0.01 seconds
0.0
Embed time: 0.05 seconds
Extract time: 0.01 seconds
0.0
Embed time: 0.01 seconds
Extract time: 0.01 seconds
0.0
Embed time: 0.05 seconds
Extract time: 0.01 seconds
0.015625
Embed time: 0.02 seconds
Extract time: 0.01 seconds
0.0
Embed time: 0.01 seconds
Extract time: 0.05 seconds
0.0
Embed time: 0.05 seconds
Extract time: 0.01 seconds
0.0
Embed time: 0.01 seconds
Extract time: 0.01 seconds
0.0
Embed time: 0.05 seconds
Extract time: 0.01 seconds
0.0625
Embed time: 0.01 seconds
Extract time: 0.01 seconds
0.0
Embed time: 0.06 seconds
Extract time: 0.01 seconds
0.0
Embed time: 0.01 seconds
Extract time: 0.01 seconds
0.0
Embed time: 0.05 seconds
Extract time: 0.01 seconds
0.0
Embed time: 0.01 seconds
Extract time: 0.01 seconds
0.0
Embed time: 0.01 seconds
Extract time: 0.04 seconds
0.0
Embed time: 0.05 seconds
Extract time: 0.01 seconds
0.0
Embed time: 0.01 seconds
Extract time: 0.01 seconds
0.015625
Embed time: 0.01 seconds
Extract time: 0.01 seconds
0.0
Embed time: 0.01 seconds
Extract time: 0.01 seconds
0.0
Embed time: 0.01 seconds
Extract time: 0.01 seconds
0.109375
Embed time: 0.01 seconds
Extract time: 0.01 seconds
0.0
Embed time: 0.01 seconds
Extract time: 0.01 seconds
0.0
Embed time: 0.05 seconds
Extract time: 0.01 seconds
0.0
Embed time: 0.01 seconds
Extract time: 0.01 seconds
0.0
Embed time: 0.05 seconds
Extract time: 0.01 seconds
0.0
Embed time: 0.01 seconds
Extract time: 0.01 seconds
0.0
Embed time: 0.01 seconds
Extract time: 0.01 seconds
0.0
Embed time: 0.05 seconds
Extract time: 0.01 seconds
0.0
Embed time: 0.02 seconds
Extract time: 0.01 seconds
0.15625
Embed time: 0.01 seconds
Extract time: 0.01 seconds
0.0
Embed time: 0.01 seconds
Extract time: 0.01 seconds
0.0
Embed time: 0.02 seconds
Extract time: 0.01 seconds
0.0
Embed time: 0.01 seconds
Extract time: 0.01 seconds
0.0
Embed time: 0.01 seconds
Extract time: 0.01 seconds
0.0
Embed time: 0.02 seconds
Extract time: 0.01 seconds
0.0
Embed time: 0.01 seconds
Extract time: 0.01 seconds
0.0
Embed time: 0.05 seconds
Extract time: 0.01 seconds
0.015625
Embed time: 0.01 seconds
Extract time: 0.01 seconds
0.03125
Embed time: 0.01 seconds
Extract time: 0.01 seconds
0.0
Embed time: 0.03 seconds
Extract time: 0.01 seconds
0.0
Embed time: 0.01 seconds
Extract time: 0.01 seconds
0.21875
Embed time: 0.03 seconds
Extract time: 0.01 seconds
0.015625
Embed time: 0.02 seconds
Extract time: 0.01 seconds
0.0
Embed time: 0.05 seconds
Extract time: 0.01 seconds
0.0
Embed time: 0.02 seconds
Extract time: 0.01 seconds
0.0
Embed time: 0.02 seconds
Extract time: 0.01 seconds
0.0
Embed time: 0.01 seconds
Extract time: 0.01 seconds
0.0
Embed time: 0.05 seconds
Extract time: 0.01 seconds
0.0
Embed time: 0.01 seconds
Extract time: 0.01 seconds
0.0
Embed time: 0.05 seconds
Extract time: 0.01 seconds
0.0
Embed time: 0.01 seconds
Extract time: 0.01 seconds
0.0
Embed time: 0.01 seconds
Extract time: 0.01 seconds
0.0
Embed time: 0.02 seconds
Extract time: 0.01 seconds
0.0
Embed time: 0.01 seconds
Extract time: 0.01 seconds
0.015625
Embed time: 0.02 seconds
Extract time: 0.01 seconds
0.0
Embed time: 0.01 seconds
Extract time: 0.01 seconds
0.0
Embed time: 0.02 seconds
Extract time: 0.01 seconds
0.0
Embed time: 0.01 seconds
Extract time: 0.01 seconds
0.0
Embed time: 0.05 seconds
Extract time: 0.01 seconds
0.0
Embed time: 0.01 seconds
Extract time: 0.01 seconds
0.0
Embed time: 0.06 seconds
Extract time: 0.01 seconds
0.03125
Embed time: 0.01 seconds
Extract time: 0.01 seconds
0.0
Embed time: 0.05 seconds
Extract time: 0.01 seconds
0.046875
Embed time: 0.01 seconds
Extract time: 0.01 seconds
0.0
Embed time: 0.01 seconds
Extract time: 0.01 seconds
0.0
Embed time: 0.01 seconds
Extract time: 0.01 seconds
0.0
Embed time: 0.01 seconds
Extract time: 0.01 seconds
0.015625
Embed time: 0.01 seconds
Extract time: 0.01 seconds
0.0
Embed time: 0.01 seconds
Extract time: 0.01 seconds
0.0
Embed time: 0.02 seconds
Extract time: 0.01 seconds
0.03125
Embed time: 0.01 seconds
Extract time: 0.01 seconds
0.09375
Embed time: 0.02 seconds
Extract time: 0.01 seconds
0.015625
Embed time: 0.01 seconds
Extract time: 0.01 seconds
0.0
Embed time: 0.06 seconds
Extract time: 0.01 seconds
0.0
Embed time: 0.01 seconds
Extract time: 0.01 seconds
0.0
Embed time: 0.01 seconds
Extract time: 0.01 seconds
0.0
Embed time: 0.01 seconds
Extract time: 0.01 seconds
0.0
Embed time: 0.01 seconds
Extract time: 0.05 seconds
0.0
Embed time: 0.04 seconds
Extract time: 0.01 seconds
0.0
Embed time: 0.01 seconds
Extract time: 0.01 seconds
0.0
Embed time: 0.01 seconds
Extract time: 0.05 seconds
0.0
Embed time: 0.01 seconds
Extract time: 0.01 seconds
0.0
Embed time: 0.01 seconds
Extract time: 0.01 seconds
0.03125
Embed time: 0.01 seconds
Extract time: 0.01 seconds
0.0625
Embed time: 0.05 seconds
Extract time: 0.01 seconds
0.0
Embed time: 0.01 seconds
Extract time: 0.01 seconds
0.171875
Embed time: 0.04 seconds
Extract time: 0.01 seconds
0.0
Embed time: 0.01 seconds
Extract time: 0.01 seconds
0.0
Embed time: 0.05 seconds
Extract time: 0.01 seconds
0.0
Embed time: 0.01 seconds
Extract time: 0.01 seconds
0.0625
Embed time: 0.02 seconds
Extract time: 0.01 seconds
0.0
Embed time: 0.02 seconds
Extract time: 0.01 seconds
0.0
Embed time: 0.02 seconds
Extract time: 0.01 seconds
0.015625
Embed time: 0.02 seconds
Extract time: 0.01 seconds
0.0
Embed time: 0.02 seconds
Extract time: 0.01 seconds
0.015625
Embed time: 0.01 seconds
Extract time: 0.01 seconds
0.0
Embed time: 0.02 seconds
Extract time: 0.01 seconds
0.0
Embed time: 0.02 seconds
Extract time: 0.01 seconds
0.0
25-06-24 13:29:59.632 - INFO: # Validation # PSNR_Stego: 3.9913e+01, Bit_acc:  1.2500e-02
2025-06-24 13:29:59,632 - INFO - # Validation # PSNR_Stego: 3.9913e+01, Bit_acc:  1.2500e-02
25-06-24 13:29:59.632 - INFO: <epoch:  4, iter:  60,000> PSNR_Stego: 3.9913e+01, Bit_acc:  1.2500e-02
2025-06-24 13:29:59,632 - INFO - <epoch:  4, iter:  60,000> PSNR_Stego: 3.9913e+01, Bit_acc:  1.2500e-02
25-06-24 13:29:59.633 - INFO: Saving models and training states.
2025-06-24 13:29:59,633 - INFO - Saving models and training states.
Checkpoint save path: /workspace/EditGuard-V1/experiments/train_ibsn_bit_64/models/60000_G.pth

===== Checkpoint State Path: /workspace/EditGuard-V1/experiments/train_ibsn_bit_64/training_state/60000.state =====

========== Epoch: 5 ==========
Traceback (most recent call last):
  File "/usr/lib/python3.10/multiprocessing/util.py", line 300, in _run_finalizers
    finalizer()
  File "/usr/lib/python3.10/multiprocessing/util.py", line 224, in __call__
    res = self._callback(*self._args, **self._kwargs)
  File "/usr/lib/python3.10/multiprocessing/util.py", line 133, in _remove_temp_dir
    rmtree(tempdir)
  File "/usr/lib/python3.10/shutil.py", line 731, in rmtree
    onerror(os.rmdir, path, sys.exc_info())
  File "/usr/lib/python3.10/shutil.py", line 729, in rmtree
    os.rmdir(path)
OSError: [Errno 39] Directory not empty: '/tmp/pymp-o7srtk8o'
========== Epoch: 6 ==========
========== Epoch: 7 ==========
========== Epoch: 8 ==========
25-06-24 13:30:29.025 - INFO: Saving the final model.
2025-06-24 13:30:29,025 - INFO - Saving the final model.
Checkpoint save path: /workspace/EditGuard-V1/experiments/train_ibsn_bit_64/models/latest_G.pth
25-06-24 13:30:29.172 - INFO: End of training.
2025-06-24 13:30:29,172 - INFO - End of training.
